method,is_ordinary_actionable_baseline,eta,lambda_invariance,rho_anchor,n,cost,cost_lo,cost_hi,shortfall,shortfall_lo,shortfall_hi,direct_effect,direct_effect_lo,direct_effect_hi,transport,transport_lo,transport_hi,pre_recourse_mediated_prediction_disparity,pre_recourse_mediated_prediction_disparity_lo,pre_recourse_mediated_prediction_disparity_hi,pre_recourse_factual_mediated_prediction_disparity,pre_recourse_factual_mediated_prediction_disparity_lo,pre_recourse_factual_mediated_prediction_disparity_hi,post_recourse_mediated_prediction_disparity,post_recourse_mediated_prediction_disparity_lo,post_recourse_mediated_prediction_disparity_hi,outcome_wasserstein,outcome_wasserstein_lo,outcome_wasserstein_hi,feasible_rate,feasible_rate_lo,feasible_rate_hi,constraint_feasible_rate,constraint_feasible_rate_lo,constraint_feasible_rate_hi,constraint_abstention_rate,constraint_abstention_rate_lo,constraint_abstention_rate_hi,mean_absolute_gap_reduction,mean_absolute_gap_reduction_lo,mean_absolute_gap_reduction_hi,factual_mediated_prediction_disparity_closure,factual_mediated_prediction_disparity_closure_lo,factual_mediated_prediction_disparity_closure_hi,recipient_level_closure,recipient_level_closure_lo,recipient_level_closure_hi,overshoot_rate,overshoot_rate_lo,overshoot_rate_hi,overshoot_magnitude,overshoot_magnitude_lo,overshoot_magnitude_hi,factual_closure_gain_vs_actionable_baseline,factual_closure_gain_vs_actionable_baseline_lo,factual_closure_gain_vs_actionable_baseline_hi,cost_difference_vs_actionable_baseline,cost_difference_vs_actionable_baseline_lo,cost_difference_vs_actionable_baseline_hi,feasibility_difference_vs_actionable_baseline,feasibility_difference_vs_actionable_baseline_lo,feasibility_difference_vs_actionable_baseline_hi,paired_absolute_gap_gain_vs_actionable_baseline,paired_absolute_gap_gain_vs_actionable_baseline_lo,paired_absolute_gap_gain_vs_actionable_baseline_hi,is_effect_ratio_heuristic
soft_objective_recourse,False,0.0,0.0,0.0,250,0.0,0.0,0.0,0.5979147550530705,0.5674190153134677,0.6275963291211156,0.1028165245055314,0.0912624716372512,0.1158768025101666,0.7824266666666667,0.7718558333333333,0.7921805000000001,0.019147609077394007,0.016524012937396765,0.021772319299168882,0.03209276768741571,0.019818717461762083,0.043701441655767156,0.03209276768741571,0.02041264368859131,0.04372607608754008,0.10063660704283399,0.0925122683818023,0.10836520314084958,0.008,0.0,0.02,0.0,0.0,0.0,0.0,0.0,0.0,0.0,0.0,0.0,0.0,0.0,0.0,0.0,0.0,0.0,0.0,0.0,0.0,0.0,0.0,0.0,0.0,0.0,0.0,0.0,0.0,0.0,0.0,0.0,0.0,0.0,0.0,0.0,False
direct_invariance_only,False,0.0,0.5,0.0,250,0.0,0.0,0.0,0.5979147550530705,0.5674190153134677,0.6275963291211156,0.1028165245055314,0.0912624716372512,0.1158768025101666,0.7824266666666667,0.7718558333333333,0.7921805000000001,0.019147609077394007,0.016524012937396765,0.021772319299168882,0.03209276768741571,0.019818717461762083,0.043701441655767156,0.03209276768741571,0.02041264368859131,0.04372607608754008,0.10063660704283399,0.0925122683818023,0.10836520314084958,0.008,0.0,0.02,0.0,0.0,0.0,0.0,0.0,0.0,0.0,0.0,0.0,0.0,0.0,0.0,0.0,0.0,0.0,0.0,0.0,0.0,0.0,0.0,0.0,0.0,0.0,0.0,0.0,0.0,0.0,0.0,0.0,0.0,0.0,0.0,0.0,False
direct_invariance_only,False,0.0,1.0,0.0,250,0.0,0.0,0.0,0.5979147550530705,0.5674190153134677,0.6275963291211156,0.1028165245055314,0.0912624716372512,0.1158768025101666,0.7824266666666667,0.7718558333333333,0.7921805000000001,0.019147609077394007,0.016524012937396765,0.021772319299168882,0.03209276768741571,0.019818717461762083,0.043701441655767156,0.03209276768741571,0.02041264368859131,0.04372607608754008,0.10063660704283399,0.0925122683818023,0.10836520314084958,0.008,0.0,0.02,0.0,0.0,0.0,0.0,0.0,0.0,0.0,0.0,0.0,0.0,0.0,0.0,0.0,0.0,0.0,0.0,0.0,0.0,0.0,0.0,0.0,0.0,0.0,0.0,0.0,0.0,0.0,0.0,0.0,0.0,0.0,0.0,0.0,False
direct_invariance_only,False,0.0,2.0,0.0,250,0.01694782614707947,0.008473913073539735,0.028811304450035095,0.6142357705273788,0.5845311694887367,0.643455623689512,0.09292545478852438,0.08234175542700513,0.10357522313521858,0.7858793749999999,0.7757545156249999,0.795965859375,0.019147609077394007,0.016524012937396765,0.021772319299168882,0.03209276768741571,0.019818717461762083,0.043701441655767156,0.03704746987014161,0.024965725127970087,0.04929467231234507,0.10118206402489732,0.09303663485174962,0.10922614042609606,0.008,0.0,0.02,0.0,0.0,0.0,0.0,0.0,0.0,-0.00243891738916247,-0.004768508275422898,-0.00048401471557842286,-0.15438687716138455,-0.30915171830623345,-0.05858939889421952,-0.030742597182332743,-0.059511671144415815,-0.008371500743176432,0.02,0.004,0.04,0.002222050642457756,0.00016079608079883867,0.004700018721399095,-0.15438687716138455,-0.341531420929727,-0.05674590336197709,0.01694782614707947,0.008473913073539735,0.028811304450035095,0.0,0.0,0.0,-0.00243891738916247,-0.00491363610788238,-0.0005201014191184812,False
direct_invariance_only,False,0.0,5.0,0.0,250,0.13219304394721984,0.1084660873413086,0.15761478316783906,0.6956681822772345,0.6742712994776424,0.7157164855041686,0.05325810952730963,0.04904756933436617,0.05801957674368127,0.803524375,0.7945824739583331,0.8128082447916666,0.019147609077394007,0.016524012937396765,0.021772319299168882,0.03209276768741571,0.019818717461762083,0.043701441655767156,0.06357233206119778,0.05256925761835231,0.07387930141312422,0.0993910940404677,0.09150751507776277,0.10700570645366596,0.0,0.0,0.0,0.0,0.0,0.0,0.0,0.0,0.0,-0.0059069996741274566,-0.012110441763575307,0.000323254506448229,-0.9808927880696905,-1.7099657035278455,-0.5873413870133758,-0.07445783622881619,-0.15413426393660357,0.005964271787008828,0.12,0.08390000000000002,0.164,0.009647607013910998,0.005885355668859598,0.014272442311508142,-0.9808927880696905,-1.875494472622905,-0.5815107441443809,0.13219304394721984,0.1084660873413086,0.15761478316783906,-0.008,-0.02,0.0,-0.0059069996741274566,-0.012131155026998955,0.0003686887568695984,False
direct_invariance_only,False,0.0,5.654884063276899,0.0,250,0.14405652225017548,0.12032956564426422,0.16952063103616233,0.7021056338583062,0.6825024290803529,0.7212798563050372,0.05098986580091501,0.04706874015929928,0.055241998316508105,0.8035389583333333,0.7945735416666667,0.8130509270833334,0.019147609077394007,0.016524012937396765,0.021772319299168882,0.03209276768741571,0.019818717461762083,0.043701441655767156,0.06596783829084706,0.05501158765012131,0.0756519933377131,0.09895902099679475,0.09127797090781993,0.10671978555235206,0.0,0.0,0.0,0.0,0.0,0.0,0.0,0.0,0.0,-0.005453272500201699,-0.011656360453014542,0.0006367731190304866,-1.055535967897045,-1.8586784563929808,-0.6338475161219295,-0.06873859711040198,-0.1490572589990616,0.015024763201834844,0.128,0.088,0.172,0.010121452846253546,0.0063157015372744384,0.014637303444764252,-1.055535967897045,-1.9975465230880387,-0.6246153897992569,0.14405652225017548,0.12032956564426422,0.16952063103616233,-0.008,-0.02,0.0,-0.005453272500201699,-0.011680939595144,0.001300425489740879,True
soft_objective_recourse,False,1.0,0.0,0.0,250,0.14771528148651122,0.11506118643283844,0.18294931924343108,0.4256398235537141,0.38617695311923744,0.4637018407927982,0.13445384372277314,0.12286860692404868,0.14642092119496838,0.7881839583333333,0.7780576666666668,0.7982212447916666,0.019147609077394007,0.016524012937396765,0.021772319299168882,0.03209276768741571,0.019818717461762083,0.043701441655767156,-0.07354368188052474,-0.09171827575831322,-0.054442881073866405,0.14112128720181266,0.12732001242577518,0.1562748476549524,0.04,0.02,0.068,0.0,0.0,0.0,0.0,0.0,0.0,-0.03924312173094744,-0.051555756940033594,-0.028042263437838475,-1.2915967421956833,-2.581184476957511,-0.5139361180541581,-0.4946602492206815,-0.6339646089687409,-0.3615107739694252,0.236,0.184,0.292,0.07243978564944394,0.05657852778375698,0.08954808391518614,0.0,0.0,0.0,0.0,0.0,0.0,0.0,0.0,0.0,0.0,0.0,0.0,False
direct_invariance_only,False,1.0,0.5,0.0,250,0.10828205597400666,0.07990268623828888,0.1392413684129715,0.4671871724774411,0.42854748427124434,0.5036142950214799,0.1252307955965056,0.11387721924258182,0.13755996907965323,0.7875845833333334,0.776944328125,0.7968690208333333,0.019147609077394007,0.016524012937396765,0.021772319299168882,0.03209276768741571,0.019818717461762083,0.043701441655767156,-0.04921089317769194,-0.06919219248801839,-0.03146057351410268,0.13147701512432922,0.11750854443084957,0.14574166334259844,0.028,0.008,0.052,0.0,0.0,0.0,0.0,0.0,0.0,-0.03026899586430856,-0.04055468972815531,-0.020849692969457594,-0.533395114344988,-1.538186955538147,0.12390040745842851,-0.3815412326408001,-0.4908992044744535,-0.271474349203555,0.168,0.12390000000000001,0.212,0.055786328364708114,0.04031678207535756,0.07192409026344808,0.7582016278506953,0.3334205437641407,1.337663161215806,-0.039433225512504576,-0.05999722957611084,-0.018793683886528016,-0.012,-0.028,0.0,0.008974125866638885,0.0015345475864362763,0.01645839575678641,False
direct_invariance_only,False,1.0,1.0,0.0,250,0.04901891136169433,0.030959312438964843,0.07223839569091797,0.5376499749615878,0.5006243052791732,0.5747901778873385,0.11075602064827843,0.09915961829805386,0.12328052435897571,0.7863333333333332,0.7755901979166665,0.7962858125,0.019147609077394007,0.016524012937396765,0.021772319299168882,0.03209276768741571,0.019818717461762083,0.043701441655767156,-0.0037729747217172403,-0.01993326865159246,0.01420131002451378,0.11692731157768796,0.10623166036745482,0.1289344334316962,0.024,0.008,0.048,0.0,0.0,0.0,0.0,0.0,0.0,-0.01641905617164584,-0.023692530858318028,-0.009736034622624337,0.8824353586930831,0.2052368184197227,0.9913408005792178,-0.2069624958360472,-0.29748094211378306,-0.12313805185769586,0.076,0.044,0.108,0.026142399290389393,0.015674996299194294,0.038116344574595826,2.174032100888766,1.31265988169557,3.1500468118814555,-0.0986963701248169,-0.12869498491287232,-0.07199343087971212,-0.016,-0.036,-0.004,0.022824065559301603,0.013051701150855239,0.032752200317035206,False
direct_invariance_only,False,1.0,2.0,0.0,250,0.023219484329223633,0.010319770812988282,0.03869914054870605,0.57229648234531,0.5386794403501197,0.6051625812449041,0.10330514551359256,0.091880968347821,0.11596629873220457,0.7867733333333333,0.7759878802083333,0.7961257343750001,0.019147609077394007,0.016524012937396765,0.021772319299168882,0.03209276768741571,0.019818717461762083,0.043701441655767156,0.016626389228349494,0.0013847846546488432,0.031485058385999506,0.10921069492977575,0.0992424454977885,0.11912349136974534,0.008,0.0,0.02,0.0,0.0,0.0,0.0,0.0,0.0,-0.008955352767927685,-0.015100960476176758,-0.003786152079613045,0.4819272245294982,0.19172834530442168,0.8930354187118196,-0.11288238133585593,-0.1894287474619624,-0.04622219495913665,0.036,0.016,0.06,0.012210865613496947,0.005187470311347915,0.020194163869826396,1.7735239667251816,0.8946680873186151,3.547601733063375,-0.12449579715728759,-0.1597317233532667,-0.09181957310140135,-0.032,-0.056,-0.012,0.030287768963019757,0.018227371595208607,0.04241241537581392,False
direct_invariance_only,False,1.0,5.0,0.0,250,0.10102840948104859,0.07722591531276703,0.12475914296507834,0.6311072719743761,0.602180191976163,0.6599159352032901,0.06758381792399135,0.061280698196624725,0.07412250386842656,0.8015997916666666,0.7919150625,0.8109613541666667,0.019147609077394007,0.016524012937396765,0.021772319299168882,0.03209276768741571,0.019818717461762083,0.043701441655767156,0.03566104762768677,0.0228667246025181,0.04896129176252123,0.10070198951989637,0.09221442085991167,0.10945692493857584,0.0,0.0,0.0,0.0,0.0,0.0,0.0,0.0,0.0,-0.0033331696544037365,-0.009433920180403023,0.00293683150799514,-0.11118641978860122,-0.4507160497406681,0.17377692640736384,-0.0420146629324325,-0.12445296435791597,0.03428132814093332,0.08,0.048,0.11209999999999991,0.009147676111301161,0.004064509559416532,0.015115169369125115,1.180410322407082,0.5022380070314995,2.513433617733523,-0.04668687200546265,-0.09387261243462562,0.00033510649204254153,-0.04,-0.068,-0.016,0.035909952076543704,0.022123629166582174,0.04968435909692922,False
direct_invariance_only,False,1.0,5.654884063276899,0.0,250,0.119671018242836,0.09424739058315755,0.1451682950258255,0.6409486022109843,0.6117098467357952,0.669127146259204,0.06222513627404446,0.056460616510275875,0.06825279973565879,0.804158125,0.7953629270833333,0.8136138749999999,0.019147609077394007,0.016524012937396765,0.021772319299168882,0.03209276768741571,0.019818717461762083,0.043701441655767156,0.03860690652304237,0.025289273261469476,0.052214581027478564,0.1008027521112775,0.0918254583117542,0.1095723071586248,0.0,0.0,0.0,0.0,0.0,0.0,0.0,0.0,0.0,-0.00489994092918339,-0.0109014715388607,0.001647148283899365,-0.2029784061965152,-0.5689392792636805,0.07427931359922336,-0.061763842790443446,-0.14485144419270007,0.014039249646079499,0.096,0.06,0.136,0.00911966969294446,0.004492552138432442,0.01473380946639872,1.0886183359991681,0.42852865375790083,2.3374135445152957,-0.028044263243675233,-0.07518414886891842,0.020107840153574925,-0.04,-0.068,-0.016,0.03434318080176406,0.02112872974621464,0.04837813582095826,True
soft_objective_recourse,False,3.0,0.0,0.0,250,0.5624275093078613,0.5340481395721436,0.5882269363403321,0.10956588214312996,0.09351213150732537,0.12370409826126814,0.15232145532328817,0.14360483663372936,0.16106364985211422,0.8722266666666667,0.8663086927083332,0.8778297447916666,0.019147609077394007,0.016524012937396765,0.021772319299168882,0.03209276768741571,0.019818717461762083,0.043701441655767156,-0.2839014205199001,-0.2939318456034154,-0.2723606678650029,0.29020254997868133,0.2809442632875491,0.29978065112122365,0.112,0.076,0.152,0.0,0.0,0.0,0.0,0.0,0.0,-0.20456793497548145,-0.21476931904867724,-0.19396671822877634,-7.84627412895972,-12.820813648708725,-5.64347861704826,-2.5785824683190612,-2.9256896271669035,-2.2742176574811355,0.684,0.624,0.74,0.2163453092654487,0.1975030052383725,0.23483645524894342,0.0,0.0,0.0,0.0,0.0,0.0,0.0,0.0,0.0,0.0,0.0,0.0,False
direct_invariance_only,False,3.0,0.5,0.0,250,0.5675873947143555,0.5417234691143036,0.5908068790435791,0.10791347827722564,0.09273413388166445,0.12196625969306304,0.15164306525673754,0.14307747620164343,0.16051964509613303,0.87276375,0.8669453437499999,0.878335015625,0.019147609077394007,0.016524012937396765,0.021772319299168882,0.03209276768741571,0.019818717461762083,0.043701441655767156,-0.28636502342861897,-0.2964846746818432,-0.2750610817174847,0.29208642134909135,0.2830571802465852,0.30091390699034376,0.116,0.08,0.16,0.0,0.0,0.0,0.0,0.0,0.0,-0.20703153788420045,-0.21749108795559294,-0.1964231926820064,-7.92303917872777,-12.891658845680352,-5.65545413597559,-2.6096362269156064,-2.962593264933685,-2.2909794681625657,0.684,0.624,0.74,0.2163453092654487,0.1975030052383725,0.23483645524894342,-0.07676504976804921,-0.2734289893867964,0.07112890792542356,0.005159885406494141,-0.005159885406494141,0.015479656219482421,0.004,0.0,0.012,-0.002463602908718993,-0.00761567510464061,0.002616103959322835,False
direct_invariance_only,False,3.0,1.0,0.0,250,0.5727472801208496,0.5443679103851319,0.5959667644500732,0.10643128698562697,0.09132291840948492,0.12084458919548431,0.15045627386841537,0.14216262529081505,0.15938862121781527,0.874135,0.8686242656250001,0.879131203125,0.019147609077394007,0.016524012937396765,0.021772319299168882,0.03209276768741571,0.019818717461762083,0.043701441655767156,-0.289127766175607,-0.29874109776178004,-0.2787778913492617,0.29410240750015804,0.28539142131145256,0.3028680476901335,0.116,0.08,0.16,0.0,0.0,0.0,0.0,0.0,0.0,-0.20979428063118843,-0.21989581649894246,-0.19914276658349706,-8.009125326669174,-13.000390943869425,-5.726574937651177,-2.6444606485079385,-3.004816060164336,-2.323970648199359,0.684,0.624,0.74,0.2163453092654487,0.1975030052383725,0.23483645524894342,-0.162851197709454,-0.4558380105560885,0.05260719375321527,0.010319770812988282,-0.005159885406494141,0.025799427032470703,0.004,0.0,0.012,-0.005226345655706947,-0.012044110433847,0.0014364280623247073,False
direct_invariance_only,False,3.0,2.0,0.0,250,0.5779071655273438,0.552107738494873,0.6011266498565674,0.10535173853064841,0.0904335991285961,0.11993359044806723,0.1493238539063904,0.1410597526259773,0.1576584244825352,0.8754097916666667,0.870607765625,0.8802117135416667,0.019147609077394007,0.016524012937396765,0.021772319299168882,0.03209276768741571,0.019818717461762083,0.043701441655767156,-0.29122068923055905,-0.30049623654490465,-0.2804420349572267,0.29580002743218686,0.2879106629804034,0.3048045124028841,0.12,0.08390000000000002,0.164,0.0,0.0,0.0,0.0,0.0,0.0,-0.21188720368614047,-0.22164582566245034,-0.2013710030388862,-8.074340115101796,-13.080521137708843,-5.764989978411841,-2.6708419809376127,-3.035846688509635,-2.3547318883312287,0.684,0.624,0.74,0.2163453092654487,0.1975030052383725,0.23483645524894342,-0.22806598614207552,-0.5440474587381859,0.011216031895513968,0.015479656219482421,-0.0025799427032470704,0.030959312438964843,0.008,0.0,0.02,-0.007319268710659025,-0.014849555486215091,0.00038108050219724137,False
direct_invariance_only,False,3.0,5.0,0.0,250,0.6404830011129379,0.6073000934422016,0.6717747966408729,0.10668470561623954,0.09212730506386409,0.12102257795218113,0.13414930076307263,0.12660089187268864,0.1418522568609209,0.885516875,0.8810891302083333,0.8897126614583334,0.019147609077394007,0.016524012937396765,0.021772319299168882,0.03209276768741571,0.019818717461762083,0.043701441655767156,-0.275797408663008,-0.2853589119229523,-0.265710299630992,0.2815351875081781,0.27370263082057533,0.29014899416438744,0.076,0.048,0.112,0.0,0.0,0.0,0.0,0.0,0.0,-0.1964639231185894,-0.20720148567426558,-0.18519206094597931,-7.593755806581752,-12.509397329180372,-5.313717884234236,-2.4764312543483267,-2.8349609557516944,-2.1736037743710717,0.684,0.624,0.74,0.20095048227501178,0.1834036768951395,0.21794136459028096,0.2525183223779681,-0.08678356921323904,0.5881523896848563,0.0780554918050766,0.05084209231138229,0.10539862692952157,-0.036,-0.064,-0.004,0.00810401185689203,-0.0026233718260363953,0.016791849224620785,False
direct_invariance_only,False,3.0,5.654884063276899,0.0,250,0.7211740239858627,0.6878463790178299,0.7569981281250716,0.10600542849441145,0.09112222012187651,0.12001510902691324,0.11934046939196312,0.11347072214665314,0.12541122507314412,0.8950975,0.8912743125,0.8989534270833334,0.019147609077394007,0.016524012937396765,0.021772319299168882,0.03209276768741571,0.019818717461762083,0.043701441655767156,-0.2610510574553274,-0.2687864120823604,-0.253603158654869,0.26716055672736855,0.26002699525426487,0.2742663933729791,0.036,0.016,0.064,0.0,0.0,0.0,0.0,0.0,0.0,-0.1817175719109088,-0.19232292213447227,-0.17060845595640275,-7.134264392462834,-11.743043927663845,-5.005472743341752,-2.290553234411535,-2.646894626361761,-1.997459948942427,0.684,0.624,0.74,0.1858629370514532,0.16918728153790466,0.2016954442824342,0.7120097364968867,0.39507604648281464,1.146206232227777,0.1587465146780014,0.12291250333786011,0.19662738052904605,-0.076,-0.112,-0.04,0.022850363064572676,0.012083256933422968,0.03337032282176305,True
soft_objective_recourse,False,10.0,0.0,0.0,250,0.798519297361374,0.7586268804848194,0.8347451152384281,0.06643412509844426,0.056544996106702695,0.0769297633259954,0.15410285987518108,0.14607290218137356,0.1626387508801049,0.88978,0.88421040625,0.8960446302083334,0.019147609077394007,0.016524012937396765,0.021772319299168882,0.03209276768741571,0.019818717461762083,0.043701441655767156,-0.3210150150569449,-0.32624996894041114,-0.31549536505852555,0.32152582274963565,0.3164239704277759,0.3266845955534505,0.148,0.108,0.192,0.0,0.0,0.0,0.0,0.0,0.0,-0.24168152951252633,-0.24883349965148496,-0.23322199545508157,-9.002721428816564,-14.837569246564621,-6.373052877972616,-3.046399989285854,-3.4394011368963633,-2.696798619882054,0.684,0.624,0.74,0.22525211871215203,0.20598651838860946,0.24435448938506474,0.0,0.0,0.0,0.0,0.0,0.0,0.0,0.0,0.0,0.0,0.0,0.0,False
direct_invariance_only,False,10.0,0.5,0.0,250,0.798519297361374,0.7586268804848194,0.8347451152384281,0.06643412509844426,0.056544996106702695,0.0769297633259954,0.15410285987518108,0.14607290218137356,0.1626387508801049,0.88978,0.88421040625,0.8960446302083334,0.019147609077394007,0.016524012937396765,0.021772319299168882,0.03209276768741571,0.019818717461762083,0.043701441655767156,-0.3210150150569449,-0.32624996894041114,-0.31549536505852555,0.32152582274963565,0.3164239704277759,0.3266845955534505,0.148,0.108,0.192,0.0,0.0,0.0,0.0,0.0,0.0,-0.24168152951252633,-0.24883349965148496,-0.23322199545508157,-9.002721428816564,-14.837569246564621,-6.373052877972616,-3.046399989285854,-3.4394011368963633,-2.696798619882054,0.684,0.624,0.74,0.22525211871215203,0.20598651838860946,0.24435448938506474,0.0,0.0,0.0,0.0,0.0,0.0,0.0,0.0,0.0,0.0,0.0,0.0,False
direct_invariance_only,False,10.0,1.0,0.0,250,0.7993459479808808,0.7600693895399571,0.835370695477724,0.06643996365786091,0.05656207389299639,0.0769297633259954,0.15275792156180093,0.14485594437632957,0.16103806711634944,0.8907612500000001,0.8848886302083334,0.89675321875,0.019147609077394007,0.016524012937396765,0.021772319299168882,0.03209276768741571,0.019818717461762083,0.043701441655767156,-0.32273913121158615,-0.3275481149743764,-0.3172761656299568,0.32309308910908136,0.3180012070317094,0.32835134234995755,0.144,0.104,0.188,0.0,0.0,0.0,0.0,0.0,0.0,-0.2434056456671675,-0.2505859739311993,-0.23489794244794707,-9.056444316522422,-14.917268282586111,-6.41331583929722,-3.0681325041603698,-3.4602958598339453,-2.726418240868636,0.684,0.624,0.74,0.22525211871215203,0.20598651838860946,0.24435448938506474,-0.05372288770585776,-0.13386827786961178,-0.010756667027517965,0.000826650619506836,0.000206662654876709,0.001653301239013672,-0.004,-0.012,0.0,-0.0017241161546412095,-0.00349955060867931,-0.00039430722249525995,False
direct_invariance_only,False,10.0,2.0,0.0,250,0.7959563827514649,0.7550642829716205,0.832652572786808,0.06690869083858621,0.05681676784846396,0.07753803312009142,0.151993021292384,0.1441697661391833,0.16012310052080747,0.8913175,0.885669328125,0.8972765364583333,0.019147609077394007,0.016524012937396765,0.021772319299168882,0.03209276768741571,0.019818717461762083,0.043701441655767156,-0.32209635632706557,-0.32737109413948984,-0.31636295053617913,0.32267112726319536,0.3176960212994269,0.3280437594861155,0.144,0.104,0.188,0.0,0.0,0.0,0.0,0.0,0.0,-0.242762870782647,-0.2501206949044986,-0.2340881971111183,-9.036415664248452,-14.855293792737333,-6.38454621992142,-3.060030315278719,-3.45511307360536,-2.7182560362926558,0.684,0.624,0.74,0.22532921744625264,0.20608154468172563,0.2443902010555268,-0.033694235431887876,-0.11027728311808542,0.028911951253330192,-0.0025629146099090576,-0.008060587763786316,0.001239975929260254,-0.004,-0.012,0.0,-0.0010813412701206864,-0.003129203623706464,0.0008249850017988179,False
direct_invariance_only,False,10.0,5.0,0.0,250,0.8047124967575073,0.7621812752842904,0.8400469511747359,0.06760204343673314,0.057657469141416874,0.07839906600374602,0.14829235997749707,0.14074598972819288,0.1560162790248997,0.8935158333333334,0.8880605729166666,0.89939728125,0.019147609077394007,0.016524012937396765,0.021772319299168882,0.03209276768741571,0.019818717461762083,0.043701441655767156,-0.3196157037197615,-0.3249991860624469,-0.3136739719047287,0.32045413359512087,0.31512414301500885,0.3262573687544853,0.14,0.1,0.184,0.0,0.0,0.0,0.0,0.0,0.0,-0.2402822181753429,-0.24809940129607153,-0.23087699523824215,-8.959119351525732,-14.756724850093196,-6.324321069070485,-3.028761644927469,-3.431078595079346,-2.6846241688062564,0.684,0.624,0.74,0.22276784676326272,0.20408015558215523,0.24149309846174702,0.04360207729083143,-0.06744982854122825,0.14998379233061304,0.006193199396133423,-0.0054080288439989094,0.017040891736745833,-0.008,-0.02,0.0,0.0013993113371833935,-0.0018957805458531104,0.004782047368301582,False
direct_invariance_only,False,10.0,5.654884063276899,0.0,250,0.8608469896316528,0.8190660214543343,0.9005938512086868,0.06888208354906268,0.059047461756911473,0.07948848849390228,0.1352189024621001,0.1282999322718892,0.141957701039294,0.9006204166666666,0.8952547708333333,0.9062689583333333,0.019147609077394007,0.016524012937396765,0.021772319299168882,0.03209276768741571,0.019818717461762083,0.043701441655767156,-0.3032567729139329,-0.3098317951055894,-0.2958266766903212,0.3052550403122135,0.298611433783098,0.3118418892987419,0.088,0.056,0.124,0.0,0.0,0.0,0.0,0.0,0.0,-0.22392328736951428,-0.23297166333521907,-0.21423798032629426,-8.449380491818618,-13.95857113358731,-5.926672218708654,-2.8225570303997327,-3.198157411666895,-2.4998123804812002,0.684,0.624,0.74,0.2119593929048525,0.19356035108984104,0.2304213424928291,0.5533409369979463,0.35529431256514277,0.9183689435326169,0.06232769227027893,0.040272289520502096,0.08499122193157671,-0.06,-0.092,-0.032,0.017758242143012026,0.0118718125685903,0.02414299220979822,True
soft_objective_recourse,False,30.0,0.0,0.0,250,0.9197457159757614,0.8684141550540924,0.9673852344155311,0.05952401445250901,0.050348416256783136,0.06890285165167824,0.1542316234107801,0.14624706759717704,0.16288491614397058,0.89252125,0.8865394531249999,0.8987729218749999,0.019147609077394007,0.016524012937396765,0.021772319299168882,0.03209276768741571,0.019818717461762083,0.043701441655767156,-0.32514194789773354,-0.32993462850946187,-0.31977084482167695,0.3255943689224203,0.32093173121478724,0.33042257532330155,0.156,0.116,0.2,0.0,0.0,0.0,0.0,0.0,0.0,-0.24580846235331494,-0.2528668920327004,-0.2375630895240718,-9.131315287750297,-15.040182910507639,-6.467832942462808,-3.098420051337432,-3.499117852525689,-2.7432374381631526,0.684,0.624,0.74,0.2277962929971906,0.2084738159926706,0.24695925921260767,0.0,0.0,0.0,0.0,0.0,0.0,0.0,0.0,0.0,0.0,0.0,0.0,False
direct_invariance_only,False,30.0,0.5,0.0,250,0.9197457159757614,0.8684141550540924,0.9673852344155311,0.05952401445250901,0.050348416256783136,0.06890285165167824,0.1542316234107801,0.14624706759717704,0.16288491614397058,0.89252125,0.8865394531249999,0.8987729218749999,0.019147609077394007,0.016524012937396765,0.021772319299168882,0.03209276768741571,0.019818717461762083,0.043701441655767156,-0.32514194789773354,-0.32993462850946187,-0.31977084482167695,0.3255943689224203,0.32093173121478724,0.33042257532330155,0.156,0.116,0.2,0.0,0.0,0.0,0.0,0.0,0.0,-0.24580846235331494,-0.2528668920327004,-0.2375630895240718,-9.131315287750297,-15.040182910507639,-6.467832942462808,-3.098420051337432,-3.499117852525689,-2.7432374381631526,0.684,0.624,0.74,0.2277962929971906,0.2084738159926706,0.24695925921260767,0.0,0.0,0.0,0.0,0.0,0.0,0.0,0.0,0.0,0.0,0.0,0.0,False
direct_invariance_only,False,30.0,1.0,0.0,250,0.9205723665952682,0.869683139616251,0.9681878752142191,0.05953462094847973,0.05035100578825252,0.06891619364310378,0.15274353112089853,0.14507453088785816,0.16094611656899682,0.8935891666666667,0.8876417135416668,0.899475609375,0.019147609077394007,0.016524012937396765,0.021772319299168882,0.03209276768741571,0.019818717461762083,0.043701441655767156,-0.32693525707234844,-0.3315666621051753,-0.32199846174052954,0.3272308283018395,0.3226196395725098,0.3319008630955516,0.152,0.112,0.196,0.0,0.0,0.0,0.0,0.0,0.0,-0.24760177152792984,-0.25468259789274006,-0.23928714562073022,-9.187194207015903,-15.110812559169965,-6.50086472034317,-3.1210247454625986,-3.52327626557367,-2.765432197400708,0.684,0.624,0.74,0.22783088950717742,0.20854214409989458,0.24697364096391594,-0.05587891926560573,-0.1374653260917047,-0.01208325105529422,0.000826650619506836,0.000206662654876709,0.001653301239013672,-0.004,-0.012,0.0,-0.0017933091746148658,-0.003568743628652966,-0.00045798661716887337,False
direct_invariance_only,False,30.0,2.0,0.0,250,0.9259389147758484,0.8765940330743789,0.9733298342943192,0.05940135457127278,0.05023104525985698,0.06889492486431474,0.15198725825492737,0.14423305219443228,0.16013909119990175,0.8945129166666667,0.88886503125,0.9003609739583334,0.019147609077394007,0.016524012937396765,0.021772319299168882,0.03209276768741571,0.019818717461762083,0.043701441655767156,-0.32839330751869034,-0.33292944404834524,-0.32352039896553464,0.32856754530952026,0.3238869451410242,0.33316684340706915,0.152,0.112,0.196,0.0,0.0,0.0,0.0,0.0,0.0,-0.24905982197427173,-0.2558552827507281,-0.24131378915826754,-9.232626575471729,-15.24305420021394,-6.522984335324805,-3.1394034973393907,-3.5412467262110865,-2.7922605240905356,0.684,0.624,0.74,0.2278723929558325,0.20868272417858857,0.2469746785501323,-0.1013112877214315,-0.23561468717911346,-0.03283594626391662,0.006193198800086975,0.0010296094447374345,0.013726364254951478,-0.004,-0.02,0.008,-0.0032513596209567757,-0.005746680309275473,-0.0011349130087672896,False
direct_invariance_only,False,30.0,5.0,0.0,250,0.9362586860656739,0.8891307229518891,0.9834730833292008,0.05938246927558085,0.05019955521125049,0.06872708108842474,0.14965105400958123,0.14216553563435852,0.15741870653669704,0.8957660416666667,0.89039296875,0.901386921875,0.019147609077394007,0.016524012937396765,0.021772319299168882,0.03209276768741571,0.019818717461762083,0.043701441655767156,-0.3282098716116978,-0.3328757329331747,-0.32348100358818893,0.3284162272504049,0.32356321751426403,0.3333443720241513,0.152,0.112,0.196,0.0,0.0,0.0,0.0,0.0,0.0,-0.2488763860672792,-0.25537936032945596,-0.24140190983088397,-9.22691077343249,-15.303471393009957,-6.510625892360252,-3.1370912844606327,-3.5349062288808906,-2.797758444251466,0.684,0.624,0.74,0.22711215446831345,0.20777369367746873,0.246230004368574,-0.09559548568219256,-0.25946451834348205,-0.0029183987836456033,0.016512970089912416,0.006947233673930168,0.027513127011060713,-0.004,-0.02,0.008,-0.003067923713964234,-0.006336498004262854,-0.00010836606858634407,False
direct_invariance_only,False,30.0,5.654884063276899,0.0,250,0.9481221652030944,0.8997135018944741,0.9955398815631865,0.05939792905333933,0.05023772145200874,0.06870876719070682,0.14733368837501706,0.13983547571523247,0.15520454995594027,0.896705,0.8913723854166667,0.9025228697916666,0.019147609077394007,0.016524012937396765,0.021772319299168882,0.03209276768741571,0.019818717461762083,0.043701441655767156,-0.3251427590819648,-0.33017172613529044,-0.3199219378228867,0.3256531876135049,0.3210088881453658,0.33092933110245476,0.148,0.108,0.192,0.0,0.0,0.0,0.0,0.0,0.0,-0.24580927353754622,-0.25272523668148567,-0.238024112326729,-9.131340563981977,-15.116583218463584,-6.436874210819995,-3.0984302763291334,-3.49990015268629,-2.756004639110523,0.684,0.624,0.74,0.2249304509693576,0.20631553775862863,0.24344009923077733,-2.527623168013804e-05,-0.14793803688322157,0.1025386907118786,0.02837644922733307,0.014797808328270913,0.041729936873912805,-0.008,-0.024,0.004,-8.111842312665817e-07,-0.003868273099960308,0.00349165726194734,True
transport_anchor_only,False,0.0,0.0,0.1,250,0.0,0.0,0.0,0.5979147550530705,0.5674190153134677,0.6275963291211156,0.1028165245055314,0.0912624716372512,0.1158768025101666,0.7824266666666667,0.7718558333333333,0.7921805000000001,0.019147609077394007,0.016524012937396765,0.021772319299168882,0.03209276768741571,0.019818717461762083,0.043701441655767156,0.03209276768741571,0.02041264368859131,0.04372607608754008,0.10063660704283399,0.0925122683818023,0.10836520314084958,0.008,0.0,0.02,0.0,0.0,0.0,0.0,0.0,0.0,0.0,0.0,0.0,0.0,0.0,0.0,0.0,0.0,0.0,0.0,0.0,0.0,0.0,0.0,0.0,0.0,0.0,0.0,0.0,0.0,0.0,0.0,0.0,0.0,0.0,0.0,0.0,False
mediation_aware_recourse,False,0.0,0.5,0.1,250,0.0,0.0,0.0,0.5979147550530705,0.5674190153134677,0.6275963291211156,0.1028165245055314,0.0912624716372512,0.1158768025101666,0.7824266666666667,0.7718558333333333,0.7921805000000001,0.019147609077394007,0.016524012937396765,0.021772319299168882,0.03209276768741571,0.019818717461762083,0.043701441655767156,0.03209276768741571,0.02041264368859131,0.04372607608754008,0.10063660704283399,0.0925122683818023,0.10836520314084958,0.008,0.0,0.02,0.0,0.0,0.0,0.0,0.0,0.0,0.0,0.0,0.0,0.0,0.0,0.0,0.0,0.0,0.0,0.0,0.0,0.0,0.0,0.0,0.0,0.0,0.0,0.0,0.0,0.0,0.0,0.0,0.0,0.0,0.0,0.0,0.0,False
mediation_aware_recourse,False,0.0,1.0,0.1,250,0.0,0.0,0.0,0.5979147550530705,0.5674190153134677,0.6275963291211156,0.1028165245055314,0.0912624716372512,0.1158768025101666,0.7824266666666667,0.7718558333333333,0.7921805000000001,0.019147609077394007,0.016524012937396765,0.021772319299168882,0.03209276768741571,0.019818717461762083,0.043701441655767156,0.03209276768741571,0.02041264368859131,0.04372607608754008,0.10063660704283399,0.0925122683818023,0.10836520314084958,0.008,0.0,0.02,0.0,0.0,0.0,0.0,0.0,0.0,0.0,0.0,0.0,0.0,0.0,0.0,0.0,0.0,0.0,0.0,0.0,0.0,0.0,0.0,0.0,0.0,0.0,0.0,0.0,0.0,0.0,0.0,0.0,0.0,0.0,0.0,0.0,False
mediation_aware_recourse,False,0.0,2.0,0.1,250,0.01694782614707947,0.008473913073539735,0.028811304450035095,0.6142357705273788,0.5845311694887367,0.643455623689512,0.09292545478852438,0.08234175542700513,0.10357522313521858,0.7858793749999999,0.7757545156249999,0.795965859375,0.019147609077394007,0.016524012937396765,0.021772319299168882,0.03209276768741571,0.019818717461762083,0.043701441655767156,0.03704746987014161,0.024965725127970087,0.04929467231234507,0.10118206402489732,0.09303663485174962,0.10922614042609606,0.008,0.0,0.02,0.0,0.0,0.0,0.0,0.0,0.0,-0.00243891738916247,-0.004768508275422898,-0.00048401471557842286,-0.15438687716138455,-0.30915171830623345,-0.05858939889421952,-0.030742597182332743,-0.059511671144415815,-0.008371500743176432,0.02,0.004,0.04,0.002222050642457756,0.00016079608079883867,0.004700018721399095,-0.15438687716138455,-0.341531420929727,-0.05674590336197709,0.01694782614707947,0.008473913073539735,0.028811304450035095,0.0,0.0,0.0,-0.00243891738916247,-0.00491363610788238,-0.0005201014191184812,False
mediation_aware_recourse,False,0.0,5.0,0.1,250,0.1304982613325119,0.10677130472660065,0.15422521793842317,0.6950521198428996,0.6735172355424975,0.7147027160903393,0.053602152403851064,0.04920927234944091,0.05836450303195523,0.8031683333333333,0.7944515885416668,0.8123563541666667,0.019147609077394007,0.016524012937396765,0.021772319299168882,0.03209276768741571,0.019818717461762083,0.043701441655767156,0.0634363222823011,0.052444857739599136,0.07385633415920421,0.09933109762138062,0.0914490185691529,0.10692933414918268,0.0,0.0,0.0,0.0,0.0,0.0,0.0,0.0,0.0,-0.005770989895230771,-0.011969137974298003,0.00047653576245821017,-0.9766547684566296,-1.6991963050616143,-0.5841817448300008,-0.07274343054043175,-0.15050002931066792,0.007109103955038146,0.12,0.08390000000000002,0.164,0.009647607013910998,0.005885355668859598,0.014272442311508142,-0.9766547684566296,-1.8606207614613977,-0.5780500273140518,0.1304982613325119,0.10677130472660065,0.15422521793842317,-0.008,-0.02,0.0,-0.005770989895230771,-0.01199514524810227,0.000566297916051472,False
mediation_aware_recourse,False,0.0,5.654884063276899,0.1,250,0.14405652225017548,0.12032956564426422,0.16952063103616233,0.7021056338583062,0.6825024290803529,0.7212798563050372,0.05098986580091501,0.04706874015929928,0.055241998316508105,0.8035389583333333,0.7945735416666667,0.8130509270833334,0.019147609077394007,0.016524012937396765,0.021772319299168882,0.03209276768741571,0.019818717461762083,0.043701441655767156,0.06596783829084706,0.05501158765012131,0.0756519933377131,0.09895902099679475,0.09127797090781993,0.10671978555235206,0.0,0.0,0.0,0.0,0.0,0.0,0.0,0.0,0.0,-0.005453272500201699,-0.011656360453014542,0.0006367731190304866,-1.055535967897045,-1.8586784563929808,-0.6338475161219295,-0.06873859711040198,-0.1490572589990616,0.015024763201834844,0.128,0.088,0.172,0.010121452846253546,0.0063157015372744384,0.014637303444764252,-1.055535967897045,-1.9975465230880387,-0.6246153897992569,0.14405652225017548,0.12032956564426422,0.16952063103616233,-0.008,-0.02,0.0,-0.005453272500201699,-0.011680939595144,0.001300425489740879,True
transport_anchor_only,False,1.0,0.0,0.1,250,0.14167023599147796,0.10989941258728504,0.17530149238109588,0.4317790930796201,0.39232350303203284,0.4700541452475706,0.13380519538817293,0.12249823839715553,0.14606912429933794,0.7863518749999999,0.7763262083333332,0.796206859375,0.019147609077394007,0.016524012937396765,0.021772319299168882,0.03209276768741571,0.019818717461762083,0.043701441655767156,-0.06987563058110692,-0.08901659538768217,-0.051614693959306346,0.13852415561307832,0.12417491054337229,0.15327299206691575,0.04,0.02,0.068,0.0,0.0,0.0,0.0,0.0,0.0,-0.03624961038624341,-0.047473131609399775,-0.02533380517427572,-1.177301479937697,-2.439991480335226,-0.41893564019687707,-0.45692698533896325,-0.5954547058450884,-0.33142670517298467,0.228,0.176,0.28,0.06910900432738303,0.05284113848587607,0.08613702560695254,0.11429526225798625,0.0,0.2688490118521971,-0.006045045495033264,-0.013784873604774475,0.0,0.0,0.0,0.0,0.0029935113447040387,0.0,0.007070819765231099,False
mediation_aware_recourse,False,1.0,0.5,0.1,250,0.09877190768718719,0.07216285812854767,0.12869876179099082,0.47732509911825083,0.4392156505647883,0.5129539518426812,0.12428341942315375,0.11298047167494198,0.13650813434128325,0.7845664583333333,0.7745781197916668,0.794121390625,0.019147609077394007,0.016524012937396765,0.021772319299168882,0.03209276768741571,0.019818717461762083,0.043701441655767156,-0.04086304266722203,-0.059931223268505966,-0.024244805876510206,0.12667219338877958,0.11340801023144602,0.13990390324165597,0.028,0.008,0.052,0.0,0.0,0.0,0.0,0.0,0.0,-0.02458400183843553,-0.034233306349453964,-0.015325501767659037,-0.2732788603721872,-1.2052485583515342,0.3303729922995068,-0.30988178156714197,-0.42027030117124803,-0.19697056075186356,0.152,0.108,0.196,0.04876990609653663,0.035154180323235716,0.06476109860672881,1.0183178818234961,0.5929873022979175,1.6880487733961183,-0.048943373799324036,-0.07041277851462364,-0.029978374224901218,-0.012,-0.028,0.0,0.014659119892511913,0.0070064703741125655,0.02254294504412541,False
mediation_aware_recourse,False,1.0,1.0,0.1,250,0.04555380856990814,0.02749420964717865,0.06700297272205352,0.5410142226740409,0.5057905996653002,0.5759091151866117,0.1109448587140804,0.0997089022440749,0.12315628014716971,0.7837447916666666,0.7733670468749999,0.7934883645833334,0.019147609077394007,0.016524012937396765,0.021772319299168882,0.03209276768741571,0.019818717461762083,0.043701441655767156,-0.0018175181659990977,-0.018021164122006054,0.014991279407400101,0.11467583857189834,0.10394731264506711,0.12602140789381186,0.024,0.008,0.048,0.0,0.0,0.0,0.0,0.0,0.0,-0.013775794524686257,-0.02125754810192144,-0.007012149980917379,0.9433667365899455,0.33430728442576024,0.9897994547417618,-0.17364413564021763,-0.25798103996414135,-0.09116211477361602,0.072,0.044,0.1,0.02384304018905053,0.013538977245056098,0.03527343871866293,2.234963478785629,1.2904434625728605,3.2840161498728366,-0.10216147291660309,-0.1355496529340744,-0.0737618626177311,-0.016,-0.032,-0.004,0.02546732720626119,0.015867522562070652,0.035651253345812775,False
mediation_aware_recourse,False,1.0,2.0,0.1,250,0.015479656219482421,0.005159885406494141,0.028379369735717773,0.5790677677325845,0.5460412971073891,0.6110216014115721,0.10383076882498256,0.09241843238535966,0.11677331108066775,0.78488375,0.7742741614583334,0.7944696770833334,0.019147609077394007,0.016524012937396765,0.021772319299168882,0.03209276768741571,0.019818717461762083,0.043701441655767156,0.021373073495228004,0.007862519634947674,0.035277251859833755,0.1060523297948579,0.09755780918762434,0.11552935184144986,0.008,0.0,0.02,0.0,0.0,0.0,0.0,0.0,0.0,-0.0054582048370757285,-0.010340162827036046,-0.001748088425582371,0.3340221166525047,0.10077403707447836,0.6793954628349567,-0.06880076930465506,-0.13087334383028643,-0.022529830031414677,0.024,0.008,0.044,0.008088949514631716,0.0026314831601428655,0.014810071336968461,1.625618858848188,0.7505191222287461,3.290178545500958,-0.1322356252670288,-0.16658450293540955,-0.10046669030189515,-0.032,-0.056,-0.012,0.03378491689387172,0.02282546946608812,0.04494234238195501,False
mediation_aware_recourse,False,1.0,5.0,0.1,250,0.10102840948104859,0.07722591531276703,0.12475914296507834,0.6311072719743761,0.602180191976163,0.6599159352032901,0.06758381792399135,0.061280698196624725,0.07412250386842656,0.8015997916666666,0.7919150625,0.8109613541666667,0.019147609077394007,0.016524012937396765,0.021772319299168882,0.03209276768741571,0.019818717461762083,0.043701441655767156,0.03566104762768677,0.0228667246025181,0.04896129176252123,0.10070198951989637,0.09221442085991167,0.10945692493857584,0.0,0.0,0.0,0.0,0.0,0.0,0.0,0.0,0.0,-0.0033331696544037365,-0.009433920180403023,0.00293683150799514,-0.11118641978860122,-0.4507160497406681,0.17377692640736384,-0.0420146629324325,-0.12445296435791597,0.03428132814093332,0.08,0.048,0.11209999999999991,0.009147676111301161,0.004064509559416532,0.015115169369125115,1.180410322407082,0.5022380070314995,2.513433617733523,-0.04668687200546265,-0.09387261243462562,0.00033510649204254153,-0.04,-0.068,-0.016,0.035909952076543704,0.022123629166582174,0.04968435909692922,False
mediation_aware_recourse,False,1.0,5.654884063276899,0.1,250,0.11709107553958893,0.09240342128276825,0.14275400269329544,0.6432602111778508,0.6144858035703676,0.6707383225594672,0.062275657869623635,0.0567537990926171,0.06846061200025634,0.8033233333333333,0.7942651614583334,0.8129049583333333,0.019147609077394007,0.016524012937396765,0.021772319299168882,0.03209276768741571,0.019818717461762083,0.043701441655767156,0.04009317640633438,0.02778475411084433,0.05317079168298703,0.09973008384570978,0.09100547728111219,0.10809035894806439,0.0,0.0,0.0,0.0,0.0,0.0,0.0,0.0,0.0,-0.003689367368556661,-0.009328810134377072,0.0023770859260875458,-0.24929008295086397,-0.6108031342519497,0.01982806378326958,-0.04650454147121774,-0.12562419935822752,0.022339471221337157,0.092,0.056,0.132,0.007771247970985091,0.003886327045456501,0.012484117273844663,1.0423066592448194,0.3770911787942009,2.263720531145252,-0.030624205946922303,-0.07838593472540378,0.017063873708248134,-0.04,-0.068,-0.016,0.035553754362390784,0.02242893193837037,0.04914005074371905,True
transport_anchor_only,False,3.0,0.0,0.1,250,0.5624275093078613,0.5340481395721436,0.5882269363403321,0.10956588214312996,0.09351213150732537,0.12370409826126814,0.15232145532328817,0.14360483663372936,0.16106364985211422,0.8722266666666667,0.8663086927083332,0.8778297447916666,0.019147609077394007,0.016524012937396765,0.021772319299168882,0.03209276768741571,0.019818717461762083,0.043701441655767156,-0.2839014205199001,-0.2939318456034154,-0.2723606678650029,0.29020254997868133,0.2809442632875491,0.29978065112122365,0.112,0.076,0.152,0.0,0.0,0.0,0.0,0.0,0.0,-0.20456793497548145,-0.21476931904867724,-0.19396671822877634,-7.84627412895972,-12.820813648708725,-5.64347861704826,-2.5785824683190612,-2.9256896271669035,-2.2742176574811355,0.684,0.624,0.74,0.2163453092654487,0.1975030052383725,0.23483645524894342,0.0,0.0,0.0,0.0,0.0,0.0,0.0,0.0,0.0,0.0,0.0,0.0,False
mediation_aware_recourse,False,3.0,0.5,0.1,250,0.5650074520111084,0.5366280822753906,0.5908068790435791,0.10873921827972793,0.09336168699080648,0.1228163761683252,0.15187546510871458,0.14326146236219867,0.16078742038733695,0.8722070833333332,0.8663997552083332,0.8778989479166667,0.019147609077394007,0.016524012937396765,0.021772319299168882,0.03209276768741571,0.019818717461762083,0.043701441655767156,-0.2850957786985949,-0.2951832242952016,-0.2734210381417174,0.291014366225981,0.28177221291038224,0.30005001284801863,0.116,0.08,0.16,0.0,0.0,0.0,0.0,0.0,0.0,-0.20576229315417635,-0.21611506507435044,-0.19508647211065308,-7.883489933789267,-12.888294389689465,-5.640043343345811,-2.5936373744598753,-2.9421196095924147,-2.2769467776331056,0.684,0.624,0.74,0.2163453092654487,0.1975030052383725,0.23483645524894342,-0.037215804829546784,-0.19211230452933425,0.10292012839643196,0.0025799427032470704,-0.005159885406494141,0.012899713516235351,0.004,0.0,0.012,-0.0011943581786948768,-0.00598833280973286,0.00273061416268188,False
mediation_aware_recourse,False,3.0,1.0,0.1,250,0.5701673374176025,0.5417879676818848,0.5933868217468262,0.10721259990587734,0.09229979365500689,0.12178530665694504,0.15075311942296496,0.14256977559911205,0.15952205395413557,0.8735014583333331,0.8678870052083334,0.8787783854166668,0.019147609077394007,0.016524012937396765,0.021772319299168882,0.03209276768741571,0.019818717461762083,0.043701441655767156,-0.28790882216194585,-0.29771653415718846,-0.2771357860047249,0.2931426028810022,0.2842181328371368,0.3020331180667152,0.116,0.08,0.16,0.0,0.0,0.0,0.0,0.0,0.0,-0.20857533661752722,-0.21888922822151588,-0.19788397579560457,-7.9711434353741115,-12.901150696170284,-5.697504991272106,-2.629095837478948,-2.985270237095902,-2.3108602999264067,0.684,0.624,0.74,0.2163453092654487,0.1975030052383725,0.23483645524894342,-0.12486930641439109,-0.3774997963123058,0.07669363549841632,0.007739828109741211,-0.007739828109741211,0.023219484329223633,0.004,0.0,0.012,-0.00400740164204579,-0.010959616513151884,0.0023699837054195418,False
mediation_aware_recourse,False,3.0,2.0,0.1,250,0.5779071655273438,0.552107738494873,0.6011266498565674,0.10535173853064841,0.0904335991285961,0.11993359044806723,0.1493238539063904,0.1410597526259773,0.1576584244825352,0.8754097916666667,0.870607765625,0.8802117135416667,0.019147609077394007,0.016524012937396765,0.021772319299168882,0.03209276768741571,0.019818717461762083,0.043701441655767156,-0.29122068923055905,-0.30049623654490465,-0.2804420349572267,0.29580002743218686,0.2879106629804034,0.3048045124028841,0.12,0.08390000000000002,0.164,0.0,0.0,0.0,0.0,0.0,0.0,-0.21188720368614047,-0.22164582566245034,-0.2013710030388862,-8.074340115101796,-13.080521137708843,-5.764989978411841,-2.6708419809376127,-3.035846688509635,-2.3547318883312287,0.684,0.624,0.74,0.2163453092654487,0.1975030052383725,0.23483645524894342,-0.22806598614207552,-0.5440474587381859,0.011216031895513968,0.015479656219482421,-0.0025799427032470704,0.030959312438964843,0.008,0.0,0.02,-0.007319268710659025,-0.014849555486215091,0.00038108050219724137,False
mediation_aware_recourse,False,3.0,5.0,0.1,250,0.633703870177269,0.6013305850446223,0.662142605021596,0.10644372447205094,0.09195236785298526,0.12079924587257096,0.13565693127273448,0.12763912612997044,0.14352576110672596,0.884555625,0.88015296875,0.8888521145833332,0.019147609077394007,0.016524012937396765,0.021772319299168882,0.03209276768741571,0.019818717461762083,0.043701441655767156,-0.27774508721146923,-0.28719567313233696,-0.26811055264191885,0.28329840232455616,0.2753477780404736,0.2920917748008346,0.08,0.052,0.116,0.0,0.0,0.0,0.0,0.0,0.0,-0.1984116016670507,-0.2085744728103831,-0.18751054257912217,-7.6544448243514775,-12.52917044223299,-5.379704146681739,-2.5009817771836147,-2.861824175590698,-2.1979933487061145,0.684,0.624,0.74,0.20236641535145322,0.184399281971205,0.21922049176150896,0.19182930460824288,-0.17414869026649232,0.520389822192731,0.07127636086940765,0.044945734071731566,0.09774139112830162,-0.032,-0.06,-0.004,0.006156333308430751,-0.004845334364614619,0.015024178785525297,False
mediation_aware_recourse,False,3.0,5.654884063276899,0.1,250,0.716089675784111,0.6837377295464276,0.7505073276221752,0.10580540183917984,0.09099321106237528,0.11982878493208605,0.12035037913348529,0.11443045564580653,0.12639862113636657,0.8944310416666668,0.89042209375,0.8982557135416667,0.019147609077394007,0.016524012937396765,0.021772319299168882,0.03209276768741571,0.019818717461762083,0.043701441655767156,-0.26254880654586205,-0.2704341841048767,-0.2547790037323348,0.26855350269261874,0.26143244237706265,0.27553529784632086,0.04,0.02,0.068,0.0,0.0,0.0,0.0,0.0,0.0,-0.18321532100144344,-0.19411755131797254,-0.17212849844284828,-7.180933757508653,-11.874705788265883,-5.02994541880188,-2.3094323884063015,-2.667807595546878,-2.011951249576136,0.684,0.624,0.74,0.1873606861419879,0.17024849109483028,0.20328431826948298,0.6653403714510677,0.34980388639708926,1.094283753490301,0.1536621664762497,0.11796779808104038,0.19155008732676504,-0.072,-0.104,-0.04,0.021352613974038002,0.010843029219124762,0.03188311896742746,True
transport_anchor_only,False,10.0,0.0,0.1,250,0.798519297361374,0.7586268804848194,0.8347451152384281,0.06643412509844426,0.056544996106702695,0.0769297633259954,0.15410285987518108,0.14607290218137356,0.1626387508801049,0.88978,0.88421040625,0.8960446302083334,0.019147609077394007,0.016524012937396765,0.021772319299168882,0.03209276768741571,0.019818717461762083,0.043701441655767156,-0.3210150150569449,-0.32624996894041114,-0.31549536505852555,0.32152582274963565,0.3164239704277759,0.3266845955534505,0.148,0.108,0.192,0.0,0.0,0.0,0.0,0.0,0.0,-0.24168152951252633,-0.24883349965148496,-0.23322199545508157,-9.002721428816564,-14.837569246564621,-6.373052877972616,-3.046399989285854,-3.4394011368963633,-2.696798619882054,0.684,0.624,0.74,0.22525211871215203,0.20598651838860946,0.24435448938506474,0.0,0.0,0.0,0.0,0.0,0.0,0.0,0.0,0.0,0.0,0.0,0.0,False
mediation_aware_recourse,False,10.0,0.5,0.1,250,0.798519297361374,0.7586268804848194,0.8347451152384281,0.06643412509844426,0.056544996106702695,0.0769297633259954,0.15410285987518108,0.14607290218137356,0.1626387508801049,0.88978,0.88421040625,0.8960446302083334,0.019147609077394007,0.016524012937396765,0.021772319299168882,0.03209276768741571,0.019818717461762083,0.043701441655767156,-0.3210150150569449,-0.32624996894041114,-0.31549536505852555,0.32152582274963565,0.3164239704277759,0.3266845955534505,0.148,0.108,0.192,0.0,0.0,0.0,0.0,0.0,0.0,-0.24168152951252633,-0.24883349965148496,-0.23322199545508157,-9.002721428816564,-14.837569246564621,-6.373052877972616,-3.046399989285854,-3.4394011368963633,-2.696798619882054,0.684,0.624,0.74,0.22525211871215203,0.20598651838860946,0.24435448938506474,0.0,0.0,0.0,0.0,0.0,0.0,0.0,0.0,0.0,0.0,0.0,0.0,False
mediation_aware_recourse,False,10.0,1.0,0.1,250,0.7993459479808808,0.7600693895399571,0.835370695477724,0.06643996365786091,0.05656207389299639,0.0769297633259954,0.15275792156180093,0.14485594437632957,0.16103806711634944,0.8907612500000001,0.8848886302083334,0.89675321875,0.019147609077394007,0.016524012937396765,0.021772319299168882,0.03209276768741571,0.019818717461762083,0.043701441655767156,-0.32273913121158615,-0.3275481149743764,-0.3172761656299568,0.32309308910908136,0.3180012070317094,0.32835134234995755,0.144,0.104,0.188,0.0,0.0,0.0,0.0,0.0,0.0,-0.2434056456671675,-0.2505859739311993,-0.23489794244794707,-9.056444316522422,-14.917268282586111,-6.41331583929722,-3.0681325041603698,-3.4602958598339453,-2.726418240868636,0.684,0.624,0.74,0.22525211871215203,0.20598651838860946,0.24435448938506474,-0.05372288770585776,-0.13386827786961178,-0.010756667027517965,0.000826650619506836,0.000206662654876709,0.001653301239013672,-0.004,-0.012,0.0,-0.0017241161546412095,-0.00349955060867931,-0.00039430722249525995,False
mediation_aware_recourse,False,10.0,2.0,0.1,250,0.7959563827514649,0.7550642829716205,0.832652572786808,0.06690869083858621,0.05681676784846396,0.07753803312009142,0.151993021292384,0.1441697661391833,0.16012310052080747,0.8913175,0.885669328125,0.8972765364583333,0.019147609077394007,0.016524012937396765,0.021772319299168882,0.03209276768741571,0.019818717461762083,0.043701441655767156,-0.32209635632706557,-0.32737109413948984,-0.31636295053617913,0.32267112726319536,0.3176960212994269,0.3280437594861155,0.144,0.104,0.188,0.0,0.0,0.0,0.0,0.0,0.0,-0.242762870782647,-0.2501206949044986,-0.2340881971111183,-9.036415664248452,-14.855293792737333,-6.38454621992142,-3.060030315278719,-3.45511307360536,-2.7182560362926558,0.684,0.624,0.74,0.22532921744625264,0.20608154468172563,0.2443902010555268,-0.033694235431887876,-0.11027728311808542,0.028911951253330192,-0.0025629146099090576,-0.008060587763786316,0.001239975929260254,-0.004,-0.012,0.0,-0.0010813412701206864,-0.003129203623706464,0.0008249850017988179,False
mediation_aware_recourse,False,10.0,5.0,0.1,250,0.802339216709137,0.7610069215178489,0.8376312728166581,0.06787210214007189,0.057934279312339104,0.07853891670884951,0.14822868321070218,0.14071469138785386,0.1559146871308147,0.8933481249999999,0.8878905208333333,0.8991811354166667,0.019147609077394007,0.016524012937396765,0.021772319299168882,0.03209276768741571,0.019818717461762083,0.043701441655767156,-0.31951251275148956,-0.3249926161896481,-0.31362715478029213,0.32034996135489857,0.3149696959821635,0.32611204290589224,0.14,0.1,0.184,0.0,0.0,0.0,0.0,0.0,0.0,-0.24017902720707096,-0.2480705066925903,-0.23077390752537413,-8.95590395516986,-14.75659766484359,-6.319673199597973,-3.027460920932251,-3.428252187814078,-2.683433179163893,0.684,0.624,0.74,0.22276784676326272,0.20408015558215523,0.24149309846174702,0.04681747364670308,-0.06166168764238185,0.15330105630235802,0.0038199193477630616,-0.008930181911587714,0.015535670635104179,-0.008,-0.02,0.0,0.0015025023054553352,-0.0018006968398619225,0.004889943622052216,False
mediation_aware_recourse,False,10.0,5.654884063276899,0.1,250,0.8557626414299011,0.8143180760145188,0.8957161700248718,0.06881769145702182,0.0589274537074591,0.07942835582286628,0.13623826605646383,0.1292103135229161,0.14336992349983885,0.9001752083333333,0.894623375,0.9059089010416667,0.019147609077394007,0.016524012937396765,0.021772319299168882,0.03209276768741571,0.019818717461762083,0.043701441655767156,-0.3047756388511132,-0.3110957527663898,-0.2975219980242,0.30666063612158695,0.3003165669090178,0.31320417611827595,0.096,0.064,0.136,0.0,0.0,0.0,0.0,0.0,0.0,-0.22544215330669454,-0.23469451109476214,-0.21564103567473972,-8.496707850804109,-14.033444893013824,-5.965887025325551,-2.841702362623033,-3.224059640221046,-2.519830327345844,0.684,0.624,0.74,0.21347825884203275,0.19521956031351143,0.2318523137883427,0.5060135780124551,0.316841529255098,0.8558671648512137,0.05724334406852722,0.03622417569160461,0.07982987322211266,-0.052,-0.084,-0.028,0.016239376205831765,0.010495263839156213,0.022513185215220506,True
transport_anchor_only,False,30.0,0.0,0.1,250,0.9197457159757614,0.8684141550540924,0.9673852344155311,0.05952401445250901,0.050348416256783136,0.06890285165167824,0.1542316234107801,0.14624706759717704,0.16288491614397058,0.89252125,0.8865394531249999,0.8987729218749999,0.019147609077394007,0.016524012937396765,0.021772319299168882,0.03209276768741571,0.019818717461762083,0.043701441655767156,-0.32514194789773354,-0.32993462850946187,-0.31977084482167695,0.3255943689224203,0.32093173121478724,0.33042257532330155,0.156,0.116,0.2,0.0,0.0,0.0,0.0,0.0,0.0,-0.24580846235331494,-0.2528668920327004,-0.2375630895240718,-9.131315287750297,-15.040182910507639,-6.467832942462808,-3.098420051337432,-3.499117852525689,-2.7432374381631526,0.684,0.624,0.74,0.2277962929971906,0.2084738159926706,0.24695925921260767,0.0,0.0,0.0,0.0,0.0,0.0,0.0,0.0,0.0,0.0,0.0,0.0,False
mediation_aware_recourse,False,30.0,0.5,0.1,250,0.9197457159757614,0.8684141550540924,0.9673852344155311,0.05952401445250901,0.050348416256783136,0.06890285165167824,0.1542316234107801,0.14624706759717704,0.16288491614397058,0.89252125,0.8865394531249999,0.8987729218749999,0.019147609077394007,0.016524012937396765,0.021772319299168882,0.03209276768741571,0.019818717461762083,0.043701441655767156,-0.32514194789773354,-0.32993462850946187,-0.31977084482167695,0.3255943689224203,0.32093173121478724,0.33042257532330155,0.156,0.116,0.2,0.0,0.0,0.0,0.0,0.0,0.0,-0.24580846235331494,-0.2528668920327004,-0.2375630895240718,-9.131315287750297,-15.040182910507639,-6.467832942462808,-3.098420051337432,-3.499117852525689,-2.7432374381631526,0.684,0.624,0.74,0.2277962929971906,0.2084738159926706,0.24695925921260767,0.0,0.0,0.0,0.0,0.0,0.0,0.0,0.0,0.0,0.0,0.0,0.0,False
mediation_aware_recourse,False,30.0,1.0,0.1,250,0.9203657039403915,0.8693601428568363,0.9681849497437477,0.05952401445250901,0.050348416256783136,0.06890285165167824,0.15327041033934427,0.14548016801915237,0.1615961487267178,0.8931197916666668,0.88724115625,0.8993027708333333,0.019147609077394007,0.016524012937396765,0.021772319299168882,0.03209276768741571,0.019818717461762083,0.043701441655767156,-0.3264426739451927,-0.33112217838430735,-0.32142291791976574,0.32676715311083765,0.32197489821294706,0.3316514012321862,0.156,0.116,0.2,0.0,0.0,0.0,0.0,0.0,0.0,-0.2471091884007741,-0.2539626345913654,-0.23879792954605578,-9.17184548010168,-15.082093271896111,-6.489061638260449,-3.114815726360823,-3.5172771613584013,-2.7608419027323032,0.684,0.624,0.74,0.2277962929971906,0.2084738159926706,0.24695925921260767,-0.04053019235138322,-0.11206620630880218,0.0,0.000619987964630127,0.0,0.0014466385841369628,0.0,0.0,0.0,-0.0013007260474591645,-0.003011830861548624,0.0,False
mediation_aware_recourse,False,30.0,2.0,0.1,250,0.9214575266838074,0.8705583922654391,0.9691272991478443,0.05951327282180884,0.05032965766158164,0.06889484551643289,0.15256831549263905,0.14482195814617155,0.16077090094073732,0.8937452083333333,0.8877425312499999,0.8996559270833333,0.019147609077394007,0.016524012937396765,0.021772319299168882,0.03209276768741571,0.019818717461762083,0.043701441655767156,-0.3273743825177754,-0.33191012009678095,-0.3225045857322507,0.3276580983330777,0.3230813719923718,0.33234298190461264,0.156,0.116,0.2,0.0,0.0,0.0,0.0,0.0,0.0,-0.24804089697335677,-0.2552734608870335,-0.2397513920175328,-9.200877210292655,-15.15085305731217,-6.50086472034317,-3.1265599295329007,-3.5245317130211,-2.7780485083388506,0.684,0.624,0.74,0.22783088950717742,0.20854214409989458,0.24697364096391594,-0.06956192254235738,-0.1607793526242804,-0.015212247222022102,0.0017118107080459596,0.000206662654876709,0.0038954561948776247,0.0,-0.012,0.012,-0.0022324346200418084,-0.004190505772107559,-0.0004953196459110101,False
mediation_aware_recourse,False,30.0,5.0,0.1,250,0.9362586860656739,0.8891307229518891,0.9834730833292008,0.05938246927558085,0.05019955521125049,0.06872708108842474,0.14965105400958123,0.14216553563435852,0.15741870653669704,0.8957660416666667,0.89039296875,0.901386921875,0.019147609077394007,0.016524012937396765,0.021772319299168882,0.03209276768741571,0.019818717461762083,0.043701441655767156,-0.3282098716116978,-0.3328757329331747,-0.32348100358818893,0.3284162272504049,0.32356321751426403,0.3333443720241513,0.152,0.112,0.196,0.0,0.0,0.0,0.0,0.0,0.0,-0.2488763860672792,-0.25537936032945596,-0.24140190983088397,-9.22691077343249,-15.303471393009957,-6.510625892360252,-3.1370912844606327,-3.5349062288808906,-2.797758444251466,0.684,0.624,0.74,0.22711215446831345,0.20777369367746873,0.246230004368574,-0.09559548568219256,-0.25946451834348205,-0.0029183987836456033,0.016512970089912416,0.006947233673930168,0.027513127011060713,-0.004,-0.02,0.008,-0.003067923713964234,-0.006336498004262854,-0.00010836606858634407,False
mediation_aware_recourse,False,30.0,5.654884063276899,0.1,250,0.9481221652030944,0.8997135018944741,0.9955398815631865,0.05939792905333933,0.05023772145200874,0.06870876719070682,0.14733368837501706,0.13983547571523247,0.15520454995594027,0.896705,0.8913723854166667,0.9025228697916666,0.019147609077394007,0.016524012937396765,0.021772319299168882,0.03209276768741571,0.019818717461762083,0.043701441655767156,-0.3251427590819648,-0.33017172613529044,-0.3199219378228867,0.3256531876135049,0.3210088881453658,0.33092933110245476,0.148,0.108,0.192,0.0,0.0,0.0,0.0,0.0,0.0,-0.24580927353754622,-0.25272523668148567,-0.238024112326729,-9.131340563981977,-15.116583218463584,-6.436874210819995,-3.0984302763291334,-3.49990015268629,-2.756004639110523,0.684,0.624,0.74,0.2249304509693576,0.20631553775862863,0.24344009923077733,-2.527623168013804e-05,-0.14793803688322157,0.1025386907118786,0.02837644922733307,0.014797808328270913,0.041729936873912805,-0.008,-0.024,0.004,-8.111842312665817e-07,-0.003868273099960308,0.00349165726194734,True
transport_anchor_only,False,0.0,0.0,0.5,250,0.0,0.0,0.0,0.5979147550530705,0.5674190153134677,0.6275963291211156,0.1028165245055314,0.0912624716372512,0.1158768025101666,0.7824266666666667,0.7718558333333333,0.7921805000000001,0.019147609077394007,0.016524012937396765,0.021772319299168882,0.03209276768741571,0.019818717461762083,0.043701441655767156,0.03209276768741571,0.02041264368859131,0.04372607608754008,0.10063660704283399,0.0925122683818023,0.10836520314084958,0.008,0.0,0.02,0.0,0.0,0.0,0.0,0.0,0.0,0.0,0.0,0.0,0.0,0.0,0.0,0.0,0.0,0.0,0.0,0.0,0.0,0.0,0.0,0.0,0.0,0.0,0.0,0.0,0.0,0.0,0.0,0.0,0.0,0.0,0.0,0.0,False
mediation_aware_recourse,False,0.0,0.5,0.5,250,0.0,0.0,0.0,0.5979147550530705,0.5674190153134677,0.6275963291211156,0.1028165245055314,0.0912624716372512,0.1158768025101666,0.7824266666666667,0.7718558333333333,0.7921805000000001,0.019147609077394007,0.016524012937396765,0.021772319299168882,0.03209276768741571,0.019818717461762083,0.043701441655767156,0.03209276768741571,0.02041264368859131,0.04372607608754008,0.10063660704283399,0.0925122683818023,0.10836520314084958,0.008,0.0,0.02,0.0,0.0,0.0,0.0,0.0,0.0,0.0,0.0,0.0,0.0,0.0,0.0,0.0,0.0,0.0,0.0,0.0,0.0,0.0,0.0,0.0,0.0,0.0,0.0,0.0,0.0,0.0,0.0,0.0,0.0,0.0,0.0,0.0,False
mediation_aware_recourse,False,0.0,1.0,0.5,250,0.0,0.0,0.0,0.5979147550530705,0.5674190153134677,0.6275963291211156,0.1028165245055314,0.0912624716372512,0.1158768025101666,0.7824266666666667,0.7718558333333333,0.7921805000000001,0.019147609077394007,0.016524012937396765,0.021772319299168882,0.03209276768741571,0.019818717461762083,0.043701441655767156,0.03209276768741571,0.02041264368859131,0.04372607608754008,0.10063660704283399,0.0925122683818023,0.10836520314084958,0.008,0.0,0.02,0.0,0.0,0.0,0.0,0.0,0.0,0.0,0.0,0.0,0.0,0.0,0.0,0.0,0.0,0.0,0.0,0.0,0.0,0.0,0.0,0.0,0.0,0.0,0.0,0.0,0.0,0.0,0.0,0.0,0.0,0.0,0.0,0.0,False
mediation_aware_recourse,False,0.0,2.0,0.5,250,0.015253043532371521,0.006779130458831787,0.025421739220619202,0.6112817553782358,0.5805064764212939,0.6402518932168454,0.09402080334339144,0.08330540957402228,0.1050864078463488,0.7839777083333334,0.7739221458333333,0.793877109375,0.019147609077394007,0.016524012937396765,0.021772319299168882,0.03209276768741571,0.019818717461762083,0.043701441655767156,0.03528063603260786,0.02350437996126311,0.047296815516532545,0.10134116057236572,0.09300619156371939,0.10941525740813601,0.008,0.0,0.02,0.0,0.0,0.0,0.0,0.0,0.0,-0.0021894887322165997,-0.0042165129064572525,-0.0004639931139007811,-0.099332920620685,-0.20898502614500977,-0.03514887786386772,-0.02759854451359889,-0.05178410548966247,-0.007295943168178916,0.008,0.0,0.02,0.0007134523656747563,0.0,0.0019856834733178183,-0.099332920620685,-0.20011716160363613,-0.032225857997156986,0.015253043532371521,0.006779130458831787,0.025421739220619202,0.0,0.0,0.0,-0.0021894887322165997,-0.00445329857659742,-0.00047422191108352003,False
mediation_aware_recourse,False,0.0,5.0,0.5,250,0.1338878265619278,0.11016086995601654,0.15930956578254699,0.6967545591961227,0.6751676175596087,0.7168591769840704,0.053035779259218846,0.04879971876994715,0.05759659865299587,0.8015981249999999,0.7927945260416667,0.8110465,0.019147609077394007,0.016524012937396765,0.021772319299168882,0.03209276768741571,0.019818717461762083,0.043701441655767156,0.0640043553865965,0.05307371365528419,0.07433712199508725,0.09955195596028628,0.09180007096488378,0.10739369612032752,0.0,0.0,0.0,0.0,0.0,0.0,0.0,0.0,0.0,-0.005995918649310668,-0.012215642334355365,0.00028870905739759173,-0.9943544916412441,-1.7390468146709577,-0.5914147525725075,-0.07557866149664583,-0.15912127787655114,0.008024095694013744,0.12,0.08,0.16,0.009676761443652832,0.005902929748699013,0.014240687970463689,-0.9943544916412441,-1.8703133423338012,-0.5890608161034357,0.1338878265619278,0.11016086995601654,0.15930956578254699,-0.008,-0.02,0.0,-0.005995918649310668,-0.012330418327856515,0.0002447249967590032,False
mediation_aware_recourse,False,0.0,5.654884063276899,0.5,250,0.1457513048648834,0.12202434825897217,0.17117304408550263,0.7013852174879652,0.6805505215301788,0.721039786662562,0.0508570142927368,0.04688044741450527,0.05531522998730049,0.8012299999999999,0.7923674583333333,0.81030171875,0.019147609077394007,0.016524012937396765,0.021772319299168882,0.03209276768741571,0.019818717461762083,0.043701441655767156,0.06554120435158749,0.05456216507836365,0.07547795515728664,0.09913429665506716,0.09130031548369198,0.10692107841620829,0.0,0.0,0.0,0.0,0.0,0.0,0.0,0.0,0.0,-0.005576051378791329,-0.012009918287802412,0.000882521638082668,-1.042242195810605,-1.8213267127235788,-0.6269539716026648,-0.07028622706447618,-0.1527395045896949,0.013430118810184905,0.124,0.084,0.168,0.009708515784697287,0.005966438430787921,0.014272442311508142,-1.042242195810605,-1.976761793067596,-0.6204471667626633,0.1457513048648834,0.12202434825897217,0.17117304408550263,-0.008,-0.02,0.0,-0.005576051378791329,-0.011849765439811349,0.0012210937944094492,True
transport_anchor_only,False,1.0,0.0,0.5,250,0.12942906987667083,0.10031561517715454,0.16031284475326538,0.4459424205115834,0.40943460977852075,0.48261344276806234,0.13367768765168211,0.12183998911933099,0.14666072175383463,0.7787777083333333,0.7692268072916666,0.7884592083333333,0.019147609077394007,0.016524012937396765,0.021772319299168882,0.03209276768741571,0.019818717461762083,0.043701441655767156,-0.05524944565610265,-0.07413794372199482,-0.03900400681858476,0.12782068558843446,0.11432427413092047,0.1405494841832626,0.032,0.012,0.056,0.0,0.0,0.0,0.0,0.0,0.0,-0.022838455499813344,-0.03329516605340511,-0.013007256886167422,-0.7215544073429103,-1.7969871434961306,-0.07853743911527515,-0.28787913884139327,-0.413076094976306,-0.16567553560071552,0.208,0.16,0.26,0.055090334421665846,0.04021648880662526,0.07148530003913076,0.570042334852773,0.26519007314460696,0.9881165299571607,-0.018286211609840394,-0.03216308646202087,-0.004501338005065918,-0.008,-0.02,0.0,0.016404666231134096,0.008590067592986495,0.0247795498110689,False
mediation_aware_recourse,False,1.0,0.5,0.5,250,0.08918622183799743,0.06434749245643616,0.11749005401134491,0.4892518227498555,0.4532252514696259,0.5267561488427426,0.1234705356461022,0.11160431773976869,0.1359801666414977,0.7779643749999999,0.7682474479166667,0.7874492291666667,0.019147609077394007,0.016524012937396765,0.021772319299168882,0.03209276768741571,0.019818717461762083,0.043701441655767156,-0.0307218908724568,-0.047319769864951185,-0.014980371191632147,0.11969899634289331,0.10814579733710462,0.13240285314088301,0.032,0.012,0.056,0.0,0.0,0.0,0.0,0.0,0.0,-0.016041329622575037,-0.025184068033422293,-0.007269676761025361,0.04271606700647579,-0.797488381658789,0.6233033666261986,-0.20220124594920952,-0.31678611749594643,-0.09723608695346003,0.14,0.1,0.184,0.03942799409122377,0.02663991960801626,0.05355518867084039,1.3343128092021592,0.8463915517497875,2.0460667033791298,-0.05852905964851379,-0.08184432210326195,-0.03788951802253723,-0.008,-0.02,0.0,0.023201792108372407,0.014360713209152135,0.03284966868616377,False
mediation_aware_recourse,False,1.0,1.0,0.5,250,0.04886783623695373,0.02999861478805542,0.07024335126578807,0.5365253118519128,0.5009271827038317,0.5725369970782054,0.11408611401221258,0.1024713333852118,0.12623050664542157,0.7782712499999999,0.76818928125,0.7883179635416667,0.019147609077394007,0.016524012937396765,0.021772319299168882,0.03209276768741571,0.019818717461762083,0.043701441655767156,-0.0023450421344561466,-0.01651355925875901,0.011996961026717197,0.1105510775484147,0.10020146357205723,0.12093649499009107,0.02,0.004,0.04,0.0,0.0,0.0,0.0,0.0,0.0,-0.008086460912115989,-0.01500294655400651,-0.0015406556604317721,0.926929264646262,0.31853271268627636,0.995132617197651,-0.10192998399885522,-0.1945063554171752,-0.021741804011849174,0.08,0.048,0.116,0.021262135366993923,0.011874811338879092,0.03233977332485112,2.2185260068419455,1.3174226732540675,3.3581974500183462,-0.09884744524955749,-0.12892159759998323,-0.07304801821708679,-0.02,-0.04,-0.004,0.031156660818831453,0.02065182475718405,0.04254266327173973,False
mediation_aware_recourse,False,1.0,2.0,0.5,250,0.007739828109741211,0.0,0.018059598922729493,0.5880848519564645,0.5562055449609384,0.619387697649048,0.10348526469350668,0.09188750930158038,0.11616640582204854,0.7828808333333334,0.7723114791666668,0.79259021875,0.019147609077394007,0.016524012937396765,0.021772319299168882,0.03209276768741571,0.019818717461762083,0.043701441655767156,0.02683035203154151,0.013868861409725701,0.039259680793776494,0.10305481646622928,0.09470659090187239,0.11159091671248736,0.008,0.0,0.02,0.0,0.0,0.0,0.0,0.0,0.0,-0.0024195386619581356,-0.00555800315591831,0.0,0.16397512695477834,0.0,0.42338389592921727,-0.03049832798035146,-0.06961891628306194,0.0,0.012,0.0,0.028,0.0038409771589161656,0.0,0.009034388089416074,1.4555718691504618,0.6415945791576285,3.0402397994472694,-0.13997545337677003,-0.17439986860752105,-0.10813098084926605,-0.032,-0.056,-0.012,0.03682358306898931,0.025789772938994454,0.04865645860171767,False
mediation_aware_recourse,False,1.0,5.0,0.5,250,0.08400504577159881,0.06359211683273315,0.10611275732517242,0.6242458678219496,0.5953268242492002,0.6530401182821747,0.07273370690259395,0.06565530654609819,0.08006764682376596,0.7953554166666666,0.78556746875,0.8049777395833333,0.019147609077394007,0.016524012937396765,0.021772319299168882,0.03209276768741571,0.019818717461762083,0.043701441655767156,0.03373646734215022,0.02121185362480762,0.04655133517399789,0.10040456158046789,0.09190755850612825,0.10943103164073449,0.008,0.0,0.02,0.0,0.0,0.0,0.0,0.0,0.0,-0.002524156220704553,-0.007057784528598505,0.0016805234505318373,-0.05121713623281665,-0.2972305535554637,0.1625128778341041,-0.03181703417394033,-0.08977531245147227,0.022355100192245656,0.068,0.036,0.1,0.006597004596777831,0.0028376934245855513,0.010887058878266577,1.2403796059628667,0.5387684128386965,2.6604374208933916,-0.06371023571491241,-0.10815227150917053,-0.018456688955426216,-0.032,-0.056,-0.012,0.03671896551024289,0.023757869887928797,0.04988644606959019,False
mediation_aware_recourse,False,1.0,5.654884063276899,0.5,250,0.11112156760692596,0.08739461100101471,0.13494619077742098,0.6420909412111134,0.6146017602059043,0.6689822378404048,0.06363908563296083,0.05774860117027339,0.06973035710528656,0.800666875,0.7909890572916666,0.810336046875,0.019147609077394007,0.016524012937396765,0.021772319299168882,0.03209276768741571,0.019818717461762083,0.043701441655767156,0.04029805540056636,0.02856109331970639,0.052976210999825205,0.09896144647000195,0.09052861756924216,0.10702608894439543,0.0,0.0,0.0,0.0,0.0,0.0,0.0,0.0,0.0,-0.0022298830077638683,-0.007646081983172348,0.0033038530587614096,-0.25567404447850484,-0.6125288382764129,-0.006385888748467124,-0.028107715077202222,-0.0993570903342142,0.037827128365517604,0.096,0.06,0.136,0.00800055037472334,0.0039247702909268505,0.012646116659072535,1.0359226977171785,0.3864993905882277,2.2603707461766356,-0.036593713879585266,-0.08450085246562958,0.010522154304385169,-0.04,-0.068,-0.016,0.03701323872318358,0.02386946581874994,0.0506023205731352,True
transport_anchor_only,False,3.0,0.0,0.5,250,0.5528418234586716,0.5235570530712604,0.5796221887052059,0.11308329816895592,0.0981218209986789,0.12709883141851747,0.1543310842266847,0.14537298896475284,0.16323647369242839,0.8687945833333334,0.8627346458333333,0.8750758020833332,0.019147609077394007,0.016524012937396765,0.021772319299168882,0.03209276768741571,0.019818717461762083,0.043701441655767156,-0.2775763069606226,-0.28820351001384964,-0.26627501768575057,0.2848458162968717,0.27552708328791503,0.2946907480626529,0.108,0.072,0.148,0.0,0.0,0.0,0.0,0.0,0.0,-0.19824282141620392,-0.2090034418069649,-0.18742764398447104,-7.649185687698305,-12.292515532771318,-5.5095562103362115,-2.4988542991119225,-2.8427050222279884,-2.1997357984247294,0.684,0.624,0.74,0.21393789712848582,0.1950744001062479,0.23209510406545977,0.19708844126141578,0.024579202426534913,0.4622213769912878,-0.009585685849189758,-0.020866154313087464,0.0007359734028577787,-0.004,-0.012,0.0,0.006325113559277523,0.0007492034990592345,0.012280438223169913,False
mediation_aware_recourse,False,3.0,0.5,0.5,250,0.5624275093078613,0.5340481395721436,0.5882269363403321,0.10958910983464448,0.09392922915163723,0.12360067183127103,0.15208389295222477,0.14344363704335547,0.16096660604315605,0.8718912499999999,0.8659541562499999,0.8775633125000001,0.019147609077394007,0.016524012937396765,0.021772319299168882,0.03209276768741571,0.019818717461762083,0.043701441655767156,-0.28375507062323335,-0.29386552713094394,-0.2723909387455424,0.2901208203978791,0.28077701186243764,0.2997194766370776,0.112,0.076,0.152,0.0,0.0,0.0,0.0,0.0,0.0,-0.2044215850788147,-0.2148012325826071,-0.19377594433137885,-7.841713914705464,-12.75778791319997,-5.635451893882632,-2.576737725261796,-2.925706593153481,-2.2685627066066445,0.684,0.624,0.74,0.2163453092654487,0.1975030052383725,0.23483645524894342,0.004560214254256678,-0.10378613348244094,0.12655216840259023,0.0,-0.007739828109741211,0.007739828109741211,0.0,0.0,0.0,0.0001463498966667305,-0.0034851062489840608,0.003924155938984252,False
mediation_aware_recourse,False,3.0,1.0,0.5,250,0.5624275093078613,0.5340481395721436,0.5882269363403321,0.10968050540996115,0.09446785142482575,0.12375922806417763,0.15138935232327377,0.14301652449778016,0.16049829331572002,0.8722622916666667,0.8664093854166667,0.8779017083333334,0.019147609077394007,0.016524012937396765,0.021772319299168882,0.03209276768741571,0.019818717461762083,0.043701441655767156,-0.2842263223555255,-0.2942335081462833,-0.27315302115059265,0.29028134019585106,0.28099160889265434,0.29957886108066933,0.116,0.08,0.16,0.0,0.0,0.0,0.0,0.0,0.0,-0.2048928368111069,-0.2153615289916739,-0.1939419583535934,-7.85639796242868,-12.806029604384003,-5.6391148849873085,-2.582677861750924,-2.9295084855712568,-2.2769467776331056,0.684,0.624,0.74,0.2163453092654487,0.1975030052383725,0.23483645524894342,-0.010123833468959731,-0.17319684201834518,0.1498336876674674,0.0,-0.010319770812988282,0.010319770812988282,0.004,0.0,0.012,-0.00032490183562543495,-0.005183826309079508,0.0043550166454617185,False
mediation_aware_recourse,False,3.0,2.0,0.5,250,0.5701673374176025,0.5417879676818848,0.5933868217468262,0.10744457093475589,0.09297861463589899,0.12204862126334935,0.15030553957895898,0.1420517119161999,0.1591275943808001,0.8736868749999999,0.8681120364583335,0.8789732916666666,0.019147609077394007,0.016524012937396765,0.021772319299168882,0.03209276768741571,0.019818717461762083,0.043701441655767156,-0.2877911836778127,-0.29765309889557956,-0.27749119644755804,0.29322629471779577,0.2846771048171763,0.30216753113832123,0.116,0.08,0.16,0.0,0.0,0.0,0.0,0.0,0.0,-0.20845769813339407,-0.2183773414430919,-0.19771362464601303,-7.967477859214432,-12.944300038341455,-5.693105170949405,-2.627613002288664,-2.9832113564230323,-2.314453127162736,0.684,0.624,0.74,0.2163453092654487,0.1975030052383725,0.23483645524894342,-0.12120373025471132,-0.42039952197078817,0.10461468563103467,0.007739828109741211,-0.007739828109741211,0.023219484329223633,0.004,0.0,0.012,-0.0038897631579126167,-0.01140884050888869,0.003076885548515801,False
mediation_aware_recourse,False,3.0,5.0,0.5,250,0.6113139574527741,0.5788572900205851,0.6407209098607302,0.10993585674122587,0.09561357677148875,0.12516186380387787,0.1383373760150167,0.130460618547753,0.14627350910603495,0.8802037500000001,0.8749051770833333,0.8848152604166668,0.019147609077394007,0.016524012937396765,0.021772319299168882,0.03209276768741571,0.019818717461762083,0.043701441655767156,-0.27618386119361654,-0.28603909576981423,-0.2656408743965307,0.2825006068760707,0.2740779888997005,0.29138156131198073,0.088,0.06,0.124,0.0,0.0,0.0,0.0,0.0,0.0,-0.196850375649198,-0.20705143290082076,-0.18538279898424206,-7.605797539297752,-12.456358781523134,-5.3680509907469505,-2.4813024953880536,-2.8323271198779594,-2.1740974549328844,0.684,0.624,0.74,0.20482193343942562,0.18699379933106322,0.22271361707878842,0.24047658966196828,-0.0845542440752931,0.5870882972152567,0.04888644814491272,0.025267388114333152,0.0747462000399828,-0.024,-0.052,0.004,0.007717559326283486,-0.0023487829069082167,0.01723494599837136,False
mediation_aware_recourse,False,3.0,5.654884063276899,0.5,250,0.67151651263237,0.6388814019471407,0.7056387790471316,0.1117527800161793,0.09703961972263113,0.12612859273409596,0.1253977186385814,0.11870631541767988,0.13185896628321297,0.8884718749999999,0.883993390625,0.8927852083333333,0.019147609077394007,0.016524012937396765,0.021772319299168882,0.03209276768741571,0.019818717461762083,0.043701441655767156,-0.262169023812845,-0.2722709691138092,-0.2533348249221288,0.2692216718914569,0.2610103244720394,0.277776826232416,0.056,0.032,0.088,0.0,0.0,0.0,0.0,0.0,0.0,-0.18283553826842638,-0.19386120627957248,-0.17129118227149226,-7.169099853474069,-11.848814369680323,-5.044868273321098,-2.3046452202841547,-2.6440991335513933,-1.9947425943233035,0.684,0.624,0.74,0.1922397081524296,0.1752701754448459,0.20835422612189947,0.6771742754856511,0.3798184579525085,1.176701151271363,0.10908900332450867,0.0772254937916994,0.1425360502064228,-0.056,-0.084,-0.024,0.021732396707055065,0.01119148224004045,0.032131592279352764,True
transport_anchor_only,False,10.0,0.0,0.5,250,0.7961460173130035,0.7577852983444928,0.8333125793904066,0.06667887974601205,0.0565728882515245,0.07713723701786354,0.15412930161333202,0.14612512461422167,0.16269031226949923,0.889625625,0.8839370833333334,0.8958937760416666,0.019147609077394007,0.016524012937396765,0.021772319299168882,0.03209276768741571,0.019818717461762083,0.043701441655767156,-0.3208653405737631,-0.32609853868666194,-0.31541763962698016,0.32137614826645383,0.3162706218268344,0.3266142502497174,0.148,0.108,0.192,0.0,0.0,0.0,0.0,0.0,0.0,-0.24153185502934446,-0.248823104246497,-0.2330806432321047,-8.998057621548844,-14.83719135290931,-6.362210751162655,-3.0445133397562802,-3.437309805957316,-2.695125759836644,0.684,0.624,0.74,0.22510244422897016,0.2058368439054276,0.2440089608038788,0.004663807267720088,0.0,0.017509840276315677,-0.0023732800483703613,-0.007119840145111084,0.0,0.0,0.0,0.0,0.00014967448318186572,0.0,0.00044902344954559715,False
mediation_aware_recourse,False,10.0,0.5,0.5,250,0.798519297361374,0.7586268804848194,0.8347451152384281,0.06643412509844426,0.056544996106702695,0.0769297633259954,0.15410285987518108,0.14607290218137356,0.1626387508801049,0.88978,0.88421040625,0.8960446302083334,0.019147609077394007,0.016524012937396765,0.021772319299168882,0.03209276768741571,0.019818717461762083,0.043701441655767156,-0.3210150150569449,-0.32624996894041114,-0.31549536505852555,0.32152582274963565,0.3164239704277759,0.3266845955534505,0.148,0.108,0.192,0.0,0.0,0.0,0.0,0.0,0.0,-0.24168152951252633,-0.24883349965148496,-0.23322199545508157,-9.002721428816564,-14.837569246564621,-6.373052877972616,-3.046399989285854,-3.4394011368963633,-2.696798619882054,0.684,0.624,0.74,0.22525211871215203,0.20598651838860946,0.24435448938506474,0.0,0.0,0.0,0.0,0.0,0.0,0.0,0.0,0.0,0.0,0.0,0.0,False
mediation_aware_recourse,False,10.0,1.0,0.5,250,0.7989326226711273,0.759444235008955,0.8349466113269329,0.06644171146633909,0.05655239281540013,0.07692995298519277,0.15341060232502146,0.1454654201064518,0.1618162021332863,0.8900410416666668,0.8843373645833332,0.8961101249999999,0.019147609077394007,0.016524012937396765,0.021772319299168882,0.03209276768741571,0.019818717461762083,0.043701441655767156,-0.321883618577555,-0.3269880003691593,-0.3162906614355262,0.3223175489061909,0.31722988298045146,0.32793982524631216,0.148,0.108,0.192,0.0,0.0,0.0,0.0,0.0,0.0,-0.24255013303313638,-0.2497223843780798,-0.2338674562177745,-9.02978682651209,-14.880857017113108,-6.39306604324018,-3.057348752152497,-3.448409348241232,-2.7135295990572144,0.684,0.624,0.74,0.22528078948837468,0.20598651838860946,0.24435448938506474,-0.027065397695526627,-0.08309624018159223,0.0,0.000413325309753418,0.0,0.0010333132743835449,0.0,0.0,0.0,-0.0008686035206100731,-0.0021320804517947615,0.0,False
mediation_aware_recourse,False,10.0,2.0,0.5,250,0.7993459479808808,0.7600693895399571,0.835370695477724,0.0664754414598676,0.05659853056678446,0.07693065027104556,0.15251826817811906,0.144503333311546,0.16077523567932162,0.8907572916666667,0.8848653125,0.8967312708333334,0.019147609077394007,0.016524012937396765,0.021772319299168882,0.03209276768741571,0.019818717461762083,0.043701441655767156,-0.32284121900242374,-0.3276615054352508,-0.31743649256471285,0.32319517689991895,0.31815171393204006,0.32842968536194617,0.144,0.104,0.188,0.0,0.0,0.0,0.0,0.0,0.0,-0.2435077334580051,-0.2507425838136343,-0.23501055472344007,-9.059625338235225,-14.921402757601598,-6.415110080581462,-3.0694193225843556,-3.4613986378006127,-2.726721653250803,0.684,0.624,0.74,0.22532921744625264,0.20608154468172563,0.2443902010555268,-0.056903909418661414,-0.13819225499067578,-0.012853272463497756,0.000826650619506836,0.000206662654876709,0.001653301239013672,-0.004,-0.012,0.0,-0.0018262039454788185,-0.00361029250918908,-0.00047426729345271103,False
mediation_aware_recourse,False,10.0,5.0,0.5,250,0.7938653030395508,0.750991479563713,0.8285260010123253,0.06778510764221542,0.05782112180826621,0.0784865833828621,0.15017477940482332,0.1423716745824828,0.15815159175897534,0.8923516666666667,0.8867074166666666,0.8982469270833333,0.019147609077394007,0.016524012937396765,0.021772319299168882,0.03209276768741571,0.019818717461762083,0.043701441655767156,-0.32199326173004167,-0.32755536205862257,-0.3160570491669408,0.3226808162131697,0.31751604732757127,0.3281337042491559,0.144,0.104,0.188,0.0,0.0,0.0,0.0,0.0,0.0,-0.24265977618562312,-0.25037799700173813,-0.23407330633478288,-9.033203270788714,-14.856469921403345,-6.380454967098138,-3.0587308060448004,-3.459294694350239,-2.711777441044976,0.684,0.624,0.74,0.22478683042640416,0.2056243488261345,0.2435540002654602,-0.030481841972150647,-0.12757283657416243,0.042313911897070386,-0.00465399432182312,-0.015446989604830742,0.0043857820361852635,-0.004,-0.012,0.0,-0.0009782466730968082,-0.003566749106412912,0.0014402352902516723,False
mediation_aware_recourse,False,10.0,5.654884063276899,0.5,250,0.8396244368553162,0.7981784087061882,0.8769947402477265,0.06858428431604607,0.058668428296507084,0.07914657459699276,0.1396426990606253,0.13230706468180742,0.14719873645020426,0.8980085416666665,0.892473890625,0.9037889270833332,0.019147609077394007,0.016524012937396765,0.021772319299168882,0.03209276768741571,0.019818717461762083,0.043701441655767156,-0.3083416675443599,-0.3145814994732767,-0.3016382741277798,0.3099373369407034,0.3040448735276463,0.3163547561183002,0.104,0.072,0.144,0.0,0.0,0.0,0.0,0.0,0.0,-0.22900818199994125,-0.23794564817456348,-0.21935535125059344,-8.607824122481887,-14.276120199540992,-6.036214381863165,-2.8866522178925345,-3.2791896451097378,-2.5564674661938223,0.684,0.624,0.74,0.21514185495150043,0.19703237078452013,0.23331817721746612,0.394897306334677,0.23047010194353496,0.6898443826072223,0.04110513949394226,0.02246064145565033,0.05937186704277993,-0.044,-0.072,-0.02,0.012673347512585042,0.0075884775272118165,0.018481780559577367,True
transport_anchor_only,False,30.0,0.0,0.5,250,0.9227219561338424,0.8739641021043062,0.9701146911710501,0.059427142148975105,0.05024166310498561,0.06876163535128217,0.1550722175406248,0.14708184982017958,0.1633535975150365,0.8922458333333333,0.8861752395833333,0.8985063958333334,0.019147609077394007,0.016524012937396765,0.021772319299168882,0.03209276768741571,0.019818717461762083,0.043701441655767156,-0.3246079979504119,-0.3293963915666593,-0.31946655633443755,0.3251203815866422,0.3203159849371,0.32992873860469774,0.164,0.12390000000000001,0.208,0.0,0.0,0.0,0.0,0.0,0.0,-0.24527451240599332,-0.252601704156033,-0.23716916462664925,-9.114677584435883,-14.99267877255522,-6.464608628268187,-3.091689602729793,-3.486929532816378,-2.733627477364194,0.684,0.624,0.74,0.2277962929971906,0.2084738159926706,0.24695925921260767,0.016637703314414054,0.0,0.049039444754557855,0.0029762401580810545,0.0,0.007440600395202637,0.008,0.0,0.02,0.0005339499473216169,0.0,0.0013785062528515084,False
mediation_aware_recourse,False,30.0,0.5,0.5,250,0.9197457159757614,0.8684141550540924,0.9673852344155311,0.05952401445250901,0.050348416256783136,0.06890285165167824,0.1542316234107801,0.14624706759717704,0.16288491614397058,0.89252125,0.8865394531249999,0.8987729218749999,0.019147609077394007,0.016524012937396765,0.021772319299168882,0.03209276768741571,0.019818717461762083,0.043701441655767156,-0.32514194789773354,-0.32993462850946187,-0.31977084482167695,0.3255943689224203,0.32093173121478724,0.33042257532330155,0.156,0.116,0.2,0.0,0.0,0.0,0.0,0.0,0.0,-0.24580846235331494,-0.2528668920327004,-0.2375630895240718,-9.131315287750297,-15.040182910507639,-6.467832942462808,-3.098420051337432,-3.499117852525689,-2.7432374381631526,0.684,0.624,0.74,0.2277962929971906,0.2084738159926706,0.24695925921260767,0.0,0.0,0.0,0.0,0.0,0.0,0.0,0.0,0.0,0.0,0.0,0.0,False
mediation_aware_recourse,False,30.0,1.0,0.5,250,0.9201590412855148,0.8689468175470829,0.9681797831773757,0.05952401445250901,0.050348416256783136,0.06890285165167824,0.1536042937809606,0.1458137448354478,0.16198766755812843,0.8928256250000001,0.8869945208333333,0.8989343645833332,0.019147609077394007,0.016524012937396765,0.021772319299168882,0.03209276768741571,0.019818717461762083,0.043701441655767156,-0.32598188064212097,-0.3308761507082883,-0.32063201640774974,0.3263574243027528,0.3216629669706113,0.3311760414108039,0.156,0.116,0.2,0.0,0.0,0.0,0.0,0.0,0.0,-0.24664839509770234,-0.2535018412882937,-0.2382560904733676,-9.157487313565223,-15.082093271896111,-6.483551210829481,-3.1090074185585177,-3.51091422308779,-2.7567999701839816,0.684,0.624,0.74,0.2277962929971906,0.2084738159926706,0.24695925921260767,-0.02617202581492606,-0.08217775884668832,0.0,0.000413325309753418,0.0,0.0010333132743835449,0.0,0.0,0.0,-0.0008399327443874105,-0.0021254910106669714,0.0,False
mediation_aware_recourse,False,30.0,2.0,0.5,250,0.9214575266838074,0.8705583922654391,0.9691272991478443,0.05951327282180884,0.05032965766158164,0.06889484551643289,0.15256831549263905,0.14482195814617155,0.16077090094073732,0.8937452083333333,0.8877425312499999,0.8996559270833333,0.019147609077394007,0.016524012937396765,0.021772319299168882,0.03209276768741571,0.019818717461762083,0.043701441655767156,-0.3273743825177754,-0.33191012009678095,-0.3225045857322507,0.3276580983330777,0.3230813719923718,0.33234298190461264,0.156,0.116,0.2,0.0,0.0,0.0,0.0,0.0,0.0,-0.24804089697335677,-0.2552734608870335,-0.2397513920175328,-9.200877210292655,-15.15085305731217,-6.50086472034317,-3.1265599295329007,-3.5245317130211,-2.7780485083388506,0.684,0.624,0.74,0.22783088950717742,0.20854214409989458,0.24697364096391594,-0.06956192254235738,-0.1607793526242804,-0.015212247222022102,0.0017118107080459596,0.000206662654876709,0.0038954561948776247,0.0,-0.012,0.012,-0.0022324346200418084,-0.004190505772107559,-0.0004953196459110101,False
mediation_aware_recourse,False,30.0,5.0,0.5,250,0.9345639033317565,0.8858009151816367,0.982969219839573,0.059392103295951314,0.0502089483811117,0.06872708108842474,0.1499361592048644,0.14235614876032282,0.15769097647356978,0.89564125,0.8902681770833333,0.90126321875,0.019147609077394007,0.016524012937396765,0.021772319299168882,0.03209276768741571,0.019818717461762083,0.043701441655767156,-0.32861158964887877,-0.33338967472835934,-0.3238791816584619,0.32879619742751875,0.32401644685048103,0.33363577388877974,0.152,0.112,0.196,0.0,0.0,0.0,0.0,0.0,0.0,-0.24927810410446016,-0.2555801967655394,-0.24193365754552332,-9.239428174271636,-15.304039593240768,-6.510854910730889,-3.1421549474829265,-3.5426771766116567,-2.7978747637911052,0.684,0.624,0.74,0.22711215446831345,0.20777369367746873,0.246230004368574,-0.10811288652133832,-0.28227588099120915,-0.017984120716618687,0.014818187355995178,0.005665350672602654,0.025537533873319623,-0.004,-0.02,0.008,-0.0034696417511452205,-0.006601213362008203,-0.0007138639760122408,False
mediation_aware_recourse,False,30.0,5.654884063276899,0.5,250,0.94473259973526,0.8963777005434037,0.9929511338829994,0.0594017406525679,0.05023772145200874,0.06871653263913935,0.14791906297568352,0.1403511602462911,0.15578853123040556,0.8965387499999999,0.8911871510416666,0.9023576041666668,0.019147609077394007,0.016524012937396765,0.021772319299168882,0.03209276768741571,0.019818717461762083,0.043701441655767156,-0.3259987107302076,-0.33070529593956804,-0.32089824891851454,0.32642913466185525,0.3218298300290634,0.3316285285434113,0.148,0.108,0.192,0.0,0.0,0.0,0.0,0.0,0.0,-0.24666522518578898,-0.2535780076432325,-0.23918982385406606,-9.158011733529575,-15.15333958338014,-6.4586413444882265,-3.1092195621189713,-3.505021982362981,-2.766039319797069,0.684,0.624,0.74,0.2257864026176004,0.20691491720220676,0.24447933844973155,-0.026696445779277767,-0.1698019087864864,0.07562725879334184,0.024986883759498597,0.012857806918025017,0.03788367605805397,-0.008,-0.024,0.004,-0.0008567628324740393,-0.004371740986113669,0.0025310902179625514,True
transport_anchor_only,False,0.0,0.0,1.0,250,0.0,0.0,0.0,0.5979147550530705,0.5674190153134677,0.6275963291211156,0.1028165245055314,0.0912624716372512,0.1158768025101666,0.7824266666666667,0.7718558333333333,0.7921805000000001,0.019147609077394007,0.016524012937396765,0.021772319299168882,0.03209276768741571,0.019818717461762083,0.043701441655767156,0.03209276768741571,0.02041264368859131,0.04372607608754008,0.10063660704283399,0.0925122683818023,0.10836520314084958,0.008,0.0,0.02,0.0,0.0,0.0,0.0,0.0,0.0,0.0,0.0,0.0,0.0,0.0,0.0,0.0,0.0,0.0,0.0,0.0,0.0,0.0,0.0,0.0,0.0,0.0,0.0,0.0,0.0,0.0,0.0,0.0,0.0,0.0,0.0,0.0,False
mediation_aware_recourse,False,0.0,0.5,1.0,250,0.0,0.0,0.0,0.5979147550530705,0.5674190153134677,0.6275963291211156,0.1028165245055314,0.0912624716372512,0.1158768025101666,0.7824266666666667,0.7718558333333333,0.7921805000000001,0.019147609077394007,0.016524012937396765,0.021772319299168882,0.03209276768741571,0.019818717461762083,0.043701441655767156,0.03209276768741571,0.02041264368859131,0.04372607608754008,0.10063660704283399,0.0925122683818023,0.10836520314084958,0.008,0.0,0.02,0.0,0.0,0.0,0.0,0.0,0.0,0.0,0.0,0.0,0.0,0.0,0.0,0.0,0.0,0.0,0.0,0.0,0.0,0.0,0.0,0.0,0.0,0.0,0.0,0.0,0.0,0.0,0.0,0.0,0.0,0.0,0.0,0.0,False
mediation_aware_recourse,False,0.0,1.0,1.0,250,0.0,0.0,0.0,0.5979147550530705,0.5674190153134677,0.6275963291211156,0.1028165245055314,0.0912624716372512,0.1158768025101666,0.7824266666666667,0.7718558333333333,0.7921805000000001,0.019147609077394007,0.016524012937396765,0.021772319299168882,0.03209276768741571,0.019818717461762083,0.043701441655767156,0.03209276768741571,0.02041264368859131,0.04372607608754008,0.10063660704283399,0.0925122683818023,0.10836520314084958,0.008,0.0,0.02,0.0,0.0,0.0,0.0,0.0,0.0,0.0,0.0,0.0,0.0,0.0,0.0,0.0,0.0,0.0,0.0,0.0,0.0,0.0,0.0,0.0,0.0,0.0,0.0,0.0,0.0,0.0,0.0,0.0,0.0,0.0,0.0,0.0,False
mediation_aware_recourse,False,0.0,2.0,1.0,250,0.008473913073539735,0.0016947826147079468,0.01694782614707947,0.6050812367128906,0.5728335873507717,0.6345654232196009,0.09822248226550884,0.08711320279539148,0.10997732870925896,0.7819947916666666,0.7717020729166667,0.7916479635416667,0.019147609077394007,0.016524012937396765,0.021772319299168882,0.03209276768741571,0.019818717461762083,0.043701441655767156,0.03351669776796156,0.021327701683296826,0.04552574271675717,0.10131107440047803,0.09322438535491383,0.10915109320556197,0.008,0.0,0.02,0.0,0.0,0.0,0.0,0.0,0.0,-0.0014239300805458505,-0.002860664782723837,-0.0003071365081092483,-0.0443691891710607,-0.10084291535791685,-0.01078865458240624,-0.017948664057481967,-0.037432076335810534,-0.003910450781230665,0.0,0.0,0.0,0.0,0.0,0.0,-0.0443691891710607,-0.10218581041323217,-0.009366613750289542,0.008473913073539735,0.0016947826147079468,0.01694782614707947,0.0,0.0,0.0,-0.0014239300805458505,-0.002909687994569752,-0.0003071365081092483,False
mediation_aware_recourse,False,0.0,5.0,1.0,250,0.13219304394721984,0.11016086995601654,0.15761478316783906,0.6945529649486104,0.6711007825433929,0.7155097174164106,0.05379847535031723,0.049180532133775455,0.058836325092988445,0.7989643750000001,0.7899245520833335,0.8082650364583333,0.019147609077394007,0.016524012937396765,0.021772319299168882,0.03209276768741571,0.019818717461762083,0.043701441655767156,0.06297332412582153,0.05158796220018435,0.07378403805571843,0.10021099112181209,0.09223652400649421,0.10824831075566115,0.0,0.0,0.0,0.0,0.0,0.0,0.0,0.0,0.0,-0.006631724964023778,-0.012664485785077326,-0.0005224609361438159,-0.9622278994190576,-1.69097547302981,-0.568903744806008,-0.08359301143160636,-0.1632018441617667,-0.005130249297504622,0.112,0.076,0.156,0.009351647879630417,0.005696367295371978,0.013888084167616405,-0.9622278994190576,-1.8241813492222052,-0.5684550630091871,0.13219304394721984,0.11016086995601654,0.15761478316783906,-0.008,-0.02,0.0,-0.006631724964023778,-0.012728430974419993,-0.0003969692797742666,False
mediation_aware_recourse,False,0.0,5.654884063276899,1.0,250,0.14744608747959137,0.12371913087368011,0.17286782670021056,0.7011810971688601,0.679729202720235,0.7204491192818412,0.05084812238133012,0.04666490689547014,0.05558287128504023,0.7990622916666666,0.7904462812499999,0.8082630885416667,0.019147609077394007,0.016524012937396765,0.021772319299168882,0.03209276768741571,0.019818717461762083,0.043701441655767156,0.06543469823633159,0.05447971139080192,0.0753526562738808,0.09906488315346614,0.09123893203712895,0.10678240039366933,0.0,0.0,0.0,0.0,0.0,0.0,0.0,0.0,0.0,-0.005501633752599564,-0.011798426935335787,0.0008824420809421155,-1.0389235005739317,-1.8079796127768486,-0.6232552706809865,-0.06934819155927796,-0.15099023268957643,0.015100197426763594,0.12,0.08,0.16,0.009676761443652832,0.005902929748699013,0.014240687970463689,-1.0389235005739317,-1.933486366653767,-0.6169203254777063,0.14744608747959137,0.12371913087368011,0.17286782670021056,-0.008,-0.02,0.0,-0.005501633752599564,-0.01170204483809685,0.0012212281567704733,True
transport_anchor_only,False,1.0,0.0,1.0,250,0.11364726340770721,0.08783326112926006,0.14106593549251556,0.4698313332480265,0.4334010522918957,0.5075791109808523,0.13171783283744995,0.12014219772968183,0.14439229172076953,0.7686041666666666,0.7588958125,0.7778000729166668,0.019147609077394007,0.016524012937396765,0.021772319299168882,0.03209276768741571,0.019818717461762083,0.043701441655767156,-0.03570659516377951,-0.051048963150542234,-0.021289060661458675,0.11430064251885716,0.10399101436660664,0.12558664040425682,0.02,0.004,0.0360999999999999,0.0,0.0,0.0,0.0,0.0,0.0,-0.005951243732343774,-0.015327126153977452,0.0025515760460028424,-0.11260566591085452,-0.9107830965606344,0.4140466494824329,-0.07501553337161404,-0.19532802124206095,0.039041439403229176,0.196,0.148,0.244,0.036875303291769496,0.024800490876901077,0.050496755153726286,1.1789910762848288,0.7085204553948949,1.9355619602479734,-0.03406801807880402,-0.05502050832211971,-0.015272445753216745,-0.02,-0.04,-0.004,0.03329187799860367,0.022391621561440565,0.04494359505488868,False
mediation_aware_recourse,False,1.0,0.5,1.0,250,0.08711375141143798,0.06299642018675805,0.11130662019848823,0.4975009175425534,0.4623710736307128,0.5323726688440898,0.12413154931528726,0.11267814477455872,0.13672770330340733,0.769385,0.7595798802083333,0.7786574791666666,0.019147609077394007,0.016524012937396765,0.021772319299168882,0.03209276768741571,0.019818717461762083,0.043701441655767156,-0.020145995342210645,-0.035054642659379076,-0.005611077965051784,0.10885120920903887,0.09924937830314155,0.11953040001755452,0.016,0.004,0.032,0.0,0.0,0.0,0.0,0.0,0.0,-0.0008440169091522219,-0.00847573734253551,0.006946185241955639,0.3722574650328354,-0.3142770562683666,0.8452062722840483,-0.010638848190776429,-0.12139496976652156,0.09175264564700376,0.144,0.104,0.188,0.02654138996938929,0.01612985681745469,0.038219940378836456,1.6638542072285187,1.1250653493202252,2.596195628099962,-0.06060153007507324,-0.08633297330141067,-0.04084526009857655,-0.024,-0.044,-0.008,0.03839910482179522,0.027005105571226394,0.050679952502163034,False
mediation_aware_recourse,False,1.0,1.0,1.0,250,0.06227502202987671,0.04340391214191913,0.08357499949634074,0.5260401640476633,0.4922620456364282,0.5610153694605653,0.11674770865050879,0.10513822864837767,0.12914170261938893,0.77073875,0.7609813802083333,0.7802001093750001,0.019147609077394007,0.016524012937396765,0.021772319299168882,0.03209276768741571,0.019818717461762083,0.043701441655767156,-0.0032944633239117217,-0.01588458977371843,0.009538383138136368,0.10469066878234944,0.09544608011211626,0.11480262925370631,0.016,0.004,0.032,0.0,0.0,0.0,0.0,0.0,0.0,0.0022497184324113445,-0.00474788366393988,0.009095147643374336,0.8973456151865782,0.30013186673036074,0.9942612654642927,0.028357740958598443,-0.06684044290000715,0.11620588546108489,0.1,0.064,0.13609999999999992,0.016568756289458045,0.008808291694911147,0.02615237574455047,2.1889423573822615,1.3578064138794612,3.227058675549213,-0.08544025945663453,-0.11455560259521007,-0.06059964163601399,-0.024,-0.044,-0.008,0.04149284016335879,0.029478949673955028,0.05382911516785403,False
mediation_aware_recourse,False,1.0,2.0,1.0,250,0.015328581094741821,0.005969507932662964,0.026457974433898926,0.5830468306722968,0.5494101344517199,0.6141477388861332,0.103659708042798,0.09237757646310946,0.11640105907338012,0.7795712499999999,0.769408,0.789343890625,0.019147609077394007,0.016524012937396765,0.021772319299168882,0.03209276768741571,0.019818717461762083,0.043701441655767156,0.024429962540437968,0.011806788737491235,0.036457097771436624,0.10160272556523692,0.09341586738575008,0.10981216830646673,0.008,0.0,0.02,0.0,0.0,0.0,0.0,0.0,0.0,0.0005715320018488493,-0.0027750724145034844,0.00335997243931322,0.23877046758988307,0.08482144554593703,0.4776516091059627,0.0072041710751362675,-0.037723677710694854,0.04348494938840459,0.028,0.008,0.052,0.0035456365725644447,0.0006180967927828702,0.008165762782245907,1.5303672097855663,0.7158345873681438,3.1683491436594227,-0.13238670039176942,-0.16682757930755615,-0.09988179202377796,-0.032,-0.056,-0.012,0.03981465373279629,0.028089439099250806,0.052636615193290825,False
mediation_aware_recourse,False,1.0,5.0,1.0,250,0.07457043504714966,0.0542330436706543,0.09660260903835297,0.6247678878663548,0.595855030597716,0.6525451655827487,0.07514556525058726,0.06749836908485979,0.08299750168801925,0.7911685416666665,0.7814770364583332,0.8009101406250001,0.019147609077394007,0.016524012937396765,0.021772319299168882,0.03209276768741571,0.019818717461762083,0.043701441655767156,0.03528330802938578,0.023790365509702528,0.047450152672514505,0.09805337485827699,0.09005850959630946,0.10584191416978525,0.008,0.0,0.02,0.0,0.0,0.0,0.0,0.0,0.0,-0.00028937588384110114,-0.002900147765820083,0.002367605561000813,-0.09941617915431933,-0.29227320777594046,0.0352102635256951,-0.003647588176105998,-0.0389471423135179,0.032102204978992084,0.056,0.028,0.088,0.00391329864461598,0.0019886180672811153,0.006440013258676883,1.192180563041364,0.49225211937896324,2.562805972317054,-0.07314484643936157,-0.11670361058413982,-0.030522762504220032,-0.032,-0.056,-0.012,0.03895374584710634,0.027148683077585726,0.05167678516761344,False
mediation_aware_recourse,False,1.0,5.654884063276899,1.0,250,0.10338173949718475,0.08134956550598145,0.12541391348838807,0.6474980158309377,0.6199620233493448,0.6727979893810109,0.06488734469684704,0.058875147927503216,0.0713727675429749,0.7943785416666665,0.7846047291666667,0.8034918229166668,0.019147609077394007,0.016524012937396765,0.021772319299168882,0.03209276768741571,0.019818717461762083,0.043701441655767156,0.04391114719097388,0.03267367094736987,0.0552051629701322,0.09707699456338224,0.08907816419397081,0.1048650376821469,0.004,0.0,0.012,0.0,0.0,0.0,0.0,0.0,0.0,-0.00024069051641042373,-0.003789928638088498,0.003834831522039494,-0.3682567866588964,-0.7471279070022148,-0.16169858717120567,-0.003033908251461659,-0.05062258033389446,0.04731109061859676,0.092,0.056,0.132,0.006205409208447059,0.0036627517634205105,0.009492644788662274,0.9233399555367869,0.2666185402897783,2.141103084507028,-0.04433354198932648,-0.09282746729254723,-0.0014905106842518037,-0.036,-0.064,-0.016,0.039002431214537024,0.02677730117104046,0.05213533570423182,True
transport_anchor_only,False,3.0,0.0,1.0,250,0.549301183104515,0.520846275806427,0.5767953927516938,0.1147039536380928,0.09962171884261216,0.12860906836621966,0.15565474113844194,0.1466307802068237,0.16466451049855638,0.86724,0.8610438229166667,0.8736747604166667,0.019147609077394007,0.016524012937396765,0.021772319299168882,0.03209276768741571,0.019818717461762083,0.043701441655767156,-0.27499159944675283,-0.28559438444330415,-0.2633927890403505,0.2823321214945389,0.2729323294398781,0.2920462467737722,0.108,0.072,0.148,0.0,0.0,0.0,0.0,0.0,0.0,-0.1956581139023342,-0.20666143886719024,-0.18453373427829045,-7.568647058588942,-12.224165913649195,-5.444392257905408,-2.4662740148078552,-2.799966329158159,-2.1699140372854413,0.684,0.624,0.74,0.21393789712848582,0.1950744001062479,0.23209510406545977,0.2776270703707784,0.09050374124003582,0.6050482843445626,-0.013126326203346252,-0.024331257104873657,-0.0027310178279876707,-0.004,-0.012,0.0,0.008909821073147218,0.003006264352559805,0.015249445367603526,False
mediation_aware_recourse,False,3.0,0.5,1.0,250,0.5502618807554245,0.5208298121213912,0.5777579788416624,0.11409658211808482,0.0988175216164688,0.12847541184485878,0.15418034993722832,0.1453713801393381,0.1631942004539067,0.8683464583333333,0.8620065104166668,0.8748551874999999,0.019147609077394007,0.016524012937396765,0.021772319299168882,0.03209276768741571,0.019818717461762083,0.043701441655767156,-0.27623972446282824,-0.2872141643639641,-0.2645368487171602,0.2839697035145094,0.27451511551470353,0.29389782516625285,0.108,0.072,0.148,0.0,0.0,0.0,0.0,0.0,0.0,-0.19690623891840958,-0.2076908429647116,-0.18625553718263985,-7.60753822024356,-12.228895431284737,-5.456600941999396,-2.482006652892647,-2.821686411092366,-2.1784525563535384,0.684,0.624,0.74,0.21393789712848582,0.1950744001062479,0.23209510406545977,0.23873590871616024,0.051782472681053474,0.5322139125043427,-0.012165628552436828,-0.02506534206867218,-0.0009588092118501681,-0.004,-0.012,0.0,0.007661696057071853,0.0016254511293939628,0.013948728646978612,False
mediation_aware_recourse,False,3.0,1.0,1.0,250,0.5512225784063339,0.521072888493538,0.5779071655273438,0.11372036852089243,0.09842531201761784,0.1280473795745531,0.1524342266602601,0.14382576845981918,0.16133052972134387,0.8697306249999999,0.8634230364583334,0.8760949114583334,0.019147609077394007,0.016524012937396765,0.021772319299168882,0.03209276768741571,0.019818717461762083,0.043701441655767156,-0.2783051369803222,-0.2891585925509083,-0.2661677421288257,0.2860646072215706,0.27661135167955314,0.29571293920946606,0.112,0.076,0.152,0.0,0.0,0.0,0.0,0.0,0.0,-0.1989716514359036,-0.2100751354714026,-0.1879869894847983,-7.671895789450776,-12.426621646347222,-5.505486589466455,-2.5080412145070814,-2.8525060538369464,-2.207850759850648,0.684,0.624,0.74,0.21553254487407378,0.19677140728668732,0.23374541741980273,0.17437833950894444,0.0,0.4483522421377431,-0.011204930901527405,-0.024104644417762756,0.0008096225261688232,0.0,0.0,0.0,0.005596283539577841,0.0,0.011638688833721166,False
mediation_aware_recourse,False,3.0,2.0,1.0,250,0.5624275093078613,0.5340481395721436,0.5882269363403321,0.10985852607719204,0.0950897567290985,0.12448458642346825,0.15109934255569432,0.1426989208802274,0.16029140830144167,0.8719610416666665,0.8661977760416668,0.8778677760416665,0.019147609077394007,0.016524012937396765,0.021772319299168882,0.03209276768741571,0.019818717461762083,0.043701441655767156,-0.28400243256476765,-0.29412320130327824,-0.27309714172508703,0.2902837964512725,0.2809416481432252,0.2997064456410279,0.116,0.08,0.16,0.0,0.0,0.0,0.0,0.0,0.0,-0.20466894702034907,-0.21518151942851563,-0.1933388399625533,-7.8494216307847875,-12.740081534411818,-5.609935233838763,-2.5798557269459117,-2.92798649664712,-2.2712736173105172,0.684,0.624,0.74,0.2163453092654487,0.1975030052383725,0.23483645524894342,-0.003147501825067067,-0.20562751496605236,0.19607904242706073,0.0,-0.012899713516235351,0.012899713516235351,0.004,0.0,0.012,-0.00010101204486760506,-0.006248734874556777,0.005544723747835259,False
mediation_aware_recourse,False,3.0,5.0,1.0,250,0.5773427655696869,0.5483552691578865,0.6033517074614763,0.11088383539137922,0.09608219731702679,0.12554136724655907,0.1454153988445612,0.1370559619092611,0.15361673348578875,0.8749375,0.8696053072916667,0.8799854322916667,0.019147609077394007,0.016524012937396765,0.021772319299168882,0.03209276768741571,0.019818717461762083,0.043701441655767156,-0.2825626836954441,-0.2927163395570762,-0.2718961579473042,0.2886922334659614,0.28012384693942183,0.29804742091674835,0.108,0.072,0.148,0.0,0.0,0.0,0.0,0.0,0.0,-0.20322919815102553,-0.21307814845900763,-0.1920556073103628,-7.804559533400518,-12.712216280159701,-5.564427900141763,-2.5617076667737986,-2.9130423889415997,-2.263866375099681,0.684,0.624,0.74,0.21310042879518676,0.19433015756294217,0.23109408106467802,0.04171459555920265,-0.2891764085763082,0.34588966625836864,0.014915256261825561,-0.005124178156256676,0.03821829703152179,-0.004,-0.02,0.012,0.0013387368244559311,-0.00791923988806449,0.010212159462006312,False
mediation_aware_recourse,False,3.0,5.654884063276899,1.0,250,0.6187516363859177,0.5827279251754284,0.652367818671465,0.11535598958495759,0.10013114099614204,0.12966887296371432,0.1338200185936965,0.12618879650969367,0.1414434451495772,0.8808210416666666,0.8751693697916667,0.885626265625,0.019147609077394007,0.016524012937396765,0.021772319299168882,0.03209276768741571,0.019818717461762083,0.043701441655767156,-0.26576360330531906,-0.2759890370422626,-0.255825478723592,0.2733014517040856,0.26460292887253223,0.28263817746005054,0.06,0.032,0.092,0.0,0.0,0.0,0.0,0.0,0.0,-0.1864301177609005,-0.19723543427176157,-0.1751818603814603,-7.281105758589058,-11.88250858142627,-5.15616149115689,-2.3499549588870483,-2.6953733989597066,-2.0466291577880313,0.684,0.624,0.74,0.20050479356691653,0.18284656926743434,0.2172709869993928,0.565168370370662,0.2616288435343246,1.0553448990731493,0.056324127078056334,0.028376143407821654,0.08470627611279488,-0.052,-0.08,-0.02,0.018137817214580954,0.00839454616083821,0.027315530652297606,True
transport_anchor_only,False,10.0,0.0,1.0,250,0.7890261771678925,0.7512871920108795,0.8252468284785748,0.06743420521030646,0.057049974634641946,0.07804143910760224,0.15414713720529163,0.14614269916625042,0.1627193136163917,0.8891014583333333,0.8831861458333333,0.8950956510416666,0.019147609077394007,0.016524012937396765,0.021772319299168882,0.03209276768741571,0.019818717461762083,0.043701441655767156,-0.3204787600456361,-0.3257730601592197,-0.3149095233833211,0.3209895677383268,0.3158539073505835,0.32629557744492776,0.148,0.108,0.192,0.0,0.0,0.0,0.0,0.0,0.0,-0.24114527450121745,-0.24852149566877185,-0.2327645229224413,-8.98601190047261,-14.824695173354794,-6.356054146208321,-3.0396404853055508,-3.431177940208619,-2.695087402208286,0.684,0.624,0.74,0.22497753211703073,0.2058368439054276,0.24388071824038632,0.016709528343954005,0.0035020209063688855,0.03978754503295153,-0.009493120193481445,-0.019045572388172147,-0.0023732800483703613,0.0,0.0,0.0,0.0005362550113088729,0.0001281807146555125,0.0011413419215922478,False
mediation_aware_recourse,False,10.0,0.5,1.0,250,0.7890261771678925,0.7512871920108795,0.8252468284785748,0.06743420521030646,0.057049974634641946,0.07804143910760224,0.15414713720529163,0.14614269916625042,0.1627193136163917,0.8891014583333333,0.8831861458333333,0.8950956510416666,0.019147609077394007,0.016524012937396765,0.021772319299168882,0.03209276768741571,0.019818717461762083,0.043701441655767156,-0.3204787600456361,-0.3257730601592197,-0.3149095233833211,0.3209895677383268,0.3158539073505835,0.32629557744492776,0.148,0.108,0.192,0.0,0.0,0.0,0.0,0.0,0.0,-0.24114527450121745,-0.24852149566877185,-0.2327645229224413,-8.98601190047261,-14.824695173354794,-6.356054146208321,-3.0396404853055508,-3.431177940208619,-2.695087402208286,0.684,0.624,0.74,0.22497753211703073,0.2058368439054276,0.24388071824038632,0.016709528343954005,0.0035020209063688855,0.03978754503295153,-0.009493120193481445,-0.019045572388172147,-0.0023732800483703613,0.0,0.0,0.0,0.0005362550113088729,0.0001281807146555125,0.0011413419215922478,False
mediation_aware_recourse,False,10.0,1.0,1.0,250,0.7866528971195221,0.7493385343909263,0.8232868739694357,0.06769953135494014,0.05733470270542622,0.07843656872631728,0.15402008648950574,0.1459571119768596,0.16265719082094587,0.8889016666666666,0.8829850989583333,0.8947943385416666,0.019147609077394007,0.016524012937396765,0.021772319299168882,0.03209276768741571,0.019818717461762083,0.043701441655767156,-0.3204096223312122,-0.32570916779329623,-0.3147828415382491,0.3209204300239029,0.3158151270716216,0.32629558843961187,0.148,0.108,0.192,0.0,0.0,0.0,0.0,0.0,0.0,-0.24107613678679357,-0.2483724789251533,-0.23247425943217345,-8.983857592215456,-14.826072582514813,-6.355166471402668,-3.038769003182341,-3.4294746903387106,-2.695087402208286,0.684,0.624,0.74,0.22500620289325338,0.2058368439054276,0.2439120453776743,0.01886383660110802,0.003800784850745442,0.04398680715072629,-0.011866400241851807,-0.023732800483703614,-0.0023732800483703613,0.0,0.0,0.0,0.0006053927257327461,0.00010481692530938313,0.0012589701433053007,False
mediation_aware_recourse,False,10.0,2.0,1.0,250,0.787479547739029,0.750097805261612,0.8239690751165152,0.06772293562062605,0.05737900725464108,0.07844505723187631,0.1525602623360498,0.14453325742583556,0.16084682982648926,0.8899027083333334,0.8840097552083332,0.8959132916666667,0.019147609077394007,0.016524012937396765,0.021772319299168882,0.03209276768741571,0.019818717461762083,0.043701441655767156,-0.3221823985527566,-0.3272422925653609,-0.3166906322447617,0.3225363564502518,0.3173450525647889,0.32795026280102857,0.144,0.104,0.188,0.0,0.0,0.0,0.0,0.0,0.0,-0.242848913008338,-0.2500059534801801,-0.23445193774572456,-9.039096711471585,-14.891861836616386,-6.3862659250378115,-3.061114879067901,-3.452362914687167,-2.7203703406790756,0.684,0.624,0.74,0.22502987390341966,0.20588359415050597,0.24393780980452887,-0.03637528265502077,-0.1120291431058166,0.010933875399673621,-0.01103974962234497,-0.022906149864196777,-0.0015466294288635253,-0.004,-0.012,0.0,-0.00116738349581172,-0.003035168878891457,0.0003671388504813589,False
mediation_aware_recourse,False,10.0,5.0,1.0,250,0.7874239602088928,0.7473227051258087,0.8231727769732475,0.06825920078420131,0.05811753521609448,0.07896054101867479,0.15060382805760322,0.14289668687314455,0.15863960674257674,0.8917691666666667,0.8862706354166666,0.8977320364583333,0.019147609077394007,0.016524012937396765,0.021772319299168882,0.03209276768741571,0.019818717461762083,0.043701441655767156,-0.3222093133248588,-0.3278130810870654,-0.3162639142348281,0.3228358761134404,0.3176187842939713,0.32830963034333727,0.144,0.104,0.188,0.0,0.0,0.0,0.0,0.0,0.0,-0.24287582778044017,-0.25012693101970246,-0.23441499537144225,-9.039935366846041,-14.87275910932683,-6.393930108341828,-3.0614541402502065,-3.460873497757478,-2.718914338741956,0.684,0.624,0.74,0.22512826037307393,0.2059568547610746,0.24408102041767196,-0.03721393802947759,-0.13346076564461434,0.033732235114847804,-0.011095337152481078,-0.02411388499736786,-0.0012625407725572603,-0.004,-0.012,0.0,-0.0011942982679138694,-0.0036658350485759203,0.0011617711786506345,False
mediation_aware_recourse,False,10.0,5.654884063276899,1.0,250,0.8111509184837341,0.7686980092644692,0.8477753480553627,0.06860614726244614,0.05853390859602623,0.0793386204594607,0.1451111619345993,0.13765308963135534,0.15273608559761215,0.8943656249999999,0.8888252708333333,0.9003893333333332,0.019147609077394007,0.016524012937396765,0.021772319299168882,0.03209276768741571,0.019818717461762083,0.043701441655767156,-0.3152378909122431,-0.32159188883390327,-0.3086351489062202,0.3163117240136521,0.31040735006898057,0.3218580115832112,0.124,0.088,0.168,0.0,0.0,0.0,0.0,0.0,0.0,-0.2359044053678245,-0.2439714672872261,-0.2268596478886379,-8.82270815601407,-14.558604615465784,-6.224428971069831,-2.973579236421451,-3.3662397508429502,-2.629219238095017,0.684,0.624,0.74,0.22018771807339613,0.2014200252425603,0.2386645141274632,0.18001327280249413,0.05221267881748977,0.36443757540547445,0.012631621122360229,-0.00569169120490551,0.02926015129983425,-0.024,-0.044,-0.008,0.005777124144701812,0.0016305349070421258,0.010134836420436657,True
transport_anchor_only,False,30.0,0.0,1.0,250,0.9259048589468002,0.8760218256354332,0.9733259918987751,0.05932874997667453,0.050181345126389366,0.06862440588239939,0.15541143428444684,0.1473105446241172,0.16371777754026257,0.89187125,0.8858197083333333,0.89816590625,0.019147609077394007,0.016524012937396765,0.021772319299168882,0.03209276768741571,0.019818717461762083,0.043701441655767156,-0.32413590719102664,-0.3290847331678055,-0.3190773251071087,0.3246784237933072,0.31999679454985774,0.32946663424342004,0.164,0.12,0.208,0.0,0.0,0.0,0.0,0.0,0.0,-0.2448024216466081,-0.2520026109180721,-0.2366485167288358,-9.099967392906645,-14.958322727868277,-6.456263416696162,-3.0857388902891936,-3.482129684524896,-2.730384420214769,0.684,0.624,0.74,0.22756629361394465,0.20847258400184257,0.2467252721174444,0.03134789484365186,0.005152062149607062,0.0791809380089055,0.006159142971038818,0.0014881200790405273,0.012524948596954346,0.008,-0.008,0.024,0.0010060407067068815,0.00017568699782038078,0.0021362692562486296,False
mediation_aware_recourse,False,30.0,0.5,1.0,250,0.9197457159757614,0.8684141550540924,0.9673852344155311,0.05952948519313074,0.050364418173101735,0.06890832239229999,0.15423630294857468,0.14624706759717704,0.16289415823111492,0.8922277083333333,0.886293046875,0.89851715625,0.019147609077394007,0.016524012937396765,0.021772319299168882,0.03209276768741571,0.019818717461762083,0.043701441655767156,-0.32491194851448757,-0.329812306612998,-0.3197147564071916,0.3253711681468134,0.3206137450037156,0.3302117641999096,0.152,0.112,0.196,0.0,0.0,0.0,0.0,0.0,0.0,-0.24557846297006902,-0.25277580752332574,-0.23745281569390184,-9.124148583230259,-15.017793177987407,-6.462467741028814,-3.095520905010158,-3.495896993804469,-2.740554631130513,0.684,0.624,0.74,0.22756629361394465,0.20847258400184257,0.2467252721174444,0.007166704520038536,0.0,0.02528688429271599,0.0,0.0,0.0,-0.004,-0.012,0.0,0.00022999938324595615,0.0,0.0006899981497378684,False
mediation_aware_recourse,False,30.0,1.0,1.0,250,0.9197457159757614,0.8684141550540924,0.9673852344155311,0.05952948519313074,0.050364418173101735,0.06890832239229999,0.15423630294857468,0.14624706759717704,0.16289415823111492,0.8922277083333333,0.886293046875,0.89851715625,0.019147609077394007,0.016524012937396765,0.021772319299168882,0.03209276768741571,0.019818717461762083,0.043701441655767156,-0.32491194851448757,-0.329812306612998,-0.3197147564071916,0.3253711681468134,0.3206137450037156,0.3302117641999096,0.152,0.112,0.196,0.0,0.0,0.0,0.0,0.0,0.0,-0.24557846297006902,-0.25277580752332574,-0.23745281569390184,-9.124148583230259,-15.017793177987407,-6.462467741028814,-3.095520905010158,-3.495896993804469,-2.740554631130513,0.684,0.624,0.74,0.22756629361394465,0.20847258400184257,0.2467252721174444,0.007166704520038536,0.0,0.02528688429271599,0.0,0.0,0.0,-0.004,-0.012,0.0,0.00022999938324595615,0.0,0.0006899981497378684,False
mediation_aware_recourse,False,30.0,2.0,1.0,250,0.9205723665952682,0.869683139616251,0.9681878752142191,0.05954009168910146,0.05036700770457111,0.06892166438372552,0.15274821065869312,0.14507488185319276,0.16095079610679142,0.8932956249999999,0.8874675364583334,0.8993173541666667,0.019147609077394007,0.016524012937396765,0.021772319299168882,0.03209276768741571,0.019818717461762083,0.043701441655767156,-0.32670525768910247,-0.33122864648762923,-0.32184394609572725,0.3270076275262327,0.3223829283341724,0.33174686045254337,0.148,0.108,0.192,0.0,0.0,0.0,0.0,0.0,0.0,-0.24737177214468387,-0.2544055386708736,-0.23889431500096422,-9.180027502495863,-15.110522211390547,-6.4956101822090195,-3.1181255991353245,-3.520017749056232,-2.762788081510736,0.684,0.624,0.74,0.22760089012393148,0.20850741369992287,0.2467600191089259,-0.04871221474556542,-0.1357469097971681,-0.0014468684633298272,0.000826650619506836,0.000206662654876709,0.001653301239013672,-0.008,-0.02,0.0,-0.0015633097913689098,-0.0034879183231034208,-3.537118315217378e-05,False
mediation_aware_recourse,False,30.0,5.0,1.0,250,0.9311743378639221,0.8825414457321167,0.9787341852068902,0.05945799796751457,0.05023265363867985,0.06877222122366032,0.1502896378588036,0.14256571477466384,0.1580615077318389,0.8951595833333333,0.8898716510416665,0.9008489739583334,0.019147609077394007,0.016524012937396765,0.021772319299168882,0.03209276768741571,0.019818717461762083,0.043701441655767156,-0.32869608640438847,-0.3332482297346927,-0.32387129005272014,0.3288547620993984,0.32419369597765674,0.333597279063868,0.148,0.108,0.192,0.0,0.0,0.0,0.0,0.0,0.0,-0.24936260085996986,-0.25578562533911825,-0.2419120060044941,-9.242061065156358,-15.275103778986509,-6.503340870263216,-3.1432200305929134,-3.5407669008797926,-2.8015162863231855,0.684,0.624,0.74,0.2272216402805601,0.20773455204406072,0.24644520126154482,-0.11074577740606095,-0.28318561790072094,-0.021489344420107657,0.011428621888160706,0.0036855154097080235,0.021275172469019887,-0.008,-0.024,0.008,-0.0035541385066548987,-0.006564918857716246,-0.0008684967807942622,False
mediation_aware_recourse,False,30.0,5.654884063276899,1.0,250,0.9396482515335083,0.8931896355271339,0.9880535680413247,0.05944247973158023,0.05022221567370586,0.06873691423291363,0.1487106574213784,0.14119954870165294,0.15657878976462558,0.8956670833333332,0.8903261197916666,0.9013536458333333,0.019147609077394007,0.016524012937396765,0.021772319299168882,0.03209276768741571,0.019818717461762083,0.043701441655767156,-0.3266553152723265,-0.33128674998851537,-0.32163495220533433,0.32699488072941335,0.3223808107670613,0.33193376826973536,0.144,0.104,0.188,0.0,0.0,0.0,0.0,0.0,0.0,-0.2473218297279079,-0.2540606309237895,-0.2397244665892049,-9.17847131334875,-15.150299546970338,-6.482930399191363,-3.1174960740812665,-3.5162755612669416,-2.7786756240050794,0.684,0.624,0.74,0.2259812418443086,0.20695934191929416,0.24471922693808054,-0.047156025598452445,-0.205083488353848,0.0438436245120253,0.019902535557746886,0.009445009756088257,0.03172799330949783,-0.012,-0.032,0.004,-0.0015133673745929429,-0.004886260862789365,0.0015881450952606566,True
transport_anchor_only,False,0.0,0.0,2.0,250,0.0,0.0,0.0,0.5979147550530705,0.5674190153134677,0.6275963291211156,0.1028165245055314,0.0912624716372512,0.1158768025101666,0.7824266666666667,0.7718558333333333,0.7921805000000001,0.019147609077394007,0.016524012937396765,0.021772319299168882,0.03209276768741571,0.019818717461762083,0.043701441655767156,0.03209276768741571,0.02041264368859131,0.04372607608754008,0.10063660704283399,0.0925122683818023,0.10836520314084958,0.008,0.0,0.02,0.0,0.0,0.0,0.0,0.0,0.0,0.0,0.0,0.0,0.0,0.0,0.0,0.0,0.0,0.0,0.0,0.0,0.0,0.0,0.0,0.0,0.0,0.0,0.0,0.0,0.0,0.0,0.0,0.0,0.0,0.0,0.0,0.0,False
mediation_aware_recourse,False,0.0,0.5,2.0,250,0.0,0.0,0.0,0.5979147550530705,0.5674190153134677,0.6275963291211156,0.1028165245055314,0.0912624716372512,0.1158768025101666,0.7824266666666667,0.7718558333333333,0.7921805000000001,0.019147609077394007,0.016524012937396765,0.021772319299168882,0.03209276768741571,0.019818717461762083,0.043701441655767156,0.03209276768741571,0.02041264368859131,0.04372607608754008,0.10063660704283399,0.0925122683818023,0.10836520314084958,0.008,0.0,0.02,0.0,0.0,0.0,0.0,0.0,0.0,0.0,0.0,0.0,0.0,0.0,0.0,0.0,0.0,0.0,0.0,0.0,0.0,0.0,0.0,0.0,0.0,0.0,0.0,0.0,0.0,0.0,0.0,0.0,0.0,0.0,0.0,0.0,False
mediation_aware_recourse,False,0.0,1.0,2.0,250,0.0,0.0,0.0,0.5979147550530705,0.5674190153134677,0.6275963291211156,0.1028165245055314,0.0912624716372512,0.1158768025101666,0.7824266666666667,0.7718558333333333,0.7921805000000001,0.019147609077394007,0.016524012937396765,0.021772319299168882,0.03209276768741571,0.019818717461762083,0.043701441655767156,0.03209276768741571,0.02041264368859131,0.04372607608754008,0.10063660704283399,0.0925122683818023,0.10836520314084958,0.008,0.0,0.02,0.0,0.0,0.0,0.0,0.0,0.0,0.0,0.0,0.0,0.0,0.0,0.0,0.0,0.0,0.0,0.0,0.0,0.0,0.0,0.0,0.0,0.0,0.0,0.0,0.0,0.0,0.0,0.0,0.0,0.0,0.0,0.0,0.0,False
mediation_aware_recourse,False,0.0,2.0,2.0,250,0.011863478302955628,0.0033895652294158936,0.020337391376495362,0.6063988386542312,0.5740416920839612,0.636178200874562,0.0971678994713861,0.08622680562087548,0.10878138739242602,0.781206875,0.7709871822916666,0.7910298333333333,0.019147609077394007,0.016524012937396765,0.021772319299168882,0.03209276768741571,0.019818717461762083,0.043701441655767156,0.03385316513980668,0.021804409078845413,0.045747607307438445,0.10089516627228295,0.0928355736372245,0.10850721542168602,0.008,0.0,0.02,0.0,0.0,0.0,0.0,0.0,0.0,-0.000905694794443878,-0.0022906963458496255,0.00040146530241689284,-0.05485340091379087,-0.12138399733503798,-0.01303894048992089,-0.01141629903474728,-0.029123059836852917,0.003910367615144031,0.004,0.0,0.012,0.00012065795088294239,0.0,0.0003619738526488272,-0.05485340091379087,-0.12867518787245402,-0.010523201364824498,0.011863478302955628,0.0033895652294158936,0.020337391376495362,0.0,0.0,0.0,-0.000905694794443878,-0.0022446009884200795,0.0004333220061898805,False
mediation_aware_recourse,False,0.0,5.0,2.0,250,0.13219304394721984,0.1084660873413086,0.15596237011849876,0.6897918373310068,0.6679394811388972,0.7107589874817044,0.05609476296721435,0.05106922167141669,0.0614875286589889,0.791124375,0.7824096197916667,0.800511046875,0.019147609077394007,0.016524012937396765,0.021772319299168882,0.03209276768741571,0.019818717461762083,0.043701441655767156,0.062049796970959734,0.0510442026279273,0.07263967807375145,0.09895138059228505,0.09100121281880408,0.10641965764803181,0.0,0.0,0.0,0.0,0.0,0.0,0.0,0.0,0.0,-0.004820132510078093,-0.010675606768133934,0.001386900506065906,-0.9334510994915171,-1.6494378134621888,-0.5626579490042618,-0.0607578562444393,-0.14033619070434147,0.015453534644394168,0.104,0.06790000000000002,0.144,0.00876834131265823,0.005161399514738658,0.013108367938684229,-0.9334510994915171,-1.7622896004077921,-0.5510195015116853,0.13219304394721984,0.1084660873413086,0.15596237011849876,-0.008,-0.02,0.0,-0.004820132510078093,-0.01108267092638071,0.0016251574647915526,False
mediation_aware_recourse,False,0.0,5.654884063276899,2.0,250,0.1525304353237152,0.127108696103096,0.1779521745443344,0.6999017554838036,0.6773036358931044,0.719749573727832,0.05135678450723366,0.04681016622690995,0.05595957929734061,0.7936514583333333,0.7852227187499999,0.8028034583333333,0.019147609077394007,0.016524012937396765,0.021772319299168882,0.03209276768741571,0.019818717461762083,0.043701441655767156,0.06504328586422177,0.05410312699258264,0.07524173750962208,0.09922164426956298,0.09142433901153374,0.10664173610045201,0.0,0.0,0.0,0.0,0.0,0.0,0.0,0.0,0.0,-0.0057520863989310046,-0.012097190717886402,0.0005756560015319068,-1.026727220841308,-1.7681782087473104,-0.6199190689792745,-0.07250515163247728,-0.15581279127324865,0.007558145933337296,0.116,0.08,0.156,0.009649004425978939,0.0059524540631782676,0.014226559706361053,-1.026727220841308,-1.945881385633327,-0.6118249058332351,0.1525304353237152,0.127108696103096,0.1779521745443344,-0.008,-0.02,0.0,-0.0057520863989310046,-0.012154050843624647,0.0008218189077094695,True
transport_anchor_only,False,1.0,0.0,2.0,250,0.10375942730903626,0.0799569331407547,0.1277129966020584,0.4953334583287084,0.46176940536991423,0.5311285362795691,0.12852917799210564,0.11714255015671075,0.14119827412843589,0.7584083333333334,0.7496297135416666,0.7669095677083333,0.019147609077394007,0.016524012937396765,0.021772319299168882,0.03209276768741571,0.019818717461762083,0.043701441655767156,-0.013999045681714985,-0.025211188275772307,-0.0022509137717491873,0.09892168925022031,0.09038311776716652,0.10792209244090088,0.012,0.0,0.028,0.0,0.0,0.0,0.0,0.0,0.0,0.012825132727785935,0.005917766443715635,0.020246566843462068,0.5637943782827954,-0.0755508357443863,0.9326007228969395,0.16166102673763372,0.06145123715543557,0.251226579747197,0.18,0.132,0.232,0.01663334032067238,0.009237551328957315,0.025134018047154094,1.8553911204784788,1.2888396333614962,2.8406987252529703,-0.043955854177474975,-0.06918495817780494,-0.021380342003703128,-0.028,-0.052,-0.012,0.05206825445873338,0.03855639137053099,0.06660614718925334,False
mediation_aware_recourse,False,1.0,0.5,2.0,250,0.09005009126663208,0.0688275398015976,0.11392812299728393,0.5095884229075468,0.47627110391348565,0.5457735036881913,0.12358573787545349,0.11240482566964786,0.1358372103133639,0.7588841666666667,0.7497668854166667,0.7675254479166665,0.019147609077394007,0.016524012937396765,0.021772319299168882,0.03209276768741571,0.019818717461762083,0.043701441655767156,-0.007286492237313236,-0.018473799360840582,0.0046847885318953226,0.09787914990874497,0.08928698507953113,0.10667307349186486,0.016,0.004,0.032,0.0,0.0,0.0,0.0,0.0,0.0,0.014034679588934946,0.007333373094301511,0.021269372084832785,0.7729553178995393,0.19839011324094188,0.9871192980428869,0.1769073864916344,0.08257366262691143,0.26900246294924,0.156,0.108,0.204,0.012672290167897,0.006718805341135556,0.01980417525733791,2.0645520600952225,1.4173028527880989,3.1344924790780384,-0.05766519021987915,-0.08427612821757793,-0.034294630765914914,-0.024,-0.044,-0.008,0.053277801319882384,0.03935580488545707,0.0676875997998387,False
mediation_aware_recourse,False,1.0,1.0,2.0,250,0.0762652176618576,0.05762260890007019,0.09829739165306091,0.526509470759409,0.4932376900507884,0.5600983755350234,0.12049549057554347,0.10908341347447618,0.13330793954088274,0.7585114583333333,0.7497106041666667,0.7668651770833333,0.019147609077394007,0.016524012937396765,0.021772319299168882,0.03209276768741571,0.019818717461762083,0.043701441655767156,0.0038686157002586715,-0.0061563179386657065,0.014849698003394229,0.09220214481481444,0.08514575152557616,0.09934224179843947,0.008,0.0,0.02,0.0,0.0,0.0,0.0,0.0,0.0,0.02069508662010872,0.014882222177322324,0.027469531314514864,0.8794552175138313,0.638538467624196,0.9937830782054554,0.2608619358911388,0.19659752555053747,0.3271862529677325,0.128,0.088,0.172,0.003764532683524159,0.0022944192398744964,0.005435799137344964,2.171051959709515,1.2386117716332707,3.541577402961954,-0.07145006382465363,-0.10049175783991814,-0.047325178843736666,-0.032,-0.056,-0.012,0.05993820835105616,0.04569210352568783,0.07489288693688542,False
mediation_aware_recourse,False,1.0,2.0,2.0,250,0.05511820375919342,0.03736075508594513,0.07287754087150096,0.5481092792879476,0.5158625106097141,0.5811073963654542,0.1117012819950162,0.10075776878621241,0.12413029949617928,0.7650174999999999,0.7555222083333333,0.7735813020833334,0.019147609077394007,0.016524012937396765,0.021772319299168882,0.03209276768741571,0.019818717461762083,0.043701441655767156,0.01039065501178996,-0.0004302212264309918,0.0221787145463503,0.09536531546136365,0.08776469767705866,0.10310134201318177,0.008,0.0,0.02,0.0,0.0,0.0,0.0,0.0,0.0,0.013742058245853537,0.007718945647328389,0.019885451646249275,0.6762306351077234,0.45655697843005605,0.9635704487537166,0.17321888924392959,0.10353974822808085,0.24357002465973374,0.092,0.056,0.128,0.003980027214886104,0.0016678902669634585,0.007419018222994308,1.9678273773034067,1.0850965352433493,3.6488214387268663,-0.09259707772731782,-0.12437167800962926,-0.0651009796410799,-0.032,-0.056,-0.012,0.05298517997680099,0.038887629837140225,0.06757152815555097,False
mediation_aware_recourse,False,1.0,5.0,2.0,250,0.06948608720302582,0.050843478441238404,0.08982347857952118,0.6121487516471277,0.5807645317850075,0.6415303473105513,0.08162999436599351,0.07289508834379582,0.09114054570918358,0.7812385416666666,0.7713532499999999,0.790996078125,0.019147609077394007,0.016524012937396765,0.021772319299168882,0.03209276768741571,0.019818717461762083,0.043701441655767156,0.0316804266071558,0.020133076932979783,0.04317966638969848,0.09774736487023553,0.08977093897731898,0.10539929810574408,0.008,0.0,0.02,0.0,0.0,0.0,0.0,0.0,0.0,0.001742739242571271,-0.0007714583816514251,0.004298154517289892,0.012848411339156485,-0.15097416587673138,0.14136891407698554,0.021967259229969227,-0.009462633700783972,0.05358909508438912,0.052,0.028,0.08,0.0028370573598047615,0.0013730382331159014,0.0044143081193549535,1.3044451535348398,0.5780292249085359,2.7912164966828272,-0.07822919428348542,-0.12009317581355572,-0.03421018327474595,-0.032,-0.056,-0.012,0.04098586097351871,0.028991788605699752,0.05355117768991146,False
mediation_aware_recourse,False,1.0,5.654884063276899,2.0,250,0.09660260903835297,0.0762652176618576,0.11863478302955627,0.6366784054680793,0.6087661062909115,0.664281663589221,0.07017442201692958,0.06324447616159967,0.07803303618913356,0.7854020833333332,0.775803046875,0.7949866770833333,0.019147609077394007,0.016524012937396765,0.021772319299168882,0.03209276768741571,0.019818717461762083,0.043701441655767156,0.03943383513821244,0.02781014768963458,0.05074528017289831,0.0984021537107733,0.09014884926759946,0.10637560261038519,0.008,0.0,0.02,0.0,0.0,0.0,0.0,0.0,0.0,-0.0010423450143388737,-0.004204201938657876,0.002105568074537912,-0.22874522765686334,-0.5113733252619074,-0.05589725056652197,-0.013138777493335585,-0.056796525039608484,0.02746177814388016,0.08,0.047900000000000005,0.116,0.005633353534106288,0.003161302755660587,0.008739584799709396,1.06285151453882,0.3661206622405257,2.410117149499966,-0.051112672448158265,-0.09290300485491754,-0.007458130177855512,-0.032,-0.056,-0.012,0.03820077671660856,0.026562542488846826,0.05094307844295456,True
transport_anchor_only,False,3.0,0.0,2.0,250,0.5321267442703247,0.5010017814606428,0.5606000036925077,0.12350522097777755,0.1080911518819337,0.1390717165108856,0.1560562653280656,0.14702243858993133,0.16530572659290899,0.8616585416666667,0.854263546875,0.8689138125,0.019147609077394007,0.016524012937396765,0.021772319299168882,0.03209276768741571,0.019818717461762083,0.043701441655767156,-0.26563930268444846,-0.27706144074081923,-0.2533009791359638,0.2754806657012293,0.2652725252415726,0.2854087846406704,0.104,0.068,0.144,0.0,0.0,0.0,0.0,0.0,0.0,-0.18707418913012341,-0.19869829727433636,-0.1755776037005835,-7.277232592457633,-11.67148132609554,-5.248440475842421,-2.358073489981492,-2.6786732291005584,-2.065823894557274,0.676,0.6199,0.732,0.20987377718184416,0.19167081180448314,0.22795792926415273,0.5690415365020876,0.24803241049771366,1.177402610006595,-0.03030076503753662,-0.048527902770042416,-0.012314815238118173,-0.008,-0.02,0.0,0.017493745845358028,0.008553996958845535,0.026982371163011967,False
mediation_aware_recourse,False,3.0,0.5,2.0,250,0.53647700715065,0.5047061837464571,0.5658170745372773,0.12058844040031604,0.10541537641752956,0.13542698881487952,0.15498084796459177,0.14612209116793398,0.164029003083084,0.8639485416666667,0.856928140625,0.8709397291666667,0.019147609077394007,0.016524012937396765,0.021772319299168882,0.03209276768741571,0.019818717461762083,0.043701441655767156,-0.26916577869522174,-0.279938728651393,-0.2575425618919821,0.2781640502468007,0.2678293046279938,0.2879475971596605,0.104,0.068,0.144,0.0,0.0,0.0,0.0,0.0,0.0,-0.18993448988032016,-0.20126663147926532,-0.17830765049310401,-7.387116415664195,-11.83847052123001,-5.331679906891826,-2.3941276319439715,-2.7137068315281647,-2.0998452033584627,0.68,0.62,0.736,0.21247808494261305,0.19352688947927085,0.23027495373709583,0.4591577132955251,0.17269598188659227,0.9847915252536971,-0.025950502157211303,-0.042239780902862546,-0.010395308375358582,-0.008,-0.02,0.0,0.014633445095161264,0.006361380163055277,0.022850019223890627,False
mediation_aware_recourse,False,3.0,1.0,2.0,250,0.53647700715065,0.5047061837464571,0.5658170745372773,0.12058844040031604,0.10541537641752956,0.13542698881487952,0.15498084796459177,0.14612209116793398,0.164029003083084,0.8639485416666667,0.856928140625,0.8709397291666667,0.019147609077394007,0.016524012937396765,0.021772319299168882,0.03209276768741571,0.019818717461762083,0.043701441655767156,-0.26916577869522174,-0.279938728651393,-0.2575425618919821,0.2781640502468007,0.2678293046279938,0.2879475971596605,0.104,0.068,0.144,0.0,0.0,0.0,0.0,0.0,0.0,-0.18993448988032016,-0.20126663147926532,-0.17830765049310401,-7.387116415664195,-11.83847052123001,-5.331679906891826,-2.3941276319439715,-2.7137068315281647,-2.0998452033584627,0.68,0.62,0.736,0.21247808494261305,0.19352688947927085,0.23027495373709583,0.4591577132955251,0.17269598188659227,0.9847915252536971,-0.025950502157211303,-0.042239780902862546,-0.010395308375358582,-0.008,-0.02,0.0,0.014633445095161264,0.006361380163055277,0.022850019223890627,False
mediation_aware_recourse,False,3.0,2.0,2.0,250,0.5409028075933456,0.5099434951543808,0.5700936882942915,0.11855634214559242,0.10308098526569127,0.1332764929093798,0.15248792456695856,0.14391310136213856,0.16136583473225083,0.866513125,0.85929234375,0.8732225468749999,0.019147609077394007,0.016524012937396765,0.021772319299168882,0.03209276768741571,0.019818717461762083,0.043701441655767156,-0.27285261621172285,-0.283798111334434,-0.2609822350085669,0.2817223799822493,0.2716744913035803,0.2915766511270298,0.108,0.072,0.148,0.0,0.0,0.0,0.0,0.0,0.0,-0.19362132739682134,-0.20491316488499928,-0.18252330596194066,-7.501997050217469,-12.079352237532307,-5.416264715422645,-2.4406002845849155,-2.7696092911245236,-2.145759312187593,0.68,0.62,0.736,0.21407273268820104,0.19509615103719685,0.23228301303627885,0.3442770787422518,0.10494555362341994,0.7879402144285045,-0.021524701714515686,-0.03700435793399811,-0.006045045495033264,-0.004,-0.012,0.0,0.010946607578660129,0.0035646194622321803,0.01883231984076012,False
mediation_aware_recourse,False,3.0,5.0,2.0,250,0.5584735437631607,0.5303008366793394,0.5857610907554627,0.11709823353251553,0.1016944897261909,0.1327266361855702,0.14671897413949253,0.13850369336892773,0.15523299848938527,0.870676875,0.8651952291666666,0.8764456822916667,0.019147609077394007,0.016524012937396765,0.021772319299168882,0.03209276768741571,0.019818717461762083,0.043701441655767156,-0.27777573835304464,-0.2880870331123605,-0.2661381803200225,0.284878327892552,0.2756070368208442,0.29467189888232614,0.108,0.072,0.148,0.0,0.0,0.0,0.0,0.0,0.0,-0.19854444953814304,-0.2090289014296455,-0.18743438209098046,-7.655399903759834,-12.276745002899395,-5.524421758264898,-2.502656326967741,-2.845965381741923,-2.2091873498731034,0.68,0.62,0.736,0.21315951993156138,0.1939122827117084,0.23119542069869423,0.19087422519988628,-0.0729157610007149,0.5487677455505207,-0.0039539655447006225,-0.023718254628777503,0.017369240078330034,-0.004,-0.016099999999999996,0.008,0.006023485437338384,-0.002452455906235656,0.014569204896809159,False
mediation_aware_recourse,False,3.0,5.654884063276899,2.0,250,0.5786598615646362,0.544537096658349,0.6082230553120375,0.12304590850936777,0.10719694656868414,0.13905375350710913,0.13978490396115417,0.13186958484598527,0.14814786378883754,0.870398125,0.8640973333333333,0.8765362552083332,0.019147609077394007,0.016524012937396765,0.021772319299168882,0.03209276768741571,0.019818717461762083,0.043701441655767156,-0.26530371718457924,-0.2762696751209219,-0.2537415180762135,0.2739235046902701,0.2644335281615885,0.28346089161579596,0.072,0.044,0.104,0.0,0.0,0.0,0.0,0.0,0.0,-0.18634787054923524,-0.19757303526702513,-0.1747874789349457,-7.266775859553265,-11.757965293864828,-5.210352301995953,-2.3489182313173367,-2.6960105721603274,-2.057834713125909,0.676,0.6199,0.732,0.20226364966110622,0.18436571268465454,0.21964709170544813,0.5794982694064554,0.2552369078942334,1.1368254076109288,0.016232352256774902,-0.00751972131729126,0.0408644189953804,-0.04,-0.064,-0.02,0.018220064426246216,0.008210049300987387,0.028829968457693575,True
transport_anchor_only,False,10.0,0.0,2.0,250,0.7771597769260407,0.739658705228567,0.8118804470956326,0.06875161856020717,0.05818509666790851,0.07962786199664712,0.1539530182199154,0.1458324109236261,0.1625905761068204,0.8882779166666667,0.8824993125,0.8944332604166666,0.019147609077394007,0.016524012937396765,0.021772319299168882,0.03209276768741571,0.019818717461762083,0.043701441655767156,-0.3199171128633739,-0.325345384418862,-0.3142191199176755,0.3204269392841142,0.31527983384342,0.32588924748100445,0.148,0.108,0.192,0.0,0.0,0.0,0.0,0.0,0.0,-0.24058362731895522,-0.24813183850298617,-0.2320850900875669,-8.96851116050114,-14.795938404868725,-6.349705533123365,-3.0325609125575754,-3.424474409283868,-2.6920255993302216,0.684,0.624,0.74,0.22474735595345716,0.20570807319222253,0.24365526917677316,0.034210268315423065,0.013509794467871372,0.06978547393142209,-0.021359520435333252,-0.035658532726764676,-0.009493120193481445,0.0,0.0,0.0,0.0010979021935711008,0.00043553987080022065,0.0019222768188716264,False
mediation_aware_recourse,False,10.0,0.5,2.0,250,0.7771597769260407,0.739658705228567,0.8118804470956326,0.06875161856020717,0.05818509666790851,0.07962786199664712,0.1539530182199154,0.1458324109236261,0.1625905761068204,0.8882779166666667,0.8824993125,0.8944332604166666,0.019147609077394007,0.016524012937396765,0.021772319299168882,0.03209276768741571,0.019818717461762083,0.043701441655767156,-0.3199171128633739,-0.325345384418862,-0.3142191199176755,0.3204269392841142,0.31527983384342,0.32588924748100445,0.148,0.108,0.192,0.0,0.0,0.0,0.0,0.0,0.0,-0.24058362731895522,-0.24813183850298617,-0.2320850900875669,-8.96851116050114,-14.795938404868725,-6.349705533123365,-3.0325609125575754,-3.424474409283868,-2.6920255993302216,0.684,0.624,0.74,0.22474735595345716,0.20570807319222253,0.24365526917677316,0.034210268315423065,0.013509794467871372,0.06978547393142209,-0.021359520435333252,-0.035658532726764676,-0.009493120193481445,0.0,0.0,0.0,0.0010979021935711008,0.00043553987080022065,0.0019222768188716264,False
mediation_aware_recourse,False,10.0,1.0,2.0,250,0.7771597769260407,0.739658705228567,0.8118804470956326,0.06875161856020717,0.05818509666790851,0.07962786199664712,0.1539530182199154,0.1458324109236261,0.1625905761068204,0.8882779166666667,0.8824993125,0.8944332604166666,0.019147609077394007,0.016524012937396765,0.021772319299168882,0.03209276768741571,0.019818717461762083,0.043701441655767156,-0.3199171128633739,-0.325345384418862,-0.3142191199176755,0.3204269392841142,0.31527983384342,0.32588924748100445,0.148,0.108,0.192,0.0,0.0,0.0,0.0,0.0,0.0,-0.24058362731895522,-0.24813183850298617,-0.2320850900875669,-8.96851116050114,-14.795938404868725,-6.349705533123365,-3.0325609125575754,-3.424474409283868,-2.6920255993302216,0.684,0.624,0.74,0.22474735595345716,0.20570807319222253,0.24365526917677316,0.034210268315423065,0.013509794467871372,0.06978547393142209,-0.021359520435333252,-0.035658532726764676,-0.009493120193481445,0.0,0.0,0.0,0.0010979021935711008,0.00043553987080022065,0.0019222768188716264,False
mediation_aware_recourse,False,10.0,2.0,2.0,250,0.7751998221874237,0.7367963768005371,0.8091477783262729,0.06900623752246934,0.058578284271604324,0.07982484718938525,0.15324759630465062,0.1452186303039595,0.16163075594800638,0.8885552083333333,0.8828674270833332,0.8946623489583333,0.019147609077394007,0.016524012937396765,0.021772319299168882,0.03209276768741571,0.019818717461762083,0.043701441655767156,-0.32066878226935275,-0.32593947606068707,-0.3150583523591181,0.32110173132603825,0.315685715606326,0.3266327456374058,0.148,0.108,0.192,0.0,0.0,0.0,0.0,0.0,0.0,-0.24133529672493415,-0.24846144918026522,-0.2329689483486768,-8.991932929957118,-14.852256728664123,-6.354667512035958,-3.0420357188240663,-3.4354259555137427,-2.7016864461621792,0.684,0.624,0.74,0.22465909261504868,0.20572835726041966,0.24346298395620303,0.010788498859445994,-0.04257864396512292,0.05251722238192557,-0.023319475173950194,-0.03797248077392578,-0.01103974962234497,0.0,0.0,0.0,0.0003462327875921396,-0.0010686653870271062,0.0016214465987119896,False
mediation_aware_recourse,False,10.0,5.0,2.0,250,0.7692473423480988,0.7309019806057214,0.8046097693264485,0.07008492010234336,0.059692651135196624,0.0807984585262372,0.1511869149111983,0.1433572917517504,0.1592460445381499,0.8896585416666667,0.8840519791666667,0.8951153697916666,0.019147609077394007,0.016524012937396765,0.021772319299168882,0.03209276768741571,0.019818717461762083,0.043701441655767156,-0.32122234579268777,-0.32674785021933833,-0.31551511455490855,0.3217603642717379,0.31640760318226374,0.32731594644880146,0.144,0.104,0.188,0.0,0.0,0.0,0.0,0.0,0.0,-0.2418888602482692,-0.24924898057793288,-0.2336185093457773,-9.009181785796748,-14.855430318884258,-6.357119218835515,-3.049013396907114,-3.439858919963872,-2.714205404582641,0.684,0.624,0.74,0.2244810247193664,0.2052579928942656,0.2434062877486287,-0.006460356980184656,-0.08893886928340322,0.06525872124002084,-0.029271955013275147,-0.047450388264656064,-0.015351644688844682,-0.004,-0.012,0.0,-0.00020733073574289308,-0.002550301735843159,0.002052453874308933,False
mediation_aware_recourse,False,10.0,5.654884063276899,2.0,250,0.7726369079351425,0.7315348672479391,0.8062382454156876,0.07056352274898489,0.0600267768041498,0.08158550685085071,0.1494471074315271,0.1416774315618401,0.15768409050102802,0.890359375,0.8848203541666667,0.8961830989583333,0.019147609077394007,0.016524012937396765,0.021772319299168882,0.03209276768741571,0.019818717461762083,0.043701441655767156,-0.3192989256412727,-0.3248597813903564,-0.3131899428051384,0.32001232690512427,0.31445634845225134,0.32569099065230656,0.14,0.1,0.184,0.0,0.0,0.0,0.0,0.0,0.0,-0.23996544009685414,-0.24770353478755994,-0.23088448334883369,-8.94924865163552,-14.740502551740732,-6.311048291091525,-3.02476865159918,-3.419070620519827,-2.6923999484742316,0.684,0.624,0.74,0.2229387062627589,0.20366013151485135,0.24192335389743538,0.05347277718104415,-0.039223092901835566,0.16691295460063646,-0.025882389426231386,-0.0452097690820694,-0.009739375317096712,-0.008,-0.02,0.0,0.0017160894156721695,-0.0012889423015690347,0.004772615546588492,True
transport_anchor_only,False,30.0,0.0,2.0,250,0.9250196988582611,0.874828849375248,0.9728094407826662,0.05936358957194354,0.050222082515704876,0.06863288267398218,0.15562059453038823,0.14765480940719042,0.16380313771575958,0.8917522916666668,0.8857392239583334,0.8980509583333333,0.019147609077394007,0.016524012937396765,0.021772319299168882,0.03209276768741571,0.019818717461762083,0.043701441655767156,-0.3238911841574947,-0.3287028079502709,-0.318790713192136,0.3244550302290553,0.31977230568909504,0.3292632760548586,0.164,0.12,0.208,0.0,0.0,0.0,0.0,0.0,0.0,-0.2445576986130761,-0.252001868926144,-0.23615744199157548,-9.092341904325679,-14.93419075858494,-6.456263416696162,-3.082654152087505,-3.4799444150591916,-2.7229292303464128,0.684,0.624,0.74,0.22756629361394465,0.20847258400184257,0.2467252721174444,0.038973383424618646,0.007421252554077107,0.09569151526928021,0.005273982882499695,-0.00028220009803771974,0.012242748498916626,0.008,-0.008,0.024,0.0012507637402388403,0.0002624940985807291,0.002448207792274211,False
mediation_aware_recourse,False,30.0,0.5,2.0,250,0.9229286187887191,0.8740708855271339,0.9703213538259268,0.059432612889596836,0.05024179987350116,0.06876671435476799,0.15480339341478014,0.1468084538032978,0.16314505943554053,0.8918881249999999,0.8858196354166666,0.8981321874999999,0.019147609077394007,0.016524012937396765,0.021772319299168882,0.03209276768741571,0.019818717461762083,0.043701441655767156,-0.32444082856276,-0.32937553786083407,-0.3191785884731957,0.32493031496679203,0.3202240424022714,0.3297518017372806,0.16,0.1199,0.204,0.0,0.0,0.0,0.0,0.0,0.0,-0.24510734301834144,-0.2523043615070381,-0.23697130132972363,-9.109468641745739,-14.97338685126646,-6.462014804453708,-3.089582429617396,-3.486870996241708,-2.731709497866801,0.684,0.624,0.74,0.22756629361394465,0.20847258400184257,0.2467252721174444,0.021846646004558323,0.0,0.054682212094240075,0.0031829028129577636,0.0,0.008060588359832763,0.004,-0.008,0.016,0.0007011193349735053,0.0,0.001472187903548049,False
mediation_aware_recourse,False,30.0,1.0,2.0,250,0.9197457159757614,0.8684141550540924,0.9673852344155311,0.05952948519313074,0.050364418173101735,0.06890832239229999,0.15423630294857468,0.14624706759717704,0.16289415823111492,0.8922277083333333,0.886293046875,0.89851715625,0.019147609077394007,0.016524012937396765,0.021772319299168882,0.03209276768741571,0.019818717461762083,0.043701441655767156,-0.32491194851448757,-0.329812306612998,-0.3197147564071916,0.3253711681468134,0.3206137450037156,0.3302117641999096,0.152,0.112,0.196,0.0,0.0,0.0,0.0,0.0,0.0,-0.24557846297006902,-0.25277580752332574,-0.23745281569390184,-9.124148583230259,-15.017793177987407,-6.462467741028814,-3.095520905010158,-3.495896993804469,-2.740554631130513,0.684,0.624,0.74,0.22756629361394465,0.20847258400184257,0.2467252721174444,0.007166704520038536,0.0,0.02528688429271599,0.0,0.0,0.0,-0.004,-0.012,0.0,0.00022999938324595615,0.0,0.0006899981497378684,False
mediation_aware_recourse,False,30.0,2.0,2.0,250,0.9201590412855148,0.8689468175470829,0.9681797831773757,0.059531869161407784,0.050366861740585696,0.06891303072964715,0.1535373963305045,0.145739534279959,0.16185031203202357,0.8925520833333334,0.886638859375,0.898806703125,0.019147609077394007,0.016524012937396765,0.021772319299168882,0.03209276768741571,0.019818717461762083,0.043701441655767156,-0.3257864777688619,-0.33073888848500405,-0.32056683450430284,0.3261688200371327,0.3213387387702413,0.3309981833921218,0.152,0.112,0.196,0.0,0.0,0.0,0.0,0.0,0.0,-0.24645299222444322,-0.253376133967434,-0.23813929247319923,-9.151398624825058,-15.064733498069057,-6.483298002290028,-3.10654436185657,-3.507817237286157,-2.7556460466194643,0.684,0.624,0.74,0.22760089012393148,0.20850741369992287,0.2467600191089259,-0.02008333707476062,-0.07860246567170596,0.013240938497083474,0.000413325309753418,0.0,0.0010333132743835449,-0.004,-0.012,0.0,-0.0006445298711282825,-0.0019824426361814453,0.0004254022565050841,False
mediation_aware_recourse,False,30.0,5.0,2.0,250,0.9218708521127701,0.8715578912109136,0.9693339572131634,0.05962152839118764,0.05039200496241435,0.06904258645181585,0.15156136629130817,0.14376548054036156,0.15973957641193412,0.8938029166666668,0.88800775,0.8997406822916666,0.019147609077394007,0.016524012937396765,0.021772319299168882,0.03209276768741571,0.019818717461762083,0.043701441655767156,-0.3274373323320009,-0.3320501681159115,-0.32265959060311195,0.3276679204923196,0.3230486051419088,0.33249203025529267,0.148,0.108,0.192,0.0,0.0,0.0,0.0,0.0,0.0,-0.24810384678758227,-0.2548546632667022,-0.24010769789462624,-9.202838705631375,-15.167076000272862,-6.482102236667887,-3.127353413063764,-3.5259952341375937,-2.781077667890304,0.684,0.624,0.74,0.22759558885183367,0.208553932051226,0.24677189657932358,-0.07152341788107819,-0.18592331368035625,-0.010426540633369905,0.002125136137008667,-0.0053343806624412534,0.009186467051506043,-0.008,-0.024,0.008,-0.002295384434267279,-0.004715392505305697,-0.00035172365173399947,False
mediation_aware_recourse,False,30.0,5.654884063276899,2.0,250,0.9321150858402252,0.8850302780389786,0.9795763072192669,0.059511364458055244,0.050275863932529065,0.06890372796744322,0.14994303598550493,0.14233048525456518,0.15802288574263687,0.8947181250000001,0.8891189270833334,0.9004491666666667,0.019147609077394007,0.016524012937396765,0.021772319299168882,0.03209276768741571,0.019818717461762083,0.043701441655767156,-0.3267830899463082,-0.33158304417477047,-0.3220117245257909,0.32710703430565435,0.32239677907600517,0.3321991143828313,0.148,0.108,0.192,0.0,0.0,0.0,0.0,0.0,0.0,-0.2474496044018896,-0.2542751766663242,-0.23963402259465824,-9.182452729823211,-15.174370082092931,-6.476181087790097,-3.1191066761253454,-3.522959194706922,-2.7781878533274464,0.684,0.624,0.74,0.22635839539931926,0.20731775484456025,0.2451496399623719,-0.05113744207291404,-0.17933308075180476,0.03180319655464369,0.012369369864463806,0.002046320563554764,0.023913977301120756,-0.008,-0.024,0.008,-0.0016411420485746271,-0.0046987016578899895,0.001100190798137552,True
transport_anchor_only,False,0.0,0.0,5.0,250,0.1761549826860428,0.14819285384416578,0.2030107170730829,0.5584139393655002,0.5263310991102598,0.5898653564629466,0.12028007075670426,0.10834116576155979,0.13349693511645788,0.7284045833333332,0.7225904843750001,0.734399453125,0.019147609077394007,0.016524012937396765,0.021772319299168882,0.03209276768741571,0.019818717461762083,0.043701441655767156,0.019281198055500742,0.009291463212840344,0.02931102055208747,0.08925675756333584,0.0824176380618878,0.09648440960774646,0.008,0.0,0.02,0.0,0.0,0.0,0.0,0.0,0.0,0.017115064790919707,0.011681810890628141,0.022417878208525144,0.3992042617420831,0.24400495826422083,0.6094643531428614,0.21573569689355232,0.1573964041747373,0.2765312527004905,0.072,0.04,0.104,0.0019367858698604635,0.0009067635056733476,0.003189552830567607,0.3992042617420831,0.2406597287596067,0.6128446614131173,0.1761549826860428,0.14819285384416578,0.2030107170730829,0.0,0.0,0.0,0.017115064790919707,0.012370643060831504,0.022277599913420112,False
mediation_aware_recourse,False,0.0,0.5,5.0,250,0.1726898798942566,0.14501461908519267,0.2005594762742519,0.5686043758666014,0.536954030287633,0.5993145346146379,0.11618759238420973,0.10441247453463924,0.12910748670744993,0.7293347916666667,0.7232000260416667,0.735563609375,0.019147609077394007,0.016524012937396765,0.021772319299168882,0.03209276768741571,0.019818717461762083,0.043701441655767156,0.023258031148398944,0.012888413287711793,0.033194971301159906,0.08940484819995152,0.08243218052537979,0.09673448604065626,0.008,0.0,0.02,0.0,0.0,0.0,0.0,0.0,0.0,0.01547004698096531,0.010866797904836543,0.019965310779901685,0.27528746118338254,0.14983975277332903,0.43284341417390176,0.19500021806433387,0.14553504555541774,0.24684488896697407,0.056,0.028,0.088,0.001440086335693171,0.0005664225769241377,0.0025218236675400734,0.27528746118338254,0.13981425990539176,0.4303115874050664,0.1726898798942566,0.14501461908519267,0.2005594762742519,0.0,0.0,0.0,0.01547004698096531,0.011030797976573447,0.019969140340024973,False
mediation_aware_recourse,False,0.0,1.0,5.0,250,0.17024106228351593,0.14270501507222652,0.19647577520608903,0.5832687427608544,0.5525323116346949,0.6129170016784468,0.11043563858199136,0.09881080838346604,0.12312183602653476,0.7307316666666666,0.7246509322916667,0.7371218541666666,0.019147609077394007,0.016524012937396765,0.021772319299168882,0.03209276768741571,0.019818717461762083,0.043701441655767156,0.028127878883221075,0.017896845642089446,0.038592661620164816,0.0908345813468931,0.08360834472922074,0.09844097726365156,0.008,0.0,0.02,0.0,0.0,0.0,0.0,0.0,0.0,0.011739251538185646,0.007731896507400176,0.016048304215572125,0.12354462048311765,-0.05081514698811987,0.26080547239084156,0.14797347497877,0.10469216386575127,0.19559679834523336,0.064,0.036,0.0920999999999999,0.001972550260210949,0.0008442574828090561,0.003278434198120986,0.12354462048311765,-0.025669624093843636,0.2506435073153565,0.17024106228351593,0.14270501507222652,0.19647577520608903,0.0,0.0,0.0,0.011739251538185646,0.007829144851166812,0.01565509018515529,False
mediation_aware_recourse,False,0.0,2.0,5.0,250,0.16718928480148315,0.14156080987751482,0.19309094730615617,0.5999458651775993,0.5700299199533918,0.6295623957009203,0.10109039604535495,0.08977166349657777,0.1130698511018794,0.7341770833333332,0.7278105104166666,0.7414118020833332,0.019147609077394007,0.016524012937396765,0.021772319299168882,0.03209276768741571,0.019818717461762083,0.043701441655767156,0.03296537924506107,0.02245361186383464,0.04373627112433345,0.09194435327860893,0.08460644604555463,0.09944336532522936,0.008,0.0,0.02,0.0,0.0,0.0,0.0,0.0,0.0,0.007853381638690302,0.004422767044146376,0.011373556805610427,-0.02719028680058444,-0.2121203033022573,0.09561249117904548,0.0989920156009434,0.05717134302480442,0.14153295296882548,0.06,0.032,0.0880999999999999,0.002125423769131708,0.0009356703685438878,0.0035791973823805557,-0.02719028680058444,-0.19701670569727497,0.08555520817078943,0.16718928480148315,0.14156080987751482,0.19309094730615617,0.0,0.0,0.0,0.007853381638690302,0.004390531063342973,0.01149706496741253,False
mediation_aware_recourse,False,0.0,5.0,5.0,250,0.19647242403030396,0.17030430522561074,0.22469024680256844,0.6527951470247318,0.6255843133517669,0.6782804477229333,0.0733078242465644,0.06590323496634261,0.08185556345920471,0.7482977083333333,0.7404310677083333,0.7562442447916665,0.019147609077394007,0.016524012937396765,0.021772319299168882,0.03209276768741571,0.019818717461762083,0.043701441655767156,0.050024877087073504,0.039388199101757275,0.060651957678362574,0.09457039278441193,0.08658856653572404,0.10221622702475569,0.008,0.0,0.02,0.0,0.0,0.0,0.0,0.0,0.0,0.0011838695435253922,-0.0035740977646256827,0.006114364073274627,-0.558758583065099,-1.0722573436425649,-0.28334801156130845,0.0149226967074646,-0.04482039649496891,0.07547562325278047,0.112,0.072,0.152,0.007653480213731846,0.004425008057137153,0.011472018884263574,-0.558758583065099,-1.1289598165285448,-0.27469928959600814,0.19647242403030396,0.17030430522561074,0.22469024680256844,0.0,0.0,0.0,0.0011838695435253922,-0.003725871418361989,0.006019507609805419,False
mediation_aware_recourse,False,0.0,5.654884063276899,5.0,250,0.21104697012901305,0.18290788999795912,0.23999128811061382,0.6635598556362908,0.637502383621798,0.6879206026847737,0.06706047058049819,0.06053763664923562,0.07411085084475252,0.7520935416666666,0.7434968854166666,0.760039703125,0.019147609077394007,0.016524012937396765,0.021772319299168882,0.03209276768741571,0.019818717461762083,0.043701441655767156,0.0524922118191452,0.04134435561431005,0.06306563399083737,0.09565442572371946,0.08764255161980675,0.1036274765394656,0.008,0.0,0.02,0.0,0.0,0.0,0.0,0.0,0.0,-0.0006120764186375479,-0.005891574694893673,0.004741864831207211,-0.635639915211444,-1.1983427051382605,-0.3374142094919797,-0.007715234171765228,-0.07145470103150686,0.0550464461657922,0.116,0.076,0.156,0.008204961058379687,0.004700716111194267,0.011969836835168392,-0.635639915211444,-1.2301610589815442,-0.3377878651033628,0.21104697012901305,0.18290788999795912,0.23999128811061382,0.0,0.0,0.0,-0.0006120764186375479,-0.005613391457135721,0.0045025701960010505,True
transport_anchor_only,False,1.0,0.0,5.0,250,0.1908050663471222,0.1627444492518902,0.21975565744340417,0.5059618719472551,0.47244020321049895,0.5397549421342417,0.1314594693173658,0.1195989249696737,0.14408018483654894,0.7306227083333333,0.7246614322916667,0.7369382864583333,0.019147609077394007,0.016524012937396765,0.021772319299168882,0.03209276768741571,0.019818717461762083,0.043701441655767156,-0.004812140687722181,-0.013794865745408733,0.0051617097708012505,0.09024518527475256,0.0832151489908305,0.09773513839505739,0.008,0.0,0.02,0.0,0.0,0.0,0.0,0.0,0.0,0.02201594229530727,0.015239383979074766,0.029668183576454763,0.8500552917531906,0.326198304545514,0.9919011368961876,0.27751134523114573,0.20641327784762198,0.3460466356252778,0.188,0.136,0.24,0.00736071432685542,0.004884179469444733,0.01010002185647278,2.141652033948874,1.4499153716005413,3.153190916268722,0.04308978486061096,0.004708898201584816,0.07763222006559373,-0.032,-0.056,-0.012,0.06125906402625471,0.04652102148728892,0.0771319656213185,False
mediation_aware_recourse,False,1.0,0.5,5.0,250,0.18150158071517944,0.15511475916802883,0.207939751213789,0.5103906640252692,0.4776163901600362,0.5432745501867883,0.12824150034902507,0.11639977491110502,0.14056301576073263,0.7317922916666666,0.7259141458333332,0.7380867916666667,0.019147609077394007,0.016524012937396765,0.021772319299168882,0.03209276768741571,0.019818717461762083,0.043701441655767156,-0.0035473938100064172,-0.012965675858906643,0.006703317492398676,0.0913643684261116,0.08418138846612286,0.09905368313798958,0.008,0.0,0.02,0.0,0.0,0.0,0.0,0.0,0.0,0.021295013160692655,0.014672094697888178,0.028774458025096667,0.8894643851051391,0.38091516514143964,0.9937403403161064,0.268424020633376,0.20015640996950562,0.34069172059684183,0.18,0.132,0.228,0.006766467720514138,0.004478419859064465,0.009356730567034753,2.1810611273008225,1.4398343040460526,3.2132281628761064,0.033786299228668215,-0.005243079167604446,0.06923138431608676,-0.032,-0.056,-0.012,0.060538134891640095,0.04611904094539252,0.07595277743097806,False
mediation_aware_recourse,False,1.0,1.0,5.0,250,0.17553207278251648,0.14954322294294833,0.20246516012251375,0.5182862443824964,0.4849843226974611,0.5521649342595657,0.12525409995570894,0.11342313142091441,0.13749455629326734,0.731860625,0.7259416979166667,0.73863115625,0.019147609077394007,0.016524012937396765,0.021772319299168882,0.03209276768741571,0.019818717461762083,0.043701441655767156,-0.00032493886883672873,-0.010406241179424298,0.01056430696653984,0.09197405246440638,0.08480908023564593,0.09933236026311322,0.008,0.0,0.02,0.0,0.0,0.0,0.0,0.0,0.0,0.019702386532799068,0.01348710519615458,0.02652572725121627,0.9898750125884548,0.49906739879540174,0.9953233366392449,0.24834893358829857,0.17872543991280934,0.31702041154470834,0.164,0.12,0.212,0.005667766753834872,0.00378451584394982,0.0076746021918990045,2.281471754784138,1.3849793636775805,3.346875494537531,0.02781679129600525,-0.012578667652606963,0.06354151470661162,-0.032,-0.056,-0.012,0.05894550826374652,0.04475440548057409,0.07390429057135411,False
mediation_aware_recourse,False,1.0,2.0,5.0,250,0.15837466204166412,0.13240227235257626,0.1845547478854656,0.5262466550135503,0.4940347553310205,0.5584095332895375,0.1196067526148644,0.10809727070774029,0.13225959622287914,0.735404375,0.7289545416666665,0.7424436718749999,0.019147609077394007,0.016524012937396765,0.021772319299168882,0.03209276768741571,0.019818717461762083,0.043701441655767156,0.0026251116979344544,-0.00715862893628648,0.013185676103821105,0.09096378897346187,0.08384581715724974,0.09794519768308524,0.008,0.0,0.02,0.0,0.0,0.0,0.0,0.0,0.0,0.02048149084653948,0.014534841328256767,0.02757595169157473,0.9182023899121726,0.6383616238334123,0.9911110712889365,0.2581695573563568,0.1932575177990474,0.3241982157240884,0.144,0.104,0.188,0.0046820008924977775,0.002960909287681497,0.00650071122336194,2.209799132107856,1.3108791243777282,3.500092470384733,0.010659380555152894,-0.028421346792578697,0.04411070185899734,-0.032,-0.056,-0.012,0.05972461257748693,0.045656397666630676,0.07524271245269923,False
mediation_aware_recourse,False,1.0,5.0,5.0,250,0.1621049369573593,0.13566487801969052,0.18842088522315023,0.5884811423775559,0.5566021678143775,0.6175931328552523,0.09498023997184706,0.0850217083383708,0.10639239438598522,0.7405847916666667,0.7332010885416665,0.7480329375,0.019147609077394007,0.016524012937396765,0.021772319299168882,0.03209276768741571,0.019818717461762083,0.043701441655767156,0.024993574464110983,0.01450052912172993,0.036047217529462584,0.09324471536379028,0.0860115429536084,0.1008806001410671,0.008,0.0,0.02,0.0,0.0,0.0,0.0,0.0,0.0,0.008935908494698058,0.00538172016513133,0.012688373485084137,0.22120850692751182,0.06646718876855143,0.3817501164092838,0.11263728592505717,0.06577491375728184,0.15705323728763748,0.08,0.048,0.112,0.0032170266535381906,0.0017352293075730228,0.004955300327136646,1.5128052491231951,0.7530741771118914,3.099595865961402,0.014389655470848084,-0.026987850376963614,0.05278714452087879,-0.032,-0.056,-0.012,0.04817903022564551,0.03554929119825935,0.061696609813862546,False
mediation_aware_recourse,False,1.0,5.654884063276899,5.0,250,0.17159513521194458,0.14324429890811444,0.19858381008207798,0.6031432785141136,0.5723874863072526,0.632825331087241,0.08750291683049057,0.07799529565825263,0.09808515261922965,0.7437460416666667,0.736409265625,0.7517192291666667,0.019147609077394007,0.016524012937396765,0.021772319299168882,0.03209276768741571,0.019818717461762083,0.043701441655767156,0.02971825594117383,0.01926237322375737,0.0409923606745891,0.09389482141950163,0.08657986571178064,0.10134620642290974,0.008,0.0,0.02,0.0,0.0,0.0,0.0,0.0,0.0,0.006218943847762443,0.0025607315763719425,0.009944312332123773,0.07398899868561282,-0.09777481744160049,0.22495986897922093,0.07838989810022212,0.033648221789886024,0.12066129835262333,0.072,0.04,0.108,0.0032336239773071308,0.0016144386047959969,0.004923395414940602,1.3655857408812961,0.6348372501837087,2.8582002788850334,0.02387985372543335,-0.017559713330864906,0.0626198678523302,-0.032,-0.056,-0.012,0.04546206557870989,0.032935971200297794,0.05857793187267153,True
transport_anchor_only,False,3.0,0.0,5.0,250,0.4284204641580582,0.39295600060522556,0.464771975889802,0.23915435787045003,0.20977004953193845,0.26751235573986293,0.1582826680216122,0.1477263181959782,0.16922592580869947,0.7986231250000001,0.7883967656249999,0.8097123385416667,0.019147609077394007,0.016524012937396765,0.021772319299168882,0.03209276768741571,0.019818717461762083,0.043701441655767156,-0.16126637111509712,-0.17899116899369333,-0.1447143634860064,0.19184867389200824,0.17757057592885267,0.20553714909949125,0.036,0.016,0.06,0.0,0.0,0.0,0.0,0.0,0.0,-0.08728962031079761,-0.10263307450424256,-0.07156226861810124,-4.025006652147775,-6.8226848406101945,-2.700465213183425,-1.100287220607802,-1.3380034200556181,-0.8507184545358403,0.568,0.508,0.628,0.12045366788763398,0.10248004871800334,0.13780482262102242,3.8212674768119452,2.7183230216656704,6.025599664036323,-0.13400704514980316,-0.16914278364479543,-0.09827612529397012,-0.076,-0.112,-0.044,0.11727831466468384,0.09761306271486127,0.13567725121564103,False
mediation_aware_recourse,False,3.0,0.5,5.0,250,0.42761084151268003,0.3917911292552948,0.46319592209160326,0.23860296226048386,0.20938803692303734,0.26748326416996615,0.1570493676338973,0.14690916472533389,0.16806304414326256,0.7991581249999999,0.7885431197916666,0.8103496145833333,0.019147609077394007,0.016524012937396765,0.021772319299168882,0.03209276768741571,0.019818717461762083,0.043701441655767156,-0.1643792854625465,-0.18178572162644924,-0.14759599724797692,0.19441036867290346,0.18090459430039896,0.20819368465083998,0.04,0.016,0.068,0.0,0.0,0.0,0.0,0.0,0.0,-0.09040253465824694,-0.10547774852462109,-0.07462110725561777,-4.122004031051621,-6.9889671469115076,-2.7865984624356726,-1.1395255614683766,-1.393151313959865,-0.8840814007617753,0.568,0.508,0.628,0.12356658223508332,0.10545074514339535,0.14090321755474003,3.724270097908099,2.6517422215395285,5.898809749818863,-0.13481666779518128,-0.17033714446127413,-0.1012651911944151,-0.072,-0.104,-0.04,0.11416540031723452,0.0956502026769299,0.13305180294438107,False
mediation_aware_recourse,False,3.0,1.0,5.0,250,0.4191925158500671,0.38137094563543794,0.45462277793884276,0.24239402923462494,0.2141365045026082,0.27153669855963375,0.1553888909677697,0.1450913932966194,0.16648687422140682,0.79884125,0.78788134375,0.8101979270833335,0.019147609077394007,0.016524012937396765,0.021772319299168882,0.03209276768741571,0.019818717461762083,0.043701441655767156,-0.16317479617004357,-0.18064027866714502,-0.14618107843737704,0.19289408364481553,0.17948669690276964,0.20642248259849222,0.04,0.016,0.068,0.0,0.0,0.0,0.0,0.0,0.0,-0.08843594875697906,-0.10431710111176577,-0.07344337343378823,-4.084472544075033,-6.865280285347039,-2.7487233809620286,-1.114736711113796,-1.3594953064550177,-0.8716216527830273,0.568,0.508,0.628,0.1225027000056321,0.10392888974117956,0.1402205050228446,3.7618015848846875,2.6570383531470436,6.013587220819598,-0.1432349934577942,-0.1779491986602545,-0.11029680974781514,-0.072,-0.104,-0.04,0.11613198621850236,0.09734584650682895,0.1351665702766255,False
mediation_aware_recourse,False,3.0,2.0,5.0,250,0.40921053278446196,0.3743318456172943,0.4432396147847176,0.25306580226517816,0.2222427664449409,0.28386607885765525,0.15043416993717848,0.1402092592331306,0.16101218300509484,0.7960083333333332,0.7844782291666667,0.8070875,0.019147609077394007,0.016524012937396765,0.021772319299168882,0.03209276768741571,0.019818717461762083,0.043701441655767156,-0.16148723298834006,-0.17891997361229536,-0.14496718926464564,0.1900237908778165,0.17667791906127575,0.20445101002425892,0.036,0.016,0.06,0.0,0.0,0.0,0.0,0.0,0.0,-0.0857481176690652,-0.10161903265355292,-0.07088809605153078,-4.031888634885885,-6.932458205065373,-2.6730587989339387,-1.080856552319954,-1.3330083969627184,-0.8539160058071198,0.568,0.508,0.624,0.12065479503560111,0.10264106778461889,0.13777695374305343,3.8143854940738358,2.7124309740637167,6.152274237365572,-0.15321697652339936,-0.18489665747582912,-0.1197002428352833,-0.076,-0.108,-0.044,0.11881981730641623,0.09966619584081585,0.13778910042969172,False
mediation_aware_recourse,False,3.0,5.0,5.0,250,0.36282715237140656,0.32305090338885784,0.40154514402449126,0.3077625994347556,0.27603363316459123,0.34206193336094814,0.133577628858564,0.12344308370365921,0.144058928072386,0.7847133333333334,0.7735630625000001,0.7953209010416668,0.019147609077394007,0.016524012937396765,0.021772319299168882,0.03209276768741571,0.019818717461762083,0.043701441655767156,-0.12893767908050488,-0.14658536087600177,-0.11105476347030054,0.16617757226650787,0.1535180350324495,0.17976767855733233,0.02,0.004,0.04,0.0,0.0,0.0,0.0,0.0,0.0,-0.05715143582510168,-0.07273494205304086,-0.042320204595148146,-3.017655327716226,-5.309806988331472,-1.8666396116199229,-0.7203948677271055,-0.9585890048613944,-0.4931253086912684,0.508,0.444,0.5680999999999998,0.09378734179040982,0.07718156829003629,0.11066007677492275,4.828618801243494,3.5093015671421672,7.514858092447693,-0.19960035693645478,-0.2365442515492439,-0.16110124928057193,-0.092,-0.128,-0.056,0.14741649915037977,0.12864436881107394,0.16490991189310078,False
mediation_aware_recourse,False,3.0,5.654884063276899,5.0,250,0.3561036098003387,0.3153813727647066,0.39498079701066013,0.318856207582475,0.2853501103036632,0.3532602219047719,0.12958906305414206,0.11992516865750447,0.13988500599928821,0.7836554166666667,0.7730893020833333,0.79364396875,0.019147609077394007,0.016524012937396765,0.021772319299168882,0.03209276768741571,0.019818717461762083,0.043701441655767156,-0.12281490081917433,-0.14056765510485464,-0.10615255486399096,0.16174074772173502,0.14889301344334915,0.17563561319738677,0.016,0.004,0.032,0.0,0.0,0.0,0.0,0.0,0.0,-0.05291298062519429,-0.06838023318631904,-0.037906896564352144,-2.8268715872496344,-5.043225640225245,-1.7356468023118794,-0.6669690643501154,-0.8871566721066112,-0.4508784427031227,0.488,0.42,0.544,0.08963632553469186,0.07410878075134669,0.10502581358362224,5.019402541710086,3.64806738610191,7.7244270555421135,-0.20632389950752258,-0.24473965822458268,-0.1672831587731838,-0.096,-0.132,-0.06,0.15165495435028717,0.1329700114996093,0.1690203182856008,True
transport_anchor_only,False,10.0,0.0,5.0,250,0.7639193540811539,0.7257199050188065,0.7977133789002896,0.07412207616512764,0.06288501569996927,0.08542841994953558,0.15651632079550928,0.14813129170301256,0.16522419612696715,0.877974375,0.8721098177083333,0.8841821666666667,0.019147609077394007,0.016524012937396765,0.021772319299168882,0.03209276768741571,0.019818717461762083,0.043701441655767156,-0.31313683168962814,-0.3192584303293551,-0.3064295533321131,0.31422056886926714,0.307940136540985,0.32044616817154437,0.148,0.108,0.192,0.0,0.0,0.0,0.0,0.0,0.0,-0.23380334614520956,-0.24181492270816027,-0.22587060970889858,-8.757239847294818,-14.410102583282281,-6.204103922028907,-2.947095347453298,-3.3254738573611173,-2.6124805371501245,0.684,0.624,0.74,0.2226480408233151,0.20362899532594447,0.24170034767282494,0.24548158152174615,0.12700962234248597,0.4900086677781496,-0.03459994328022003,-0.05855928682684898,-0.014462515160441402,0.0,-0.012,0.012,0.007878183367316757,0.004602280374988659,0.011818408153736507,False
mediation_aware_recourse,False,10.0,0.5,5.0,250,0.7592483313083649,0.7212521931380034,0.7925055025547743,0.07369785374448265,0.06236647677147841,0.08517709489103821,0.15511510151929023,0.14679810632409468,0.1637463643887145,0.8798327083333333,0.8741816875,0.88629396875,0.019147609077394007,0.016524012937396765,0.021772319299168882,0.03209276768741571,0.019818717461762083,0.043701441655767156,-0.31485159348205843,-0.3207254745817696,-0.3078951398977461,0.3158892161118138,0.3096595804307148,0.32226697180376285,0.144,0.104,0.188,0.0,0.0,0.0,0.0,0.0,0.0,-0.2355181079376398,-0.24328403155813405,-0.22718669970303054,-8.810671256175851,-14.54224591819303,-6.243096612660119,-2.968709950425333,-3.3565122302795336,-2.631362916086583,0.684,0.624,0.74,0.2231586013292142,0.20413403464985524,0.2423183255685864,0.19205017264071245,0.09722940468151926,0.38828071212535076,-0.03927096605300903,-0.06125193718671798,-0.019871400356292725,-0.004,-0.012,0.0,0.006163421574886503,0.003625095126835852,0.009642767907408221,False
mediation_aware_recourse,False,10.0,1.0,5.0,250,0.7609431140422821,0.7236793111026287,0.7946437218070029,0.07350959450159593,0.062201369650499126,0.08479294817576807,0.15484891741805507,0.1466276075443711,0.1633173395920466,0.8799102083333333,0.8741160729166666,0.8865295989583334,0.019147609077394007,0.016524012937396765,0.021772319299168882,0.03209276768741571,0.019818717461762083,0.043701441655767156,-0.3144400677440241,-0.32015186867161954,-0.3074233375018076,0.3154908404446602,0.30940694779893074,0.3218945564784904,0.144,0.104,0.188,0.0,0.0,0.0,0.0,0.0,0.0,-0.23510658219960553,-0.24321161446993117,-0.22675853674628288,-8.797848250630096,-14.525749827626708,-6.23009164302724,-2.963522661158887,-3.3536187740004686,-2.622795335488977,0.684,0.624,0.74,0.2232946229808697,0.20426014692771688,0.2424807786303018,0.20487317818646744,0.09989718061166977,0.40896110225714,-0.037576183319091794,-0.059962322306632995,-0.018378113710880287,-0.004,-0.012,0.0,0.0065749473129207954,0.003841271949668087,0.010129831126893397,False
mediation_aware_recourse,False,10.0,2.0,5.0,250,0.7611497766971588,0.7226059097647667,0.7936637378036976,0.07297344331322944,0.06180023021452746,0.08419269982194137,0.15416940105378696,0.14606491471353827,0.1627459231555755,0.8811760416666666,0.8754349479166667,0.8874409270833333,0.019147609077394007,0.016524012937396765,0.021772319299168882,0.03209276768741571,0.019818717461762083,0.043701441655767156,-0.31569721211393426,-0.32136419651436304,-0.3093872595223894,0.3164472704075143,0.3105108234666368,0.3228250729513094,0.148,0.108,0.192,0.0,0.0,0.0,0.0,0.0,0.0,-0.23636372656951574,-0.24375562890209107,-0.2281350124123303,-8.837020452359619,-14.640922951886449,-6.256941127845763,-2.979368988359603,-3.3739161969228597,-2.645688063498945,0.684,0.624,0.74,0.22346093833557104,0.20451932649158486,0.2425894929706383,0.16570097645694482,0.0829572476658131,0.33742499930157416,-0.03736952066421509,-0.058267539572715764,-0.019533612251281737,0.0,0.0,0.0,0.005317802943010591,0.002999983464168184,0.008479263344845157,False
mediation_aware_recourse,False,10.0,5.0,5.0,250,0.7754006426334381,0.7418841500788926,0.8083627808958291,0.07376884223734098,0.06238303748261021,0.08554539456638835,0.1496768699681063,0.14180275369376344,0.15809017861121558,0.8803414583333333,0.874886421875,0.8861495364583333,0.019147609077394007,0.016524012937396765,0.021772319299168882,0.03209276768741571,0.019818717461762083,0.043701441655767156,-0.3124556960932242,-0.3186240793264877,-0.3062356139616282,0.31314561176048633,0.3072455316938933,0.318930875391819,0.14,0.1,0.184,0.0,0.0,0.0,0.0,0.0,0.0,-0.2331222105488056,-0.24058212746196614,-0.22484540579312523,-8.736015887957992,-14.388760233698616,-6.173046054278111,-2.9385096211142914,-3.324221352189921,-2.61357066674958,0.684,0.624,0.74,0.21939391200435696,0.20054673910110288,0.23792631475715428,0.2667055408585721,0.15412631254575243,0.4638963076649361,-0.02311865472793579,-0.04740253527164459,-0.0001983250856399537,-0.008,-0.02,0.0,0.008559318963720699,0.005168557987527893,0.012431067990529922,False
mediation_aware_recourse,False,10.0,5.654884063276899,5.0,250,0.7906536873579025,0.7559254669398069,0.822266918772459,0.07463944292387516,0.0633449222789121,0.08628230683293406,0.14683843082106618,0.13925721292657567,0.15512116915673613,0.8786204166666667,0.8729843802083334,0.8848310520833332,0.019147609077394007,0.016524012937396765,0.021772319299168882,0.03209276768741571,0.019818717461762083,0.043701441655767156,-0.30674457839187447,-0.3128702512022686,-0.3004348317018413,0.3077701061318314,0.3020486304181022,0.31394354544465364,0.124,0.084,0.164,0.0,0.0,0.0,0.0,0.0,0.0,-0.22741109284745586,-0.23566874183416214,-0.21863387049485644,-8.558059354044303,-14.066502974060143,-6.0443000442920525,-2.8665208806453992,-3.253653390990862,-2.550466686887033,0.684,0.624,0.74,0.21552649777091812,0.19675379863113424,0.23345096394695244,0.4446620747722605,0.2785752300163526,0.7543196417063814,-0.007865610003471375,-0.03499495792388916,0.01711052205860614,-0.024,-0.044,-0.008,0.014270436665070444,0.009831266323969452,0.019220167861214502,True
transport_anchor_only,False,30.0,0.0,5.0,250,0.9504443612098694,0.9000856211692095,0.9982681335479021,0.05917510754827376,0.05002562587448091,0.06847431117434725,0.15675725461614978,0.14847869089216892,0.16545892680854477,0.8870779166666666,0.8805425260416666,0.8939135624999999,0.019147609077394007,0.016524012937396765,0.021772319299168882,0.03209276768741571,0.019818717461762083,0.043701441655767156,-0.32165630898707154,-0.32634611334744745,-0.31679966848387525,0.3223972556426422,0.3177311298409328,0.32705231073943974,0.176,0.132,0.224,0.0,0.0,0.0,0.0,0.0,0.0,-0.2423228234426529,-0.2496385643703742,-0.234335622134123,-9.022703935042665,-14.790231616038172,-6.405054449344277,-3.05448351071096,-3.4499113970006774,-2.689569769572144,0.684,0.624,0.74,0.22629690325317858,0.20715612227175653,0.24529751774409478,0.10861135270763178,0.04757610879308982,0.2185739064067834,0.030698645234107973,0.016722747123241424,0.04595642647147179,0.02,0.0,0.044,0.00348563891066204,0.0016502914110676492,0.00553297397616276,False
mediation_aware_recourse,False,30.0,0.5,5.0,250,0.9448881783485412,0.8942207536935807,0.9925074561029672,0.05928916734086032,0.050047234165318526,0.06859559637752838,0.15624167352205992,0.1479162423088658,0.16463415104780038,0.8875187499999999,0.8810727343750001,0.894050796875,0.019147609077394007,0.016524012937396765,0.021772319299168882,0.03209276768741571,0.019818717461762083,0.043701441655767156,-0.3224876689114589,-0.32734725112298835,-0.317389413936323,0.3232086802292135,0.3183752461121665,0.32806835621445724,0.176,0.132,0.224,0.0,0.0,0.0,0.0,0.0,0.0,-0.2431541833670403,-0.2501999599662426,-0.2349296202781465,-9.048608834628917,-14.847082829160067,-6.41848315036988,-3.06496281738307,-3.4641913418283568,-2.704639432075464,0.684,0.624,0.74,0.2265783430795907,0.207428490543439,0.24529651298331992,0.08270645312138036,0.03518679101800619,0.1674396174591893,0.025142462372779846,0.010771656629443169,0.040205377274751646,0.02,0.0,0.044,0.0026542789862746457,0.0011550675937073613,0.00441386328590435,False
mediation_aware_recourse,False,30.0,1.0,5.0,250,0.9425148983001709,0.8934113819748163,0.9908738541156054,0.059287400661856,0.05005135404051959,0.06859918973973693,0.1558591049551586,0.14773643166989622,0.16414677182338314,0.8880750000000001,0.8816501875,0.8947604843750001,0.019147609077394007,0.016524012937396765,0.021772319299168882,0.03209276768741571,0.019818717461762083,0.043701441655767156,-0.32267395147536165,-0.327506698724482,-0.3176416759429715,0.3233804057960091,0.3185292569320327,0.3281935706084139,0.176,0.132,0.22,0.0,0.0,0.0,0.0,0.0,0.0,-0.24334046593094308,-0.250399672791584,-0.2351975417882867,-9.054413337553598,-14.855421870360534,-6.429687537538429,-3.0673109124229443,-3.4645941512402154,-2.707992405607405,0.684,0.624,0.74,0.2267518258917551,0.20760774996729348,0.2455969584463419,0.07690195019669943,0.03241171017002129,0.15582201237708604,0.022769182324409484,0.0085998726695776,0.03687816734910011,0.02,0.0,0.04,0.0024679964223718793,0.0011078210573208745,0.004098487606272041,False
mediation_aware_recourse,False,30.0,2.0,5.0,250,0.9330973153114319,0.8838558708012104,0.9804598737090825,0.0593918707249955,0.05021194040879877,0.06876135297030735,0.15470929614419812,0.14669344122595604,0.1631750345095481,0.8896458333333334,0.8835342083333333,0.896199328125,0.019147609077394007,0.016524012937396765,0.021772319299168882,0.03209276768741571,0.019818717461762083,0.043701441655767156,-0.32364021879678,-0.32857770970027317,-0.3185080039158733,0.324257449251825,0.3196115475863404,0.3291325422359382,0.168,0.124,0.212,0.0,0.0,0.0,0.0,0.0,0.0,-0.24430673325236138,-0.25175725646049296,-0.23598686171762975,-9.084521906899496,-14.936059313620794,-6.434392228749336,-3.079490729240363,-3.4790786986309667,-2.7189546634690407,0.684,0.624,0.74,0.227026090504274,0.20781244679823974,0.24617442343158855,0.04679338085080076,0.018348953487591357,0.1011713323984194,0.013351599335670471,0.0021604181557893756,0.02535429182648658,0.012,-0.004,0.032,0.0015017291009535691,0.000613045803911633,0.0025457194551749356,False
mediation_aware_recourse,False,30.0,5.0,5.0,250,0.9347335885763168,0.8852901490092278,0.9839179866939782,0.05956918284595089,0.050344555068767734,0.06886116912941757,0.152594133709205,0.14465263041245646,0.16078629497587557,0.8898758333333333,0.8837267031249999,0.8960996770833333,0.019147609077394007,0.016524012937396765,0.021772319299168882,0.03209276768741571,0.019818717461762083,0.043701441655767156,-0.3224693170912914,-0.3274733537701366,-0.3172022747573857,0.32300088219301887,0.31797143343061024,0.3278471696361355,0.156,0.112,0.2,0.0,0.0,0.0,0.0,0.0,0.0,-0.24313583154687277,-0.25012432909434396,-0.23472654619606434,-9.04803699799749,-14.909671664575354,-6.383391592419014,-3.0647314923626006,-3.4639949112694186,-2.721162800216371,0.684,0.624,0.74,0.2262457229907328,0.20708503374840115,0.2451845973895317,0.0832782897528066,0.004285700322042987,0.1969283990668282,0.01498787260055542,0.0028592214584350585,0.02813288218975067,0.0,-0.012,0.012,0.0026726308064421887,0.00013563193507713144,0.005552192339456678,False
mediation_aware_recourse,False,30.0,5.654884063276899,5.0,250,0.9434141649007797,0.8931450721859933,0.9925754041373729,0.05958323313043969,0.05037310387667091,0.06891625824879757,0.15116226833762167,0.1435154522346239,0.15905990495682792,0.889588125,0.883416171875,0.8959339270833333,0.019147609077394007,0.016524012937396765,0.021772319299168882,0.03209276768741571,0.019818717461762083,0.043701441655767156,-0.32113416227796643,-0.3262688891776016,-0.3158469497940208,0.3217343199687964,0.31624072314962576,0.3266237005049763,0.156,0.112,0.2,0.0,0.0,0.0,0.0,0.0,0.0,-0.24180067673354783,-0.24920671616755802,-0.23364092417497354,-9.006434016717428,-14.796319449150445,-6.349691268843442,-3.0479018421315205,-3.450706675170333,-2.7032344970872115,0.684,0.624,0.74,0.2244222050131299,0.2054297072965829,0.24329454116099222,0.12488127103286928,0.028037809102824964,0.2610265890267557,0.02366844892501831,0.00997432509660721,0.037908486247062674,0.0,-0.012,0.012,0.0040077856197671315,0.0008621016375813833,0.007387065441289672,True
transport_anchor_only,False,0.0,0.0,10.0,250,0.2835082218647003,0.24234019107818602,0.3260945008158684,0.5458780638827315,0.5155635397746612,0.5773044838925905,0.1269166157606442,0.1145849213106879,0.14002304795044784,0.7137029166666666,0.7084822083333334,0.7189619427083334,0.019147609077394007,0.016524012937396765,0.021772319299168882,0.03209276768741571,0.019818717461762083,0.043701441655767156,0.01481053766328223,0.005451431610440358,0.024892631296452875,0.08845418565130916,0.08162805256931771,0.0957763987172193,0.008,0.0,0.02,0.0,0.0,0.0,0.0,0.0,0.0,0.02018134625615138,0.014322988595624227,0.02662545743680666,0.5385085572071189,0.36441287414478285,0.7903091546300588,0.25438622944219313,0.19099753182495008,0.3228822664200668,0.1,0.064,0.136,0.00251982023554962,0.0014181217336435416,0.004010413031125319,0.5385085572071189,0.35396378529463474,0.7919022528372872,0.2835082218647003,0.24234019107818602,0.3260945008158684,0.0,0.0,0.0,0.02018134625615138,0.01421994030417032,0.026185132512652944,False
mediation_aware_recourse,False,0.0,0.5,10.0,250,0.27584393084049225,0.23644329806268216,0.31511903067827224,0.5550780502497157,0.5236046820202946,0.5867174367713264,0.12376289255674983,0.11192527162476602,0.13721419603047638,0.7145562499999999,0.70938478125,0.7198271770833334,0.019147609077394007,0.016524012937396765,0.021772319299168882,0.03209276768741571,0.019818717461762083,0.043701441655767156,0.01800671888862304,0.008192021446825966,0.02872176058615468,0.08908759542070971,0.08215590721661929,0.09619711569034167,0.008,0.0,0.02,0.0,0.0,0.0,0.0,0.0,0.0,0.01807474594771601,0.012397038028083451,0.02409847736190075,0.4389166099973397,0.25122793083261447,0.6531851055857528,0.22783249498846236,0.16499386290613055,0.28864628247683594,0.088,0.056,0.124,0.002478454225611241,0.0013557787067180478,0.0038990826317188954,0.4389166099973397,0.2601526225397791,0.6621446598246947,0.27584393084049225,0.23644329806268216,0.31511903067827224,0.0,0.0,0.0,0.01807474594771601,0.01247878548069954,0.023508411788307298,False
mediation_aware_recourse,False,0.0,1.0,10.0,250,0.26953663504123687,0.23214680390655992,0.3096903422385454,0.568067463124524,0.5372909080313325,0.5996825327006757,0.11794604275414364,0.10679861510558745,0.13087086174868146,0.7156002083333333,0.7103481354166666,0.7210633072916668,0.019147609077394007,0.016524012937396765,0.021772319299168882,0.03209276768741571,0.019818717461762083,0.043701441655767156,0.02298269867709159,0.013262271530611259,0.03308490285046278,0.08958318678389844,0.0825142007670533,0.09668416076626794,0.008,0.0,0.02,0.0,0.0,0.0,0.0,0.0,0.0,0.015403839706312226,0.009750138235056273,0.020947293908565135,0.28386672969612337,0.11508013156428265,0.47027059088968515,0.19416567418669195,0.1365429594911515,0.25114333004259104,0.072,0.04,0.104,0.0021217530990069577,0.0010117124199937036,0.003509598548843599,0.28386672969612337,0.11941360267540432,0.4562305524292867,0.26953663504123687,0.23214680390655992,0.3096903422385454,0.0,0.0,0.0,0.015403839706312226,0.010055871145943198,0.020218659921689763,False
mediation_aware_recourse,False,0.0,2.0,10.0,250,0.2668226451873779,0.23005754322707653,0.3059891743093729,0.5791368169790538,0.5490421958837187,0.6086929916135987,0.11264060304465073,0.10089014469495038,0.12444338776950276,0.7166670833333333,0.7115306874999999,0.7219191093749999,0.019147609077394007,0.016524012937396765,0.021772319299168882,0.03209276768741571,0.019818717461762083,0.043701441655767156,0.027376194990589048,0.017660489078063668,0.03700964937434772,0.0891364738181712,0.08224255050659672,0.09600020732939114,0.012,0.0,0.028,0.0,0.0,0.0,0.0,0.0,0.0,0.013774793530123479,0.008887260704692613,0.01846147579483538,0.14696684133840332,-0.05078540701691935,0.30188882369381564,0.1736315180859035,0.12130819341466166,0.22748099715656175,0.072,0.04,0.104,0.002580343630546232,0.0012014142874596455,0.00411441837009401,0.14696684133840332,-0.022971286247562832,0.3005041547468526,0.2668226451873779,0.23005754322707653,0.3059891743093729,0.004,0.0,0.012,0.013774793530123479,0.009012890656243524,0.018170517339092977,False
mediation_aware_recourse,False,0.0,5.0,10.0,250,0.271342592716217,0.2345956281274557,0.3105790708899498,0.6176459161126105,0.5885668683166005,0.645393583603433,0.09593666450863413,0.08537487835533783,0.10667538452106327,0.7220645833333333,0.7166389999999999,0.728079828125,0.019147609077394007,0.016524012937396765,0.021772319299168882,0.03209276768741571,0.019818717461762083,0.043701441655767156,0.040485280394855876,0.03003049615081078,0.050895161156704775,0.09239210880339593,0.0850668006033421,0.09965859217949546,0.008,0.0,0.02,0.0,0.0,0.0,0.0,0.0,0.0,0.005531259726066386,0.0015925747982872874,0.009523086488818654,-0.261507913221553,-0.5951331313724001,-0.0804268376246562,0.06972162748313193,0.02133172737469241,0.11608792962861864,0.068,0.036,0.1,0.0034878247803007962,0.0018169723595195255,0.005624179935741343,-0.261507913221553,-0.6214246929098188,-0.08350550628289727,0.271342592716217,0.2345956281274557,0.3105790708899498,0.0,0.0,0.0,0.005531259726066386,0.0016540532731943417,0.009233736831505406,False
mediation_aware_recourse,False,0.0,5.654884063276899,10.0,250,0.29405618679523465,0.2556115870177746,0.33523783326447004,0.6368137147186171,0.6102871246025023,0.662868528638159,0.08764971001399387,0.07858767062764185,0.09779429423832242,0.7241722916666667,0.7183048177083333,0.7306299531250001,0.019147609077394007,0.016524012937396765,0.021772319299168882,0.03209276768741571,0.019818717461762083,0.043701441655767156,0.047806813308849484,0.037223252457773644,0.05769436513581898,0.09337625521250928,0.08591863728242854,0.10080359844012304,0.008,0.0,0.02,0.0,0.0,0.0,0.0,0.0,0.0,0.0038422587662510655,-0.0009426252132515221,0.008579847329682174,-0.48964445118878297,-0.9960551613829766,-0.23232900867789924,0.04843174026558805,-0.013312624280753726,0.10519746972917786,0.092,0.056,0.132,0.006238591140445358,0.0035038651445474483,0.009590895640856557,-0.48964445118878297,-1.0313642932730924,-0.23224607511806702,0.29405618679523465,0.2556115870177746,0.33523783326447004,0.0,0.0,0.0,0.0038422587662510655,-0.0011643070535264184,0.008552016832874265,True
transport_anchor_only,False,1.0,0.0,10.0,250,0.3125291121006012,0.2680960149526596,0.357495726120472,0.5147783352199828,0.48245383460613334,0.5475519880751253,0.13365015568580094,0.12123912012294392,0.1468332519215219,0.7121445833333332,0.7070673177083333,0.7173331093749999,0.019147609077394007,0.016524012937396765,0.021772319299168882,0.03209276768741571,0.019818717461762083,0.043701441655767156,0.0014666906893872024,-0.007102278008256042,0.010990050565802056,0.08833277305921729,0.0816478074280626,0.0952895054482978,0.012,0.0,0.028,0.0,0.0,0.0,0.0,0.0,0.0,0.026892467866802876,0.02037679685819999,0.03446702572796198,0.9542984044357656,0.6515849714241378,0.9957362349568939,0.3389800370203808,0.27496276335471304,0.41197136355691644,0.164,0.12,0.212,0.004098085960095501,0.0026963405882020376,0.005722677239629762,2.245895146631449,1.3656530093461052,3.511941713163053,0.16481383061408997,0.11960086210370063,0.20762433485090734,-0.028,-0.056,-0.004,0.06613558959775033,0.05106229726206919,0.08175581582035849,False
mediation_aware_recourse,False,1.0,0.5,10.0,250,0.3077825517654419,0.26505086345374584,0.3551426790118217,0.5157100435059804,0.4831493135049286,0.5476903748446207,0.13303990316355108,0.12062688503485139,0.1464086838426321,0.712548125,0.7071980989583333,0.7177137656250001,0.019147609077394007,0.016524012937396765,0.021772319299168882,0.03209276768741571,0.019818717461762083,0.043701441655767156,0.0016235287640857159,-0.007059644926629382,0.011134004977686969,0.08821046705072157,0.08149095438443246,0.09499729954259155,0.012,0.0,0.028,0.0,0.0,0.0,0.0,0.0,0.0,0.026531811014428162,0.01998271395905405,0.03413930261949257,0.9494113820316489,0.6468659518041372,0.9961016417723305,0.33443395096479234,0.2692511201855972,0.40706404595195994,0.16,0.116,0.208,0.004199995348933602,0.0027788435367874773,0.005876322434200959,2.2410081242273323,1.3617540787097249,3.5186014444609057,0.16006727027893067,0.11373461276590824,0.2015698880344629,-0.028,-0.056,-0.004,0.0657749327453756,0.050897199270891015,0.08152520509129887,False
mediation_aware_recourse,False,1.0,1.0,10.0,250,0.30540927159786224,0.26301633113622663,0.35370084659457207,0.5157000799427116,0.4832202717643122,0.5478402399666231,0.13212153639538846,0.11977884753428768,0.14582580240163803,0.712858125,0.70756284375,0.7182097135416667,0.019147609077394007,0.016524012937396765,0.021772319299168882,0.03209276768741571,0.019818717461762083,0.043701441655767156,0.0011719971181672908,-0.007573621032030167,0.010347502087111866,0.08822080999619485,0.08139691588484685,0.09502399830453098,0.012,0.0,0.028,0.0,0.0,0.0,0.0,0.0,0.0,0.02642157618501925,0.01986943656989271,0.03366636404595524,0.9634809584021369,0.645837373386703,0.9932401252938261,0.3330444389743329,0.26711155029396455,0.40753447437415213,0.164,0.1199,0.212,0.00435616141353384,0.0029008953558312387,0.006029856364837698,2.25507770059782,1.3770535103150698,3.5041649970529583,0.15769399011135102,0.11267318146824837,0.1994345099300146,-0.028,-0.056,-0.004,0.06566469791596669,0.050573534217385765,0.0811616044280828,False
mediation_aware_recourse,False,1.0,2.0,10.0,250,0.28994664311408996,0.24950795596838,0.33410424241721626,0.5269239683147435,0.4936096203915738,0.5591121648717997,0.1278663932101971,0.11573603337110343,0.1408900233419239,0.7139127083333333,0.7087512031250001,0.7190248541666666,0.019147609077394007,0.016524012937396765,0.021772319299168882,0.03209276768741571,0.019818717461762083,0.043701441655767156,0.0056947580023802786,-0.0031512304611542295,0.015648107685201862,0.08825888974509577,0.08139460041399142,0.0954473141364836,0.012,0.0,0.028,0.0,0.0,0.0,0.0,0.0,0.0,0.02432884821932319,0.01804055773835431,0.031005993388709352,0.8225532288817421,0.61731767401245,0.985433416917581,0.30666556564820957,0.23976144672465882,0.3720776646416106,0.136,0.096,0.1760999999999999,0.0034646656981324087,0.0022038984005464325,0.004970550830731796,2.1141499710774254,1.248901356898113,3.645796159406637,0.14223136162757874,0.0986510754287243,0.1817943265199661,-0.028,-0.056,-0.004,0.06357196995027063,0.04936035022016675,0.07840897282082576,False
mediation_aware_recourse,False,1.0,5.0,10.0,250,0.27589659655094145,0.23907270505428313,0.3151692039310932,0.5748071344498352,0.5444311057805018,0.6054107851287728,0.10733983625192212,0.09652693799066918,0.11905553871083083,0.7179804166666666,0.7127847395833333,0.723624828125,0.019147609077394007,0.016524012937396765,0.021772319299168882,0.03209276768741571,0.019818717461762083,0.043701441655767156,0.02271779469530786,0.013006674551952918,0.03299009171278124,0.08907556148502217,0.0823414657711583,0.09599963972375522,0.012,0.0,0.028,0.0,0.0,0.0,0.0,0.0,0.0,0.01496072189891506,0.010064166122245394,0.0200439997303648,0.29212104993312826,0.10853960376839179,0.4763411489773481,0.18858016632256247,0.13104319149557972,0.24660536050258594,0.1,0.06,0.136,0.003973554320507252,0.0021985435655588474,0.005897468857111652,1.5837177921288115,0.8071362363250866,3.1502132458041237,0.12818131506443023,0.08098950580656529,0.17153823047876357,-0.028,-0.056,-0.004,0.05420384362986251,0.040868574309868066,0.06817075932698338,False
mediation_aware_recourse,False,1.0,5.654884063276899,10.0,250,0.2737884883880615,0.2371679810643196,0.313524132835865,0.5835396708140799,0.5512287488362534,0.6130758838719078,0.10416291247245792,0.09313225142109945,0.1161335639285053,0.719010625,0.7137459895833332,0.7246385624999999,0.019147609077394007,0.016524012937396765,0.021772319299168882,0.03209276768741571,0.019818717461762083,0.043701441655767156,0.025559778797257102,0.015515941442914743,0.03608757468771617,0.09014692135931258,0.08333264636203606,0.09724841061866119,0.012,0.0,0.028,0.0,0.0,0.0,0.0,0.0,0.0,0.012770405894048292,0.008131533228760974,0.017283043859162794,0.20356576764553524,0.01822750871414282,0.38816193295009643,0.16097119402245574,0.105762423566125,0.21576314826197468,0.092,0.056,0.128,0.0036477202719660145,0.0019277204796990042,0.00549484390981189,1.4951625098412187,0.7532467444064156,3.0187174627375906,0.1260732069015503,0.0803342826962471,0.1697717969328165,-0.028,-0.056,-0.004,0.052013527624995747,0.039213081488819974,0.06585099920788665,True
transport_anchor_only,False,3.0,0.0,10.0,250,0.42536967515945434,0.37536386708915237,0.4793337289839983,0.41248296027557113,0.3784061693252624,0.4497222802639883,0.1520873227255548,0.14044051508239194,0.1648759324157353,0.7227524999999999,0.7167723385416668,0.7291677239583333,0.019147609077394007,0.016524012937396765,0.021772319299168882,0.03209276768741571,0.019818717461762083,0.043701441655767156,-0.05321721550366924,-0.06665522111653771,-0.04169162771984718,0.10813955439258226,0.09849845786107199,0.11901214527669222,0.02,0.004,0.04,0.0,0.0,0.0,0.0,0.0,0.0,0.009790016984568845,-0.0007625330649940748,0.020315338205621557,-0.6582307896285584,-1.8599868464959104,-0.0673264367084355,0.12340333867074882,-0.026828921985872937,0.25724958794344194,0.396,0.336,0.452,0.03198678984834195,0.022903262943924224,0.04189801029787008,7.188043339331162,5.363459409679593,11.11942303736566,-0.13705783414840697,-0.18635432589948178,-0.08395635039210322,-0.092,-0.132,-0.052,0.2143579519600503,0.19905165371934663,0.22980197191427185,False
mediation_aware_recourse,False,3.0,0.5,10.0,250,0.4204164521694183,0.3723082377970218,0.4726195946097374,0.4139811278506035,0.380139325120069,0.4511961041598498,0.15149379458018608,0.13988454150200494,0.16413834465825192,0.722808125,0.7167554791666667,0.7293681927083333,0.019147609077394007,0.016524012937396765,0.021772319299168882,0.03209276768741571,0.019818717461762083,0.043701441655767156,-0.052593795800632795,-0.06577000213576163,-0.04115068788576574,0.1076496993836861,0.09790631304307006,0.11823735659134008,0.02,0.004,0.04,0.0,0.0,0.0,0.0,0.0,0.0,0.010483621365946043,-9.551078888080717e-06,0.02084854797067946,-0.6388052383919507,-1.8404480888978059,-0.03608382227114623,0.13214623426669303,-0.01676199841036292,0.2659613681043593,0.4,0.34,0.456,0.03132827780613513,0.02249658930308658,0.04130488083443709,7.207468890567769,5.378714711832414,11.121168316424756,-0.142011057138443,-0.19005370572507382,-0.08897192009687424,-0.092,-0.132,-0.052,0.2150515563414275,0.19992991273787553,0.23112284105061165,False
mediation_aware_recourse,False,3.0,1.0,10.0,250,0.4038620010614395,0.357168335044384,0.4548190367847681,0.42241923084709676,0.3892855282156771,0.45862315114979707,0.14977858470027258,0.1376076480817636,0.16259693298099986,0.7220458333333334,0.716138453125,0.7278731614583333,0.019147609077394007,0.016524012937396765,0.021772319299168882,0.03209276768741571,0.019818717461762083,0.043701441655767156,-0.04905276635492868,-0.061689889618127165,-0.037474852852117775,0.1052702017864508,0.09564247926230363,0.11594146291813356,0.02,0.004,0.04,0.0,0.0,0.0,0.0,0.0,0.0,0.012329191598278545,0.001906873531380565,0.022235873934034683,-0.5284679349784895,-1.6342062502450563,0.03819383186896138,0.15540967995633392,0.016970820524885428,0.28216228292790735,0.388,0.328,0.448,0.030197217072572634,0.02155316139287724,0.04022547528522198,7.317806193981231,5.4681690050342855,11.464638498392175,-0.15856550824642182,-0.20594376942813397,-0.10581257484257223,-0.092,-0.132,-0.052,0.21689712657376,0.20174470902310654,0.23272000166305498,False
mediation_aware_recourse,False,3.0,2.0,10.0,250,0.3851409322023392,0.3393360569447279,0.43487035215198994,0.4289170685076169,0.3963807557042051,0.4650118591616537,0.1455735559714601,0.13377271781245634,0.1581375501744254,0.722561875,0.7169132135416667,0.728352109375,0.019147609077394007,0.016524012937396765,0.021772319299168882,0.03209276768741571,0.019818717461762083,0.043701441655767156,-0.04463704962883133,-0.05615320759022001,-0.033904632995893184,0.10273733768447867,0.09356707654029443,0.1127551222582842,0.016,0.004,0.032,0.0,0.0,0.0,0.0,0.0,0.0,0.016035899127722807,0.006184330166928429,0.025881773114010163,-0.3908756659318764,-1.4358692351293434,0.11676213792355233,0.20213279446475796,0.06900857758007835,0.32386221259436726,0.38,0.3199,0.44,0.02721570493375863,0.019055439999446262,0.036224631435508275,7.455398463027844,5.564179316834676,11.668980493146362,-0.17728657710552215,-0.223355589941144,-0.12572081418931483,-0.096,-0.132,-0.06,0.2206038341032043,0.20576048295399846,0.23606690799795368,False
mediation_aware_recourse,False,3.0,5.0,10.0,250,0.3416367223262787,0.300337210175395,0.3868108131468296,0.4650737358800369,0.4311713241676577,0.5003198057741396,0.1299111530667872,0.11845268664292849,0.1418793271292672,0.7217229166666667,0.7160350729166666,0.7279088229166667,0.019147609077394007,0.016524012937396765,0.021772319299168882,0.03209276768741571,0.019818717461762083,0.043701441655767156,-0.02846309909604285,-0.03842112350199746,-0.01807656003648049,0.09604811224220525,0.08733196842626169,0.10506068657895092,0.016,0.004,0.032,0.0,0.0,0.0,0.0,0.0,0.0,0.02187929723634725,0.013173033463897267,0.03096895506396647,0.11309926980202878,-0.7472055858021087,0.5333403922223632,0.2757889318262349,0.1714794817199076,0.3771482085707682,0.32,0.26,0.376,0.017262943328000355,0.011502603741432036,0.023528292218339814,7.959373398761749,5.949552154458561,12.279852934425357,-0.22079078698158264,-0.26468320957124236,-0.1708434150069952,-0.096,-0.136,-0.06,0.2264472322118287,0.21222292707910434,0.24038673177667988,False
mediation_aware_recourse,False,3.0,5.654884063276899,10.0,250,0.3387745794057846,0.29812502337396146,0.3830517869591713,0.4710106799700284,0.4370408780026286,0.5070271195527601,0.12679416011089154,0.11550624793817157,0.13835914827004522,0.7218875,0.7163772656249999,0.7279483750000001,0.019147609077394007,0.016524012937396765,0.021772319299168882,0.03209276768741571,0.019818717461762083,0.043701441655767156,-0.02574846577308629,-0.03519345516479927,-0.015448458375462808,0.09417445143757484,0.086056133680675,0.10259967748150245,0.016,0.004,0.032,0.0,0.0,0.0,0.0,0.0,0.0,0.02414760458323475,0.016220042890896298,0.03279310359660277,0.19768634404246666,-0.6278902157372636,0.6066246926981064,0.3043809863832917,0.20034863764899158,0.3965687554188059,0.316,0.256,0.376,0.015860600424493613,0.010807533091162719,0.02176557716690345,8.043960473002187,6.018413990159106,12.419351828621528,-0.22365292990207672,-0.2663648723512888,-0.1759944950819016,-0.096,-0.136,-0.06,0.2287155395587162,0.21432791999876785,0.24155796950338226,True
transport_anchor_only,False,10.0,0.0,10.0,250,0.8785977574586868,0.8297606296390295,0.9228307438671589,0.09317206587684418,0.08024019300244838,0.10610303587438193,0.17052436080341682,0.1609124889821605,0.18044965447893496,0.8349870833333332,0.8272406302083334,0.8427918333333333,0.019147609077394007,0.016524012937396765,0.021772319299168882,0.03209276768741571,0.019818717461762083,0.043701441655767156,-0.2800410510531117,-0.2877532403732609,-0.27137296953296186,0.2845653811563384,0.2772920053233476,0.2913379993746245,0.124,0.084,0.168,0.0,0.0,0.0,0.0,0.0,0.0,-0.20070756550869318,-0.20999594581700928,-0.1913970943170499,-7.725986296374247,-12.683862502456074,-5.524512044315618,-2.5299224423502418,-2.8828600795689194,-2.2107998730662506,0.684,0.624,0.74,0.20390366566306328,0.18633020519969268,0.22059830904359715,1.276735132442317,0.844178309413615,2.175859983072343,0.08007846009731293,0.029266306683421135,0.1292058847486973,-0.024,-0.068,0.02,0.04097396400383316,0.03286122297035918,0.04926368989673191,False
mediation_aware_recourse,False,10.0,0.5,10.0,250,0.8721564146280288,0.8239157556086779,0.9168746325224637,0.0932300789859596,0.08028097485014361,0.10612074838458292,0.16860785462582942,0.1589311994321569,0.17843758011773955,0.8356285416666667,0.8277242395833333,0.843248609375,0.019147609077394007,0.016524012937396765,0.021772319299168882,0.03209276768741571,0.019818717461762083,0.043701441655767156,-0.28014129635734236,-0.2878578215343393,-0.27182724615492077,0.284619186768722,0.27764994175375785,0.2913605458067773,0.132,0.092,0.176,0.0,0.0,0.0,0.0,0.0,0.0,-0.2008078108129238,-0.20984330848404842,-0.19145313704661937,-7.729109906815298,-12.661691860617076,-5.517148073958686,-2.5311860361976914,-2.8809647314813307,-2.2159056433309954,0.684,0.624,0.74,0.2040039109672939,0.18667982348643605,0.2204740371855986,1.273611522001266,0.846179514872691,2.156937088564735,0.07363711726665496,0.023650078135728836,0.12221710050106047,-0.016,-0.06,0.024,0.04087371869960253,0.033205534020507146,0.0489551644642016,False
mediation_aware_recourse,False,10.0,1.0,10.0,250,0.866262443780899,0.8180331510335207,0.9110188650280238,0.09279293576547222,0.07970948775283546,0.10574411843244362,0.1671054086317531,0.15769372651448696,0.1766542383746809,0.8367810416666667,0.829024640625,0.8443031041666667,0.019147609077394007,0.016524012937396765,0.021772319299168882,0.03209276768741571,0.019818717461762083,0.043701441655767156,-0.2824521907565206,-0.2897323248802187,-0.27446071743531836,0.2868039159724877,0.2795351964061958,0.293366924985767,0.14,0.096,0.184,0.0,0.0,0.0,0.0,0.0,0.0,-0.20311870521210204,-0.2120070321743024,-0.19382301362078053,-7.8011166100602924,-12.836270067695416,-5.546456017819114,-2.5603149013083057,-2.9187195549040816,-2.2468679794414355,0.684,0.624,0.74,0.20493067365085318,0.18773606757045086,0.22141628211043016,1.2016048187562713,0.7981952822680409,2.06764857970809,0.06774314641952514,0.018785291600227353,0.11486993096470832,-0.008,-0.048,0.032,0.038562824300424285,0.030806116550840673,0.046340141925373494,False
mediation_aware_recourse,False,10.0,2.0,10.0,250,0.8692001241445542,0.8221846613347531,0.9135378036826849,0.09062004018099662,0.07742676365885577,0.10338446844857783,0.1621765435351673,0.15291699385570015,0.17155720903632626,0.8393645833333334,0.8319350572916667,0.8463779635416667,0.019147609077394007,0.016524012937396765,0.021772319299168882,0.03209276768741571,0.019818717461762083,0.043701441655767156,-0.28747579924701006,-0.29447666522752836,-0.2795118688073599,0.29110242258307323,0.28433888388264533,0.2972415130578953,0.144,0.1,0.188,0.0,0.0,0.0,0.0,0.0,0.0,-0.20814231370259148,-0.21703377102263197,-0.19935577264201015,-7.957650584924021,-13.105148800772259,-5.65678732159536,-2.623637575914311,-2.9782715651401492,-2.293036858822312,0.684,0.624,0.74,0.20774601763643444,0.18979006734454962,0.2249044726399543,1.0450708438925425,0.6872394564405995,1.7875307808355225,0.07068082678318023,0.021446291336417195,0.11612789835333823,-0.004,-0.044,0.036,0.03353921580993483,0.027340897990916362,0.040683698512605546,False
mediation_aware_recourse,False,10.0,5.0,10.0,250,0.8965930055379867,0.8522788084745407,0.9392506537705659,0.0920397648576024,0.07796168775536205,0.10496667420165352,0.1489729790727522,0.14072997481372748,0.15745214412486858,0.840001875,0.8332129635416666,0.84666675,0.019147609077394007,0.016524012937396765,0.021772319299168882,0.03209276768741571,0.019818717461762083,0.043701441655767156,-0.27628492604096266,-0.2828156741555805,-0.269043973073965,0.28007791932673,0.2739899865450413,0.28596578670971057,0.112,0.076,0.152,0.0,0.0,0.0,0.0,0.0,0.0,-0.19695144049654406,-0.20583369066256074,-0.18823726320361486,-7.608946686430542,-12.624909230347892,-5.327057793060991,-2.482576419591088,-2.8200875242830272,-2.1783034931845684,0.684,0.624,0.74,0.19575075864800578,0.178745880780563,0.2119000444536422,1.3937747423860216,0.9818152263136226,2.3193821095918943,0.09807370817661286,0.049128648132085805,0.1481719920217991,-0.036,-0.076,0.004099999999999909,0.04473008901598227,0.03821169352168982,0.05163308201315702,False
mediation_aware_recourse,False,10.0,5.654884063276899,10.0,250,0.9102268048524856,0.8662112711310386,0.9517415993243457,0.091821021845526,0.07811506345690619,0.10470188702929827,0.1462329946162154,0.13821175803594807,0.15445016655431043,0.8402977083333333,0.8337731614583334,0.8467173489583334,0.019147609077394007,0.016524012937396765,0.021772319299168882,0.03209276768741571,0.019818717461762083,0.043701441655767156,-0.27412955785857923,-0.280641194946414,-0.2669089670089401,0.278128536731396,0.27230011905418394,0.28384170248680235,0.1,0.064,0.136,0.0,0.0,0.0,0.0,0.0,0.0,-0.19479607231416066,-0.20361640062174374,-0.18542743431137276,-7.541786128532365,-12.541391399779334,-5.306440964712319,-2.45540796521659,-2.782499415867939,-2.1498297324912614,0.684,0.624,0.74,0.19263195639518493,0.1760127954483023,0.20850266133895226,1.4609353002841985,1.0326943185596285,2.430434035544412,0.11170750749111176,0.061657757127285,0.16325090153515337,-0.048,-0.088,-0.008,0.04688545719836568,0.0405109600586023,0.05360169152161342,True
transport_anchor_only,False,30.0,0.0,10.0,250,1.1055610909461975,1.0573099565625192,1.1507614503622055,0.05985095816375531,0.05054397694282684,0.06910054993353679,0.16794110548259583,0.15848217848216783,0.17760835448294865,0.8635941666666668,0.8551765260416666,0.8725671197916668,0.019147609077394007,0.016524012937396765,0.021772319299168882,0.03209276768741571,0.019818717461762083,0.043701441655767156,-0.3062104485351537,-0.3110713897551507,-0.30108619213239224,0.3081374821728499,0.3036530653804979,0.31278905860362477,0.224,0.168,0.27609999999999996,0.0,0.0,0.0,0.0,0.0,0.0,-0.2268769629907351,-0.23491221410257912,-0.21768296294211015,-8.541416044812665,-14.108408928010784,-6.061683880948502,-2.8597881642765755,-3.254314221140493,-2.5118845955385236,0.684,0.624,0.74,0.21366330837426353,0.19588143679938214,0.23043630672792023,0.5898992429376317,0.4091319311177368,0.9263380503745413,0.1858153749704361,0.15138260540664195,0.2203250715583563,0.068,0.02,0.116,0.01893149936257986,0.014836338683276565,0.022916646841199952,False
mediation_aware_recourse,False,30.0,0.5,10.0,250,1.0915309944152831,1.0425630889862776,1.1377829477697612,0.05977744311341532,0.05048255502555753,0.06910458974525184,0.16608355808800188,0.15690839451421482,0.17528839767747237,0.8652493750000001,0.8569567395833333,0.8742915625,0.019147609077394007,0.016524012937396765,0.021772319299168882,0.03209276768741571,0.019818717461762083,0.043701441655767156,-0.3089763152180891,-0.3139352770758437,-0.30421392968491806,0.3106708658308322,0.3059193714746712,0.315322273608296,0.228,0.176,0.28,0.0,0.0,0.0,0.0,0.0,0.0,-0.2296428296736705,-0.23777142557595482,-0.2206302784557441,-8.627599533562375,-14.251093809278698,-6.1223534669875805,-2.894651963137232,-3.296633473828261,-2.536795705807993,0.684,0.624,0.74,0.215943803617075,0.19803019005168854,0.23295300625603002,0.5037157541879225,0.34944654771545436,0.8122382507672286,0.1717852784395218,0.13780678172707558,0.20576734064519403,0.072,0.028,0.12,0.016165632679644458,0.01259772989386628,0.019861028401332505,False
mediation_aware_recourse,False,30.0,1.0,10.0,250,1.0893643770217896,1.03914089666903,1.1355863885998725,0.059731806188168785,0.05040805635775485,0.06900678653761953,0.16417264858940003,0.15479405969893376,0.17314074585923228,0.8657297916666666,0.8576941302083334,0.8747991145833334,0.019147609077394007,0.016524012937396765,0.021772319299168882,0.03209276768741571,0.019818717461762083,0.043701441655767156,-0.3087415069847989,-0.31349746342489065,-0.3040569814036869,0.31044320538725706,0.3058601426299241,0.31505603028894824,0.236,0.184,0.2880999999999999,0.0,0.0,0.0,0.0,0.0,0.0,-0.22940802144038025,-0.2373727157570754,-0.22030384609085718,-8.620282986869448,-14.260072545206999,-6.1095374655328945,-2.891692201169396,-3.291611195572934,-2.5398374862979445,0.684,0.624,0.74,0.21612114432658885,0.19799086325465526,0.2331300674916616,0.5110323008808493,0.3479678453223492,0.8349843996482581,0.16961866104602813,0.135146273586154,0.20365128362178803,0.08,0.036,0.124,0.016400440912934706,0.01266595786702175,0.02027530974063451,False
mediation_aware_recourse,False,30.0,2.0,10.0,250,1.0748624458312988,1.0270440210998057,1.1228195849567653,0.059843999208417265,0.05064789044200698,0.06916691812101376,0.1611092224834644,0.15232390884321143,0.1698534266957465,0.8673008333333334,0.859180671875,0.8759877135416666,0.019147609077394007,0.016524012937396765,0.021772319299168882,0.03209276768741571,0.019818717461762083,0.043701441655767156,-0.3106440249298348,-0.31552292669091386,-0.3060360375647142,0.3121813607128751,0.30769190290067744,0.3166961272080601,0.216,0.164,0.268,0.0,0.0,0.0,0.0,0.0,0.0,-0.23131053938541615,-0.23887291580132144,-0.2222661226608921,-8.679564815210538,-14.370681812464083,-6.157814668345218,-2.915673473793182,-3.3067510226647787,-2.571685099620663,0.684,0.624,0.74,0.2171405088291778,0.19878002854579815,0.23461295272081914,0.451750472539759,0.30648322513439813,0.7230355333784808,0.15511672985553743,0.12175640547573567,0.18711393316090108,0.06,0.02,0.104,0.014497922967898801,0.011143758736994084,0.018118718799264355,False
mediation_aware_recourse,False,30.0,5.0,10.0,250,1.0579813923835755,1.006374760106206,1.1055955036818983,0.059948113400372635,0.05081774112923198,0.06930265303970938,0.15484228574800168,0.1466023420496326,0.1633339930714047,0.8709168750000001,0.8623844479166667,0.8793831927083333,0.019147609077394007,0.016524012937396765,0.021772319299168882,0.03209276768741571,0.019818717461762083,0.043701441655767156,-0.3088082951165935,-0.314069220671648,-0.3037678424726084,0.3105135914731816,0.3056262129916551,0.3153594159682464,0.2,0.1519,0.248,0.0,0.0,0.0,0.0,0.0,0.0,-0.22947480957217492,-0.2378079128331157,-0.22013482139184487,-8.622364082910934,-14.333122371751541,-6.096520668184644,-2.892534066761665,-3.301966416560426,-2.5475443045021082,0.684,0.624,0.74,0.21506050563630305,0.19718631056022634,0.23289805999326063,0.508951204839363,0.35183691870339323,0.8241105274487123,0.13823567640781403,0.10623192096352577,0.17067353145480155,0.044,0.007900000000000006,0.084,0.016333652781140018,0.012862110467671745,0.020640046549426784,False
mediation_aware_recourse,False,30.0,5.654884063276899,10.0,250,1.059411003112793,1.0081189270049336,1.1076328109115363,0.0600267572163437,0.05087114054442096,0.0694140922752329,0.152898705689679,0.1448550389368329,0.16113392281890773,0.8715904166666667,0.8630263020833332,0.8803246614583333,0.019147609077394007,0.016524012937396765,0.021772319299168882,0.03209276768741571,0.019818717461762083,0.043701441655767156,-0.30869814219501596,-0.3137545450561177,-0.3037242479742099,0.31041800878884657,0.30551813019890817,0.31558490711453546,0.188,0.14,0.236,0.0,0.0,0.0,0.0,0.0,0.0,-0.22936465665059733,-0.23791428935708359,-0.22017796902490636,-8.618931754398465,-14.298489422239507,-6.0745946007515474,-2.8911455872208807,-3.303699660799216,-2.5535302191356926,0.684,0.624,0.74,0.214110419970338,0.1959783071226928,0.23179518142459316,0.5123835333518318,0.35776837487501584,0.8127189203246232,0.13966528713703155,0.10894618997275829,0.17343565845787526,0.032,-0.004,0.068,0.01644380570271764,0.012300062020588878,0.02143913678730691,True
ordinary_actionable_recourse,True,0.0,0.0,0.0,250,0.40610877132415774,0.3680229894399643,0.447997869682312,0.304824514420977,0.2584066705767765,0.3520229951713982,0.13059577570295267,0.1194622016816083,0.14163510660767178,0.8258162499999998,0.8168754114583335,0.8337788229166666,0.019147609077394007,0.016524012937396765,0.021772319299168882,0.03209276768741571,0.019818717461762083,0.043701441655767156,-0.21770190953408394,-0.23944329022710203,-0.19533676690802623,0.23253658726490528,0.21348471993678897,0.25184117972588715,0.164,0.12,0.208,0.608,0.548,0.664,0.392,0.332,0.456,-0.14955715808943124,-0.16629941885225183,-0.1325220479147757,-5.783519316704172,-9.662634165706516,-3.956702733585516,-1.8851706446919514,-2.1025828772478143,-1.678114905314117,0.432,0.3719,0.496,0.15444593369132043,0.1327406683733849,0.17601986841228537,0.0,0.0,0.0,0.0,0.0,0.0,0.0,0.0,0.0,0.0,0.0,0.0,False
distribution_constrained_recourse,False,10.0,0.0,0.0,250,0.0,0.0,0.0,0.5979147550530705,0.5674190153134677,0.6275963291211156,0.1028165245055314,0.0912624716372512,0.1158768025101666,0.7824266666666667,0.7718558333333333,0.7921805000000001,0.019147609077394007,0.016524012937396765,0.021772319299168882,0.03209276768741571,0.019818717461762083,0.043701441655767156,0.03209276768741571,0.02041264368859131,0.04372607608754008,0.10063660704283399,0.0925122683818023,0.10836520314084958,0.008,0.0,0.02,0.0,0.0,0.0,1.0,1.0,1.0,0.0,0.0,0.0,0.0,0.0,0.0,0.0,0.0,0.0,0.0,0.0,0.0,0.0,0.0,0.0,5.783519316704172,3.8805460275856487,9.899809085608224,-0.40610877132415774,-0.447997869682312,-0.3680229894399643,-0.608,-0.672,-0.556,0.14955715808943124,0.1351407253552061,0.16648054051687564,False
