method,is_ordinary_actionable_baseline,eta,lambda_invariance,rho_anchor,n,cost,cost_lo,cost_hi,shortfall,shortfall_lo,shortfall_hi,direct_effect,direct_effect_lo,direct_effect_hi,transport,transport_lo,transport_hi,pre_recourse_mediated_prediction_disparity,pre_recourse_mediated_prediction_disparity_lo,pre_recourse_mediated_prediction_disparity_hi,pre_recourse_factual_mediated_prediction_disparity,pre_recourse_factual_mediated_prediction_disparity_lo,pre_recourse_factual_mediated_prediction_disparity_hi,post_recourse_mediated_prediction_disparity,post_recourse_mediated_prediction_disparity_lo,post_recourse_mediated_prediction_disparity_hi,outcome_wasserstein,outcome_wasserstein_lo,outcome_wasserstein_hi,feasible_rate,feasible_rate_lo,feasible_rate_hi,constraint_feasible_rate,constraint_feasible_rate_lo,constraint_feasible_rate_hi,constraint_abstention_rate,constraint_abstention_rate_lo,constraint_abstention_rate_hi,mean_absolute_gap_reduction,mean_absolute_gap_reduction_lo,mean_absolute_gap_reduction_hi,factual_mediated_prediction_disparity_closure,factual_mediated_prediction_disparity_closure_lo,factual_mediated_prediction_disparity_closure_hi,recipient_level_closure,recipient_level_closure_lo,recipient_level_closure_hi,overshoot_rate,overshoot_rate_lo,overshoot_rate_hi,overshoot_magnitude,overshoot_magnitude_lo,overshoot_magnitude_hi,factual_closure_gain_vs_actionable_baseline,factual_closure_gain_vs_actionable_baseline_lo,factual_closure_gain_vs_actionable_baseline_hi,cost_difference_vs_actionable_baseline,cost_difference_vs_actionable_baseline_lo,cost_difference_vs_actionable_baseline_hi,feasibility_difference_vs_actionable_baseline,feasibility_difference_vs_actionable_baseline_lo,feasibility_difference_vs_actionable_baseline_hi,paired_absolute_gap_gain_vs_actionable_baseline,paired_absolute_gap_gain_vs_actionable_baseline_lo,paired_absolute_gap_gain_vs_actionable_baseline_hi,is_effect_ratio_heuristic
soft_objective_recourse,False,0.0,0.0,0.0,250,0.0,0.0,0.0,0.6571640453273111,0.6301496155668838,0.6829403081616855,0.10206745015358805,0.09318718783391228,0.11201835778458934,0.78912,0.7792908333333333,0.7987581666666667,0.027653747675940393,0.02367868090760894,0.03147780885109677,0.06132061007557039,0.04759725353459573,0.07319978523738309,0.06132061007557039,0.04890557412111754,0.07344377046148952,0.10964701781008564,0.10085967367067306,0.11892283617762747,0.008,0.0,0.02,0.0,0.0,0.0,0.0,0.0,0.0,0.0,0.0,0.0,0.0,0.0,0.0,0.0,0.0,0.0,0.0,0.0,0.0,0.0,0.0,0.0,0.0,0.0,0.0,0.0,0.0,0.0,0.0,0.0,0.0,0.0,0.0,0.0,False
direct_invariance_only,False,0.0,0.5,0.0,250,0.0,0.0,0.0,0.6571640453273111,0.6301496155668838,0.6829403081616855,0.10206745015358805,0.09318718783391228,0.11201835778458934,0.78912,0.7792908333333333,0.7987581666666667,0.027653747675940393,0.02367868090760894,0.03147780885109677,0.06132061007557039,0.04759725353459573,0.07319978523738309,0.06132061007557039,0.04890557412111754,0.07344377046148952,0.10964701781008564,0.10085967367067306,0.11892283617762747,0.008,0.0,0.02,0.0,0.0,0.0,0.0,0.0,0.0,0.0,0.0,0.0,0.0,0.0,0.0,0.0,0.0,0.0,0.0,0.0,0.0,0.0,0.0,0.0,0.0,0.0,0.0,0.0,0.0,0.0,0.0,0.0,0.0,0.0,0.0,0.0,False
direct_invariance_only,False,0.0,1.0,0.0,250,0.0,0.0,0.0,0.6571640453273111,0.6301496155668838,0.6829403081616855,0.10206745015358805,0.09318718783391228,0.11201835778458934,0.78912,0.7792908333333333,0.7987581666666667,0.027653747675940393,0.02367868090760894,0.03147780885109677,0.06132061007557039,0.04759725353459573,0.07319978523738309,0.06132061007557039,0.04890557412111754,0.07344377046148952,0.10964701781008564,0.10085967367067306,0.11892283617762747,0.008,0.0,0.02,0.0,0.0,0.0,0.0,0.0,0.0,0.0,0.0,0.0,0.0,0.0,0.0,0.0,0.0,0.0,0.0,0.0,0.0,0.0,0.0,0.0,0.0,0.0,0.0,0.0,0.0,0.0,0.0,0.0,0.0,0.0,0.0,0.0,False
direct_invariance_only,False,0.0,2.0,0.0,250,0.011878360152244569,0.0033938171863555906,0.020362903118133546,0.6752695541331722,0.6489959136270413,0.7019461625689715,0.09573641505667171,0.08705434075462107,0.10556595706860858,0.7891135416666666,0.779359234375,0.798620140625,0.027653747675940393,0.02367868090760894,0.03147780885109677,0.06132061007557039,0.04759725353459573,0.07319978523738309,0.06834750445911221,0.056034136444881956,0.08002245782162823,0.10790991000527982,0.09900759863171858,0.11707307036243374,0.008,0.0,0.02,0.0,0.0,0.0,0.0,0.0,0.0,0.00026111393048093735,-0.0031417737972195808,0.0035867985248200316,-0.11459270178300596,-0.23280144818322404,-0.031749022482830236,0.0029375932944191163,-0.033121989489116224,0.04020521314256691,0.024,0.008,0.044,0.0025765285484821336,0.00035921663117443014,0.0053865879392216145,-0.11459270178300596,-0.23078394302878424,-0.03411406393109078,0.011878360152244569,0.0033938171863555906,0.020362903118133546,0.0,0.0,0.0,0.00026111393048093735,-0.003141218676091481,0.0034797127238278837,False
direct_invariance_only,False,0.0,4.1970347680158095,0.0,250,0.14084341323375701,0.11538978433609008,0.16629704213142396,0.7955047817580468,0.7861971018770683,0.804431427023547,0.050343500104028806,0.04642178591831634,0.05444501406579424,0.809558125,0.8004800989583334,0.8181432552083334,0.027653747675940393,0.02367868090760894,0.03147780885109677,0.06132061007557039,0.04759725353459573,0.07319978523738309,0.1097470609666087,0.09925852665156998,0.1200946715478386,0.11526620978141051,0.10584532009010249,0.12529368035511315,0.0,0.0,0.0,0.0,0.0,0.0,0.0,0.0,0.0,-0.02179094990032663,-0.029069465166231535,-0.015073761123912073,-0.7897255234636193,-1.1452354313697215,-0.5600434246917296,-0.24515332517233146,-0.34165901282223504,-0.15922889835290086,0.156,0.116,0.2,0.015942270149097205,0.010911226476539028,0.021508520721536372,-0.7897255234636193,-1.1750850065401877,-0.5439374308653869,0.14084341323375701,0.11538978433609008,0.16629704213142396,-0.008,-0.02,0.0,-0.02179094990032663,-0.029373330201743816,-0.014354512708549937,True
direct_invariance_only,False,0.0,5.0,0.0,250,0.15950940775871278,0.13405577886104583,0.1866599452495575,0.8048934771619493,0.7968230156897133,0.812459463035226,0.04616920952990923,0.0425795033738953,0.049683221761002205,0.8121091666666667,0.803678765625,0.8208224479166667,0.027653747675940393,0.02367868090760894,0.03147780885109677,0.06132061007557039,0.04759725353459573,0.07319978523738309,0.11235426338150004,0.10181533625206679,0.12307363967953017,0.11698181738892457,0.10756319807625134,0.12720395784785576,0.0,0.0,0.0,0.0,0.0,0.0,0.0,0.0,0.0,-0.02439815231521797,-0.03181972581450911,-0.0174495027777976,-0.8322430785185717,-1.1955732827105667,-0.5980559920701258,-0.27448496717653614,-0.36836058520272064,-0.18702555009365343,0.156,0.116,0.2,0.015942270149097205,0.010911226476539028,0.021508520721536372,-0.8322430785185717,-1.2299928671858518,-0.5828187192701786,0.15950940775871278,0.13405577886104583,0.1866599452495575,-0.008,-0.02,0.0,-0.02439815231521797,-0.03198636992261518,-0.016930385489983765,False
soft_objective_recourse,False,1.0,0.0,0.0,250,0.18047401428222656,0.1460130935609341,0.21485707879066468,0.44627193519308966,0.40687962323214316,0.4833056672797394,0.15893601165894086,0.14791203166236624,0.16975569975371768,0.7942914583333333,0.78421771875,0.8037611822916667,0.027653747675940393,0.02367868090760894,0.03147780885109677,0.06132061007557039,0.04759725353459573,0.07319978523738309,-0.06039909179399355,-0.07869030103441992,-0.04251107361122183,0.1433442821994787,0.1309989816925759,0.15651358068777615,0.008,0.0,0.02,0.0,0.0,0.0,0.0,0.0,0.0,-0.03227017563411239,-0.04153668940544151,-0.023681406717438007,0.015027872039126366,-0.3512999729536993,0.3346506470473754,-0.363047085913369,-0.4657282667556938,-0.26387773206023457,0.292,0.236,0.352,0.07699493875183816,0.060532492211462986,0.09366122217277847,0.0,0.0,0.0,0.0,0.0,0.0,0.0,0.0,0.0,0.0,0.0,0.0,False
direct_invariance_only,False,1.0,0.5,0.0,250,0.10646886193752289,0.07901987563073636,0.13568705189228059,0.525765212931826,0.4891642855633741,0.5613348409555297,0.13621506615763804,0.12545444019089547,0.14703571491627762,0.7858887499999999,0.7761343281249999,0.7951728958333333,0.027653747675940393,0.02367868090760894,0.03147780885109677,0.06132061007557039,0.04759725353459573,0.07319978523738309,-0.017773415497731985,-0.03628512285514157,-0.0006714476266510908,0.1253935627050893,0.11417981150045245,0.1376736281428065,0.008,0.0,0.02,0.0,0.0,0.0,0.0,0.0,0.0,-0.013980789613581453,-0.021143070690581304,-0.006965213655988344,0.7101559251313978,0.40150774459314986,0.9627810560195229,-0.15728718013586507,-0.234785378921702,-0.08242660551997359,0.176,0.132,0.224,0.0465374075934419,0.033227320471006266,0.06038893862554965,0.6951280530922714,0.46727860047057446,0.9771734862307729,-0.07400515234470367,-0.09896613464653492,-0.049857403671741504,0.0,0.0,0.0,0.018289386020530936,0.011824184214814692,0.024902520171873263,False
direct_invariance_only,False,1.0,1.0,0.0,250,0.009444220423698425,0.0016969085931777953,0.019773969531059265,0.6444283818189857,0.6158895576702662,0.672062574793462,0.10499957902767061,0.09557409304445422,0.1148910494309764,0.787993125,0.7780868541666667,0.7976544687499999,0.027653747675940393,0.02367868090760894,0.03147780885109677,0.06132061007557039,0.04759725353459573,0.07319978523738309,0.05272221625390654,0.03921772388303248,0.06587546825717729,0.11077476132581925,0.10156926851433519,0.12036128034760006,0.008,0.0,0.02,0.0,0.0,0.0,0.0,0.0,0.0,-0.0009414446985381604,-0.0031860518858501364,0.0011236868766341815,0.14022029153114013,0.021499897628086177,0.29290827969562044,-0.01059147487228329,-0.03707516706971944,0.011735507026574792,0.016,0.004,0.032,0.004769919260100998,0.0004142056517679036,0.010161819359871505,0.12519241949201376,-0.23114886208960425,0.546599516555615,-0.17102979385852815,-0.2047626456260681,-0.13664672935009003,0.0,0.0,0.0,0.03132873093557423,0.022163941726374505,0.040414484952941504,False
direct_invariance_only,False,1.0,2.0,0.0,250,0.0,0.0,0.0,0.6571640453273111,0.6301496155668838,0.6829403081616855,0.10206745015358805,0.09318718783391228,0.11201835778458934,0.78912,0.7792908333333333,0.7987581666666667,0.027653747675940393,0.02367868090760894,0.03147780885109677,0.06132061007557039,0.04759725353459573,0.07319978523738309,0.06132061007557039,0.04890557412111754,0.07344377046148952,0.10964701781008564,0.10085967367067306,0.11892283617762747,0.008,0.0,0.02,0.0,0.0,0.0,0.0,0.0,0.0,0.0,0.0,0.0,0.0,0.0,0.0,0.0,0.0,0.0,0.0,0.0,0.0,0.0,0.0,0.0,-0.015027872039126366,-0.3227181786446232,0.36591638958443284,-0.18047401428222656,-0.21485707879066468,-0.1460130935609341,0.0,0.0,0.0,0.03227017563411239,0.02338314030830078,0.04156819449371265,False
direct_invariance_only,False,1.0,4.1970347680158095,0.0,250,0.0,0.0,0.0,0.6571640453273111,0.6301496155668838,0.6829403081616855,0.10206745015358805,0.09318718783391228,0.11201835778458934,0.78912,0.7792908333333333,0.7987581666666667,0.027653747675940393,0.02367868090760894,0.03147780885109677,0.06132061007557039,0.04759725353459573,0.07319978523738309,0.06132061007557039,0.04890557412111754,0.07344377046148952,0.10964701781008564,0.10085967367067306,0.11892283617762747,0.008,0.0,0.02,0.0,0.0,0.0,0.0,0.0,0.0,0.0,0.0,0.0,0.0,0.0,0.0,0.0,0.0,0.0,0.0,0.0,0.0,0.0,0.0,0.0,-0.015027872039126366,-0.3227181786446232,0.36591638958443284,-0.18047401428222656,-0.21485707879066468,-0.1460130935609341,0.0,0.0,0.0,0.03227017563411239,0.02338314030830078,0.04156819449371265,True
direct_invariance_only,False,1.0,5.0,0.0,250,0.035635080456733706,0.022059811711311342,0.050907257795333866,0.7021725110247264,0.677438439875594,0.7258791248027923,0.08543114917022032,0.07735594513126842,0.09453757792479019,0.7922210416666666,0.7824126614583333,0.8012467604166666,0.027653747675940393,0.02367868090760894,0.03147780885109677,0.06132061007557039,0.04759725353459573,0.07319978523738309,0.07632748010712229,0.06334803281541856,0.08709132977407072,0.10884676290375456,0.10000008829136639,0.11797145821952629,0.008,0.0,0.02,0.0,0.0,0.0,0.0,0.0,0.0,-0.004022352773056062,-0.00951894335154744,0.000654977071757262,-0.2447279962325506,-0.42990063775305737,-0.11843875207176488,-0.0452524172576827,-0.10754154964797288,0.008766089347486633,0.06,0.032,0.092,0.006323745663716195,0.0032117897143532944,0.01024497210441649,-0.25975586827167696,-0.597956676009337,0.09200453223227771,-0.14483893382549287,-0.18433115489184856,-0.1030014451444149,0.0,0.0,0.0,0.02824782286105633,0.017328894237156323,0.03833910062543548,False
soft_objective_recourse,False,3.0,0.0,0.0,250,0.7146003439426422,0.6720368986099958,0.7562982747673987,0.0963711594424601,0.087817069106974,0.10504602875961405,0.2508517764299104,0.24821947320810908,0.2536348545451205,0.8833389583333333,0.8763525833333333,0.8899593541666665,0.027653747675940393,0.02367868090760894,0.03147780885109677,0.06132061007557039,0.04759725353459573,0.07319978523738309,-0.26789415762515123,-0.27726831439753385,-0.2582180968187605,0.2756786732789878,0.2682669172267864,0.28356909539920094,0.016,0.004,0.032099999999999906,0.0,0.0,0.0,0.0,0.0,0.0,-0.1798209974701581,-0.19297743510526014,-0.16696991177598908,-3.3687457984355245,-4.36792922988894,-2.684781573190365,-2.023028627354783,-2.3869890566784986,-1.741447627391582,0.776,0.724,0.8240999999999998,0.22086107232578245,0.2044208179432755,0.2361662840809225,0.0,0.0,0.0,0.0,0.0,0.0,0.0,0.0,0.0,0.0,0.0,0.0,False
direct_invariance_only,False,3.0,0.5,0.0,250,0.7135292342901229,0.6718378161430358,0.7546898814290761,0.09679565935697226,0.08797523291979556,0.10624443695126522,0.24984764909793195,0.2471774733086614,0.25253808560396784,0.8844647916666667,0.8778747916666667,0.8908841718749999,0.027653747675940393,0.02367868090760894,0.03147780885109677,0.06132061007557039,0.04759725353459573,0.07319978523738309,-0.26993512367778183,-0.2786127346342487,-0.26074103089333817,0.27679199479657046,0.2697342464237502,0.284885138068872,0.016,0.004,0.032099999999999906,0.0,0.0,0.0,0.0,0.0,0.0,-0.1818619635227887,-0.19406575739014453,-0.1690922177590478,-3.4020293233403702,-4.386602503421974,-2.7142267222200247,-2.045989976752348,-2.4048175807670162,-1.7651530638128246,0.776,0.724,0.8240999999999998,0.22163457398492495,0.2047720372667941,0.23713306002674875,-0.03328352490484576,-0.09812533284802874,0.026720550792210515,-0.0010711096525192261,-0.010775060063600541,0.007144531726837158,0.0,0.0,0.0,-0.0020409660526306073,-0.005777422561984448,0.0016767047408515704,False
direct_invariance_only,False,3.0,1.0,0.0,250,0.7058049410581588,0.6643208250284195,0.7463693010926247,0.09971314452331852,0.09049586584771767,0.10927301364279779,0.24862381546329068,0.2459021368446549,0.2515539514303345,0.8842635416666667,0.8778562239583334,0.8906021458333334,0.027653747675940393,0.02367868090760894,0.03147780885109677,0.06132061007557039,0.04759725353459573,0.07319978523738309,-0.2693622564057621,-0.27850800127352393,-0.26014788229404495,0.27586283110510557,0.2687934567019608,0.2838946250466424,0.012,0.0,0.028,0.0,0.0,0.0,0.0,0.0,0.0,-0.181289096250769,-0.19408662610812294,-0.16880416281652313,-3.392687158099129,-4.342267828182556,-2.715261282922889,-2.039545084847203,-2.395758041121936,-1.7554998412062752,0.776,0.724,0.8240999999999998,0.22193945035841084,0.2055026566712731,0.2373325789839014,-0.023941359663604445,-0.10203541165369631,0.05193861575181691,-0.008795402884483338,-0.021813210901618005,0.0024245146751403763,-0.004,-0.012,0.0,-0.0014680987806109161,-0.006127016641335092,0.002981521917668081,False
direct_invariance_only,False,3.0,2.0,0.0,250,0.7012658652067184,0.6605380619496107,0.7416028485059738,0.10240333774787444,0.09182390137376938,0.112590578893961,0.24651617058509476,0.24333763105414105,0.24969318075114824,0.8840645833333333,0.87776446875,0.8904888385416666,0.027653747675940393,0.02367868090760894,0.03147780885109677,0.06132061007557039,0.04759725353459573,0.07319978523738309,-0.2713976324937245,-0.2805557176280179,-0.2626552267475693,0.27570630623293824,0.2682049103344377,0.28399686787152584,0.012,0.0,0.028,0.0,0.0,0.0,0.0,0.0,0.0,-0.18258606006285322,-0.19424878605927953,-0.17067573494459684,-3.425879523365131,-4.386676515344717,-2.7555613597153226,-2.0541362335862434,-2.4153543091845227,-1.7827232521323955,0.784,0.732,0.832,0.2248146052252631,0.20870083768196906,0.24071734994319635,-0.057133724929606444,-0.18999226886355153,0.06483605694542527,-0.013334478735923767,-0.033170711454749105,0.0053607168495655045,-0.004,-0.012,0.0,-0.002765062592695142,-0.009697783758714237,0.003973660762630578,False
direct_invariance_only,False,3.0,4.1970347680158095,0.0,250,0.47778817963600156,0.44272297126054766,0.5127152297854424,0.2255080792379777,0.19275234069757818,0.25775885970520174,0.20640509375780203,0.1972095461290967,0.21645294439743873,0.8461693750000001,0.8377823281249999,0.8540464270833333,0.027653747675940393,0.02367868090760894,0.03147780885109677,0.06132061007557039,0.04759725353459573,0.07319978523738309,-0.21449385358673806,-0.2289289392954283,-0.19876683075927434,0.2216284266380351,0.2080231396184373,0.2348707811410981,0.012,0.0,0.028,0.0,0.0,0.0,0.0,0.0,0.0,-0.12704251178907067,-0.13867544999717443,-0.1153218858262209,-2.4979080169359014,-3.175910032168058,-2.014600806495634,-1.4292582170944708,-1.6411780428722966,-1.2507345054733343,0.7,0.64,0.756,0.19025079735622238,0.17341816439264238,0.20640266107899327,0.8708377814996231,0.5532665191841979,1.3001524323650389,-0.23681216430664062,-0.29635296150147916,-0.17926915425062181,-0.004,-0.012,0.0,0.0527784856810874,0.03707261395477142,0.068952700306211,True
direct_invariance_only,False,3.0,5.0,0.0,250,0.4283276906013489,0.39242680476009845,0.4645574688076973,0.26436555394474087,0.2275475040930777,0.30317497358615364,0.1915898836191491,0.18130594922415794,0.2019801387662406,0.83517625,0.8268012083333334,0.8429886041666668,0.027653747675940393,0.02367868090760894,0.03147780885109677,0.06132061007557039,0.04759725353459573,0.07319978523738309,-0.2017191585882326,-0.21738723161449316,-0.1840863755000352,0.2118736631878679,0.19634484325876758,0.2262218777108723,0.012,0.0,0.028,0.0,0.0,0.0,0.0,0.0,0.0,-0.1175804408425995,-0.13016466855019795,-0.10468335025421073,-2.2895817301823587,-2.9682465097274564,-1.8293758192846858,-1.3228076875785844,-1.5101949725108534,-1.162646752041508,0.632,0.572,0.692,0.17898953110305268,0.16103665245846646,0.19739319859225332,1.0791640682531658,0.7018111207641957,1.5776904225575368,-0.2862726533412933,-0.354559577435255,-0.22144110774993897,-0.004,-0.012,0.0,0.06224055662755858,0.0447481449528164,0.08048811792882259,False
soft_objective_recourse,False,10.0,0.0,0.0,250,1.082454797387123,1.0270668246477843,1.135659328752756,0.021825915631738843,0.019002950217311413,0.025043272264443032,0.2502362515473435,0.24765133101533487,0.2529820366931715,0.8974045833333333,0.8915640104166667,0.9039290416666667,0.027653747675940393,0.02367868090760894,0.03147780885109677,0.06132061007557039,0.04759725353459573,0.07319978523738309,-0.3521778118351847,-0.3587698473023483,-0.34606588574372943,0.35329029773795845,0.3473089681599947,0.35931757637724066,0.172,0.128,0.22,0.0,0.0,0.0,0.0,0.0,0.0,-0.2632907861951751,-0.27618152342504454,-0.24868251149719683,-4.743220939928146,-6.099738910229079,-3.775394338482605,-2.962083434555417,-3.4708090279958568,-2.5679597461312538,0.788,0.736,0.836,0.2771160286102049,0.2580983435768103,0.2962090374833043,0.0,0.0,0.0,0.0,0.0,0.0,0.0,0.0,0.0,0.0,0.0,0.0,False
direct_invariance_only,False,10.0,0.5,0.0,250,1.084151705980301,1.0292412963539361,1.13613250747025,0.021667087440735228,0.018765462683811684,0.024828006467979953,0.2496031320067804,0.24680853046842233,0.2523934361105381,0.8973910416666666,0.891521328125,0.903838203125,0.027653747675940393,0.02367868090760894,0.03147780885109677,0.06132061007557039,0.04759725353459573,0.07319978523738309,-0.35391734010290754,-0.36068442236860576,-0.34778426496939313,0.35498233496035536,0.3488743764132009,0.36098537983747286,0.172,0.128,0.22,0.0,0.0,0.0,0.0,0.0,0.0,-0.26503031446289793,-0.2774092142191012,-0.25118872878079773,-4.771588698591653,-6.109219130004094,-3.7955757286643914,-2.9816535377869937,-3.487317526510098,-2.5919065536452783,0.788,0.736,0.836,0.2785051702799253,0.25953850824176505,0.29749217811523,-0.02836775866350738,-0.06782213203196692,-0.00045817427078940457,0.0016969085931777953,-0.0013538581132888795,0.006119052797555916,0.0,-0.012,0.012,-0.001739528267722876,-0.004098937715749138,-2.3638228617794078e-05,False
direct_invariance_only,False,10.0,1.0,0.0,250,1.0870771942138673,1.028977778840065,1.1393959670275449,0.021419572992667106,0.01866799936746931,0.02448402088780455,0.24904764648796868,0.24612697292508498,0.25197680784614873,0.8974249999999999,0.8916675625000001,0.9038700572916666,0.027653747675940393,0.02367868090760894,0.03147780885109677,0.06132061007557039,0.04759725353459573,0.07319978523738309,-0.3557884404617635,-0.3624203365020001,-0.3497929391746327,0.3566778081012576,0.35077064654882667,0.3628677007818377,0.176,0.128,0.224,0.0,0.0,0.0,0.0,0.0,0.0,-0.2669014148217539,-0.2795365490339911,-0.25312414835071567,-4.802102099494712,-6.1430352672059705,-3.8141082411389187,-3.0027038580714622,-3.5119132779266216,-2.6099784669514565,0.788,0.736,0.836,0.2800587743694697,0.26048386840304655,0.2989224639492152,-0.0588811595665657,-0.10722867427496963,-0.021199402762536925,0.004622396826744079,-0.0026335666209459305,0.012903555431962008,0.004,-0.012,0.02,-0.0036106286265788273,-0.0064876970402854275,-0.0012882120376728353,False
direct_invariance_only,False,10.0,2.0,0.0,250,1.0964472665786744,1.0421669449537991,1.1501075390368698,0.020616486631960865,0.017890937371970124,0.023630747367393175,0.2482592684801881,0.24532967919815912,0.25128477566891116,0.8971943749999999,0.891392609375,0.903552421875,0.027653747675940393,0.02367868090760894,0.03147780885109677,0.06132061007557039,0.04759725353459573,0.07319978523738309,-0.35886185733318415,-0.3650051744064812,-0.35306194606250557,0.3593598018616249,0.353704821877367,0.3653844267022514,0.18,0.132,0.22809999999999991,0.0,0.0,0.0,0.0,0.0,0.0,-0.26997483169317454,-0.28229098402803754,-0.25627494175654136,-4.852222554389616,-6.19233616408031,-3.8701005883065607,-3.0372805226554247,-3.5435363266431956,-2.6337221905279944,0.788,0.736,0.836,0.2831321912408904,0.2634433667420305,0.3022339582736986,-0.10900161446147028,-0.17746963998107293,-0.05530127793789254,0.01399246919155121,0.0036836560010910036,0.024776700988411903,0.008,-0.016,0.028,-0.006684045497999472,-0.010693351901990911,-0.0034077559791212096,False
direct_invariance_only,False,10.0,4.1970347680158095,0.0,250,1.1272743722200393,1.0748913601487875,1.179689473670721,0.01845188088346997,0.015550624906138275,0.021425480558962793,0.2452340384482282,0.24174972180388016,0.24860672962316052,0.8958829166666666,0.8896488958333333,0.9023050260416666,0.027653747675940393,0.02367868090760894,0.03147780885109677,0.06132061007557039,0.04759725353459573,0.07319978523738309,-0.36893913848639726,-0.37475323443917957,-0.36294742438732475,0.3693591592351838,0.36394221704154056,0.3750050218315979,0.208,0.15990000000000001,0.26,0.0,0.0,0.0,0.0,0.0,0.0,-0.28005211284638765,-0.29251237365696464,-0.26756565383569586,-5.016560142368504,-6.382753236876014,-4.02918407755386,-3.150652312077492,-3.665292865734599,-2.752342424060135,0.788,0.736,0.836,0.2916749624153939,0.2712181491096002,0.3110327061318639,-0.2733392024403578,-0.38312336074376774,-0.19382250834397768,0.04481957483291626,0.028741252774000168,0.06177971882224083,0.036,0.008,0.068,-0.016761326651212563,-0.022181216887654887,-0.01195282584928364,True
direct_invariance_only,False,10.0,5.0,0.0,250,1.136092794060707,1.0834879105597734,1.1883564257442951,0.01789892333661802,0.014921266181089785,0.020991095289484854,0.24449479193196283,0.24077695870610843,0.24805462176677442,0.8962989583333333,0.8904654479166667,0.902622796875,0.027653747675940393,0.02367868090760894,0.03147780885109677,0.06132061007557039,0.04759725353459573,0.07319978523738309,-0.3714569565970344,-0.3776665231304966,-0.36526144217257084,0.37187531047860706,0.36641021579219246,0.3779290825524814,0.22,0.172,0.272,0.0,0.0,0.0,0.0,0.0,0.0,-0.2825699309570248,-0.29517925052283067,-0.27053662622962305,-5.057620042254272,-6.427893065849562,-4.056114194790268,-3.178978359580018,-3.696102925404565,-2.7735335844154076,0.788,0.736,0.836,0.29419278052603115,0.2738515268347096,0.3137129320541688,-0.3143991023261261,-0.42880579871926544,-0.22119149176256891,0.05363799667358399,0.03729413361251354,0.07208958108425141,0.048,0.016,0.08,-0.019279144761849755,-0.025157438638227468,-0.013734857283286585,False
soft_objective_recourse,False,30.0,0.0,0.0,250,1.2730707516670228,1.2288766845941543,1.3138639624595643,0.009469616079556513,0.00718871419980315,0.012398549084296804,0.24643044097820074,0.24279967833824814,0.2499841738672775,0.8986116666666666,0.8923198177083332,0.9053859739583333,0.027653747675940393,0.02367868090760894,0.03147780885109677,0.06132061007557039,0.04759725353459573,0.07319978523738309,-0.3765412429262402,-0.383032885563471,-0.3701465683726966,0.37899607428341203,0.3735598965672908,0.384397652230099,0.444,0.384,0.508,0.0,0.0,0.0,0.0,0.0,0.0,-0.28765421728623064,-0.2992737752308366,-0.2746867530950454,-5.140533214888073,-6.556295286744859,-4.126192481452269,-3.236177779772083,-3.7572746655754377,-2.822675900270067,0.788,0.736,0.836,0.2990702396415298,0.27813165509766535,0.31877313753080344,0.0,0.0,0.0,0.0,0.0,0.0,0.0,0.0,0.0,0.0,0.0,0.0,False
direct_invariance_only,False,30.0,0.5,0.0,250,1.2763301184177398,1.2334172470748426,1.31708648802042,0.009365720232692493,0.007066451467555498,0.012294942811017808,0.24253217101532223,0.23863239459309266,0.2465017408129265,0.8990466666666667,0.8929798541666667,0.9054335156250001,0.027653747675940393,0.02367868090760894,0.03147780885109677,0.06132061007557039,0.04759725353459573,0.07319978523738309,-0.3873284015631596,-0.39347387499991565,-0.38145118416014134,0.38904442856149185,0.38344532239142826,0.39469685312473235,0.448,0.384,0.512,0.0,0.0,0.0,0.0,0.0,0.0,-0.29844137592314995,-0.3093822518850521,-0.28621737017914306,-5.3164472937536535,-6.729415288108871,-4.294402753700723,-3.357535858290844,-3.8855580491252044,-2.944461545647851,0.788,0.736,0.836,0.30846175432262835,0.2869574754650098,0.3284946650866654,-0.17591407886558041,-0.23943255783260622,-0.12025461105363666,0.003259366750717163,-0.0022996883392333986,0.010180856102704994,0.004,-0.008,0.02,-0.01078715863691934,-0.014974136412706118,-0.007413126849036172,False
direct_invariance_only,False,30.0,1.0,0.0,250,1.283191902399063,1.240772178375721,1.3231809296786785,0.009163305533990144,0.00684164467851822,0.012036272866929107,0.24140880868780323,0.237350469149452,0.24540885838813853,0.899298125,0.8932237135416666,0.9057493645833332,0.027653747675940393,0.02367868090760894,0.03147780885109677,0.06132061007557039,0.04759725353459573,0.07319978523738309,-0.3900484213560235,-0.3963141575950968,-0.38411482784865053,0.39147695586654496,0.3856975786007806,0.3969397853748042,0.46,0.4,0.524,0.0,0.0,0.0,0.0,0.0,0.0,-0.30116139571601397,-0.31193099129525775,-0.2897012668806211,-5.360804644235193,-6.7826516176181295,-4.338756082650661,-3.388136722402103,-3.9110715941764718,-2.965384183978908,0.788,0.736,0.836,0.31109073108886753,0.2889881298813425,0.33163719522395,-0.22027142934711996,-0.29905946912321535,-0.15341166454510463,0.010121150732040405,0.0010430002093315125,0.02021928095817566,0.016,0.0,0.036,-0.013507178429783322,-0.01825364645514633,-0.00944556784775822,False
direct_invariance_only,False,30.0,2.0,0.0,250,1.2867943198680878,1.2441997754335403,1.32643172082901,0.00906772557655201,0.006751250744679166,0.011967809241577467,0.24083163631839072,0.23687626395317463,0.2449196045809028,0.8992627083333333,0.8933453541666667,0.9054979114583332,0.027653747675940393,0.02367868090760894,0.03147780885109677,0.06132061007557039,0.04759725353459573,0.07319978523738309,-0.39166521554678924,-0.3976263884566204,-0.38585046865975287,0.39306665715824834,0.38723567601946374,0.3986779641537158,0.468,0.408,0.532,0.0,0.0,0.0,0.0,0.0,0.0,-0.30277818990677957,-0.31341117797163626,-0.2913265209376439,-5.387170888614909,-6.814459803642637,-4.351878732861581,-3.4063260383244707,-3.930850663972949,-2.9888459837288153,0.788,0.736,0.836,0.31270752527963314,0.29109632352768017,0.33371959002961094,-0.24663767372683587,-0.3322329674545317,-0.17264967035617224,0.013723568201065064,0.0036765668392181395,0.023895847570896148,0.024,0.004,0.048,-0.015123972620548952,-0.02025369910636004,-0.010610036183076732,False
direct_invariance_only,False,30.0,4.1970347680158095,0.0,250,1.2958954908847808,1.2537397073924543,1.335170283538103,0.008928969845481685,0.006595575326142983,0.011830622912335801,0.23916108239277412,0.2348485744014686,0.243549870971023,0.8996697916666667,0.8937797604166666,0.9059173906249999,0.027653747675940393,0.02367868090760894,0.03147780885109677,0.06132061007557039,0.04759725353459573,0.07319978523738309,-0.3961302898186309,-0.4026957204510142,-0.38999699812076466,0.3973262850811525,0.3912914197157701,0.4030009397380047,0.488,0.4279,0.552,0.0,0.0,0.0,0.0,0.0,0.0,-0.3072432641786213,-0.317496435771007,-0.295688978363105,-5.4599861177253,-6.878548976085605,-4.431828595894875,-3.4565591768471284,-3.994296460984897,-3.0351107099293064,0.788,0.736,0.836,0.3163247729070906,0.29422676048288365,0.3366443230742023,-0.31945290283722727,-0.4251054686161539,-0.22984581967160034,0.02282473921775818,0.011370668190717697,0.03414308180809021,0.044,0.016,0.072,-0.019589046892390702,-0.02551169411694525,-0.013985356627174836,True
direct_invariance_only,False,30.0,5.0,0.0,250,1.3055391402244567,1.2652971067845822,1.3431522260963917,0.008872955185328484,0.006526538919580501,0.011799442815622022,0.23738960062461265,0.2329591936742354,0.24180036043624403,0.9014247916666667,0.8956271041666668,0.9076302708333334,0.027653747675940393,0.02367868090760894,0.03147780885109677,0.06132061007557039,0.04759725353459573,0.07319978523738309,-0.40064152952828397,-0.4064974321678675,-0.3945941160337799,0.4012526909091183,0.3955596787963218,0.40708218037232696,0.5,0.436,0.5640999999999998,0.0,0.0,0.0,0.0,0.0,0.0,-0.31175450388827436,-0.3222036411845006,-0.30125970901651955,-5.533554200366577,-6.978921092961929,-4.500657746684548,-3.5073116874320087,-4.039269966192575,-3.0847413586774546,0.788,0.736,0.836,0.3208360126167436,0.29916477594875,0.34189187884946204,-0.39302098547850406,-0.5139510670144715,-0.29015738473752906,0.03246838855743408,0.01890078424811363,0.04694918190240859,0.056,0.027900000000000005,0.088,-0.02410028660204373,-0.03160736813994316,-0.017784027612630364,False
transport_anchor_only,False,0.0,0.0,0.1,250,0.0,0.0,0.0,0.6571640453273111,0.6301496155668838,0.6829403081616855,0.10206745015358805,0.09318718783391228,0.11201835778458934,0.78912,0.7792908333333333,0.7987581666666667,0.027653747675940393,0.02367868090760894,0.03147780885109677,0.06132061007557039,0.04759725353459573,0.07319978523738309,0.06132061007557039,0.04890557412111754,0.07344377046148952,0.10964701781008564,0.10085967367067306,0.11892283617762747,0.008,0.0,0.02,0.0,0.0,0.0,0.0,0.0,0.0,0.0,0.0,0.0,0.0,0.0,0.0,0.0,0.0,0.0,0.0,0.0,0.0,0.0,0.0,0.0,0.0,0.0,0.0,0.0,0.0,0.0,0.0,0.0,0.0,0.0,0.0,0.0,False
mediation_aware_recourse,False,0.0,0.5,0.1,250,0.0,0.0,0.0,0.6571640453273111,0.6301496155668838,0.6829403081616855,0.10206745015358805,0.09318718783391228,0.11201835778458934,0.78912,0.7792908333333333,0.7987581666666667,0.027653747675940393,0.02367868090760894,0.03147780885109677,0.06132061007557039,0.04759725353459573,0.07319978523738309,0.06132061007557039,0.04890557412111754,0.07344377046148952,0.10964701781008564,0.10085967367067306,0.11892283617762747,0.008,0.0,0.02,0.0,0.0,0.0,0.0,0.0,0.0,0.0,0.0,0.0,0.0,0.0,0.0,0.0,0.0,0.0,0.0,0.0,0.0,0.0,0.0,0.0,0.0,0.0,0.0,0.0,0.0,0.0,0.0,0.0,0.0,0.0,0.0,0.0,False
mediation_aware_recourse,False,0.0,1.0,0.1,250,0.0,0.0,0.0,0.6571640453273111,0.6301496155668838,0.6829403081616855,0.10206745015358805,0.09318718783391228,0.11201835778458934,0.78912,0.7792908333333333,0.7987581666666667,0.027653747675940393,0.02367868090760894,0.03147780885109677,0.06132061007557039,0.04759725353459573,0.07319978523738309,0.06132061007557039,0.04890557412111754,0.07344377046148952,0.10964701781008564,0.10085967367067306,0.11892283617762747,0.008,0.0,0.02,0.0,0.0,0.0,0.0,0.0,0.0,0.0,0.0,0.0,0.0,0.0,0.0,0.0,0.0,0.0,0.0,0.0,0.0,0.0,0.0,0.0,0.0,0.0,0.0,0.0,0.0,0.0,0.0,0.0,0.0,0.0,0.0,0.0,False
mediation_aware_recourse,False,0.0,2.0,0.1,250,0.010181451559066773,0.0033938171863555906,0.01866599452495575,0.6728767318817204,0.6467006738684072,0.6996317790296144,0.09658574381782628,0.0876055782979494,0.10636833598056579,0.7886168749999999,0.7788656510416666,0.7983917552083333,0.027653747675940393,0.02367868090760894,0.03147780885109677,0.06132061007557039,0.04759725353459573,0.07319978523738309,0.06754114278106389,0.055296136123267094,0.0789462141999473,0.10764869203217305,0.09874769817066782,0.11673595396751199,0.008,0.0,0.02,0.0,0.0,0.0,0.0,0.0,0.0,0.0010674756085292504,-0.0020665668053410175,0.00410814638830688,-0.10144277263105228,-0.20765382436577853,-0.027764272893864957,0.012009352330592193,-0.022851752924290297,0.04679700200577501,0.024,0.008,0.044,0.0025765285484821336,0.00035921663117443014,0.0053865879392216145,-0.10144277263105228,-0.20871414310595762,-0.02880340811892133,0.010181451559066773,0.0033938171863555906,0.01866599452495575,0.0,0.0,0.0,0.0010674756085292504,-0.0020219908962748794,0.004189705969840172,False
mediation_aware_recourse,False,0.0,4.1970347680158095,0.1,250,0.13914650464057923,0.11369287574291229,0.16464255625307556,0.794581442421153,0.7851910250711167,0.8033895892588083,0.050751530258209325,0.0466584931545534,0.05495784879586308,0.8088074999999999,0.7998051562499999,0.8178223489583333,0.027653747675940393,0.02367868090760894,0.03147780885109677,0.06132061007557039,0.04759725353459573,0.07319978523738309,0.10948940637525204,0.09888314431064642,0.1197645628555282,0.11498500851423522,0.10565310693514196,0.12504351950912532,0.0,0.0,0.0,0.0,0.0,0.0,0.0,0.0,0.0,-0.021533295308969976,-0.028684033705417875,-0.01501391132186984,-0.7855237617551312,-1.1409345620742133,-0.5619495793633889,-0.24225465025885007,-0.33436537542450023,-0.1574073650165994,0.156,0.116,0.2,0.015942270149097205,0.010911226476539028,0.021508520721536372,-0.7855237617551312,-1.1674629956805058,-0.5401158098111601,0.13914650464057923,0.11369287574291229,0.16464255625307556,-0.008,-0.02,0.0,-0.021533295308969976,-0.0290869871635578,-0.014091115934570292,True
mediation_aware_recourse,False,0.0,5.0,0.1,250,0.15950940775871278,0.13405577886104583,0.1866599452495575,0.8048934771619493,0.7968230156897133,0.812459463035226,0.04616920952990923,0.0425795033738953,0.049683221761002205,0.8121091666666667,0.803678765625,0.8208224479166667,0.027653747675940393,0.02367868090760894,0.03147780885109677,0.06132061007557039,0.04759725353459573,0.07319978523738309,0.11235426338150004,0.10181533625206679,0.12307363967953017,0.11698181738892457,0.10756319807625134,0.12720395784785576,0.0,0.0,0.0,0.0,0.0,0.0,0.0,0.0,0.0,-0.02439815231521797,-0.03181972581450911,-0.0174495027777976,-0.8322430785185717,-1.1955732827105667,-0.5980559920701258,-0.27448496717653614,-0.36836058520272064,-0.18702555009365343,0.156,0.116,0.2,0.015942270149097205,0.010911226476539028,0.021508520721536372,-0.8322430785185717,-1.2299928671858518,-0.5828187192701786,0.15950940775871278,0.13405577886104583,0.1866599452495575,-0.008,-0.02,0.0,-0.02439815231521797,-0.03198636992261518,-0.016930385489983765,False
transport_anchor_only,False,1.0,0.0,0.1,250,0.1769318995475769,0.14416974113881587,0.21124266900122166,0.44987497003588706,0.4118958397481157,0.4862544181408397,0.15895445187219953,0.14767740152378683,0.16977838789344055,0.7920295833333333,0.781914578125,0.8016083125,0.027653747675940393,0.02367868090760894,0.03147780885109677,0.06132061007557039,0.04759725353459573,0.07319978523738309,-0.055812548589354805,-0.07410619427271585,-0.038021293217601636,0.13952476349748758,0.1272100051426208,0.15218107641011788,0.008,0.0,0.02,0.0,0.0,0.0,0.0,0.0,0.0,-0.027334949507287577,-0.036762251548745246,-0.01817307199676521,0.08982398380295875,-0.27195169126888175,0.3980049088507521,-0.3075246281498212,-0.4115147239881278,-0.20445553693723775,0.284,0.228,0.344,0.07223405408610638,0.05649461797928285,0.08803614124436741,0.07479611176383238,-0.0018821879521359272,0.17705162383152284,-0.0035421147346496582,-0.011289426565170287,0.002508288502693176,0.0,0.0,0.0,0.0049352261268248146,0.00091892396726619,0.010116454644423957,False
mediation_aware_recourse,False,1.0,0.5,0.1,250,0.10130398738384247,0.0746479502081871,0.1295643536001444,0.5317748661696343,0.4955442684266219,0.5665314324992854,0.13458540706220526,0.12392777022380731,0.14518435364916352,0.7852777083333333,0.775546703125,0.7945490937499999,0.027653747675940393,0.02367868090760894,0.03147780885109677,0.06132061007557039,0.04759725353459573,0.07319978523738309,-0.01431825366683611,-0.03263340747881296,0.0025331113467475875,0.12419260858937425,0.11309022592346345,0.1359324189005873,0.008,0.0,0.02,0.0,0.0,0.0,0.0,0.0,0.0,-0.012773740022732002,-0.019569814362483715,-0.006143394012265803,0.7665017740496946,0.48153265033929854,0.9853440165493698,-0.1437075875895022,-0.21704471278819512,-0.06891361152198244,0.168,0.12,0.216,0.04420630188256925,0.03122499457561491,0.058208354714623635,0.7514739020105682,0.5068201423375522,1.0377502373894623,-0.0791700268983841,-0.1049943996667862,-0.053417949184775354,0.0,0.0,0.0,0.01949643561138039,0.012785782954889809,0.026289205894413498,False
mediation_aware_recourse,False,1.0,1.0,0.1,250,0.01114112901687622,0.00258243727684021,0.022208109259605407,0.6418420376214424,0.6146361153388158,0.6710484160174738,0.10590377259942195,0.09617075362336283,0.1159911685734887,0.787490625,0.7777476666666666,0.7973045364583334,0.027653747675940393,0.02367868090760894,0.03147780885109677,0.06132061007557039,0.04759725353459573,0.07319978523738309,0.05169047695135417,0.03833342159442192,0.06445770552245357,0.11026151492585536,0.10122672535977965,0.11949287215496196,0.008,0.0,0.02,0.0,0.0,0.0,0.0,0.0,0.0,2.9840757995691193e-05,-0.0027683019108113837,0.0027869330281506638,0.15704561830595332,0.03381429688917409,0.317585244499651,0.00033571556457001606,-0.030498327089835114,0.03212102601289408,0.02,0.004,0.04,0.0048001461831102595,0.0004444325747771645,0.010163330706021967,0.14201774626682695,-0.22130244539567684,0.5674417711888091,-0.16933288526535034,-0.20357135966420173,-0.1341347334086895,0.0,0.0,0.0,0.03230001639210808,0.02322026094499467,0.04076443290445051,False
mediation_aware_recourse,False,1.0,2.0,0.1,250,0.0,0.0,0.0,0.6571640453273111,0.6301496155668838,0.6829403081616855,0.10206745015358805,0.09318718783391228,0.11201835778458934,0.78912,0.7792908333333333,0.7987581666666667,0.027653747675940393,0.02367868090760894,0.03147780885109677,0.06132061007557039,0.04759725353459573,0.07319978523738309,0.06132061007557039,0.04890557412111754,0.07344377046148952,0.10964701781008564,0.10085967367067306,0.11892283617762747,0.008,0.0,0.02,0.0,0.0,0.0,0.0,0.0,0.0,0.0,0.0,0.0,0.0,0.0,0.0,0.0,0.0,0.0,0.0,0.0,0.0,0.0,0.0,0.0,-0.015027872039126366,-0.3227181786446232,0.36591638958443284,-0.18047401428222656,-0.21485707879066468,-0.1460130935609341,0.0,0.0,0.0,0.03227017563411239,0.02338314030830078,0.04156819449371265,False
mediation_aware_recourse,False,1.0,4.1970347680158095,0.1,250,0.0,0.0,0.0,0.6571640453273111,0.6301496155668838,0.6829403081616855,0.10206745015358805,0.09318718783391228,0.11201835778458934,0.78912,0.7792908333333333,0.7987581666666667,0.027653747675940393,0.02367868090760894,0.03147780885109677,0.06132061007557039,0.04759725353459573,0.07319978523738309,0.06132061007557039,0.04890557412111754,0.07344377046148952,0.10964701781008564,0.10085967367067306,0.11892283617762747,0.008,0.0,0.02,0.0,0.0,0.0,0.0,0.0,0.0,0.0,0.0,0.0,0.0,0.0,0.0,0.0,0.0,0.0,0.0,0.0,0.0,0.0,0.0,0.0,-0.015027872039126366,-0.3227181786446232,0.36591638958443284,-0.18047401428222656,-0.21485707879066468,-0.1460130935609341,0.0,0.0,0.0,0.03227017563411239,0.02338314030830078,0.04156819449371265,True
mediation_aware_recourse,False,1.0,5.0,0.1,250,0.027150537490844725,0.015272177338600158,0.04072580623626709,0.6920753838647804,0.6667779719031949,0.7156594562275512,0.08916230830647993,0.08097680315286218,0.09854902539654034,0.7902085416666667,0.7799888749999999,0.7994674739583333,0.027653747675940393,0.02367868090760894,0.03147780885109677,0.06132061007557039,0.04759725353459573,0.07319978523738309,0.072989851716361,0.060552012324643585,0.08453556641133508,0.1083802430503689,0.09968037827423987,0.11771933317092532,0.008,0.0,0.02,0.0,0.0,0.0,0.0,0.0,0.0,-0.002130195697451296,-0.006924714929090625,0.0021122778538312575,-0.190298851012892,-0.35945745167458043,-0.0777439344666092,-0.023965203944145363,-0.07817780920592554,0.026597631864045155,0.044,0.02,0.072,0.004263464757622099,0.0015845428350031484,0.007472563591126998,-0.20532672305201838,-0.5415063367818874,0.14374809089190863,-0.15332347679138184,-0.192799120798707,-0.11318289670348167,0.0,0.0,0.0,0.030139979936661097,0.0194931852083342,0.04030236721782448,False
transport_anchor_only,False,3.0,0.0,0.1,250,0.7146003439426422,0.6720368986099958,0.7562982747673987,0.0963711594424601,0.087817069106974,0.10504602875961405,0.2508517764299104,0.24821947320810908,0.2536348545451205,0.8833389583333333,0.8763525833333333,0.8899593541666665,0.027653747675940393,0.02367868090760894,0.03147780885109677,0.06132061007557039,0.04759725353459573,0.07319978523738309,-0.26789415762515123,-0.27726831439753385,-0.2582180968187605,0.2756786732789878,0.2682669172267864,0.28356909539920094,0.016,0.004,0.032099999999999906,0.0,0.0,0.0,0.0,0.0,0.0,-0.1798209974701581,-0.19297743510526014,-0.16696991177598908,-3.3687457984355245,-4.36792922988894,-2.684781573190365,-2.023028627354783,-2.3869890566784986,-1.741447627391582,0.776,0.724,0.8240999999999998,0.22086107232578245,0.2044208179432755,0.2361662840809225,0.0,0.0,0.0,0.0,0.0,0.0,0.0,0.0,0.0,0.0,0.0,0.0,False
mediation_aware_recourse,False,3.0,0.5,0.1,250,0.7076874306201935,0.6662313948094846,0.750529916843772,0.09875935482489406,0.08999458687021426,0.10817487744447413,0.2497648616770851,0.2470772822913275,0.2525106207916848,0.8833525,0.8764188333333334,0.8899608906250001,0.027653747675940393,0.02367868090760894,0.03147780885109677,0.06132061007557039,0.04759725353459573,0.07319978523738309,-0.26767020761467597,-0.2770838447648666,-0.25832776780490846,0.2750632852088941,0.2680866774358528,0.28329693328488686,0.016,0.004,0.032099999999999906,0.0,0.0,0.0,0.0,0.0,0.0,-0.1795970474596828,-0.19211019573130667,-0.1669737691286941,-3.3650936819578954,-4.315857258931407,-2.6820012448624837,-2.020509136924512,-2.373170369977604,-1.739356246624781,0.776,0.724,0.8240999999999998,0.2212094950400378,0.2046788593873189,0.23679515014169245,0.003652116477629086,-0.04378754132835727,0.05728583071312344,-0.006912913322448731,-0.01661686396598816,5.214995145792987e-06,0.0,0.0,0.0,0.00022395001047529673,-0.0024299637906934524,0.0034251757656226546,False
mediation_aware_recourse,False,3.0,1.0,0.1,250,0.7021283752918244,0.6592766102403402,0.7439518141299486,0.10081409179797352,0.09108868950779393,0.11065460232405912,0.24905306045039421,0.2463174260707822,0.2519407499054972,0.8829395833333334,0.87606625,0.8895015833333333,0.027653747675940393,0.02367868090760894,0.03147780885109677,0.06132061007557039,0.04759725353459573,0.07319978523738309,-0.2668948667948765,-0.27592887529613663,-0.25762317831282977,0.2743212447480934,0.2672217882564231,0.2826863252460767,0.016,0.004,0.032099999999999906,0.0,0.0,0.0,0.0,0.0,0.0,-0.1788217066398834,-0.19159943018774564,-0.16579383513812582,-3.3524496326106377,-4.2931296931534675,-2.687328556723683,-2.0117863698590512,-2.358987049973963,-1.7271289650839783,0.776,0.724,0.8240999999999998,0.22073952514101336,0.2039692083597797,0.23624932819319827,0.0162961658248868,-0.03685501686487223,0.07647335535239769,-0.012471968650817872,-0.02494579102098942,-0.0027680182456970214,0.0,0.0,0.0,0.0009992908302747091,-0.0022468319826652126,0.004506399482848677,False
mediation_aware_recourse,False,3.0,2.0,0.1,250,0.6939357525110245,0.6519511370867491,0.7341244183689355,0.10495729259398384,0.09466790846069727,0.11575411849934862,0.24637512659737765,0.24307817892482234,0.24952027201617677,0.8833795833333333,0.8770524843749998,0.8895344322916667,0.027653747675940393,0.02367868090760894,0.03147780885109677,0.06132061007557039,0.04759725353459573,0.07319978523738309,-0.2686435352048979,-0.2779551942357762,-0.2593954433546366,0.27389601496155924,0.26608840508728154,0.2822650473429821,0.012,0.0,0.028,0.0,0.0,0.0,0.0,0.0,0.0,-0.18017784991845173,-0.19120261033008423,-0.16811637553133543,-3.380966446253985,-4.337020312805951,-2.7011815226730596,-2.02704330155188,-2.3771919591426887,-1.7551981188689463,0.78,0.724,0.828,0.22291177115800687,0.20679594041384267,0.2387269861550612,-0.012220647818460328,-0.12485911842369975,0.09999691177240348,-0.020664591431617738,-0.04158381987214088,-0.0022015894711017617,-0.004,-0.012,0.0,-0.000356852448293653,-0.0072799610311489816,0.006129694066288565,False
mediation_aware_recourse,False,3.0,4.1970347680158095,0.1,250,0.474320213675499,0.43748244013786314,0.5084439463078976,0.2274164842841926,0.1947520838315809,0.26049888449007097,0.20587772093952433,0.1969489439513134,0.21576997187396377,0.8453502083333333,0.8372364947916667,0.8527986302083332,0.027653747675940393,0.02367868090760894,0.03147780885109677,0.06132061007557039,0.04759725353459573,0.07319978523738309,-0.2133755240963036,-0.22798320949218456,-0.19803967042519183,0.22069529540140087,0.20669814390140182,0.23393487819530975,0.012,0.0,0.028,0.0,0.0,0.0,0.0,0.0,0.0,-0.12600790466011624,-0.13768192478316021,-0.11435621215954414,-2.4796706006894507,-3.1506040488007487,-1.9980673203364077,-1.4176186429102184,-1.6263433174203075,-1.2423550845157825,0.696,0.64,0.752,0.18917432904652792,0.1724674901282327,0.20593488964947906,0.8890751977460738,0.5702926796799154,1.3128766672432053,-0.24028013026714326,-0.30033414280712606,-0.1811398802250624,-0.004,-0.012,0.0,0.05381309281004184,0.03800943762096995,0.06995389392371278,True
mediation_aware_recourse,False,3.0,5.0,0.1,250,0.42227728736400605,0.386858889067173,0.458431409239769,0.2684109786279696,0.23068515710940934,0.30628508997518417,0.19039296204428882,0.17971548398713758,0.20093447183403693,0.8333210416666665,0.8249278541666666,0.841212625,0.027653747675940393,0.02367868090760894,0.03147780885109677,0.06132061007557039,0.04759725353459573,0.07319978523738309,-0.19966706406161294,-0.2161117750909804,-0.18212485505484372,0.21029937843788088,0.1948429209482925,0.2249624517932638,0.012,0.0,0.028,0.0,0.0,0.0,0.0,0.0,0.0,-0.1158226246171432,-0.128322086551435,-0.10298727829680608,-2.2561167251197753,-2.928079887786078,-1.8006959051727907,-1.3030318405097963,-1.4856168863377661,-1.1450394541124613,0.628,0.5719,0.688,0.177940643855965,0.15926976477686372,0.19578933992533532,1.1126290733157491,0.7279484479168897,1.625480281708115,-0.29232305657863616,-0.35912753338515757,-0.22651367354393007,-0.004,-0.012,0.0,0.06399837285301488,0.046030294879413645,0.08229538302223618,False
transport_anchor_only,False,10.0,0.0,0.1,250,1.0824547972679137,1.0270720396310091,1.1353080383777618,0.021829807701222184,0.019013149274794354,0.025034055815751983,0.25030583915260707,0.24776269161670833,0.2530079422888192,0.8967220833333334,0.8906586406250001,0.9031863125000001,0.027653747675940393,0.02367868090760894,0.03147780885109677,0.06132061007557039,0.04759725353459573,0.07319978523738309,-0.35206267937816976,-0.35879647305285056,-0.3459422785519469,0.35328486584389385,0.34722494212994814,0.3592536443093034,0.172,0.128,0.22,0.0,0.0,0.0,0.0,0.0,0.0,-0.26317565373816015,-0.27597582975096474,-0.2485029782739022,-4.741343390815816,-6.094531496022708,-3.772622083488014,-2.9607881672631886,-3.4715531370719024,-2.567730311917694,0.788,0.736,0.836,0.27719331949237036,0.25830925154378104,0.29621749468066316,0.001877549112330179,-0.005487549308025153,0.013253859130944455,-1.1920928955078125e-10,-0.0020307869911193846,0.0020307866334915163,0.0,-0.012,0.012,0.00011513245701488706,-0.0003287884080411252,0.0007809876247891004,False
mediation_aware_recourse,False,10.0,0.5,0.1,250,1.0834747769832611,1.0284725833177566,1.135769252166152,0.02173969052502061,0.018827429500548453,0.024835387099566935,0.24955344703017385,0.24677192167153592,0.2523595039494535,0.8969708333333333,0.8911016718749999,0.9033525885416668,0.027653747675940393,0.02367868090760894,0.03147780885109677,0.06132061007557039,0.04759725353459573,0.07319978523738309,-0.3540554316225143,-0.3608273803086371,-0.34788563535412215,0.355120426479962,0.34903083696941695,0.36111338801640164,0.172,0.128,0.22,0.0,0.0,0.0,0.0,0.0,0.0,-0.26516840598250463,-0.2774214334981866,-0.25132925044158344,-4.773840657915551,-6.115980830875222,-3.7970683519331008,-2.9832070999476406,-3.490379860137502,-2.593705055627919,0.788,0.736,0.836,0.27864326179953197,0.2596748644745561,0.2975925328805932,-0.03061971798740526,-0.07029444395342391,-0.003600790097280472,0.0010199795961380006,-0.0027077159881591798,0.0057676550149917604,0.0,-0.012,0.012,-0.001877619787329594,-0.004174763513658896,-0.00021371284878453876,False
mediation_aware_recourse,False,10.0,1.0,0.1,250,1.0853802857398986,1.0291993660777807,1.13746952213943,0.021588267022354998,0.018796624137299506,0.02462763038083538,0.24907311442814012,0.24612750516239695,0.2520138220693611,0.8970641666666667,0.8912308697916667,0.9035224322916666,0.027653747675940393,0.02367868090760894,0.03147780885109677,0.06132061007557039,0.04759725353459573,0.07319978523738309,-0.3555696698730267,-0.36220239463851406,-0.3493989191481813,0.3564590375125208,0.35045647180318285,0.3627729773024782,0.172,0.1279,0.22,0.0,0.0,0.0,0.0,0.0,0.0,-0.2666826442330171,-0.27896774537863434,-0.252696000721798,-4.798534447632357,-6.138532848476362,-3.8171742052098447,-3.0002426373571724,-3.499414299351135,-2.6095394667305243,0.788,0.736,0.836,0.2801575000500444,0.2609177769334606,0.298959582436602,-0.05531350770421106,-0.10639535550405091,-0.01877193735636898,0.002925488352775574,-0.003520603197813034,0.010183305880427358,0.0,-0.016,0.016,-0.003391858037841954,-0.00625895945039985,-0.0011752624586175318,False
mediation_aware_recourse,False,10.0,2.0,0.1,250,1.0974672462940216,1.0433709213107822,1.150329430437088,0.020548410956010676,0.01782547345987035,0.023461264461016894,0.24810553511437047,0.24514753395248837,0.25111604497626133,0.8967485416666666,0.8908711614583333,0.9030473593749999,0.027653747675940393,0.02367868090760894,0.03147780885109677,0.06132061007557039,0.04759725353459573,0.07319978523738309,-0.35929651492858716,-0.3653624315172539,-0.3533466399091602,0.359794459457028,0.35413774730710346,0.36594066928913954,0.176,0.128,0.224,0.0,0.0,0.0,0.0,0.0,0.0,-0.27040948928857755,-0.28275837889482675,-0.25684381735282064,-4.859310833434253,-6.213481006535731,-3.876239737568067,-3.042170523105697,-3.5481218547332922,-2.6345955656754834,0.788,0.736,0.836,0.2836389662220578,0.26392956129010486,0.3029037917350611,-0.11608989350610699,-0.1850223103354792,-0.06014854427095145,0.015012448906898498,0.0041540681064128875,0.02622222713530063,0.004,-0.02,0.028,-0.007118703093402489,-0.011342451185754436,-0.003767759801423899,False
mediation_aware_recourse,False,10.0,4.1970347680158095,0.1,250,1.1282943519353867,1.0763373990029095,1.180613584882021,0.018372028586278052,0.015498784899884339,0.021413049709750956,0.24518499766022447,0.24170810493358236,0.24855090773197355,0.8954560416666667,0.8892213489583333,0.9017960260416666,0.027653747675940393,0.02367868090760894,0.03147780885109677,0.06132061007557039,0.04759725353459573,0.07319978523738309,-0.3691902099916724,-0.3749812730270616,-0.36319849589259995,0.36961023074045896,0.3641571048714641,0.37520051492697204,0.204,0.152,0.26,0.0,0.0,0.0,0.0,0.0,0.0,-0.28030318435166285,-0.292576328852491,-0.2678354978526167,-5.020654548881513,-6.382753236876014,-4.037770643344591,-3.153476925720117,-3.669907001005227,-2.754756017836795,0.788,0.736,0.836,0.29199815130643353,0.27145750188839796,0.3113558950229035,-0.2774336089533671,-0.38821854627657804,-0.19416816740016782,0.04583955454826355,0.02953628437817097,0.06388311142027377,0.032,0.004,0.064,-0.017012398156487748,-0.02260914143115124,-0.011970449031752229,True
mediation_aware_recourse,False,10.0,5.0,0.1,250,1.1371127735376358,1.0842928774178027,1.1896769832074643,0.01784160816618686,0.014865209717576156,0.020934312318083743,0.2444064335961666,0.2407125231763787,0.2479677854020499,0.8959018750000001,0.8898740833333333,0.9021231145833334,0.027653747675940393,0.02367868090760894,0.03147780885109677,0.06132061007557039,0.04759725353459573,0.07319978523738309,-0.37179430944207265,-0.37807525569972733,-0.3655258470411159,0.372211776243631,0.36661877341816795,0.3784017421271849,0.22,0.172,0.272,0.0,0.0,0.0,0.0,0.0,0.0,-0.2829072838020631,-0.29527388788429604,-0.2711031853651355,-5.063121501626944,-6.43502771248306,-4.062433062433562,-3.1827736586420485,-3.704570817384161,-2.7762178139914817,0.788,0.736,0.836,0.29460225075683383,0.2739095035083298,0.314445311211426,-0.3199005616987982,-0.4355053726100836,-0.22648338157636974,0.0546579761505127,0.037822291377186776,0.07264866682887076,0.048,0.016,0.08,-0.01961649760688798,-0.0257346350586605,-0.014024840847224856,False
transport_anchor_only,False,30.0,0.0,0.1,250,1.272393822669983,1.227785988330841,1.3128671120584012,0.009492636679055918,0.007189289714790635,0.012421569683796208,0.24502631138634115,0.24142517376299819,0.24876213490367038,0.8958108333333333,0.8892752239583334,0.9026059010416667,0.027653747675940393,0.02367868090760894,0.03147780885109677,0.06132061007557039,0.04759725353459573,0.07319978523738309,-0.3810952095065998,-0.3871962684175034,-0.37490977841072165,0.3832324888848569,0.3773800882365163,0.3883945139748174,0.44,0.38,0.504,0.0,0.0,0.0,0.0,0.0,0.0,-0.29220818386659014,-0.3036269941203569,-0.279256474792717,-5.214798075833641,-6.637114915878303,-4.182700827311941,-3.2874109777283635,-3.811836158706957,-2.8670526020217095,0.788,0.736,0.836,0.30286096870309054,0.2812113330842492,0.32323370368959264,-0.07426486094556761,-0.10881836534686506,-0.04791664037859569,-0.0006769289970397949,-0.0020307869911193846,0.0,-0.004,-0.012,0.0,-0.0045539665803595196,-0.006172306576333658,-0.003063438740552459,False
mediation_aware_recourse,False,30.0,0.5,0.1,250,1.2749762604236603,1.2327364732682704,1.3158951070904732,0.009411195023743161,0.0071117241571921055,0.012317256033798532,0.2425854368624197,0.2387496629744498,0.2465309949791828,0.89825875,0.8921757604166667,0.9044478125000001,0.027653747675940393,0.02367868090760894,0.03147780885109677,0.06132061007557039,0.04759725353459573,0.07319978523738309,-0.3871699568100096,-0.39340659917929266,-0.3813601179583266,0.3888859838083127,0.3831958918761256,0.39447680806967744,0.44,0.3799,0.508,0.0,0.0,0.0,0.0,0.0,0.0,-0.2982829311699999,-0.3093167954412626,-0.28584287866940766,-5.313863419376756,-6.726456105700658,-4.291140747711389,-3.355753317453088,-3.883589646973614,-2.9441972154546154,0.788,0.736,0.836,0.3082128659964227,0.2865701011063667,0.3284019466926996,-0.17333020448868286,-0.2371119396656768,-0.11684633339914074,0.0019055087566375733,-0.0035190956592559813,0.00848639729619026,-0.004,-0.016,0.008,-0.010628713883769283,-0.014585253931779934,-0.007331626886426493,False
mediation_aware_recourse,False,30.0,1.0,0.1,250,1.2825149734020234,1.2400190167665481,1.3227796811282635,0.009186326133489547,0.006864665278017624,0.01207148725107752,0.24139673538301287,0.2373413389252177,0.24540866525166993,0.8989279166666665,0.892990875,0.9049310104166666,0.027653747675940393,0.02367868090760894,0.03147780885109677,0.06132061007557039,0.04759725353459573,0.07319978523738309,-0.3900324547627336,-0.39628263855968837,-0.38410182656069786,0.3914609892732259,0.38568053239747535,0.3968948364876402,0.456,0.392,0.52,0.0,0.0,0.0,0.0,0.0,0.0,-0.301145429122724,-0.3118958289453376,-0.2896709017933335,-5.3605442653304465,-6.782031704584482,-4.338552393344782,-3.387957094462312,-3.9108764956360846,-2.965207688760628,0.788,0.736,0.836,0.31107536394914675,0.2889577797803941,0.3316218280842294,-0.22001105044237335,-0.2987234042391932,-0.1531968911009585,0.00944422173500061,0.000491349458694458,0.020012534886598585,0.012,-0.008,0.032,-0.013491211836493376,-0.018252477520686296,-0.009443395285819833,False
mediation_aware_recourse,False,30.0,2.0,0.1,250,1.2867943198680878,1.2441997754335403,1.32643172082901,0.009070174335722358,0.006753638284870254,0.011967809241577467,0.24080557303937813,0.23682456300354732,0.24489491375909275,0.8988962500000001,0.8930355729166667,0.9051855104166667,0.027653747675940393,0.02367868090760894,0.03147780885109677,0.06132061007557039,0.04759725353459573,0.07319978523738309,-0.39177301903940426,-0.3977496933518583,-0.38587395665178004,0.3931744606520244,0.3873598803407101,0.3988110480442877,0.468,0.408,0.532,0.0,0.0,0.0,0.0,0.0,0.0,-0.3028859933993946,-0.31356707924469973,-0.2914343094439197,-5.388928918948954,-6.817487039906593,-4.354789086088452,-3.407538853038866,-3.9335055741785956,-2.989671040986206,0.788,0.736,0.836,0.3128159282258174,0.29116867179349165,0.3338496608978528,-0.24839570406088107,-0.3347987041074352,-0.17370658524830948,0.013723568201065064,0.0036765668392181395,0.023895847570896148,0.024,0.004,0.048,-0.015231776113163988,-0.020362195187019674,-0.010719007148591805,False
mediation_aware_recourse,False,30.0,4.1970347680158095,0.1,250,1.295218561887741,1.2536479010999204,1.3339192279577254,0.008939731555057655,0.006606606078458351,0.01183737965758062,0.23924755140519272,0.23489333656389494,0.24363437165036583,0.8994054166666667,0.8934632083333333,0.9055920781250001,0.027653747675940393,0.02367868090760894,0.03147780885109677,0.06132061007557039,0.04759725353459573,0.07319978523738309,-0.39594074006432106,-0.4025220939019268,-0.3898547270993792,0.3971367353280036,0.39128480889449613,0.40298488035393965,0.484,0.42,0.548,0.0,0.0,0.0,0.0,0.0,0.0,-0.30705371442431145,-0.3174484940649554,-0.2953908501362242,-5.456894991363768,-6.878548976085605,-4.426695039969583,-3.454426697411069,-3.9942373798107282,-3.032730743667851,0.788,0.736,0.836,0.31613582260635,0.29422676048288365,0.33646009653098014,-0.31636177647569497,-0.4229844866452207,-0.22697181432238067,0.022147810220718385,0.01067280149459839,0.03362432575821876,0.04,0.015900000000000004,0.068,-0.019399497138080812,-0.025391143041440366,-0.013795821859204176,True
mediation_aware_recourse,False,30.0,5.0,0.1,250,1.3035083532333374,1.2629778966009617,1.341133972555399,0.008927756824803146,0.006560638317840396,0.011842739657011924,0.23747747527250587,0.23308274046673497,0.24194069762301584,0.9004989583333334,0.8947377447916667,0.9066030677083332,0.027653747675940393,0.02367868090760894,0.03147780885109677,0.06132061007557039,0.04759725353459573,0.07319978523738309,-0.4003639380370733,-0.4060839564700202,-0.3943295638730987,0.4009750994190686,0.39539034460495454,0.40668944570821586,0.488,0.428,0.552,0.0,0.0,0.0,0.0,0.0,0.0,-0.31147691239706365,-0.32197931994675866,-0.30108224166233216,-5.529027313062805,-6.974682445727298,-4.497954970854107,-3.5041887176936024,-4.032526517943,-3.0815351573184584,0.788,0.736,0.836,0.3204984198801746,0.2991597269686995,0.3415336896007938,-0.388494098174732,-0.5072133514265238,-0.2855762446521297,0.030437601566314698,0.01680957929491997,0.044764630740880954,0.044,0.016,0.076,-0.02382269511083304,-0.031444552901307356,-0.01754099706288871,False
transport_anchor_only,False,0.0,0.0,0.5,250,0.0,0.0,0.0,0.6571640453273111,0.6301496155668838,0.6829403081616855,0.10206745015358805,0.09318718783391228,0.11201835778458934,0.78912,0.7792908333333333,0.7987581666666667,0.027653747675940393,0.02367868090760894,0.03147780885109677,0.06132061007557039,0.04759725353459573,0.07319978523738309,0.06132061007557039,0.04890557412111754,0.07344377046148952,0.10964701781008564,0.10085967367067306,0.11892283617762747,0.008,0.0,0.02,0.0,0.0,0.0,0.0,0.0,0.0,0.0,0.0,0.0,0.0,0.0,0.0,0.0,0.0,0.0,0.0,0.0,0.0,0.0,0.0,0.0,0.0,0.0,0.0,0.0,0.0,0.0,0.0,0.0,0.0,0.0,0.0,0.0,False
mediation_aware_recourse,False,0.0,0.5,0.5,250,0.0,0.0,0.0,0.6571640453273111,0.6301496155668838,0.6829403081616855,0.10206745015358805,0.09318718783391228,0.11201835778458934,0.78912,0.7792908333333333,0.7987581666666667,0.027653747675940393,0.02367868090760894,0.03147780885109677,0.06132061007557039,0.04759725353459573,0.07319978523738309,0.06132061007557039,0.04890557412111754,0.07344377046148952,0.10964701781008564,0.10085967367067306,0.11892283617762747,0.008,0.0,0.02,0.0,0.0,0.0,0.0,0.0,0.0,0.0,0.0,0.0,0.0,0.0,0.0,0.0,0.0,0.0,0.0,0.0,0.0,0.0,0.0,0.0,0.0,0.0,0.0,0.0,0.0,0.0,0.0,0.0,0.0,0.0,0.0,0.0,False
mediation_aware_recourse,False,0.0,1.0,0.5,250,0.0,0.0,0.0,0.6571640453273111,0.6301496155668838,0.6829403081616855,0.10206745015358805,0.09318718783391228,0.11201835778458934,0.78912,0.7792908333333333,0.7987581666666667,0.027653747675940393,0.02367868090760894,0.03147780885109677,0.06132061007557039,0.04759725353459573,0.07319978523738309,0.06132061007557039,0.04890557412111754,0.07344377046148952,0.10964701781008564,0.10085967367067306,0.11892283617762747,0.008,0.0,0.02,0.0,0.0,0.0,0.0,0.0,0.0,0.0,0.0,0.0,0.0,0.0,0.0,0.0,0.0,0.0,0.0,0.0,0.0,0.0,0.0,0.0,0.0,0.0,0.0,0.0,0.0,0.0,0.0,0.0,0.0,0.0,0.0,0.0,False
mediation_aware_recourse,False,0.0,2.0,0.5,250,0.011878360152244569,0.0033938171863555906,0.022059811711311342,0.6750912377292352,0.6493910598159843,0.700150848255639,0.09582588160495248,0.0869008975352056,0.10549645529253522,0.787831875,0.7784238541666667,0.797279078125,0.027653747675940393,0.02367868090760894,0.03147780885109677,0.06132061007557039,0.04759725353459573,0.07319978523738309,0.06832850168440062,0.056066610917004704,0.07977775719467607,0.10734699586230521,0.098457908239029,0.11657044056948962,0.008,0.0,0.02,0.0,0.0,0.0,0.0,0.0,0.0,0.0012620077314917863,-0.0018391138549612156,0.004328904383247289,-0.11428280964905335,-0.22454418852100114,-0.0327483663867074,0.014197884588948884,-0.019470133261505505,0.04742187628851343,0.024,0.008,0.044,0.002872941938669225,0.0005720712616142973,0.00581912149149424,-0.11428280964905335,-0.22887573382660287,-0.03293852956415978,0.011878360152244569,0.0033938171863555906,0.022059811711311342,0.0,0.0,0.0,0.0012620077314917863,-0.0017539055727610526,0.004365074653409682,False
mediation_aware_recourse,False,0.0,4.1970347680158095,0.5,250,0.12896505308151246,0.10520833277702332,0.15441868197917938,0.7886983085613767,0.7789090666998526,0.7980719834293463,0.05337287627504148,0.04895410603094198,0.057678421899466155,0.8060291666666666,0.7967610052083334,0.8153675833333333,0.027653747675940393,0.02367868090760894,0.03147780885109677,0.06132061007557039,0.04759725353459573,0.07319978523738309,0.10785851245377992,0.09751673275413233,0.11842204932416205,0.11416442066699062,0.10479079267621243,0.1243160312216621,0.0,0.0,0.0,0.0,0.0,0.0,0.0,0.0,0.0,-0.02019014991196445,-0.027314555076006407,-0.013591986645589874,-0.7589275827630724,-1.1155468351633182,-0.5375478231446309,-0.22714394779879443,-0.3202930214343037,-0.14383537245584427,0.148,0.104,0.192,0.015564800967913227,0.010558613105036438,0.021119833932379088,-0.7589275827630724,-1.1335691280525924,-0.5148241834956534,0.12896505308151246,0.10520833277702332,0.15441868197917938,-0.008,-0.02,0.0,-0.02019014991196445,-0.027667517105504965,-0.013075330570760936,True
mediation_aware_recourse,False,0.0,5.0,0.5,250,0.1561155905723572,0.13066196167469024,0.1816116421848535,0.8031394875234105,0.7942866990250331,0.8111796912241441,0.04696705946358298,0.043298549815990135,0.050537293813357004,0.8104304166666666,0.8018813333333333,0.8190009375000001,0.027653747675940393,0.02367868090760894,0.03147780885109677,0.06132061007557039,0.04759725353459573,0.07319978523738309,0.1118761935290676,0.10113294107381175,0.12243834092089687,0.1166807292217095,0.10728129840299568,0.1271194208933883,0.0,0.0,0.0,0.0,0.0,0.0,0.0,0.0,0.0,-0.02392008246278552,-0.03128730714826149,-0.017032852652815976,-0.8244468440740143,-1.1918615073490013,-0.5949973238419413,-0.2691065685971008,-0.36455969870843485,-0.18220486710670633,0.156,0.116,0.2,0.015942270149097205,0.010911226476539028,0.021508520721536372,-0.8244468440740143,-1.218602984472991,-0.5743936037777708,0.1561155905723572,0.13066196167469024,0.1816116421848535,-0.008,-0.02,0.0,-0.02392008246278552,-0.03139770108303313,-0.016555244532128272,False
transport_anchor_only,False,1.0,0.0,0.5,250,0.16822491025924682,0.13369169448316096,0.20268212354183196,0.4598954669972475,0.42201052235870384,0.4989582072596113,0.15597904745532937,0.14498146044884222,0.1665891475455432,0.7862647916666667,0.7764321093750001,0.7956813020833333,0.027653747675940393,0.02367868090760894,0.03147780885109677,0.06132061007557039,0.04759725353459573,0.07319978523738309,-0.05023841367899084,-0.06729381001632787,-0.032581972245962515,0.1351925296026446,0.12264634738511056,0.14769577044447904,0.008,0.0,0.02,0.0,0.0,0.0,0.0,0.0,0.0,-0.022109727488480984,-0.0313726754480078,-0.012625673452419795,0.180725475218235,-0.17882804029115554,0.46581846992770226,-0.24873964821395722,-0.35839350296699957,-0.1360786108535334,0.268,0.216,0.328,0.0668343756215211,0.052302522787551486,0.08201204315609349,0.16569760317910864,-0.012958132878323654,0.35711444528716646,-0.012249104022979736,-0.030326164960861206,0.003912309437990186,0.0,0.0,0.0,0.010160448145631407,0.0037675421342912604,0.016710817358067703,False
mediation_aware_recourse,False,1.0,0.5,0.5,250,0.08484968626499176,0.0607074987500906,0.11237096762657166,0.5517207520448674,0.5152260456037655,0.5832147227662648,0.13072732191684713,0.12015012940149765,0.14152967838117167,0.7804508333333333,0.7709478385416667,0.7893855416666667,0.027653747675940393,0.02367868090760894,0.03147780885109677,0.06132061007557039,0.04759725353459573,0.07319978523738309,0.0011572712674874771,-0.016194631641916167,0.016604819992481732,0.11756889972473976,0.10755997829753897,0.12843039322970082,0.008,0.0,0.02,0.0,0.0,0.0,0.0,0.0,0.0,-0.005154168358768901,-0.011631516246603602,0.0014076245399578199,0.9811275317375141,0.7079069946157618,0.9961945044525473,-0.05798560950439691,-0.12908715406513072,0.019423960659354502,0.14,0.1,0.188,0.032658753583425904,0.021678253539946853,0.04423801316732144,0.9660996596983877,0.49247373257482174,1.2405981160237143,-0.0956243280172348,-0.1240311380624771,-0.06721751797199249,0.0,0.0,0.0,0.027116007275343492,0.019109325050515973,0.03512910470329993,False
mediation_aware_recourse,False,1.0,1.0,0.5,250,0.016231854796409605,0.005976254463195801,0.028258512496948242,0.6350029997380873,0.6054927785978135,0.6647844295481312,0.10815006951202878,0.09862581194115654,0.1184987911176854,0.7860183333333335,0.7763787552083332,0.7957346302083333,0.027653747675940393,0.02367868090760894,0.03147780885109677,0.06132061007557039,0.04759725353459573,0.07319978523738309,0.04885218193828723,0.03566226788243718,0.061821126983837967,0.11049230296522906,0.1012079095631838,0.12003608402790951,0.008,0.0,0.02,0.0,0.0,0.0,0.0,0.0,0.0,0.00020137803360089956,-0.0029666580407186607,0.003509028066727978,0.20333176923578056,0.07282315367708089,0.37061708594501475,0.0022655503674570143,-0.035814313815960355,0.04297441448510042,0.028,0.008,0.052,0.006133525051841128,0.0013652941451610494,0.011814258626494711,0.1883038971966542,-0.17428908185072708,0.6353427300431407,-0.16424215948581697,-0.19951446011662483,-0.12976280798614026,0.0,0.0,0.0,0.032471553667713295,0.02389644398209418,0.040906199073631785,False
mediation_aware_recourse,False,1.0,2.0,0.5,250,0.0,0.0,0.0,0.6571640453273111,0.6301496155668838,0.6829403081616855,0.10206745015358805,0.09318718783391228,0.11201835778458934,0.78912,0.7792908333333333,0.7987581666666667,0.027653747675940393,0.02367868090760894,0.03147780885109677,0.06132061007557039,0.04759725353459573,0.07319978523738309,0.06132061007557039,0.04890557412111754,0.07344377046148952,0.10964701781008564,0.10085967367067306,0.11892283617762747,0.008,0.0,0.02,0.0,0.0,0.0,0.0,0.0,0.0,0.0,0.0,0.0,0.0,0.0,0.0,0.0,0.0,0.0,0.0,0.0,0.0,0.0,0.0,0.0,-0.015027872039126366,-0.3227181786446232,0.36591638958443284,-0.18047401428222656,-0.21485707879066468,-0.1460130935609341,0.0,0.0,0.0,0.03227017563411239,0.02338314030830078,0.04156819449371265,False
mediation_aware_recourse,False,1.0,4.1970347680158095,0.5,250,0.0,0.0,0.0,0.6571640453273111,0.6301496155668838,0.6829403081616855,0.10206745015358805,0.09318718783391228,0.11201835778458934,0.78912,0.7792908333333333,0.7987581666666667,0.027653747675940393,0.02367868090760894,0.03147780885109677,0.06132061007557039,0.04759725353459573,0.07319978523738309,0.06132061007557039,0.04890557412111754,0.07344377046148952,0.10964701781008564,0.10085967367067306,0.11892283617762747,0.008,0.0,0.02,0.0,0.0,0.0,0.0,0.0,0.0,0.0,0.0,0.0,0.0,0.0,0.0,0.0,0.0,0.0,0.0,0.0,0.0,0.0,0.0,0.0,-0.015027872039126366,-0.3227181786446232,0.36591638958443284,-0.18047401428222656,-0.21485707879066468,-0.1460130935609341,0.0,0.0,0.0,0.03227017563411239,0.02338314030830078,0.04156819449371265,True
mediation_aware_recourse,False,1.0,5.0,0.5,250,0.01866599452495575,0.008484542965888978,0.02884744608402252,0.6816690440985934,0.6564572765811686,0.7056978371327783,0.09306801185087898,0.08450838471935644,0.10270331478182047,0.7876770833333333,0.7784264114583335,0.7971848593749999,0.027653747675940393,0.02367868090760894,0.03147780885109677,0.06132061007557039,0.04759725353459573,0.07319978523738309,0.06963277755100632,0.05708965049891008,0.08134419585148756,0.10801472114346868,0.09943918169017807,0.11752447558083082,0.008,0.0,0.02,0.0,0.0,0.0,0.0,0.0,0.0,-0.0006101486266882868,-0.004764332018225206,0.0034230064789201606,-0.13555258933647552,-0.28065232700313686,-0.035140207097050444,-0.006864315936944143,-0.05803128002698508,0.03755904978205363,0.032,0.012,0.056,0.0036502962582318447,0.001184891219724803,0.006806207434702567,-0.15058046137560188,-0.4816926667245846,0.20032644412602693,-0.16180801975727083,-0.1995867551714182,-0.12232866831123829,0.0,0.0,0.0,0.0316600270074241,0.021856551084303632,0.041447995121567424,False
transport_anchor_only,False,3.0,0.0,0.5,250,0.7049475237131119,0.659715845695138,0.7501697651803494,0.09990004119106653,0.09073345098325432,0.1093373922091551,0.251336373380073,0.24875387290335907,0.253969742169392,0.8800902083333333,0.87282428125,0.8873946562499999,0.027653747675940393,0.02367868090760894,0.03147780885109677,0.06132061007557039,0.04759725353459573,0.07319978523738309,-0.26206081046443147,-0.2714938767394253,-0.2518332002840503,0.27184959715795365,0.2644822750945176,0.2797573862351421,0.016,0.004,0.032099999999999906,0.0,0.0,0.0,0.0,0.0,0.0,-0.174440362746563,-0.1878300855142628,-0.1609975479369493,-3.273617143428165,-4.209000463959589,-2.592034296007612,-1.9624952178402544,-2.317638852717551,-1.6791260956947702,0.768,0.712,0.82,0.21651560769737443,0.1993521782323365,0.23213517615765317,0.09512865500735934,0.023895749605299367,0.19256543536259488,-0.009652820229530335,-0.01999114560782909,-0.001675345858931561,0.0,0.0,0.0,0.005380634723595113,0.001325943410367844,0.01021124419364995,False
mediation_aware_recourse,False,3.0,0.5,0.5,250,0.6956607726812363,0.6532702680051327,0.7384350080281495,0.10312117941991075,0.0931920552705242,0.1135902214614567,0.24975160013286996,0.24701278844843147,0.25263933786313364,0.880275625,0.8728851041666666,0.8876825677083333,0.027653747675940393,0.02367868090760894,0.03147780885109677,0.06132061007557039,0.04759725353459573,0.07319978523738309,-0.2620360099533009,-0.2716273979042678,-0.25199769775047465,0.2713917855728091,0.26392232495899615,0.27975799537627183,0.016,0.004,0.032099999999999906,0.0,0.0,0.0,0.0,0.0,0.0,-0.1744155622354324,-0.1873376858944845,-0.1607081867418618,-3.2732127033695937,-4.184776307122662,-2.61222535214124,-1.9622162062415196,-2.313403576054126,-1.68207652118213,0.768,0.712,0.82,0.21706317991097449,0.19962444123841608,0.23297539444346618,0.09553309506593077,0.007150098771713277,0.21595972821520817,-0.018939571261405944,-0.032663137555122373,-0.007121512651443482,0.0,0.0,0.0,0.005405435234725707,0.0003362701472048358,0.011051709073169129,False
mediation_aware_recourse,False,3.0,1.0,0.5,250,0.6951924433708191,0.6505050967037678,0.73749370893538,0.10344505992686776,0.09371194162728885,0.11393283558543882,0.2489512271376347,0.24608069275035055,0.25185580574817384,0.8804977083333333,0.8733361510416667,0.8875853385416668,0.027653747675940393,0.02367868090760894,0.03147780885109677,0.06132061007557039,0.04759725353459573,0.07319978523738309,-0.26354785715186596,-0.27334715595054127,-0.25318634857967914,0.27213124460192056,0.2647223343570937,0.28034196253296173,0.016,0.004,0.032099999999999906,0.0,0.0,0.0,0.0,0.0,0.0,-0.1759274094339975,-0.18872726101844897,-0.1635653225409752,-3.2978675004549762,-4.211455004049249,-2.628724244314996,-1.9792248437527813,-2.328079509217556,-1.704204000455235,0.768,0.712,0.82,0.21742823043047538,0.20055803232757347,0.23334645565708279,0.07087829798054823,-0.02133375916463833,0.19103341038107957,-0.01940790057182312,-0.033599796181917184,-0.005886440369486815,0.0,0.0,0.0,0.0038935880361605783,-0.0014339297770682683,0.009847690725987393,False
mediation_aware_recourse,False,3.0,2.0,0.5,250,0.6712454669475555,0.6294279458940029,0.7130639615535737,0.11357972581987819,0.10197092942990214,0.1253783614601536,0.24552332908261293,0.24224762823666482,0.24871783502270237,0.8782412500000001,0.8715010520833334,0.8854377291666667,0.027653747675940393,0.02367868090760894,0.03147780885109677,0.06132061007557039,0.04759725353459573,0.07319978523738309,-0.2598471489752463,-0.27030627548065306,-0.2499359167644791,0.26718099237564036,0.2594339707634928,0.2764342330929076,0.012,0.0,0.028,0.0,0.0,0.0,0.0,0.0,0.0,-0.17170406158962329,-0.18376909600141544,-0.15902747878541584,-3.237517347838116,-4.140443108136049,-2.587181538037559,-1.9317111845436328,-2.261981605510494,-1.6678702071162657,0.776,0.7239,0.824,0.2187209579895018,0.2018684553475136,0.23468310536369832,0.1312284505974084,0.0022051013804663907,0.28196507319443337,-0.04335487699508667,-0.06691045846045017,-0.02157313870191574,-0.004,-0.012,0.0,0.008116935880534814,0.0009387716808849593,0.015372463202990684,False
mediation_aware_recourse,False,3.0,4.1970347680158095,0.5,250,0.4351153249740601,0.39799474149644376,0.47126944684982297,0.2529697367429146,0.21679143464749173,0.28855805094504383,0.19748704484088087,0.18687953763178605,0.20730966602304562,0.83545125,0.8269212864583333,0.8435877656249999,0.027653747675940393,0.02367868090760894,0.03147780885109677,0.06132061007557039,0.04759725353459573,0.07319978523738309,-0.20169049056791222,-0.21727503629332587,-0.18482315030945073,0.2119540775988164,0.19728264529339748,0.22574543103811825,0.012,0.0,0.028,0.0,0.0,0.0,0.0,0.0,0.0,-0.11614228352254688,-0.1280618960653944,-0.10376731982407833,-2.2891142198251546,-2.9486687149918187,-1.838475843472541,-1.3066280785783109,-1.4996443308683884,-1.1539701285325592,0.656,0.596,0.716,0.18114928257253649,0.16328474430005013,0.1990908752463184,1.0796315786103698,0.7216455125030834,1.5885663896960571,-0.27948501896858213,-0.3454101180434227,-0.2172134672999382,-0.004,-0.012,0.0,0.06367871394761121,0.04684500093478892,0.08106381176431393,True
mediation_aware_recourse,False,3.0,5.0,0.5,250,0.4024291690587997,0.36227323489785196,0.43971462714374066,0.27772449135725846,0.23824715149575332,0.3158724651513027,0.1890832585356832,0.178273740857413,0.1999252601494691,0.828924375,0.8203133437500001,0.83689259375,0.027653747675940393,0.02367868090760894,0.03147780885109677,0.06132061007557039,0.04759725353459573,0.07319978523738309,-0.19115988559638425,-0.20765250266350446,-0.17366295344321325,0.2048315970171685,0.18948679905677074,0.21986366443241087,0.012,0.0,0.028,0.0,0.0,0.0,0.0,0.0,0.0,-0.10812127125701898,-0.1202854844668815,-0.09587019396492615,-2.1173839490638193,-2.7566348799402234,-1.6952569873572514,-1.2163897990569237,-1.3869548748824614,-1.0614311354486847,0.608,0.548,0.668,0.17272954208295885,0.1547504821673076,0.19146570070438956,1.2513618493717051,0.8580524901217675,1.8015315984611853,-0.3121711748838425,-0.37960702611207964,-0.2473227058440447,-0.004,-0.012,0.0,0.07169972621313911,0.055435307121333814,0.09072363552331093,False
transport_anchor_only,False,10.0,0.0,0.5,250,1.0825892479419708,1.0276798872321844,1.1355953813910484,0.021834950080501146,0.018997367316088663,0.024995206943377882,0.25032794348443477,0.2477861635022997,0.2530028874139776,0.8958108333333332,0.8898107395833335,0.9023838541666666,0.027653747675940393,0.02367868090760894,0.03147780885109677,0.06132061007557039,0.04759725353459573,0.07319978523738309,-0.35202631062888157,-0.35886658728667453,-0.34584670014069024,0.353273747106444,0.3470525965976917,0.3592630916628627,0.172,0.128,0.224,0.0,0.0,0.0,0.0,0.0,0.0,-0.26313928498887196,-0.27580177081241514,-0.24841351192468722,-4.740750299043842,-6.097037671108277,-3.771867678942883,-2.9603790102571312,-3.470853552680845,-2.566657107496334,0.788,0.736,0.836,0.2772290681288465,0.2584061114598189,0.29621065959634457,0.0024706408843035987,-0.007058850529263405,0.015087049935547613,0.0001344505548477173,-0.003384645104408264,0.0043304750919342045,0.0,-0.016,0.016,0.00015150120630309138,-0.00041085232720701107,0.0008962228806001141,False
mediation_aware_recourse,False,10.0,0.5,0.5,250,1.084286156654358,1.0293813545644281,1.1360853679955005,0.021673860289891107,0.0188617346627449,0.024765857393122006,0.24998532667196832,0.24729724600352965,0.252805412023573,0.8957470833333333,0.8896475208333333,0.902257140625,0.027653747675940393,0.02367868090760894,0.03147780885109677,0.06132061007557039,0.04759725353459573,0.07319978523738309,-0.35305527104616047,-0.3596043972220151,-0.34688647485081514,0.35427032784481594,0.34839215928230377,0.3602955458859995,0.172,0.128,0.224,0.0,0.0,0.0,0.0,0.0,0.0,-0.2641682454061508,-0.27670178180822885,-0.24988869771131475,-4.757530308505765,-6.105737859442026,-3.7917894242287105,-2.971955057603413,-3.4786891286461157,-2.5727397260084888,0.788,0.736,0.836,0.2782580285461254,0.25908246397867873,0.2968401944097904,-0.014309368577618997,-0.04359357211472661,0.00867549665378659,0.0018313592672348023,-0.0027077159881591798,0.00752486503124237,0.0,-0.016,0.016,-0.0008774592109757393,-0.0027124837915936486,0.0005036939612632491,False
mediation_aware_recourse,False,10.0,1.0,0.5,250,1.0861916654109955,1.031407177603245,1.1387205473661421,0.021496993417579418,0.01865259135223197,0.024576711355352703,0.2492910727286437,0.24650522633712277,0.25213447510942544,0.8963820833333332,0.8905060885416667,0.90269390625,0.027653747675940393,0.02367868090760894,0.03147780885109677,0.06132061007557039,0.04759725353459573,0.07319978523738309,-0.35506311897399234,-0.36192846337674706,-0.3488127735721351,0.35612811383144016,0.3499253889736301,0.36235683698882715,0.172,0.128,0.22,0.0,0.0,0.0,0.0,0.0,0.0,-0.2661760933339827,-0.2784970482118768,-0.25231609336577093,-4.790273751947659,-6.131877003106712,-3.81021172614147,-2.9945438202869976,-3.4988702651941814,-2.6029642253799463,0.788,0.736,0.836,0.2797230665367745,0.2608282081357671,0.29864238136860966,-0.047052812019512835,-0.09684063328950207,-0.01362565669013145,0.0037368680238723754,-0.0020307869911193846,0.010515559512376784,0.0,-0.016,0.016,-0.002885307138807634,-0.005662379362689423,-0.0008212743094342521,False
mediation_aware_recourse,False,10.0,2.0,0.5,250,1.0961133885383605,1.039636366352439,1.1478013226956127,0.020685247555456327,0.0179587750014843,0.02369034217816624,0.24823515501031576,0.2451930197574368,0.2512830928029754,0.8957877083333333,0.889709640625,0.902191609375,0.027653747675940393,0.02367868090760894,0.03147780885109677,0.06132061007557039,0.04759725353459573,0.07319978523738309,-0.3589874182874502,-0.3651288417069995,-0.35300830638868647,0.3598637352923962,0.3543809414738066,0.3659351234719673,0.176,0.128,0.224,0.0,0.0,0.0,0.0,0.0,0.0,-0.27010039264744057,-0.2825754928114476,-0.25607014078797363,-4.854270168627493,-6.222607163613607,-3.8841711388324938,-3.038693113001,-3.5492044523086053,-2.631152631590516,0.788,0.736,0.836,0.28305693116113223,0.26358077234088695,0.30232735521223714,-0.11104922869934697,-0.17590111202937678,-0.05827583994687188,0.013658591151237487,0.0031291024774312975,0.02498866238892078,0.004,-0.016,0.024,-0.006809606452265517,-0.01038546878268488,-0.0035944331119274957,False
mediation_aware_recourse,False,10.0,4.1970347680158095,0.5,250,1.1284288029670715,1.0750094063162805,1.1806872190982103,0.01834722575529792,0.015546234268660664,0.021369053769877345,0.24528536036464363,0.241722017595313,0.24874204021448112,0.8943647916666666,0.8880451614583332,0.900956046875,0.027653747675940393,0.02367868090760894,0.03147780885109677,0.06132061007557039,0.04759725353459573,0.07319978523738309,-0.36913024021483304,-0.37524260256923175,-0.3630703740689556,0.3695922253768208,0.3641211393871775,0.3753686729845062,0.2,0.148,0.256,0.0,0.0,0.0,0.0,0.0,0.0,-0.2802432145748235,-0.29277168499458706,-0.26778917318282375,-5.0196765779062495,-6.3791226039929265,-4.03227469518741,-3.152802251588459,-3.669504706585752,-2.748562422347883,0.788,0.736,0.836,0.29241314512509464,0.27182646524881243,0.31192659997140615,-0.2764556379781036,-0.3858879225742491,-0.197267796837174,0.04597400557994843,0.030158071100711822,0.06381258920431136,0.028,-0.004,0.060099999999999903,-0.01695242837964838,-0.02229534931721441,-0.012198550433449829,True
mediation_aware_recourse,False,10.0,5.0,0.5,250,1.1384758039712906,1.0851147226125002,1.1923697993516922,0.017662406064561004,0.014774609720200584,0.0207530263776964,0.24457701756323097,0.24102714328023558,0.24799477380391727,0.8946318750000001,0.8883884895833333,0.901065625,0.027653747675940393,0.02367868090760894,0.03147780885109677,0.06132061007557039,0.04759725353459573,0.07319978523738309,-0.3717148981573244,-0.3778009370983428,-0.3655066517772277,0.3721323649588827,0.36679532806397636,0.3780902797920918,0.212,0.16390000000000002,0.268,0.0,0.0,0.0,0.0,0.0,0.0,-0.2828278725173147,-0.29560431438903423,-0.27033255090834213,-5.0618264837748645,-6.43219207560484,-4.066261818291297,-3.1818802629616725,-3.709210613882865,-2.774894646447207,0.788,0.736,0.836,0.2942538892637844,0.2736104660645103,0.3140981413548489,-0.3186055438467186,-0.4316271966037575,-0.22633691115598523,0.05602100658416748,0.03926888726949692,0.07525377912819385,0.04,0.008,0.072,-0.0195370863221397,-0.02546346800957697,-0.014118735302416436,False
transport_anchor_only,False,30.0,0.0,0.5,250,1.2734138023853303,1.229992719066143,1.3136990563333035,0.009482720268856475,0.007202056285814726,0.012434396222644927,0.24542224810079058,0.24179099674160362,0.2489624306528367,0.8936558333333332,0.8868127916666666,0.9007150208333333,0.027653747675940393,0.02367868090760894,0.03147780885109677,0.06132061007557039,0.04759725353459573,0.07319978523738309,-0.380286431217781,-0.38644070188010055,-0.37406936864759344,0.3824680368873333,0.37686518786745415,0.3877364542660178,0.428,0.368,0.496,0.0,0.0,0.0,0.0,0.0,0.0,-0.29139940557777133,-0.3028212592009514,-0.27866861605728294,-5.201608737243856,-6.622883373168717,-4.178713421319818,-3.278312031251132,-3.792868231276668,-2.858516099502299,0.788,0.736,0.836,0.3025921024222753,0.2815243074671677,0.32270015565138227,-0.061075522355783285,-0.10133360581816435,-0.02408235026375797,0.0003430507183074951,-0.0033846449851989745,0.004756847858428955,-0.016,-0.036,0.004,-0.0037451882915406987,-0.005999639703561316,-0.0013350758885531198,False
mediation_aware_recourse,False,30.0,0.5,0.5,250,1.2727368733882904,1.2286429147183895,1.3130221273362637,0.009495000705467176,0.007222471387373358,0.012415567118083358,0.24401120319457864,0.24020962025794493,0.24775976668034408,0.894601875,0.8878338020833334,0.9013949166666667,0.027653747675940393,0.02367868090760894,0.03147780885109677,0.06132061007557039,0.04759725353459573,0.07319978523738309,-0.38365920213310006,-0.38994086021183144,-0.37708317417009507,0.3857485321027965,0.379958316471401,0.3909920026141614,0.432,0.372,0.5,0.0,0.0,0.0,0.0,0.0,0.0,-0.29477217649309045,-0.3061557758885422,-0.2817390208772364,-5.256610977292717,-6.680018016044045,-4.216390207308741,-3.316256499423334,-3.843579984924589,-2.8956228870957808,0.788,0.736,0.836,0.30533449236856725,0.28403289368697054,0.3254274745067835,-0.11607776240464407,-0.16398751656099983,-0.07876223197525227,-0.0003338782787322998,-0.004061573982238769,0.00441379714012146,-0.012,-0.028,0.0,-0.007117959206859805,-0.00976801487125336,-0.004983236410491027,False
mediation_aware_recourse,False,30.0,1.0,0.5,250,1.275059582233429,1.2322752131044863,1.3158832187592984,0.009447485998135361,0.007104225772742479,0.012341928568966718,0.2420235781340041,0.23814861285086875,0.24578729009996858,0.8958420833333333,0.8894160364583334,0.9025806302083333,0.027653747675940393,0.02367868090760894,0.03147780885109677,0.06132061007557039,0.04759725353459573,0.07319978523738309,-0.38827533748162035,-0.3946551109803441,-0.3822142356058766,0.3897522222414034,0.3841034842423124,0.39501466897537774,0.432,0.368,0.496,0.0,0.0,0.0,0.0,0.0,0.0,-0.29938831184161063,-0.31043181606237447,-0.28759156961890037,-5.33188966977199,-6.768650536112601,-4.29890671531457,-3.3681891106822093,-3.900828635219698,-2.9448753523778723,0.788,0.736,0.836,0.30925822003470715,0.28841135893977593,0.32973553680996887,-0.19135645488391706,-0.26159212839199286,-0.13051537530631369,0.00198883056640625,-0.005601011514663697,0.010674309265613554,-0.012,-0.032,0.008,-0.011734094555380043,-0.015771054469388816,-0.008075847472497266,False
mediation_aware_recourse,False,30.0,2.0,0.5,250,1.284295203924179,1.2415991622388363,1.3242864520013333,0.00917255062485123,0.006846522550258651,0.012089208050133101,0.24084806335836684,0.23681532117062695,0.24482682857057725,0.8968589583333334,0.8906767552083334,0.9035690729166667,0.027653747675940393,0.02367868090760894,0.03147780885109677,0.06132061007557039,0.04759725353459573,0.07319978523738309,-0.39157676528082025,-0.39756571860476275,-0.38564300967733406,0.3929987989043271,0.38718877975585686,0.3985112121020547,0.456,0.396,0.52,0.0,0.0,0.0,0.0,0.0,0.0,-0.3026897396408107,-0.3135015024701309,-0.2909081137295726,-5.385728465490612,-6.813165227703164,-4.353359483793722,-3.4053309519737676,-3.9315476226667903,-2.985192179499007,0.788,0.736,0.836,0.3122867094141185,0.2907705091103453,0.33302706997333265,-0.24519525060253855,-0.33021410870100004,-0.17237724249646605,0.011224452257156372,0.0014448442459106447,0.02186586562395096,0.012,-0.008,0.036,-0.015035522354580024,-0.019813235417489566,-0.010477809668961013,False
mediation_aware_recourse,False,30.0,4.1970347680158095,0.5,250,1.2902714588642121,1.2473738872468472,1.3292301690876485,0.0090919721735027,0.006723219011647116,0.012010769465235391,0.23945119142438123,0.2351415234697771,0.2437251716203815,0.897765625,0.8918169427083332,0.9038255364583333,0.027653747675940393,0.02367868090760894,0.03147780885109677,0.06132061007557039,0.04759725353459573,0.07319978523738309,-0.3952074279109012,-0.40158485297675733,-0.38891788331022914,0.39642041806922634,0.3905935837286439,0.40224799662547067,0.468,0.404,0.532,0.0,0.0,0.0,0.0,0.0,0.0,-0.30632040227089147,-0.31657835617901237,-0.2947708582075384,-5.4449363341926125,-6.873655356070891,-4.414117667361936,-3.4461767627536783,-3.9805125815602462,-3.0253100877797077,0.788,0.736,0.836,0.3159173720441994,0.2941427703415202,0.3362803546542246,-0.30440311930453934,-0.40690179026590517,-0.21167929698747093,0.01720070719718933,0.005143510103225708,0.028551715433597566,0.024,-0.004,0.052,-0.018666184984660886,-0.024571618089235397,-0.013287216095772835,True
mediation_aware_recourse,False,30.0,5.0,0.5,250,1.2990295791625976,1.2586522902607917,1.3365680635750294,0.00900999202562399,0.006677291260266939,0.011929969821251541,0.23796490757367295,0.23364071891273244,0.24237644191875884,0.8989731249999999,0.8932786406250001,0.9048713645833334,0.027653747675940393,0.02367868090760894,0.03147780885109677,0.06132061007557039,0.04759725353459573,0.07319978523738309,-0.39897530913601065,-0.405042119804928,-0.3928554714876462,0.3997293541236628,0.3942613068067367,0.4056969998612374,0.48,0.42,0.544,0.0,0.0,0.0,0.0,0.0,0.0,-0.31008828349600104,-0.32069724588149157,-0.299099335125962,-5.506381926799502,-6.945362452677132,-4.475459450757677,-3.488566315086876,-4.0132292848926685,-3.0666045966947086,0.788,0.736,0.836,0.31911036504471324,0.29744169418606153,0.3400568884326863,-0.3658487119114291,-0.48603973330122263,-0.2671244138414413,0.025958827495574953,0.0121828728556633,0.04007076386213302,0.036,0.004,0.068,-0.02243406620977043,-0.029509996091872208,-0.0164456048110051,False
transport_anchor_only,False,0.0,0.0,1.0,250,0.0,0.0,0.0,0.6571640453273111,0.6301496155668838,0.6829403081616855,0.10206745015358805,0.09318718783391228,0.11201835778458934,0.78912,0.7792908333333333,0.7987581666666667,0.027653747675940393,0.02367868090760894,0.03147780885109677,0.06132061007557039,0.04759725353459573,0.07319978523738309,0.06132061007557039,0.04890557412111754,0.07344377046148952,0.10964701781008564,0.10085967367067306,0.11892283617762747,0.008,0.0,0.02,0.0,0.0,0.0,0.0,0.0,0.0,0.0,0.0,0.0,0.0,0.0,0.0,0.0,0.0,0.0,0.0,0.0,0.0,0.0,0.0,0.0,0.0,0.0,0.0,0.0,0.0,0.0,0.0,0.0,0.0,0.0,0.0,0.0,False
mediation_aware_recourse,False,0.0,0.5,1.0,250,0.0,0.0,0.0,0.6571640453273111,0.6301496155668838,0.6829403081616855,0.10206745015358805,0.09318718783391228,0.11201835778458934,0.78912,0.7792908333333333,0.7987581666666667,0.027653747675940393,0.02367868090760894,0.03147780885109677,0.06132061007557039,0.04759725353459573,0.07319978523738309,0.06132061007557039,0.04890557412111754,0.07344377046148952,0.10964701781008564,0.10085967367067306,0.11892283617762747,0.008,0.0,0.02,0.0,0.0,0.0,0.0,0.0,0.0,0.0,0.0,0.0,0.0,0.0,0.0,0.0,0.0,0.0,0.0,0.0,0.0,0.0,0.0,0.0,0.0,0.0,0.0,0.0,0.0,0.0,0.0,0.0,0.0,0.0,0.0,0.0,False
mediation_aware_recourse,False,0.0,1.0,1.0,250,0.0,0.0,0.0,0.6571640453273111,0.6301496155668838,0.6829403081616855,0.10206745015358805,0.09318718783391228,0.11201835778458934,0.78912,0.7792908333333333,0.7987581666666667,0.027653747675940393,0.02367868090760894,0.03147780885109677,0.06132061007557039,0.04759725353459573,0.07319978523738309,0.06132061007557039,0.04890557412111754,0.07344377046148952,0.10964701781008564,0.10085967367067306,0.11892283617762747,0.008,0.0,0.02,0.0,0.0,0.0,0.0,0.0,0.0,0.0,0.0,0.0,0.0,0.0,0.0,0.0,0.0,0.0,0.0,0.0,0.0,0.0,0.0,0.0,0.0,0.0,0.0,0.0,0.0,0.0,0.0,0.0,0.0,0.0,0.0,0.0,False
mediation_aware_recourse,False,0.0,2.0,1.0,250,0.013575268745422362,0.0050907257795333866,0.023756720304489137,0.6768979581297148,0.6516109279400935,0.7012571787946797,0.09525470096328979,0.0866371011779136,0.1046126842337644,0.787244375,0.7779713541666666,0.7964288697916666,0.027653747675940393,0.02367868090760894,0.03147780885109677,0.06132061007557039,0.04759725353459573,0.07319978523738309,0.06907907837224511,0.05711651417981385,0.08024527750873273,0.10734287323754428,0.09881028804485235,0.11636565213524551,0.008,0.0,0.02,0.0,0.0,0.0,0.0,0.0,0.0,0.0011529002178750482,-0.0019001922488799923,0.004030717244367488,-0.12652301219954154,-0.24682684591397333,-0.04308100583685522,0.012970399330766824,-0.01947532588701418,0.04426221592135395,0.028,0.008,0.04809999999999991,0.0033027840393998337,0.000919665104822419,0.006382132133233975,-0.12652301219954154,-0.241781391490943,-0.043300900419667235,0.013575268745422362,0.0050907257795333866,0.023756720304489137,0.0,0.0,0.0,0.0011529002178750482,-0.0018020401263042678,0.004097821610333324,False
mediation_aware_recourse,False,0.0,4.1970347680158095,1.0,250,0.11538978433609008,0.09163306403160096,0.14084341323375701,0.7796268119979411,0.7697153976343531,0.7900881659723031,0.05731976761608705,0.052826106409018546,0.061969488777495134,0.8017910416666666,0.7924872968750001,0.8112446666666666,0.027653747675940393,0.02367868090760894,0.03147780885109677,0.06132061007557039,0.04759725353459573,0.07319978523738309,0.10529620984258489,0.09468372418457678,0.11550620600431359,0.11344307031959969,0.10417050335530935,0.12364358049668582,0.0,0.0,0.0,0.0,0.0,0.0,0.0,0.0,0.0,-0.018192329757700142,-0.025476963836825788,-0.011471162857394293,-0.7171422416185975,-1.0647958572733502,-0.49844896298122904,-0.20466799993261842,-0.2914681061537843,-0.12248765274362373,0.124,0.084,0.164,0.014259117865477244,0.00949730388396064,0.01969669978537541,-0.7171422416185975,-1.0827527897551639,-0.4855908402949915,0.11538978433609008,0.09163306403160096,0.14084341323375701,-0.008,-0.02,0.0,-0.018192329757700142,-0.02552597053944561,-0.011023163702666618,True
mediation_aware_recourse,False,0.0,5.0,1.0,250,0.1476310476064682,0.12387432730197906,0.17308467650413514,0.7983321159767406,0.7898575679880395,0.8059887282468229,0.04913933815373428,0.045058000063663395,0.05287446225923428,0.80714875,0.7983010260416666,0.8162126510416666,0.027653747675940393,0.02367868090760894,0.03147780885109677,0.06132061007557039,0.04759725353459573,0.07319978523738309,0.11055864710080829,0.09971385736099454,0.12096061835473639,0.11595161247183214,0.10654270893677038,0.12618121766140528,0.0,0.0,0.0,0.0,0.0,0.0,0.0,0.0,0.0,-0.022736202622369042,-0.03006588436659936,-0.01619649540622291,-0.8029606516399275,-1.1577902225759802,-0.5758286314003157,-0.25578764120705455,-0.35194747590619274,-0.17118598573185315,0.148,0.104,0.192,0.015731266081863395,0.010733863938266544,0.02127397132746206,-0.8029606516399275,-1.19864871172616,-0.5566684282589238,0.1476310476064682,0.12387432730197906,0.17308467650413514,-0.008,-0.02,0.0,-0.022736202622369042,-0.0302422003390361,-0.015280767266746658,False
transport_anchor_only,False,1.0,0.0,1.0,250,0.14461223089694977,0.11604425368309021,0.17480667536854744,0.49134622973941466,0.4525290714486136,0.526354428614452,0.15002770326446022,0.1386022801743012,0.16198018981091727,0.775229375,0.7660062812499999,0.7842468854166667,0.027653747675940393,0.02367868090760894,0.03147780885109677,0.06132061007557039,0.04759725353459573,0.07319978523738309,-0.025282592111009982,-0.04085798479088721,-0.01261151762332234,0.11931546595270244,0.1085005170238652,0.13072205151198718,0.008,0.0,0.02,0.0,0.0,0.0,0.0,0.0,0.0,-0.004406385945729084,-0.013419929545859946,0.0047641301494823155,0.5876982945888474,0.2828280038725931,0.8598408815470778,-0.04957288101387092,-0.15399846703056025,0.048028444016840754,0.224,0.172,0.28,0.04550479406615473,0.033088407319093675,0.057386528745109765,0.572670422549721,0.32672551100685016,0.8632756183184013,-0.0358617833852768,-0.06161386109888554,-0.013342355689406409,0.0,0.0,0.0,0.027863789688383305,0.017962640329691203,0.038109505615084485,False
mediation_aware_recourse,False,1.0,0.5,1.0,250,0.08971796572208404,0.0655757782071829,0.11539404094219208,0.5499989703658601,0.5150742891424814,0.5830533678901769,0.1330558863528409,0.12224302680392594,0.14476696752824567,0.7751858333333334,0.7659992135416667,0.78411521875,0.027653747675940393,0.02367868090760894,0.03147780885109677,0.06132061007557039,0.04759725353459573,0.07319978523738309,0.0053004670504569786,-0.009446185793620047,0.01967621303239159,0.11126188447583116,0.10171959525745869,0.12097654854380757,0.008,0.0,0.02,0.0,0.0,0.0,0.0,0.0,0.0,0.0033482530447815186,-0.003382122113052268,0.01093475609467706,0.9135614103655397,0.6834630914415556,0.9940228805128489,0.03766863634679207,-0.043828310141209664,0.11805645246111321,0.136,0.096,0.18,0.026335944990165942,0.017155081111998493,0.03690342413677316,0.8985335383264134,0.4220736710880984,1.2542405824882807,-0.09075604856014252,-0.12095605418980121,-0.06234738479554653,0.0,0.0,0.0,0.035618428678893914,0.02577768676935086,0.04496985361565078,False
mediation_aware_recourse,False,1.0,1.0,1.0,250,0.04175963246822357,0.025525923952460287,0.05896403434276579,0.6044362612989144,0.5734237270915503,0.6362278293958675,0.11796778245867563,0.10751397483674424,0.12863375220226705,0.7795720833333334,0.7698948802083333,0.7887522500000002,0.027653747675940393,0.02367868090760894,0.03147780885109677,0.06132061007557039,0.04759725353459573,0.07319978523738309,0.03554093270313629,0.02137493575401348,0.048848807858501174,0.10901787394945722,0.09959681113561566,0.11839348273968664,0.008,0.0,0.02,0.0,0.0,0.0,0.0,0.0,0.0,0.0037363417154495375,-0.0010984820489214286,0.009225231341799391,0.4204080380261008,0.25938873882905933,0.613100896317115,0.0420347254118012,-0.014028686906941479,0.1020021271654299,0.068,0.04,0.10009999999999991,0.011021667828492277,0.0049708674301038236,0.01778035370759056,0.40538016598697446,-0.0011102255850036899,0.8619337655677142,-0.138714381814003,-0.1714005377292633,-0.10683775208890439,0.0,0.0,0.0,0.03600651734956193,0.026671038939929993,0.0456628028067842,False
mediation_aware_recourse,False,1.0,2.0,1.0,250,0.0,0.0,0.0,0.6571640453273111,0.6301496155668838,0.6829403081616855,0.10206745015358805,0.09318718783391228,0.11201835778458934,0.78912,0.7792908333333333,0.7987581666666667,0.027653747675940393,0.02367868090760894,0.03147780885109677,0.06132061007557039,0.04759725353459573,0.07319978523738309,0.06132061007557039,0.04890557412111754,0.07344377046148952,0.10964701781008564,0.10085967367067306,0.11892283617762747,0.008,0.0,0.02,0.0,0.0,0.0,0.0,0.0,0.0,0.0,0.0,0.0,0.0,0.0,0.0,0.0,0.0,0.0,0.0,0.0,0.0,0.0,0.0,0.0,-0.015027872039126366,-0.3227181786446232,0.36591638958443284,-0.18047401428222656,-0.21485707879066468,-0.1460130935609341,0.0,0.0,0.0,0.03227017563411239,0.02338314030830078,0.04156819449371265,False
mediation_aware_recourse,False,1.0,4.1970347680158095,1.0,250,0.0033938171863555906,0.0,0.008484542965888978,0.6590802547608887,0.6327864544682266,0.6853906531261289,0.10095633290941051,0.09223576341958761,0.11117359264167112,0.7881770833333333,0.7788297083333333,0.7977242291666666,0.027653747675940393,0.02367868090760894,0.03147780885109677,0.06132061007557039,0.04759725353459573,0.07319978523738309,0.060929056653715875,0.04771566540529441,0.07308840864684035,0.10963015335599789,0.10063987458368184,0.11890289181626924,0.008,0.0,0.02,0.0,0.0,0.0,0.0,0.0,0.0,-0.00039155342185449995,-0.0034403900371926762,0.0018741763497746766,0.00638534778717903,-0.03003138706642868,0.055241852970854315,-0.004405068332922646,-0.03655084449423771,0.022322321604935774,0.0,0.0,0.0,0.0,0.0,0.0,-0.008642524251947337,-0.32473024833308783,0.36767293982192395,-0.17708019709587097,-0.21146511532366277,-0.1417190243512392,0.0,0.0,0.0,0.031878622212257894,0.022689544526325132,0.04167030541243512,True
mediation_aware_recourse,False,1.0,5.0,1.0,250,0.016969085931777955,0.008484542965888978,0.027150537490844725,0.6788953190326916,0.6535166349659792,0.7031441370610922,0.09398450099760265,0.08526255789189965,0.10370855096280605,0.7875225,0.7782825989583333,0.7971419114583334,0.027653747675940393,0.02367868090760894,0.03147780885109677,0.06132061007557039,0.04759725353459573,0.07319978523738309,0.06837254604791163,0.055554283789137605,0.07996915588530511,0.1085342241253932,0.09995729465148334,0.11797546975123076,0.008,0.0,0.02,0.0,0.0,0.0,0.0,0.0,0.0,-0.0011143749044937113,-0.005239360650092517,0.0024551511210686504,-0.11500107327129583,-0.2440285083038707,-0.024355724513705924,-0.012536980470095882,-0.06282948321179496,0.02962707364561005,0.028,0.008,0.04809999999999991,0.0032722936455872125,0.0008906713382572335,0.006246976596371977,-0.1300289453104222,-0.46006044503270366,0.22908464832668815,-0.1635049283504486,-0.20122979948818684,-0.1239551355689764,0.0,0.0,0.0,0.031155800729618682,0.02113795815319757,0.04094765987554681,False
transport_anchor_only,False,3.0,0.0,1.0,250,0.6971260631084442,0.6521466279178858,0.7430513231188058,0.10301952672364362,0.09335889598223172,0.11281386708390874,0.2511424299107374,0.24855789252798555,0.2538106893817424,0.8780570833333333,0.8704811041666667,0.8854972552083333,0.027653747675940393,0.02367868090760894,0.03147780885109677,0.06132061007557039,0.04759725353459573,0.07319978523738309,-0.2584480219264344,-0.2680984031046058,-0.2484432693520502,0.26951591893445276,0.26188730178452274,0.27789941640495863,0.016,0.004,0.032099999999999906,0.0,0.0,0.0,0.0,0.0,0.0,-0.17129561948277927,-0.1850385196110807,-0.15757576662136083,-3.2147007606076947,-4.125267361187007,-2.563345081924498,-1.9271161145218492,-2.2655100949908302,-1.646652512380569,0.764,0.708,0.816,0.21451650426820054,0.19766997916605755,0.22985856837869903,0.15404503782782974,0.06667804119878154,0.28243599882917914,-0.017474280834197997,-0.030177867412567137,-0.007139316731691365,0.0,0.0,0.0,0.008525377987378794,0.003973998388609971,0.014411940943231382,False
mediation_aware_recourse,False,3.0,0.5,1.0,250,0.6876307122707367,0.643363005077839,0.7322040088802576,0.10631348500168136,0.09650555524750869,0.11681934548907232,0.25019017559027235,0.24743022130926928,0.25307381640232407,0.877803125,0.8701081041666667,0.8851697968749999,0.027653747675940393,0.02367868090760894,0.03147780885109677,0.06132061007557039,0.04759725353459573,0.07319978523738309,-0.25678194904880924,-0.26728171860619415,-0.24632423426510636,0.2678174663779207,0.26019714300213975,0.276292684668138,0.016,0.004,0.032099999999999906,0.0,0.0,0.0,0.0,0.0,0.0,-0.1696295466051541,-0.18296791634306317,-0.15577162777351033,-3.1875308926697876,-4.090578562293777,-2.5338256564074437,-1.9083724017512949,-2.238191064067537,-1.6329709477722203,0.764,0.708,0.816,0.21342280411530595,0.1965094170608515,0.22871503652608563,0.18121490576573684,0.08682201227151017,0.32868810947891447,-0.026969631671905518,-0.04353779440820217,-0.013663264274597168,0.0,0.0,0.0,0.010191450865003993,0.004935393835430903,0.01653002080183913,False
mediation_aware_recourse,False,3.0,1.0,1.0,250,0.6746673957109451,0.6314288754701614,0.719585536196828,0.11199672079056647,0.10024675248838977,0.12359168951141968,0.2477443834724758,0.24452191518450858,0.2509856983539234,0.8754185416666667,0.867404546875,0.8830229791666666,0.027653747675940393,0.02367868090760894,0.03147780885109677,0.06132061007557039,0.04759725353459573,0.07319978523738309,-0.25586672834156776,-0.2674111258085343,-0.24470997532342606,0.26648280918309597,0.2584101814020881,0.2754434385158992,0.016,0.004,0.032099999999999906,0.0,0.0,0.0,0.0,0.0,0.0,-0.16871432589791258,-0.18136443066472088,-0.15496175350284974,-3.172605719777451,-4.0471158237131934,-2.5321120747962187,-1.8980759529653026,-2.241045502877591,-1.6323563637223122,0.764,0.708,0.816,0.21447424355411113,0.1973019529651604,0.22970172717256238,0.1961400786580736,0.07432911542326495,0.3654497512042577,-0.03993294823169708,-0.06215618297755718,-0.0207007736504078,0.0,0.0,0.0,0.011106671572245506,0.004338431277374737,0.018631367648520542,False
mediation_aware_recourse,False,3.0,2.0,1.0,250,0.6459727441072464,0.6040247288942338,0.6914942592829466,0.12535641527352573,0.10992565523040512,0.1408025555047745,0.24297891783473477,0.23924036759930148,0.24659489768366646,0.8718987500000001,0.8640144947916667,0.8797724947916666,0.027653747675940393,0.02367868090760894,0.03147780885109677,0.06132061007557039,0.04759725353459573,0.07319978523738309,-0.25137073797228965,-0.26209137621633755,-0.24008175628909492,0.26058148526460934,0.2510641404426281,0.27063183643228567,0.012,0.0,0.028,0.0,0.0,0.0,0.0,0.0,0.0,-0.1638258103971815,-0.17587847065334694,-0.15048905464067017,-3.099286319273487,-3.952096958209231,-2.4883998306841715,-1.8430790007607203,-2.1461772224248956,-1.5930143578107467,0.768,0.712,0.82,0.2143322544328266,0.1977699912545827,0.22997772301645086,0.2694594791620375,0.10968442792157759,0.49313952682527806,-0.06862759983539582,-0.10397224771380424,-0.03976504862308503,-0.004,-0.012,0.0,0.015995187072976595,0.0069963164766260865,0.0260500641478296,False
mediation_aware_recourse,False,3.0,4.1970347680158095,1.0,250,0.40840542352199555,0.36898521293997766,0.4436755242705345,0.2684140467263967,0.2314702488536942,0.30561287121649605,0.19401119050821863,0.18351270434279138,0.20428130420832127,0.8287897916666666,0.8199220104166667,0.8371177552083333,0.027653747675940393,0.02367868090760894,0.03147780885109677,0.06132061007557039,0.04759725353459573,0.07319978523738309,-0.19051573155383728,-0.20731677186291095,-0.17369646625403817,0.20498597849715966,0.19055951442797214,0.21936487812832794,0.012,0.0,0.028,0.0,0.0,0.0,0.0,0.0,0.0,-0.10700373465289874,-0.11973185576829813,-0.0951734319861779,-2.106879258361083,-2.7336290917025954,-1.6784881530688007,-1.2038172487204304,-1.3801842485397573,-1.0565952063291286,0.62,0.56,0.68,0.17184869675962527,0.15333335833553075,0.18967683117318926,1.2618665400744415,0.8786407991088013,1.7887293739171033,-0.30619492042064667,-0.3706402864962816,-0.24327131194770338,-0.004,-0.012,0.0,0.07281726281725935,0.05567762520071443,0.09085847233479483,True
mediation_aware_recourse,False,3.0,5.0,1.0,250,0.3679719557762146,0.32950922276973726,0.4048152902394533,0.30310209883331907,0.2604700714651332,0.3430616354989041,0.18233237618836598,0.17096118710396,0.19377526877695334,0.8184785416666667,0.8091261770833333,0.8275346874999999,0.027653747675940393,0.02367868090760894,0.03147780885109677,0.06132061007557039,0.04759725353459573,0.07319978523738309,-0.1762260479507334,-0.19448297003886536,-0.15679801917307717,0.19550296290248712,0.18046735008653603,0.21052472077760329,0.012,0.0,0.028,0.0,0.0,0.0,0.0,0.0,0.0,-0.09701996740078447,-0.10979527585815253,-0.08468484920220434,-1.8738469453183142,-2.452086789334935,-1.4871443907295974,-1.0914975127383952,-1.246582113797843,-0.9546990687398615,0.56,0.5,0.624,0.16078119083625553,0.14203286537081922,0.1800397976339511,1.4948988531172103,1.062802899482847,2.0963421854313062,-0.3466283881664276,-0.4110993293434381,-0.2832679234683514,-0.004,-0.012,0.0,0.08280103006937362,0.06589732668303766,0.1000936958715098,False
transport_anchor_only,False,10.0,0.0,1.0,250,1.0828581498861314,1.0264551272511482,1.1358572750508784,0.022017210664585774,0.019297466674840724,0.025123844567976967,0.25074180750240016,0.24819176795299552,0.2534949698198454,0.8932883333333334,0.8870092447916668,0.8999376197916666,0.027653747675940393,0.02367868090760894,0.03147780885109677,0.06132061007557039,0.04759725353459573,0.07319978523738309,-0.3508489243593325,-0.3577068576425134,-0.3440876725513686,0.35254097112943356,0.34634314264632604,0.3593456234474118,0.16,0.12,0.208,0.0,0.0,0.0,0.0,0.0,0.0,-0.26196189871932285,-0.27504348982118015,-0.24696311474208488,-4.7215498007432215,-6.059758174550999,-3.7602920628679932,-2.947133137070673,-3.4582581124777234,-2.5507647024447175,0.788,0.736,0.836,0.27643547100106114,0.2570324688302135,0.2953961151487246,0.02167113918492447,-0.013448484198862286,0.06354296005002105,0.0004033524990081787,-0.00964678045809269,0.010232581263780594,-0.012,-0.036,0.012,0.0013288874758522072,-0.0008595020825034929,0.003616950744859762,False
mediation_aware_recourse,False,10.0,0.5,1.0,250,1.0856491870880127,1.0304084247112275,1.1398263831287623,0.02166364928778636,0.018925569354244585,0.024843859610893318,0.2498220587971768,0.24706592869066918,0.25262046481515793,0.8942952083333332,0.8881414166666667,0.9009655625,0.027653747675940393,0.02367868090760894,0.03147780885109677,0.06132061007557039,0.04759725353459573,0.07319978523738309,-0.3535253888985868,-0.3602046837379612,-0.34754407460058917,0.354776291137512,0.34892453862679484,0.36111878816094073,0.168,0.124,0.22,0.0,0.0,0.0,0.0,0.0,0.0,-0.2646383632585772,-0.277226106213868,-0.2500979437556273,-4.765196863875109,-6.115130131638037,-3.7928690778044225,-2.97724399430752,-3.4778790988936548,-2.5832110497763816,0.788,0.736,0.836,0.27911193554031544,0.25970015432156335,0.2978712864512328,-0.021975923946962794,-0.059262798111787716,0.010276390108241147,0.0031943897008895874,-0.005763697814941406,0.012495298740267748,-0.004,-0.028,0.02,-0.0013475770634021208,-0.003647981626155685,0.0006231706811473595,False
mediation_aware_recourse,False,10.0,1.0,1.0,250,1.0909485132694245,1.0348383810728787,1.142874614429474,0.02115317965582113,0.018286060031045992,0.024277818920421593,0.24919150798956308,0.24641024621914656,0.25213699065428286,0.8945677083333332,0.8884911874999999,0.9011953385416667,0.027653747675940393,0.02367868090760894,0.03147780885109677,0.06132061007557039,0.04759725353459573,0.07319978523738309,-0.3558359249827035,-0.36245227866797136,-0.3499939273544473,0.3570038943680407,0.3511139479014429,0.3633015115046276,0.172,0.128,0.22,0.0,0.0,0.0,0.0,0.0,0.0,-0.26694889934269384,-0.2788975043169205,-0.25301663996477874,-4.802876464278126,-6.1418382324560845,-3.8217750247248445,-3.0032380701299495,-3.5116265407778364,-2.5998735075288435,0.788,0.736,0.836,0.2807657440628799,0.26136435251802,0.29971988190610843,-0.05965552434997967,-0.11413569237931573,-0.016634185450005574,0.00849371588230133,0.0004247478723526002,0.01800322496592998,0.0,-0.024,0.02,-0.003658113147518805,-0.006643211865729838,-0.0010173581050756772,False
mediation_aware_recourse,False,10.0,2.0,1.0,250,1.104732382774353,1.0478841788083315,1.1565086787134409,0.020033059433775514,0.017237710500672267,0.02311339576331505,0.2476962842704632,0.2445994186684667,0.2507187041185797,0.894433125,0.888313796875,0.9012060312500001,0.027653747675940393,0.02367868090760894,0.03147780885109677,0.06132061007557039,0.04759725353459573,0.07319978523738309,-0.3610183957562231,-0.3671950903958361,-0.355140096880082,0.36191690212262195,0.35633823668860354,0.36807535106436373,0.176,0.13190000000000002,0.228,0.0,0.0,0.0,0.0,0.0,0.0,-0.27213137011621347,-0.2842174503771076,-0.2587957497697825,-4.887390802395975,-6.234360117962747,-3.9239451830975325,-3.061542088474635,-3.570303315860904,-2.6587281158882954,0.788,0.736,0.836,0.2850879086299051,0.26515328948631395,0.30445889385753816,-0.14416986246782937,-0.21849194314847045,-0.0879708701231862,0.02227758538722992,0.00905222671031952,0.03557808552980422,0.004,-0.024,0.028,-0.00884058392103839,-0.012886750912198788,-0.0052749567666369734,False
mediation_aware_recourse,False,10.0,4.1970347680158095,1.0,250,1.1326340000629425,1.0806453965514897,1.1843573124438525,0.018005079571200136,0.015146707874946637,0.021027271885644305,0.24522684379224377,0.24172907022255358,0.24861905640432652,0.8937016666666667,0.887420078125,0.9002604583333332,0.027653747675940393,0.02367868090760894,0.03147780885109677,0.06132061007557039,0.04759725353459573,0.07319978523738309,-0.36952892991649056,-0.37565155910071485,-0.363494625896002,0.3700069579449413,0.36474751093429475,0.3755228321074772,0.2,0.152,0.256,0.0,0.0,0.0,0.0,0.0,0.0,-0.28064190427648095,-0.29280851331204144,-0.2682256302357518,-5.026178302223183,-6.390777910928719,-4.033328839417355,-3.15728760475206,-3.6720104280376056,-2.7512344358655163,0.788,0.736,0.836,0.2929779180981449,0.272215504354031,0.312258992185344,-0.2829573622950372,-0.37959868457330886,-0.20034477264566966,0.0501792026758194,0.0334620736181736,0.06898278158605099,0.028,-0.004,0.06,-0.01735111808130585,-0.02271182601840864,-0.012490182116583379,True
mediation_aware_recourse,False,10.0,5.0,1.0,250,1.1437009811401366,1.0935275264680386,1.1958147463738917,0.01734271321578242,0.014437829518020553,0.020396992831637376,0.24438241777119923,0.24054028686641865,0.24790957595432433,0.8930522916666667,0.8868067083333333,0.8996495885416665,0.027653747675940393,0.02367868090760894,0.03147780885109677,0.06132061007557039,0.04759725353459573,0.07319978523738309,-0.37253101683509693,-0.37845656964441576,-0.3666447553793651,0.3729923876718478,0.3675917858116894,0.3786363049462268,0.212,0.16,0.264,0.0,0.0,0.0,0.0,0.0,0.0,-0.2836439911950874,-0.2963674566451338,-0.27130036741991564,-5.075135527451481,-6.473856508117221,-4.082759438131255,-3.191061790545662,-3.710347755796822,-2.775793287552475,0.788,0.736,0.836,0.2955449715370574,0.2747695351484229,0.3148897284754845,-0.33191458752333514,-0.45339497060854406,-0.2445097195185203,0.06124618375301361,0.04360389635562897,0.08113309352099896,0.04,0.008,0.072,-0.020353204999912264,-0.026485525261110178,-0.014763368170076856,False
transport_anchor_only,False,30.0,0.0,1.0,250,1.2752451617717744,1.2319296857476234,1.3149847857117654,0.009485985070355057,0.007123105068992577,0.01235748084022526,0.2460125738474554,0.24247044569763956,0.24946613782760635,0.89110875,0.8838622083333333,0.8986185520833332,0.027653747675940393,0.02367868090760894,0.03147780885109677,0.06132061007557039,0.04759725353459573,0.07319978523738309,-0.378593506226643,-0.38487891097479904,-0.37169378170632844,0.3812517212661842,0.37563913298742574,0.38672568748349134,0.42,0.36,0.484,0.0,0.0,0.0,0.0,0.0,0.0,-0.2897064805866334,-0.30227762547024506,-0.2761767232226797,-5.1740009722680735,-6.604872377771857,-4.158632941189963,-3.2592662258712295,-3.77422258386211,-2.8393035430831324,0.788,0.736,0.836,0.3008385767322097,0.2800273403016252,0.32111757707177335,-0.03346775738000041,-0.08432683538768777,0.01536416339696325,0.002174410104751587,-0.004738502979278565,0.009690102815628052,-0.024,-0.056,0.004,-0.0020522633004027525,-0.004883868874009349,0.0009695426913053231,False
mediation_aware_recourse,False,30.0,0.5,1.0,250,1.274776832818985,1.2309825393497944,1.3147669150948524,0.009479385911015346,0.007140820228410688,0.012326871173505017,0.24426847455027018,0.24044812886190992,0.24794739377102598,0.8920279166666667,0.8851173541666666,0.8994454270833334,0.027653747675940393,0.02367868090760894,0.03147780885109677,0.06132061007557039,0.04759725353459573,0.07319978523738309,-0.3831112510995116,-0.38948988960322994,-0.3767459469840768,0.385246282190065,0.3793320846756019,0.3905883711039075,0.428,0.368,0.496,0.0,0.0,0.0,0.0,0.0,0.0,-0.29422422545950194,-0.3061026272170884,-0.2815195856646526,-5.247675139359709,-6.67056076352402,-4.224670028533109,-3.3100919210763475,-3.8386436618041406,-2.8895258645609307,0.788,0.736,0.836,0.3047259406360512,0.28404697005071866,0.32481761053257396,-0.10714192447163562,-0.15680557273897117,-0.06330945214263181,0.0017060811519622803,-0.0054154319763183596,0.00984757399559021,-0.016,-0.0401,0.008,-0.006570008173271341,-0.009317469832299186,-0.003946797575653726,False
mediation_aware_recourse,False,30.0,1.0,1.0,250,1.275194032907486,1.231415384441614,1.3150830242693425,0.009471454449329016,0.007128436569436187,0.01231874142527653,0.24362791202614448,0.2397774420709495,0.24750820251182692,0.8924154166666667,0.8856234427083335,0.8998237656250001,0.027653747675940393,0.02367868090760894,0.03147780885109677,0.06132061007557039,0.04759725353459573,0.07319978523738309,-0.3846788255407928,-0.3909656445405476,-0.3784203925945756,0.3866557879676564,0.38074177236921997,0.39190627556858887,0.432,0.368,0.5,0.0,0.0,0.0,0.0,0.0,0.0,-0.2957917999007832,-0.30697392685534336,-0.28317806930039047,-5.2732387213160745,-6.700391781994361,-4.241119292883686,-3.3277275032098954,-3.8579806453934973,-2.9069351093659757,0.788,0.736,0.836,0.30602057665754373,0.28498199525247697,0.3263141075042158,-0.13270550642800139,-0.1869385489333282,-0.08461742762505568,0.002123281240463257,-0.005064716351032257,0.010391906052827833,-0.012,-0.036,0.008,-0.008137582614552519,-0.011147739795854837,-0.00532897100946586,False
mediation_aware_recourse,False,30.0,2.0,1.0,250,1.2807019588947297,1.237197899967432,1.3206244216144085,0.009303870532326746,0.006961387355234318,0.012170077406934111,0.2415833675512137,0.23762310170238288,0.24538580100059146,0.8944922916666667,0.8880185052083334,0.90158925,0.027653747675940393,0.02367868090760894,0.03147780885109677,0.06132061007557039,0.04759725353459573,0.07319978523738309,-0.3896491643456441,-0.3958018930968673,-0.3837377280879627,0.39112413869419,0.3854725658624598,0.3963811260348552,0.44,0.376,0.504,0.0,0.0,0.0,0.0,0.0,0.0,-0.30076213870563445,-0.3116809952801097,-0.28864762467093513,-5.354293668400358,-6.78715941733513,-4.327697706250425,-3.3836449868815963,-3.906008551255406,-2.956723283961229,0.788,0.736,0.836,0.31035910847894227,0.2889542506146426,0.3305151875067845,-0.21376045351228523,-0.2902224340730763,-0.14690395469201264,0.007631207227706909,-0.0027496724128723143,0.018356416040658952,-0.004,-0.032,0.02,-0.013107921419403834,-0.01741007720573365,-0.0089128880605264,False
mediation_aware_recourse,False,30.0,4.1970347680158095,1.0,250,1.2889176008701324,1.2463024310886859,1.327745704293251,0.009131779075501336,0.006803627754344236,0.01203945458407815,0.23972984879490014,0.23542991964612223,0.24393971576691273,0.896525625,0.8906054427083333,0.9030909635416666,0.027653747675940393,0.02367868090760894,0.03147780885109677,0.06132061007557039,0.04759725353459573,0.07319978523738309,-0.39437918053607224,-0.40077584923537096,-0.3882380272716751,0.3956249726163885,0.38993421492266184,0.40131578901568166,0.46,0.4,0.524,0.0,0.0,0.0,0.0,0.0,0.0,-0.3054921548960626,-0.31586822587499314,-0.29389944173516996,-5.431429498989762,-6.871474108274514,-4.403668494802354,-3.436858784467586,-3.967453922842275,-3.0142595659952804,0.788,0.736,0.836,0.31508912466937045,0.2931923193970128,0.3359237843130376,-0.2908962841016889,-0.39222364519287845,-0.20115993905148002,0.01584684920310974,0.004177338242530824,0.027032477939128875,0.016,-0.012,0.044,-0.01783793760983199,-0.023772982663485598,-0.012559441841420424,True
mediation_aware_recourse,False,30.0,5.0,1.0,250,1.2930624964237214,1.2518626380980016,1.3301952397286891,0.009143841313366324,0.006808454671514819,0.012048138269034862,0.23850310971036645,0.23405143769867462,0.2429509905326165,0.8979097916666667,0.89205565625,0.9038559427083332,0.027653747675940393,0.02367868090760894,0.03147780885109677,0.06132061007557039,0.04759725353459573,0.07319978523738309,-0.39742712084901577,-0.4034560269496941,-0.3913644927731884,0.3982313557815602,0.3925716018209108,0.40410646786495846,0.464,0.40390000000000004,0.528,0.0,0.0,0.0,0.0,0.0,0.0,-0.3085400952090061,-0.31902003583702987,-0.29768515215894154,-5.481134489027978,-6.910583790172366,-4.4487208074956435,-3.471148831760738,-3.9941165665473624,-3.051062870001206,0.788,0.736,0.836,0.31756217675771825,0.29535527408958917,0.3383627635612436,-0.34060127413990493,-0.4562824929967748,-0.2434515063978201,0.01999174475669861,0.0068195977866649625,0.032825250256061554,0.02,-0.012,0.052,-0.020885877922775457,-0.02771205317670758,-0.01501115186476489,False
transport_anchor_only,False,0.0,0.0,2.0,250,0.0016969085931777953,0.0,0.006787634372711181,0.6559737080843215,0.6292700147749152,0.6822354807694393,0.10257407338199752,0.09364926566510214,0.11254990317266261,0.78823625,0.7782183333333333,0.7981711770833333,0.027653747675940393,0.02367868090760894,0.03147780885109677,0.06132061007557039,0.04759725353459573,0.07319978523738309,0.060978753068280295,0.04865550088113356,0.07290525507953609,0.10943409292132054,0.10060367165014876,0.11869103079242874,0.008,0.0,0.02,0.0,0.0,0.0,0.0,0.0,0.0,0.0003418570072900858,0.0,0.0010255710218702574,0.005574912038037394,0.0,0.019442110693586923,0.0038459719495463895,0.0,0.012017381741925251,0.0,0.0,0.0,0.0,0.0,0.0,0.005574912038037394,0.0,0.019814418095161018,0.0016969085931777953,0.0,0.006787634372711181,0.0,0.0,0.0,0.0003418570072900858,0.0,0.0013674280291603432,False
mediation_aware_recourse,False,0.0,0.5,2.0,250,0.0016969085931777953,0.0,0.0050907257795333866,0.6595211134924905,0.6333932415164194,0.6856991562038267,0.10122086850282816,0.09246665304782384,0.11129885671835428,0.7884079166666667,0.77891903125,0.7979413333333333,0.027653747675940393,0.02367868090760894,0.03147780885109677,0.06132061007557039,0.04759725353459573,0.07319978523738309,0.062075853332780116,0.04976695664132821,0.07419901371869925,0.10890021413767817,0.10011884542811424,0.11783006208994877,0.008,0.0,0.02,0.0,0.0,0.0,0.0,0.0,0.0,0.0007552432572097255,0.0,0.0022657297716291765,-0.012316303707333942,-0.03950657427471217,0.0,0.008496664746871496,0.0,0.026824623212010457,0.0,0.0,0.0,0.0,0.0,0.0,-0.012316303707333942,-0.04244691426763685,0.0,0.0016969085931777953,0.0,0.0050907257795333866,0.0,0.0,0.0,0.0007552432572097255,0.0,0.0022657297716291765,False
mediation_aware_recourse,False,0.0,1.0,2.0,250,0.0033938171863555906,0.0,0.008484542965888978,0.6614131855361568,0.6357560093012359,0.6876171906161228,0.10060150150566043,0.09168174200866419,0.11070326475868156,0.7878370833333334,0.7781816249999999,0.7973186041666667,0.027653747675940393,0.02367868090760894,0.03147780885109677,0.06132061007557039,0.04759725353459573,0.07319978523738309,0.06277224294204553,0.050759397381880095,0.07470250970442026,0.10856112069364454,0.09996868611317916,0.1175653423129131,0.008,0.0,0.02,0.0,0.0,0.0,0.0,0.0,0.0,0.0010805026481719327,0.0,0.0029162485535535907,-0.023672837968933713,-0.06518540618013881,0.0,0.01215590959863977,0.0,0.033685989253634384,0.004,0.0,0.012,0.0001855651091516064,0.0,0.0005566953274548192,-0.023672837968933713,-0.06173316370528418,0.0,0.0033938171863555906,0.0,0.008484542965888978,0.0,0.0,0.0,0.0010805026481719327,0.0,0.0029162485535535907,False
mediation_aware_recourse,False,0.0,2.0,2.0,250,0.015272177338600158,0.006787634372711181,0.025453628897666933,0.6779958543497319,0.6535485406205186,0.7023599032352458,0.09496739139843582,0.08651361912561359,0.10422292909686712,0.7865912500000001,0.7773902864583334,0.7959021145833334,0.027653747675940393,0.02367868090760894,0.03147780885109677,0.06132061007557039,0.04759725353459573,0.07319978523738309,0.06948437169982671,0.05753621835760707,0.08060327080013134,0.10714345652802831,0.09868701402935463,0.11620614362717192,0.008,0.0,0.02,0.0,0.0,0.0,0.0,0.0,0.0,0.001332933680912382,-0.0018839485591197133,0.004356928235373143,-0.13313242667017589,-0.2550377804581908,-0.049776420812698896,0.014995818245856718,-0.018401380546604458,0.04836896365068448,0.032,0.012,0.056,0.003415413971671972,0.0009996622453006744,0.006387074353741805,-0.13313242667017589,-0.2575275465978302,-0.04892111514480499,0.015272177338600158,0.006787634372711181,0.025453628897666933,0.0,0.0,0.0,0.001332933680912382,-0.0017275409579210624,0.0043901002934122165,False
mediation_aware_recourse,False,0.0,4.1970347680158095,2.0,250,0.10351142418384553,0.08145161247253419,0.12557123589515687,0.7667251854353487,0.7553006748914228,0.7785163362189331,0.06260900599256797,0.0573419295044307,0.06791320200387262,0.7954902083333334,0.7854710833333333,0.8049688333333334,0.027653747675940393,0.02367868090760894,0.03147780885109677,0.06132061007557039,0.04759725353459573,0.07319978523738309,0.10149001574952916,0.0901198105044197,0.11215162200756353,0.11229896906331342,0.10322107337591602,0.12233221304677531,0.0,0.0,0.0,0.0,0.0,0.0,0.0,0.0,0.0,-0.015617760004473848,-0.022989251034340505,-0.009334690000977537,-0.655071853076066,-0.9774162101380343,-0.44549670851165973,-0.17570348306765715,-0.26140001922129347,-0.09701497026283475,0.116,0.08,0.156,0.01377462002093061,0.009088244523335915,0.01936101406381641,-0.655071853076066,-1.0063483025552749,-0.42961665144017835,0.10351142418384553,0.08145161247253419,0.12557123589515687,-0.008,-0.02,0.0,-0.015617760004473848,-0.02291475024056404,-0.009008679547264838,True
mediation_aware_recourse,False,0.0,5.0,2.0,250,0.12896505308151246,0.10520833277702332,0.15441868197917938,0.7854189179148328,0.7752968237396265,0.7945458290433081,0.054768948855292134,0.05039458368861411,0.059292710793954935,0.8003191666666668,0.7911673281249999,0.8095992760416667,0.027653747675940393,0.02367868090760894,0.03147780885109677,0.06132061007557039,0.04759725353459573,0.07319978523738309,0.10691685342063324,0.09633271207690955,0.11720482901157953,0.114603701476998,0.10524380057902373,0.1248449511375763,0.0,0.0,0.0,0.0,0.0,0.0,0.0,0.0,0.0,-0.019812973335748496,-0.027238091557711668,-0.013230123002612365,-0.7435712607697622,-1.0959621972484819,-0.5215338545138984,-0.22290062236968722,-0.31135353633092316,-0.13942791855550823,0.124,0.084,0.164,0.014194122233577723,0.009457644982477998,0.019660499257768436,-0.7435712607697622,-1.1175763575022986,-0.5070851700143741,0.12896505308151246,0.10520833277702332,0.15441868197917938,-0.008,-0.02,0.0,-0.019812973335748496,-0.02723394080401644,-0.012737118005227983,False
transport_anchor_only,False,1.0,0.0,2.0,250,0.14884086441993713,0.12107184658944607,0.17749384812712668,0.5060765660528221,0.47161758869638143,0.5401013396057395,0.1490911270990573,0.13868626591026534,0.15997088347718486,0.7617610416666667,0.7533711614583334,0.7692085520833333,0.027653747675940393,0.02367868090760894,0.03147780885109677,0.06132061007557039,0.04759725353459573,0.07319978523738309,-0.00990126427610099,-0.02332620900069972,0.0032286322553379014,0.10706550286925497,0.09716908015497765,0.11598069390078634,0.008,0.0,0.02,0.0,0.0,0.0,0.0,0.0,0.0,0.011392228261919811,0.003291839878807274,0.020133186552886123,0.8385328478647089,0.585192597134034,0.9917542565436033,0.1281652544889742,0.02999489353075917,0.21753693127061527,0.188,0.14,0.2400999999999999,0.029253843906852345,0.019730539580873216,0.0391497180941681,0.8235049758255826,0.529134097155825,1.1407070133018224,-0.03163314986228943,-0.061294521901011464,-0.002799285697937021,0.0,0.0,0.0,0.0436624038960322,0.03180091817645112,0.055535819601867306,False
mediation_aware_recourse,False,1.0,0.5,2.0,250,0.11732298576831818,0.09192444413304328,0.14277696082890032,0.5393237103724356,0.5038235035002395,0.5735715039225266,0.13903690773833738,0.12802331499928585,0.14991052101556,0.7622150000000001,0.7539123020833333,0.7696820520833334,0.027653747675940393,0.02367868090760894,0.03147780885109677,0.06132061007557039,0.04759725353459573,0.07319978523738309,0.006898432918182724,-0.006704896731589234,0.019350509743711587,0.10520686542610669,0.09586491642431112,0.11435249946241348,0.008,0.0,0.02,0.0,0.0,0.0,0.0,0.0,0.0,0.011726426261554559,0.0042845793009258755,0.01957124158664475,0.8875022132088832,0.6876654667127255,0.9951084581102309,0.13192506079623278,0.04967934333485277,0.21096541898482774,0.148,0.104,0.196,0.020686896309893114,0.013418978723675009,0.028863393581465325,0.8724743411697569,0.43300622404368583,1.2870134391643333,-0.06315102851390839,-0.09738950291275979,-0.03149649894833565,0.0,0.0,0.0,0.043996601895666954,0.031846372346469524,0.055255859821515055,False
mediation_aware_recourse,False,1.0,1.0,2.0,250,0.09023275053501129,0.06809879004955292,0.11495100201666354,0.5627230246729616,0.5246768285318386,0.5955537006325932,0.13099874454734844,0.11999746985649032,0.14232254454606255,0.767083125,0.7582234479166667,0.7755696197916667,0.027653747675940393,0.02367868090760894,0.03147780885109677,0.06132061007557039,0.04759725353459573,0.07319978523738309,0.016455709424222805,0.0038915352115565316,0.02841570586980424,0.10496258113647725,0.09588916599016978,0.11327019366275562,0.008,0.0,0.02,0.0,0.0,0.0,0.0,0.0,0.0,0.009699481353788772,0.0031885655305454006,0.016812145344486867,0.7316447210172389,0.5587054727161667,0.9390351391627857,0.10912145258489625,0.03536951655574761,0.18698250409903938,0.12,0.08390000000000002,0.16,0.01665533603815977,0.00995635762840622,0.023857518129695797,0.7166168489781125,0.3164019956193625,1.20944320748802,-0.09024126374721528,-0.12382767168581485,-0.05607508440315724,0.0,0.0,0.0,0.04196965698790116,0.03026913317523619,0.05279438496589133,False
mediation_aware_recourse,False,1.0,2.0,2.0,250,0.022133960485458373,0.011858075654506686,0.03497199809551239,0.6325453765845839,0.6046019578983215,0.6620148638997175,0.10903162167731811,0.09936779865317348,0.11898440864990523,0.7824947916666667,0.7726651041666666,0.7921277968749999,0.027653747675940393,0.02367868090760894,0.03147780885109677,0.06132061007557039,0.04759725353459573,0.07319978523738309,0.048062402876393635,0.03436780419060667,0.05982950609454224,0.10871876832430595,0.09965156169934757,0.11720368264260993,0.012,0.0,0.028,0.0,0.0,0.0,0.0,0.0,0.0,0.0020264665685911336,-0.0019567436056675915,0.006358841546218918,0.21621127354795688,0.0868583996105922,0.36600318236894824,0.022798226782818398,-0.02609581631907876,0.0687754577296551,0.028,0.008,0.04809999999999991,0.004688496704673175,0.0011180772109539978,0.009314294311528191,0.20118340150883052,-0.14111373373191657,0.6213487496050281,-0.1583400537967682,-0.19037785069048405,-0.12388098679482938,0.004,0.0,0.012,0.03429664220270352,0.024494046381389568,0.043628221064235494,False
mediation_aware_recourse,False,1.0,4.1970347680158095,2.0,250,0.008484542965888978,0.0016969085931777953,0.016969085931777955,0.6623711735853394,0.6361321611173514,0.6874723641390551,0.0995737271447082,0.09090418731013301,0.10982084938546524,0.7866129166666667,0.7771508229166667,0.7961198333333334,0.027653747675940393,0.02367868090760894,0.03147780885109677,0.06132061007557039,0.04759725353459573,0.07319978523738309,0.061423948749982825,0.04795665158490244,0.07358305159591098,0.10902006945255417,0.10031715708023572,0.11832366002280181,0.008,0.0,0.02,0.0,0.0,0.0,0.0,0.0,0.0,-0.00034026554113256104,-0.004148340579367711,0.002817290715178175,-0.0016852192808434197,-0.06319008368776635,0.0622417027623088,-0.0038280675799711172,-0.04475470704142124,0.032288741869493556,0.008,0.0,0.02,0.0002218021077725062,0.0,0.0006291693246966188,-0.016713091319969786,-0.3333125538569613,0.34902978094995984,-0.17198947131633757,-0.20718576945364475,-0.13492953625917437,0.0,0.0,0.0,0.03192991009297984,0.022467401672424784,0.04156584504132761,True
mediation_aware_recourse,False,1.0,5.0,2.0,250,0.020362903118133546,0.010181451559066773,0.030586777392029724,0.678784368945468,0.6543643103883005,0.7025083113301408,0.09376883300236034,0.0850135380958852,0.10315204176876643,0.786018125,0.7768889479166667,0.7954015156249999,0.027653747675940393,0.02367868090760894,0.03147780885109677,0.06132061007557039,0.04759725353459573,0.07319978523738309,0.06790146434916955,0.0546683830744137,0.07954435080839194,0.1084505124951651,0.09972687371951738,0.11785389666592822,0.008,0.0,0.02,0.0,0.0,0.0,0.0,0.0,0.0,-0.001232499547798168,-0.005613035429042343,0.0027438452274601986,-0.10731879975572722,-0.24051238794284258,-0.012697565554842931,-0.013865910563705341,-0.06726227495410583,0.031012217867873053,0.032,0.012,0.056,0.0036827890320061066,0.001163387835814313,0.006722184563498548,-0.12234667179485359,-0.43938131661450697,0.23345104197201186,-0.16011111116409302,-0.1987012264877558,-0.12121338484287264,0.0,0.0,0.0,0.031037676086314223,0.020349197051427202,0.041056414734423216,False
transport_anchor_only,False,3.0,0.0,2.0,250,0.6753816078901291,0.6310081053644419,0.7200545125424862,0.11457225924829322,0.10295929480254427,0.12629647308278918,0.24859773206467617,0.24535999470239803,0.2518439600323608,0.8698135416666667,0.8613296979166668,0.8773815989583333,0.027653747675940393,0.02367868090760894,0.03147780885109677,0.06132061007557039,0.04759725353459573,0.07319978523738309,-0.25045193864340076,-0.26141883434756735,-0.23933900482778528,0.2615809802361101,0.25189761833975904,0.27083571234608966,0.02,0.004,0.04,0.0,0.0,0.0,0.0,0.0,0.0,-0.16290701106829258,-0.1761037369810499,-0.14900017128093343,-3.084302787182783,-3.9712870281365165,-2.437026081274126,-1.8327422916372762,-2.169117209867215,-1.5730391002926973,0.768,0.712,0.82,0.21010297427753294,0.19365730708881218,0.22567349069095927,0.2844430112527414,0.1442327359985768,0.4531905816337219,-0.03921873605251312,-0.06353178095817566,-0.016995847487449648,0.004,0.0,0.012,0.01691398640186551,0.009171919543518087,0.02510014913134032,False
mediation_aware_recourse,False,3.0,0.5,2.0,250,0.6501319036483765,0.6054500009208917,0.6952137765526771,0.12586442574338477,0.11032981122733802,0.1407771531644788,0.24544530748484886,0.24145396466503233,0.24924235729752167,0.86603375,0.8574302708333333,0.8743288020833333,0.027653747675940393,0.02367868090760894,0.03147780885109677,0.06132061007557039,0.04759725353459573,0.07319978523738309,-0.2444944768193102,-0.2559918877353353,-0.23307303038653773,0.25594821577003724,0.24648255351017842,0.26557977669199134,0.016,0.004,0.032099999999999906,0.0,0.0,0.0,0.0,0.0,0.0,-0.156949549244202,-0.16958370732051894,-0.14284997844958133,-2.987150103660086,-3.846363186023385,-2.333978903635759,-1.765719441213434,-2.079463877980581,-1.5142189027016069,0.768,0.712,0.82,0.20833089761203535,0.19153069317815202,0.22375460164252492,0.3815956947754384,0.2150083237411869,0.6028650917628414,-0.06446844029426575,-0.09482950157821178,-0.03738680177927017,0.0,0.0,0.0,0.022871448225956086,0.013900780328970457,0.032384788919982484,False
mediation_aware_recourse,False,3.0,1.0,2.0,250,0.6221653110980988,0.5785038009285927,0.6654819367319345,0.14028346450442347,0.12083809097627146,0.16043806992459125,0.24021888092127777,0.23503570160969556,0.24538194499344523,0.8603218750000001,0.851120484375,0.868545171875,0.027653747675940393,0.02367868090760894,0.03147780885109677,0.06132061007557039,0.04759725353459573,0.07319978523738309,-0.23911781304310364,-0.2514326712812839,-0.22623574705327001,0.2507956690879705,0.24039038811987365,0.26129447202412326,0.016,0.004,0.032099999999999906,0.0,0.0,0.0,0.0,0.0,0.0,-0.1519787398955595,-0.1643244077218754,-0.13773973935513212,-2.899468918336254,-3.7136861274474016,-2.2905428824086598,-1.7097966638131172,-2.012563555139933,-1.4604951887127209,0.752,0.696,0.808,0.2056708357879274,0.1887904543737738,0.22104893768431905,0.4692768800992706,0.2765391816089211,0.7325127609421118,-0.09243503284454346,-0.13161875727772715,-0.059220840352773675,0.0,0.0,0.0,0.027842257574598597,0.017693276084504286,0.039126433049389876,False
mediation_aware_recourse,False,3.0,2.0,2.0,250,0.5284132857322693,0.4856173108845949,0.5722326769798994,0.19228717383947083,0.16383140669895502,0.2215425737576065,0.2226280309222991,0.2141223970790028,0.23047092834957292,0.8439858333333333,0.8347623541666668,0.8529862500000002,0.027653747675940393,0.02367868090760894,0.03147780885109677,0.06132061007557039,0.04759725353459573,0.07319978523738309,-0.2166352558691064,-0.23109138929780065,-0.2025758950099956,0.22989552070088576,0.21718478303856115,0.2421922212570149,0.016,0.004,0.032099999999999906,0.0,0.0,0.0,0.0,0.0,0.0,-0.1304783740893447,-0.14275008623264748,-0.11740938498567421,-2.53282942883525,-3.2150295961802238,-2.0132745148509454,-1.4679124782257769,-1.7081393871343873,-1.2608886328972044,0.716,0.66,0.772,0.19461549231883082,0.17851910930716886,0.21043026937990644,0.8359163696002745,0.5721390952046882,1.228837483689196,-0.18618705821037293,-0.23508771918118,-0.13743232674598693,0.0,0.0,0.0,0.04934262338081338,0.03620048404367488,0.06279468606204268,False
mediation_aware_recourse,False,3.0,4.1970347680158095,2.0,250,0.3557228518724442,0.31786996756494046,0.3918972582489252,0.3093502978936575,0.2686018246233764,0.34930253923778626,0.1829626442371074,0.1716820080842304,0.19441723316472567,0.8125775000000001,0.8032831614583332,0.821530578125,0.027653747675940393,0.02367868090760894,0.03147780885109677,0.06132061007557039,0.04759725353459573,0.07319978523738309,-0.16710934418676227,-0.18469154700356008,-0.14694789760985869,0.1894266659315017,0.1750686838860918,0.20439777510604315,0.012,0.0,0.028,0.0,0.0,0.0,0.0,0.0,0.0,-0.08884762049943729,-0.10070737192534367,-0.07706157563677499,-1.7251741947906227,-2.2734184566756634,-1.3531729542382205,-0.9995566828759472,-1.140672940083031,-0.8725431060644191,0.548,0.488,0.612,0.1528591839747744,0.13410071183384428,0.17161357203860075,1.6435716036449017,1.2078214038995232,2.274604405043583,-0.35887749207019803,-0.42247860535085197,-0.29627576920986176,-0.004,-0.012,0.0,0.0909733769707208,0.07464677848385481,0.10874850067232177,True
mediation_aware_recourse,False,3.0,5.0,2.0,250,0.3315953879356384,0.2920459409624338,0.37047381334006785,0.33405055886108503,0.29184298511946716,0.3736337889041041,0.17526357112469612,0.16398500946695121,0.18662331153811046,0.8047247916666668,0.794453640625,0.8137224739583333,0.027653747675940393,0.02367868090760894,0.03147780885109677,0.06132061007557039,0.04759725353459573,0.07319978523738309,-0.1556694078938074,-0.1740199403824119,-0.13564018896626784,0.1833107001835484,0.1673699520791078,0.19853230646803227,0.012,0.0,0.028,0.0,0.0,0.0,0.0,0.0,0.0,-0.08134791018486803,-0.09333440467768196,-0.06873849506382636,-1.5386147936552375,-2.0274831407907015,-1.1989011746238498,-0.9151831732375109,-1.046712060990165,-0.7967628925374438,0.504,0.444,0.568,0.14392302911301685,0.12474090064093411,0.1626513725905213,1.830131004780287,1.345714126421259,2.525915210152463,-0.3830049560070038,-0.4485743087768555,-0.31690202799737455,-0.004,-0.012,0.0,0.09847308728529006,0.07941276014934938,0.11626828794071202,False
transport_anchor_only,False,10.0,0.0,2.0,250,1.0901141141653061,1.0345824644505979,1.1438559696942567,0.02165136740636192,0.018895020323995815,0.024862546724745156,0.251347811228703,0.24866365155763573,0.2540319550891346,0.8908702083333333,0.88436515625,0.8978742291666666,0.027653747675940393,0.02367868090760894,0.03147780885109677,0.06132061007557039,0.04759725353459573,0.07319978523738309,-0.3498369612537696,-0.3571381543619561,-0.34275927166873676,0.35227048466776534,0.34570701955575217,0.3590596162588172,0.16,0.12,0.208,0.0,0.0,0.0,0.0,0.0,0.0,-0.26094993561376,-0.27455343736483745,-0.245028260404605,-4.705046978864643,-6.02222373490149,-3.7346509761622952,-2.9357483134895426,-3.4402353239809944,-2.536267854261464,0.788,0.736,0.836,0.2751150206304345,0.2556419585660415,0.29483304588598774,0.038173961063503015,-0.023823210732151368,0.1147896773316516,0.0076593167781829835,-0.004813456192612649,0.020465391847491264,-0.012,-0.04,0.012,0.0023408505814150517,-0.0013332851435111964,0.006662346004737934,False
mediation_aware_recourse,False,10.0,0.5,2.0,250,1.0954134401082993,1.040879997396469,1.1474234676599502,0.021138761222426708,0.018424805937572855,0.024345100824001792,0.2502570680857039,0.2475335353558439,0.25309688765901744,0.8909443749999999,0.8843318229166666,0.8977959531249999,0.027653747675940393,0.02367868090760894,0.03147780885109677,0.06132061007557039,0.04759725353459573,0.07319978523738309,-0.35312903371479515,-0.35997118826022106,-0.3464099063158664,0.3551652972819315,0.3489097916804288,0.36172933053954043,0.164,0.124,0.212,0.0,0.0,0.0,0.0,0.0,0.0,-0.2642420080747856,-0.2777369852479315,-0.24879418829615668,-4.758733210247019,-6.072774663336429,-3.783023474248791,-2.972784905020441,-3.4739981783555223,-2.5754868272703426,0.788,0.736,0.836,0.27840709309146006,0.2583499463680473,0.2982349706852252,-0.015512270318873256,-0.08014530004044615,0.057736159135665675,0.012958642721176148,-0.0003247045338153839,0.026676710173487658,-0.008,-0.036,0.016,-0.0009512218796104905,-0.004868226514362225,0.003507437634935688,False
mediation_aware_recourse,False,10.0,1.0,2.0,250,1.0988072572946548,1.04307222276628,1.1519810851305723,0.02082982860486887,0.018015491667276864,0.023986402901722107,0.249850470905913,0.24690632458918377,0.2527692771142852,0.8909566666666666,0.8844121666666667,0.8978930625,0.027653747675940393,0.02367868090760894,0.03147780885109677,0.06132061007557039,0.04759725353459573,0.07319978523738309,-0.3544520417180919,-0.3612625143327078,-0.34773403751995435,0.3564740679103161,0.3502864654411849,0.36305368515626973,0.168,0.1279,0.216,0.0,0.0,0.0,0.0,0.0,0.0,-0.26556501607808236,-0.27890165820488255,-0.2502809275061678,-4.7803084685764174,-6.1008883134863385,-3.8172414315090832,-2.9876690570524254,-3.4930613395521295,-2.5850812230394316,0.788,0.736,0.836,0.2797301010947568,0.25954320119640223,0.29952820108106465,-0.03708752864827147,-0.10377766939397451,0.03863893953025852,0.016352459907531737,0.0037423336982727053,0.02950471858978271,-0.004,-0.028,0.02,-0.002274229882907255,-0.006146000556757364,0.0021612224176764277,False
mediation_aware_recourse,False,10.0,2.0,2.0,250,1.1153080152273178,1.0599828800588846,1.1683021547198296,0.01949170707254211,0.01654705116616424,0.022590329948201215,0.24780021876172145,0.24466213908998735,0.25109683221124385,0.8908008333333334,0.8842057760416667,0.8978186875000002,0.027653747675940393,0.02367868090760894,0.03147780885109677,0.06132061007557039,0.04759725353459573,0.07319978523738309,-0.36108313176634216,-0.3676752501911958,-0.3548108704694326,0.3626905502455693,0.3568186586384906,0.36904634056142394,0.172,0.128,0.22,0.0,0.0,0.0,0.0,0.0,0.0,-0.27219610612633255,-0.28488526428163463,-0.2582897459409238,-4.88844649982037,-6.224901471500633,-3.9292159431334093,-3.062270383854674,-3.567478081117982,-2.6651150021586507,0.788,0.736,0.836,0.286092240934706,0.26636041959707035,0.3058541441264455,-0.14522555989222408,-0.2297345826756712,-0.06713844010821034,0.0328532178401947,0.016577667853236198,0.04858478218317031,0.0,-0.028,0.024,-0.008905319931157498,-0.013962103038087162,-0.004193574521931988,False
mediation_aware_recourse,False,10.0,4.1970347680158095,2.0,250,1.13806777715683,1.0909614386498927,1.1910147682309151,0.017967594711727805,0.015143547712223976,0.021045111218817972,0.24482783802553923,0.24111350531260795,0.24821710281413087,0.891481875,0.8850879427083334,0.8983169322916665,0.027653747675940393,0.02367868090760894,0.03147780885109677,0.06132061007557039,0.04759725353459573,0.07319978523738309,-0.3705395235386545,-0.3764097286546657,-0.3647997417342394,0.371053397007375,0.36587562049550326,0.3765815552066244,0.188,0.14,0.24,0.0,0.0,0.0,0.0,0.0,0.0,-0.28165249789864494,-0.2935927704407383,-0.26926291216347775,-5.042658790935191,-6.419556323364081,-4.065577127424783,-3.168657021321997,-3.679643738128465,-2.761890830632103,0.788,0.736,0.836,0.29468832650052396,0.2737303725413521,0.31388025404064385,-0.29943785100704545,-0.41424963409525084,-0.2177554915695747,0.05561297976970673,0.036467175832390786,0.07544115678071975,0.016,-0.02,0.04809999999999991,-0.01836171170346981,-0.024053944001385812,-0.01321803829486906,True
mediation_aware_recourse,False,10.0,5.0,2.0,250,1.150623066663742,1.1001375068098307,1.2013334361493586,0.01704958041085746,0.014157478214909897,0.02008091403291678,0.24404815546478817,0.24025850182585287,0.24747665454984089,0.891615,0.8851793229166666,0.8984243385416666,0.027653747675940393,0.02367868090760894,0.03147780885109677,0.06132061007557039,0.04759725353459573,0.07319978523738309,-0.37368476042411247,-0.3796232214175692,-0.36815099592567935,0.37416217412732633,0.3690969905945884,0.3798995926914297,0.212,0.164,0.268,0.0,0.0,0.0,0.0,0.0,0.0,-0.28479773478410286,-0.2965507676213533,-0.27285860343662854,-5.09395046728319,-6.483112937665761,-4.099871237789277,-3.204041678000646,-3.7264099673349147,-2.797164170993445,0.788,0.736,0.836,0.29709819976049173,0.2756663302150871,0.31664459384426863,-0.35072952735504437,-0.46895678414401265,-0.2660445136917995,0.06816826927661895,0.050178520599007605,0.08859765794873238,0.04,0.004,0.072,-0.021506948588927814,-0.027684056113744977,-0.01612899313484729,False
transport_anchor_only,False,30.0,0.0,2.0,250,1.2754629344940185,1.232822671288252,1.3147525073617699,0.009628359587034901,0.007319318492537667,0.01244421409332288,0.24603916361012587,0.24244856498378833,0.2494775627885471,0.8881637499999999,0.8808630260416666,0.8958994687499999,0.027653747675940393,0.02367868090760894,0.03147780885109677,0.06132061007557039,0.04759725353459573,0.07319978523738309,-0.3785295882116057,-0.3850281905835469,-0.3718841148349596,0.3810593584779638,0.3754749053006791,0.38652472186557935,0.404,0.344,0.468,0.0,0.0,0.0,0.0,0.0,0.0,-0.2896425625715961,-0.30236823545798,-0.27615810396905516,-5.172958614487247,-6.608087903156212,-4.153599491990911,-3.2585471331287614,-3.7803098207754817,-2.8403728541488533,0.788,0.736,0.836,0.30049182825504217,0.27935375616933833,0.3205635741755956,-0.03242539959917412,-0.08859398175377911,0.018048673148180126,0.0023921828269958495,-0.00676011717915535,0.01174750089049339,-0.04,-0.076,-0.007900000000000091,-0.00198834528536547,-0.005123813055088578,0.0011726635934331696,False
mediation_aware_recourse,False,30.0,0.5,2.0,250,1.2754629344940185,1.232822671288252,1.3147525073617699,0.009628073340123028,0.00731931133636487,0.01244421409332288,0.24530109415645482,0.24152602381181904,0.2489594510994965,0.8882710416666666,0.8810390729166667,0.8959360833333334,0.027653747675940393,0.02367868090760894,0.03147780885109677,0.06132061007557039,0.04759725353459573,0.07319978523738309,-0.38019965663072464,-0.38663917830264777,-0.37333467267314,0.38267873305157835,0.3770000897501513,0.38811201078541907,0.408,0.348,0.472,0.0,0.0,0.0,0.0,0.0,0.0,-0.29131263099071497,-0.3037354781929667,-0.27769871707018146,-5.200193640640131,-6.628495447633682,-4.176200370853726,-3.2773357966833583,-3.807675084529777,-2.858559339441615,0.788,0.736,0.836,0.30153151570513387,0.2805487713993527,0.32154448872010066,-0.059660425752057655,-0.11672989069349479,-0.009296057504396306,0.0023921828269958495,-0.00676011717915535,0.01174750089049339,-0.036,-0.072,-0.004,-0.003658413704484361,-0.006831217513820898,-0.0005849808223619244,False
mediation_aware_recourse,False,30.0,1.0,2.0,250,1.2739746257066726,1.2310717211663724,1.31408452078104,0.009650489150387145,0.007346967082292458,0.012483465684843358,0.24469356120830113,0.24088999187823437,0.24836197757146486,0.8888670833333333,0.8816401302083333,0.8965086197916665,0.027653747675940393,0.02367868090760894,0.03147780885109677,0.06132061007557039,0.04759725353459573,0.07319978523738309,-0.3817070676216915,-0.3881897115106194,-0.3751394624528776,0.38395736570557165,0.37821333512097727,0.3894538332379803,0.404,0.344,0.468,0.0,0.0,0.0,0.0,0.0,0.0,-0.2928200419816818,-0.30502264361382286,-0.27952878323446384,-5.224776093246345,-6.6493291790043365,-4.201942773149232,-3.2942945258129823,-3.823447748827083,-2.8733392412753442,0.788,0.736,0.836,0.3029255155714476,0.28164426763939515,0.3226342048343944,-0.08424287835827204,-0.14102783793359164,-0.03551134035858264,0.0009038740396499634,-0.007624479791522026,0.010267906156182286,-0.04,-0.072,-0.011900000000000091,-0.005165824695451188,-0.008476595130208223,-0.0020951547016198513,False
mediation_aware_recourse,False,30.0,2.0,2.0,250,1.282064989209175,1.2384705168008805,1.3219318706780672,0.009408788307560747,0.007103026620493533,0.012277964646283335,0.242710670057435,0.2388348827272383,0.24644375903502533,0.8899845833333334,0.8829445052083333,0.8975038385416666,0.027653747675940393,0.02367868090760894,0.03147780885109677,0.06132061007557039,0.04759725353459573,0.07319978523738309,-0.3869033547788041,-0.3929055293680242,-0.3807817663454828,0.3884341318233293,0.38287136751329154,0.39392894817712687,0.428,0.368,0.4920999999999999,0.0,0.0,0.0,0.0,0.0,0.0,-0.2980163291387944,-0.30898107287530674,-0.28538604010985663,-5.309515745228098,-6.749663105604407,-4.273946502660894,-3.3527539817313006,-3.880515989077095,-2.9297559460092946,0.788,0.736,0.836,0.30812180272856016,0.28749267644737525,0.3281305854190356,-0.16898253034002497,-0.24547937266239092,-0.09923769178641557,0.008994237542152405,-0.0019909087061882012,0.020386154326796534,-0.016,-0.052,0.016,-0.010362111852563784,-0.014735950838924927,-0.006206648587938082,False
mediation_aware_recourse,False,30.0,4.1970347680158095,2.0,250,1.2835021690130233,1.240141850450635,1.3228250439614058,0.009397249243270215,0.007098393085376557,0.012231972330880315,0.24009307785779666,0.2360811071726804,0.2441387170592529,0.8937825,0.8874918958333333,0.900878078125,0.027653747675940393,0.02367868090760894,0.03147780885109677,0.06132061007557039,0.04759725353459573,0.07319978523738309,-0.3933827511441168,-0.39933289088500756,-0.38715849802263896,0.3945006469361482,0.3888092942815976,0.3999279094699286,0.436,0.3759,0.5,0.0,0.0,0.0,0.0,0.0,0.0,-0.3044957255041071,-0.3151720157338076,-0.2928371914894178,-5.415179996730613,-6.854600356202438,-4.371679183351839,-3.4256487188277367,-3.9460211982017435,-3.0015469256761715,0.788,0.736,0.836,0.31396939211042013,0.2921649073070321,0.33478217808775784,-0.27464678184253977,-0.3755408041845279,-0.18999814892449324,0.010431417346000671,-0.0009005076467990872,0.021960916548967358,-0.008,-0.04,0.02,-0.016841508217876524,-0.022723934667833436,-0.011774749552150854,True
mediation_aware_recourse,False,30.0,5.0,2.0,250,1.2835021690130233,1.240141850450635,1.3228250439614058,0.009397249243270215,0.007098393085376557,0.012231972330880315,0.2398674063270243,0.23571167713653035,0.24397095896404553,0.894271875,0.8880849895833333,0.901009296875,0.027653747675940393,0.02367868090760894,0.03147780885109677,0.06132061007557039,0.04759725353459573,0.07319978523738309,-0.3938426988052269,-0.3999191982765967,-0.38769035312354067,0.39495029509739116,0.38919009047929914,0.40041224618609594,0.436,0.3759,0.5,0.0,0.0,0.0,0.0,0.0,0.0,-0.3049556731652172,-0.31536572066485685,-0.2934543330351134,-5.422680699358053,-6.863575371384612,-4.384141098329821,-3.430823238481177,-3.957307628970332,-3.006214842392486,0.788,0.736,0.836,0.31442933977153026,0.2927558645876696,0.3352430606215892,-0.28214748446997984,-0.3811050831077218,-0.19416674764055544,0.010431417346000671,-0.0009005076467990872,0.021960916548967358,-0.008,-0.04,0.02,-0.01730145587898661,-0.023229596697788686,-0.01210086911263477,False
transport_anchor_only,False,0.0,0.0,5.0,250,0.19057339560985564,0.15981419825851917,0.21954946016073226,0.604570647389289,0.5751316987895263,0.6327135866859582,0.12112758967705119,0.11109315612391978,0.13155612025766017,0.7323647916666667,0.7255165937500001,0.738450375,0.027653747675940393,0.02367868090760894,0.03147780885109677,0.06132061007557039,0.04759725353459573,0.07319978523738309,0.041722491774372865,0.03062417233565453,0.05160126559515429,0.09624938225732572,0.08815898429218928,0.10441589268941906,0.008,0.0,0.02,0.0,0.0,0.0,0.0,0.0,0.0,0.018364801145026352,0.012626388810740453,0.024729624752670522,0.3196008369297886,0.2048206459201608,0.44318545664508135,0.20660834371265124,0.14339392531616263,0.26765397751659425,0.096,0.06,0.136,0.004374510925387453,0.0021487229743464785,0.007052600495061448,0.3196008369297886,0.21723378041601588,0.43944257640416906,0.19057339560985564,0.15981419825851917,0.21954946016073226,0.0,0.0,0.0,0.018364801145026352,0.01197106434046142,0.024026282465784754,False
mediation_aware_recourse,False,0.0,0.5,5.0,250,0.18778235852718353,0.15941799651384353,0.21777295847833156,0.6181943775688158,0.5907424030550231,0.6447636802253398,0.11658114037333399,0.1071704189573659,0.12634997599821288,0.7331575,0.7259004479166666,0.7395005520833333,0.027653747675940393,0.02367868090760894,0.03147780885109677,0.06132061007557039,0.04759725353459573,0.07319978523738309,0.04703563066579595,0.035331944994167384,0.057660811475667345,0.09880699460952273,0.09080584907963443,0.10759891244747083,0.012,0.0,0.028,0.0,0.0,0.0,0.0,0.0,0.0,0.01345821598448157,0.008130225447743281,0.01929707200701559,0.23295559832444412,0.12849451464521122,0.34635106794813286,0.15140810357393464,0.08757563713408173,0.20852730074280487,0.08,0.048,0.116,0.0034013036684962766,0.0016172490395760042,0.005717401150536847,0.23295559832444412,0.1357980973634162,0.3470386383922548,0.18778235852718353,0.15941799651384353,0.21777295847833156,0.004,0.0,0.012,0.01345821598448157,0.0075956285104923195,0.018788231202311295,False
mediation_aware_recourse,False,0.0,1.0,5.0,250,0.18947926712036134,0.16029631859660148,0.21962177625894547,0.6281460841925548,0.6015073382495358,0.655209495943464,0.11325224994974464,0.10414176517197274,0.122873734906995,0.7333089583333333,0.72603059375,0.7397432083333333,0.027653747675940393,0.02367868090760894,0.03147780885109677,0.06132061007557039,0.04759725353459573,0.07319978523738309,0.05126137289428233,0.039375722845680604,0.061905413519351485,0.09888457786064017,0.09069227728692027,0.10770568093101716,0.012,0.0,0.028,0.0,0.0,0.0,0.0,0.0,0.0,0.012066355126498826,0.007081460761658237,0.01756672333652677,0.16404333174264318,0.06712177353097243,0.25337684425682977,0.13574934068968925,0.07408527170853005,0.1905545715830997,0.072,0.04,0.108,0.002423979726450214,0.0010552456911914123,0.004264249148055765,0.16404333174264318,0.07091806775599324,0.2604285305806786,0.18947926712036134,0.16029631859660148,0.21962177625894547,0.004,0.0,0.012,0.012066355126498826,0.006430698330514104,0.017097442916734876,False
mediation_aware_recourse,False,0.0,2.0,5.0,250,0.17800426006317138,0.1506428166568279,0.20853944194316865,0.6523434327030865,0.6265388642343643,0.6776781411077624,0.10468142160341426,0.09566291509515111,0.11353881204429567,0.7382285416666666,0.7307094635416668,0.7448279895833333,0.027653747675940393,0.02367868090760894,0.03147780885109677,0.06132061007557039,0.04759725353459573,0.07319978523738309,0.06015321848586574,0.04777610069798534,0.07056321749140021,0.10080461518317009,0.09237851233354341,0.10951593714347811,0.012,0.0,0.028,0.0,0.0,0.0,0.0,0.0,0.0,0.006532310929503524,0.0016843298264167842,0.01153549399552814,0.01903750775254809,-0.09579881777355258,0.11317636487339947,0.07349003842202151,0.01699715422477604,0.12516638979052586,0.072,0.0439,0.104,0.003061295659504698,0.0015041849132286793,0.005124670404797525,0.01903750775254809,-0.1055451387795629,0.12129250264734423,0.17800426006317138,0.1506428166568279,0.20853944194316865,0.004,0.0,0.012,0.006532310929503524,0.0012503403286751235,0.011311227686424714,False
mediation_aware_recourse,False,0.0,4.1970347680158095,5.0,250,0.17203717839717864,0.1455727425813675,0.20087545168399812,0.7079751253536319,0.6865535367335687,0.7282633924598915,0.0843722476586691,0.07659403536075253,0.09263608222261281,0.7519304166666666,0.7440874322916666,0.7593626822916667,0.027653747675940393,0.02367868090760894,0.03147780885109677,0.06132061007557039,0.04759725353459573,0.07319978523738309,0.08089323809750949,0.06974956553923131,0.09190087232765541,0.10603807525313243,0.09739990207689385,0.11502928929894064,0.0,0.0,0.0,0.0,0.0,0.0,0.0,0.0,0.0,-0.0029497188077146357,-0.008600408167134598,0.0021310075583363896,-0.31918514831829237,-0.5317768686661665,-0.16815232713669076,-0.03318503219649771,-0.09981076353891216,0.024078681343179382,0.084,0.052,0.12,0.006519613164543018,0.002949236223501413,0.010414230720703988,-0.31918514831829237,-0.5448351324241751,-0.1748974606785664,0.17203717839717864,0.1455727425813675,0.20087545168399812,-0.008,-0.02,0.0,-0.0029497188077146357,-0.008617535683549333,0.0023772917255386154,True
mediation_aware_recourse,False,0.0,5.0,5.0,250,0.17848176193237306,0.147612472692132,0.20732838217020036,0.7289975176651535,0.7106913529608556,0.746527300640916,0.07672084048850815,0.06953605067643633,0.08387352813096571,0.7576629166666666,0.7495108593750001,0.7659832343750002,0.027653747675940393,0.02367868090760894,0.03147780885109677,0.06132061007557039,0.04759725353459573,0.07319978523738309,0.08879592643973638,0.07793945947588124,0.09926905729352228,0.10817384708185726,0.09926384806033865,0.11776439259491835,0.0,0.0,0.0,0.0,0.0,0.0,0.0,0.0,0.0,-0.007276148504364119,-0.013212006005037987,-0.001731858255984024,-0.4480600621928894,-0.7060088728123167,-0.27522118859164385,-0.08185838655275002,-0.147841416345425,-0.015518271748925469,0.096,0.064,0.132,0.00873883736758587,0.00481006360536337,0.013181822302349176,-0.4480600621928894,-0.7096167314621638,-0.2715860494762107,0.17848176193237306,0.147612472692132,0.20732838217020036,-0.008,-0.02,0.0,-0.007276148504364119,-0.013244280351775023,-0.0015585119802221533,False
transport_anchor_only,False,1.0,0.0,5.0,250,0.21572083938121794,0.18562296647429466,0.24750320352613925,0.5311704030876031,0.4979784383433063,0.5623017522053647,0.14392528506447105,0.1336704829217574,0.15450081654203313,0.7359597916666667,0.7288354375,0.7428416666666665,0.027653747675940393,0.02367868090760894,0.03147780885109677,0.06132061007557039,0.04759725353459573,0.07319978523738309,0.007463930636461756,-0.003845566574982143,0.01883124127788939,0.09701226427817985,0.0889059464207469,0.1042922842015794,0.012,0.0,0.028,0.0,0.0,0.0,0.0,0.0,0.0,0.02146025453018352,0.013780055532853582,0.029346712885091424,0.8782802286659681,0.7123827193405101,0.9926735153475238,0.24143292427285223,0.16287223804763623,0.31618059882191063,0.196,0.144,0.2440999999999999,0.01396625738222731,0.009426651750219894,0.01931842161409133,0.8632523566268417,0.4733992283340446,1.2720797736049507,0.035246825098991394,-0.004822079932689667,0.07504389571249484,0.004,0.0,0.012,0.05373043016429592,0.04106167916897777,0.06571091088412269,False
mediation_aware_recourse,False,1.0,0.5,5.0,250,0.2051824904680252,0.1745714230567217,0.23500519740581513,0.5488638673984676,0.5138968692343454,0.5812198216982831,0.13784258538203145,0.12723885476366034,0.14866766632898237,0.7347304166666666,0.7276073802083333,0.7414169895833334,0.027653747675940393,0.02367868090760894,0.03147780885109677,0.06132061007557039,0.04759725353459573,0.07319978523738309,0.014391028766710725,0.0032433420995626816,0.026235260785567243,0.09927018356412627,0.09104209337309223,0.10719998756492374,0.016,0.004,0.036,0.0,0.0,0.0,0.0,0.0,0.0,0.01824396662167372,0.01088756722420692,0.02540688492090747,0.7653149773139001,0.6071454357384131,0.9486062239471921,0.20524892682944929,0.13040129677214113,0.2777918592115173,0.176,0.128,0.224,0.012155974082703464,0.00782373176539826,0.017208191289575774,0.7502871052747737,0.382601960544663,1.2129297388889764,0.024708476185798644,-0.014158230152726173,0.06539458355903625,0.008,0.0,0.02,0.05051414225578611,0.03782781933109874,0.061851854963760264,False
mediation_aware_recourse,False,1.0,1.0,5.0,250,0.1975093275308609,0.16839075590968133,0.22664784810245037,0.5654600778361757,0.5322662170283605,0.5978454184714177,0.13221004794767016,0.1215350364571746,0.1428416495585653,0.7336702083333333,0.7269941614583334,0.7402927291666667,0.027653747675940393,0.02367868090760894,0.03147780885109677,0.06132061007557039,0.04759725353459573,0.07319978523738309,0.021142245360190878,0.009365569792005451,0.0326203360805356,0.09885784899162456,0.09065177584557221,0.10735934505141807,0.016,0.004,0.036,0.0,0.0,0.0,0.0,0.0,0.0,0.017170660848947677,0.009953253197446213,0.024164254896892428,0.655217954711547,0.5127083742415037,0.8381256070941825,0.1931739837767601,0.12005679156471707,0.2653290809488862,0.14,0.096,0.1840999999999999,0.010072261929536136,0.005950087953955272,0.015074663837817418,0.6401900826724206,0.2839557429721345,1.0870804998424781,0.01703531324863434,-0.023160607013106346,0.05781402109861373,0.008,0.0,0.02,0.049440836483060066,0.037050663524797176,0.0609091401627836,False
mediation_aware_recourse,False,1.0,2.0,5.0,250,0.19221917474269867,0.16256894606351854,0.2222922914624214,0.5815388978817411,0.5490224591890128,0.6122445129162384,0.12722917856407318,0.11663792213348737,0.13803604204884418,0.7330162499999999,0.7263335833333333,0.7394307916666666,0.027653747675940393,0.02367868090760894,0.03147780885109677,0.06132061007557039,0.04759725353459573,0.07319978523738309,0.028826008170738004,0.01655403212833201,0.040152622320724606,0.0978376656607901,0.08982737267861626,0.10640953556598012,0.016,0.004,0.036,0.0,0.0,0.0,0.0,0.0,0.0,0.0166084984998637,0.009959945218461242,0.023661771840774514,0.529913219467103,0.39768162824954556,0.6886252590528544,0.18684952477910244,0.11724864353242584,0.259274772644615,0.112,0.072,0.152,0.007677980951479208,0.004033590820718418,0.012163663649167534,0.5148853474279766,0.16206886180264085,0.9643362599630328,0.011745160460472108,-0.026523751330375673,0.05304936768412589,0.008,0.0,0.02,0.04887867413397609,0.03704338909740152,0.060234771104950846,False
mediation_aware_recourse,False,1.0,4.1970347680158095,5.0,250,0.19483889496326445,0.16599876795709131,0.22414026128351686,0.6257692519627737,0.5961469827095474,0.6541596192608744,0.11173103559854503,0.10212789739481837,0.12136711611500499,0.7334895833333333,0.726758828125,0.7398031197916667,0.027653747675940393,0.02367868090760894,0.03147780885109677,0.06132061007557039,0.04759725353459573,0.07319978523738309,0.04544500920776453,0.033855990974144726,0.056925831809771885,0.1002548921228574,0.09154330066957894,0.10878551623932821,0.012,0.0,0.028,0.0,0.0,0.0,0.0,0.0,0.0,0.009438151376376708,0.003892689659886248,0.015395178630897392,0.25889502482511284,0.1306025960614445,0.39311872220464783,0.10618142871155356,0.038286601653120846,0.16469227285567678,0.1,0.064,0.136,0.006067049721611166,0.00296791123762707,0.01002217644529422,0.24386715278598647,-0.08912953008235168,0.6330421837537871,0.014364880681037903,-0.024986992648243906,0.05468756314218044,0.004,0.0,0.012,0.0417083270104891,0.030089482674568582,0.05277641959213938,True
mediation_aware_recourse,False,1.0,5.0,5.0,250,0.17257965624332428,0.14589989807009698,0.20344894548356532,0.653698125211608,0.626195328332273,0.6793203363240085,0.10230232009863592,0.09297208742128957,0.11160259711295258,0.7410720833333332,0.7338581979166666,0.7482191666666668,0.027653747675940393,0.02367868090760894,0.03147780885109677,0.06132061007557039,0.04759725353459573,0.07319978523738309,0.056908545523616204,0.04413699656580755,0.06862913701640783,0.10226275570029922,0.09335323782904002,0.11118025583618368,0.012,0.0,0.028,0.0,0.0,0.0,0.0,0.0,0.0,0.004758635284351144,-0.00048590796001475643,0.010100028560241517,0.07195076087007024,-0.0588684216106402,0.20243126940416553,0.05353576914164615,-0.005720246226566567,0.10954998697424834,0.084,0.052,0.12,0.00502964975791041,0.002299813736630432,0.0088589407975784,0.056922888830943874,-0.26128002051569243,0.4309627561273322,-0.007894358038902283,-0.04592046271562576,0.035431133815646144,0.004,0.0,0.012,0.03702881091846354,0.025318388926884258,0.047502565777662965,False
transport_anchor_only,False,3.0,0.0,5.0,250,0.48334441041946413,0.4361382892102003,0.5308941569924355,0.2755750022261179,0.2429520241515826,0.3053588990628719,0.21143514845391262,0.20127763935028972,0.22008615997597927,0.788410625,0.7790396145833333,0.7976481875,0.027653747675940393,0.02367868090760894,0.03147780885109677,0.06132061007557039,0.04759725353459573,0.07319978523738309,-0.14050915396329505,-0.1566208018202498,-0.12468410401286555,0.1733957342450781,0.16076327519120154,0.1858845794051474,0.02,0.004,0.04,0.0,0.0,0.0,0.0,0.0,0.0,-0.06080161156914332,-0.07482547682149131,-0.04824117173616793,-1.291385454093398,-1.8341283665464643,-0.8991383419445623,-0.684032468533579,-0.8972965673960719,-0.5061902663219816,0.604,0.544,0.664,0.1250313486351963,0.10851547025219857,0.14192534652203215,2.0773603443421265,1.6480191322673485,2.6859557803795124,-0.2312559335231781,-0.2852873182654381,-0.17645318697690965,0.004,-0.008,0.02,0.11901938590101475,0.10259043917581027,0.13493346320226549,False
mediation_aware_recourse,False,3.0,0.5,5.0,250,0.4488360660076141,0.40462848821878433,0.49569867243766785,0.29862233454554055,0.2652333957886104,0.3290148108686123,0.20401247838134418,0.19385420395963138,0.21342867720145967,0.7818987500000001,0.7726447708333335,0.7913268645833333,0.027653747675940393,0.02367868090760894,0.03147780885109677,0.06132061007557039,0.04759725353459573,0.07319978523738309,-0.12997467062779186,-0.14490465585229234,-0.11429788981225367,0.16540183805994577,0.15206778812984528,0.17850750272639015,0.02,0.004,0.04,0.0,0.0,0.0,0.0,0.0,0.0,-0.051558681330263,-0.06533004948903395,-0.039267701595420375,-1.1195919360165116,-1.6486423704526487,-0.749697709664997,-0.580047323656373,-0.7756527257747124,-0.41596174695486976,0.58,0.524,0.6400999999999999,0.11637091471213654,0.1000196562885866,0.13321571197069068,2.249153862419013,1.7751671710225423,2.9325335900295912,-0.2657642779350281,-0.3212150575876236,-0.2084481514364481,0.004,-0.008,0.02,0.12826231613989508,0.11172477351818344,0.14497418401977816,False
mediation_aware_recourse,False,3.0,1.0,5.0,250,0.4121624835729599,0.3694135748267174,0.45531301864385604,0.3197233747899635,0.28504810674773806,0.3534534982603307,0.19632212276734862,0.18564850319882237,0.20643768813145744,0.7778156249999999,0.7687807812499999,0.7873709583333334,0.027653747675940393,0.02367868090760894,0.03147780885109677,0.06132061007557039,0.04759725353459573,0.07319978523738309,-0.12314569985946079,-0.13877871326303315,-0.10678518701194628,0.1597616319359676,0.1460803979276959,0.17317782235555498,0.02,0.004,0.04,0.0,0.0,0.0,0.0,0.0,0.0,-0.045453677018851384,-0.058627101145789756,-0.03336172818631889,-1.008226919264148,-1.5047768173335472,-0.6682138067442861,-0.5113645854563489,-0.68830398263121,-0.35115137504496413,0.568,0.508,0.628,0.11084386796703652,0.09440262495547586,0.12748498979161058,2.3605188791713765,1.8685780481680023,3.0886783255373578,-0.3024378603696823,-0.3618386517584324,-0.24516966941654683,0.004,-0.008,0.02,0.13436732045130667,0.11731902807734874,0.15113943386929712,False
mediation_aware_recourse,False,3.0,2.0,5.0,250,0.3722295359373093,0.33295827420651913,0.4114344245225191,0.34754986353997686,0.3107374006435059,0.38361932461058906,0.18661384354412286,0.17553765328963633,0.19701043380089694,0.7719375,0.76322928125,0.780779859375,0.027653747675940393,0.02367868090760894,0.03147780885109677,0.06132061007557039,0.04759725353459573,0.07319978523738309,-0.1128889784840951,-0.12911363090029268,-0.0962272146612139,0.15352056901067804,0.13980543401359208,0.16786489940243268,0.028,0.008,0.052,0.0,0.0,0.0,0.0,0.0,0.0,-0.0394008632529749,-0.05237447413417471,-0.02715008167793817,-0.8409630684523981,-1.2996990875363914,-0.5222129595531639,-0.4432690032012936,-0.6012059315429903,-0.2983081384242996,0.536,0.476,0.6,0.10264401791021897,0.08529677013309485,0.11949458674525454,2.5277827299831266,1.977678417396098,3.294722914834792,-0.3423708080053329,-0.40096921770870686,-0.28063967184126376,0.012,-0.004,0.032,0.14042013421718316,0.12265932323090391,0.15745742051658776,False
mediation_aware_recourse,False,3.0,4.1970347680158095,5.0,250,0.30171536779403685,0.2654442526757717,0.3386732872337103,0.4218736796575283,0.3820243957189224,0.4603642494027339,0.16203720513400327,0.15116451702243547,0.1728096750600702,0.756911875,0.7480513072916667,0.7656035208333334,0.027653747675940393,0.02367868090760894,0.03147780885109677,0.06132061007557039,0.04759725353459573,0.07319978523738309,-0.0816886032262183,-0.0999470081600682,-0.06428428184293924,0.1393259993876315,0.1257432073969138,0.15383370372363092,0.028,0.012,0.052,0.0,0.0,0.0,0.0,0.0,0.0,-0.025843203415140018,-0.03725234618553119,-0.014651934921267649,-0.33215574870417597,-0.7083202704907297,-0.029472916524600233,-0.290742132826048,-0.42017218008310164,-0.16667920388230975,0.384,0.328,0.444,0.08084379061571344,0.06407869619895946,0.09756884679693366,3.0365900497313483,2.4241483627050537,3.8988457322009094,-0.41288497614860536,-0.4683943925499916,-0.3556324293911457,0.012,0.0,0.024,0.15397779405501807,0.1368021914447885,0.17020804834389738,True
mediation_aware_recourse,False,3.0,5.0,5.0,250,0.2922711477279663,0.25300108805000787,0.3297898083090782,0.4408450887402377,0.40004725414273484,0.4786341244343296,0.15432656879183482,0.143464695496811,0.16512785854940648,0.7544452083333333,0.7453441145833333,0.7628668958333333,0.027653747675940393,0.02367868090760894,0.03147780885109677,0.06132061007557039,0.04759725353459573,0.07319978523738309,-0.07689220236941403,-0.09600801113518737,-0.058799322568293864,0.1400042482052677,0.12642721642227508,0.15519080614627095,0.028,0.008,0.052,0.0,0.0,0.0,0.0,0.0,0.0,-0.028402006789659567,-0.03948079328450263,-0.018097012108931127,-0.2539373348479981,-0.622346473024483,0.0554029570709295,-0.31952927421249355,-0.4511620203622837,-0.20232039304576319,0.344,0.284,0.404,0.07815329268570206,0.061777823929546845,0.0958922813349735,3.1148084635875266,2.4764013393269364,4.011106796736869,-0.4223291962146759,-0.4809850601941347,-0.3627700092583895,0.012,0.0,0.028,0.15141899068049852,0.13331291974420945,0.16888310434852843,False
transport_anchor_only,False,10.0,0.0,5.0,250,1.134535426735878,1.0835760313361882,1.1849256724506618,0.021304669888609302,0.018127434960021324,0.02471652505157866,0.25257622581251227,0.2498942442051029,0.25525485219809857,0.8796483333333334,0.8715332552083332,0.8875961562500001,0.027653747675940393,0.02367868090760894,0.03147780885109677,0.06132061007557039,0.04759725353459573,0.07319978523738309,-0.3475233919113042,-0.3546989589255986,-0.3399176196062307,0.3515461275561888,0.3450098940828894,0.3587221192731114,0.172,0.128,0.224,0.0,0.0,0.0,0.0,0.0,0.0,-0.25863636627129455,-0.2722774983853834,-0.24281416320404778,-4.667317912901108,-6.026634494572294,-3.6891774031761395,-2.9097201127953793,-3.412598159767651,-2.5209274819478984,0.788,0.736,0.836,0.2744076328797662,0.25491636006913965,0.29384550134566595,0.07590302702703777,-0.018921756808110344,0.17767891867714894,0.05208062934875488,0.02567498623728752,0.07724374277889728,0.0,-0.04,0.036,0.00465441992388051,-0.001119206722558708,0.010253113277026773,False
mediation_aware_recourse,False,10.0,0.5,5.0,250,1.1430199700593948,1.0914512145102024,1.1941987004190684,0.020331338762550288,0.01717668416167946,0.023673945376563085,0.25152883342051735,0.24866117281970057,0.2543202612074207,0.8799364583333333,0.8720930833333334,0.8880322291666667,0.027653747675940393,0.02367868090760894,0.03147780885109677,0.06132061007557039,0.04759725353459573,0.07319978523738309,-0.35140510853246054,-0.35855500517167777,-0.34422840493031515,0.35536120698175216,0.34910009513502793,0.3623196748020909,0.176,0.132,0.2240999999999999,0.0,0.0,0.0,0.0,0.0,0.0,-0.26251808289245093,-0.2761669076865417,-0.2472166477673979,-4.730619902499264,-6.092363291746363,-3.736554065043721,-2.9533903401790385,-3.4658745645711484,-2.56669488509352,0.788,0.736,0.836,0.27796444077895366,0.25786179038343043,0.29765674309858225,0.0126010374288823,-0.08220677706273512,0.1116941546625524,0.06056517267227173,0.0340996873319149,0.08492744015157222,0.004,-0.036,0.04,0.0007727033027241444,-0.005189627636088487,0.006592632441936385,False
mediation_aware_recourse,False,10.0,1.0,5.0,250,1.1434371701478958,1.0942951281934976,1.1951950051367284,0.020128424336078032,0.01691700090875917,0.0235206676420969,0.2505201901251415,0.24754681327205658,0.2535118343647816,0.88044125,0.8725073125,0.8882769895833333,0.027653747675940393,0.02367868090760894,0.03147780885109677,0.06132061007557039,0.04759725353459573,0.07319978523738309,-0.3543085647257384,-0.3613495244030632,-0.34715753112674197,0.3577257803157895,0.35153244075987083,0.3644121915814821,0.184,0.136,0.232,0.0,0.0,0.0,0.0,0.0,0.0,-0.2654215390857287,-0.2789822030306,-0.25060659999505697,-4.777968684412876,-6.125649454795989,-3.8056506498518514,-2.9860549070533624,-3.49345617984334,-2.5941388768045774,0.788,0.736,0.836,0.28086789697223147,0.26052627740187945,0.3004278423552216,-0.03474774448473017,-0.13383830084006235,0.06572890175711857,0.0609823727607727,0.0343809294372797,0.08600068618357182,0.012,-0.032,0.048,-0.0021307528905536626,-0.008370524499982107,0.0039043315485681692,False
mediation_aware_recourse,False,10.0,2.0,5.0,250,1.1461540585756302,1.0952606076180935,1.1979561394751073,0.01996002003565454,0.016621502385932144,0.02321750357534752,0.24987261090430674,0.2467029813017845,0.25300022862586863,0.8804443750000001,0.8725692760416668,0.8881760520833334,0.027653747675940393,0.02367868090760894,0.03147780885109677,0.06132061007557039,0.04759725353459573,0.07319978523738309,-0.35607850166937755,-0.36332488110617306,-0.3488301385776853,0.3594526842723139,0.35347015502609797,0.3660418989850134,0.192,0.144,0.24,0.0,0.0,0.0,0.0,0.0,0.0,-0.2671914760293679,-0.28021833036388955,-0.2525405364816436,-4.806832339576416,-6.160818579247329,-3.8413656068350823,-3.005967115060044,-3.5130067041011412,-2.6104863343765503,0.788,0.736,0.836,0.2826378339158707,0.26184200804893026,0.3018867490917272,-0.0636113996482699,-0.16490589333983333,0.037904446815438954,0.06369926118850708,0.037787071111798284,0.08904958032369613,0.02,-0.024,0.05609999999999991,-0.0039006898341928642,-0.01040941202690081,0.002082778937922698,False
mediation_aware_recourse,False,10.0,4.1970347680158095,5.0,250,1.1567107535600663,1.1095974460810423,1.2046349826782943,0.018351007288627028,0.015289747662333614,0.021810076407776935,0.24626017308467965,0.2426408938132959,0.24961708830173643,0.8835914583333333,0.8764275,0.8913511510416666,0.027653747675940393,0.02367868090760894,0.03147780885109677,0.06132061007557039,0.04759725353459573,0.07319978523738309,-0.36691838010572875,-0.373571857787676,-0.35992257170511605,0.36882631663424176,0.363094328306134,0.3751391417855036,0.208,0.16,0.26,0.0,0.0,0.0,0.0,0.0,0.0,-0.27803135446571914,-0.29070777051933855,-0.2642092096520224,-4.983606158737581,-6.347895596070995,-4.004100417245448,-3.127918303754922,-3.637410809695569,-2.7345060675266635,0.788,0.736,0.836,0.29230539994672805,0.2714427901141508,0.3123630210949302,-0.2403852188094353,-0.35294765002129835,-0.13713848401809206,0.07425595617294312,0.05178162276148796,0.10073269840478896,0.036,-0.004,0.076,-0.014740568270544074,-0.02190836192327046,-0.007985899254073692,True
mediation_aware_recourse,False,10.0,5.0,5.0,250,1.1596362417936326,1.1120586512595416,1.2080322202056646,0.018267547220302837,0.015229063664329395,0.02169267338412324,0.2456001055887122,0.24192453181943568,0.24908087144978303,0.8837766666666667,0.8764541927083334,0.8914393906250001,0.027653747675940393,0.02367868090760894,0.03147780885109677,0.06132061007557039,0.04759725353459573,0.07319978523738309,-0.36870720539312263,-0.37531864323281056,-0.36202564779919155,0.3704641402049431,0.3647801872403484,0.37662727069863455,0.204,0.156,0.256,0.0,0.0,0.0,0.0,0.0,0.0,-0.2798201797531131,-0.29223053487049716,-0.2657026285463913,-5.012777839925837,-6.3793141872371075,-4.034889308791079,-3.1480430100831382,-3.6597658148212995,-2.751835303424026,0.788,0.736,0.836,0.2929550688365831,0.27176412084424334,0.3131147462209583,-0.26955689999769117,-0.389123656454669,-0.1652777078883528,0.0771814444065094,0.05389700940549374,0.103358829331398,0.032,-0.008099999999999994,0.072,-0.01652939355793798,-0.023081144500221865,-0.009732786957492934,False
transport_anchor_only,False,30.0,0.0,5.0,250,1.2966280446052552,1.255401514917612,1.3362455222904681,0.009785938963888003,0.007495639785187615,0.012708587301306914,0.2480110910772759,0.24473692636868097,0.2511010549959181,0.88117875,0.8731099218750001,0.8900913333333335,0.027653747675940393,0.02367868090760894,0.03147780885109677,0.06132061007557039,0.04759725353459573,0.07319978523738309,-0.3732891347789949,-0.3798576344671694,-0.3661146451048107,0.37651952748978024,0.37083884130860134,0.38227066597430037,0.412,0.352,0.4720999999999999,0.0,0.0,0.0,0.0,0.0,0.0,-0.2844021091389853,-0.296821640644508,-0.27067737119724516,-5.087498710775386,-6.523254174733184,-4.073563821073021,-3.199590796195692,-3.7229291806852047,-2.7859691632295513,0.788,0.736,0.836,0.29533162369139265,0.27462224671674457,0.316033973354098,0.05303450411268695,-0.015365939184548094,0.11746104143369808,0.023557292938232423,0.007221921527385712,0.03977134376764297,-0.032,-0.076,0.012,0.0032521081472453865,-0.0008647151658362856,0.007403183779396706,False
mediation_aware_recourse,False,30.0,0.5,5.0,250,1.2969710953235627,1.256200531667471,1.3363730209112168,0.009761138084006435,0.007486850172940848,0.012654328251088216,0.24758575855432405,0.2442755475360094,0.25079639009277704,0.8812906250000001,0.8732379687499999,0.8900944479166667,0.027653747675940393,0.02367868090760894,0.03147780885109677,0.06132061007557039,0.04759725353459573,0.07319978523738309,-0.37451754538904136,-0.3810763675552824,-0.3675253478328089,0.37770966532543526,0.37203600928659675,0.3834537162246012,0.412,0.356,0.476,0.0,0.0,0.0,0.0,0.0,0.0,-0.2856305197490317,-0.29807589801708684,-0.2721209046837899,-5.107531300283752,-6.544689921051273,-4.089433952706569,-3.213410705245428,-3.736948629408258,-2.795388373520783,0.788,0.736,0.836,0.296560034301439,0.2755779448522149,0.3169391138193014,0.03300191460432078,-0.036041529951854834,0.0993049166196493,0.023900343656539917,0.007354497587680816,0.04030012211203575,-0.032,-0.08,0.012,0.0020236975371989664,-0.002200262053283522,0.006255200361579911,False
mediation_aware_recourse,False,30.0,1.0,5.0,250,1.296971095561981,1.2561879778265952,1.3362440342366695,0.009715382415227819,0.0074248053569524065,0.012581292507862225,0.247005926238262,0.2435112281339236,0.25032388581413206,0.8816514583333332,0.8736185364583332,0.8903492864583334,0.027653747675940393,0.02367868090760894,0.03147780885109677,0.06132061007557039,0.04759725353459573,0.07319978523738309,-0.3759937008895312,-0.3826884773504921,-0.3689985897756721,0.3791496088656197,0.37354871829613506,0.38493211451422155,0.416,0.36,0.48,0.0,0.0,0.0,0.0,0.0,0.0,-0.28710667524952155,-0.2995180973597917,-0.2733394191970503,-5.131604046766063,-6.561207362164765,-4.103278451970139,-3.230017802736441,-3.753790790258075,-2.812478317280024,0.788,0.736,0.836,0.29803618980192903,0.27749792786631605,0.31867308757302726,0.008929168122009834,-0.05847059857866832,0.07486277991239261,0.023900343894958497,0.007904065519571306,0.04086339029669762,-0.028,-0.072,0.012,0.000547542036709054,-0.0036123979931757966,0.004683325130629685,False
mediation_aware_recourse,False,30.0,2.0,5.0,250,1.2948058582544326,1.2534061127781868,1.33431946772933,0.009780428943423406,0.007469533465617652,0.012667290847892742,0.24586689310060977,0.2424329000117799,0.24936697046003886,0.8819735416666667,0.8741069427083333,0.89051009375,0.027653747675940393,0.02367868090760894,0.03147780885109677,0.06132061007557039,0.04759725353459573,0.07319978523738309,-0.3787233226072385,-0.38526179114708353,-0.37186704881462185,0.3815177723620732,0.3752991974357864,0.38732574835613515,0.412,0.352,0.476,0.0,0.0,0.0,0.0,0.0,0.0,-0.2898362969672289,-0.30231535416756466,-0.2761258811074489,-5.176117982852859,-6.600180933350418,-4.14913860420574,-3.2607266907665364,-3.7917199846766683,-2.8489794636939116,0.788,0.736,0.836,0.30004617002092104,0.2794660454219491,0.32028231967666115,-0.035584767964786046,-0.10818294620177908,0.032185724155318396,0.021735106587409972,0.005795171964168549,0.03820091217756271,-0.032,-0.076,0.008,-0.00218207968099827,-0.006424954649322312,0.002060674546007279,False
mediation_aware_recourse,False,30.0,4.1970347680158095,5.0,250,1.295983308672905,1.2545758394867181,1.3373167783856392,0.009554747936986093,0.007255679187482631,0.012461884262423176,0.2432959467883188,0.23946048109077106,0.2470306079060846,0.8845172916666667,0.8767927708333334,0.8926745416666667,0.027653747675940393,0.02367868090760894,0.03147780885109677,0.06132061007557039,0.04759725353459573,0.07319978523738309,-0.38543097262605885,-0.3917201191040192,-0.3789255060373474,0.3872571124925073,0.38175153604525863,0.39278726077491216,0.42,0.364,0.488,0.0,0.0,0.0,0.0,0.0,0.0,-0.2965439469860492,-0.3083340417019655,-0.2828352355096253,-5.2855045334849216,-6.736903719818597,-4.247996990049692,-3.3361893352922536,-3.8596095371099217,-2.914301149678809,0.788,0.736,0.836,0.3067538200397413,0.2854583540435158,0.3269670481236963,-0.14497131859684842,-0.22717278102453445,-0.06950239588276091,0.022912557005882263,0.007019341310858727,0.038875591355562206,-0.024,-0.068,0.02009999999999991,-0.008889729699818587,-0.013278009780425266,-0.004304271749705045,True
mediation_aware_recourse,False,30.0,5.0,5.0,250,1.2955149797201158,1.2540564408212902,1.3371314622700214,0.009590690408523792,0.007275297216301645,0.012593920216768263,0.24261021675917988,0.23884811728101724,0.2463766290485992,0.8850389583333333,0.877234453125,0.8930534479166667,0.027653747675940393,0.02367868090760894,0.03147780885109677,0.06132061007557039,0.04759725353459573,0.07319978523738309,-0.38712512018031203,-0.3933467963506487,-0.38078113725953217,0.3885949389261492,0.38327679011965937,0.394071516633555,0.424,0.368,0.4880999999999999,0.0,0.0,0.0,0.0,0.0,0.0,-0.2982380945403023,-0.3092174722322511,-0.2857417567752418,-5.3131322356908415,-6.753549599382423,-4.2844981680998275,-3.3552488947955093,-3.8682471739585336,-2.928946299062121,0.788,0.736,0.836,0.30844796759399445,0.287403053223958,0.3288466326759847,-0.17259902080276834,-0.2586701180382061,-0.09835669977353292,0.022444228053092957,0.00656345443725586,0.038509440672397616,-0.02,-0.064,0.024,-0.01058387725407171,-0.01533163766859421,-0.0060983149488474725,False
transport_anchor_only,False,0.0,0.0,10.0,250,0.2884845752716064,0.25040777896344657,0.32650025019347667,0.5983654162671084,0.5686090071719226,0.6269467682219845,0.12357257084078765,0.11360495716389561,0.1333845034711268,0.7183414583333333,0.7125452291666666,0.723928234375,0.027653747675940393,0.02367868090760894,0.03147780885109677,0.06132061007557039,0.04759725353459573,0.07319978523738309,0.039612842989811915,0.02901251954782309,0.049330838148624205,0.09506935061288993,0.08761774098615158,0.1032547498410009,0.004,0.0,0.012,0.0,0.0,0.0,0.0,0.0,0.0,0.022022667118408765,0.015561909963596389,0.029759260993376068,0.3540044213357666,0.24057242738343138,0.4717298302578183,0.2477601985198612,0.17668472545469674,0.31395531380058317,0.128,0.084,0.172,0.0041956415246670615,0.0024131059449428137,0.006403362470259361,0.3540044213357666,0.24311368151502424,0.4720207163812201,0.2884845752716064,0.25040777896344657,0.32650025019347667,-0.004,-0.02,0.008,0.022022667118408765,0.014934277695219133,0.028918851023760635,False
mediation_aware_recourse,False,0.0,0.5,10.0,250,0.2923467210531235,0.25339453548192975,0.32922248059809206,0.6051464193259344,0.5758531024374384,0.6320570951789393,0.1213009474885294,0.11160801017352501,0.13085650776115815,0.7180047916666668,0.7122073333333333,0.7234495677083334,0.027653747675940393,0.02367868090760894,0.03147780885109677,0.06132061007557039,0.04759725353459573,0.07319978523738309,0.042218214211272226,0.03185849998640357,0.051806216990775596,0.09488271261839369,0.0870394804712948,0.10266453917707694,0.004,0.0,0.012,0.0,0.0,0.0,0.0,0.0,0.0,0.02188712241924166,0.015074690955630288,0.02935109243699797,0.31151672889028215,0.20011895708344232,0.42345030012035473,0.24623528868975775,0.177083218213858,0.313221863088881,0.124,0.08390000000000002,0.168,0.003833718583300671,0.0021819000671666105,0.005940387441136236,0.31151672889028215,0.1942634754336891,0.43002096904343473,0.2923467210531235,0.25339453548192975,0.32922248059809206,-0.004,-0.02,0.008,0.02188712241924166,0.014436395938658027,0.02893287981910194,False
mediation_aware_recourse,False,0.0,1.0,10.0,250,0.2837880290746689,0.24592273533046247,0.31956895754933357,0.6103397443049607,0.5815449687042716,0.6375403204326046,0.11966596493750191,0.11021908905087337,0.12915886193874548,0.7189889583333333,0.7131824218750001,0.7247656145833332,0.027653747675940393,0.02367868090760894,0.03147780885109677,0.06132061007557039,0.04759725353459573,0.07319978523738309,0.04447774541657861,0.03434296382582749,0.05377085357318389,0.09606686048132158,0.08836362287798664,0.10406112793170122,0.004,0.0,0.012,0.0,0.0,0.0,0.0,0.0,0.0,0.02015464271568035,0.01366027129973404,0.02756127701386682,0.27466890231905616,0.1638043106917304,0.378458807431997,0.22674448346720677,0.15841769269034275,0.2924063167936871,0.12,0.08,0.16,0.0038173840831310334,0.002121538053796992,0.0058708841934284285,0.27466890231905616,0.1570801792912639,0.390472455568454,0.2837880290746689,0.24592273533046247,0.31956895754933357,-0.004,-0.02,0.008,0.02015464271568035,0.012963229570754558,0.026631445971312017,False
mediation_aware_recourse,False,0.0,2.0,10.0,250,0.2784887034893036,0.24109173833727837,0.3161684172272682,0.6244947819148245,0.597085245664363,0.6499853055531023,0.11521748134951668,0.10612000308528591,0.12465900785688502,0.72014125,0.7141138489583334,0.725877140625,0.027653747675940393,0.02367868090760894,0.03147780885109677,0.06132061007557039,0.04759725353459573,0.07319978523738309,0.05118921895161884,0.040397764677794434,0.06126272159917968,0.09767603785683741,0.08953671855462203,0.10611613113953754,0.004,0.0,0.012,0.0,0.0,0.0,0.0,0.0,0.0,0.015247521392121639,0.009507201568731029,0.02158761629090863,0.1652199988138704,0.05651865646321159,0.2618807847929557,0.1715382113681444,0.10753467634784432,0.23122596058580144,0.104,0.068,0.144,0.0030497725172805995,0.0016121802149627249,0.004997983012428729,0.1652199988138704,0.05387007364112295,0.2662617695273467,0.2784887034893036,0.24109173833727837,0.3161684172272682,-0.004,-0.02,0.008,0.015247521392121639,0.008705715970122858,0.02117750180204733,False
mediation_aware_recourse,False,0.0,4.1970347680158095,10.0,250,0.27935121178627015,0.2414052756845951,0.3155341467767954,0.6467730253563794,0.6206081103879595,0.6715479870553263,0.10688828964632441,0.09717068789706616,0.11572927089561585,0.7225477083333333,0.716641203125,0.7283321406249998,0.027653747675940393,0.02367868090760894,0.03147780885109677,0.06132061007557039,0.04759725353459573,0.07319978523738309,0.05848475028344508,0.04725792948987144,0.06842238383472982,0.1003423895607998,0.09186869323388759,0.10936024321879406,0.004,0.0,0.012,0.0,0.0,0.0,0.0,0.0,0.0,0.010808443836484384,0.00566315907512006,0.01657178871101558,0.0462464380023363,-0.08094041360035434,0.14226765050580972,0.12159754203339335,0.06039781995345223,0.17846486075086715,0.108,0.072,0.148,0.003575446261474124,0.0019266024199726904,0.005701754267170026,0.0462464380023363,-0.0843758419725279,0.15199328149247784,0.27935121178627015,0.2414052756845951,0.3155341467767954,-0.004,-0.02,0.008,0.010808443836484384,0.005139663059074538,0.016210388984396102,True
mediation_aware_recourse,False,0.0,5.0,10.0,250,0.2912295711040497,0.25112838938236237,0.33080384849309924,0.6640825956009466,0.639425058881971,0.6873541935597628,0.100480746737624,0.09193391408071531,0.10945605623130694,0.7242441666666666,0.717977625,0.7304519843749999,0.027653747675940393,0.02367868090760894,0.03147780885109677,0.06132061007557039,0.04759725353459573,0.07319978523738309,0.06447575461019021,0.05269615509897054,0.07514018655947863,0.10204351521671731,0.09349919987597462,0.11166424187700402,0.004,0.0,0.012,0.0,0.0,0.0,0.0,0.0,0.0,0.006230497911805642,0.0003187802858755438,0.01170335611701566,-0.05145324762313175,-0.17869542070132527,0.053600843452910954,0.07009457079865644,0.005953460449654608,0.12940973965368086,0.092,0.06,0.124,0.0030587210517461,0.0015748432976187034,0.00489233470550563,-0.05145324762313175,-0.18923027402658868,0.0565442371503828,0.2912295711040497,0.25112838938236237,0.33080384849309924,-0.004,-0.02,0.008,0.006230497911805642,0.0002051764045963409,0.01185752844884127,False
transport_anchor_only,False,1.0,0.0,10.0,250,0.347561017870903,0.3000025925427675,0.3930822693526745,0.5511024312594529,0.5201516123911523,0.5815386357228498,0.1395441584434712,0.12934620816764314,0.1500800751459754,0.71482125,0.7090665572916667,0.7201440677083333,0.027653747675940393,0.02367868090760894,0.03147780885109677,0.06132061007557039,0.04759725353459573,0.07319978523738309,0.02086679248106906,0.011581988691138169,0.03019189791065019,0.0920427312135967,0.08484661662859001,0.09979245093138456,0.004,0.0,0.012,0.0,0.0,0.0,0.0,0.0,0.0,0.030395391089129368,0.0225861757054929,0.039003956098296357,0.6597099661051445,0.5364725851632219,0.7999195317166353,0.3419553176661573,0.2609927426361042,0.41535299493821126,0.168,0.12,0.216,0.007312523690228682,0.004523581602236386,0.010353444310921067,0.6446820940660182,0.3018242178862689,1.0726570624635192,0.16708700358867645,0.12229593790471555,0.21033110400140287,-0.004,-0.02,0.008,0.06266556672324176,0.049435623423708795,0.07545101779485416,False
mediation_aware_recourse,False,1.0,0.5,10.0,250,0.33446325147151945,0.2880930740773678,0.38007921892106533,0.5615928437338332,0.5310095446248989,0.5907355080701285,0.13551299050613863,0.1256708180109906,0.14578736755871874,0.7151404166666666,0.7093465260416667,0.7205249062499999,0.027653747675940393,0.02367868090760894,0.03147780885109677,0.06132061007557039,0.04759725353459573,0.07319978523738309,0.023824838909035882,0.01354874694186229,0.033674231610264574,0.09419891653280922,0.08676825022058422,0.10220826906269657,0.008,0.0,0.024,0.0,0.0,0.0,0.0,0.0,0.0,0.02721387836900081,0.01950696078123503,0.035554500491500184,0.6114709413413436,0.47808015648165275,0.7639000136437575,0.30616254929281106,0.23003801763626786,0.37998073133744403,0.16,0.112,0.204,0.00759678511821524,0.004216816581864657,0.011780754817156437,0.5964430693022172,0.2550510751404735,1.038421994726465,0.15398923718929292,0.10747753994762897,0.19673363166451455,0.0,-0.016,0.016,0.0594840540031132,0.045737429846678744,0.07282170987365177,False
mediation_aware_recourse,False,1.0,1.0,10.0,250,0.3261131594181061,0.2798085555702448,0.3709485377728939,0.5692838142138801,0.5386474750391879,0.5987493137591482,0.1329209243305019,0.12267682428479162,0.14318705207113122,0.7154214583333334,0.7096593229166667,0.7207199791666666,0.027653747675940393,0.02367868090760894,0.03147780885109677,0.06132061007557039,0.04759725353459573,0.07319978523738309,0.026823418368165063,0.016530315846415847,0.03683068764709893,0.0950168885722694,0.08729271315396812,0.10304986343507085,0.008,0.0,0.024,0.0,0.0,0.0,0.0,0.0,0.0,0.025596301254778263,0.01851901002963245,0.033664005808581664,0.5625709148178992,0.43263272550722065,0.7193082356998338,0.28796442529692323,0.21281757102404505,0.35965525332886117,0.152,0.104,0.196,0.006906283945761923,0.003696779267724555,0.010899359247783652,0.5475430427787729,0.20301448010746384,0.9649791437715971,0.14563914513587953,0.09956097345054149,0.18965049313008786,0.0,-0.016,0.016,0.05786647688889064,0.04492293938297759,0.07059564784777568,False
mediation_aware_recourse,False,1.0,2.0,10.0,250,0.3074333177804947,0.26467347623407844,0.34956895724236964,0.5795245878300122,0.5479985221070092,0.6086864209545384,0.1290770362154073,0.11898971911788742,0.13969887541904594,0.7168395833333334,0.7110552552083332,0.7223955624999999,0.027653747675940393,0.02367868090760894,0.03147780885109677,0.06132061007557039,0.04759725353459573,0.07319978523738309,0.03062727045458507,0.01997247232889984,0.040882600908559164,0.09625224937703654,0.08857552151229102,0.10461816522851926,0.008,0.0,0.024,0.0,0.0,0.0,0.0,0.0,0.0,0.02307066806465624,0.01597244899646081,0.03114216164966935,0.5005387190890536,0.36802107069889617,0.6494148395678462,0.25955045630722207,0.18796413738508708,0.3312451793128695,0.14,0.096,0.184,0.006512301375915222,0.003467562540726036,0.010561715860840638,0.4855108470499272,0.1612025031042845,0.898317442753242,0.12695930349826812,0.08137899388968944,0.1753562027901411,0.0,-0.016,0.016,0.055340843698768634,0.04336836397546997,0.0672003393260678,False
mediation_aware_recourse,False,1.0,4.1970347680158095,10.0,250,0.28671351706981657,0.24660732886791228,0.32288420891761777,0.6095845834608042,0.5801975951990861,0.6371250466701895,0.11877065735097964,0.10907434306385394,0.12819818117413975,0.7189308333333333,0.7131510989583334,0.7244644427083333,0.027653747675940393,0.02367868090760894,0.03147780885109677,0.06132061007557039,0.04759725353459573,0.07319978523738309,0.04174650213363782,0.03137161046194653,0.05208186420348963,0.09703407452203518,0.08902603008394429,0.1054436329275113,0.008,0.0,0.024,0.0,0.0,0.0,0.0,0.0,0.0,0.018538954354168354,0.01217022153115252,0.025673677818840095,0.3192092824551125,0.18606862105614827,0.4564003510867548,0.208567608384723,0.14338099809725724,0.273900511815075,0.128,0.088,0.172,0.006125414445247749,0.0029862374503514793,0.010282534191472922,0.3041814104159861,-0.016867553553512594,0.678593286163941,0.10623950278759002,0.060402596938610074,0.1518767420232296,0.0,-0.016,0.016,0.05080912998828074,0.03889297286054706,0.06263005935127519,True
mediation_aware_recourse,False,1.0,5.0,10.0,250,0.2743438082933426,0.23627780885398386,0.3093174607038498,0.6231352486751857,0.5938157855457804,0.650380137568034,0.11397793853831009,0.10441807599494063,0.12369181208615189,0.7210514583333334,0.7150560520833333,0.7267148802083334,0.027653747675940393,0.02367868090760894,0.03147780885109677,0.06132061007557039,0.04759725353459573,0.07319978523738309,0.0470651746212437,0.035820264682727906,0.057719920041076275,0.09913027198163936,0.09082752334266667,0.10760651758631645,0.008,0.0,0.024,0.0,0.0,0.0,0.0,0.0,0.0,0.013916472646998272,0.008030369882641055,0.02025219889746507,0.23247380345300794,0.0967603219178316,0.37057947628925875,0.1565635990944242,0.08894391505643441,0.21978127376216564,0.116,0.08,0.156,0.005777319055029848,0.002659247773061002,0.009879615066424567,0.21744593141388158,-0.10454791586336003,0.5819512786522962,0.09386979401111603,0.048793612274527554,0.13814424184262752,0.0,-0.016,0.016,0.046186648281110666,0.03452938133929518,0.05776814151893811,False
transport_anchor_only,False,3.0,0.0,10.0,250,0.47334978783130643,0.4183477023124695,0.523438904055953,0.4149995998066668,0.38082473004938683,0.45101455842908783,0.17936479674371306,0.16816940028783614,0.18967497376857498,0.72964625,0.7226754739583333,0.7362793333333334,0.027653747675940393,0.02367868090760894,0.03147780885109677,0.06132061007557039,0.04759725353459573,0.07319978523738309,-0.04760305941389768,-0.05896852445820237,-0.035949979448384746,0.11021876681859816,0.10123265984276766,0.11993559307915871,0.016,0.004,0.036,0.0,0.0,0.0,0.0,0.0,0.0,0.01657990753347059,0.006724093148379056,0.026569651668106962,0.22370212306706416,-0.06878716248368882,0.4458250806408599,0.1865278696647903,0.07446483678897416,0.2927467462906679,0.424,0.364,0.488,0.043188600130445835,0.033776939856933585,0.0530713287100301,3.592447921502589,3.009251960614771,4.442342498993882,-0.24125055611133575,-0.306298493629694,-0.17533348591625694,0.0,-0.02,0.02,0.19640090500362867,0.1815525364902407,0.21106561773849955,False
mediation_aware_recourse,False,3.0,0.5,10.0,250,0.46316833651065825,0.41189749957621097,0.5144718942433596,0.4195181653506155,0.3845002440313453,0.45564458323765716,0.17754606925831803,0.1664342872235131,0.18805988569255647,0.7293470833333333,0.7223070781250001,0.7359294374999998,0.027653747675940393,0.02367868090760894,0.03147780885109677,0.06132061007557039,0.04759725353459573,0.07319978523738309,-0.046390772581442974,-0.05820915820284026,-0.03460637999382125,0.11037750213490392,0.10118238569344616,0.12014857305081676,0.016,0.004,0.036,0.0,0.0,0.0,0.0,0.0,0.0,0.01607390549911693,0.006183105120000636,0.025974623036082934,0.24347177035140644,-0.04027633431054566,0.46516861806611726,0.18083522745170788,0.06669945987693283,0.28947238071095627,0.408,0.348,0.468,0.043200923870020475,0.033414451578527994,0.053312311917375566,3.6122175687869307,3.0136850805787985,4.465484917580571,-0.25143200743198396,-0.3151036215871572,-0.1824334079772234,0.0,-0.02,0.02,0.195894902969275,0.18129407324583796,0.21015588688908557,False
mediation_aware_recourse,False,3.0,1.0,10.0,250,0.4536499663591385,0.40025648041963574,0.5032635580897331,0.4356127025455378,0.40102230634870567,0.47085691464914314,0.17304847428449563,0.16217838967872114,0.18295231120761873,0.7258204166666666,0.7186344791666667,0.7321401041666666,0.027653747675940393,0.02367868090760894,0.03147780885109677,0.06132061007557039,0.04759725353459573,0.07319978523738309,-0.03785470501514611,-0.04934135090640499,-0.026979646539280457,0.10611377672860257,0.09722864914160526,0.11596913201829388,0.016,0.004,0.036,0.0,0.0,0.0,0.0,0.0,0.0,0.021168426038182482,0.011997336796127656,0.03013542150671075,0.38267566208988024,0.12545800558555914,0.5990074747307348,0.2381497849181511,0.12996194042966036,0.3421644665707224,0.368,0.308,0.43209999999999993,0.03638562981733926,0.027264210540472456,0.04636239774599662,3.7514214605254046,3.1475321516700876,4.645798962800009,-0.2609503775835037,-0.3235490484893322,-0.19230210574269294,0.0,-0.02,0.02,0.20098942350834056,0.18688896014948958,0.21492836739791293,False
mediation_aware_recourse,False,3.0,2.0,10.0,250,0.4267453110218048,0.3754653377503157,0.47433807322680943,0.45905484150081444,0.42400280356860603,0.49416787852691096,0.16557393761380332,0.1543452478141011,0.17608245454369614,0.7226314583333333,0.7161734166666667,0.7283779010416667,0.027653747675940393,0.02367868090760894,0.03147780885109677,0.06132061007557039,0.04759725353459573,0.07319978523738309,-0.027716794161555803,-0.03998383141842295,-0.0162464665131831,0.10406434272780678,0.09519807476435792,0.11379894657043309,0.016,0.004,0.036,0.0,0.0,0.0,0.0,0.0,0.0,0.0227131406966905,0.013395570054302882,0.03239511409099983,0.5480019828994177,0.29901333402782426,0.7653626053076682,0.2555281891046527,0.15898413257821295,0.3486911373812232,0.328,0.268,0.38809999999999995,0.03129956031849983,0.022511660324848855,0.04067957255186576,3.916747781334942,3.2725376615230704,4.81239434925506,-0.2878550329208374,-0.3508719529122114,-0.2197843553721905,0.0,-0.02,0.02,0.2025341381668486,0.18829985881692385,0.21641954138213082,False
mediation_aware_recourse,False,3.0,4.1970347680158095,10.0,250,0.38573208105564116,0.3370694646179676,0.43161486749053,0.49901318067073086,0.4635452815264908,0.5323830454235944,0.1512080708574491,0.14061320326902865,0.16186471034613298,0.71895625,0.7126413229166667,0.72472621875,0.027653747675940393,0.02367868090760894,0.03147780885109677,0.06132061007557039,0.04759725353459573,0.07319978523738309,-0.013698602407222477,-0.026264246631932057,-0.0009463288688267375,0.10232624870556321,0.09317054052619494,0.11238535181678219,0.016,0.004,0.036,0.0,0.0,0.0,0.0,0.0,0.0,0.020911521638348796,0.01203681568603549,0.029348417992609545,0.7766068799651443,0.5415345377761165,0.9707633403233216,0.23525954983621533,0.13292735119283017,0.32738184268365456,0.26,0.204,0.316,0.02728777502049896,0.018363651644806214,0.03701016432359651,4.145352678400669,3.4672563151590508,5.153818687045872,-0.32886826288700105,-0.3954538671642542,-0.2629508650988341,0.0,-0.02,0.02,0.2007325191085069,0.18610051257604873,0.2139218338484772,True
mediation_aware_recourse,False,3.0,5.0,10.0,250,0.36618973064422605,0.31850081298649313,0.41335186895430087,0.5098421095797663,0.4730360332422743,0.5448021574436814,0.14754209359936188,0.1366465040980877,0.15873166644100484,0.7193162499999999,0.7129640781249998,0.7251347447916667,0.027653747675940393,0.02367868090760894,0.03147780885109677,0.06132061007557039,0.04759725353459573,0.07319978523738309,-0.009390509879866954,-0.022103388025180443,0.0031008898604813497,0.10174304670206073,0.09242900608221259,0.11149581746048476,0.016,0.004,0.036,0.0,0.0,0.0,0.0,0.0,0.0,0.020258323578875463,0.01146533982922506,0.02881749092111774,0.8468620930500486,0.6184064620405956,0.9890858502239931,0.22791091762841964,0.12597256407279336,0.31973431116085643,0.248,0.192,0.3,0.025635110779751825,0.01695983512567948,0.03535262129012152,4.215607891485573,3.51983378925146,5.210119015233788,-0.34841061329841616,-0.4138425093859434,-0.28133293782770635,0.0,-0.02,0.02,0.20007932104903356,0.1856586339111,0.21285877521592522,False
transport_anchor_only,False,10.0,0.0,10.0,250,1.24018457365036,1.1878127185642717,1.290654435941577,0.032267932114171914,0.02696846080443144,0.03769759246928336,0.2574716864820936,0.2548869145511528,0.25976551652218643,0.8513097916666666,0.8425098958333334,0.8609021197916668,0.027653747675940393,0.02367868090760894,0.03147780885109677,0.06132061007557039,0.04759725353459573,0.07319978523738309,-0.3233818407969172,-0.3325061569359782,-0.31363609350825616,0.3302489100612845,0.32184202110403176,0.3388469913373889,0.196,0.148,0.248,0.0,0.0,0.0,0.0,0.0,0.0,-0.2344948151569075,-0.24988390804225064,-0.21814795067011572,-4.273623996864796,-5.55980580067773,-3.344732614137573,-2.638121969640497,-3.1029270341330637,-2.2631323042699214,0.788,0.736,0.836,0.2546240846797011,0.23614237899788154,0.2729767929420234,0.4695969430633502,0.317492720460479,0.6610151987769887,0.157729776263237,0.11720105584859848,0.19835704836249352,0.024,-0.032,0.0760999999999999,0.028795971038267514,0.02054596727023413,0.03784253526563855,False
mediation_aware_recourse,False,10.0,0.5,10.0,250,1.2410701028108597,1.1879212333530187,1.2898747643619775,0.032061118615552005,0.026908134893375492,0.037430392973981236,0.25666176038620936,0.2539422375989459,0.25913595729939365,0.8514575,0.842532359375,0.86112296875,0.027653747675940393,0.02367868090760894,0.03147780885109677,0.06132061007557039,0.04759725353459573,0.07319978523738309,-0.32576707919078374,-0.3349070455950399,-0.31631829167971104,0.33202923479915336,0.3239650059754577,0.3405963291011832,0.196,0.148,0.248,0.0,0.0,0.0,0.0,0.0,0.0,-0.2368800535507741,-0.25195717205457197,-0.2207950816215415,-4.312521822423397,-5.59713238605818,-3.37960249371672,-2.6649564640640895,-3.1302802183126137,-2.2914076383833013,0.788,0.736,0.836,0.2568629084283983,0.23820876042911354,0.27533056930998107,0.43069911750474876,0.2758203009749919,0.6223183647530893,0.15861530542373659,0.1177256452858448,0.19988604345321653,0.024,-0.032,0.08,0.026410732644400945,0.017669111584335085,0.035571416250697825,False
mediation_aware_recourse,False,10.0,1.0,10.0,250,1.237676285624504,1.1856027051895857,1.286231013008952,0.031388924503712785,0.026323407929948958,0.03674502539485454,0.25574583875977097,0.2528018893758435,0.25837930394312997,0.85254375,0.8434693958333334,0.8620141979166666,0.027653747675940393,0.02367868090760894,0.03147780885109677,0.06132061007557039,0.04759725353459573,0.07319978523738309,-0.3289974308207849,-0.33792093983673355,-0.31940024840250575,0.3348738147235932,0.3272393766490895,0.3434062123651358,0.2,0.152,0.252,0.0,0.0,0.0,0.0,0.0,0.0,-0.2401104051807753,-0.25500061420235853,-0.22409039569407233,-4.36520152711029,-5.66071074645783,-3.4268367074752764,-2.701298681690811,-3.1715226071347957,-2.326088210650166,0.788,0.736,0.836,0.26009326005839956,0.24112717611014897,0.2789587867744468,0.37801941281785556,0.2273389030462499,0.5795255064803687,0.155221488237381,0.1156244166046381,0.19526359187960624,0.028,-0.028,0.084,0.023180381014399756,0.014994464221162285,0.03292280178138245,False
mediation_aware_recourse,False,10.0,2.0,10.0,250,1.230137573003769,1.1764108823448418,1.2808865696668625,0.03226611700421174,0.02662383825571159,0.03791665855247921,0.25491374953650847,0.25204879489292004,0.2577082608135313,0.85255875,0.8436313802083334,0.8619918125,0.027653747675940393,0.02367868090760894,0.03147780885109677,0.06132061007557039,0.04759725353459573,0.07319978523738309,-0.329828879426215,-0.3388021629175624,-0.3200771247322075,0.3355822856841121,0.32745100572562064,0.3445596680058064,0.204,0.156,0.256,0.0,0.0,0.0,0.0,0.0,0.0,-0.24094185378620542,-0.25541918994416796,-0.22500633044009646,-4.3787605671199294,-5.7132129953297985,-3.4791275447356345,-2.710652674576088,-3.19292790887016,-2.3322061106128027,0.788,0.736,0.836,0.2618389371342034,0.24301307299550076,0.28026784700600565,0.3644603728082165,0.212339958226677,0.5667627609153358,0.1476827756166458,0.10324120388329029,0.18896692782342434,0.032,-0.024,0.088,0.02234893240896962,0.013696834321466487,0.03212513837360545,False
mediation_aware_recourse,False,10.0,4.1970347680158095,10.0,250,1.2266184780597686,1.1733794288694859,1.2751165883511304,0.03109900011325945,0.025552954428136567,0.036809695073714205,0.25212679474103883,0.24897422794235588,0.2552091223079954,0.8550016666666668,0.8460609114583334,0.8644793645833333,0.027653747675940393,0.02367868090760894,0.03147780885109677,0.06132061007557039,0.04759725353459573,0.07319978523738309,-0.3386449139236586,-0.34795067653109824,-0.32910441334960544,0.34369523020345594,0.3354889262632064,0.3522023930083357,0.216,0.168,0.272,0.0,0.0,0.0,0.0,0.0,0.0,-0.24975788828364895,-0.2641203972641969,-0.23406426102255326,-4.522530084197121,-5.8537439878914554,-3.5915099879826866,-2.809835141690561,-3.2968633723920107,-2.424911260716842,0.788,0.736,0.836,0.270654971631647,0.2505478078313621,0.2888970637308457,0.22069085573102498,0.07411127098855948,0.4216585910226713,0.14416368067264557,0.10182455438375473,0.1854861257612705,0.044,-0.008099999999999994,0.1,0.01353289791152611,0.004901532385447815,0.023194596659771083,True
mediation_aware_recourse,False,10.0,5.0,10.0,250,1.2270356780290603,1.1732807758003474,1.275778186058998,0.030011268751248904,0.024705121171233267,0.035478560312230026,0.2504046596821373,0.24681906178313998,0.2537050998009734,0.8568279166666667,0.8481020052083335,0.8659593229166666,0.027653747675940393,0.02367868090760894,0.03147780885109677,0.06132061007557039,0.04759725353459573,0.07319978523738309,-0.34420647318983605,-0.35327265753227416,-0.33454282327557316,0.3486771471954273,0.3404997729502718,0.35705850674570366,0.224,0.1759,0.27609999999999996,0.0,0.0,0.0,0.0,0.0,0.0,-0.2553194475498264,-0.2688204230263978,-0.24007347271720988,-4.613226495392697,-5.940729545489526,-3.6739732650242884,-2.872403994975197,-3.3513315594840973,-2.492008596372593,0.788,0.736,0.836,0.27621653089782433,0.25581059090117975,0.294806344281188,0.12999444453544928,-0.012563841353365168,0.3179003036076807,0.14458088064193725,0.10215802301466466,0.1841987422078848,0.052,-0.004,0.1080999999999999,0.007971338645348665,-0.0008194427001358491,0.017831658681327058,False
transport_anchor_only,False,30.0,0.0,10.0,250,1.3571697764396669,1.3120437625408172,1.3971154462456703,0.010131105353653315,0.0077368521990544455,0.013064438458458201,0.25205758523989474,0.24916096740372692,0.25475866854767854,0.8710764583333334,0.8622432916666667,0.8803007656249999,0.027653747675940393,0.02367868090760894,0.03147780885109677,0.06132061007557039,0.04759725353459573,0.07319978523738309,-0.3613586840851393,-0.36889529478936706,-0.35380517407165185,0.36617797351926323,0.3594318493649972,0.37271902102053595,0.424,0.3639,0.488,0.0,0.0,0.0,0.0,0.0,0.0,-0.27247165844512966,-0.2872382342465696,-0.25737787059476824,-4.8929401328494215,-6.3125437871657155,-3.8744003334835173,-3.0653704124225456,-3.5894351898540107,-2.654890120715841,0.788,0.736,0.836,0.2838095159165357,0.26424965024982827,0.3045462845255071,0.2475930820386516,0.1514258537847615,0.35280102600379243,0.08409902477264404,0.05641204989552498,0.11320344087481499,-0.02,-0.072,0.04,0.015182558841100976,0.008774547546216612,0.021995406343282918,False
mediation_aware_recourse,False,30.0,0.5,10.0,250,1.3514021220207215,1.307031340843439,1.390675187218189,0.010165456912244153,0.007808624586010448,0.013114771308795467,0.251248864270463,0.24826796972583365,0.2542539823282458,0.8715725,0.86254403125,0.8805835416666667,0.027653747675940393,0.02367868090760894,0.03147780885109677,0.06132061007557039,0.04759725353459573,0.07319978523738309,-0.3635464418644445,-0.3709400878603393,-0.35571326971957706,0.3680406916450777,0.36136870731791065,0.3743835090874249,0.416,0.356,0.48,0.0,0.0,0.0,0.0,0.0,0.0,-0.27465941622443485,-0.28877194392972494,-0.2596249396513236,-4.928617497712704,-6.351331147600063,-3.9045164820452203,-3.0899832033619745,-3.6144462568374705,-2.6745089610354924,0.788,0.736,0.836,0.2859972736958409,0.266054498245491,0.30679900360850393,0.21191571717536917,0.12134403500014097,0.31271749277602107,0.07833137035369873,0.050701910561323164,0.10796974859833716,-0.028,-0.08,0.028,0.012994801061795784,0.007064550290562729,0.019666928422641106,False
mediation_aware_recourse,False,30.0,1.0,10.0,250,1.3497052135467529,1.3062600045144557,1.3885636568546296,0.010159324842920543,0.007802492516686838,0.013108639239471857,0.2508552823672651,0.24769101890495557,0.2537967859989629,0.8717852083333335,0.8629707552083334,0.8808776302083334,0.027653747675940393,0.02367868090760894,0.03147780885109677,0.06132061007557039,0.04759725353459573,0.07319978523738309,-0.3646110002956458,-0.372018001676066,-0.35670347232562816,0.3688190965748505,0.362061259569596,0.3754919610166995,0.416,0.356,0.48,0.0,0.0,0.0,0.0,0.0,0.0,-0.27572397465563614,-0.29006136340767763,-0.2607876792569129,-4.945978030001755,-6.351703919980644,-3.9157237676497596,-3.1019597367596914,-3.6243577247929504,-2.691762198330087,0.788,0.736,0.836,0.28706183212704217,0.2665504713668705,0.30768729692360985,0.19455518488631807,0.10551966153320864,0.29643984601639906,0.07663446187973022,0.04947381730079651,0.10546379342079162,-0.028,-0.08,0.028,0.011930242630594471,0.0060226177884516036,0.01810025118253888,False
mediation_aware_recourse,False,30.0,2.0,10.0,250,1.348008305311203,1.3061039051592351,1.3875979382038117,0.010007239968771769,0.007683314388011924,0.012956572305724773,0.25055019546513324,0.2474078704910645,0.2535053817202283,0.8724545833333334,0.863441359375,0.881420984375,0.027653747675940393,0.02367868090760894,0.03147780885109677,0.06132061007557039,0.04759725353459573,0.07319978523738309,-0.3657818422707029,-0.37330418762967615,-0.3577067694325976,0.36984182800864923,0.36339930124670944,0.3762069395686063,0.412,0.352,0.476,0.0,0.0,0.0,0.0,0.0,0.0,-0.27689481663069326,-0.29106041752293227,-0.2620365530373602,-4.965071805709696,-6.380165118869772,-3.9372349196277647,-3.115131985089824,-3.6370006736965768,-2.700443856720932,0.788,0.736,0.836,0.28786089972358997,0.2674111347593729,0.3084878133742163,0.17546140917837683,0.09134016512361598,0.269889432561481,0.0749375536441803,0.04948788254857064,0.10172262145280839,-0.032,-0.084,0.024,0.010759400655537363,0.005362899001477251,0.016827134132282994,False
mediation_aware_recourse,False,30.0,4.1970347680158095,10.0,250,1.335670789003372,1.2952677738964558,1.3774263411641121,0.010000416735398076,0.0077296193833759266,0.012993577500524852,0.247530221679066,0.2441093107287998,0.25081236859277,0.8746277083333334,0.8658481822916666,0.8833397343749999,0.027653747675940393,0.02367868090760894,0.03147780885109677,0.06132061007557039,0.04759725353459573,0.07319978523738309,-0.3739812473278686,-0.3808256077571404,-0.3669403296258718,0.37719138141874686,0.37113982967326176,0.3832552706822275,0.408,0.3479,0.472,0.0,0.0,0.0,0.0,0.0,0.0,-0.2850942216878589,-0.2982771657085783,-0.2710636526768749,-5.098785495887614,-6.535645328354225,-4.077941531688741,-3.207377225586149,-3.73282906202312,-2.7993242137281706,0.788,0.736,0.836,0.29473246575458883,0.2737460506017737,0.31523300589563436,0.04174771900045915,-0.03979079903710587,0.1219541777251897,0.06260003733634949,0.03945586550235749,0.08620404284596442,-0.036,-0.088,0.02,0.0025599955983716957,-0.002404594492749361,0.007567884272134918,True
mediation_aware_recourse,False,30.0,5.0,10.0,250,1.335202460050583,1.2946050910532476,1.3767350704789163,0.009951372360076005,0.007650146401044784,0.012898488096262395,0.2463362316887029,0.24288131998076165,0.24993220708765718,0.8753591666666666,0.866701078125,0.8841378072916666,0.027653747675940393,0.02367868090760894,0.03147780885109677,0.06132061007557039,0.04759725353459573,0.07319978523738309,-0.3767743299170411,-0.38340330290958113,-0.3699029399131238,0.3795616273389867,0.3734748705908475,0.3852524817408499,0.416,0.3559,0.484,0.0,0.0,0.0,0.0,0.0,0.0,-0.2878873042770314,-0.3006340608691523,-0.27398051005393986,-5.144334334780938,-6.5925850450676915,-4.135088777424471,-3.238800063385722,-3.7558063444944505,-2.8303202154842744,0.788,0.736,0.836,0.2975255483437613,0.27667794430504516,0.31814410695883316,-0.0038011198928646905,-0.0853085065035203,0.07170368771112272,0.06213170838356018,0.03953024302721024,0.08578756636381149,-0.028,-0.08,0.024,-0.0002330869908008153,-0.004978230961127938,0.004308288468460177,False
ordinary_actionable_recourse,True,0.0,0.0,0.0,250,0.6148492876291275,0.5458513712108135,0.6810401215523482,0.2720412304883529,0.2277688234392938,0.3155231079637389,0.17989590139094963,0.16845437650597903,0.19139418782556433,0.8331231250000001,0.8243471197916666,0.8412719583333332,0.027653747675940393,0.02367868090760894,0.03147780885109677,0.06132061007557039,0.04759725353459573,0.07319978523738309,-0.22185395320446583,-0.24234275997530308,-0.20024052998759964,0.23620999901505937,0.21726602737266848,0.25339685239030146,0.136,0.09990000000000002,0.184,0.652,0.592,0.712,0.348,0.292,0.408,-0.14265753372635998,-0.16040219688048077,-0.12691174882750247,-2.6179345399704457,-3.466099453539052,-2.055099216267162,-1.6049308962606044,-1.8633684279156386,-1.3610630857818766,0.568,0.508,0.628,0.19096626768029074,0.1705702703262682,0.2137192068867821,0.0,0.0,0.0,0.0,0.0,0.0,0.0,0.0,0.0,0.0,0.0,0.0,False
distribution_constrained_recourse,False,10.0,0.0,0.0,250,0.0,0.0,0.0,0.6571640453273111,0.6301496155668838,0.6829403081616855,0.10206745015358805,0.09318718783391228,0.11201835778458934,0.78912,0.7792908333333333,0.7987581666666667,0.027653747675940393,0.02367868090760894,0.03147780885109677,0.06132061007557039,0.04759725353459573,0.07319978523738309,0.06132061007557039,0.04890557412111754,0.07344377046148952,0.10964701781008564,0.10085967367067306,0.11892283617762747,0.008,0.0,0.02,0.0,0.0,0.0,1.0,1.0,1.0,0.0,0.0,0.0,0.0,0.0,0.0,0.0,0.0,0.0,0.0,0.0,0.0,0.0,0.0,0.0,2.6179345399704457,2.0639288824391837,3.5144761285251533,-0.6148492876291275,-0.6810401215523482,-0.5458513712108135,-0.652,-0.708,-0.592,0.14265753372635998,0.12673063053394737,0.15967523259284866,False
mean_parity_recourse,False,0.0,0.0,0.0,250,0.017794312953948975,0.004279345989227295,0.039191042900085446,0.6505512754707813,0.6223301527711053,0.6772054403235345,0.10345754947679356,0.09417352274981236,0.11354295559975262,0.7900516666666666,0.7801036145833333,0.8001855572916666,0.027653747675940393,0.02367868090760894,0.03147780885109677,0.06132061007557039,0.04759725353459573,0.07319978523738309,0.05683670458305059,0.04528576338700906,0.06834593972656273,0.10793510713634447,0.0994207290810906,0.11644290469262396,0.008,0.0,0.02,0.016,0.004,0.032,0.984,0.968,0.996,0.0017217045839195105,-0.00020722004019175987,0.0043478776522593325,0.07312232358735371,0.008923935450941722,0.15304070548477908,0.019369582585566314,-0.0023678626785185787,0.04726797642619135,0.016,0.004,0.032,0.0013811004543001389,0.00030098715881116036,0.0028906590711735426,2.691056863557799,2.142194236033796,3.563598416710938,-0.5970549746751785,-0.664004713639617,-0.5282093134760857,-0.636,-0.692,-0.576,0.1443792383102795,0.12847791315752097,0.1618789413684311,False
mediator_matching_recourse,False,0.0,0.0,0.0,250,0.6601371912956238,0.5900704419493675,0.7288084050893784,0.26992466968776957,0.22566718305718375,0.3136768760977483,0.178249587922435,0.16705945001020012,0.18907159542760596,0.8290933333333332,0.8204759947916667,0.8378073802083332,0.027653747675940393,0.02367868090760894,0.03147780885109677,0.06132061007557039,0.04759725353459573,0.07319978523738309,-0.22852460103961647,-0.24924519322990898,-0.20638092670405164,0.2428671689578481,0.2231100661506967,0.2614780325296144,0.152,0.112,0.2,0.652,0.592,0.712,0.348,0.292,0.408,-0.1493281815615106,-0.16763135150560424,-0.13293446978608267,-2.7267176689531785,-3.5652838319269446,-2.130789521141583,-1.679977257494094,-1.9450053129467333,-1.435112397431016,0.568,0.508,0.628,0.19623865708499047,0.17513287997028684,0.2182827131223061,-0.10878312898273279,-0.18035607817623367,-0.04854140170633264,0.04528790366649628,0.029126835292577744,0.06293391966819763,0.0,0.0,0.0,-0.006670647835150647,-0.01035843202918102,-0.003049949493484344,False
plausibility_constrained_recourse,False,0.0,0.0,0.0,250,0.1823385787010193,0.13077714555859565,0.23514870144724845,0.5641543909526155,0.5226193602453295,0.5987625054613394,0.11898707788971288,0.1078082191484181,0.13065888111785107,0.7849489583333334,0.7757023854166667,0.7942593802083334,0.027653747675940393,0.02367868090760894,0.03147780885109677,0.06132061007557039,0.04759725353459573,0.07319978523738309,-0.011356438357326974,-0.030761284557052924,0.007010653939174539,0.13477302728208043,0.12166419739167242,0.14704636628649456,0.068,0.036,0.1,0.176,0.132,0.224,0.824,0.776,0.872,-0.0291240074229858,-0.039316871892162784,-0.020474770548951467,0.8148022607190061,0.46922905662159664,0.9918291444340895,-0.327651951601321,-0.4526050843297644,-0.22241500913023313,0.148,0.104,0.192,0.045297023523874116,0.03217693513962749,0.05988068524997332,3.432736800689452,2.883859007158748,4.12297378316756,-0.4325107089281082,-0.5145373517066241,-0.35542394755184653,-0.476,-0.536,-0.416,0.11353352630337417,0.09668460162787863,0.13077779310494275,False
