method,is_ordinary_actionable_baseline,eta,lambda_invariance,rho_anchor,n,cost,cost_lo,cost_hi,shortfall,shortfall_lo,shortfall_hi,direct_effect,direct_effect_lo,direct_effect_hi,transport,transport_lo,transport_hi,pre_recourse_mediated_prediction_disparity,pre_recourse_mediated_prediction_disparity_lo,pre_recourse_mediated_prediction_disparity_hi,pre_recourse_factual_mediated_prediction_disparity,pre_recourse_factual_mediated_prediction_disparity_lo,pre_recourse_factual_mediated_prediction_disparity_hi,post_recourse_mediated_prediction_disparity,post_recourse_mediated_prediction_disparity_lo,post_recourse_mediated_prediction_disparity_hi,outcome_wasserstein,outcome_wasserstein_lo,outcome_wasserstein_hi,feasible_rate,feasible_rate_lo,feasible_rate_hi,constraint_feasible_rate,constraint_feasible_rate_lo,constraint_feasible_rate_hi,constraint_abstention_rate,constraint_abstention_rate_lo,constraint_abstention_rate_hi,mean_absolute_gap_reduction,mean_absolute_gap_reduction_lo,mean_absolute_gap_reduction_hi,factual_mediated_prediction_disparity_closure,factual_mediated_prediction_disparity_closure_lo,factual_mediated_prediction_disparity_closure_hi,recipient_level_closure,recipient_level_closure_lo,recipient_level_closure_hi,overshoot_rate,overshoot_rate_lo,overshoot_rate_hi,overshoot_magnitude,overshoot_magnitude_lo,overshoot_magnitude_hi,factual_closure_gain_vs_actionable_baseline,factual_closure_gain_vs_actionable_baseline_lo,factual_closure_gain_vs_actionable_baseline_hi,cost_difference_vs_actionable_baseline,cost_difference_vs_actionable_baseline_lo,cost_difference_vs_actionable_baseline_hi,feasibility_difference_vs_actionable_baseline,feasibility_difference_vs_actionable_baseline_lo,feasibility_difference_vs_actionable_baseline_hi,paired_absolute_gap_gain_vs_actionable_baseline,paired_absolute_gap_gain_vs_actionable_baseline_lo,paired_absolute_gap_gain_vs_actionable_baseline_hi,is_effect_ratio_heuristic
soft_objective_recourse,False,0.0,0.0,0.0,250,0.0,0.0,0.0,0.6140681910206505,0.5829335173801241,0.6457697857117467,0.11804889739125324,0.1067681958834476,0.12932275738725854,0.7803266666666666,0.7706921666666666,0.7906823333333333,0.025108616860583424,0.021260140995681288,0.028563048234954477,0.03628585940135696,0.024064087625205455,0.04923094016094795,0.03628585940135696,0.023083586832059636,0.04871583148344957,0.10917760215212138,0.10079855840094672,0.11853131174863936,0.012,0.0,0.028,0.0,0.0,0.0,0.0,0.0,0.0,0.0,0.0,0.0,0.0,0.0,0.0,0.0,0.0,0.0,0.0,0.0,0.0,0.0,0.0,0.0,0.0,0.0,0.0,0.0,0.0,0.0,0.0,0.0,0.0,0.0,0.0,0.0,False
direct_invariance_only,False,0.0,0.5,0.0,250,0.0,0.0,0.0,0.6140681910206505,0.5829335173801241,0.6457697857117467,0.11804889739125324,0.1067681958834476,0.12932275738725854,0.7803266666666666,0.7706921666666666,0.7906823333333333,0.025108616860583424,0.021260140995681288,0.028563048234954477,0.03628585940135696,0.024064087625205455,0.04923094016094795,0.03628585940135696,0.023083586832059636,0.04871583148344957,0.10917760215212138,0.10079855840094672,0.11853131174863936,0.012,0.0,0.028,0.0,0.0,0.0,0.0,0.0,0.0,0.0,0.0,0.0,0.0,0.0,0.0,0.0,0.0,0.0,0.0,0.0,0.0,0.0,0.0,0.0,0.0,0.0,0.0,0.0,0.0,0.0,0.0,0.0,0.0,0.0,0.0,0.0,False
direct_invariance_only,False,0.0,1.0,0.0,250,0.0,0.0,0.0,0.6140681910206505,0.5829335173801241,0.6457697857117467,0.11804889739125324,0.1067681958834476,0.12932275738725854,0.7803266666666666,0.7706921666666666,0.7906823333333333,0.025108616860583424,0.021260140995681288,0.028563048234954477,0.03628585940135696,0.024064087625205455,0.04923094016094795,0.03628585940135696,0.023083586832059636,0.04871583148344957,0.10917760215212138,0.10079855840094672,0.11853131174863936,0.012,0.0,0.028,0.0,0.0,0.0,0.0,0.0,0.0,0.0,0.0,0.0,0.0,0.0,0.0,0.0,0.0,0.0,0.0,0.0,0.0,0.0,0.0,0.0,0.0,0.0,0.0,0.0,0.0,0.0,0.0,0.0,0.0,0.0,0.0,0.0,False
direct_invariance_only,False,0.0,2.0,0.0,250,0.006780788898468017,0.0016951972246170043,0.013561577796936035,0.6241990799605819,0.5933262163030195,0.6541815672748611,0.11449132570372256,0.10328396223027102,0.1262895467851046,0.7803300000000001,0.7707554375000001,0.790798296875,0.025108616860583424,0.021260140995681288,0.028563048234954477,0.03628585940135696,0.024064087625205455,0.04923094016094795,0.040462566323984664,0.027362005304916562,0.05365920948100773,0.1076690243428242,0.099200374369608,0.11655856361339025,0.012,0.0,0.028,0.0,0.0,0.0,0.0,0.0,0.0,0.0010637953512185239,-0.0012148115651154714,0.0033804561492623954,-0.11510563595667556,-0.3081629275999206,-0.020688182797848818,0.012434432164321718,-0.014128572461239764,0.03957687353351705,0.016,0.004,0.032099999999999906,0.0015564557857045901,0.00021114291982292366,0.003605712506437343,-0.11510563595667556,-0.29904201373951345,-0.02268380338090078,0.006780788898468017,0.0016951972246170043,0.013561577796936035,0.0,0.0,0.0,0.0010637953512185239,-0.0007910325961342639,0.003514092681577837,False
direct_invariance_only,False,0.0,4.5526284410669,0.0,250,0.16782452523708344,0.14409176409244537,0.1932524836063385,0.7759104019018205,0.7642815419534029,0.7862182986002005,0.05978441009602308,0.05502892226376909,0.06463601583005286,0.8029475,0.7930889739583331,0.8123829895833333,0.025108616860583424,0.021260140995681288,0.028563048234954477,0.03628585940135696,0.024064087625205455,0.04923094016094795,0.09834104038790387,0.08897113564421265,0.10759637635484351,0.10412424350064763,0.0952084951225591,0.11292830189121844,0.0,0.0,0.0,0.0,0.0,0.0,0.0,0.0,0.0,-0.013820299061048022,-0.02187381734101357,-0.006538175736871627,-1.710175313753938,-3.099050552633139,-1.0337772427174754,-0.16154194598462368,-0.2581649783453196,-0.07296983508304491,0.232,0.176,0.288,0.02274917980281853,0.016642254750902755,0.028810381593669044,-1.710175313753938,-3.129836250599163,-1.1016449451918342,0.16782452523708344,0.14409176409244537,0.1932524836063385,-0.012,-0.028,0.0,-0.013820299061048022,-0.02147039014951497,-0.006338429606859115,True
direct_invariance_only,False,0.0,5.0,0.0,250,0.18308130025863648,0.1576533418893814,0.20850925862789155,0.7829260229073343,0.772506785431265,0.7927396407420249,0.05662916008968386,0.05220615403094096,0.061274832014728844,0.8039870833333334,0.7941298958333334,0.8132482395833333,0.025108616860583424,0.021260140995681288,0.028563048234954477,0.03628585940135696,0.024064087625205455,0.04923094016094795,0.10027122588749117,0.09088796082278891,0.10979845866219175,0.10523230935427513,0.0962355332559576,0.11414362476519108,0.0,0.0,0.0,0.0,0.0,0.0,0.0,0.0,0.0,-0.015750484560635332,-0.023705400171956457,-0.008524535426939681,-1.7633691895896337,-3.1906859793763283,-1.0786447080815975,-0.18410339131495324,-0.28314707585340304,-0.09223043002600351,0.232,0.176,0.288,0.02274917980281853,0.016642254750902755,0.028810381593669044,-1.7633691895896337,-3.216184881186743,-1.1334155720239147,0.18308130025863648,0.1576533418893814,0.20850925862789155,-0.012,-0.028,0.0,-0.015750484560635332,-0.023251144426029147,-0.007906406290717791,False
soft_objective_recourse,False,1.0,0.0,0.0,250,0.1434154040813446,0.10993815787732601,0.1785878475099802,0.4469501254122101,0.4098655725564538,0.4857786474612759,0.16459210465115712,0.15338937856922102,0.1761926557095989,0.7897002083333333,0.7800120937500001,0.799094546875,0.025108616860583424,0.021260140995681288,0.028563048234954477,0.03628585940135696,0.024064087625205455,0.04923094016094795,-0.058905554520071894,-0.07764621475039656,-0.04062204426666283,0.13919837113394368,0.1276217670233007,0.1519545098981132,0.012,0.0,0.028,0.0,0.0,0.0,0.0,0.0,0.0,-0.028781907704231315,-0.037939567488723985,-0.019365413797889756,-0.6233749314993224,-1.836983228852003,-0.010906944721170328,-0.33642436818142074,-0.45190786401143646,-0.22040807382351554,0.228,0.176,0.288,0.06198666081283008,0.0473496401213122,0.07635316276614953,0.0,0.0,0.0,0.0,0.0,0.0,0.0,0.0,0.0,0.0,0.0,0.0,False
direct_invariance_only,False,1.0,0.5,0.0,250,0.07388383436203003,0.04984634900093079,0.10050220608711243,0.5233296238033752,0.4864314182024972,0.5608973724933765,0.14096103782278677,0.12945478688203482,0.15271906466206525,0.7836616666666666,0.7740184739583335,0.7937439999999999,0.025108616860583424,0.021260140995681288,0.028563048234954477,0.03628585940135696,0.024064087625205455,0.04923094016094795,-0.02113577735267208,-0.038959925965560006,-0.004700049080657684,0.1234146702850079,0.11219290199851181,0.13547631625696988,0.012,0.0,0.028,0.0,0.0,0.0,0.0,0.0,0.0,-0.013643444601426741,-0.020423115697931433,-0.007196210854149459,0.4175202764556355,-0.32108721804659407,0.9102400978707318,-0.15947473937519496,-0.23063819464001395,-0.08544608449506194,0.116,0.08,0.16,0.035532540677727896,0.02419500207134084,0.04858351125004003,1.040895207954958,0.5873875275325489,1.7844338040807888,-0.06953156971931458,-0.09526615683138372,-0.04468267174661159,0.0,0.0,0.0,0.015138463102804572,0.006716270771314581,0.0235672391359284,False
direct_invariance_only,False,1.0,1.0,0.0,250,0.0033903944492340086,0.0,0.008475986123085023,0.6089327574861976,0.5761757936209247,0.6409709620005482,0.11950924707953897,0.10791512957441979,0.1307634106666105,0.7796160416666666,0.7699271666666667,0.7898607187499999,0.025108616860583424,0.021260140995681288,0.028563048234954477,0.03628585940135696,0.024064087625205455,0.04923094016094795,0.0335590900932655,0.020366989325895167,0.04604344244384187,0.10893984716253545,0.10053135648367449,0.11817004669467512,0.012,0.0,0.028,0.0,0.0,0.0,0.0,0.0,0.0,0.00038325082449589497,0.0,0.0010909644449300752,0.07514688512488388,0.0,0.20268249683465325,0.0044797210042853974,0.0,0.013399605032187872,0.008,0.0,0.02,0.0011717592417977822,0.0,0.003230012206081101,0.6985218166242063,0.056965840271689924,1.9674378730126312,-0.1400250096321106,-0.1752736341148615,-0.10654776342809201,0.0,0.0,0.0,0.02916515852872721,0.019647294853226673,0.039045376361676425,False
direct_invariance_only,False,1.0,2.0,0.0,250,0.0,0.0,0.0,0.6140681910206505,0.5829335173801241,0.6457697857117467,0.11804889739125324,0.1067681958834476,0.12932275738725854,0.7803266666666666,0.7706921666666666,0.7906823333333333,0.025108616860583424,0.021260140995681288,0.028563048234954477,0.03628585940135696,0.024064087625205455,0.04923094016094795,0.03628585940135696,0.023083586832059636,0.04871583148344957,0.10917760215212138,0.10079855840094672,0.11853131174863936,0.012,0.0,0.028,0.0,0.0,0.0,0.0,0.0,0.0,0.0,0.0,0.0,0.0,0.0,0.0,0.0,0.0,0.0,0.0,0.0,0.0,0.0,0.0,0.0,0.6233749314993224,0.006780175355490195,1.8439487827129646,-0.1434154040813446,-0.1785878475099802,-0.10993815787732603,0.0,0.0,0.0,0.028781907704231315,0.019128948614298605,0.03848027194050487,False
direct_invariance_only,False,1.0,4.5526284410669,0.0,250,0.0023764991760253907,0.0,0.007129497528076172,0.6136319724412288,0.5822540845300537,0.6456718853762063,0.11751961889160324,0.10613624173494818,0.12857994789312505,0.78046,0.7708625000000001,0.7908805,0.025108616860583424,0.021260140995681288,0.028563048234954477,0.03628585940135696,0.024064087625205455,0.04923094016094795,0.034607599671186505,0.020444855730238697,0.04785714492750911,0.11025663642816158,0.10142086460366903,0.11951087706156435,0.016,0.004,0.032,0.0,0.0,0.0,0.0,0.0,0.0,-0.0016782597301704494,-0.0050347791905113485,0.0,0.04625106743669116,0.0,0.17148686650402,-0.019616749354105734,-0.06127387855105559,0.0,0.0,0.0,0.0,0.0,0.0,0.0,0.6696259989360136,0.0395246276068061,1.940796646921686,-0.1410389049053192,-0.1765743069201708,-0.10756356322765351,0.004,0.0,0.012,0.027103647974060868,0.017394234598203613,0.03706973180345425,True
direct_invariance_only,False,1.0,5.0,0.0,250,0.027804457545280457,0.015256775021553039,0.04204733729362488,0.6461086603885972,0.6162644025141434,0.674945145095187,0.10558878374823318,0.09481097910557638,0.11656897762156915,0.7833416666666667,0.7735461979166667,0.7934694635416667,0.025108616860583424,0.021260140995681288,0.028563048234954477,0.03628585940135696,0.024064087625205455,0.04923094016094795,0.04618608199126873,0.031704317372154685,0.05934291624603615,0.10721789900085676,0.0980010282425858,0.11704685966540726,0.016,0.004,0.032,0.0,0.0,0.0,0.0,0.0,0.0,-0.0008892371923170398,-0.00559671130944324,0.0034953222792816737,-0.2728396888828142,-0.6246381189645759,-0.07554445666355657,-0.01039406642752505,-0.06893263615260765,0.03791309625080478,0.056,0.032,0.088,0.004956780154926604,0.0022179079313555186,0.008434056452721144,0.35053524261650826,-0.20105407801165998,1.3805349656695287,-0.11561094653606414,-0.15315988914072512,-0.07893877433836462,0.004,0.0,0.012,0.02789267051191428,0.017267215097713,0.039166717770927034,False
soft_objective_recourse,False,3.0,0.0,0.0,250,0.6898499841690063,0.6409472115933895,0.738134485733509,0.0847100854740362,0.07588417120878944,0.09451106114991467,0.2570396048380195,0.2540149799863635,0.2599004638349164,0.8809008333333335,0.8730311979166668,0.8892097395833333,0.025108616860583424,0.021260140995681288,0.028563048234954477,0.03628585940135696,0.024064087625205455,0.04923094016094795,-0.28343086030080544,-0.2931166375931379,-0.2728946446154618,0.29268350165297374,0.28444178034611334,0.3003069738805914,0.012,0.0,0.028,0.0,0.0,0.0,0.0,0.0,0.0,-0.19800992606375226,-0.2122276765316639,-0.1838945645778651,-6.8110554628397795,-11.023128197350568,-4.920986855729097,-2.3144874535142232,-2.741460528803295,-1.9664395000423476,0.72,0.66,0.776,0.226436076153823,0.2078302736556019,0.24356140945535698,0.0,0.0,0.0,0.0,0.0,0.0,0.0,0.0,0.0,0.0,0.0,0.0,False
direct_invariance_only,False,3.0,0.5,0.0,250,0.6850969858169556,0.6371408457338811,0.7326952766478062,0.0863032316990845,0.07747853521844303,0.09655811219481034,0.25669044747962944,0.2536508155367285,0.25960543661648783,0.8801045833333334,0.872407328125,0.8887789010416668,0.025108616860583424,0.021260140995681288,0.028563048234954477,0.03628585940135696,0.024064087625205455,0.04923094016094795,-0.2824875735394065,-0.2926742294756799,-0.27194259278265637,0.29178070047693616,0.28335925422332,0.2998802219525868,0.012,0.0,0.028,0.0,0.0,0.0,0.0,0.0,0.0,-0.19706663930235335,-0.2107330440888651,-0.18286623787045586,-6.785059474954657,-11.01701243516203,-4.870752552644891,-2.3034616154780987,-2.7227806909485457,-1.9546443344798825,0.72,0.66,0.776,0.2258198456610845,0.20753160938860102,0.24291896631958215,0.02599598788512214,-0.0016188521435536618,0.08472576685000544,-0.004752998352050781,-0.011882495880126954,0.0,0.0,0.0,0.0,0.0009432867613989162,-6.160852666434158e-05,0.002602294586783113,False
direct_invariance_only,False,3.0,1.0,0.0,250,0.6798670725822449,0.6323273788571357,0.7283670060127974,0.08824489072448596,0.07909841892374031,0.09875137411799481,0.2558992491459112,0.25285913513858416,0.2588472597555742,0.8798064583333335,0.8719979947916666,0.8883998906249999,0.025108616860583424,0.021260140995681288,0.028563048234954477,0.03628585940135696,0.024064087625205455,0.04923094016094795,-0.2821367437933003,-0.29195052108625724,-0.27173330290258374,0.2910603761970581,0.28276386659162855,0.29909098630685643,0.012,0.0,0.028,0.0,0.0,0.0,0.0,0.0,0.0,-0.1967158095562471,-0.21053511435026967,-0.18292005406695,-6.775390977311382,-11.05221862335195,-4.874097334275287,-2.2993608561786836,-2.7124307916625003,-1.9536439049017198,0.72,0.66,0.776,0.2267056151549943,0.20871674118705952,0.24426636828372453,0.03566448552839763,-0.03679093636703261,0.1304254905007617,-0.009982911586761475,-0.02097971820831299,-0.0019677248001098635,0.0,0.0,0.0,0.001294116507505163,-0.0013385180846510515,0.004078663697117095,False
direct_invariance_only,False,3.0,2.0,0.0,250,0.6659567863941193,0.6183489521682263,0.7107900411397219,0.09361349921628798,0.08294054199642167,0.10439990114803972,0.2545469365036401,0.25126734684372587,0.25755677396159443,0.8792995833333335,0.8716390052083333,0.8882443385416667,0.025108616860583424,0.021260140995681288,0.028563048234954477,0.03628585940135696,0.024064087625205455,0.04923094016094795,-0.27875737260171674,-0.2891231698784173,-0.2685223557482586,0.2880351278371899,0.279167915217872,0.29619554561892514,0.012,0.0,0.028,0.0,0.0,0.0,0.0,0.0,0.0,-0.1933364383646636,-0.2075249948972105,-0.17952828632371595,-6.682259072835746,-10.894138188309196,-4.82258982130404,-2.2598602494203677,-2.658834400858492,-1.9199197565516428,0.72,0.66,0.776,0.22527076297467283,0.20723084416022475,0.24220418451196163,0.12879639000403387,0.01864043361242391,0.3086928830396178,-0.023893197774887086,-0.040861285096406935,-0.008620307445526124,0.0,0.0,0.0,0.0046734876990886815,0.0006960948956742988,0.009013238221228712,False
direct_invariance_only,False,3.0,4.5526284410669,0.0,250,0.44091475307941436,0.39812976133525374,0.4805176197618246,0.22814119628864413,0.19700910024719037,0.2626774972082134,0.20882731397455365,0.1984532475709864,0.21849387481291807,0.84139625,0.8330016614583334,0.84953296875,0.025108616860583424,0.021260140995681288,0.028563048234954477,0.03628585940135696,0.024064087625205455,0.04923094016094795,-0.21983339261293713,-0.23502207172835857,-0.20398157554701693,0.22908657047964748,0.21515561424472496,0.24392507458032806,0.016,0.004,0.032,0.0,0.0,0.0,0.0,0.0,0.0,-0.13632416820067736,-0.15029052258196343,-0.12253353846927759,-5.0583763548594955,-8.142404421836114,-3.5881196292436575,-1.5934583845541344,-1.8661589790811992,-1.3581247950474378,0.604,0.5439,0.6680999999999999,0.1780602703436021,0.16016194266875772,0.19588748672045708,1.752679107980284,1.042504537625951,3.1065355164521185,-0.24893523108959198,-0.3100926516056061,-0.18889220793545247,0.004,0.0,0.012,0.061685757863074925,0.04333479481309639,0.0795774437572092,True
direct_invariance_only,False,3.0,5.0,0.0,250,0.4051911183595657,0.36260029444396497,0.4451414323359728,0.2587612241880668,0.22285767898523512,0.2970419296971849,0.19715078326762522,0.18635382749648757,0.20744729043521495,0.8315964583333334,0.822941359375,0.8402672552083333,0.025108616860583424,0.021260140995681288,0.028563048234954477,0.03628585940135696,0.024064087625205455,0.04923094016094795,-0.2091434862758362,-0.22627236474520634,-0.1923110917864914,0.2204092291430062,0.20454362338030527,0.23767208537072354,0.024,0.008,0.044,0.0,0.0,0.0,0.0,0.0,0.0,-0.12777947599332068,-0.14203470463292078,-0.11445379535575868,-4.763773815097101,-7.7414125147810395,-3.351262224134139,-1.4935816596787341,-1.7285412848603938,-1.2774683322750446,0.56,0.492,0.624,0.16890020353499546,0.1497098291884903,0.18894735068767132,2.047281647742678,1.2244444503995882,3.617634275912068,-0.2846588658094406,-0.35074511899650096,-0.2168623607635498,0.012,0.0,0.028,0.07023045007043158,0.049281639064323916,0.090434584696637,False
soft_objective_recourse,False,10.0,0.0,0.0,250,1.0436508501768111,0.9888420279413461,1.0991134662508963,0.018710820504056012,0.016066483097247168,0.021474644093491146,0.2553816953106905,0.2525529526488312,0.2579797006936664,0.8983833333333333,0.8917644010416667,0.9052418854166667,0.025108616860583424,0.021260140995681288,0.028563048234954477,0.03628585940135696,0.024064087625205455,0.04923094016094795,-0.35997866269179035,-0.3673357304617627,-0.3525736314091332,0.36297903536213516,0.35633424484274584,0.3696030476453209,0.276,0.22,0.332,0.0,0.0,0.0,0.0,0.0,0.0,-0.2744262758066932,-0.2882005274215564,-0.26016914639825495,-8.920632131378662,-14.500874018463994,-6.383976408213318,-3.2076986487269687,-3.77676219558719,-2.7409013808777583,0.724,0.664,0.78,0.2661800114908275,0.24532762906777195,0.2861602440348,0.0,0.0,0.0,0.0,0.0,0.0,0.0,0.0,0.0,0.0,0.0,0.0,False
direct_invariance_only,False,10.0,0.5,0.0,250,1.0455504344701767,0.9895955011069775,1.099579174116254,0.018529949953631344,0.015810096062047148,0.021376718881983614,0.25432269699630605,0.25132591348694927,0.2572057914475991,0.8980162499999998,0.8913557291666666,0.904942015625,0.025108616860583424,0.021260140995681288,0.028563048234954477,0.03628585940135696,0.024064087625205455,0.04923094016094795,-0.3628657865260971,-0.3701882059283151,-0.35518543805345654,0.3654618721684487,0.35867955277995434,0.3723175514909908,0.272,0.216,0.328,0.0,0.0,0.0,0.0,0.0,0.0,-0.2773133996409999,-0.29159579615835507,-0.26299982123694715,-9.00019821805646,-14.602280122174117,-6.457548685229696,-3.241445501847318,-3.8223395058642624,-2.784122543406286,0.724,0.664,0.78,0.2677026687962709,0.24692511125481936,0.28750464579859986,-0.07956608667779719,-0.17171714015819037,-0.029391961530353377,0.0018995842933654786,-0.0029816198348999023,0.008475985527038574,-0.004,-0.012,0.0,-0.0028871238343066955,-0.005390582720203172,-0.0011277231848542688,False
direct_invariance_only,False,10.0,1.0,0.0,250,1.046436123728752,0.9890660102277995,1.1013713760644197,0.018475975899252255,0.015843655958408476,0.021351738943532463,0.25390703201633447,0.2509674637958615,0.2567377602320958,0.8986502083333333,0.892144125,0.9053745833333333,0.025108616860583424,0.021260140995681288,0.028563048234954477,0.03628585940135696,0.024064087625205455,0.04923094016094795,-0.3640560501709766,-0.3716258195783083,-0.3566810323088543,0.3665299575473531,0.35967309061553543,0.3732000664767676,0.272,0.216,0.324,0.0,0.0,0.0,0.0,0.0,0.0,-0.27850366328587933,-0.29262347773434394,-0.2642719797483182,-9.033000628265738,-14.646643205420053,-6.466630937282864,-3.255358189595915,-3.8312334558118657,-2.794933227964249,0.724,0.664,0.78,0.2685517986208614,0.2478097212942474,0.2886358110420159,-0.11236849688707551,-0.22917640842895234,-0.04749314705200569,0.002785273551940918,-0.006372014045715332,0.011751123523712154,-0.004,-0.016,0.008,-0.00407738747918617,-0.006984202669352857,-0.0018212849753873276,False
direct_invariance_only,False,10.0,2.0,0.0,250,1.0549882905483245,0.9982880702197551,1.1124218376636505,0.017822743182019745,0.015252535885535809,0.020618287621595514,0.2525979033055942,0.24944705899353775,0.25572837743012466,0.898575,0.8918834062499998,0.9053497447916666,0.025108616860583424,0.021260140995681288,0.028563048234954477,0.03628585940135696,0.024064087625205455,0.04923094016094795,-0.3678911602858113,-0.3753127109392479,-0.36048197749638256,0.3699645597496071,0.3631349744065864,0.3767072761712296,0.276,0.22,0.328,0.0,0.0,0.0,0.0,0.0,0.0,-0.28233877340071417,-0.2962272962649742,-0.26798276880285893,-9.138692216617406,-14.815853471473188,-6.575782728759781,-3.30018581223122,-3.8648502154372903,-2.8383255987842753,0.724,0.664,0.78,0.2718455115332348,0.2504854817255498,0.29265996754220064,-0.21806008523874354,-0.38558506540186727,-0.11458599120724713,0.011337440371513366,0.0021782481253147124,0.021586507928371426,0.0,-0.016,0.016,-0.007912497594020993,-0.012182066312624053,-0.004122747692911859,False
direct_invariance_only,False,10.0,4.5526284410669,0.0,250,1.0999974529743195,1.0478665941029788,1.1549861593842505,0.015281093013242309,0.01270789329984585,0.01811512320221309,0.2474016414563308,0.2429357725314636,0.2518147571628179,0.8996679166666667,0.893098375,0.9063429947916667,0.025108616860583424,0.021260140995681288,0.028563048234954477,0.03628585940135696,0.024064087625205455,0.04923094016094795,-0.3828596897724382,-0.3905732427356113,-0.37456738728721767,0.38462744111078534,0.37750992226008084,0.39174297920589396,0.34,0.28,0.396,0.0,0.0,0.0,0.0,0.0,0.0,-0.29730730288734103,-0.311575196134041,-0.2831242204224614,-9.551209096018287,-15.364106264026027,-6.888523968312243,-3.475149130399428,-4.0431142881535145,-3.005590585849624,0.724,0.664,0.78,0.2838984157585805,0.2609974267101828,0.3050467883073185,-0.6305769646396246,-1.030037959042133,-0.4263290062992801,0.05634660279750824,0.03882221427857876,0.07855775358080865,0.064,0.028,0.1,-0.022881027080647865,-0.031349728803610415,-0.015839618111487312,True
direct_invariance_only,False,10.0,5.0,0.0,250,1.1057643463611604,1.0544336927354334,1.1608194897651674,0.014845676470028928,0.012322555281264672,0.017651384057037797,0.24709785233208234,0.24260981277930374,0.2515420762985953,0.899499375,0.892903640625,0.9061748489583332,0.025108616860583424,0.021260140995681288,0.028563048234954477,0.03628585940135696,0.024064087625205455,0.04923094016094795,-0.38412227215899236,-0.392013129280681,-0.37614370457879714,0.38588814550341277,0.37859342706663024,0.39305402846150855,0.348,0.2879,0.404,0.0,0.0,0.0,0.0,0.0,0.0,-0.2985698852738951,-0.3122754910415148,-0.28470038267062026,-9.58600453444483,-15.417562714023488,-6.889166899041844,-3.4899071334490666,-4.066969131907319,-3.016278507115167,0.724,0.664,0.78,0.2851609981451346,0.2620237405467415,0.306265772124012,-0.6653724030661685,-1.072194333601835,-0.45764169769888124,0.06211349618434906,0.04295884592235088,0.08505606887042523,0.072,0.036,0.112,-0.024143609467201968,-0.03306709776475528,-0.017246817231287525,False
soft_objective_recourse,False,30.0,0.0,0.0,250,1.2376095366477966,1.1902893964886665,1.2806172822117807,0.006472415313287048,0.0047287223510430135,0.008744385878234616,0.25263870529452437,0.24938661068553944,0.2559230961318613,0.900284375,0.8927867500000001,0.907006125,0.025108616860583424,0.021260140995681288,0.028563048234954477,0.03628585940135696,0.024064087625205455,0.04923094016094795,-0.38126371041433893,-0.3887809013231076,-0.3725939770315452,0.3856110636714905,0.3787956604801648,0.39255471970435185,0.528,0.464,0.5880999999999998,0.0,0.0,0.0,0.0,0.0,0.0,-0.2957113235292417,-0.30922807035514255,-0.2817147754777318,-9.507225588822104,-15.52792269023621,-6.901104342921602,-3.4564941352998426,-4.039991835726695,-3.000655615113478,0.724,0.664,0.78,0.2822891654414882,0.25928327951708235,0.3040445370393177,0.0,0.0,0.0,0.0,0.0,0.0,0.0,0.0,0.0,0.0,0.0,0.0,False
direct_invariance_only,False,30.0,0.5,0.0,250,1.2413486399650573,1.1934716122865678,1.2844773760676385,0.006351023221213167,0.004595541481522954,0.008612825571119429,0.2478481694650622,0.24386003172582266,0.25188937229132324,0.9015783333333334,0.8943159791666667,0.9082333020833333,0.025108616860583424,0.021260140995681288,0.028563048234954477,0.03628585940135696,0.024064087625205455,0.04923094016094795,-0.39379359845467704,-0.4018699518122279,-0.3849353471271558,0.3971989196507307,0.3901365378763518,0.4040373259141328,0.544,0.48,0.604,0.0,0.0,0.0,0.0,0.0,0.0,-0.30824121156957984,-0.32200001940072054,-0.29516607414152773,-9.85253608296654,-16.02816052571957,-7.145734819239022,-3.6029527964376866,-4.19263402546519,-3.115009068189864,0.724,0.664,0.78,0.29138109252804345,0.2676914793402462,0.3136261280791988,-0.34531049414443515,-0.601893059903895,-0.2137640429654108,0.003739103317260742,0.0006813020706176758,0.008167823529243461,0.016,0.004,0.032,-0.012529888040338126,-0.01738970963504369,-0.008320608898381716,False
direct_invariance_only,False,30.0,1.0,0.0,250,1.2419618015289307,1.1945916521430016,1.2849381027698517,0.006355397187897904,0.0045879531098132345,0.008635174463562734,0.24686148358882615,0.2427451711313867,0.2510179564839501,0.9021156249999999,0.8948940729166666,0.90884659375,0.025108616860583424,0.021260140995681288,0.028563048234954477,0.03628585940135696,0.024064087625205455,0.04923094016094795,-0.3962226788713703,-0.4038223663534311,-0.38806447147750595,0.3992516709783065,0.3920857227459205,0.40609635261988314,0.544,0.48,0.6040999999999999,0.0,0.0,0.0,0.0,0.0,0.0,-0.3106702919862731,-0.324261034533253,-0.29790452178841276,-9.919478976335146,-16.148001899616194,-7.183235650450043,-3.6313456970350204,-4.224135206510466,-3.1417261259749916,0.724,0.664,0.78,0.29322938620693517,0.26980677295018574,0.31558131489862407,-0.41225338751304186,-0.7178728785640105,-0.26196656515212713,0.004352264881134034,-0.001288126242160797,0.011072988033294678,0.016,-0.004,0.04,-0.014958968457031416,-0.020029671635826248,-0.010411980667738368,False
direct_invariance_only,False,30.0,2.0,0.0,250,1.2582727437019348,1.2125930846452713,1.2979999685287475,0.006033382982390422,0.004213908502575038,0.008307830889313379,0.24270564926588006,0.23801851262184467,0.24749926611308293,0.9034102083333332,0.89661696875,0.9098997447916667,0.025108616860583424,0.021260140995681288,0.028563048234954477,0.03628585940135696,0.024064087625205455,0.04923094016094795,-0.4062011553923469,-0.41300867971340705,-0.39920217205212816,0.4078722642060328,0.4012346551368741,0.4147193264271944,0.576,0.512,0.632,0.0,0.0,0.0,0.0,0.0,0.0,-0.32064876850724966,-0.33239120076668144,-0.3085904008127596,-10.194475260992618,-16.469184453226365,-7.374923368805357,-3.7479815605601186,-4.343113406646528,-3.2485560840851,0.724,0.664,0.78,0.30234425396507425,0.2793338032072546,0.3258153976042303,-0.6872496721705144,-1.1424544534171202,-0.46354752425321333,0.020663207054138183,0.010399323964118959,0.03236103907823562,0.048,0.016,0.08009999999999991,-0.024937444978007976,-0.03286484988043384,-0.017643000856336393,False
direct_invariance_only,False,30.0,4.5526284410669,0.0,250,1.285724814414978,1.2409260088562966,1.3240427943348885,0.005540553950104334,0.003735676001611221,0.007660188544374214,0.2387912060776989,0.23359363386913978,0.24382718789602228,0.9063008333333332,0.90011675,0.9122158854166666,0.025108616860583424,0.021260140995681288,0.028563048234954477,0.03628585940135696,0.024064087625205455,0.04923094016094795,-0.4160504049457038,-0.42308272378292905,-0.40913689240842743,0.4172780023625822,0.4104300390250801,0.42432426605061324,0.616,0.556,0.676,0.0,0.0,0.0,0.0,0.0,0.0,-0.33049801806060664,-0.342623542566025,-0.3193334328528439,-10.465910186769477,-16.87374875214409,-7.608939529956991,-3.8631069230656108,-4.438165799150917,-3.3658393500960138,0.724,0.664,0.78,0.3095619529748244,0.28604114251620266,0.3329803587510262,-0.9586845979473733,-1.5388445451093389,-0.6799666548625535,0.0481152777671814,0.03186330213546753,0.0667305486559868,0.088,0.052,0.128,-0.03478669453136491,-0.04375316920502371,-0.026456740094150128,True
direct_invariance_only,False,30.0,5.0,0.0,250,1.2891152086257935,1.2441136464953422,1.3283677355885506,0.0054613514125533055,0.003637309449749673,0.007588147305053496,0.23858122465543283,0.23340196856476406,0.24360444501703907,0.906248125,0.9000640416666666,0.9121293333333333,0.025108616860583424,0.021260140995681288,0.028563048234954477,0.03628585940135696,0.024064087625205455,0.04923094016094795,-0.41675430639822175,-0.4236656907398041,-0.4096477638787417,0.41798190381510014,0.41110373901143954,0.42491690564376167,0.624,0.5679,0.684,0.0,0.0,0.0,0.0,0.0,0.0,-0.33120191951312455,-0.3432371017574685,-0.3201636777923357,-10.485308968116563,-16.90106386831531,-7.61554696800918,-3.87133464736585,-4.450134571727063,-3.377757075868818,0.724,0.664,0.78,0.3099481513820332,0.2866212286366994,0.33324462454166753,-0.9780833792944588,-1.5777294192939593,-0.6898792683158985,0.051505671977996825,0.03428902257680893,0.07028017221689224,0.096,0.056,0.14,-0.03549059598388278,-0.044618089697302916,-0.026970250819505586,False
transport_anchor_only,False,0.0,0.0,0.1,250,0.0,0.0,0.0,0.6140681910206505,0.5829335173801241,0.6457697857117467,0.11804889739125324,0.1067681958834476,0.12932275738725854,0.7803266666666666,0.7706921666666666,0.7906823333333333,0.025108616860583424,0.021260140995681288,0.028563048234954477,0.03628585940135696,0.024064087625205455,0.04923094016094795,0.03628585940135696,0.023083586832059636,0.04871583148344957,0.10917760215212138,0.10079855840094672,0.11853131174863936,0.012,0.0,0.028,0.0,0.0,0.0,0.0,0.0,0.0,0.0,0.0,0.0,0.0,0.0,0.0,0.0,0.0,0.0,0.0,0.0,0.0,0.0,0.0,0.0,0.0,0.0,0.0,0.0,0.0,0.0,0.0,0.0,0.0,0.0,0.0,0.0,False
mediation_aware_recourse,False,0.0,0.5,0.1,250,0.0,0.0,0.0,0.6140681910206505,0.5829335173801241,0.6457697857117467,0.11804889739125324,0.1067681958834476,0.12932275738725854,0.7803266666666666,0.7706921666666666,0.7906823333333333,0.025108616860583424,0.021260140995681288,0.028563048234954477,0.03628585940135696,0.024064087625205455,0.04923094016094795,0.03628585940135696,0.023083586832059636,0.04871583148344957,0.10917760215212138,0.10079855840094672,0.11853131174863936,0.012,0.0,0.028,0.0,0.0,0.0,0.0,0.0,0.0,0.0,0.0,0.0,0.0,0.0,0.0,0.0,0.0,0.0,0.0,0.0,0.0,0.0,0.0,0.0,0.0,0.0,0.0,0.0,0.0,0.0,0.0,0.0,0.0,0.0,0.0,0.0,False
mediation_aware_recourse,False,0.0,1.0,0.1,250,0.0,0.0,0.0,0.6140681910206505,0.5829335173801241,0.6457697857117467,0.11804889739125324,0.1067681958834476,0.12932275738725854,0.7803266666666666,0.7706921666666666,0.7906823333333333,0.025108616860583424,0.021260140995681288,0.028563048234954477,0.03628585940135696,0.024064087625205455,0.04923094016094795,0.03628585940135696,0.023083586832059636,0.04871583148344957,0.10917760215212138,0.10079855840094672,0.11853131174863936,0.012,0.0,0.028,0.0,0.0,0.0,0.0,0.0,0.0,0.0,0.0,0.0,0.0,0.0,0.0,0.0,0.0,0.0,0.0,0.0,0.0,0.0,0.0,0.0,0.0,0.0,0.0,0.0,0.0,0.0,0.0,0.0,0.0,0.0,0.0,0.0,False
mediation_aware_recourse,False,0.0,2.0,0.1,250,0.006780788898468017,0.0016951972246170043,0.013561577796936035,0.6241990799605819,0.5933262163030195,0.6541815672748611,0.11449132570372256,0.10328396223027102,0.1262895467851046,0.7803300000000001,0.7707554375000001,0.790798296875,0.025108616860583424,0.021260140995681288,0.028563048234954477,0.03628585940135696,0.024064087625205455,0.04923094016094795,0.040462566323984664,0.027362005304916562,0.05365920948100773,0.1076690243428242,0.099200374369608,0.11655856361339025,0.012,0.0,0.028,0.0,0.0,0.0,0.0,0.0,0.0,0.0010637953512185239,-0.0012148115651154714,0.0033804561492623954,-0.11510563595667556,-0.3081629275999206,-0.020688182797848818,0.012434432164321718,-0.014128572461239764,0.03957687353351705,0.016,0.004,0.032099999999999906,0.0015564557857045901,0.00021114291982292366,0.003605712506437343,-0.11510563595667556,-0.29904201373951345,-0.02268380338090078,0.006780788898468017,0.0016951972246170043,0.013561577796936035,0.0,0.0,0.0,0.0010637953512185239,-0.0007910325961342639,0.003514092681577837,False
mediation_aware_recourse,False,0.0,4.5526284410669,0.1,250,0.16782452523708344,0.14409176409244537,0.1932524836063385,0.7759043257602214,0.7642659511177996,0.7862055273653433,0.05978945480800946,0.05503883615751745,0.06463787289339867,0.8024954166666667,0.792810765625,0.8119527916666667,0.025108616860583424,0.021260140995681288,0.028563048234954477,0.03628585940135696,0.024064087625205455,0.04923094016094795,0.09834052467309756,0.0889708164121077,0.10759342986269421,0.10412343868415593,0.09520767234624335,0.11292634664835338,0.0,0.0,0.0,0.0,0.0,0.0,0.0,0.0,0.0,-0.013819783346241734,-0.021870173999107935,-0.0065347707034100755,-1.7101611011980054,-3.0989593233416275,-1.0337628136876011,-0.1615359179259679,-0.258166616559897,-0.07294724865754444,0.232,0.176,0.288,0.02274866408801224,0.016640129781747677,0.028813785765690395,-1.7101611011980054,-3.1297462546001507,-1.101529388295439,0.16782452523708344,0.14409176409244537,0.1932524836063385,-0.012,-0.028,0.0,-0.013819783346241734,-0.021475288289788046,-0.006336443946911338,True
mediation_aware_recourse,False,0.0,5.0,0.1,250,0.17799570858478547,0.1542629474401474,0.20342366695404052,0.7806332161375135,0.7702324441781844,0.7910575396837581,0.05766138329252522,0.053094067353949045,0.062488278610821214,0.8025608333333334,0.7928521770833332,0.81205665625,0.025108616860583424,0.021260140995681288,0.028563048234954477,0.03628585940135696,0.024064087625205455,0.04923094016094795,0.09964093410400142,0.09033872125164001,0.10899250000878496,0.10486403545838716,0.09585307332617828,0.11374684229041006,0.0,0.0,0.0,0.0,0.0,0.0,0.0,0.0,0.0,-0.015120192777145589,-0.023062992068100356,-0.007914369579038134,-1.7459990130556262,-3.164029654138307,-1.0607080090988181,-0.1767360716358859,-0.2765172769476676,-0.08723411889188258,0.232,0.176,0.288,0.02274866408801224,0.016640129781747677,0.028813785765690395,-1.7459990130556262,-3.161481224341206,-1.1214035365310218,0.17799570858478547,0.1542629474401474,0.20342366695404052,-0.012,-0.028,0.0,-0.015120192777145589,-0.022629934800707338,-0.00740489926647895,False
transport_anchor_only,False,1.0,0.0,0.1,250,0.13567274498939513,0.10290858811438083,0.16843118828535078,0.4548357479878921,0.4178412035103876,0.49456758991225475,0.1621610342797349,0.1512579359275234,0.17373492358525028,0.7874493749999999,0.7774296041666666,0.79705278125,0.025108616860583424,0.021260140995681288,0.028563048234954477,0.03628585940135696,0.024064087625205455,0.04923094016094795,-0.05497507460032662,-0.07272248021748053,-0.03616397759380238,0.13706956233646547,0.12550644582303463,0.14944462251477433,0.012,0.0,0.028,0.0,0.0,0.0,0.0,0.0,0.0,-0.026584612892560172,-0.03571436234102882,-0.01742438672894682,-0.5150550519487147,-1.69435911559257,0.07819725223394089,-0.31074075032254966,-0.417668943665198,-0.20275543254257566,0.216,0.164,0.276,0.05892277344712187,0.04362944430978689,0.07311778011875658,0.10831987955060773,0.0,0.28238086167600474,-0.007742659091949463,-0.01806620454788208,0.0,0.0,0.0,0.0,0.0021972948116711463,0.0,0.0049292348266386345,False
mediation_aware_recourse,False,1.0,0.5,0.1,250,0.06267459976673126,0.041139915189146996,0.08833300582468509,0.536076969143383,0.4996914812539438,0.574489404079383,0.1383146014198551,0.12710193532586833,0.14966349737803333,0.7802718750000001,0.7701498541666666,0.7903609687500002,0.025108616860583424,0.021260140995681288,0.028563048234954477,0.03628585940135696,0.024064087625205455,0.04923094016094795,-0.011756680590219875,-0.02937110805271491,0.0027032587655214275,0.11918555344049557,0.10879973891087179,0.13023095997494613,0.012,0.0,0.028,0.0,0.0,0.0,0.0,0.0,0.0,-0.008999303774003624,-0.014807921581975173,-0.003159725301648658,0.6759982873719612,0.06359001395707951,0.9829854922728691,-0.10519056336897159,-0.1751284654608079,-0.03735645157834525,0.1,0.064,0.14,0.02852092188279023,0.01821457788122172,0.04004946115276665,1.2993732188712837,0.7865241335574027,2.138368681377053,-0.08074080431461335,-0.10905437326431275,-0.05404625153541565,0.0,0.0,0.0,0.019782603930227693,0.011255841573990587,0.02779479748582268,False
mediation_aware_recourse,False,1.0,1.0,0.1,250,0.0033903944492340086,0.0,0.008475986123085023,0.6089327574861976,0.5761757936209247,0.6409709620005482,0.11950924707953897,0.10791512957441979,0.1307634106666105,0.7796160416666666,0.7699271666666667,0.7898607187499999,0.025108616860583424,0.021260140995681288,0.028563048234954477,0.03628585940135696,0.024064087625205455,0.04923094016094795,0.0335590900932655,0.020366989325895167,0.04604344244384187,0.10893984716253545,0.10053135648367449,0.11817004669467512,0.012,0.0,0.028,0.0,0.0,0.0,0.0,0.0,0.0,0.00038325082449589497,0.0,0.0010909644449300752,0.07514688512488388,0.0,0.20268249683465325,0.0044797210042853974,0.0,0.013399605032187872,0.008,0.0,0.02,0.0011717592417977822,0.0,0.003230012206081101,0.6985218166242063,0.056965840271689924,1.9674378730126312,-0.1400250096321106,-0.1752736341148615,-0.10654776342809201,0.0,0.0,0.0,0.02916515852872721,0.019647294853226673,0.039045376361676425,False
mediation_aware_recourse,False,1.0,2.0,0.1,250,0.0,0.0,0.0,0.6140681910206505,0.5829335173801241,0.6457697857117467,0.11804889739125324,0.1067681958834476,0.12932275738725854,0.7803266666666666,0.7706921666666666,0.7906823333333333,0.025108616860583424,0.021260140995681288,0.028563048234954477,0.03628585940135696,0.024064087625205455,0.04923094016094795,0.03628585940135696,0.023083586832059636,0.04871583148344957,0.10917760215212138,0.10079855840094672,0.11853131174863936,0.012,0.0,0.028,0.0,0.0,0.0,0.0,0.0,0.0,0.0,0.0,0.0,0.0,0.0,0.0,0.0,0.0,0.0,0.0,0.0,0.0,0.0,0.0,0.0,0.6233749314993224,0.006780175355490195,1.8439487827129646,-0.1434154040813446,-0.1785878475099802,-0.10993815787732603,0.0,0.0,0.0,0.028781907704231315,0.019128948614298605,0.03848027194050487,False
mediation_aware_recourse,False,1.0,4.5526284410669,0.1,250,0.0023764991760253907,0.0,0.007129497528076172,0.6136319724412288,0.5822540845300537,0.6456718853762063,0.11751961889160324,0.10613624173494818,0.12857994789312505,0.78046,0.7708625000000001,0.7908805,0.025108616860583424,0.021260140995681288,0.028563048234954477,0.03628585940135696,0.024064087625205455,0.04923094016094795,0.034607599671186505,0.020444855730238697,0.04785714492750911,0.11025663642816158,0.10142086460366903,0.11951087706156435,0.016,0.004,0.032,0.0,0.0,0.0,0.0,0.0,0.0,-0.0016782597301704494,-0.0050347791905113485,0.0,0.04625106743669116,0.0,0.17148686650402,-0.019616749354105734,-0.06127387855105559,0.0,0.0,0.0,0.0,0.0,0.0,0.0,0.6696259989360136,0.0395246276068061,1.940796646921686,-0.1410389049053192,-0.1765743069201708,-0.10756356322765351,0.004,0.0,0.012,0.027103647974060868,0.017394234598203613,0.03706973180345425,True
mediation_aware_recourse,False,1.0,5.0,0.1,250,0.02441406309604645,0.01355326296389103,0.03731137149035929,0.6416934563188594,0.6112383719235456,0.6708902293513193,0.1071557170650864,0.09630077988961938,0.11869308744159816,0.7819206249999999,0.7717994583333334,0.7921627552083333,0.025108616860583424,0.021260140995681288,0.028563048234954477,0.03628585940135696,0.024064087625205455,0.04923094016094795,0.04468281545408086,0.03023461563705262,0.058266695649499954,0.10782766967928856,0.09852349353796794,0.11763465780094214,0.016,0.004,0.032,0.0,0.0,0.0,0.0,0.0,0.0,-0.0013504507536362667,-0.006086464485141046,0.0029699289874359214,-0.23141124920993006,-0.5338727725214419,-0.04971965285727961,-0.015785073950654427,-0.07393310823500245,0.03154751021946775,0.048,0.024,0.076,0.004435753666992281,0.001734240786126154,0.007758342195883172,0.3919636822893924,-0.1835905040182723,1.457489227627607,-0.11900134098529816,-0.1558740913182497,-0.08354722970426083,0.004,0.0,0.012,0.027431456950595047,0.017012970327323292,0.038380008786544934,False
transport_anchor_only,False,3.0,0.0,0.1,250,0.6867921829223633,0.6386498968690634,0.7350864285498857,0.08574084755864922,0.07679731652758999,0.09626218782733753,0.2567674954838152,0.25374742841307224,0.2596748349262466,0.8799306250000001,0.8720802187500001,0.8884970624999998,0.025108616860583424,0.021260140995681288,0.028563048234954477,0.03628585940135696,0.024064087625205455,0.04923094016094795,-0.28295823923787566,-0.29283533325522965,-0.27248005933599856,0.2922513661754053,0.28385400588082704,0.2999965545711624,0.012,0.0,0.028,0.0,0.0,0.0,0.0,0.0,0.0,-0.19753730500082253,-0.21167948978402268,-0.18352119862119537,-6.7980305250065,-11.023161277998158,-4.892273625595836,-2.3089631066182736,-2.738052435756375,-1.959575950815159,0.72,0.66,0.776,0.2262905113595537,0.20782721171924648,0.24320867134015406,0.013024937833279182,-0.001636058583027533,0.041541575565388636,-0.0030578012466430664,-0.0091734037399292,0.0,0.0,0.0,0.0,0.00047262106292975223,-6.160852666434158e-05,0.0013082250746418787,False
mediation_aware_recourse,False,3.0,0.5,0.1,250,0.6820391845703125,0.6347590358525514,0.7306025509804488,0.08736183774920786,0.07839892915651489,0.09807967810494694,0.25648309391065155,0.2534813365866173,0.2593747664381449,0.8796289583333334,0.8717003281250001,0.8881950989583333,0.025108616860583424,0.021260140995681288,0.028563048234954477,0.03628585940135696,0.024064087625205455,0.04923094016094795,-0.2817361719000948,-0.2918154026711887,-0.27127507980581,0.29102929883762446,0.2827432342645351,0.2992866585192152,0.012,0.0,0.028,0.0,0.0,0.0,0.0,0.0,0.0,-0.19631523766304168,-0.20992268624449495,-0.18192789370420198,-6.7643516385768425,-10.993176336814745,-4.85486300602695,-2.294678673626098,-2.715661039876064,-1.9467600656859403,0.72,0.66,0.776,0.22564347660348308,0.2072156410322587,0.24276289419516706,0.046703824262936955,0.0039226488444193295,0.11920063499566193,-0.007810799598693847,-0.016984203338623046,-0.0006813020706176758,0.0,0.0,0.0,0.0016946884007106096,0.0001455647942692826,0.0036665969322546323,False
mediation_aware_recourse,False,3.0,1.0,0.1,250,0.6791857705116272,0.631048594135046,0.7275528637766838,0.08848851801523577,0.07945174277429046,0.09907333460556178,0.2558643689726964,0.2528156522852595,0.2587981828394232,0.879503125,0.8717334583333334,0.8881698020833334,0.025108616860583424,0.021260140995681288,0.028563048234954477,0.03628585940135696,0.024064087625205455,0.04923094016094795,-0.28196227742082414,-0.29174891376996365,-0.2715720701060256,0.29088590982458196,0.28251944285901787,0.2987476521655807,0.012,0.0,0.028,0.0,0.0,0.0,0.0,0.0,0.0,-0.19654134318377098,-0.21025812456848442,-0.18292005406695,-6.770582868164886,-11.05221862335195,-4.871550268735201,-2.297321563309971,-2.710231234450507,-1.9535976731679334,0.72,0.66,0.776,0.2267056151549943,0.20871674118705952,0.24426636828372453,0.040472594674893614,-0.03220623582310293,0.14232421242274484,-0.01066421365737915,-0.021661020278930663,-0.002649026870727539,0.0,0.0,0.0,0.0014685828799812929,-0.0011711836855763068,0.0042381687155332625,False
mediation_aware_recourse,False,3.0,2.0,0.1,250,0.6628989852666854,0.6152809316754341,0.709494224831462,0.09484968946348361,0.08487713330633954,0.10594164899679218,0.2542454037491503,0.25087946686931784,0.2574171953136043,0.87858875,0.8708300989583334,0.8872054479166667,0.025108616860583424,0.021260140995681288,0.028563048234954477,0.03628585940135696,0.024064087625205455,0.04923094016094795,-0.27809577784340106,-0.28825129958167844,-0.2682010018557156,0.2869816074389696,0.2781759821004405,0.2951419497334356,0.012,0.0,0.028,0.0,0.0,0.0,0.0,0.0,0.0,-0.1926748436063479,-0.20713609004101524,-0.17886971339041458,-6.66402621934321,-10.84604649705351,-4.804941682653027,-2.2521270372634206,-2.6417491812986618,-1.909564653527703,0.72,0.66,0.776,0.22395715461336868,0.20571845952722695,0.24135580156261002,0.14702924349656943,0.02242920489243814,0.3421764556642214,-0.02695099890232086,-0.04535787153244018,-0.010996806621551513,0.0,0.0,0.0,0.0053350824574043675,0.0008734763943162979,0.010172740175766309,False
mediation_aware_recourse,False,3.0,4.5526284410669,0.1,250,0.42841909563541414,0.3865027604818344,0.4686334203720093,0.23646880352089414,0.2031828526215619,0.2706467031797318,0.20611135266300976,0.19569229995350118,0.21618138962565364,0.8386510416666666,0.8299731197916667,0.8470841770833334,0.025108616860583424,0.021260140995681288,0.028563048234954477,0.03628585940135696,0.024064087625205455,0.04923094016094795,-0.21593859772283128,-0.23179269384199108,-0.20013238083814266,0.22574081433900062,0.2111965704163556,0.24104938486478683,0.016,0.004,0.032,0.0,0.0,0.0,0.0,0.0,0.0,-0.13289434945614909,-0.14674609953401938,-0.1200816006230311,-4.951039917074582,-7.991984709545399,-3.5195514930449643,-1.5533681092338822,-1.8147382576322402,-1.3258203867528429,0.596,0.532,0.66,0.17517522245125589,0.1567581352441672,0.19374556215217842,1.8600155457651972,1.1212773801659335,3.300541879591292,-0.2614308885335922,-0.3245211093723774,-0.19745497809052467,0.004,0.0,0.012,0.06511557660760318,0.04691561749879341,0.08371195916047414,True
mediation_aware_recourse,False,3.0,5.0,0.1,250,0.40172454285621645,0.359922989320755,0.44390441381931306,0.26104795181568474,0.22566256374795723,0.2997279920644987,0.19648732724903817,0.18566002454140668,0.20701025551174462,0.829121875,0.8197947343750001,0.8379096197916667,0.025108616860583424,0.021260140995681288,0.028563048234954477,0.03628585940135696,0.024064087625205455,0.04923094016094795,-0.20795737839554557,-0.22570764396610996,-0.19085314250509322,0.21971121109947456,0.20328610484773516,0.23680909137490144,0.024,0.008,0.044,0.0,0.0,0.0,0.0,0.0,0.0,-0.12663382978729448,-0.14151237114458856,-0.11324190987843881,-4.731085933375157,-7.7269184441446015,-3.326374862506207,-1.4801904937774846,-1.7167710572887993,-1.2637775973894232,0.556,0.488,0.62,0.16807623112454723,0.14847458788836537,0.1880522439980187,2.0799695294646225,1.2490780689747834,3.678842669109044,-0.28812544131278994,-0.3553705545037985,-0.2200113978236914,0.012,0.0,0.028,0.07137609627645779,0.05077384133956643,0.09129836321366328,False
transport_anchor_only,False,10.0,0.0,0.1,250,1.0411981695890427,0.9860095094710588,1.095806178227067,0.018961981301290967,0.01613508208777108,0.02173722113991152,0.2550632233877378,0.2521847692779523,0.25778267480296513,0.8966722916666665,0.8897701197916666,0.9034249583333334,0.025108616860583424,0.021260140995681288,0.028563048234954477,0.03628585940135696,0.024064087625205455,0.04923094016094795,-0.3607382859731711,-0.36820550021621296,-0.3532770028832307,0.36362588782863114,0.3567063090950933,0.37061523030358157,0.276,0.22,0.328,0.0,0.0,0.0,0.0,0.0,0.0,-0.27518589908807395,-0.28937688434340103,-0.2606590222402691,-8.94156654753727,-14.509057851149262,-6.394295235697075,-3.2165776912532857,-3.788975321224574,-2.753271029852425,0.724,0.664,0.78,0.26660194420407995,0.24537848253173092,0.2865423549242302,-0.02093441615860847,-0.08565404719438167,0.03797308925903859,-0.002452680587768555,-0.0160322781085968,0.008067211151123048,0.0,-0.012,0.012,-0.0007596232813807374,-0.0028657329015726756,0.0012461690532498172,False
mediation_aware_recourse,False,10.0,0.5,0.1,250,1.042083858847618,0.9866855000942946,1.0968654477506876,0.01887205586154195,0.016007010778070065,0.02170543693762499,0.2545473770586994,0.2516003163223759,0.25733816703730866,0.8972645833333333,0.8903568385416666,0.9039232500000001,0.025108616860583424,0.021260140995681288,0.028563048234954477,0.03628585940135696,0.024064087625205455,0.04923094016094795,-0.3621151059028971,-0.36949411940416516,-0.35437149121244826,0.3648049895908773,0.3579054400737793,0.37174350837588427,0.272,0.2159,0.328,0.0,0.0,0.0,0.0,0.0,0.0,-0.2765627190177999,-0.29089141620021025,-0.2623210571278484,-8.97951025212194,-14.545992291516685,-6.431505671162901,-3.232670987768498,-3.8075155084867367,-2.7664695168942397,0.724,0.664,0.78,0.2675038184836096,0.2463434740902851,0.2875027281100566,-0.05887812074327847,-0.14710667870429783,-0.0014651941859694518,-0.0015669913291931153,-0.01317695951461792,0.006780788421630859,-0.004,-0.012,0.0,-0.0021364432111067202,-0.0046442201227234504,-4.032780354354892e-05,False
mediation_aware_recourse,False,10.0,1.0,0.1,250,1.0513173278570176,0.9967354734420776,1.106181234422326,0.017997110439814903,0.01539956843143699,0.020741178311979476,0.2538515193015401,0.2509540714654936,0.25674932104450315,0.897951875,0.8912638385416667,0.9047835729166667,0.025108616860583424,0.021260140995681288,0.028563048234954477,0.03628585940135696,0.024064087625205455,0.04923094016094795,-0.364627543342675,-0.37210083890808526,-0.3573222746199478,0.36719108910245446,0.3599630097607293,0.3741863497564101,0.272,0.216,0.324,0.0,0.0,0.0,0.0,0.0,0.0,-0.2790751564575778,-0.29370687364250514,-0.2645880848051103,-9.048750377097015,-14.681202283470027,-6.486766209533931,-3.2620382273190707,-3.833725857835022,-2.7991043553437334,0.724,0.664,0.78,0.2694644256128488,0.2483818603278321,0.28982897433567456,-0.12811824571835295,-0.2567742029153115,-0.05591115030463691,0.007666477680206299,0.0016951971054077147,0.015605483055114746,-0.004,-0.016,0.008,-0.004648880650884601,-0.008104438664334296,-0.002082495903203802,False
mediation_aware_recourse,False,10.0,2.0,0.1,250,1.0526117913722992,0.9959351236999034,1.1086988889396192,0.017977342835495676,0.015381064515827771,0.020728565520994734,0.2530190656679841,0.25015699720789736,0.25608761784699524,0.8982683333333334,0.8916383489583333,0.9051474531249999,0.025108616860583424,0.021260140995681288,0.028563048234954477,0.03628585940135696,0.024064087625205455,0.04923094016094795,-0.36680796120259257,-0.3738572536220875,-0.3596277236447454,0.36889426237970074,0.3618805422122734,0.37563116046197553,0.272,0.216,0.324,0.0,0.0,0.0,0.0,0.0,0.0,-0.28125557431749537,-0.2954184476779724,-0.2669609992033562,-9.108840392764,-14.790458348472765,-6.5583191430931445,-3.2875245747993107,-3.8575822355169165,-2.824123819919193,0.724,0.664,0.78,0.270762312450016,0.24950283092563164,0.2913777813405532,-0.18820826138533775,-0.34164275714392434,-0.09288060020371522,0.008960941195487977,0.0006823285281658177,0.017991524296998976,-0.004,-0.016,0.008,-0.0068292985108021976,-0.01086592951458341,-0.003504394274597918,False
mediation_aware_recourse,False,10.0,4.5526284410669,0.1,250,1.1016926500797273,1.0486591415584088,1.1568662539809942,0.015144716131714902,0.01257712000181725,0.017927782876651484,0.24733084988791074,0.2428220448253809,0.2517455117580346,0.8994399999999999,0.8928776197916667,0.9062630885416667,0.025108616860583424,0.021260140995681288,0.028563048234954477,0.03628585940135696,0.024064087625205455,0.04923094016094795,-0.3832156486452189,-0.39086592560882144,-0.37485691744625466,0.384983399983566,0.3777898455831316,0.39198885892563656,0.344,0.28,0.4,0.0,0.0,0.0,0.0,0.0,0.0,-0.29766326176012164,-0.3119222560350022,-0.2836954985790099,-9.561018946980983,-15.373475929451208,-6.888523968312243,-3.479309842750549,-4.0431142881535145,-3.009242833157215,0.724,0.664,0.78,0.28425437463136116,0.2614027116799375,0.30543710455747897,-0.6403868156023211,-1.0450516785643578,-0.43577989532461076,0.058041799902915955,0.040242336666584014,0.08120637778341769,0.068,0.032,0.108,-0.023236985953428522,-0.031980913964626934,-0.01615858741179274,True
mediation_aware_recourse,False,10.0,5.0,0.1,250,1.1057643463611604,1.0544336927354334,1.1608194897651674,0.014845676470028928,0.012322555281264672,0.017651384057037797,0.24709785233208234,0.24260981277930374,0.2515420762985953,0.899499375,0.892903640625,0.9061748489583332,0.025108616860583424,0.021260140995681288,0.028563048234954477,0.03628585940135696,0.024064087625205455,0.04923094016094795,-0.38412227215899236,-0.392013129280681,-0.37614370457879714,0.38588814550341277,0.37859342706663024,0.39305402846150855,0.348,0.2879,0.404,0.0,0.0,0.0,0.0,0.0,0.0,-0.2985698852738951,-0.3122754910415148,-0.28470038267062026,-9.58600453444483,-15.417562714023488,-6.889166899041844,-3.4899071334490666,-4.066969131907319,-3.016278507115167,0.724,0.664,0.78,0.2851609981451346,0.2620237405467415,0.306265772124012,-0.6653724030661685,-1.072194333601835,-0.45764169769888124,0.06211349618434906,0.04295884592235088,0.08505606887042523,0.072,0.036,0.112,-0.024143609467201968,-0.03306709776475528,-0.017246817231287525,False
transport_anchor_only,False,30.0,0.0,0.1,250,1.2376095366477966,1.1902893964886665,1.2806172822117807,0.006472415313287048,0.0047287223510430135,0.008744385878234616,0.25128625863250326,0.24790537773834598,0.2546639466808265,0.8978520833333332,0.8902696354166667,0.9047722083333333,0.025108616860583424,0.021260140995681288,0.028563048234954477,0.03628585940135696,0.024064087625205455,0.04923094016094795,-0.38507404080154717,-0.3926304152416068,-0.37686508785727796,0.3889152134968717,0.38238088231695466,0.3953487403617781,0.528,0.464,0.5880999999999998,0.0,0.0,0.0,0.0,0.0,0.0,-0.29952165391644997,-0.3129779230150086,-0.2859389334273336,-9.612234274025402,-15.66655495177846,-6.96299553121835,-3.501032114027728,-4.084003595780474,-3.0335067182994164,0.724,0.664,0.78,0.28451094259539533,0.2616286193698204,0.30660057885051617,-0.10500868520329831,-0.1929632846188452,-0.05548055982183922,0.0,0.0,0.0,0.0,0.0,0.0,-0.00381033038720821,-0.005613113103260563,-0.002094132802810744,False
mediation_aware_recourse,False,30.0,0.5,0.1,250,1.2393047337532044,1.1917099781870841,1.2824949981927871,0.00642096815331386,0.004664952308081171,0.008645510599552871,0.24784212439775427,0.2438521580581064,0.2519577149697987,0.9006860416666665,0.893277734375,0.9072902395833332,0.025108616860583424,0.021260140995681288,0.028563048234954477,0.03628585940135696,0.024064087625205455,0.04923094016094795,-0.39364617936966717,-0.40144379789242823,-0.38477530147839695,0.3970506892780956,0.39002463170472557,0.4039203075688431,0.532,0.468,0.5920999999999998,0.0,0.0,0.0,0.0,0.0,0.0,-0.3080937924845699,-0.3219266930965431,-0.29494597178610377,-9.848473368525102,-16.032321967282584,-7.14624646454317,-3.6012296524042196,-4.192046664827386,-3.1137962155732826,0.724,0.664,0.78,0.29123367344303347,0.2673706034968135,0.3134672189781297,-0.34124777970299824,-0.599098198911678,-0.20903913726031545,0.0016951971054077147,-0.002043906211853027,0.006448195457458496,0.004,-0.012,0.024,-0.012382468955328194,-0.017119865158710015,-0.008193695252051091,False
mediation_aware_recourse,False,30.0,1.0,0.1,250,1.242294394493103,1.1942463106393812,1.2857472077131271,0.006348343219312421,0.004574021521856904,0.008612180886442819,0.2467997612341565,0.24266686091435966,0.2509496525298112,0.9012402083333334,0.8938692864583334,0.9078952604166666,0.025108616860583424,0.021260140995681288,0.028563048234954477,0.03628585940135696,0.024064087625205455,0.04923094016094795,-0.39627551784026216,-0.4039006532371544,-0.38803634167642775,0.39930450994719835,0.3920817139123456,0.40624459414121755,0.54,0.476,0.6,0.0,0.0,0.0,0.0,0.0,0.0,-0.31072313095516507,-0.3241223360218875,-0.29797692044311774,-9.920935162567568,-16.158397973996102,-7.188011024810778,-3.6319633182471884,-4.226812145408548,-3.1397144661317813,0.724,0.664,0.78,0.29328222517582697,0.26995277744338847,0.3157483481316379,-0.41370957374546435,-0.7211668259087746,-0.2627881891993557,0.004684857845306397,-0.00027252769470214846,0.010724479949474335,0.012,-0.008,0.032,-0.015011807425923288,-0.020155867875286997,-0.010288645054387069,False
mediation_aware_recourse,False,30.0,2.0,0.1,250,1.2562288374900819,1.2097356397747994,1.295956777703762,0.00608429908674882,0.004244711136989673,0.008383846421345981,0.24298619241610012,0.23854459146218585,0.24767943244720766,0.9025227083333333,0.8956234947916666,0.9090738906250001,0.025108616860583424,0.021260140995681288,0.028563048234954477,0.03628585940135696,0.024064087625205455,0.04923094016094795,-0.40557252815505923,-0.412270173944737,-0.3985558771989701,0.40724363696874516,0.400602737970734,0.41392548524703643,0.568,0.504,0.624,0.0,0.0,0.0,0.0,0.0,0.0,-0.320020141269962,-0.3317471305460419,-0.3081242998664943,-10.177150957595682,-16.444642731505706,-7.3756485576888595,-3.740633697336478,-4.333926388576365,-3.245038535449606,0.724,0.664,0.78,0.30171562672778657,0.27871459814871685,0.3245225903327298,-0.669925368773578,-1.1343041419700413,-0.44692155306166753,0.018619300842285157,0.00841117914915085,0.030732942175865172,0.04,0.012,0.072,-0.024308817740720304,-0.03218829051514688,-0.016901742487317042,False
mediation_aware_recourse,False,30.0,4.5526284410669,0.1,250,1.2833483152389527,1.239203175640106,1.323652640414238,0.005595389803813336,0.0038102944969260447,0.007764585652984592,0.2389531096161169,0.23374460653918738,0.24402529854203955,0.9061322916666665,0.8999493541666668,0.9120018385416667,0.025108616860583424,0.021260140995681288,0.028563048234954477,0.03628585940135696,0.024064087625205455,0.04923094016094795,-0.4155789001412967,-0.4226799040260044,-0.40881963666314763,0.4168064975581752,0.4101191536963284,0.42389771031227474,0.612,0.548,0.672,0.0,0.0,0.0,0.0,0.0,0.0,-0.3300265132561996,-0.34237354728602254,-0.3188285904516977,-10.452916011843325,-16.85171372430298,-7.589904306540714,-3.857595623830438,-4.4320153955896675,-3.3608801926833634,0.724,0.664,0.78,0.30909044817041736,0.2856161589740802,0.3327098582233859,-0.9456904230212206,-1.5191562917358268,-0.6774042232639067,0.04573877859115601,0.03017980731725693,0.06373438634872436,0.084,0.048,0.124,-0.034315189726957844,-0.043526752259590226,-0.025993271467693577,True
mediation_aware_recourse,False,30.0,5.0,0.1,250,1.2891152086257935,1.2441136464953422,1.3283677355885506,0.0054613514125533055,0.003637309449749673,0.007588147305053496,0.23858122465543283,0.23340196856476406,0.24360444501703907,0.906248125,0.9000640416666666,0.9121293333333333,0.025108616860583424,0.021260140995681288,0.028563048234954477,0.03628585940135696,0.024064087625205455,0.04923094016094795,-0.41675430639822175,-0.4236656907398041,-0.4096477638787417,0.41798190381510014,0.41110373901143954,0.42491690564376167,0.624,0.5679,0.684,0.0,0.0,0.0,0.0,0.0,0.0,-0.33120191951312455,-0.3432371017574685,-0.3201636777923357,-10.485308968116563,-16.90106386831531,-7.61554696800918,-3.87133464736585,-4.450134571727063,-3.377757075868818,0.724,0.664,0.78,0.3099481513820332,0.2866212286366994,0.33324462454166753,-0.9780833792944588,-1.5777294192939593,-0.6898792683158985,0.051505671977996825,0.03428902257680893,0.07028017221689224,0.096,0.056,0.14,-0.03549059598388278,-0.044618089697302916,-0.026970250819505586,False
transport_anchor_only,False,0.0,0.0,0.5,250,0.0,0.0,0.0,0.6140681910206505,0.5829335173801241,0.6457697857117467,0.11804889739125324,0.1067681958834476,0.12932275738725854,0.7803266666666666,0.7706921666666666,0.7906823333333333,0.025108616860583424,0.021260140995681288,0.028563048234954477,0.03628585940135696,0.024064087625205455,0.04923094016094795,0.03628585940135696,0.023083586832059636,0.04871583148344957,0.10917760215212138,0.10079855840094672,0.11853131174863936,0.012,0.0,0.028,0.0,0.0,0.0,0.0,0.0,0.0,0.0,0.0,0.0,0.0,0.0,0.0,0.0,0.0,0.0,0.0,0.0,0.0,0.0,0.0,0.0,0.0,0.0,0.0,0.0,0.0,0.0,0.0,0.0,0.0,0.0,0.0,0.0,False
mediation_aware_recourse,False,0.0,0.5,0.5,250,0.0,0.0,0.0,0.6140681910206505,0.5829335173801241,0.6457697857117467,0.11804889739125324,0.1067681958834476,0.12932275738725854,0.7803266666666666,0.7706921666666666,0.7906823333333333,0.025108616860583424,0.021260140995681288,0.028563048234954477,0.03628585940135696,0.024064087625205455,0.04923094016094795,0.03628585940135696,0.023083586832059636,0.04871583148344957,0.10917760215212138,0.10079855840094672,0.11853131174863936,0.012,0.0,0.028,0.0,0.0,0.0,0.0,0.0,0.0,0.0,0.0,0.0,0.0,0.0,0.0,0.0,0.0,0.0,0.0,0.0,0.0,0.0,0.0,0.0,0.0,0.0,0.0,0.0,0.0,0.0,0.0,0.0,0.0,0.0,0.0,0.0,False
mediation_aware_recourse,False,0.0,1.0,0.5,250,0.0,0.0,0.0,0.6140681910206505,0.5829335173801241,0.6457697857117467,0.11804889739125324,0.1067681958834476,0.12932275738725854,0.7803266666666666,0.7706921666666666,0.7906823333333333,0.025108616860583424,0.021260140995681288,0.028563048234954477,0.03628585940135696,0.024064087625205455,0.04923094016094795,0.03628585940135696,0.023083586832059636,0.04871583148344957,0.10917760215212138,0.10079855840094672,0.11853131174863936,0.012,0.0,0.028,0.0,0.0,0.0,0.0,0.0,0.0,0.0,0.0,0.0,0.0,0.0,0.0,0.0,0.0,0.0,0.0,0.0,0.0,0.0,0.0,0.0,0.0,0.0,0.0,0.0,0.0,0.0,0.0,0.0,0.0,0.0,0.0,0.0,False
mediation_aware_recourse,False,0.0,2.0,0.5,250,0.008475986123085023,0.0016951972246170043,0.015256775021553039,0.6264886622479969,0.5962990452283771,0.6569117104456484,0.11366972463690593,0.10269274102421698,0.1254268646267147,0.7800975000000001,0.7702175156250001,0.7904967708333334,0.025108616860583424,0.021260140995681288,0.028563048234954477,0.03628585940135696,0.024064087625205455,0.04923094016094795,0.041233622319399074,0.028198349145013006,0.054224821487018765,0.1071656986661021,0.09837054542682254,0.11605196117934599,0.012,0.0,0.028,0.0,0.0,0.0,0.0,0.0,0.0,0.0015456876572974413,-0.0007495771617511056,0.004201916650420309,-0.13635512565142904,-0.354507855345886,-0.023431502755691166,0.018067148253542387,-0.008750913412792782,0.04586489621403326,0.02,0.004,0.04,0.001701037630372337,0.000273214213585981,0.003791463653608675,-0.13635512565142904,-0.3320313353332697,-0.026049377423327122,0.008475986123085023,0.0016951972246170043,0.015256775021553039,0.0,0.0,0.0,0.0015456876572974413,-0.0006917744916637421,0.004218674477103807,False
mediation_aware_recourse,False,0.0,4.5526284410669,0.5,250,0.16782452523708344,0.14409176409244537,0.1949476808309555,0.7753791510788883,0.764133768680073,0.7865638378977091,0.06003062616609031,0.05507068202559819,0.06477426496426857,0.7995095833333333,0.7896521666666666,0.8095164114583334,0.025108616860583424,0.021260140995681288,0.028563048234954477,0.03628585940135696,0.024064087625205455,0.04923094016094795,0.09819852301147142,0.08881369982733366,0.10741305635079941,0.1044213824739636,0.09556196651225939,0.113354023004298,0.0,0.0,0.0,0.0,0.0,0.0,0.0,0.0,0.0,-0.014255260029547336,-0.022112826749703256,-0.006962276257227627,-1.706247685229116,-3.0976365180033127,-1.0287657308381832,-0.16662609365526082,-0.265041693875283,-0.07667707712706798,0.224,0.172,0.28,0.02252659417259663,0.016420424286115988,0.028701732080065375,-1.706247685229116,-3.100675802539204,-1.0946985940594804,0.16782452523708344,0.14409176409244537,0.1949476808309555,-0.012,-0.028,0.0,-0.014255260029547336,-0.021805582444798438,-0.00669294217566295,True
mediation_aware_recourse,False,0.0,5.0,0.5,250,0.17460531413555144,0.1508725529909134,0.20003327250480651,0.778882179761962,0.7680975249960417,0.7892556781280625,0.058462358344046235,0.05381550790847712,0.06331716688564452,0.80052625,0.7907790520833334,0.8102726041666667,0.025108616860583424,0.021260140995681288,0.028563048234954477,0.03628585940135696,0.024064087625205455,0.04923094016094795,0.09916590344198621,0.08994765658680265,0.10845284415497473,0.10453272144282841,0.0955816952948732,0.11349604428133243,0.0,0.0,0.0,0.0,0.0,0.0,0.0,0.0,0.0,-0.014645162115130384,-0.022579852290201256,-0.007405183622557447,-1.7329076692139136,-3.1514530344635614,-1.05073818091738,-0.17118355955164444,-0.2692582982053567,-0.08034597533639047,0.232,0.176,0.288,0.02272338862123938,0.01661569269115087,0.028802949593178907,-1.7329076692139136,-3.1600711597062627,-1.113996884294275,0.17460531413555144,0.1508725529909134,0.20003327250480651,-0.012,-0.028,0.0,-0.014645162115130384,-0.0222345932872775,-0.0070130715329969956,False
transport_anchor_only,False,1.0,0.0,0.5,250,0.12512065637111663,0.09591758922934532,0.15512942254543305,0.46788552949956386,0.429740579281286,0.5067121764601416,0.16020630412613374,0.14858359050548006,0.1713450041313786,0.7786789583333332,0.7692850677083334,0.7881350572916667,0.025108616860583424,0.021260140995681288,0.028563048234954477,0.03628585940135696,0.024064087625205455,0.04923094016094795,-0.04326981457062919,-0.060848794230489486,-0.026424730566678142,0.12739781608769135,0.11647186811050764,0.1396640251724196,0.012,0.0,0.028,0.0,0.0,0.0,0.0,0.0,0.0,-0.014496164966172318,-0.023413310408472325,-0.005905380797282068,-0.19247043571499534,-1.1838294499454833,0.3464223219118903,-0.1694419699317291,-0.2812357250654511,-0.053596803497190884,0.204,0.156,0.256,0.04702591946907923,0.03367694351748046,0.0603544410178574,0.4309044957843271,0.15957875895643978,0.8419179921626364,-0.018294747710227967,-0.036286675730347634,-0.0020722934424877203,0.0,0.0,0.0,0.014285742738058998,0.007496546467589534,0.02217845290524029,False
mediation_aware_recourse,False,1.0,0.5,0.5,250,0.05558908665180206,0.03597814246118069,0.07874088287353516,0.5448694136347025,0.5113373914877789,0.5808098258159765,0.13845524320342784,0.1269132398233033,0.14976340106387934,0.7734633333333334,0.7640572031249999,0.783102640625,0.025108616860583424,0.021260140995681288,0.028563048234954477,0.03628585940135696,0.024064087625205455,0.04923094016094795,-0.0005432938892534924,-0.015157901291325859,0.01337820452878482,0.11202153223704218,0.10261637658079989,0.12192903730000186,0.012,0.0,0.028,0.0,0.0,0.0,0.0,0.0,0.0,-0.00011042973698679548,-0.0052983083415613546,0.005696407577916221,0.9850273936399264,0.502530948357543,0.9939858751571147,-0.001290784991599292,-0.0693150410795862,0.06800181729630157,0.088,0.056,0.128,0.01846979151379862,0.010343218083570667,0.027635546796562993,1.6084023251392487,0.7916275763763565,2.507758195636972,-0.08782631742954254,-0.11459705126285553,-0.060322256565094,0.0,0.0,0.0,0.02867147796724452,0.019846382052223645,0.03784622987963405,False
mediation_aware_recourse,False,1.0,1.0,0.5,250,0.011942561626434325,0.0033903944492340086,0.022189926028251646,0.5974085076302117,0.5678145659921928,0.628619579640131,0.12293017563921413,0.11093001661711202,0.13417863581793354,0.7780520833333333,0.768359703125,0.787850359375,0.025108616860583424,0.021260140995681288,0.028563048234954477,0.03628585940135696,0.024064087625205455,0.04923094016094795,0.02731069147088366,0.014217678758731563,0.03948353004105236,0.10850565171980689,0.09997369462992921,0.11780675892411518,0.012,0.0,0.028,0.0,0.0,0.0,0.0,0.0,0.0,0.0014961397018737007,-0.0009362382257945594,0.00448367838111246,0.24734615849108588,0.05417569817351174,0.4824698079006241,0.017487994857269595,-0.00861765669499171,0.05524577890893154,0.02,0.004,0.04,0.0037395141142997986,0.0005141925934049116,0.007991456708592554,0.8707210899904083,0.18440789294945303,2.1807972705392653,-0.13147284245491028,-0.16583387327194213,-0.09799559625089169,0.0,0.0,0.0,0.030278047406105017,0.02168831042758847,0.03989983972711035,False
mediation_aware_recourse,False,1.0,2.0,0.5,250,0.0,0.0,0.0,0.6140681910206505,0.5829335173801241,0.6457697857117467,0.11804889739125324,0.1067681958834476,0.12932275738725854,0.7803266666666666,0.7706921666666666,0.7906823333333333,0.025108616860583424,0.021260140995681288,0.028563048234954477,0.03628585940135696,0.024064087625205455,0.04923094016094795,0.03628585940135696,0.023083586832059636,0.04871583148344957,0.10917760215212138,0.10079855840094672,0.11853131174863936,0.012,0.0,0.028,0.0,0.0,0.0,0.0,0.0,0.0,0.0,0.0,0.0,0.0,0.0,0.0,0.0,0.0,0.0,0.0,0.0,0.0,0.0,0.0,0.0,0.6233749314993224,0.006780175355490195,1.8439487827129646,-0.1434154040813446,-0.1785878475099802,-0.10993815787732603,0.0,0.0,0.0,0.028781907704231315,0.019128948614298605,0.03848027194050487,False
mediation_aware_recourse,False,1.0,4.5526284410669,0.5,250,0.0023764991760253907,0.0,0.007129497528076172,0.6136319724412288,0.5822540845300537,0.6456718853762063,0.11751961889160324,0.10613624173494818,0.12857994789312505,0.78046,0.7708625000000001,0.7908805,0.025108616860583424,0.021260140995681288,0.028563048234954477,0.03628585940135696,0.024064087625205455,0.04923094016094795,0.034607599671186505,0.020444855730238697,0.04785714492750911,0.11025663642816158,0.10142086460366903,0.11951087706156435,0.016,0.004,0.032,0.0,0.0,0.0,0.0,0.0,0.0,-0.0016782597301704494,-0.0050347791905113485,0.0,0.04625106743669116,0.0,0.17148686650402,-0.019616749354105734,-0.06127387855105559,0.0,0.0,0.0,0.0,0.0,0.0,0.0,0.6696259989360136,0.0395246276068061,1.940796646921686,-0.1410389049053192,-0.1765743069201708,-0.10756356322765351,0.004,0.0,0.012,0.027103647974060868,0.017394234598203613,0.03706973180345425,True
mediation_aware_recourse,False,1.0,5.0,0.5,250,0.015938076972961426,0.006780788898468017,0.026457968950271606,0.6314185749804992,0.6025428534415833,0.6604645933720001,0.11099727120668018,0.10020066099430057,0.12278130318086167,0.7797008333333333,0.7698995937499999,0.7897306822916665,0.025108616860583424,0.021260140995681288,0.028563048234954477,0.03628585940135696,0.024064087625205455,0.04923094016094795,0.04116684077990277,0.027436735933075218,0.054205242381081514,0.10781275920518556,0.09858079093289647,0.1171692143684745,0.016,0.004,0.032,0.0,0.0,0.0,0.0,0.0,0.0,2.8301500291244676e-05,-0.004348494545265235,0.0037044774606512943,-0.13451469688391282,-0.3748142269439507,0.031258528511630954,0.00033080900862869633,-0.05134555678142173,0.041874043953354645,0.032,0.012,0.052,0.0024263399391272855,0.0006904961731347503,0.004600338207095159,0.4888602346154096,-0.09098674612302916,1.6036690788077783,-0.12747732710838316,-0.16487581213116648,-0.09177403931021691,0.004,0.0,0.012,0.028810209204522562,0.01857473509302546,0.03949919800699299,False
transport_anchor_only,False,3.0,0.0,0.5,250,0.6840669746398926,0.6364595433145761,0.730081140306592,0.0867170128829865,0.07809249167280133,0.09724723643622989,0.2566868480063055,0.25364774611076857,0.25958983622357856,0.8788154166666667,0.8709693020833333,0.8875063177083333,0.025108616860583424,0.021260140995681288,0.028563048234954477,0.03628585940135696,0.024064087625205455,0.04923094016094795,-0.282143602579563,-0.29206682725678057,-0.27141149893955446,0.2914367295168453,0.28305421030007416,0.2992668483575687,0.012,0.0,0.028,0.0,0.0,0.0,0.0,0.0,0.0,-0.19672266834250987,-0.21091663454018914,-0.18263746756448657,-6.775579998224098,-11.00870430266152,-4.863604131126046,-2.299441026779557,-2.716156969441164,-1.9555328239736058,0.72,0.66,0.776,0.22565034107371718,0.20719530644880516,0.24289385437122493,0.03547546461568185,-0.006299643209313687,0.10202711610459612,-0.00578300952911377,-0.014283426022529602,0.0006651859283447266,0.0,0.0,0.0,0.0012872577212423794,-0.00024092251645865012,0.0033301845789913374,False
mediation_aware_recourse,False,3.0,0.5,0.5,250,0.6776187791824341,0.6300126484632492,0.725477290982008,0.08894425830514108,0.08011530343645627,0.09940264406132693,0.25626595415895514,0.2532853895902423,0.25913599468701976,0.8786058333333333,0.870864234375,0.8871094687500002,0.025108616860583424,0.021260140995681288,0.028563048234954477,0.03628585940135696,0.024064087625205455,0.04923094016094795,-0.28046964397468716,-0.29061520419181985,-0.27006381712873245,0.28976277091221686,0.28140922134179774,0.2976773747139164,0.012,0.0,0.028,0.0,0.0,0.0,0.0,0.0,0.0,-0.195048709737634,-0.2091776768546935,-0.18068898819592089,-6.729447465262422,-10.938638984611064,-4.8417100710105885,-2.2798745521805013,-2.6858419263673032,-1.93555950473339,0.72,0.66,0.776,0.22521298170885734,0.20673917926901544,0.2423915203804656,0.0816079975773576,0.026844138061089717,0.18743282102289074,-0.012231204986572266,-0.023108120656013486,-0.004420405387878418,0.0,0.0,0.0,0.0029612163261182553,0.0010342737982114594,0.005620578353064283,False
mediation_aware_recourse,False,3.0,1.0,0.5,250,0.6728657808303833,0.6252577455848456,0.7178983133107424,0.09092836579040468,0.08072756384984622,0.10145949213065543,0.255481580579719,0.25220954805185136,0.25855005290641025,0.8772529166666667,0.869563921875,0.8858782187500001,0.025108616860583424,0.021260140995681288,0.028563048234954477,0.03628585940135696,0.024064087625205455,0.04923094016094795,-0.27998702729253727,-0.2904041763966934,-0.2695899003136327,0.2889512770989262,0.2807474690439652,0.29689936206276163,0.012,0.0,0.028,0.0,0.0,0.0,0.0,0.0,0.0,-0.19456609305548414,-0.20888400797110368,-0.1809492450419663,-6.716147058709784,-10.92518051061468,-4.8448613795260425,-2.2742333690443943,-2.673779956782026,-1.9256709536062946,0.72,0.66,0.776,0.22586604013877087,0.20763941732238472,0.24337816275499047,0.09490840412999546,0.009949536279615302,0.2397959929040021,-0.016984203338623046,-0.03301457691192627,-0.005096597778797155,0.0,0.0,0.0,0.003443833008268113,0.0004020709247416018,0.007114122872675223,False
mediation_aware_recourse,False,3.0,2.0,0.5,250,0.6623458890914917,0.6133134810328483,0.7060263870567084,0.09494577997538374,0.08467498473835328,0.10607858010137843,0.25450656081071676,0.251293981759613,0.2576205184090887,0.8772320833333334,0.8697058333333333,0.8856835208333333,0.025108616860583424,0.021260140995681288,0.028563048234954477,0.03628585940135696,0.024064087625205455,0.04923094016094795,-0.2774050547022944,-0.2876613773194161,-0.2675176768093818,0.2863564027953708,0.2778120891442465,0.2945419519962339,0.012,0.0,0.028,0.0,0.0,0.0,0.0,0.0,0.0,-0.19198412046524121,-0.20623896268238792,-0.17862483841019508,-6.644990618354225,-10.757270753913193,-4.7931838008189755,-2.244053350879493,-2.6368777949881137,-1.89907415069635,0.72,0.66,0.776,0.223266431472262,0.20503774209128794,0.2401217322131068,0.1660648444855548,0.04463998349903715,0.35597812516900773,-0.027504095077514647,-0.04664619879722595,-0.011266129171848301,0.0,0.0,0.0,0.00602580559851106,0.0016720745908746276,0.010902013860844464,False
mediation_aware_recourse,False,3.0,4.5526284410669,0.5,250,0.39866674172878264,0.35518238879144187,0.43812929716110227,0.2588885864199897,0.22332485507265154,0.29784682994913647,0.19858831405723415,0.18778373361012343,0.20895194022049318,0.827740625,0.8188434375,0.8366343697916666,0.025108616860583424,0.021260140995681288,0.028563048234954477,0.03628585940135696,0.024064087625205455,0.04923094016094795,-0.2060688721178006,-0.22266185324651577,-0.18926648459793413,0.21782148124557124,0.20264725805873357,0.2335166786410066,0.016,0.004,0.032,0.0,0.0,0.0,0.0,0.0,0.0,-0.12451001526447197,-0.1390947754018025,-0.11119434429517477,-4.679040692917813,-7.56011472639913,-3.281085440750755,-1.4553657682479102,-1.6954637530245131,-1.2384370762863408,0.556,0.492,0.62,0.16541805712127505,0.14698351378384866,0.18484675557568167,2.132014769921966,1.3196753640026233,3.7559576537894634,-0.2911832424402237,-0.359312139904499,-0.2247782040655613,0.004,0.0,0.012,0.07349991079928028,0.05397867188616204,0.09258157214654864,True
mediation_aware_recourse,False,3.0,5.0,0.5,250,0.38128183913230895,0.34038007583916186,0.4212355592727661,0.27420834196728255,0.23729202938319754,0.31488745727274164,0.19300105913071522,0.1819403372528444,0.203644865011734,0.82418125,0.8144893697916666,0.8336175052083333,0.025108616860583424,0.021260140995681288,0.028563048234954477,0.03628585940135696,0.024064087625205455,0.04923094016094795,-0.20009598842277773,-0.21749154225528217,-0.18277391275439606,0.21399893359945815,0.19891036827359151,0.2305049619477704,0.02,0.004,0.04,0.0,0.0,0.0,0.0,0.0,0.0,-0.1199256750962707,-0.13487015427284724,-0.10636259836179848,-4.514434320254652,-7.360302465744515,-3.1498336663609545,-1.401780586874089,-1.630956266019413,-1.2007918894118674,0.532,0.468,0.6,0.16176245693046684,0.14195116527494173,0.1814532451198922,2.2966211425851277,1.4262658444962377,4.04775160763985,-0.3085681450366974,-0.3762569561630487,-0.24144946216344837,0.008,0.0,0.02,0.07808425096748156,0.05854102815617607,0.0982037163876153,False
transport_anchor_only,False,10.0,0.0,0.5,250,1.0328342736959457,0.9777753220826387,1.0888583403229712,0.019878801753507636,0.01706795998118492,0.022927655767017635,0.25560189425725377,0.25284514620433163,0.25834407461596565,0.8944297916666666,0.8872122760416667,0.9015319375000002,0.025108616860583424,0.021260140995681288,0.028563048234954477,0.03628585940135696,0.024064087625205455,0.04923094016094795,-0.3581739414430402,-0.3661985362843458,-0.3507246838911992,0.3614389723718671,0.35455926350053674,0.36826927196387205,0.256,0.2039,0.308,0.0,0.0,0.0,0.0,0.0,0.0,-0.2726215545579431,-0.2872445548899324,-0.25780058797316485,-8.870895917919084,-14.377984792442636,-6.375702347493173,-3.1866037229807818,-3.756270035705073,-2.720684999441337,0.724,0.664,0.78,0.26473577453836045,0.24399028621744515,0.2845164905492557,0.04973621345957824,-0.02061681090587677,0.14900267301117492,-0.010816576480865479,-0.02661528195142746,0.002690044772624965,-0.02,-0.044,0.004,0.0018047212487500817,-0.0007640119343616006,0.004607947727343092,False
mediation_aware_recourse,False,10.0,0.5,0.5,250,1.0313434637784957,0.9758772393018007,1.085934017443657,0.020023633117622536,0.017274088973242216,0.02306115926938001,0.25496964805311984,0.2520433534061835,0.2578377302666346,0.8948706249999999,0.8876379166666667,0.9019132604166668,0.025108616860583424,0.021260140995681288,0.028563048234954477,0.03628585940135696,0.024064087625205455,0.04923094016094795,-0.3596556970624982,-0.36750381803772353,-0.35215018538626647,0.3625907122932483,0.35551082529352773,0.3694930190826113,0.252,0.196,0.3040999999999999,0.0,0.0,0.0,0.0,0.0,0.0,-0.2741033101774011,-0.28859151299340274,-0.2589660502935554,-8.911731539395438,-14.435113195341227,-6.4051817842387795,-3.2039235859724258,-3.7814582094558955,-2.7393779894413193,0.724,0.664,0.78,0.2657425845076221,0.24460893264579295,0.2857891361874242,0.008900591983223904,-0.0769429389154479,0.0915640735739757,-0.01230738639831543,-0.02879896161556244,0.0011276881814002975,-0.024,-0.044,-0.004,0.00032296562929211634,-0.002656704095290486,0.003333137127618713,False
mediation_aware_recourse,False,10.0,1.0,0.5,250,1.0390861228704453,0.9842533061623574,1.0949384670525788,0.019292673168685014,0.016511361603329316,0.022021266869256557,0.25375113975310937,0.25083783065242476,0.25671636779670104,0.8959947916666666,0.8890415052083334,0.9029096145833333,0.025108616860583424,0.021260140995681288,0.028563048234954477,0.03628585940135696,0.024064087625205455,0.04923094016094795,-0.36345768474591283,-0.3706488896533387,-0.35610778345763844,0.365689884453097,0.35857110726029895,0.37226255679304704,0.256,0.2,0.308,0.0,0.0,0.0,0.0,0.0,0.0,-0.2779052978608157,-0.29233413762407257,-0.26374400836560313,-9.016510308484545,-14.627436775768182,-6.467592896901629,-3.2483640489664154,-3.8209265686916662,-2.7843896830451174,0.724,0.664,0.78,0.26898013905644147,0.24820148909325992,0.2894180075296781,-0.09587817710588276,-0.2175441736395048,-0.007930411425776603,-0.004564727306365967,-0.01855439981222153,0.006637968134880065,-0.02,-0.04,-0.004,-0.003479022054122478,-0.007541332028480972,-0.0002723890398756586,False
mediation_aware_recourse,False,10.0,2.0,0.5,250,1.048115204691887,0.9934170328080654,1.1038966060042381,0.018466408360237146,0.015790395152761826,0.02135874999782255,0.2531114036079634,0.2501703025064529,0.25616249308190414,0.8963616666666667,0.889401796875,0.903173578125,0.025108616860583424,0.021260140995681288,0.028563048234954477,0.03628585940135696,0.024064087625205455,0.04923094016094795,-0.3662194975506356,-0.3734778967597147,-0.35911283724989473,0.3683604018637473,0.36131464479440695,0.37497107171747324,0.26,0.204,0.312,0.0,0.0,0.0,0.0,0.0,0.0,-0.28066711066553834,-0.2950391733870793,-0.2666554285616554,-9.0926229554023,-14.752285404044407,-6.541130715605797,-3.2806461734667183,-3.85177847818624,-2.8164861081226253,0.724,0.664,0.78,0.2709820381882976,0.2500456834114114,0.2919796681767184,-0.17199082402363786,-0.3252399951271915,-0.07364057784699797,0.004464354515075684,-0.009718660151958465,0.016551237583160402,-0.016,-0.036,0.0,-0.0062408348588452065,-0.0102135104859874,-0.002600133162933292,False
mediation_aware_recourse,False,10.0,4.5526284410669,0.5,250,1.0878944537639619,1.0346964143097401,1.1441846379041671,0.01592234620832489,0.013404129499907495,0.018696807318993473,0.2488024669757765,0.24454553906565737,0.2528593664941996,0.8972204166666666,0.890206734375,0.904070640625,0.025108616860583424,0.021260140995681288,0.028563048234954477,0.03628585940135696,0.024064087625205455,0.04923094016094795,-0.379204616315979,-0.3866279243671722,-0.3711822584249109,0.3809820697061538,0.37421923049594913,0.3877473103417041,0.312,0.252,0.368,0.0,0.0,0.0,0.0,0.0,0.0,-0.29365222943088193,-0.30770617596801764,-0.27947434799082566,-9.45047912801531,-15.221333299985522,-6.824217392449452,-3.432425910282049,-4.004792977046031,-2.958055830850256,0.724,0.664,0.78,0.28055540791015493,0.2583360323199937,0.3016317033085444,-0.5298469966366479,-0.8801870782292838,-0.3420010986875083,0.04424360358715057,0.021493769022822382,0.06650187019109725,0.036,0.004,0.072,-0.019225953624188677,-0.027100981519313685,-0.012424564739302297,True
mediation_aware_recourse,False,10.0,5.0,0.5,250,1.1011395537853241,1.048121576192975,1.157661540529132,0.015255866486545536,0.012653334482296998,0.018088692465552517,0.2472989682789849,0.24273877140618003,0.25171792883784266,0.8981847916666666,0.8912749010416667,0.904849484375,0.025108616860583424,0.021260140995681288,0.028563048234954477,0.03628585940135696,0.024064087625205455,0.04923094016094795,-0.38332457938306735,-0.3910602763255616,-0.3755519059643212,0.3851028048807947,0.37804910717617385,0.39242239817691105,0.336,0.272,0.392,0.0,0.0,0.0,0.0,0.0,0.0,-0.2977721924979702,-0.3118344816849228,-0.28401058474955626,-9.564020963183593,-15.377514607138053,-6.8674387880627705,-3.480583106324068,-4.049850459482146,-3.0044723332594203,0.724,0.664,0.78,0.2846753709772432,0.2618728524850087,0.30584063006014367,-0.6433888318049306,-1.0465588005155098,-0.4353479845372943,0.05748870360851288,0.0348787236571312,0.08179217703640461,0.06,0.028,0.1,-0.023345916691277026,-0.031859818026612634,-0.016181423291518962,False
transport_anchor_only,False,30.0,0.0,0.5,250,1.2333173370361328,1.1846328892230986,1.2766442510604858,0.006639620998947983,0.004907659307591403,0.008892086040266735,0.2515643386158922,0.2480323906732966,0.25492623867450126,0.8949904166666666,0.887513859375,0.9021788177083332,0.025108616860583424,0.021260140995681288,0.028563048234954477,0.03628585940135696,0.024064087625205455,0.04923094016094795,-0.3840548935191948,-0.3912638306048649,-0.375735908590351,0.38795445916823496,0.3813094711739906,0.394486821753259,0.504,0.44,0.564,0.0,0.0,0.0,0.0,0.0,0.0,-0.29850250663409766,-0.3115906483221079,-0.2851896349978076,-9.584147650223011,-15.633226060127724,-6.949617001926733,-3.4891195617371515,-4.073256126731583,-3.024542239398613,0.724,0.664,0.78,0.2834917953130431,0.2604079541893418,0.30549070120500754,-0.07692206140090718,-0.16232126326423843,-0.012589575027462852,-0.004292199611663819,-0.00790309715270996,-0.0013626041412353517,-0.024,-0.044,-0.008,-0.002791183104855926,-0.004998171310725278,-0.0005154638280900379,False
mediation_aware_recourse,False,30.0,0.5,0.5,250,1.238956024646759,1.191243097269535,1.2816725458741187,0.0064485486589252764,0.004673931986701174,0.008699003516042749,0.24949158584732187,0.24580589965003885,0.2533072080419974,0.8962258333333334,0.8887427447916667,0.9032553125,0.025108616860583424,0.021260140995681288,0.028563048234954477,0.03628585940135696,0.024064087625205455,0.04923094016094795,-0.39003877004967447,-0.39748374808615106,-0.38184874788009115,0.39362331277189583,0.38686974361684906,0.40019017757170433,0.524,0.46,0.584,0.0,0.0,0.0,0.0,0.0,0.0,-0.3044863831645772,-0.31797882111200404,-0.29107481079381786,-9.749056973832854,-15.856496562274138,-7.0687041370332375,-3.559063566204454,-4.155003199278639,-3.0825896877529106,0.724,0.664,0.78,0.28828557390439064,0.2650634172228855,0.3102807571533678,-0.24183138501074986,-0.4364523498788545,-0.14326965428135963,0.0013464879989624023,-0.0037552194595336912,0.007445974349975586,-0.004,-0.024,0.016,-0.00877505963533551,-0.012545144165962424,-0.00567762878057267,False
mediation_aware_recourse,False,30.0,1.0,0.5,250,1.2426951279640197,1.1959240918517113,1.2848591191172598,0.006332026739919036,0.004590056083050151,0.0086460365218271,0.2476368902451472,0.2435054584015789,0.2518776206733683,0.8989408333333333,0.8916872083333333,0.905689140625,0.025108616860583424,0.021260140995681288,0.028563048234954477,0.03628585940135696,0.024064087625205455,0.04923094016094795,-0.3944839315301366,-0.4020465148722472,-0.38614465490980765,0.3976448666832871,0.3907219654173148,0.4044751212108946,0.544,0.48,0.604,0.0,0.0,0.0,0.0,0.0,0.0,-0.30893154464503936,-0.3222105462079015,-0.2958266263423748,-9.871560934157849,-16.180009738996283,-7.155414240469408,-3.6110219234438885,-4.201834301963942,-3.135091073584518,0.724,0.664,0.78,0.2917747802529476,0.2677259422335099,0.31337749153843575,-0.3643353453357445,-0.6187216149206283,-0.22894421424086342,0.0050855913162231444,-0.001711313247680664,0.012896390914916992,0.016,-0.004,0.04,-0.013220221115797657,-0.018331635397879922,-0.008738027030296611,False
mediation_aware_recourse,False,30.0,2.0,0.5,250,1.253427447795868,1.2070975766539573,1.2944969287872314,0.006107953729115941,0.004283937253119696,0.00840809463202779,0.24433796182087703,0.24005668945838327,0.2486776141651649,0.9004002083333332,0.8929815624999999,0.90721128125,0.025108616860583424,0.021260140995681288,0.028563048234954477,0.03628585940135696,0.024064087625205455,0.04923094016094795,-0.402311460016688,-0.4091378381211668,-0.3946664425280965,0.4043718474318018,0.3977746455047071,0.4109638415150458,0.552,0.488,0.612,0.0,0.0,0.0,0.0,0.0,0.0,-0.31675907313159074,-0.32884036088749996,-0.3043960227646265,-10.08727936044538,-16.365659376768733,-7.315772660002722,-3.7025159047522562,-4.279701780799862,-3.2209641434536356,0.724,0.664,0.78,0.29845455858941533,0.27442574921226703,0.3218311277582299,-0.5800537716232768,-0.9685887680366088,-0.3911104140861015,0.01581791114807129,0.005628707838058472,0.027653492343425744,0.024,-0.004,0.056,-0.02104774960234905,-0.02833485284703317,-0.01476177122145666,False
mediation_aware_recourse,False,30.0,4.5526284410669,0.5,250,1.2776935114860535,1.2333622784376144,1.3175383385300636,0.005717569198248526,0.003896160978491221,0.007979352659150464,0.23953465360145582,0.2343633827435971,0.24461639970985408,0.9042093749999999,0.8974779218750001,0.9106546145833333,0.025108616860583424,0.021260140995681288,0.028563048234954477,0.03628585940135696,0.024064087625205455,0.04923094016094795,-0.4140895080085837,-0.42093350491098425,-0.40703226076666293,0.4153885184981576,0.40854401814867997,0.4226199622515973,0.604,0.54,0.664,0.0,0.0,0.0,0.0,0.0,0.0,-0.3285371211234865,-0.3412439485275198,-0.31739943557701145,-10.411869936118924,-16.751014693655236,-7.538391879046065,-3.840186499585741,-4.413783795380123,-3.3504094054353164,0.724,0.664,0.78,0.3072833529923952,0.28391249590461554,0.33085109115278144,-0.90464434729682,-1.4734875068266382,-0.6311232785100149,0.04008397483825683,0.02512882361412048,0.057197885584831236,0.076,0.036,0.116,-0.03282579759424476,-0.041990607407122446,-0.02450441370176857,True
mediation_aware_recourse,False,30.0,5.0,0.5,250,1.281637001991272,1.2367065836310385,1.3213675040006638,0.005680468123779171,0.0038542080199332846,0.007924426586414,0.2388544247026048,0.2336061331862987,0.24395882161502552,0.90496875,0.8985770364583333,0.911061765625,0.025108616860583424,0.021260140995681288,0.028563048234954477,0.03628585940135696,0.024064087625205455,0.04923094016094795,-0.415765116437847,-0.42274054229783375,-0.4090207024339238,0.4169917356358434,0.41031955323095454,0.42399689673084523,0.608,0.5479,0.668,0.0,0.0,0.0,0.0,0.0,0.0,-0.33021272955274983,-0.34287947661188606,-0.3191308465758038,-10.458047936499995,-16.852312448827025,-7.572481831482812,-3.8597722585606924,-4.4406312813278745,-3.369462263159562,0.724,0.664,0.78,0.3089589614216585,0.2857090428000243,0.3323915194301138,-0.9508223476778905,-1.5323579616096332,-0.6685812637830704,0.04402746534347534,0.02826771492958069,0.061401596713066095,0.08,0.04,0.124,-0.034501406023508124,-0.043804577718504094,-0.02647405901831564,False
transport_anchor_only,False,0.0,0.0,1.0,250,0.0,0.0,0.0,0.6140681910206505,0.5829335173801241,0.6457697857117467,0.11804889739125324,0.1067681958834476,0.12932275738725854,0.7803266666666666,0.7706921666666666,0.7906823333333333,0.025108616860583424,0.021260140995681288,0.028563048234954477,0.03628585940135696,0.024064087625205455,0.04923094016094795,0.03628585940135696,0.023083586832059636,0.04871583148344957,0.10917760215212138,0.10079855840094672,0.11853131174863936,0.012,0.0,0.028,0.0,0.0,0.0,0.0,0.0,0.0,0.0,0.0,0.0,0.0,0.0,0.0,0.0,0.0,0.0,0.0,0.0,0.0,0.0,0.0,0.0,0.0,0.0,0.0,0.0,0.0,0.0,0.0,0.0,0.0,0.0,0.0,0.0,False
mediation_aware_recourse,False,0.0,0.5,1.0,250,0.0,0.0,0.0,0.6140681910206505,0.5829335173801241,0.6457697857117467,0.11804889739125324,0.1067681958834476,0.12932275738725854,0.7803266666666666,0.7706921666666666,0.7906823333333333,0.025108616860583424,0.021260140995681288,0.028563048234954477,0.03628585940135696,0.024064087625205455,0.04923094016094795,0.03628585940135696,0.023083586832059636,0.04871583148344957,0.10917760215212138,0.10079855840094672,0.11853131174863936,0.012,0.0,0.028,0.0,0.0,0.0,0.0,0.0,0.0,0.0,0.0,0.0,0.0,0.0,0.0,0.0,0.0,0.0,0.0,0.0,0.0,0.0,0.0,0.0,0.0,0.0,0.0,0.0,0.0,0.0,0.0,0.0,0.0,0.0,0.0,0.0,False
mediation_aware_recourse,False,0.0,1.0,1.0,250,0.0,0.0,0.0,0.6140681910206505,0.5829335173801241,0.6457697857117467,0.11804889739125324,0.1067681958834476,0.12932275738725854,0.7803266666666666,0.7706921666666666,0.7906823333333333,0.025108616860583424,0.021260140995681288,0.028563048234954477,0.03628585940135696,0.024064087625205455,0.04923094016094795,0.03628585940135696,0.023083586832059636,0.04871583148344957,0.10917760215212138,0.10079855840094672,0.11853131174863936,0.012,0.0,0.028,0.0,0.0,0.0,0.0,0.0,0.0,0.0,0.0,0.0,0.0,0.0,0.0,0.0,0.0,0.0,0.0,0.0,0.0,0.0,0.0,0.0,0.0,0.0,0.0,0.0,0.0,0.0,0.0,0.0,0.0,0.0,0.0,0.0,False
mediation_aware_recourse,False,0.0,2.0,1.0,250,0.008475986123085023,0.0016951972246170043,0.015299154952168426,0.6258723913987311,0.5952570471122951,0.6560016253051165,0.11379157789421632,0.10294803199845995,0.12549472049828292,0.7798164583333334,0.7699548854166667,0.7899416614583333,0.025108616860583424,0.021260140995681288,0.028563048234954477,0.03628585940135696,0.024064087625205455,0.04923094016094795,0.04071820027703749,0.0276883923620428,0.052749601430381585,0.10674656357704865,0.09793395184744451,0.11550960104086477,0.012,0.0,0.028,0.0,0.0,0.0,0.0,0.0,0.0,0.002320004410845439,0.0005695046326544115,0.004650724658575902,-0.12215063798419457,-0.32991303414749223,-0.023886958370769436,0.027117939023272197,0.0056908212149862965,0.05380117457554488,0.02,0.004,0.036,0.0010561682324175487,0.00021343958399737035,0.002109747130918855,-0.12215063798419457,-0.3106346687186773,-0.025239675445611755,0.008475986123085023,0.0016951972246170043,0.015299154952168426,0.0,0.0,0.0,0.002320004410845439,0.00048189230607891773,0.0045257337650468086,False
mediation_aware_recourse,False,0.0,4.5526284410669,1.0,250,0.1508725529909134,0.12713979184627533,0.17630051136016844,0.764265387794171,0.7514555883875058,0.77661362696709,0.06474136161271636,0.059262901632436187,0.07013887553067827,0.7934114583333333,0.7836580729166667,0.8033338697916667,0.025108616860583424,0.021260140995681288,0.028563048234954477,0.03628585940135696,0.024064087625205455,0.04923094016094795,0.09498938023399277,0.08589497070886719,0.10430705373402337,0.10317772689085783,0.09440656696645999,0.11185089251204702,0.0,0.0,0.0,0.0,0.0,0.0,0.0,0.0,0.0,-0.011409906851081189,-0.018922133694380734,-0.004859476817777781,-1.6178070962387214,-2.9514332842933486,-0.9590829101460456,-0.1333674870626984,-0.22911340696790156,-0.048707427871876326,0.212,0.16390000000000002,0.26409999999999995,0.021650701487207328,0.015810664975422332,0.02783203634321756,-1.6178070962387214,-2.9859109317061217,-1.016285690437311,0.1508725529909134,0.12713979184627533,0.17630051136016844,-0.012,-0.028,0.0,-0.011409906851081189,-0.018921253971752434,-0.00405200162397368,True
mediation_aware_recourse,False,0.0,5.0,1.0,250,0.17121491968631744,0.14748215854167937,0.1966852579861879,0.7761746854248088,0.7645545878595563,0.7873776182854151,0.05964252325115,0.0549258948830971,0.0646351341468198,0.7972562499999999,0.7874427916666668,0.8069752812500001,0.025108616860583424,0.021260140995681288,0.028563048234954477,0.03628585940135696,0.024064087625205455,0.04923094016094795,0.09839639722317342,0.08922150276276625,0.10755924359358676,0.10438394723125856,0.09532834646980047,0.11321906363943235,0.0,0.0,0.0,0.0,0.0,0.0,0.0,0.0,0.0,-0.014152058752363637,-0.021840962665018848,-0.00703217529444044,-1.711700889727136,-3.086895877500247,-1.0306952171224062,-0.1654198002841325,-0.2642571628048355,-0.07301385882804416,0.228,0.176,0.284,0.022533292175670076,0.016430681508919926,0.028687545781080157,-1.711700889727136,-3.104947850690677,-1.099853574310571,0.17121491968631744,0.14748215854167937,0.1966852579861879,-0.012,-0.028,0.0,-0.014152058752363637,-0.02172064457012402,-0.006759186982891844,False
transport_anchor_only,False,1.0,0.0,1.0,250,0.10328315210342408,0.07858852076530456,0.12982915182709692,0.49807713061409653,0.46116213755040847,0.5352846170023914,0.15428908119516074,0.14286890829931104,0.16624646904459672,0.7667220833333334,0.7574583020833334,0.7760088645833334,0.025108616860583424,0.021260140995681288,0.028563048234954477,0.03628585940135696,0.024064087625205455,0.04923094016094795,-0.01958537852204849,-0.03474395938591677,-0.005509719524463319,0.11253328096173836,0.10323407985044687,0.12282262499952108,0.012,0.0,0.028,0.0,0.0,0.0,0.0,0.0,0.0,0.00291905237988113,-0.005166676448607869,0.010823266376719803,0.4602476324064667,-0.21481802144646958,0.8826086572742919,0.03412005773493676,-0.06024767785507667,0.13065024346230977,0.16,0.116,0.2040999999999999,0.026476092771762157,0.017141550419462304,0.036450794964406834,1.0836225639057893,0.6570677920521222,1.7555402617075768,-0.04013225197792053,-0.06432400397360326,-0.01850686222314836,0.0,0.0,0.0,0.031700960084112446,0.022716866785559647,0.04228717903757572,False
mediation_aware_recourse,False,1.0,0.5,1.0,250,0.06052231621742248,0.04179706116616726,0.08102085407376289,0.542344985622148,0.5088492314787622,0.5769401910512215,0.14055231293548104,0.12873636459950835,0.15187791415979343,0.7684316666666666,0.7596528593749999,0.7780005104166666,0.025108616860583424,0.021260140995681288,0.028563048234954477,0.03628585940135696,0.024064087625205455,0.04923094016094795,0.0018250711410238089,-0.012623475836397804,0.014892440644410171,0.10796200554320419,0.09905315880627759,0.11749794438612989,0.012,0.0,0.028,0.0,0.0,0.0,0.0,0.0,0.0,0.005607532006809509,-0.0004677371479056217,0.01130220920187176,0.9497029649804696,0.5655276295746162,0.9933807183356888,0.06554500944948305,-0.003953678892413663,0.13705435484539674,0.096,0.06,0.136,0.01442662812676182,0.007561963802360106,0.022373948666723386,1.573077896479792,0.7510979773894063,2.583811950935608,-0.08289308786392212,-0.11047713883519172,-0.05538712247312069,0.0,0.0,0.0,0.034389439711040824,0.025219287071479076,0.044885707702991336,False
mediation_aware_recourse,False,1.0,1.0,1.0,250,0.02638982856273651,0.01363775885105133,0.04172278463840485,0.580182003455893,0.5498002420367964,0.6124965953126636,0.12896286925787245,0.11755818858747895,0.14097369361791276,0.7737760416666667,0.7644674583333333,0.7834930989583332,0.025108616860583424,0.021260140995681288,0.028563048234954477,0.03628585940135696,0.024064087625205455,0.04923094016094795,0.020516760984547744,0.006831324613281328,0.03262475251122821,0.10647726732832091,0.09783548571296527,0.11569878085147492,0.012,0.0,0.028,0.0,0.0,0.0,0.0,0.0,0.0,0.005211589854562382,0.000936378402762126,0.009984751821754524,0.43457971443882926,0.2212760270576505,0.7122676343498757,0.060916942756511494,0.015434076577311226,0.12073950501331851,0.032,0.012,0.056,0.005278754281123416,0.001343225768996015,0.010194941555750483,1.0579546459381517,0.34342862672820745,2.3934089930568554,-0.1170255755186081,-0.1488819010257721,-0.08524352653920651,0.0,0.0,0.0,0.033993497558793696,0.024410661393455678,0.044365075805205066,False
mediation_aware_recourse,False,1.0,2.0,1.0,250,0.0,0.0,0.0,0.6140681910206505,0.5829335173801241,0.6457697857117467,0.11804889739125324,0.1067681958834476,0.12932275738725854,0.7803266666666666,0.7706921666666666,0.7906823333333333,0.025108616860583424,0.021260140995681288,0.028563048234954477,0.03628585940135696,0.024064087625205455,0.04923094016094795,0.03628585940135696,0.023083586832059636,0.04871583148344957,0.10917760215212138,0.10079855840094672,0.11853131174863936,0.012,0.0,0.028,0.0,0.0,0.0,0.0,0.0,0.0,0.0,0.0,0.0,0.0,0.0,0.0,0.0,0.0,0.0,0.0,0.0,0.0,0.0,0.0,0.0,0.6233749314993224,0.006780175355490195,1.8439487827129646,-0.1434154040813446,-0.1785878475099802,-0.10993815787732603,0.0,0.0,0.0,0.028781907704231315,0.019128948614298605,0.03848027194050487,False
mediation_aware_recourse,False,1.0,4.5526284410669,1.0,250,0.005766893625259399,0.0,0.013228984475135803,0.6181340609335827,0.5862668190550359,0.6493232419865465,0.11582948486388264,0.10468607800702402,0.12689087702077126,0.7802168749999999,0.77067,0.7904690416666665,0.025108616860583424,0.021260140995681288,0.028563048234954477,0.03628585940135696,0.024064087625205455,0.04923094016094795,0.036193180282471774,0.02159757136781966,0.04894411755163819,0.10945823155134132,0.10087036725467417,0.11862335068606682,0.016,0.004,0.032,0.0,0.0,0.0,0.0,0.0,0.0,-0.0009418441265257762,-0.004871284639601023,0.0017085138979632344,0.0025541387310153985,-0.11025005463473156,0.12268286499591542,-0.011008975445544467,-0.05735876751055652,0.019660914910992568,0.008,0.0,0.02,0.000424582503820294,0.0,0.0010603079274635117,0.6259290702303378,0.01952489169324111,1.8640465038960812,-0.1376485104560852,-0.17351868448555471,-0.10396687706410886,0.004,0.0,0.012,0.02784006357770554,0.01818807771453224,0.03837718064493814,True
mediation_aware_recourse,False,1.0,5.0,1.0,250,0.019328471422195435,0.009140255525708199,0.029524084910750384,0.6344213235943226,0.6048964107144255,0.6636909127477802,0.10980084510637474,0.09920609359627396,0.12122892034145184,0.7790872916666667,0.7695091041666667,0.7889146197916665,0.025108616860583424,0.021260140995681288,0.028563048234954477,0.03628585940135696,0.024064087625205455,0.04923094016094795,0.04207000203666165,0.028689431823840705,0.05494468202682321,0.10722360903111287,0.09807918532269617,0.11672517145066083,0.016,0.004,0.032,0.0,0.0,0.0,0.0,0.0,0.0,0.0005976571903208962,-0.003985930215982762,0.004292045421155403,-0.15940486819745492,-0.42327849902850717,0.009912455291393826,0.00698586225447595,-0.045167000072843355,0.05137328161342354,0.04,0.02,0.064,0.002593242722491898,0.0008475016795726544,0.004724602796425113,0.4639700633018675,-0.1066970196725559,1.5735031914241944,-0.12408693265914918,-0.16123323702812195,-0.08889936120808126,0.004,0.0,0.012,0.029379564894552214,0.01930564516546988,0.040122125831342594,False
transport_anchor_only,False,3.0,0.0,1.0,250,0.6739998413324356,0.6267723020851612,0.7197093916505575,0.091235201316723,0.08115590974995532,0.10198451408734367,0.2570825791480082,0.2541886111586486,0.26013162125744177,0.8743856250000002,0.8662943802083333,0.88309709375,0.025108616860583424,0.021260140995681288,0.028563048234954477,0.03628585940135696,0.024064087625205455,0.04923094016094795,-0.27565072313523337,-0.2864957728015556,-0.26525104718715253,0.2852313961093613,0.27674464698888535,0.29321584020900504,0.016,0.004,0.032,0.0,0.0,0.0,0.0,0.0,0.0,-0.19022978889818024,-0.20476941438765478,-0.17582188509763422,-6.596643091355996,-10.765135337888092,-4.749261968174222,-2.2235474172529166,-2.6387806604467814,-1.8791324725516516,0.72,0.66,0.776,0.2213469621040144,0.20310933625302835,0.23895862165504972,0.21441237148378356,0.07596351918465807,0.43067617174475037,-0.01585014283657074,-0.031204123347997662,-0.001858766925334935,0.004,0.0,0.012,0.007780137165572047,0.0029923165106960107,0.013412696896013552,False
mediation_aware_recourse,False,3.0,0.5,1.0,250,0.6742804096937179,0.6274119473040104,0.7185002294152976,0.09088818448008915,0.0807373524476676,0.10177461654684102,0.2560428098738589,0.25294253482615797,0.2591378376949919,0.8753795833333333,0.867453546875,0.8839411093749999,0.025108616860583424,0.021260140995681288,0.028563048234954477,0.03628585940135696,0.024064087625205455,0.04923094016094795,-0.2785866964605855,-0.2892478027700883,-0.2682991889015544,0.2874786688127713,0.2785132972272509,0.29564327784323613,0.016,0.004,0.032,0.0,0.0,0.0,0.0,0.0,0.0,-0.19316576222353235,-0.20795754184537413,-0.17898896215752194,-6.677555418466053,-10.86951550576542,-4.812938545451346,-2.25786525959781,-2.663814198732674,-1.9065616063343327,0.72,0.66,0.776,0.22428293542936648,0.20592172587344867,0.24122267255323562,0.13350004437372665,0.008155500706604826,0.30669240223913413,-0.015569574475288391,-0.03160205358862877,-0.0021168821185827283,0.004,0.0,0.012,0.004844163840219915,0.0003089541155757261,0.009546484497485509,False
mediation_aware_recourse,False,3.0,1.0,1.0,250,0.6729939867258072,0.6252640829741954,0.7174079740464687,0.0912415379571306,0.08106560808126712,0.1022517833368062,0.2554386892844068,0.25235669897421764,0.25845463468497387,0.8760977083333333,0.8684903385416668,0.8846203177083334,0.025108616860583424,0.021260140995681288,0.028563048234954477,0.03628585940135696,0.024064087625205455,0.04923094016094795,-0.2795895065831242,-0.29014823604659123,-0.269115838017042,0.2883496477779656,0.27997389714267107,0.29618109017582656,0.016,0.004,0.032,0.0,0.0,0.0,0.0,0.0,0.0,-0.19416857234607107,-0.20894449149175337,-0.17998733178134282,-6.705191807381268,-10.894515430527674,-4.815083430425439,-2.269586850999878,-2.6736783959452883,-1.9185568100429626,0.72,0.66,0.776,0.22466582443460373,0.2060793327228927,0.24190578638477436,0.10586365545851173,-0.003743478559936394,0.27175973446614876,-0.01685599744319916,-0.03261554671823978,-0.0023926150798797606,0.004,0.0,0.012,0.0038413537176812005,-0.00011908288122016537,0.008296960328885048,False
mediation_aware_recourse,False,3.0,2.0,1.0,250,0.6501828246116638,0.6024645621299743,0.693240819850564,0.10087729755168834,0.08865844860677197,0.11380944882427782,0.2529653246411184,0.24950523462993912,0.25638022389013804,0.8737241666666666,0.8662246614583333,0.8823685885416667,0.025108616860583424,0.021260140995681288,0.028563048234954477,0.03628585940135696,0.024064087625205455,0.04923094016094795,-0.2739610828116339,-0.2845407812840242,-0.26305727274863777,0.2827820326569065,0.27431210995798416,0.2916257187020837,0.016,0.004,0.032,0.0,0.0,0.0,0.0,0.0,0.0,-0.18854014857458076,-0.20250391837747228,-0.17492369151563555,-6.550078386772031,-10.703664211754154,-4.70991574598429,-2.2037976430488517,-2.598655593706481,-1.8690597533899824,0.72,0.66,0.776,0.22246582925698072,0.20435601797852,0.23906825817775737,0.2609770760677481,0.08567897304155343,0.5442053041375773,-0.03966715955734253,-0.06364588001966476,-0.017665505409240723,0.004,0.0,0.012,0.009469777489171473,0.0034745536571896933,0.015954821963891634,False
mediation_aware_recourse,False,3.0,4.5526284410669,1.0,250,0.3812056580781937,0.3403132364213467,0.4214178042411804,0.2732464798528853,0.2360039948169014,0.31249439829203796,0.19402284294382935,0.1830531350230459,0.20486910850739312,0.8211264583333333,0.811510578125,0.8304865677083334,0.025108616860583424,0.021260140995681288,0.028563048234954477,0.03628585940135696,0.024064087625205455,0.04923094016094795,-0.19913359086632748,-0.2165141044757928,-0.18186666448197478,0.21226960163252323,0.19692982529763423,0.22883328557207527,0.02,0.004,0.036,0.0,0.0,0.0,0.0,0.0,0.0,-0.11856890302824807,-0.13268744141190503,-0.10543470188720332,-4.487911659021658,-7.30132524182181,-3.124634051232327,-1.3859216246940522,-1.6154944974448466,-1.1873111958893665,0.536,0.472,0.6,0.1613483288797701,0.14198366349420355,0.180710853724197,2.3231438038181214,1.4561292408838988,4.168457622989592,-0.30864432609081266,-0.3762431287586689,-0.24101060341000557,0.008,0.0,0.02,0.07944102303550418,0.05952376595090571,0.09899167874879272,True
mediation_aware_recourse,False,3.0,5.0,1.0,250,0.35023502171039583,0.3085146494597197,0.39077362493276596,0.29956536884564877,0.26007567424310396,0.34226522706932594,0.18528572612514124,0.17333323621583663,0.1967593465552784,0.8147604166666667,0.8047773854166668,0.8245074583333334,0.025108616860583424,0.021260140995681288,0.028563048234954477,0.03628585940135696,0.024064087625205455,0.04923094016094795,-0.18716550060227394,-0.20562175427135995,-0.16921182546607225,0.20429676846811215,0.18814852781867858,0.22048815067356412,0.02,0.004,0.036,0.0,0.0,0.0,0.0,0.0,0.0,-0.10960602583288954,-0.12514064136743172,-0.09632936207377928,-4.158083718840476,-6.804847951171096,-2.897127021396251,-1.2811568422994206,-1.5004625437874075,-1.10046594270451,0.496,0.428,0.564,0.1530136474978322,0.13386496931560385,0.1729543870403156,2.652971743999304,1.679242658116009,4.629344836824225,-0.33961496245861056,-0.4094307423144579,-0.2714455895930529,0.008,0.0,0.02,0.08840390023086271,0.0684947651452591,0.10853727892311398,False
transport_anchor_only,False,10.0,0.0,1.0,250,1.0326298863887786,0.9775094056934118,1.0878845801353454,0.019956953061102765,0.017128055839115523,0.02304713841602483,0.2559007758654765,0.2531566621848041,0.2586914460324265,0.893511875,0.8861110937499999,0.9007824791666666,0.025108616860583424,0.021260140995681288,0.028563048234954477,0.03628585940135696,0.024064087625205455,0.04923094016094795,-0.3572958077361112,-0.36536849597285226,-0.34969527466774614,0.36071500786586425,0.3537993276408938,0.3675099371078233,0.248,0.192,0.3,0.0,0.0,0.0,0.0,0.0,0.0,-0.27174342085101405,-0.28622816674129603,-0.25678476503893227,-8.84669547947236,-14.321756455107808,-6.362310436269946,-3.176339442358098,-3.7429544710539844,-2.711492719708138,0.724,0.664,0.78,0.2643705051445878,0.2434035231476242,0.2839824825240777,0.07393665190630294,-0.007551085938690116,0.1913079779715397,-0.011020963788032532,-0.027864050236344338,0.003783729147911064,-0.028,-0.056,0.0,0.0026828549556791596,-0.00022102102760702697,0.005820254864546974,False
mediation_aware_recourse,False,10.0,0.5,1.0,250,1.033643781542778,0.9783095335841179,1.0892491078555584,0.01983918737588042,0.017009885704606677,0.022903367001102556,0.25562969423595366,0.25287786819404756,0.2584218305357706,0.893759375,0.8864315833333334,0.9009167916666667,0.025108616860583424,0.021260140995681288,0.028563048234954477,0.03628585940135696,0.024064087625205455,0.04923094016094795,-0.35821520038314747,-0.36615806428642256,-0.3507343584126965,0.3614787146676728,0.354292610398822,0.36842576159729784,0.248,0.192,0.3,0.0,0.0,0.0,0.0,0.0,0.0,-0.2726628134980502,-0.2872201016295042,-0.2577738673468044,-8.872032970776257,-14.36872040342857,-6.372078622292157,-3.187085988194056,-3.753107227935392,-2.72030165976499,0.724,0.664,0.78,0.26484986528208837,0.24388444472866583,0.2847395830669626,0.04859916060240543,-0.026838778235738613,0.14884623399389366,-0.010007068634033204,-0.026375144851207732,0.004733950984477992,-0.028,-0.052,-0.004,0.0017634623086429325,-0.0009820119128522598,0.00480351559123637,False
mediation_aware_recourse,False,10.0,1.0,1.0,250,1.034461330294609,0.9787225785881281,1.0897257872760295,0.01982902899506938,0.01702345900361951,0.02287944649533658,0.254067605715125,0.25111709311547525,0.2570755979262614,0.8943912499999999,0.8871565729166667,0.9014863593749999,0.025108616860583424,0.021260140995681288,0.028563048234954477,0.03628585940135696,0.024064087625205455,0.04923094016094795,-0.361930389877599,-0.369315534326977,-0.35449746945213545,0.3644071197072004,0.3570830684485491,0.3713572883931216,0.236,0.184,0.2840999999999999,0.0,0.0,0.0,0.0,0.0,0.0,-0.2763780029925018,-0.290778797304263,-0.26191097579884626,-8.974419673358051,-14.558621812616162,-6.453894197574887,-3.2305118893257374,-3.80258111872756,-2.7679499945151553,0.724,0.664,0.78,0.26788881860017866,0.24697610954019766,0.28817611934048776,-0.053787541979389175,-0.1710045810990227,0.04603724410721332,-0.009189519882202148,-0.02650781781673431,0.005277268528938291,-0.04,-0.068,-0.016,-0.0019517271858086234,-0.006203014334152671,0.0015830702406500479,False
mediation_aware_recourse,False,10.0,2.0,1.0,250,1.0489085963964462,0.9944660114824772,1.1051941843688489,0.018610921333873202,0.015900182127310654,0.02144324449500714,0.25301103455344676,0.249944579999554,0.25622355730172214,0.893785625,0.8864061927083333,0.9009583385416667,0.025108616860583424,0.021260140995681288,0.028563048234954477,0.03628585940135696,0.024064087625205455,0.04923094016094795,-0.3662103532019869,-0.37354216529100626,-0.35879434115226383,0.368608790165974,0.36171675806786885,0.3750163055324361,0.248,0.192,0.3,0.0,0.0,0.0,0.0,0.0,0.0,-0.2806579663168897,-0.2948361677416717,-0.266312498619764,-9.092370946801717,-14.680835772769528,-6.545434994772339,-3.2805392875108534,-3.8514138087094643,-2.822343363031181,0.724,0.664,0.78,0.2716386960920281,0.25028768094518367,0.2922050197308103,-0.1717388154230548,-0.3239602729528973,-0.05658281245260547,0.00525774621963501,-0.013212396943569184,0.020668183600902557,-0.028,-0.052,-0.004,-0.006231690510196571,-0.010700248850940484,-0.0019431707512004622,False
mediation_aware_recourse,False,10.0,4.5526284410669,1.0,250,1.0865157334804534,1.033764368084073,1.1425192316532136,0.016135685165920476,0.013616712965445277,0.018929636097500972,0.2490382857029315,0.24484275542823528,0.2530079852820522,0.8947583333333334,0.8874461458333334,0.901892390625,0.025108616860583424,0.021260140995681288,0.028563048234954477,0.03628585940135696,0.024064087625205455,0.04923094016094795,-0.37832563362139515,-0.385697479851779,-0.37072657645357693,0.3801037905458817,0.3731700353413145,0.38681862419410357,0.296,0.236,0.352,0.0,0.0,0.0,0.0,0.0,0.0,-0.292773246736298,-0.30668905589907935,-0.2790446813760554,-9.426255292364583,-15.205342946112111,-6.803613861670798,-3.422151706059501,-3.9991753652777193,-2.954662277250147,0.724,0.664,0.78,0.2794755855735028,0.2571552415926616,0.30041601458101175,-0.5056231609859214,-0.8575344287729983,-0.31314300290588865,0.04286488330364227,0.020853613838553428,0.0653322449684143,0.02,-0.012,0.0520999999999999,-0.018346970929604793,-0.025897800696127665,-0.011505458064396819,True
mediation_aware_recourse,False,10.0,5.0,1.0,250,1.1009791157245636,1.0489251350730657,1.1559078664898872,0.015411654126167917,0.01287989603556382,0.018213284369771248,0.24745258687465382,0.24293905859888346,0.25155355496194276,0.8952664583333333,0.8881158124999999,0.9022418854166667,0.025108616860583424,0.021260140995681288,0.028563048234954477,0.03628585940135696,0.024064087625205455,0.04923094016094795,-0.3828547560344817,-0.3904248247859622,-0.3749517180226125,0.3845267314663796,0.3773927958814706,0.39133451854252704,0.32,0.256,0.376,0.0,0.0,0.0,0.0,0.0,0.0,-0.2973023691493846,-0.3115677717630847,-0.2842241074876134,-9.551073127405777,-15.416881072613215,-6.879602938380244,-3.475091461196544,-4.044701382229686,-3.012188170356104,0.724,0.664,0.78,0.2832437140384911,0.2602184578062608,0.3044990696929222,-0.6304409960271151,-1.0231692835801254,-0.4204961010636311,0.05732826554775238,0.033834684163331984,0.08196984475255012,0.044,0.008,0.08,-0.022876093342691407,-0.031560602454890556,-0.01575699781872149,False
transport_anchor_only,False,30.0,0.0,1.0,250,1.2400981254577637,1.19418984926939,1.2811487506389618,0.006489665404731725,0.004703529582752954,0.008820597043293825,0.2516909436721256,0.2482380053349026,0.254976566629862,0.8918202083333333,0.88365746875,0.8992720260416668,0.025108616860583424,0.021260140995681288,0.028563048234954477,0.03628585940135696,0.024064087625205455,0.04923094016094795,-0.38404004069018643,-0.3914572531584573,-0.3759368123717621,0.38771182785113434,0.3810719307661278,0.3945629347613475,0.516,0.4559,0.572,0.0,0.0,0.0,0.0,0.0,0.0,-0.2984876538050893,-0.3113219607693288,-0.28484632578778246,-9.583738321926715,-15.609578569696696,-6.954320415910314,-3.4889459508123233,-4.077091895525405,-3.0202576244841692,0.724,0.664,0.78,0.282986394087491,0.2604018962620781,0.30547119240630377,-0.07651273310461093,-0.18603196947987213,0.000782392992238886,0.002488588809967041,-0.009855108714103698,0.014371084690093993,-0.012,-0.044,0.016,-0.0027763302758475566,-0.0055424100411872,3.13977797760274e-05,False
mediation_aware_recourse,False,30.0,0.5,1.0,250,1.2421420316696168,1.19553265209198,1.2835750957250593,0.0064117355993218465,0.00463854612109864,0.008721999120740344,0.2504023083765088,0.2467529066678629,0.2540102133877636,0.8924079166666666,0.8845037499999999,0.8998005885416667,0.025108616860583424,0.021260140995681288,0.028563048234954477,0.03628585940135696,0.024064087625205455,0.04923094016094795,-0.38752043361375454,-0.39453823075549743,-0.37940417711287355,0.39101153468985084,0.3842700895541332,0.397907418027776,0.524,0.46,0.58,0.0,0.0,0.0,0.0,0.0,0.0,-0.30196804672865735,-0.31508721255172206,-0.2891056675100651,-9.67965427874812,-15.756102856299345,-7.020423005369546,-3.5296273747945968,-4.112315877189605,-3.0539385613273318,0.724,0.664,0.78,0.28593244805107576,0.2628150511993467,0.30814526791797053,-0.1724286899260168,-0.33894260900500844,-0.08253034393701272,0.004532495021820068,-0.005987396717071533,0.015326818990707395,-0.004,-0.032,0.024,-0.0062567231994156616,-0.009852048163689939,-0.0032293487035682756,False
mediation_aware_recourse,False,30.0,1.0,1.0,250,1.2438372287750243,1.1973939498662947,1.2852702928304671,0.006360234294178032,0.004574924016268198,0.008640449289395,0.24967204019071665,0.24592888885278624,0.2533630636896676,0.8928824999999999,0.8848601145833334,0.9000696250000001,0.025108616860583424,0.021260140995681288,0.028563048234954477,0.03628585940135696,0.024064087625205455,0.04923094016094795,-0.3897809291857138,-0.3968636987828894,-0.38155944055163477,0.3932013482070373,0.38659749425904033,0.39987810258039125,0.524,0.456,0.584,0.0,0.0,0.0,0.0,0.0,0.0,-0.3042285423006166,-0.31782127122567894,-0.29125565482471344,-9.74195115166922,-15.85664157339807,-7.060943516233897,-3.556049730198838,-4.14560512336213,-3.081434845944159,0.724,0.664,0.78,0.2877179979728386,0.2646824884521581,0.3096585641803693,-0.23472556284711565,-0.43649033594549086,-0.1272508149514082,0.006227692127227783,-0.004985424554347992,0.017985187375545497,-0.004,-0.032,0.028,-0.008517218771374839,-0.012403653694451242,-0.005111906809098885,False
mediation_aware_recourse,False,30.0,2.0,1.0,250,1.2498165502548217,1.2045379546761512,1.2906493824481964,0.006234954030062773,0.004450291684295587,0.008504652763483356,0.24568465364151584,0.24138926008608388,0.24992504960153422,0.896759375,0.8887302552083333,0.9037184895833333,0.025108616860583424,0.021260140995681288,0.028563048234954477,0.03628585940135696,0.024064087625205455,0.04923094016094795,-0.39902407361002445,-0.4053743283909989,-0.391165567783463,0.4013659076315728,0.3948709729523776,0.4079801116130358,0.536,0.4759,0.596,0.0,0.0,0.0,0.0,0.0,0.0,-0.31347168672492726,-0.32623526258870456,-0.3000987237911813,-9.99668245958927,-16.313807926173173,-7.244898721625831,-3.6640904846517195,-4.245402473857253,-3.1822699422891367,0.724,0.664,0.78,0.2954844863291665,0.27216981964041553,0.3177755935296256,-0.4894568707671656,-0.8241796378555041,-0.31998476502522594,0.012207013607025146,0.0003830813646316529,0.024094216263294214,0.008,-0.02,0.04,-0.01776036319568555,-0.024062257941673118,-0.012307532263218035,False
mediation_aware_recourse,False,30.0,4.5526284410669,1.0,250,1.2736056990623474,1.2279354149937631,1.3132162380814552,0.005829107999685596,0.004019576998371192,0.008087160363325019,0.23992806334682562,0.23472191251790434,0.24496140130583946,0.902775,0.8956729947916666,0.9095835677083334,0.025108616860583424,0.021260140995681288,0.028563048234954477,0.03628585940135696,0.024064087625205455,0.04923094016094795,-0.4130606418289518,-0.4199639541159794,-0.4060877927876748,0.414358614002169,0.40785575798258317,0.4213638287873252,0.584,0.52,0.644,0.0,0.0,0.0,0.0,0.0,0.0,-0.3275082549438546,-0.3399361900291103,-0.3160072183406652,-10.383515469761889,-16.728566672932832,-7.534810982005683,-3.8281603455870945,-4.406651252596069,-3.340097305517579,0.724,0.664,0.78,0.3065392766956932,0.283162973738358,0.33012555717327796,-0.876289880939785,-1.437474798974664,-0.6067174288037837,0.03599616241455078,0.02105566426515579,0.05278401947021484,0.056,0.016,0.096,-0.03179693141461285,-0.04076000630371946,-0.023784147506885393,True
mediation_aware_recourse,False,30.0,5.0,1.0,250,1.278563084602356,1.2332257964015008,1.3184917653918267,0.005771977344581273,0.003944326670663027,0.008004667981233423,0.23922532325010326,0.23394176381731008,0.244308031092421,0.9030045833333333,0.89626009375,0.9097476875,0.025108616860583424,0.021260140995681288,0.028563048234954477,0.03628585940135696,0.024064087625205455,0.04923094016094795,-0.4147323627718487,-0.4216447072592306,-0.4078279536865141,0.41592489415692685,0.40904315336915353,0.4230673780357919,0.596,0.532,0.656,0.0,0.0,0.0,0.0,0.0,0.0,-0.3291799758867516,-0.3416753760903541,-0.317880027089166,-10.429586335120376,-16.791756653864454,-7.539539737580263,-3.8477006647267835,-4.42743273870959,-3.358024123201503,0.724,0.664,0.78,0.3074500036904918,0.28416942238041665,0.3309710693738758,-0.9223607462982724,-1.5111427725758184,-0.6387820720304621,0.04095354795455933,0.02539094877243042,0.05835313698053359,0.068,0.028,0.108,-0.03346865235750982,-0.042767954694216355,-0.02508437073717247,False
transport_anchor_only,False,0.0,0.0,2.0,250,0.0,0.0,0.0,0.6140681910206505,0.5829335173801241,0.6457697857117467,0.11804889739125324,0.1067681958834476,0.12932275738725854,0.7803266666666666,0.7706921666666666,0.7906823333333333,0.025108616860583424,0.021260140995681288,0.028563048234954477,0.03628585940135696,0.024064087625205455,0.04923094016094795,0.03628585940135696,0.023083586832059636,0.04871583148344957,0.10917760215212138,0.10079855840094672,0.11853131174863936,0.012,0.0,0.028,0.0,0.0,0.0,0.0,0.0,0.0,0.0,0.0,0.0,0.0,0.0,0.0,0.0,0.0,0.0,0.0,0.0,0.0,0.0,0.0,0.0,0.0,0.0,0.0,0.0,0.0,0.0,0.0,0.0,0.0,0.0,0.0,0.0,False
mediation_aware_recourse,False,0.0,0.5,2.0,250,0.0016951972246170043,0.0,0.005085591673851014,0.6142431306978483,0.582937890872054,0.6458964472311418,0.11799374392825476,0.10676455886946931,0.12932275738725854,0.779489375,0.769802234375,0.7897961406249999,0.025108616860583424,0.021260140995681288,0.028563048234954477,0.03628585940135696,0.024064087625205455,0.04923094016094795,0.03633346986094629,0.02308477709354937,0.0487634419430389,0.10907943389237909,0.10070028749473352,0.11843230130742805,0.012,0.0,0.028,0.0,0.0,0.0,0.0,0.0,0.0,-4.7610459589329525e-05,-0.00014283137876798857,0.0,-0.0013120940326287744,-0.0047451769515926,0.0,-0.0005565065023054316,-0.0018469799978134472,0.0,0.0,0.0,0.0,0.0,0.0,0.0,-0.0013120940326287744,-0.004835180083371071,0.0,0.0016951972246170043,0.0,0.005085591673851014,0.0,0.0,0.0,-4.7610459589329525e-05,-0.00014283137876798857,0.0,False
mediation_aware_recourse,False,0.0,1.0,2.0,250,0.005085591673851014,0.0,0.01186638057231903,0.6165980841164771,0.5845433068956619,0.6474965338282259,0.1172330762082177,0.1058651828224856,0.12845137980997454,0.7780349999999999,0.7676203697916667,0.7885140052083334,0.025108616860583424,0.021260140995681288,0.028563048234954477,0.03628585940135696,0.024064087625205455,0.04923094016094795,0.03716767809535742,0.023790217947091838,0.049369085962982645,0.10851339982927255,0.10024056502191167,0.11793637793640513,0.012,0.0,0.028,0.0,0.0,0.0,0.0,0.0,0.0,0.0005413715479281148,-9.522091917865905e-05,0.001671725103373674,-0.0243019928023942,-0.07969102491874795,0.0,0.0063279537560445576,-0.001131218109116594,0.019731467114109943,0.004,0.0,0.012,0.00012261311344684056,0.0,0.0003678393403405217,-0.0243019928023942,-0.07339399744969177,0.0,0.005085591673851014,0.0,0.01186638057231903,0.0,0.0,0.0,0.0005413715479281148,-9.522091917865905e-05,0.0016881411144035426,False
mediation_aware_recourse,False,0.0,2.0,2.0,250,0.01864716947078705,0.008475986123085023,0.028818352818489074,0.6335884872732038,0.6049807936601664,0.6636644702988637,0.11109409077786617,0.10069672354714963,0.12246805525346376,0.7767564583333333,0.7667104895833334,0.7864677760416665,0.025108616860583424,0.021260140995681288,0.028563048234954477,0.03628585940135696,0.024064087625205455,0.04923094016094795,0.04358317789000155,0.03099073077487527,0.05549465471141572,0.10522102487042774,0.09643622914631715,0.11423682864005294,0.012,0.0,0.028,0.0,0.0,0.0,0.0,0.0,0.0,0.0035312738824519172,0.0011539380038214212,0.0066912595048907965,-0.2011063981681993,-0.47698598442824724,-0.07485759984951951,0.04127615851553834,0.011055741801521794,0.0745480557212387,0.036,0.016,0.06,0.0014712317619138336,0.0004801886724514963,0.002556218867946379,-0.2011063981681993,-0.45553025104613754,-0.07476582307393577,0.01864716947078705,0.008475986123085023,0.028818352818489074,0.0,0.0,0.0,0.0035312738824519172,0.0010093295281561562,0.006337514494393127,False
mediation_aware_recourse,False,0.0,4.5526284410669,2.0,250,0.13561577796936036,0.11188301682472229,0.1610437363386154,0.747209662754542,0.7288827270491189,0.7630949367927914,0.07074179581769867,0.0643814731734566,0.07741814550930645,0.7854568749999998,0.7760285625000001,0.7949950729166666,0.025108616860583424,0.021260140995681288,0.028563048234954477,0.03628585940135696,0.024064087625205455,0.04923094016094795,0.08806308281954997,0.0772493619401524,0.09765000933621401,0.1030144306738395,0.09377015099280928,0.11196709940993602,0.0,0.0,0.0,0.0,0.0,0.0,0.0,0.0,0.0,-0.008164115055108973,-0.015093112481666223,-0.0015653212990080682,-1.4269256474123013,-2.597785608117957,-0.8399500072960477,-0.09542825574316138,-0.18411909918224093,-0.016261828621619328,0.192,0.144,0.24,0.018855959495172436,0.013465273929225374,0.024854394995515436,-1.4269256474123013,-2.681018070003823,-0.8724075137008299,0.13561577796936036,0.11188301682472229,0.1610437363386154,-0.012,-0.028,0.0,-0.008164115055108973,-0.014959667714264461,-0.0014397819523444685,True
mediation_aware_recourse,False,0.0,5.0,2.0,250,0.1508725529909134,0.12713979184627533,0.17630051136016844,0.7587220424375256,0.7443991792249789,0.7729866055591276,0.06658879505268828,0.06078132378005244,0.07262648185636841,0.7877654166666667,0.7783327708333334,0.7977434947916666,0.025108616860583424,0.021260140995681288,0.028563048234954477,0.03628585940135696,0.024064087625205455,0.04923094016094795,0.09260898492579343,0.08242766782011249,0.1021253934250227,0.10283338910952906,0.09386086691052774,0.11184426192491467,0.0,0.0,0.0,0.0,0.0,0.0,0.0,0.0,0.0,-0.010639043980579748,-0.01783920803109177,-0.0037797596598972047,-1.5522059130926964,-2.78790164838416,-0.922183141551911,-0.12435706784976919,-0.22152566824808423,-0.03788644595882376,0.212,0.164,0.268,0.021031524450885214,0.015131274404649253,0.027057005336543313,-1.5522059130926964,-2.933519650383996,-0.9731730363561909,0.1508725529909134,0.12713979184627533,0.17630051136016844,-0.012,-0.028,0.0,-0.010639043980579748,-0.01789499838412575,-0.0034670337430415905,False
transport_anchor_only,False,1.0,0.0,2.0,250,0.11573049759864808,0.09020231142044068,0.14138699913024902,0.500095889263654,0.46748570091133496,0.5353644899412118,0.15561404781284047,0.14396708109754994,0.16696305872659334,0.7566731250000001,0.7481399843750001,0.7648135364583333,0.025108616860583424,0.021260140995681288,0.028563048234954477,0.03628585940135696,0.024064087625205455,0.04923094016094795,-0.014310872031268615,-0.028099242523580887,-0.0015821382627188563,0.10457770933665923,0.09585226577089817,0.11375807701471104,0.012,0.0,0.028,0.0,0.0,0.0,0.0,0.0,0.0,0.012126938878915342,0.0050160248828143,0.01867943001347149,0.605607466176385,0.013016921144948429,0.9620184706124834,0.14174869130422607,0.05962556931254011,0.22305932828485114,0.176,0.128,0.224,0.019234896276855117,0.012000193132156532,0.026974665927818997,1.2289823976757073,0.7637508420331902,1.9792195298009776,-0.027684906482696534,-0.0560022844851017,-0.0008977439999580533,0.0,0.0,0.0,0.04090884658314666,0.030356665053207936,0.05298253302112478,False
mediation_aware_recourse,False,1.0,0.5,2.0,250,0.09523576879501343,0.07069159503877162,0.11906113964319227,0.5209476788376649,0.4872311899668294,0.556524599631286,0.14882832315320274,0.1371584032250729,0.16013360320804473,0.7571816666666666,0.7487347604166666,0.7654000885416667,0.025108616860583424,0.021260140995681288,0.028563048234954477,0.03628585940135696,0.024064087625205455,0.04923094016094795,-0.00477744410854044,-0.018568949150847922,0.007413963131927734,0.10396260437753148,0.09519795520000808,0.11294951159408884,0.012,0.0,0.028,0.0,0.0,0.0,0.0,0.0,0.0,0.011747328478562157,0.004926501728473366,0.017919884302594835,0.8683386810355722,0.3585611771641799,0.9938434369676642,0.1373115222879714,0.06846272024499317,0.21294438140823366,0.148,0.104,0.192,0.01465798751566762,0.008685844923859747,0.021975241580149428,1.4917136125348947,0.901570325084935,2.350037374738305,-0.04817963528633118,-0.0765770033955574,-0.020504879137873664,0.0,0.0,0.0,0.04052923618279348,0.030993685733715328,0.051722076571168805,False
mediation_aware_recourse,False,1.0,1.0,2.0,250,0.06707456195354462,0.04752146564126015,0.08837879884243012,0.5461547132606227,0.5130403127663321,0.5805141676299486,0.1405558571536238,0.128474009932006,0.15195936979401464,0.7616366666666666,0.752495859375,0.7706837760416667,0.025108616860583424,0.021260140995681288,0.028563048234954477,0.03628585940135696,0.024064087625205455,0.04923094016094795,0.0068632146938022885,-0.00635468918231579,0.018811137182827967,0.10253102053672784,0.09420423347511366,0.11160276423374499,0.012,0.0,0.028,0.0,0.0,0.0,0.0,0.0,0.0,0.012957182512927773,0.0073074526964480874,0.018693415419860717,0.8108570443960429,0.5332299387778242,0.987541894825481,0.15145319709583527,0.09269796039708146,0.22076712959782294,0.1,0.064,0.14,0.00823273109731345,0.003843462585747852,0.013450401721544455,1.4342319758953654,0.6521785459603682,2.6956027751294034,-0.07634084212779998,-0.1080448055267334,-0.04470925073027611,0.0,0.0,0.0,0.04173909021715909,0.031568818662915187,0.0531737649892861,False
mediation_aware_recourse,False,1.0,2.0,2.0,250,0.013561577796936035,0.005085591673851014,0.02373276114463806,0.5981314547047546,0.5671684542388511,0.6295380700993486,0.1232757004779857,0.11144788034764815,0.1343445109947541,0.775880625,0.7663194062500001,0.7856253333333333,0.025108616860583424,0.021260140995681288,0.028563048234954477,0.03628585940135696,0.024064087625205455,0.04923094016094795,0.029221108194880285,0.016055097183319968,0.04105314901387695,0.10688752499504875,0.09858796076119176,0.11537708022940536,0.012,0.0,0.028,0.0,0.0,0.0,0.0,0.0,0.0,0.003689442391250561,0.0008478875735277523,0.006789369022096501,0.19469708925269325,0.06820185867689245,0.35523773983969537,0.04312494981824122,0.013121410376441493,0.08475729048171983,0.02,0.004,0.04,0.0016876544076130564,0.00012755914053494166,0.0038887104742041344,0.8180720207520157,0.17262647515487534,2.074174687838923,-0.12985382628440856,-0.16519696499705316,-0.09652703766226768,0.0,0.0,0.0,0.032471350095481875,0.02256513692733624,0.043015700422718885,False
mediation_aware_recourse,False,1.0,4.5526284410669,2.0,250,0.01763327419757843,0.006780788898468017,0.027804457545280457,0.624498179041643,0.5937552252897086,0.6554456939530254,0.11320265655386533,0.10237717605547542,0.12479384857539703,0.7763349999999999,0.7663062604166667,0.7862398125,0.025108616860583424,0.021260140995681288,0.028563048234954477,0.03628585940135696,0.024064087625205455,0.04923094016094795,0.037558020537059644,0.02318907355214669,0.050324585137807944,0.10846940589903317,0.09941559251915214,0.11807765166544358,0.016,0.004,0.032,0.0,0.0,0.0,0.0,0.0,0.0,-0.00028664193370192304,-0.004511223157389618,0.0032456390814719423,-0.03505941864656825,-0.18247437689284018,0.10581175635465871,-0.0033504843539537976,-0.05276187400391768,0.03674743545889746,0.024,0.008,0.044,0.0007317910751129779,0.0001483235604261675,0.001395473004043972,0.5883155128527542,-0.010876382970826427,1.7835445462861108,-0.12578212988376616,-0.16353545967638491,-0.08992517935037614,0.004,0.0,0.012,0.028495265770529393,0.01841111523573101,0.039098879130919834,True
mediation_aware_recourse,False,1.0,5.0,2.0,250,0.03289004921913147,0.019328471422195435,0.046451627016067504,0.6374527185943292,0.6065979115774283,0.6667531557807679,0.10787672209026666,0.09720142599089902,0.11898549385587097,0.7749689583333333,0.7652714114583333,0.7846787447916668,0.025108616860583424,0.021260140995681288,0.028563048234954477,0.03628585940135696,0.024064087625205455,0.04923094016094795,0.04148855862322779,0.02720539033998145,0.05446228071304346,0.10796490819249106,0.09882262713858368,0.11758666722089002,0.016,0.004,0.032,0.0,0.0,0.0,0.0,0.0,0.0,-0.0014855919938274477,-0.006150114193851677,0.003039871814985058,-0.1433809012024192,-0.3834837942355007,0.02735827123568052,-0.017364705391828217,-0.07376201618772893,0.03297859425834841,0.044,0.02,0.068,0.001691905596888108,0.0007319555028574114,0.002901215962133951,0.47999403029690324,-0.09701688022667689,1.61437360068294,-0.11052535486221314,-0.14962094163596631,-0.07393507729768753,0.004,0.0,0.012,0.027296315710403866,0.017263855798091164,0.03827328874492151,False
transport_anchor_only,False,3.0,0.0,2.0,250,0.6573160339593888,0.6084054605454207,0.7014146277070046,0.10122991254187266,0.09017681057508142,0.11334380336070991,0.2574101752093278,0.25452058986751963,0.2604300345053082,0.8657129166666666,0.857660421875,0.8744948541666667,0.025108616860583424,0.021260140995681288,0.028563048234954477,0.03628585940135696,0.024064087625205455,0.04923094016094795,-0.26318623981780886,-0.27501776127034644,-0.25121938237735547,0.2750587082405256,0.2657660349189306,0.2837912019049087,0.016,0.004,0.032,0.0,0.0,0.0,0.0,0.0,0.0,-0.1777653055807557,-0.1925092554631647,-0.16261843874609813,-6.253135082366732,-10.25144975252919,-4.482420104166327,-2.077853255216676,-2.488397192659038,-1.7430496439574714,0.72,0.66,0.776,0.21135763639521227,0.19386956571637626,0.22919645567719915,0.557920380473047,0.3195009933651785,0.9790905823043358,-0.032533950209617614,-0.0538118200302124,-0.013028686663508423,0.004,0.0,0.012,0.020244620482996568,0.011955709928544766,0.029043943439702596,False
mediation_aware_recourse,False,3.0,0.5,2.0,250,0.6570435061454772,0.6097128342300653,0.6999410241276026,0.10145263305363138,0.09028211162525901,0.11366365104088746,0.25649280423145104,0.25357276433812403,0.2595469520161237,0.8656704166666667,0.8579555468749999,0.8743109895833333,0.025108616860583424,0.021260140995681288,0.028563048234954477,0.03628585940135696,0.024064087625205455,0.04923094016094795,-0.2650329545931304,-0.2765536563530289,-0.2529745457804553,0.2757922049838271,0.2669106956808674,0.284393140350057,0.016,0.004,0.032,0.0,0.0,0.0,0.0,0.0,0.0,-0.17961202035607726,-0.1939664297078678,-0.16495657843777664,-6.304028593111375,-10.387001164023303,-4.526785763749274,-2.099439032569701,-2.5196906646098003,-1.7735205017316982,0.72,0.66,0.776,0.21294599537951614,0.1954358667758867,0.2303033198445385,0.5070268697284046,0.28092857916558245,0.9141101497425429,-0.032806478023529054,-0.0539422052115202,-0.011072442913055425,0.004,0.0,0.012,0.01839790570767501,0.010666263901805638,0.026973069126375728,False
mediation_aware_recourse,False,3.0,1.0,2.0,250,0.6342323442697525,0.5867292728632689,0.6780333709299565,0.11094563451845887,0.09722290710487688,0.12484964143224771,0.2536896815612961,0.2501758575967846,0.25709260664948896,0.8639872916666668,0.8557823072916666,0.8724203124999999,0.025108616860583424,0.021260140995681288,0.028563048234954477,0.03628585940135696,0.024064087625205455,0.04923094016094795,-0.26009990750928047,-0.27226250213474995,-0.24818326130987245,0.27043391443441284,0.26084067085840174,0.27942346760689213,0.016,0.004,0.032,0.0,0.0,0.0,0.0,0.0,0.0,-0.1746789732722273,-0.1893237772004136,-0.16043866830971854,-6.168079020323649,-10.26451644145906,-4.425200036793938,-2.041777905119506,-2.4303590057357822,-1.7252930021162682,0.72,0.66,0.776,0.21101022762382665,0.19394347420177385,0.22823959562939314,0.6429764425161304,0.38248532330556156,1.1207024195874333,-0.05561763989925385,-0.0829287951976061,-0.03171640157103539,0.004,0.0,0.012,0.023330952791524927,0.014960679895539956,0.033397048899207096,False
mediation_aware_recourse,False,3.0,2.0,2.0,250,0.5389760990142822,0.49253241709768775,0.5832472658127547,0.16798657368118075,0.14093988872035196,0.1950534971129802,0.23330133836366448,0.22531636237245198,0.24060949719051258,0.8424510416666667,0.832974859375,0.8525064375,0.025108616860583424,0.021260140995681288,0.028563048234954477,0.03628585940135696,0.024064087625205455,0.04923094016094795,-0.23750755298431472,-0.2505530044215903,-0.22394942863178985,0.2484761740999609,0.23535334646235495,0.2607263162559121,0.016,0.004,0.032,0.0,0.0,0.0,0.0,0.0,0.0,-0.15269680798585772,-0.16640852092255012,-0.1385632981353317,-5.545457566741076,-9.086908708096244,-3.9567304849871694,-1.7848339893887482,-2.1048471379235165,-1.5207925476890127,0.672,0.612,0.732,0.19872478452586267,0.18035063748130112,0.21673165856902726,1.2655978960987033,0.7619773174281523,2.169205739861344,-0.1508738851547241,-0.19717024201750757,-0.10422902154624462,0.004,0.0,0.012,0.04531311807789457,0.03152807529269922,0.05843637606501232,False
mediation_aware_recourse,False,3.0,4.5526284410669,2.0,250,0.337987735748291,0.2967697352141142,0.3791586202144623,0.30767291514461703,0.26865272568922266,0.3516373600093342,0.18551673367096244,0.1735552325070716,0.19686169018361216,0.806528125,0.79630571875,0.8160171874999999,0.025108616860583424,0.021260140995681288,0.028563048234954477,0.03628585940135696,0.024064087625205455,0.04923094016094795,-0.17730317551960917,-0.1954295795636222,-0.15946649192941836,0.19716424178931305,0.18098036559696817,0.21330031535781635,0.02,0.004,0.036,0.0,0.0,0.0,0.0,0.0,0.0,-0.10020887060016812,-0.1147476240903002,-0.0880844236582419,-3.886288445271843,-6.400330647336452,-2.697037853086747,-1.1713158948417837,-1.3597986605770938,-1.0018181757425482,0.496,0.432,0.56,0.1476045622725605,0.12966742107624468,0.16733027131255895,2.9247670175679366,1.905409318530312,5.02930681706036,-0.35186224842071534,-0.4217595924347639,-0.28530354743003844,0.008,0.0,0.02,0.09780105546358416,0.07794943219530513,0.11825525803197018,True
mediation_aware_recourse,False,3.0,5.0,2.0,250,0.32515948498249053,0.28425281349420545,0.36734984934329984,0.3190008351363499,0.27984339078930487,0.36356432333684446,0.18137866777139944,0.16956636840177033,0.19243596251601844,0.8056633333333333,0.7957855885416667,0.8149681770833332,0.025108616860583424,0.021260140995681288,0.028563048234954477,0.03628585940135696,0.024064087625205455,0.04923094016094795,-0.17291517366152237,-0.1919920228746136,-0.1542762508660093,0.19486269803588585,0.17895384268222714,0.21164708058749354,0.024,0.008,0.044,0.0,0.0,0.0,0.0,0.0,0.0,-0.09786569826330899,-0.11212768139059316,-0.08504902692444512,-3.765359743830567,-6.229864287163861,-2.6301687763886044,-1.1439271518484855,-1.3347250316829673,-0.9763354407159659,0.472,0.408,0.54,0.1442389751750875,0.12500864365545258,0.1639508667320927,3.0456957190092124,1.9682941905665967,5.187223419603716,-0.3646904991865158,-0.4348549879074097,-0.29592602353990083,0.012,0.0,0.028,0.10014422780044327,0.08109100428507912,0.12021319035358054,False
transport_anchor_only,False,10.0,0.0,2.0,250,1.0444200847148895,0.98992680952847,1.1002495086789132,0.019402045392715964,0.016721340227857064,0.02243397707857838,0.25646584835623776,0.25364371098643274,0.25927071995872014,0.8895760416666667,0.8823707708333334,0.8968936510416666,0.025108616860583424,0.021260140995681288,0.028563048234954477,0.03628585940135696,0.024064087625205455,0.04923094016094795,-0.3566357263046823,-0.36479954110246093,-0.34825745984895984,0.3606347809819462,0.3536287247936578,0.3671610126010232,0.256,0.2,0.30809999999999993,0.0,0.0,0.0,0.0,0.0,0.0,-0.2710833394195851,-0.28558411590225874,-0.25665694364991676,-8.828504331672118,-14.323161196194325,-6.356983583291192,-3.1686239190926235,-3.738952717541293,-2.704681278690203,0.724,0.664,0.78,0.2642788415239579,0.2430664584320994,0.28427050700854134,0.09212779970654417,-0.008585715855307673,0.23798304744178292,0.0007692345380783081,-0.018627980357408522,0.020116825148463247,-0.02,-0.052,0.012,0.0033429363871080504,-0.0003262471623692936,0.007415120225633397,False
mediation_aware_recourse,False,10.0,0.5,2.0,250,1.043338049173355,0.9883337411254645,1.0991839353591204,0.019429796750515146,0.016808443265711685,0.02242862162158745,0.25542826812889274,0.25250403560291185,0.2582645133648933,0.8901039583333333,0.8825828281249999,0.8976924218750001,0.025108616860583424,0.021260140995681288,0.028563048234954477,0.03628585940135696,0.024064087625205455,0.04923094016094795,-0.3592172463919231,-0.3670791779710429,-0.35169702229437294,0.3623697659001804,0.35529151558581223,0.3687271461501926,0.252,0.196,0.3040999999999999,0.0,0.0,0.0,0.0,0.0,0.0,-0.2736648595068259,-0.28768741234761014,-0.25945319790972093,-8.899648301522374,-14.355267922769919,-6.42725177846584,-3.1987986480655035,-3.7622160761562946,-2.7320504662369762,0.724,0.664,0.78,0.26686036161119864,0.2456401931137593,0.28645429908927916,0.020983829856287883,-0.08426917685830429,0.15708312020034945,-0.00031280100345611574,-0.019602873250842093,0.018412252196669577,-0.024,-0.056,0.008,0.0007614162998672775,-0.0032079416905350195,0.004731356035758519,False
mediation_aware_recourse,False,10.0,1.0,2.0,250,1.051132732629776,0.9972631601065398,1.1063224190831185,0.018788196471103656,0.016144041434949536,0.021603159593204347,0.25459340621190507,0.25155053731735366,0.25760140594659225,0.8897091666666667,0.88230578125,0.8972815,0.025108616860583424,0.021260140995681288,0.028563048234954477,0.03628585940135696,0.024064087625205455,0.04923094016094795,-0.3622233565277977,-0.36995898437765706,-0.35450689295500987,0.36535454166847214,0.3580069767073954,0.371601255414615,0.252,0.196,0.304,0.0,0.0,0.0,0.0,0.0,0.0,-0.27667096964270055,-0.29070755093956435,-0.2620453155533006,-8.982493525129293,-14.47586597000143,-6.507575033453524,-3.233936301675473,-3.7959025919997624,-2.768237140774432,0.724,0.664,0.78,0.26944769189449563,0.24846923848550112,0.28960441853165747,-0.06186139375063071,-0.18908388658391315,0.06945355561383665,0.0074818824529647825,-0.01240990343093872,0.025461134013533587,-0.024,-0.056,0.008,-0.0022446938360073465,-0.006708151812505241,0.0019837069752254425,False
mediation_aware_recourse,False,10.0,2.0,2.0,250,1.0625221976041794,1.0085590172231198,1.1155585279911757,0.017904396206457323,0.01537531072188399,0.02080086158558868,0.2527710967885456,0.24943628194837528,0.2561570190888091,0.8897864583333333,0.8822416093750001,0.8974925937500001,0.025108616860583424,0.021260140995681288,0.028563048234954477,0.03628585940135696,0.024064087625205455,0.04923094016094795,-0.36766960810597277,-0.37526764679782787,-0.3598426188985344,0.3704048360178753,0.36329078496722433,0.3766913594941166,0.26,0.2079,0.312,0.0,0.0,0.0,0.0,0.0,0.0,-0.2821172212208756,-0.2961954782329964,-0.2675319111996869,-9.132586472300096,-14.728022923519577,-6.596502259891661,-3.297596145386084,-3.8696266771019543,-2.83988805036866,0.724,0.664,0.78,0.27307596613025553,0.25160350548592425,0.29372744750971513,-0.21195434092143373,-0.3817266067272012,-0.06661243859368106,0.018871347427368165,-0.0015578215122222894,0.03733024454116821,-0.016,-0.048,0.02,-0.007690945414182434,-0.012806967536430989,-0.002471566181874644,False
mediation_aware_recourse,False,10.0,4.5526284410669,2.0,250,1.0896695082187653,1.036637905550003,1.1419449095398186,0.01636437187875571,0.013688033045340334,0.01922652314713884,0.24966737988413967,0.245729362248073,0.2535298739627422,0.8892452083333333,0.8818381979166667,0.8970935364583333,0.025108616860583424,0.021260140995681288,0.028563048234954477,0.03628585940135696,0.024064087625205455,0.04923094016094795,-0.3769130521795296,-0.3840948811464024,-0.3689627006662932,0.3791714513566744,0.37206004941908555,0.3857382866893843,0.28,0.22,0.332,0.0,0.0,0.0,0.0,0.0,0.0,-0.2913606652944324,-0.3049092722010188,-0.2776962261526017,-9.38732603823721,-15.116044553917597,-6.804977353179406,-3.4056404023624722,-3.9780905523720786,-2.933958186198735,0.724,0.664,0.78,0.2806039480926614,0.2582887748358666,0.3014903508337771,-0.4666939068585485,-0.7717761222251055,-0.2953323519321666,0.04601865804195404,0.022930664592981338,0.068770853382349,0.004,-0.028,0.044,-0.01693438948773922,-0.023924686709807512,-0.011101223746176479,True
mediation_aware_recourse,False,10.0,5.0,2.0,250,1.1014076821804046,1.0495270987302063,1.1547952595800162,0.015746192529407965,0.013116876395382945,0.0186804536585717,0.2486547627671679,0.2445785670390111,0.2526821542304153,0.8888677083333334,0.8814618854166667,0.8966912552083335,0.025108616860583424,0.021260140995681288,0.028563048234954477,0.03628585940135696,0.024064087625205455,0.04923094016094795,-0.37996485411627523,-0.38749738560451735,-0.3717206929703615,0.38211506974950576,0.3753340137647367,0.38897361784191103,0.292,0.232,0.348,0.0,0.0,0.0,0.0,0.0,0.0,-0.2944124672311781,-0.30774398954488613,-0.2806660522747982,-9.471430479666852,-15.34048587633185,-6.850300300032597,-3.4413121357630194,-4.010976077167075,-2.9628847316874882,0.724,0.664,0.78,0.28209862485461806,0.259907356241333,0.30337584107856025,-0.5507983482881897,-0.9066773415805659,-0.3618971718897499,0.057756832003593446,0.03244056215584278,0.08193340026438237,0.016,-0.024,0.05609999999999991,-0.019986191424484857,-0.027354951782129985,-0.013700386965966758,False
transport_anchor_only,False,30.0,0.0,2.0,250,1.243949318408966,1.1983252909064293,1.2844118127703665,0.006502240854786697,0.004691566958100999,0.008814727547059859,0.25196721461114335,0.2486369991670373,0.25522732551517624,0.8891749999999999,0.8811282239583332,0.8970735156249999,0.025108616860583424,0.021260140995681288,0.028563048234954477,0.03628585940135696,0.024064087625205455,0.04923094016094795,-0.38343614403509535,-0.3906588570249252,-0.37553639354809054,0.3871501776823176,0.38090799327438524,0.3933943029711133,0.516,0.4559,0.5720999999999998,0.0,0.0,0.0,0.0,0.0,0.0,-0.29788375714999815,-0.3107517236406027,-0.2844432654761722,-9.567095567281955,-15.606431406788136,-6.935490846967891,-3.4818871570477246,-4.064467472502825,-3.0234939568780517,0.724,0.664,0.78,0.2821328481665324,0.2592910121212465,0.304350218198836,-0.05986997845985087,-0.17747287414503468,0.03352688887072789,0.006339781761169434,-0.007591327106952667,0.020397594773769376,-0.012,-0.048,0.024,-0.0021724336207564134,-0.005496013934065126,0.0011122446961737567,False
mediation_aware_recourse,False,30.0,0.5,2.0,250,1.2480210146903992,1.2037812493801117,1.288342957639694,0.0063445880574014395,0.0045195414361018805,0.008581609053920742,0.250811861721213,0.2472853688587575,0.2542668505158458,0.889668125,0.8815628906249999,0.89735834375,0.025108616860583424,0.021260140995681288,0.028563048234954477,0.03628585940135696,0.024064087625205455,0.04923094016094795,-0.38645895730148594,-0.3936947481819579,-0.37876796641140614,0.39001551635363063,0.38363451201724785,0.39653271406600366,0.52,0.456,0.58,0.0,0.0,0.0,0.0,0.0,0.0,-0.30090657041638885,-0.31354989851128834,-0.28792640544106995,-9.65040111154247,-15.763264932365438,-7.012736185983565,-3.517220049284272,-4.100814220223383,-3.045637868936206,0.724,0.664,0.78,0.2846213224729397,0.2614984086359039,0.307637829731594,-0.14317552272036593,-0.28981257597206755,-0.05190672153400643,0.01041147804260254,-0.002502933549880981,0.024202275943756096,-0.008,-0.04,0.024,-0.00519524688714706,-0.008788832317116538,-0.0019337663026818353,False
mediation_aware_recourse,False,30.0,1.0,2.0,250,1.2461976118087768,1.2030116521000862,1.2875485591053963,0.006374155943968738,0.004572566937938935,0.0086330347123673,0.25026712925964434,0.24656945869211805,0.25383595480237164,0.89034875,0.8822727708333334,0.8978813645833333,0.025108616860583424,0.021260140995681288,0.028563048234954477,0.03628585940135696,0.024064087625205455,0.04923094016094795,-0.38790210761429406,-0.3948761778146979,-0.38000719168595903,0.39135642576801843,0.384896184501233,0.39786143110580674,0.52,0.456,0.576,0.0,0.0,0.0,0.0,0.0,0.0,-0.30234972072919686,-0.3153933419070812,-0.28907243901453905,-9.690172811499897,-15.787550524259899,-7.028146186184005,-3.5340886647063803,-4.11566808489308,-3.0601566245043808,0.724,0.664,0.78,0.28606447278574776,0.26298961477234,0.3081904516932745,-0.18294722267779306,-0.35372208151768375,-0.0789534225405387,0.008588075160980225,-0.0032976258635520933,0.02215476168394088,-0.008,-0.04,0.024,-0.006638397199955119,-0.010700894282865853,-0.003161418400815991,False
mediation_aware_recourse,False,30.0,2.0,2.0,250,1.2498685746192932,1.2040632715821267,1.290741306424141,0.006282713698816441,0.004477287893224646,0.008491831836985242,0.24821172802906785,0.24425590989549975,0.25200812952325646,0.8915475,0.8833764479166666,0.8988261927083334,0.025108616860583424,0.021260140995681288,0.028563048234954477,0.03628585940135696,0.024064087625205455,0.04923094016094795,-0.39317016541377037,-0.40021370130159356,-0.3851860677520078,0.39634144714750935,0.3896565405252082,0.40300307292531456,0.528,0.464,0.588,0.0,0.0,0.0,0.0,0.0,0.0,-0.30761777852867317,-0.32098433948640115,-0.2940221769118148,-9.835354926141482,-16.015862216160798,-7.1534933393857925,-3.595665646848932,-4.187404389829611,-3.111040819529569,0.724,0.664,0.78,0.2902767981972262,0.26702727666575227,0.3123135793264829,-0.3281293373193783,-0.5819409023108549,-0.19348704788995105,0.012259037971496582,-0.0006390564560890197,0.02602540490627289,0.0,-0.032,0.036,-0.011906454999431432,-0.016947884707035777,-0.007673501132218196,False
mediation_aware_recourse,False,30.0,4.5526284410669,2.0,250,1.2637348771095276,1.2179759035348894,1.3042480231881142,0.006145629141431106,0.004324068863294468,0.008420309679995562,0.2419360122037311,0.23717129742596338,0.24662480527081573,0.89712625,0.8896980572916666,0.9043544583333333,0.025108616860583424,0.021260140995681288,0.028563048234954477,0.03628585940135696,0.024064087625205455,0.04923094016094795,-0.408215421044916,-0.41436125805114743,-0.40180339540246796,0.4096082251086611,0.4033174741958047,0.41597652323967094,0.548,0.488,0.604,0.0,0.0,0.0,0.0,0.0,0.0,-0.32266303415981873,-0.3348849350256544,-0.3111188684669765,-10.249986297131775,-16.57975682238964,-7.432629494927257,-3.7715257973243643,-4.357823477170416,-3.276660406564583,0.724,0.664,0.78,0.30250431965850316,0.2798164546036374,0.32527210963522657,-0.742760708309671,-1.265296288557428,-0.4857764493655051,0.026125340461730956,0.01158106917142868,0.04228501853942871,0.02,-0.02,0.056,-0.026951710630577042,-0.03579116902437919,-0.01925099299792195,True
mediation_aware_recourse,False,30.0,5.0,2.0,250,1.2703874597549438,1.2250527727723122,1.310515033853054,0.006029011695725103,0.004210372589111995,0.008261903808554204,0.24116986569396542,0.23648398008417998,0.24585175745077698,0.89736,0.890062875,0.9047238125,0.025108616860583424,0.021260140995681288,0.028563048234954477,0.03628585940135696,0.024064087625205455,0.04923094016094795,-0.41014053778967,-0.4165518460056284,-0.40368476232144446,0.4114279010652758,0.40516877261166545,0.41797517390587613,0.56,0.5,0.6160999999999999,0.0,0.0,0.0,0.0,0.0,0.0,-0.32458815090457277,-0.33642052200917383,-0.312962815523448,-10.303040483432294,-16.618591931495967,-7.468492159572755,-3.7940279952740212,-4.388106007968483,-3.3122092640269787,0.724,0.664,0.78,0.30366844245515884,0.28085842998008925,0.3267620581134846,-0.7958148946101904,-1.3313510865994045,-0.5327812054655151,0.032777923107147215,0.015467498528957367,0.05129838712215423,0.032,-0.008,0.072,-0.02887682737533104,-0.0376540099952483,-0.020917803589581157,False
transport_anchor_only,False,0.0,0.0,5.0,250,0.19488393592834471,0.16537746796905994,0.2233941255658865,0.5768241749559817,0.5470081876054886,0.6075478586154165,0.13269153179114224,0.12206874652284605,0.14306532254927554,0.7210345833333334,0.714934125,0.727881203125,0.025108616860583424,0.021260140995681288,0.028563048234954477,0.03628585940135696,0.024064087625205455,0.04923094016094795,0.023560772774338816,0.011652976313955699,0.03459835140110096,0.09655552444518219,0.08904806313578695,0.10458215025646266,0.016,0.004,0.032,0.0,0.0,0.0,0.0,0.0,0.0,0.01580292479318325,0.010809647162586505,0.020931833232265853,0.3506899612398947,0.2050835975719153,0.5272561925541561,0.1847163517998357,0.13301050498976363,0.2382048395683534,0.084,0.052,0.124,0.0018145703396610416,0.0008559429729712639,0.003033026800063519,0.3506899612398947,0.21298612161192224,0.5331522049484304,0.19488393592834471,0.16537746796905994,0.2233941255658865,0.004,-0.008,0.02,0.01580292479318325,0.010758763827370434,0.020946705207267505,False
mediation_aware_recourse,False,0.0,0.5,5.0,250,0.19127303898334502,0.16243857085704805,0.21909361183643342,0.5885968520048916,0.5595642636836788,0.6191698122125553,0.12860034413972873,0.11858318839978613,0.13874282257260184,0.7219077083333333,0.7156221354166666,0.7285175624999999,0.025108616860583424,0.021260140995681288,0.028563048234954477,0.03628585940135696,0.024064087625205455,0.04923094016094795,0.02821374824480441,0.015510909458766806,0.039173485115743985,0.0964190080134708,0.08864586845674151,0.10490309500216322,0.016,0.004,0.032,0.0,0.0,0.0,0.0,0.0,0.0,0.014215566964335964,0.009293903957212751,0.019023480830870507,0.22245886661432313,0.07078726660669961,0.3825114845918036,0.16616213155371662,0.11846913906936196,0.21936792507739472,0.08,0.048,0.116,0.0013961479042164547,0.0005764835135243907,0.002549319664461165,0.22245886661432313,0.07539267296436476,0.3667556587001771,0.19127303898334502,0.16243857085704805,0.21909361183643342,0.004,-0.008,0.02,0.014215566964335964,0.009315134174115013,0.019040783059427704,False
mediation_aware_recourse,False,0.0,1.0,5.0,250,0.1902591437101364,0.1620889449864626,0.21841271276772023,0.5926325234769241,0.5636016209769004,0.6233785212123123,0.1271713826777385,0.11686582644386816,0.13744848519363287,0.7223166666666666,0.7160069947916666,0.7291782604166668,0.025108616860583424,0.021260140995681288,0.028563048234954477,0.03628585940135696,0.024064087625205455,0.04923094016094795,0.029974057036406224,0.0176397481237699,0.040861057278626614,0.0969640842696118,0.08900909746494698,0.10550001408106245,0.016,0.004,0.032,0.0,0.0,0.0,0.0,0.0,0.0,0.013633345454909697,0.008509016735247205,0.018554493690022034,0.1739466136143022,0.014884067010698056,0.32016703750699643,0.15935669303090583,0.10700257012536392,0.21587088212993175,0.072,0.04,0.108,0.0008071042631286833,0.00035175970462850256,0.0013525531894249545,0.1739466136143022,0.017534999569546694,0.3079331171516058,0.1902591437101364,0.1620889449864626,0.21841271276772023,0.004,-0.008,0.02,0.013633345454909697,0.008690480012995438,0.018507396053146982,False
mediation_aware_recourse,False,0.0,2.0,5.0,250,0.18720134258270263,0.15836687445640563,0.2156954169124365,0.6133512646860935,0.5857120384755562,0.642450707380569,0.11969958727684914,0.10910485637045558,0.12987461392097555,0.7251620833333333,0.7185438697916666,0.7321742604166668,0.025108616860583424,0.021260140995681288,0.028563048234954477,0.03628585940135696,0.024064087625205455,0.04923094016094795,0.03781975901224448,0.025485117266870513,0.049271196401518204,0.09694927096281315,0.08860566127779117,0.10563164691949255,0.012,0.0,0.028,0.0,0.0,0.0,0.0,0.0,0.0,0.011011663880371482,0.006057896173019137,0.016498453120026704,-0.04227265486318221,-0.3015812794847395,0.11356635820198475,0.12871252669035305,0.06942909386865007,0.1855971024785021,0.072,0.04,0.104,0.001838239563976963,0.000711989099616387,0.0032931400460558384,-0.04227265486318221,-0.2854713372129187,0.11429299408762264,0.18720134258270263,0.15836687445640563,0.2156954169124365,0.0,-0.012,0.012,0.011011663880371482,0.00581193391084424,0.01657079128700683,False
mediation_aware_recourse,False,0.0,4.5526284410669,5.0,250,0.17703015923500062,0.14920127154886723,0.20451114405691623,0.6821017748456205,0.6572839762999548,0.7062948365843701,0.09463626079410091,0.08549592881212335,0.10397267864391035,0.7433833333333333,0.7352915052083333,0.7519410208333334,0.025108616860583424,0.021260140995681288,0.028563048234954477,0.03628585940135696,0.024064087625205455,0.04923094016094795,0.06407677816233467,0.05233605105054293,0.07550122419415971,0.10236823422960255,0.09330903116741415,0.11137242388774565,0.0,0.0,0.0,0.0,0.0,0.0,0.0,0.0,0.0,-0.001196934453107037,-0.006915898285504902,0.004467549610196907,-0.7658883989375331,-1.5070099652945603,-0.4091516889432836,-0.013990661122226467,-0.08298286175247112,0.05175271332180087,0.12,0.08,0.164,0.01012035909741846,0.006101838041507173,0.014677321695834534,-0.7658883989375331,-1.529729255669497,-0.408438424866993,0.17703015923500062,0.14920127154886723,0.20451114405691623,-0.012,-0.028,0.0,-0.001196934453107037,-0.006816979541944356,0.0048608144442955385,True
mediation_aware_recourse,False,0.0,5.0,5.0,250,0.18211575090885163,0.15496816517412662,0.20995295342803,0.691507169043958,0.6673408074944224,0.7141254933699799,0.09100369553209142,0.08220555776848797,0.09994524354579783,0.7458439583333334,0.7376988125000001,0.7545581458333334,0.025108616860583424,0.021260140995681288,0.028563048234954477,0.03628585940135696,0.024064087625205455,0.04923094016094795,0.06730518114561966,0.0556782559194053,0.07889125614980146,0.10276283255617688,0.09386705513097257,0.11194957010364778,0.0,0.0,0.0,0.0,0.0,0.0,0.0,0.0,0.0,-0.002651632684015806,-0.00838719856873813,0.0031667893882363334,-0.8548597788785648,-1.651059172050568,-0.47388665628367244,-0.030994257209645326,-0.10135768726886792,0.03592278810350973,0.132,0.088,0.176,0.011221864512051665,0.00693352583165734,0.015849633285878895,-0.8548597788785648,-1.7064346827042742,-0.4606010370076038,0.18211575090885163,0.15496816517412662,0.20995295342803,-0.012,-0.028,0.0,-0.002651632684015806,-0.008297744072829445,0.0034629962306957796,False
transport_anchor_only,False,1.0,0.0,5.0,250,0.20305148458480834,0.1735862379461527,0.2336098116904497,0.5172637380320824,0.4855795838098757,0.5501122827413895,0.15183479640605235,0.14083962664811245,0.16319800659515676,0.7259112499999999,0.7194642708333334,0.7329259635416667,0.025108616860583424,0.021260140995681288,0.028563048234954477,0.03628585940135696,0.024064087625205455,0.04923094016094795,-0.003156926465630032,-0.014167519044016282,0.006971129078078437,0.09695092515164304,0.08946297417014007,0.10519258210969307,0.02,0.004,0.04,0.0,0.0,0.0,0.0,0.0,0.0,0.01948926373678183,0.012844780823147248,0.02593436751658265,0.9129984374708795,0.4190383710657636,0.9957569991781288,0.22780502621110132,0.15308740755944442,0.29452077975479884,0.18,0.136,0.228,0.007700486069172623,0.004882203538291569,0.010820811011535609,1.536373368970202,0.900590427549975,2.4299882035378424,0.059636080503463744,0.018452285999059678,0.09935733672976493,0.008,0.0,0.02,0.04827117144101315,0.036754511858325956,0.0608797631564928,False
mediation_aware_recourse,False,1.0,0.5,5.0,250,0.19619451475143432,0.16653292158842087,0.2253261807858944,0.5285062741500891,0.4961991040261623,0.561468425368957,0.14795983353108857,0.13707919789211906,0.15980490893399432,0.7251722916666667,0.7185480052083333,0.7324816458333334,0.025108616860583424,0.021260140995681288,0.028563048234954477,0.03628585940135696,0.024064087625205455,0.04923094016094795,0.001420159904098207,-0.010521547684335423,0.012108336661149513,0.09749882590125336,0.08975899057555112,0.10563663440182808,0.02,0.004,0.04,0.0,0.0,0.0,0.0,0.0,0.0,0.018121282771561976,0.011687326630062523,0.024046504340243427,0.9608618914495077,0.562224432547719,0.9946752152118021,0.2118150460945074,0.13792156998253066,0.27997914471915797,0.148,0.104,0.192,0.005931914949122154,0.003507839475700064,0.008833486336538411,1.5842368229488302,0.8129441426964177,2.584778734432942,0.052779110670089724,0.010882115539908411,0.0932411835491657,0.008,0.0,0.02,0.0469031904757933,0.03557053496023005,0.059653738174713776,False
mediation_aware_recourse,False,1.0,1.0,5.0,250,0.19619451475143432,0.16617034638822079,0.22591507489979268,0.5390274045746171,0.5064603857044152,0.5718871490128515,0.1442513987307081,0.13310912687786244,0.1556205866866912,0.7235622916666666,0.716929140625,0.731036671875,0.025108616860583424,0.021260140995681288,0.028563048234954477,0.03628585940135696,0.024064087625205455,0.04923094016094795,0.005022492613933727,-0.007477234402406369,0.0157486274317304,0.09841829723866112,0.0905557232628055,0.10648860939724063,0.02,0.004,0.04,0.0,0.0,0.0,0.0,0.0,0.0,0.01601847093015776,0.010018291358680945,0.022022229876193525,0.8615854027768761,0.6025859200502984,0.9908905543132115,0.18723581554389235,0.11640689847164443,0.24811120813421092,0.14,0.1,0.184,0.005595705149450357,0.003229007685326427,0.008387346158254764,1.4849603342761986,0.7486465063430824,2.696705177935137,0.052779110670089724,0.010164319413900376,0.09411879804730414,0.008,0.0,0.02,0.04480037863438908,0.03393057780572897,0.05685052633523233,False
mediation_aware_recourse,False,1.0,2.0,5.0,250,0.19035144007205962,0.16050117214620113,0.22063150634467601,0.5539439666748907,0.5231578537136158,0.5865175830378199,0.138951720290726,0.12798714333366631,0.1500078002051579,0.7233768749999999,0.716721703125,0.7306680520833333,0.025108616860583424,0.021260140995681288,0.028563048234954477,0.03628585940135696,0.024064087625205455,0.04923094016094795,0.010607735075507699,-0.002179449506166914,0.021921462519469838,0.09934624139327997,0.0913968478426585,0.10791441426322299,0.016,0.004,0.032,0.0,0.0,0.0,0.0,0.0,0.0,0.013671464784401075,0.007803541823688872,0.018946302131851587,0.707662013508463,0.49618439488371147,0.9624081670537182,0.15980226013755527,0.09439281720042775,0.21887257131802468,0.108,0.072,0.148,0.004015578699594193,0.002216794308504839,0.006199788402244673,1.3310369450077855,0.624968099513944,2.7590814451421597,0.046936035990715025,0.0036125085055828104,0.08661134709417818,0.004,0.0,0.012,0.04245337248863239,0.03223157581580103,0.053824898533200195,False
mediation_aware_recourse,False,1.0,4.5526284410669,5.0,250,0.18312964618206024,0.15461114171147347,0.21128281235694885,0.6076156448379401,0.5782022083357033,0.6369914690773024,0.12109697027751126,0.11053948734418151,0.13183823455294322,0.7256379166666667,0.7189761875,0.7327097552083334,0.025108616860583424,0.021260140995681288,0.028563048234954477,0.03628585940135696,0.024064087625205455,0.04923094016094795,0.03434218716474025,0.02188878145028957,0.04593659965029539,0.09790672138359807,0.08957432886424671,0.10655295805056761,0.012,0.0,0.028,0.0,0.0,0.0,0.0,0.0,0.0,0.0108213239323714,0.005715714758626377,0.015815154601132215,0.053565556078410514,-0.15975641840373966,0.20724946070816394,0.12648769165149332,0.0721485404808123,0.18352696942088148,0.06,0.032,0.092,0.0009505610028517867,0.00034280736639807034,0.0017858197000407772,0.676940487577733,0.09494119600642201,1.7942361886461151,0.039714242100715634,-0.0012997743636369704,0.08111948828995226,0.0,-0.012,0.012,0.03960323163660272,0.028875160250418575,0.05132869925729299,True
mediation_aware_recourse,False,1.0,5.0,5.0,250,0.18618744730949402,0.15635479633510113,0.2140320474207401,0.6142336067599642,0.585190486739813,0.6436339502411559,0.11830586169137963,0.10788711794865223,0.12881013925007812,0.7263629166666667,0.7196749791666667,0.7334369947916668,0.025108616860583424,0.021260140995681288,0.028563048234954477,0.03628585940135696,0.024064087625205455,0.04923094016094795,0.035962840934564796,0.023135189296816405,0.04768458473338277,0.09875635760553013,0.0904478340483687,0.10758454322529123,0.012,0.0,0.028,0.0,0.0,0.0,0.0,0.0,0.0,0.008077674972757286,0.0028994773987448467,0.013346716091846123,0.008902048128976658,-0.2127853459545183,0.16717782593108557,0.09441787969757276,0.035976048025400754,0.15336495375798612,0.068,0.036,0.104,0.001537157576474823,0.0005119072160771081,0.0029626530059290385,0.6322769796282991,0.04891174518706175,1.7877156488269572,0.04277204322814941,0.0005401471853256225,0.08486199838817118,0.0,-0.012,0.012,0.0368595826769886,0.026281554021127113,0.0486770099161702,False
transport_anchor_only,False,3.0,0.0,5.0,250,0.48792700231075287,0.43628026596009734,0.5375885591030121,0.25473216450894015,0.22325785651776908,0.28628999129515126,0.2237823447485978,0.2133932878230339,0.23254949480633128,0.7823497916666666,0.7726751041666666,0.791498328125,0.025108616860583424,0.021260140995681288,0.028563048234954477,0.03628585940135696,0.024064087625205455,0.04923094016094795,-0.15257139589595325,-0.168253159814698,-0.13722477099126398,0.18368262193837676,0.17089663847641498,0.19652919171924388,0.024,0.008,0.048,0.0,0.0,0.0,0.0,0.0,0.0,-0.07374858112491722,-0.08987427315805764,-0.05877058234516304,-3.2047066932703716,-5.6830955752202765,-2.0280423816249304,-0.8620283291916406,-1.1261210181706547,-0.6349677581100003,0.552,0.4879,0.616,0.12114493653961651,0.10524782673947419,0.13731136048081594,3.606348769569408,2.6393392346700075,5.670136507930514,-0.20192298185825347,-0.2603036766260862,-0.14005274664759634,0.012,0.0,0.028,0.12426134493883503,0.10632895711556578,0.14213171194980065,False
mediation_aware_recourse,False,3.0,0.5,5.0,250,0.47684597396850587,0.4252713894635439,0.525545789384842,0.2644460968198071,0.23378914535930628,0.2978974759826541,0.22029646718608376,0.2099426418803196,0.22951140343377954,0.7789516666666666,0.7692881927083334,0.7879622239583332,0.025108616860583424,0.021260140995681288,0.028563048234954477,0.03628585940135696,0.024064087625205455,0.04923094016094795,-0.14898365013755996,-0.16504045819311364,-0.133133680880106,0.18028896936084035,0.1671448542943773,0.1937931401777105,0.028,0.008,0.04809999999999991,0.0,0.0,0.0,0.0,0.0,0.0,-0.07023907393047563,-0.0860526465344108,-0.05511601066080638,-3.1058322055888397,-5.534945235173073,-1.9737457105095917,-0.8210065959329873,-1.073704002229363,-0.602687325791004,0.548,0.48,0.608,0.11735307381999983,0.10090521809232612,0.13397404339945443,3.70522325725094,2.6731581903661983,5.846137143890156,-0.2130040102005005,-0.2704657626748085,-0.1516216957420111,0.016,0.004,0.032,0.12777085213327663,0.10847717869040044,0.14615119952380148,False
mediation_aware_recourse,False,3.0,1.0,5.0,250,0.4435589042901993,0.39252218523919585,0.49088343933224676,0.28513434328508047,0.2516783883180791,0.31974437420918084,0.21387344028754257,0.20318531231375722,0.22362894215631532,0.7742870833333334,0.7647413385416666,0.782982421875,0.025108616860583424,0.021260140995681288,0.028563048234954477,0.03628585940135696,0.024064087625205455,0.04923094016094795,-0.1388747294124787,-0.1555471382752215,-0.12325796474305659,0.17204848190516606,0.1586703625450948,0.1852110127463087,0.028,0.008,0.04809999999999991,0.0,0.0,0.0,0.0,0.0,0.0,-0.0615413618576068,-0.07755557564779736,-0.04676230990631959,-2.8272410162975303,-5.06155503286072,-1.7501456792915362,-0.719341260931283,-0.9614508327831344,-0.5074197539296936,0.528,0.46,0.592,0.1079497574210248,0.09212624460867808,0.12437042178583764,3.983814446542249,2.8877785472263335,6.373398579468995,-0.24629107987880708,-0.3097270056813955,-0.18747434127628804,0.016,0.004,0.032,0.13646856420614545,0.11847400195387912,0.15554108573021164,False
mediation_aware_recourse,False,3.0,2.0,5.0,250,0.376668287396431,0.3320144378423691,0.4191811878025532,0.3343432150296268,0.29618909700782464,0.3741111502991345,0.19612490059507484,0.18562475659622918,0.20603038553619993,0.763325,0.7544135156249999,0.7721206666666667,0.025108616860583424,0.021260140995681288,0.028563048234954477,0.03628585940135696,0.024064087625205455,0.04923094016094795,-0.12038069993406117,-0.13679103916069008,-0.10464421338717929,0.1577469199265686,0.14402060022436716,0.17212938836944078,0.036,0.016,0.064,0.0,0.0,0.0,0.0,0.0,0.0,-0.04764104360752732,-0.06159496401030632,-0.034469064873822966,-2.317565076867364,-4.269143261942644,-1.3866233277376283,-0.5568639910831774,-0.7457763531819804,-0.3787661181555647,0.488,0.424,0.552,0.09315097169742981,0.07761813501847308,0.11001064242351331,4.493490385972415,3.2881632376023973,7.021329943893004,-0.3131816967725754,-0.3731844349950552,-0.2548140634059906,0.024,0.008,0.044,0.15036888245622493,0.13094173628936454,0.1685421504536053,False
mediation_aware_recourse,False,3.0,4.5526284410669,5.0,250,0.26820292019844055,0.23075705698132515,0.3067056924432516,0.4443076471860933,0.4082364187564606,0.4835613021544559,0.1628418772308226,0.15155195901732788,0.17398547497521527,0.7402316666666666,0.7321771979166667,0.7485552395833333,0.025108616860583424,0.021260140995681288,0.028563048234954477,0.03628585940135696,0.024064087625205455,0.04923094016094795,-0.06541565836882149,-0.08335819466242747,-0.048048017455361636,0.12836669237865903,0.11500408883560466,0.14263538427304426,0.04,0.02,0.068,0.0,0.0,0.0,0.0,0.0,0.0,-0.015798131510666096,-0.027448018207085274,-0.005268145075913454,-0.8027865247798205,-2.023145907963202,-0.14484959883615028,-0.18466032434470891,-0.3116183451655921,-0.05118776708353655,0.32,0.268,0.38,0.05415600753781763,0.04029103846111145,0.06910428206766328,6.008268938059959,4.400534856483923,9.444629079288147,-0.4216470639705658,-0.4802449112415314,-0.3636417581409216,0.028,0.008,0.052,0.18221179455308617,0.1643939378586864,0.20151717183470932,True
mediation_aware_recourse,False,3.0,5.0,5.0,250,0.2649407320022583,0.2274004343122244,0.30514080775380137,0.44771423993189635,0.41135941167494733,0.48733636975929984,0.1613946390050302,0.15038022754016248,0.17253287469983605,0.740201875,0.7323183854166666,0.7490742291666667,0.025108616860583424,0.021260140995681288,0.028563048234954477,0.03628585940135696,0.024064087625205455,0.04923094016094795,-0.06462097450402567,-0.08273628541822511,-0.04722875481594272,0.12804726205677935,0.11461499155339405,0.1415558129282788,0.04,0.02,0.068,0.0,0.0,0.0,0.0,0.0,0.0,-0.01582554798874831,-0.02738242416428997,-0.0052078623394180325,-0.7808858759346093,-1.9599431502195013,-0.12564415248910538,-0.18498078855477273,-0.31636476573158173,-0.05040509008355024,0.312,0.26,0.3680999999999999,0.05329742819426453,0.0385758612710595,0.06878430782813623,6.030169586905171,4.416183698482812,9.510169099417201,-0.424909252166748,-0.4826284782618284,-0.36524823424816133,0.028,0.008,0.052,0.18218437807500393,0.1637315409849803,0.20169035056778903,False
transport_anchor_only,False,10.0,0.0,5.0,250,1.0839224413633346,1.0293094136685133,1.1361417883634568,0.02222647976680201,0.018976362208724538,0.025687467863671362,0.2576634025665906,0.25460431591474014,0.2604075588444671,0.8696966666666667,0.8604659947916666,0.8785223229166667,0.025108616860583424,0.021260140995681288,0.028563048234954477,0.03628585940135696,0.024064087625205455,0.04923094016094795,-0.3518836222285807,-0.3606819327592985,-0.3427269642455353,0.3572809158133474,0.3500351659902153,0.36445319890519845,0.26,0.204,0.312,0.0,0.0,0.0,0.0,0.0,0.0,-0.2663312353434835,-0.2814638449721242,-0.2522371767670169,-8.697541357265512,-14.312571724157761,-6.343100278467341,-3.11307778824669,-3.669128613226701,-2.661732753900627,0.724,0.664,0.78,0.2630843222843342,0.2411706935659365,0.2836155370666827,0.2230907741131496,0.06311701744758116,0.5260390730681946,0.04027159118652344,0.009060222062468528,0.07093250749111173,-0.016,-0.064,0.036,0.008095040463209685,0.002287732078919711,0.014674966085838435,False
mediation_aware_recourse,False,10.0,0.5,5.0,250,1.0873128355741501,1.0341757926851511,1.1395907460957766,0.021960096980940917,0.018702911292567143,0.025398342053730122,0.257366804668428,0.2542860853296826,0.2601795146419494,0.8695554166666666,0.8603741041666667,0.8783572760416667,0.025108616860583424,0.021260140995681288,0.028563048234954477,0.03628585940135696,0.024064087625205455,0.04923094016094795,-0.3529699530698389,-0.36134436591308555,-0.34381443689834107,0.3583322301341931,0.35076928068213353,0.3654074365556232,0.26,0.204,0.312,0.0,0.0,0.0,0.0,0.0,0.0,-0.2674175661847418,-0.282283819835048,-0.2533422530425177,-8.727479489066177,-14.314982340046924,-6.3476337649093235,-3.1257756319984624,-3.681908897405219,-2.6747886866666253,0.724,0.664,0.78,0.26417065312559246,0.24210961000708617,0.2849674962932164,0.1931526423124854,0.02542647445276729,0.4708492120035891,0.04366198539733887,0.012649893781542779,0.0741351922184229,-0.016,-0.06409999999999999,0.036,0.0070087096219514375,0.0011141251762998685,0.013391009343236712,False
mediation_aware_recourse,False,10.0,1.0,5.0,250,1.087517222762108,1.0335626312315465,1.1391764049500228,0.021811796800001247,0.01864417334379275,0.025140384931416494,0.25663705565912676,0.2534693442113293,0.2596655214165488,0.8699141666666665,0.8607592760416666,0.8788734270833334,0.025108616860583424,0.021260140995681288,0.028563048234954477,0.03628585940135696,0.024064087625205455,0.04923094016094795,-0.3549609700698374,-0.36339250356073033,-0.3459603428999043,0.3599834896514451,0.3524321256409562,0.3668298386405626,0.256,0.2,0.308,0.0,0.0,0.0,0.0,0.0,0.0,-0.2694085831847402,-0.28426596467821563,-0.25522242535462497,-8.782349816870072,-14.361236008882962,-6.388118080729139,-3.1490481212005763,-3.6964660871242407,-2.696127033893152,0.724,0.664,0.78,0.26616167012559094,0.24432774883984945,0.2866370434473075,0.13828231450859008,-0.03260531997637426,0.40162402157871474,0.04386637258529663,0.012135012912750244,0.07567542549967765,-0.02,-0.0681,0.028,0.005017692621952964,-0.001358157876176242,0.011086233404449393,False
mediation_aware_recourse,False,10.0,2.0,5.0,250,1.0875772880315782,1.0338094661563635,1.1391890038996935,0.022163467926143727,0.01859168257548724,0.026280183223192446,0.2548834966895937,0.2516229121792542,0.25810261788670413,0.8697741666666667,0.8605614270833334,0.8787131145833333,0.025108616860583424,0.021260140995681288,0.028563048234954477,0.03628585940135696,0.024064087625205455,0.04923094016094795,-0.3584930750742707,-0.3668645735726907,-0.3492090700875662,0.36299522149768165,0.3552469202099708,0.37007247531181087,0.252,0.196,0.304,0.0,0.0,0.0,0.0,0.0,0.0,-0.27294068818917344,-0.2871596868968529,-0.25912108968282965,-8.87969090407886,-14.479989170864588,-6.457484090121398,-3.190333994488684,-3.7546092645231743,-2.7326638031273265,0.724,0.664,0.78,0.2694105250206192,0.24713019425437802,0.2899578349641774,0.04094122729980221,-0.13227269076901624,0.26726577287790165,0.043926437854766846,0.010064722186326982,0.07662534499764441,-0.024,-0.072,0.024,0.0014855876175196856,-0.005218475224564081,0.007573451149131477,False
mediation_aware_recourse,False,10.0,4.5526284410669,5.0,250,1.0991029996871948,1.0468674071192743,1.1497874190181494,0.02090098911619619,0.01732188064564192,0.025086031981357424,0.2513595306763438,0.2477855141894903,0.2551937792279188,0.8723681249999999,0.863768140625,0.8809143489583333,0.025108616860583424,0.021260140995681288,0.028563048234954477,0.03628585940135696,0.024064087625205455,0.04923094016094795,-0.3687457203910702,-0.3768523955325269,-0.3598758279577629,0.37198435454755063,0.36463014885294337,0.37904271737997,0.252,0.196,0.304,0.0,0.0,0.0,0.0,0.0,0.0,-0.283193333505973,-0.2969740601140211,-0.2691124058084493,-9.162242991474537,-14.799589287762288,-6.645433455140114,-3.3101745470447392,-3.870573172798551,-2.8415024574361585,0.724,0.664,0.78,0.27744560799407275,0.2553868668917865,0.29898789743841464,-0.24161086009587507,-0.4635585955953648,-0.040940414683239,0.0554521495103836,0.02267338626980782,0.08755942714214324,-0.024,-0.072,0.024,-0.008767057699279768,-0.0159891528888135,-0.001432938286613928,True
mediation_aware_recourse,False,10.0,5.0,5.0,250,1.0991029996871948,1.0468674071192743,1.1497874190181494,0.02090098911619619,0.01732188064564192,0.025086031981357424,0.251100212867918,0.2474825365172524,0.25505690191993036,0.8726214583333333,0.8640413541666667,0.8810268541666667,0.025108616860583424,0.021260140995681288,0.028563048234954477,0.03628585940135696,0.024064087625205455,0.04923094016094795,-0.3693126451628914,-0.37750062490850705,-0.3606031373985798,0.3724815203772573,0.3650099832197618,0.37954271527371025,0.252,0.196,0.304,0.0,0.0,0.0,0.0,0.0,0.0,-0.2837602582777943,-0.2972965335765856,-0.26958965093668624,-9.177866840025304,-14.800206222761872,-6.660796726988061,-3.3168011859085116,-3.8818089900395623,-2.8498062551769636,0.724,0.664,0.78,0.27753758711569776,0.2553924985693049,0.2989901969164553,-0.2572347086466422,-0.48079372913589463,-0.054845401869750184,0.0554521495103836,0.02267338626980782,0.08755942714214324,-0.024,-0.072,0.024,-0.009333982471101076,-0.016795729825022088,-0.0017554731941510486,False
transport_anchor_only,False,30.0,0.0,5.0,250,1.2654337846040726,1.2187005947291851,1.3100241729050877,0.006960830908553239,0.005135155527723371,0.009277033897150828,0.25411368690998093,0.25087861208534334,0.2573340478683675,0.878815625,0.8697453281249999,0.8876282760416667,0.025108616860583424,0.021260140995681288,0.028563048234954477,0.03628585940135696,0.024064087625205455,0.04923094016094795,-0.3767029708066684,-0.3845662433259322,-0.36858633123379947,0.3812138926939974,0.37443457600109215,0.38781984683267107,0.512,0.448,0.5720999999999998,0.0,0.0,0.0,0.0,0.0,0.0,-0.29115058392157117,-0.3053478654289002,-0.2768603841023069,-9.381536417257383,-15.241629063471127,-6.75458731588763,-3.4031848148504222,-3.987624646486881,-2.9455152224529786,0.724,0.664,0.78,0.27727119039165793,0.25574960157820265,0.2990137677233404,0.12568917156472104,-0.008734622037541273,0.2782273423540234,0.02782424795627594,0.006911772549152374,0.04853504651486873,-0.016,-0.068,0.028,0.004560739607670518,-0.0003614628091239571,0.009374631151167686,False
mediation_aware_recourse,False,30.0,0.5,5.0,250,1.2654337846040726,1.2187005947291851,1.3100241729050877,0.006960830908553239,0.005135155527723371,0.009277033897150828,0.2540641159208386,0.25085576769552537,0.25728500159477813,0.878815625,0.8697453281249999,0.8876282760416667,0.025108616860583424,0.021260140995681288,0.028563048234954477,0.03628585940135696,0.024064087625205455,0.04923094016094795,-0.3769014252707322,-0.38466575053024615,-0.36865770843154744,0.3813845053755406,0.37452575466340293,0.38791680796137573,0.512,0.448,0.5720999999999998,0.0,0.0,0.0,0.0,0.0,0.0,-0.291349038385635,-0.30559959110428875,-0.2768694776269438,-9.387005612898271,-15.266224986167542,-6.762839555728407,-3.405504498395082,-3.9928320252147693,-2.9496954134284725,0.724,0.664,0.78,0.27746964485572173,0.25575456293980425,0.29921122445657794,0.12021997592383293,-0.011245930314199801,0.26706452548477805,0.02782424795627594,0.006911772549152374,0.04853504651486873,-0.016,-0.068,0.028,0.004362285143606726,-0.00040249786875991994,0.009004791961250818,False
mediation_aware_recourse,False,30.0,1.0,5.0,250,1.2684915858507155,1.2227155265063048,1.3116784105330705,0.006766726504533878,0.0049841273364673285,0.009003317883799317,0.25340214973627034,0.25010635481956645,0.25657977862104675,0.8794608333333334,0.8706395260416666,0.8880783281250001,0.025108616860583424,0.021260140995681288,0.028563048234954477,0.03628585940135696,0.024064087625205455,0.04923094016094795,-0.37894140415250566,-0.38672686659617894,-0.37089762938346843,0.3833347933255615,0.37664206139543166,0.3898398189793912,0.52,0.456,0.58,0.0,0.0,0.0,0.0,0.0,0.0,-0.2933890172674084,-0.3077914608064382,-0.27901078113087074,-9.443225278504348,-15.405903545667774,-6.828634317683176,-3.4293492905282728,-4.01120673972994,-2.9712915493079954,0.724,0.664,0.78,0.2785981693637979,0.25670834449238183,0.30008114945952086,0.06400031031775555,-0.08262471505061394,0.20333424660687685,0.030882049202919006,0.01208975320160389,0.04986301915049553,-0.008,-0.056,0.036,0.0023223062618333043,-0.0027854871713614408,0.007075698112873474,False
mediation_aware_recourse,False,30.0,2.0,5.0,250,1.2678864651918411,1.2214427103757857,1.3118995898246766,0.006724325053142838,0.004898248003193952,0.00896868431855645,0.25192307406441594,0.24842737936058928,0.25540396923743475,0.8802958333333334,0.8713034739583333,0.888943890625,0.025108616860583424,0.021260140995681288,0.028563048234954477,0.03628585940135696,0.024064087625205455,0.04923094016094795,-0.38276137629188894,-0.3900757259213235,-0.3747673371810021,0.38667508877179296,0.37994788922553907,0.39350378285700083,0.52,0.456,0.576,0.0,0.0,0.0,0.0,0.0,0.0,-0.2972089894067917,-0.3109383800257398,-0.2831943638136432,-9.548499680224607,-15.536639453160863,-6.906229591818318,-3.4739999692348036,-4.068198728583506,-3.0033418347363505,0.724,0.664,0.78,0.2813266244582555,0.2596773941368989,0.30300047174482403,-0.04127409140250293,-0.20411535100522843,0.08896246125161565,0.030276928544044495,0.012293041661381721,0.050477279442548754,-0.008,-0.056,0.036,-0.0014976658775499932,-0.006695664280599683,0.0032405818980013167,False
mediation_aware_recourse,False,30.0,4.5526284410669,5.0,250,1.2664036961793899,1.2203806388318537,1.3093625806659461,0.006767893171285968,0.004942785786511615,0.00899575507379329,0.24761861136052823,0.24367849578758397,0.2515488560598936,0.883251875,0.874806265625,0.8913726458333333,0.025108616860583424,0.021260140995681288,0.028563048234954477,0.03628585940135696,0.024064087625205455,0.04923094016094795,-0.3934028786401116,-0.4005009784601396,-0.3856891935541755,0.3961280040189956,0.38914359360646844,0.4026055441886412,0.496,0.432,0.556,0.0,0.0,0.0,0.0,0.0,0.0,-0.30785049175501433,-0.32081495627079376,-0.2952749369351336,-9.84176825712442,-16.00354658465687,-7.132704921536413,-3.5983857723160773,-4.191181863417996,-3.121582493480114,0.724,0.664,0.78,0.29102934138444236,0.2677048595121051,0.3132417270558894,-0.3345426683023156,-0.6166795937443175,-0.15858987528611532,0.02879415953159332,0.009926488158106804,0.049140175554156285,-0.032,-0.08,0.012,-0.01213916822577264,-0.019313328640664137,-0.005595585752062288,True
mediation_aware_recourse,False,30.0,5.0,5.0,250,1.2704072519540788,1.2250502396792173,1.3130446219861507,0.006750594422748036,0.004928716112419853,0.008947797227678748,0.24580133651986724,0.2416232964944895,0.24976448202854723,0.8842710416666666,0.8755030208333333,0.8921007135416668,0.025108616860583424,0.021260140995681288,0.028563048234954477,0.03628585940135696,0.024064087625205455,0.04923094016094795,-0.39790309699082754,-0.4048520182304785,-0.39041280203257106,0.40005548171710514,0.3933736135984802,0.4063946626091752,0.492,0.432,0.548,0.0,0.0,0.0,0.0,0.0,0.0,-0.31235071010573034,-0.32570918214475075,-0.2994230528825767,-9.96578952670327,-16.167179032621974,-7.224564740833834,-3.6509876752502413,-4.245642809899842,-3.1630307847208945,0.724,0.664,0.78,0.29310427230037894,0.2699798206682273,0.3150683181058351,-0.45856393788116634,-0.8441006574675987,-0.2608612812429165,0.032797715306282046,0.013517258375883103,0.053299255728721615,-0.036,-0.084,0.008,-0.016639386576488613,-0.024796721838620115,-0.00995057706589333,False
transport_anchor_only,False,0.0,0.0,10.0,250,0.2942800499200821,0.25570056860148904,0.3317524427771568,0.5766963498725002,0.5481221568227358,0.6044283681689707,0.13402128768596663,0.12415376612601409,0.1442606445429671,0.707215625,0.7016136927083334,0.7133611666666667,0.025108616860583424,0.021260140995681288,0.028563048234954477,0.03628585940135696,0.024064087625205455,0.04923094016094795,0.026368074963592714,0.015528484079653782,0.03609542694270876,0.09354228821990317,0.08608445975823628,0.10118385221059417,0.008,0.0,0.02,0.0,0.0,0.0,0.0,0.0,0.0,0.021336959908488228,0.01529703506846554,0.02778623923604354,0.2733236748801754,0.07698179076775083,0.4411561515099016,0.24940227485581745,0.18767502283305854,0.31072161135130627,0.096,0.064,0.132,0.002367495797335189,0.0010934910766746807,0.0038250384851942106,0.2733236748801754,0.08540777779931312,0.43633394448186313,0.2942800499200821,0.25570056860148904,0.3317524427771568,-0.004,-0.024,0.012,0.021336959908488228,0.015049881324087449,0.02818222124952669,False
mediation_aware_recourse,False,0.0,0.5,10.0,250,0.2859322704076767,0.24926848847568034,0.3237321660488844,0.5831459027081326,0.5542668887949744,0.6118937751532084,0.1316451443974119,0.12165136140192552,0.14202984125557316,0.7080933333333332,0.7026028854166666,0.7141797135416666,0.025108616860583424,0.021260140995681288,0.028563048234954477,0.03628585940135696,0.024064087625205455,0.04923094016094795,0.02862315496534453,0.01748783366653749,0.03886013102303216,0.09438935503975086,0.08701126361866375,0.1022948208227107,0.008,0.0,0.02,0.0,0.0,0.0,0.0,0.0,0.0,0.01945309121067878,0.013863613575616678,0.025440904073648234,0.21117604936003997,0.017876693271505154,0.36585596738278114,0.22738221479203902,0.16676829756069336,0.28718547503665953,0.096,0.064,0.136,0.0022538284220603834,0.0009941988411818082,0.0037225612878850445,0.21117604936003997,0.01866171445335459,0.3695708473599484,0.2859322704076767,0.24926848847568034,0.3237321660488844,-0.004,-0.024,0.012,0.01945309121067878,0.013581189874758726,0.025805625423074036,False
mediation_aware_recourse,False,0.0,1.0,10.0,250,0.2859322704076767,0.24823917364478112,0.3239613661944866,0.5858785841215689,0.5570553463380515,0.6137453076336069,0.1306950046716406,0.12084841645176235,0.14106805805827427,0.708169375,0.702617515625,0.7142962604166666,0.025108616860583424,0.021260140995681288,0.028563048234954477,0.03628585940135696,0.024064087625205455,0.04923094016094795,0.029663104728154643,0.01861782866672336,0.040074559306271976,0.09444495633488592,0.08703772682968922,0.10212529786576223,0.008,0.0,0.02,0.0,0.0,0.0,0.0,0.0,0.0,0.018938561321718977,0.013538875166937542,0.024971480780239405,0.1825161311448682,-0.007046978856693583,0.33793012730173,0.2213680063322464,0.16240416242115246,0.28252295381981785,0.096,0.064,0.136,0.0022538284220603834,0.0009941988411818082,0.0037225612878850445,0.1825161311448682,-0.01608666482156933,0.34030610780933007,0.2859322704076767,0.24823917364478112,0.3239613661944866,-0.004,-0.024,0.012,0.018938561321718977,0.013167898591060592,0.025115100441937824,False
mediation_aware_recourse,False,0.0,2.0,10.0,250,0.2838282989263535,0.24664524553120137,0.3204924837648868,0.5966211917708613,0.5692340501481093,0.625873066397954,0.12699974204639258,0.11666062126930138,0.13726103273796078,0.7089970833333334,0.7035597604166667,0.715362109375,0.025108616860583424,0.021260140995681288,0.028563048234954477,0.03628585940135696,0.024064087625205455,0.04923094016094795,0.03408786964245022,0.022746941415123144,0.044419065219243874,0.09478161160275143,0.08716611779271394,0.1024229859524702,0.008,0.0,0.02,0.0,0.0,0.0,0.0,0.0,0.0,0.017677253409183535,0.01214348822769909,0.02352279685005984,0.06057427866306908,-0.20783500996986756,0.23223970474036287,0.20662490028390823,0.14790491222729846,0.2650464192307746,0.108,0.072,0.148,0.0031902726313159948,0.001525325001388285,0.005089129683159415,0.06057427866306908,-0.20640543911529846,0.23804816874109608,0.2838282989263535,0.24664524553120137,0.3204924837648868,-0.004,-0.024,0.012,0.017677253409183535,0.01195523723978233,0.023717424021323822,False
mediation_aware_recourse,False,0.0,4.5526284410669,10.0,250,0.29705728256702424,0.25680531106591226,0.3384744646847248,0.619161867625591,0.5917898876801724,0.6483203326955755,0.11793404272924196,0.10794740123374931,0.1282495253374778,0.7108164583333332,0.705053359375,0.7172815729166667,0.025108616860583424,0.021260140995681288,0.028563048234954477,0.03628585940135696,0.024064087625205455,0.04923094016094795,0.0411658629402383,0.02913166282530047,0.05217550636305817,0.09709137683657462,0.08915647764612802,0.10501497328613577,0.008,0.0,0.02,0.0,0.0,0.0,0.0,0.0,0.0,0.011580166904904725,0.005546658901469251,0.017551640367312365,-0.13448774865447577,-0.4616750679707133,0.049718022022689615,0.13535761334698604,0.07014541908057592,0.19884203686310994,0.08,0.048,0.116,0.002578668496864212,0.0010254572797232257,0.004488747379395819,-0.13448774865447577,-0.4875083578023153,0.05443400247348931,0.29705728256702424,0.25680531106591226,0.3384744646847248,-0.004,-0.024,0.012,0.011580166904904725,0.005807216593173009,0.01789498694625106,True
mediation_aware_recourse,False,0.0,5.0,10.0,250,0.30350547790527344,0.2614416233807802,0.3443169549643993,0.626271432640027,0.599128216837407,0.6554057346898482,0.11535572840837166,0.10508622025486969,0.12537430474669303,0.7114054166666667,0.7053854947916666,0.718082234375,0.025108616860583424,0.021260140995681288,0.028563048234954477,0.03628585940135696,0.024064087625205455,0.04923094016094795,0.043679756191946584,0.03189661267059121,0.05483792283028549,0.09821114352401147,0.09014205873355637,0.10661010080327278,0.008,0.0,0.02,0.0,0.0,0.0,0.0,0.0,0.0,0.00959828629156527,0.0031827037814137296,0.015688630962287002,-0.20376799427032788,-0.5701220080496104,0.0026524451694993957,0.11219191703507303,0.04262301235199519,0.17453731957734628,0.084,0.052,0.124,0.003966903980583274,0.0015959476720327481,0.006916752760060041,-0.20376799427032788,-0.5995294932717766,0.008431451170998501,0.30350547790527344,0.2614416233807802,0.3443169549643993,-0.004,-0.024,0.012,0.00959828629156527,0.003450737801372759,0.0159613096008168,False
transport_anchor_only,False,1.0,0.0,10.0,250,0.3132239021062851,0.27112896693050864,0.3542091269016266,0.5392366630143944,0.5080227116158385,0.5705579881729391,0.1456282115586178,0.13525259220449365,0.15666878018808872,0.707149375,0.7015618124999999,0.7134462760416667,0.025108616860583424,0.021260140995681288,0.028563048234954477,0.03628585940135696,0.024064087625205455,0.04923094016094795,0.008938998752533029,-0.0015506700791496184,0.01904219251996828,0.09589289406306645,0.0883419221223685,0.10381692621722823,0.016,0.004,0.032,0.0,0.0,0.0,0.0,0.0,0.0,0.023116733861104792,0.016310207825367094,0.02980360368560933,0.7536506258909568,0.5410991251720365,0.9792714333827682,0.27020559802910216,0.19711036552474512,0.33910950773420157,0.144,0.108,0.188,0.005800400670621385,0.0031087218381024378,0.009159594290660345,1.3770255573902792,0.6962473092952639,2.7597454728273703,0.1698084980249405,0.12225981333851814,0.21643834569454193,0.004,-0.012,0.02,0.05189864156533611,0.040533287345964925,0.06409510106603801,False
mediation_aware_recourse,False,1.0,0.5,10.0,250,0.3132239022254944,0.27160233210921286,0.3544054747194052,0.5405467652796216,0.5103545028632787,0.5707588402968697,0.14519195388447728,0.1347721994563121,0.15620673245729688,0.7070289583333333,0.7013984322916667,0.7132882083333333,0.025108616860583424,0.021260140995681288,0.028563048234954477,0.03628585940135696,0.024064087625205455,0.04923094016094795,0.009552896948658025,-0.0012811063497775675,0.01962729471463413,0.09531143873556487,0.08762468596257175,0.10326084745953636,0.016,0.004,0.032,0.0,0.0,0.0,0.0,0.0,0.0,0.02373063205722979,0.01688067158216932,0.03049208905820966,0.736732239327897,0.5235819547318203,0.9676528577795019,0.2773812972524272,0.20541524296022085,0.3477078038180798,0.144,0.108,0.188,0.005748754739020785,0.0030507273462117945,0.00907775444521931,1.3601071708272194,0.6798683243651374,2.750386977187864,0.16980849814414978,0.12071639353334904,0.21645378390252587,0.004,-0.012,0.02,0.0525125397614611,0.04109940935492062,0.06497577670399472,False
mediation_aware_recourse,False,1.0,1.0,10.0,250,0.3101661010980606,0.2684871946364641,0.3520383159041405,0.5478740187778983,0.5181839223692212,0.5768987853420903,0.14281476495466233,0.13270979567004054,0.15348746972947003,0.7067902083333334,0.701184640625,0.7129613020833333,0.025108616860583424,0.021260140995681288,0.028563048234954477,0.03628585940135696,0.024064087625205455,0.04923094016094795,0.012690966110554189,0.0024760424488224427,0.022925031714826866,0.09444989572076828,0.08708996857578097,0.10256719173361699,0.012,0.0,0.028,0.0,0.0,0.0,0.0,0.0,0.0,0.02420052685532953,0.01770275851598499,0.031121282955739,0.6502503641933972,0.4424318129364416,0.9088134334406521,0.2828737775350737,0.21014680073858846,0.3558684667331603,0.128,0.092,0.168,0.004441378906876105,0.0022659127329093193,0.007214057724207083,1.2736252956927197,0.6191508052106105,2.5869094648213844,0.166750697016716,0.11724232908189296,0.2142752064436674,0.0,-0.016,0.016,0.052982434559560844,0.04161281899518953,0.06471720458632887,False
mediation_aware_recourse,False,1.0,2.0,10.0,250,0.2983517459630966,0.2577150269895792,0.3379334209173918,0.5682588760583154,0.5397059014258909,0.5983332024572462,0.13602294744070936,0.12577487189884243,0.14664066955572272,0.7070185416666666,0.7014289270833335,0.7132604739583334,0.025108616860583424,0.021260140995681288,0.028563048234954477,0.03628585940135696,0.024064087625205455,0.04923094016094795,0.021077842635523942,0.01011467373008939,0.030883311739542712,0.09477342085422487,0.0867488433132231,0.10305948246408309,0.012,0.0,0.028,0.0,0.0,0.0,0.0,0.0,0.0,0.02103468851018537,0.014734916010447302,0.027916455211171136,0.4191168961334919,0.19845826741358505,0.625338685358051,0.24586910168194875,0.17835504763806984,0.3090175213255793,0.112,0.076,0.152,0.004002841764919466,0.0018310691480423948,0.006786367640839013,1.0424918276328143,0.42748211601181735,2.2757500452092048,0.154936341881752,0.10562217407822609,0.2031542039990425,0.0,-0.016,0.016,0.049816596214416684,0.03857216720567478,0.06127186232612724,False
mediation_aware_recourse,False,1.0,4.5526284410669,10.0,250,0.2882325882911682,0.249852384147048,0.326382492634654,0.5905175819642674,0.560168003060922,0.6194492642325622,0.12810001071962818,0.11756372430769953,0.13849181043557315,0.7085227083333334,0.7031182187499999,0.714626546875,0.025108616860583424,0.021260140995681288,0.028563048234954477,0.03628585940135696,0.024064087625205455,0.04923094016094795,0.029689462201899764,0.017733118922380425,0.040400494794055206,0.09533848309782561,0.08770004385072395,0.10338496979425739,0.012,0.0,0.028,0.0,0.0,0.0,0.0,0.0,0.0,0.017008271197131074,0.01058926314854532,0.023289349484077043,0.1817897469781441,-0.028691940302895264,0.35804444971029675,0.1988053380670065,0.1313519259558871,0.2608828048772047,0.088,0.056,0.124,0.0021239448110488292,0.0009418534425130858,0.003559859250868557,0.8051646784774665,0.21605573986312368,1.9747191181251518,0.14481718420982362,0.09226747643947601,0.19473835736513137,0.0,-0.02,0.02,0.04579017890136238,0.034621295902487324,0.05753272980745483,True
mediation_aware_recourse,False,1.0,5.0,10.0,250,0.2946807836294174,0.2543034086018801,0.3329843502193689,0.598318729753752,0.5687667278232954,0.6274427239786795,0.12526400354406278,0.11498068451537412,0.13570944528979448,0.7084564583333333,0.7030569166666666,0.7147205520833334,0.025108616860583424,0.021260140995681288,0.028563048234954477,0.03628585940135696,0.024064087625205455,0.04923094016094795,0.032720369972542414,0.02089142037002731,0.04402096017316713,0.09560054225152308,0.08761711210733827,0.10369599351615114,0.012,0.0,0.028,0.0,0.0,0.0,0.0,0.0,0.0,0.015715589763322144,0.009280355653509301,0.0216298344210861,0.0982611267209289,-0.15911382858840645,0.27794773798152206,0.1836955149413807,0.1190670973578195,0.243658865277975,0.076,0.044,0.112,0.0024154689906144802,0.0008590677691981784,0.004400850916257026,0.7216360582202513,0.1285393797303715,1.8480801142894818,0.15126537954807281,0.09727769270241261,0.20218068486750126,0.0,-0.02,0.02,0.04449749746755346,0.03348276721536348,0.056682423718858684,False
transport_anchor_only,False,3.0,0.0,10.0,250,0.4392823051214218,0.39186724782288074,0.4886681819885969,0.41678462349775897,0.38483303700850446,0.45143079608280584,0.18339456576616353,0.1719165011600599,0.19454118613086155,0.7198727083333334,0.7127071770833333,0.7269190677083333,0.025108616860583424,0.021260140995681288,0.028563048234954477,0.03628585940135696,0.024064087625205455,0.04923094016094795,-0.05040335016624625,-0.0632925519585554,-0.03841149637018513,0.1126009855885699,0.10256851051630761,0.1223716287536857,0.024,0.008,0.044,0.0,0.0,0.0,0.0,0.0,0.0,0.008999948568955652,-0.00215336738931129,0.018353937073716055,-0.3890631501581949,-1.4360095884746216,0.12443804020244052,0.1051981002124841,-0.027405205467004284,0.2150049334854228,0.36,0.304,0.42,0.034401995184049114,0.025471027576085516,0.04365316577771444,6.421992312681585,4.798767165457968,9.880175267380263,-0.25056767904758454,-0.31492447195053097,-0.18307463806569577,0.012,-0.004,0.032,0.20700987463270792,0.19075566998140692,0.22243273647710546,False
mediation_aware_recourse,False,3.0,0.5,10.0,250,0.42481088209152224,0.37710473181009296,0.4719241642445326,0.4335178404594159,0.40124641296029967,0.4674662634499984,0.17734127924839715,0.16593576883911382,0.18874490618682985,0.7164810416666667,0.7101155572916666,0.7230059427083334,0.025108616860583424,0.021260140995681288,0.028563048234954477,0.03628585940135696,0.024064087625205455,0.04923094016094795,-0.04437293607533123,-0.056836934876469625,-0.03298614342420202,0.10875034117321666,0.09965157757348114,0.11887231314965266,0.028,0.008,0.052,0.0,0.0,0.0,0.0,0.0,0.0,0.012870121522151551,0.003132207511033002,0.021432935577648863,-0.2228713004843932,-1.1414959932780664,0.269031938870102,0.15043556341025355,0.029167827394310057,0.2523072427369085,0.356,0.3,0.416,0.030997597148658556,0.022167631458384456,0.039883203888153425,6.588184162355386,4.910252410585133,10.257935924906208,-0.26503910207748416,-0.32996884215176103,-0.2023715922623873,0.016,-9.999999999999431e-05,0.036,0.2108800475859038,0.1948974911884806,0.22641557049692063,False
mediation_aware_recourse,False,3.0,1.0,10.0,250,0.4132009140253067,0.3653204802721739,0.4591808664411306,0.4432998867808417,0.41148820905809674,0.47995843869645083,0.17402930090316715,0.16288054783251463,0.1857816098123114,0.7149593750000001,0.7086010260416667,0.7215677083333334,0.025108616860583424,0.021260140995681288,0.028563048234954477,0.03628585940135696,0.024064087625205455,0.04923094016094795,-0.04018781367459317,-0.05266817486623563,-0.029042751476756737,0.10704391732424506,0.09817887033037594,0.11678228230083763,0.028,0.008,0.052,0.0,0.0,0.0,0.0,0.0,0.0,0.014596977824573825,0.005292011037035219,0.023159448419381154,-0.10753374283014194,-1.0435136786886003,0.37764415508300503,0.17062034568572138,0.057794958152764864,0.267870386273427,0.336,0.28,0.396,0.028041607797078386,0.019830831341630304,0.03664229019764089,6.703521720009638,5.0011024780852305,10.44190593424004,-0.27664907014369966,-0.34150939020216464,-0.2148466092050076,0.016,-9.999999999999431e-05,0.036,0.2126069038883261,0.19658585950790275,0.22844920865642365,False
mediation_aware_recourse,False,3.0,2.0,10.0,250,0.38931579160690305,0.3429823122888804,0.43521084324717524,0.46229615585865735,0.428671670941515,0.49872215779377377,0.167331458376912,0.15625361259369253,0.17878641405160173,0.7126275000000001,0.7062475208333333,0.7189790052083334,0.025108616860583424,0.021260140995681288,0.028563048234954477,0.03628585940135696,0.024064087625205455,0.04923094016094795,-0.03244980542915526,-0.04480121266352962,-0.02093428502200896,0.1050086263362244,0.09582259821015947,0.11449654027670744,0.032,0.012,0.056,0.0,0.0,0.0,0.0,0.0,0.0,0.016025368662531143,0.0068166412575898965,0.023946227172918392,0.10571760006484088,-0.6486555912539034,0.5413787356121603,0.1873164413759063,0.09121041631745137,0.2820073624127254,0.288,0.236,0.344,0.023896891215110592,0.01607076727420012,0.03305286804963892,6.91677306290462,5.215761022842557,10.646659760470962,-0.3005341925621033,-0.3644849198460579,-0.23700244199037554,0.02,0.0,0.04,0.21403529472628338,0.19724298560723866,0.22993720209392945,False
mediation_aware_recourse,False,3.0,4.5526284410669,10.0,250,0.33834342336654666,0.2968306805938482,0.3804410505086183,0.5006615220111624,0.46728485426495286,0.5361382954233548,0.1545298618419163,0.1436367571492979,0.16558903916976925,0.7104972916666665,0.7043103333333334,0.7169902395833334,0.025108616860583424,0.021260140995681288,0.028563048234954477,0.03628585940135696,0.024064087625205455,0.04923094016094795,-0.01646701404841559,-0.029608690367795048,-0.004258724947485703,0.10254534006733582,0.09374585258959327,0.11229076475366462,0.032,0.012,0.056,0.0,0.0,0.0,0.0,0.0,0.0,0.01707915517720381,0.009028035936186736,0.024686217147112097,0.5461864671227883,-0.015418744460123325,0.9091999550199857,0.19963388280612582,0.10884050815301946,0.29366290477400875,0.212,0.168,0.26009999999999994,0.01702562557391757,0.010048735254499104,0.025421132341772602,7.3572419299625675,5.52232246768477,11.22594650217236,-0.35150656080245973,-0.4121655992627144,-0.2899070775985718,0.02,0.0,0.04,0.21508908124095608,0.19965530888172525,0.23007587935628343,True
mediation_aware_recourse,False,3.0,5.0,10.0,250,0.3340673396587372,0.2926863970637321,0.3763748253881931,0.5135053595684671,0.4814958529811686,0.5470525446704697,0.1503109897270082,0.13931724564931072,0.1612858273200004,0.7090891666666667,0.7030703385416668,0.7157774062500001,0.025108616860583424,0.021260140995681288,0.028563048234954477,0.03628585940135696,0.024064087625205455,0.04923094016094795,-0.011176812706758245,-0.02466610637292098,0.0009833655672929168,0.10246078151366714,0.0929585052752306,0.11198593290117087,0.032,0.012,0.056,0.0,0.0,0.0,0.0,0.0,0.0,0.016133133632831934,0.007219139296547492,0.02365264270420935,0.6919788344232995,0.17683063400330834,0.9757463725694745,0.18857607859030123,0.10139601887402334,0.28271859692397355,0.188,0.148,0.236,0.01567648873492968,0.008706651307856696,0.023846010478538796,7.5030342972630795,5.622991426870599,11.485270474017083,-0.35578264451026914,-0.4171648307442665,-0.2929198485940695,0.02,0.0,0.04,0.2141430596965842,0.1983285833025616,0.22917491143387872,False
transport_anchor_only,False,10.0,0.0,10.0,250,1.151714243888855,1.0910732242256405,1.2113086222678422,0.041816878724035646,0.03517148384988636,0.04909889049389065,0.26387616620477267,0.2615084785700516,0.26611395705318935,0.8335522916666667,0.823893078125,0.8434623177083334,0.025108616860583424,0.021260140995681288,0.028563048234954477,0.03628585940135696,0.024064087625205455,0.04923094016094795,-0.3144856373225456,-0.3246203654914676,-0.30345169979788456,0.32429050617750144,0.3152105788610769,0.3327519334011928,0.212,0.16,0.264,0.0,0.0,0.0,0.0,0.0,0.0,-0.22893325043744836,-0.24662375095096079,-0.21234649173599326,-7.666892351756866,-12.582860415254723,-5.493446412885083,-2.6759422942216866,-3.181997091967612,-2.245464344924035,0.724,0.664,0.78,0.23799226329583975,0.21745755169287018,0.2578283940602098,1.253739779621796,0.8281734219001228,2.1125868934761467,0.10806339371204376,0.05810287162065506,0.1572807342171669,-0.064,-0.12009999999999998,-0.004,0.045493025369244815,0.035653280277816356,0.055370553846587116,False
mediation_aware_recourse,False,10.0,0.5,10.0,250,1.146628652572632,1.0865356929004193,1.2045469720691442,0.04160080953984158,0.03489730525575617,0.04890153156226876,0.2626116152939217,0.26005399924413486,0.2651719154477264,0.8342979166666666,0.8243681822916666,0.8442163958333332,0.025108616860583424,0.021260140995681288,0.028563048234954477,0.03628585940135696,0.024064087625205455,0.04923094016094795,-0.3181242391504634,-0.3283421830961523,-0.3064348417796379,0.32725353795080697,0.3183565915391597,0.33600037269907584,0.216,0.164,0.268,0.0,0.0,0.0,0.0,0.0,0.0,-0.2325718522653661,-0.24978240115892797,-0.21668222051513247,-7.7671683790564074,-12.68888893869515,-5.607466300818853,-2.718472981679942,-3.228066579214568,-2.294287926969026,0.724,0.664,0.78,0.24118719168197297,0.22069669791447075,0.26105072372893334,1.1534637523222546,0.7225589558539927,1.9357737590256958,0.10297780239582062,0.054923307889699936,0.14982161351740358,-0.06,-0.12,0.0,0.04185442354132704,0.032011646769865135,0.052171604334415436,False
mediation_aware_recourse,False,10.0,1.0,10.0,250,1.1468330397605897,1.0859535399079323,1.2047517435729505,0.041245921535255546,0.03466055773288934,0.04834059732850493,0.26183591348184804,0.259168189812362,0.264550153579089,0.8346924999999998,0.8248643072916666,0.8445183802083334,0.025108616860583424,0.021260140995681288,0.028563048234954477,0.03628585940135696,0.024064087625205455,0.04923094016094795,-0.3206359481368436,-0.33108197116460697,-0.3089202406086393,0.3293926318561001,0.3205702414822097,0.33821699229627555,0.228,0.172,0.28,0.0,0.0,0.0,0.0,0.0,0.0,-0.2350835612517464,-0.2525152620119136,-0.21923211782237112,-7.83638842862443,-12.853074717167452,-5.643728030147682,-2.7478317065247975,-3.249399618847945,-2.318194469078477,0.724,0.664,0.78,0.2436989006683532,0.22336842542008706,0.2633210799583294,1.0842437027542324,0.6746177865048123,1.882390261389732,0.10318218958377838,0.05614902686774731,0.1494575991272926,-0.048,-0.108,0.016,0.039342714554946784,0.029089375329925456,0.04970403466133422,False
mediation_aware_recourse,False,10.0,2.0,10.0,250,1.1437752385139466,1.0841063821285963,1.2040452237784862,0.04146372336966569,0.03452904703043137,0.04886577626930649,0.26038046405784804,0.25761091799272456,0.26338217846292905,0.8349672916666666,0.825459296875,0.8449004895833334,0.025108616860583424,0.021260140995681288,0.028563048234954477,0.03628585940135696,0.024064087625205455,0.04923094016094795,-0.32385938605273534,-0.33378359126452367,-0.3121065496080669,0.33219801398352483,0.32274744330676997,0.3410399138180333,0.232,0.18,0.284,0.0,0.0,0.0,0.0,0.0,0.0,-0.23830699916763814,-0.25620869260146534,-0.2222866552340609,-7.925222976546731,-12.943233089891406,-5.7187259647389785,-2.7855096490493123,-3.28151470423408,-2.3564485995964164,0.724,0.664,0.78,0.24775165743869507,0.22712689305746567,0.2682915275552587,0.9954091548319308,0.5954624880580532,1.7621762976656306,0.10012438833713531,0.04791284229159355,0.1483804622143507,-0.044,-0.104,0.02,0.03611927663905506,0.02591478349109921,0.04626120563643782,False
mediation_aware_recourse,False,10.0,4.5526284410669,10.0,250,1.1428975900411606,1.0815627216458321,1.2002791118144989,0.04035835762480161,0.03339707018220537,0.04811510772706447,0.2571307097748081,0.25382093049536664,0.2602911236610485,0.8372079166666666,0.8279328124999998,0.8470091875000001,0.025108616860583424,0.021260140995681288,0.028563048234954477,0.03628585940135696,0.024064087625205455,0.04923094016094795,-0.33315099339748105,-0.34298967136093345,-0.3219548769467021,0.3400028317639251,0.3311585828114194,0.34880339546346767,0.236,0.184,0.288,0.0,0.0,0.0,0.0,0.0,0.0,-0.24759860651238386,-0.26401449901391266,-0.23332807829501412,-8.181289871420889,-13.370840834885408,-5.9165093354626705,-2.894116874201604,-3.3907017039794702,-2.4717505843439054,0.724,0.664,0.78,0.2550659915774425,0.23462873350170058,0.2753835736717833,0.7393422599577733,0.38757402858381323,1.4057095389534984,0.09924673986434937,0.04856563063263893,0.1471257630497217,-0.04,-0.1,0.028,0.02682766929430932,0.016311707235710685,0.03730229095372445,True
mediation_aware_recourse,False,10.0,5.0,10.0,250,1.137940204501152,1.0786020363092423,1.1980085325509309,0.04233107460325849,0.034042396002363196,0.051242488566384296,0.2566088849217223,0.25318115876649006,0.25997688364973354,0.8359766666666667,0.8269948177083334,0.8455028125,0.025108616860583424,0.021260140995681288,0.028563048234954477,0.03628585940135696,0.024064087625205455,0.04923094016094795,-0.33201531828541764,-0.34223001099075434,-0.32105650611124614,0.33888197772662304,0.3294793110707081,0.34803518879163087,0.236,0.184,0.288,0.0,0.0,0.0,0.0,0.0,0.0,-0.2464629314003205,-0.26283534159843575,-0.2320083334873569,-8.149991863579825,-13.30604619265315,-5.908688608703869,-2.8808422578710426,-3.3758875756681483,-2.458897806398747,0.724,0.664,0.78,0.2550659915774425,0.23462873350170058,0.2753835736717833,0.7706402677988375,0.4008206514508432,1.4526404147867455,0.09428935432434082,0.04250530024468899,0.1448902897953987,-0.04,-0.1,0.028,0.027963344406372697,0.01739014180452691,0.03835184983134059,False
transport_anchor_only,False,30.0,0.0,10.0,250,1.2919518177509308,1.2443982238411904,1.3377312113404274,0.008135329188617608,0.0063095138304323905,0.010465094193566352,0.2574674050681114,0.25462062108352024,0.2603465000385686,0.8700983333333333,0.8603212447916666,0.88008671875,0.025108616860583424,0.021260140995681288,0.028563048234954477,0.03628585940135696,0.024064087625205455,0.04923094016094795,-0.3659342591386146,-0.3742887458793744,-0.3569797427954834,0.37151434631573366,0.3640955069469247,0.37851413604372747,0.496,0.436,0.552,0.0,0.0,0.0,0.0,0.0,0.0,-0.2803818722535174,-0.29513227929017793,-0.26588491891549965,-9.084762085721195,-14.826326092880397,-6.534816110803686,-3.277312094519229,-3.856626778225409,-2.8163228335030457,0.724,0.664,0.78,0.2683875418465686,0.24682361269071984,0.2895550155217443,0.42246350310090897,0.24633170399938936,0.6984712306142362,0.05434228110313415,0.02615688441991806,0.08464126516282558,-0.032,-0.08,0.016,0.015329451275724274,0.009666231577886267,0.0213118159569078,False
mediation_aware_recourse,False,30.0,0.5,10.0,250,1.28618492436409,1.2402915171593427,1.332154493302107,0.008174045708220928,0.006343739893944295,0.010485320325533306,0.25689305385998623,0.25398589664072546,0.259813134107041,0.8705691666666666,0.8606788593749999,0.8806823385416667,0.025108616860583424,0.021260140995681288,0.028563048234954477,0.03628585940135696,0.024064087625205455,0.04923094016094795,-0.36766767379815085,-0.37582728324229675,-0.35888181195519003,0.37290197925496044,0.36535160748787465,0.3800110148174119,0.492,0.432,0.552,0.0,0.0,0.0,0.0,0.0,0.0,-0.28211528691305365,-0.29626631745342086,-0.26720839723675693,-9.132533164817406,-14.928171505601606,-6.574760110912194,-3.297573535755981,-3.883064699038665,-2.8357597456057233,0.724,0.664,0.78,0.2701209565061048,0.24831280339403516,0.2913987717212823,0.3746924240046976,0.212122011219864,0.6337159544810519,0.048575387716293335,0.0207819145321846,0.07750076117515563,-0.036,-0.084,0.01209999999999991,0.013596036616188077,0.008166415684601734,0.019064240677937848,False
mediation_aware_recourse,False,30.0,1.0,10.0,250,1.2855036222934724,1.2397500892668964,1.3320753088533877,0.008145247857448214,0.006285773615738823,0.010484841216714962,0.25671542718099694,0.25385022653895045,0.25967771719588656,0.8707360416666665,0.8608772291666668,0.8807747552083334,0.025108616860583424,0.021260140995681288,0.028563048234954477,0.03628585940135696,0.024064087625205455,0.04923094016094795,-0.3681740332096598,-0.3767037193315799,-0.3593088957162896,0.37335902544685023,0.3660138317727317,0.38043336140486567,0.492,0.432,0.5480999999999999,0.0,0.0,0.0,0.0,0.0,0.0,-0.28262164632456255,-0.2967707627343766,-0.268067352116241,-9.146487895940297,-14.940643623679819,-6.5772513383532205,-3.303492241591612,-3.885233417709913,-2.8484966089652364,0.724,0.664,0.78,0.2706273159176137,0.24872163582951548,0.2921912376021253,0.36073769288180735,0.20302022864643438,0.6143568850072699,0.04789408564567566,0.02112985605597496,0.07594157116711138,-0.036,-0.084,0.016,0.01308967720467915,0.007607919642394415,0.018677077227963516,False
mediation_aware_recourse,False,30.0,2.0,10.0,250,1.2878801214694977,1.2417793809652329,1.3336676288634537,0.008011030335660934,0.00613300918447498,0.010303948266670245,0.25558735818336903,0.25263799735627773,0.2585530627151479,0.8710770833333333,0.8613746927083334,0.8809197968749999,0.025108616860583424,0.021260140995681288,0.028563048234954477,0.03628585940135696,0.024064087625205455,0.04923094016094795,-0.37138577332607203,-0.37947379206182197,-0.36296734190780977,0.37637034314869866,0.36912765401965164,0.3835108460320893,0.496,0.436,0.556,0.0,0.0,0.0,0.0,0.0,0.0,-0.2858333864409748,-0.2998348293512524,-0.2713672772200641,-9.235000064851256,-15.125902033361989,-6.662113663645552,-3.341033451525658,-3.922156664838599,-2.872944617002334,0.724,0.664,0.78,0.2732619062360852,0.25123200516846866,0.29485878479359445,0.27222552397084776,0.12411562761121253,0.48897992537439366,0.05027058482170105,0.02354944120645523,0.07867267091870307,-0.032,-0.08,0.01609999999999991,0.0098779370882669,0.004287802163248162,0.015185064333997607,False
mediation_aware_recourse,False,30.0,4.5526284410669,10.0,250,1.2942601763010024,1.2502449065744878,1.338314246916771,0.007800532011476102,0.005971234559792502,0.010070617621158642,0.25164482483349226,0.24802946509302615,0.25514627169570897,0.8723579166666667,0.8628739531249999,0.881755,0.025108616860583424,0.021260140995681288,0.028563048234954477,0.03628585940135696,0.024064087625205455,0.04923094016094795,-0.38187817937755014,-0.3893663143964004,-0.3734507592241538,0.38587786706035043,0.3786819536965529,0.39267063373632316,0.504,0.436,0.564,0.0,0.0,0.0,0.0,0.0,0.0,-0.296325792492453,-0.30998370077129844,-0.2832139996301792,-9.524159705123845,-15.435419439891747,-6.872249190209066,-3.4636765060738632,-4.048777027637853,-2.996746861619108,0.724,0.664,0.78,0.2816883563919649,0.259504927254024,0.3032731193655381,-0.016934116301740687,-0.1953125861363898,0.13385959367334965,0.056650639653205874,0.0303633251696825,0.08480420742034912,-0.024,-0.076,0.028,-0.0006144689632112666,-0.0064298112592948015,0.004672564041496825,True
mediation_aware_recourse,False,30.0,5.0,10.0,250,1.2959553734064102,1.252683414232731,1.3406175292640925,0.007773041899926563,0.005929403701518412,0.01004849690728949,0.25103512799625183,0.2473499828931738,0.2547036866882667,0.8725541666666666,0.8631592395833333,0.8818921770833332,0.025108616860583424,0.021260140995681288,0.028563048234954477,0.03628585940135696,0.024064087625205455,0.04923094016094795,-0.3833277174043909,-0.3905993617263046,-0.37447780579136214,0.38726662819247964,0.3800228652427769,0.39412235211052166,0.504,0.436,0.564,0.0,0.0,0.0,0.0,0.0,0.0,-0.29777533051929367,-0.311795150115988,-0.284052996179852,-9.564107443740353,-15.514051438062594,-6.903822270319867,-3.480619785853861,-4.06693418030744,-3.014110941954025,0.724,0.664,0.78,0.2831378944188056,0.260762765508713,0.30523844843909503,-0.05688185491824882,-0.24594665324032827,0.09864152117904794,0.05834583675861359,0.03205702064037323,0.08576695593595504,-0.024,-0.076,0.028,-0.0020640069900519737,-0.00804249499345581,0.0034676215369329674,False
ordinary_actionable_recourse,True,0.0,0.0,0.0,250,0.6563058820962906,0.5875958198815584,0.7264734127908945,0.2505024183188018,0.2125454854856391,0.29772597236190473,0.1873153302973931,0.17519606882106914,0.197461002337022,0.8408835416666666,0.83145021875,0.84991471875,0.025108616860583424,0.021260140995681288,0.028563048234954477,0.03628585940135696,0.024064087625205455,0.04923094016094795,-0.2439553356845712,-0.2640256734465404,-0.22348363394391474,0.25460582153596084,0.23641155548794604,0.2736276902610507,0.176,0.128,0.2200999999999999,0.684,0.628,0.74,0.316,0.264,0.38,-0.16570361594172017,-0.1863461686132296,-0.1478281204508435,-5.723151654923961,-9.532395496692748,-3.9722218212421163,-1.9368672456125808,-2.267599197593028,-1.6512595680841864,0.52,0.4559,0.584,0.18207001466356285,0.1608157056703689,0.20413193435989857,0.0,0.0,0.0,0.0,0.0,0.0,0.0,0.0,0.0,0.0,0.0,0.0,False
distribution_constrained_recourse,False,10.0,0.0,0.0,250,0.0,0.0,0.0,0.6140681910206505,0.5829335173801241,0.6457697857117467,0.11804889739125324,0.1067681958834476,0.12932275738725854,0.7803266666666666,0.7706921666666666,0.7906823333333333,0.025108616860583424,0.021260140995681288,0.028563048234954477,0.03628585940135696,0.024064087625205455,0.04923094016094795,0.03628585940135696,0.023083586832059636,0.04871583148344957,0.10917760215212138,0.10079855840094672,0.11853131174863936,0.012,0.0,0.028,0.0,0.0,0.0,1.0,1.0,1.0,0.0,0.0,0.0,0.0,0.0,0.0,0.0,0.0,0.0,0.0,0.0,0.0,0.0,0.0,0.0,5.723151654923961,3.9502610743120647,9.560254534114705,-0.6563058820962906,-0.7264734127908945,-0.5875958198815584,-0.684,-0.744,-0.624,0.16570361594172017,0.14786602497948031,0.18329275038340523,False
mean_parity_recourse,False,0.0,0.0,0.0,250,0.0,0.0,0.0,0.6140681910206505,0.5829335173801241,0.6457697857117467,0.11804889739125324,0.1067681958834476,0.12932275738725854,0.7803266666666666,0.7706921666666666,0.7906823333333333,0.025108616860583424,0.021260140995681288,0.028563048234954477,0.03628585940135696,0.024064087625205455,0.04923094016094795,0.03628585940135696,0.023083586832059636,0.04871583148344957,0.10917760215212138,0.10079855840094672,0.11853131174863936,0.012,0.0,0.028,0.0,0.0,0.0,1.0,1.0,1.0,0.0,0.0,0.0,0.0,0.0,0.0,0.0,0.0,0.0,0.0,0.0,0.0,0.0,0.0,0.0,5.723151654923961,3.9502610743120647,9.560254534114705,-0.6563058820962906,-0.7264734127908945,-0.5875958198815584,-0.684,-0.744,-0.624,0.16570361594172017,0.14786602497948031,0.18329275038340523,False
mediator_matching_recourse,False,0.0,0.0,0.0,250,0.706232122182846,0.6341864541441202,0.7804365503311157,0.2493235968052004,0.21077066243087653,0.29681974269976924,0.18473453541629833,0.17275544273845564,0.19469817499039704,0.8360299999999999,0.8270207656249999,0.8449639947916667,0.025108616860583424,0.021260140995681288,0.028563048234954477,0.03628585940135696,0.024064087625205455,0.04923094016094795,-0.2518900217927779,-0.272891968651657,-0.2307902027526634,0.262236560465426,0.24391836353666832,0.2824854606444379,0.188,0.14,0.236,0.684,0.628,0.74,0.316,0.264,0.38,-0.17363830204992692,-0.19520101562669462,-0.15487586810664433,-5.941823232202629,-9.810340586777086,-4.112018644958921,-2.029613764992146,-2.3709977979883545,-1.730735487783479,0.52,0.4559,0.584,0.18726060366800618,0.16492323000053635,0.2095049113696426,-0.21867157727866804,-0.431535885624296,-0.09474412804103428,0.04992624008655548,0.03337500261962414,0.06673987709879874,0.0,0.0,0.0,-0.007934686108206775,-0.012382850072436748,-0.0036204176119518645,False
plausibility_constrained_recourse,False,0.0,0.0,0.0,250,0.17386891984939576,0.12260726575851441,0.2307526936411857,0.5262124790377114,0.4890243952190901,0.5648069677476867,0.1362739966826954,0.1242482461641893,0.14802570879286603,0.77960875,0.7704232395833333,0.7898663177083333,0.025108616860583424,0.021260140995681288,0.028563048234954477,0.03628585940135696,0.024064087625205455,0.04923094016094795,-0.028107227102035857,-0.04757731602218324,-0.009993972261951168,0.1330563202904633,0.12090070379004814,0.14730384195027674,0.068,0.04,0.1,0.156,0.108,0.204,0.844,0.8,0.888,-0.026762918103069827,-0.0363229012381264,-0.018426696907128927,0.22539447691888626,-0.7071431010927849,0.7785682697698724,-0.31282491438858684,-0.42954291226043456,-0.2111342767415052,0.132,0.088,0.18,0.040885010315722725,0.028604927347410464,0.055875433528687755,5.948546131842847,4.4345132866914465,9.30013356870775,-0.48243696224689486,-0.5704398083299398,-0.39887106022536756,-0.528,-0.5881,-0.464,0.13894069783865032,0.12006343746336476,0.1580159811751657,False
