method,is_ordinary_actionable_baseline,eta,lambda_invariance,rho_anchor,n,cost,cost_lo,cost_hi,shortfall,shortfall_lo,shortfall_hi,direct_effect,direct_effect_lo,direct_effect_hi,transport,transport_lo,transport_hi,pre_recourse_mediated_prediction_disparity,pre_recourse_mediated_prediction_disparity_lo,pre_recourse_mediated_prediction_disparity_hi,pre_recourse_factual_mediated_prediction_disparity,pre_recourse_factual_mediated_prediction_disparity_lo,pre_recourse_factual_mediated_prediction_disparity_hi,post_recourse_mediated_prediction_disparity,post_recourse_mediated_prediction_disparity_lo,post_recourse_mediated_prediction_disparity_hi,outcome_wasserstein,outcome_wasserstein_lo,outcome_wasserstein_hi,feasible_rate,feasible_rate_lo,feasible_rate_hi,constraint_feasible_rate,constraint_feasible_rate_lo,constraint_feasible_rate_hi,constraint_abstention_rate,constraint_abstention_rate_lo,constraint_abstention_rate_hi,mean_absolute_gap_reduction,mean_absolute_gap_reduction_lo,mean_absolute_gap_reduction_hi,factual_mediated_prediction_disparity_closure,factual_mediated_prediction_disparity_closure_lo,factual_mediated_prediction_disparity_closure_hi,recipient_level_closure,recipient_level_closure_lo,recipient_level_closure_hi,overshoot_rate,overshoot_rate_lo,overshoot_rate_hi,overshoot_magnitude,overshoot_magnitude_lo,overshoot_magnitude_hi,factual_closure_gain_vs_actionable_baseline,factual_closure_gain_vs_actionable_baseline_lo,factual_closure_gain_vs_actionable_baseline_hi,cost_difference_vs_actionable_baseline,cost_difference_vs_actionable_baseline_lo,cost_difference_vs_actionable_baseline_hi,feasibility_difference_vs_actionable_baseline,feasibility_difference_vs_actionable_baseline_lo,feasibility_difference_vs_actionable_baseline_hi,paired_absolute_gap_gain_vs_actionable_baseline,paired_absolute_gap_gain_vs_actionable_baseline_lo,paired_absolute_gap_gain_vs_actionable_baseline_hi,is_effect_ratio_heuristic
soft_objective_recourse,False,0.0,0.0,0.0,250,0.0,0.0,0.0,0.45777061568835153,0.4234759226367098,0.49152067316280823,0.061596352480997214,0.055160193483025956,0.0677939741569057,0.4854498901700973,0.4787148512410998,0.4917009191721797,0.009852381110191346,0.005897160789370537,0.013941982153058051,0.32262873328425995,0.3046472225286686,0.34095100483635277,0.32262873328425995,0.3045168829504392,0.34058414891858124,0.3894143693620386,0.3788494369324,0.4012448340683045,0.044,0.023900000000000005,0.072,0.0,0.0,0.0,0.0,0.0,0.0,0.0,0.0,0.0,0.0,0.0,0.0,0.0,0.0,0.0,0.0,0.0,0.0,0.0,0.0,0.0,0.0,0.0,0.0,0.0,0.0,0.0,0.0,0.0,0.0,0.0,0.0,0.0,False
direct_invariance_only,False,0.0,0.5,0.0,250,7.255269447341562e-07,0.0,2.1765808342024686e-06,0.4577299860284695,0.42345917911214837,0.49152067316280823,0.0615941344002768,0.055160193483025956,0.0677939741569057,0.48544979929685594,0.478714671766448,0.49170083057076935,0.009852381110191346,0.005897160789370537,0.013941982153058051,0.32262873328425995,0.3046472225286686,0.34095100483635277,0.3226073094139587,0.304454218129808,0.3405209485011925,0.3894111256391074,0.37884294948653763,0.4012447529752312,0.044,0.023900000000000005,0.072,0.0,0.0,0.0,0.0,0.0,0.0,2.1423870301253256e-05,0.0,6.427161090375977e-05,6.640409886360388e-05,0.0,0.00021037386699401244,6.621450969679366e-05,0.0,0.00020690678783487625,0.0,0.0,0.0,0.0,0.0,0.0,6.640409886360388e-05,0.0,0.00020571805222766024,7.255269447341562e-07,0.0,2.1765808342024686e-06,0.0,0.0,0.0,2.1423870301253256e-05,0.0,6.427161090375977e-05,False
direct_invariance_only,False,0.0,1.0,0.0,250,0.00012781741155777127,0.0,0.00038272670772857963,0.4577299860284695,0.42345917911214837,0.49152067316280823,0.06143153514825854,0.05489721436647976,0.06771039067916605,0.48545670075178143,0.4787281296035528,0.49170773202569484,0.009852381110191346,0.005897160789370537,0.013941982153058051,0.32262873328425995,0.3046472225286686,0.34095100483635277,0.3222353172257859,0.30416208252732957,0.3401490273388416,0.38939203246418386,0.378804552757063,0.40124379831648505,0.044,0.023900000000000005,0.072,0.0,0.0,0.0,0.0,0.0,0.0,-6.668388305414741e-05,-0.000264323260066202,6.427161090375977e-05,0.0012194080002397856,0.0,0.0037705168396826917,-0.00020609911090008204,-0.000833365298233435,0.00019841307494260219,0.004,0.0,0.012,0.00023004997076407773,0.0,0.0006901499122922332,0.0012194080002397856,0.0,0.003687481711564988,0.00012781741155777127,0.0,0.00038272670772857963,0.0,0.0,0.0,-6.668388305414741e-05,-0.000264323260066202,6.427161090375977e-05,False
direct_invariance_only,False,0.0,2.0,0.0,250,0.0020110744689591227,0.0004207549844868481,0.004170941437676083,0.456736142042306,0.4222223316036325,0.4905693385654751,0.06032587296625907,0.05406494675344065,0.06632739230543287,0.48554892922401427,0.4788354092379689,0.49177052062450055,0.009852381110191346,0.005897160789370537,0.013941982153058051,0.32262873328425995,0.3046472225286686,0.34095100483635277,0.31941479788900906,0.30034008087701836,0.33842517525717947,0.3889462975201543,0.3782539710545228,0.40066717910416433,0.048,0.024,0.076,0.0,0.0,0.0,0.0,0.0,0.0,0.0011853076572324,-0.001213725361562142,0.0035997653462691505,0.009961714700777002,0.0028713310807501114,0.01885800337798613,0.003663416752440196,-0.003848731419222351,0.011462801622064351,0.008,0.0,0.02,0.0002762867924702479,0.0,0.0007826235557045736,0.009961714700777002,0.0026465853298653754,0.01836623897430869,0.0020110744689591227,0.0004207549844868481,0.004170941437676083,0.004,0.0,0.012,0.0011853076572324,-0.0013516927371618713,0.0034618615854671206,False
direct_invariance_only,False,0.0,5.0,0.0,250,0.022023723210324534,0.011518821307946927,0.03392570747993886,0.45351335717893215,0.417920277362762,0.48786041831958327,0.05467362397970493,0.04899132256897002,0.06022007697202535,0.4862934370756149,0.4794685151997566,0.49268419813403486,0.009852381110191346,0.005897160789370537,0.013941982153058051,0.32262873328425995,0.3046472225286686,0.34095100483635277,0.30325277544573054,0.27820918191991506,0.3252527336409094,0.39025182399140884,0.37913459239695735,0.4017199808370126,0.084,0.052,0.12,0.0,0.0,0.0,0.0,0.0,0.0,-0.0038441769057046137,-0.010553890899532096,0.00196054323896085,0.060056516483476874,0.033679930145093906,0.09240024186095445,-0.011881153378006104,-0.033308670713735965,0.005432189779724951,0.048,0.024,0.076,0.0070996377520236775,0.002599510478590214,0.012424383181754471,0.060056516483476874,0.03403178865545803,0.09074754373001223,0.022023723210324534,0.011518821307946927,0.03392570747993886,0.04,0.016,0.064,-0.0038441769057046137,-0.010014427837365515,0.002074214550959292,False
direct_invariance_only,False,0.0,7.551995980621402,0.0,250,0.10618596354417968,0.0784043085311423,0.13518559746125247,0.43469277675409473,0.3968071258310094,0.4709929819246159,0.041123626697246125,0.037168642034414716,0.04519096076270736,0.49018958694815634,0.4832147271842361,0.4967667809073984,0.009852381110191346,0.005897160789370537,0.013941982153058051,0.32262873328425995,0.3046472225286686,0.34095100483635277,0.24330704871823874,0.21023420349858354,0.27455551511965265,0.39317149639668075,0.3819319071662439,0.40452186105156723,0.148,0.104,0.192,0.0,0.0,0.0,0.0,0.0,0.0,-0.01780421818846425,-0.029393322320668016,-0.007400513989363556,0.24586057093722302,0.1746069290056621,0.3228505480609951,-0.05502729251578242,-0.09456443306955395,-0.02374760676646048,0.176,0.132,0.224,0.04212189988833908,0.02928971259291942,0.05664511061940673,0.24586057093722302,0.1775049799858997,0.3224456857566419,0.10618596354417968,0.0784043085311423,0.13518559746125247,0.104,0.068,0.14,-0.01780421818846425,-0.02847694485841304,-0.007647225639854698,True
soft_objective_recourse,False,1.0,0.0,0.0,250,0.12428634804140892,0.09260392922587998,0.15830592343534444,0.3154470751400395,0.28250953018010366,0.3517531536543313,0.07076793552177224,0.06441689812503716,0.07656216018327842,0.48065052427434923,0.47554714042937163,0.485654926831168,0.009852381110191346,0.005897160789370537,0.013941982153058051,0.32262873328425995,0.3046472225286686,0.34095100483635277,0.20534193070730317,0.1770890661065427,0.23303166557419705,0.3522471976766463,0.3419827863613348,0.3621646867382022,0.084,0.052,0.116,0.0,0.0,0.0,0.0,0.0,0.0,0.04984704050538673,0.03778025506346722,0.0630249825007998,0.36353489468533595,0.2736497489432043,0.4477008470574427,0.1540616751547773,0.1163677677968745,0.19035646962844133,0.152,0.108,0.196,0.03351711021165084,0.022972719485986084,0.0451934692582455,0.0,0.0,0.0,0.0,0.0,0.0,0.0,0.0,0.0,0.0,0.0,0.0,False
direct_invariance_only,False,1.0,0.5,0.0,250,0.09666116957765189,0.06845544615947365,0.1259520011400469,0.3438630483968424,0.3094276657399651,0.37797864251042174,0.06720446303246191,0.061077819489758774,0.07337168770656936,0.4795837791790963,0.4744982389801085,0.48451000405910616,0.009852381110191346,0.005897160789370537,0.013941982153058051,0.32262873328425995,0.3046472225286686,0.34095100483635277,0.22576508031045125,0.1979182156171309,0.2527495956886322,0.36064277702771413,0.3509003829122035,0.3707908604488364,0.084,0.052,0.116,0.0,0.0,0.0,0.0,0.0,0.0,0.03950521244555487,0.029003398148991385,0.05177151247071287,0.30023256759485395,0.2137117599254444,0.3842914645972785,0.12209830603784455,0.08837000690462538,0.15604223154213218,0.12,0.084,0.164,0.028476449439992717,0.01838389594052527,0.038974304029543966,-0.063302327090482,-0.10882050649284396,-0.02602007855092944,-0.027625178463757036,-0.0456050416385755,-0.012642746502719819,0.0,0.0,0.0,-0.010341828059831863,-0.01736279956661854,-0.0045882468177057935,False
direct_invariance_only,False,1.0,1.0,0.0,250,0.07172506019871798,0.04801144547518852,0.09800078464501784,0.3713218495610233,0.33627152173925423,0.4074136598116002,0.06363403535985718,0.057276711241572055,0.06982720702998566,0.4808610628321171,0.47554026896331314,0.4860005784394741,0.009852381110191346,0.005897160789370537,0.013941982153058051,0.32262873328425995,0.3046472225286686,0.34095100483635277,0.24581629094235244,0.2201524503239665,0.2726006059926659,0.367463789027864,0.35818943259153224,0.377264480463826,0.104,0.06790000000000002,0.14,0.0,0.0,0.0,0.0,0.0,0.0,0.032461488980971766,0.023218625538013425,0.04369987120819188,0.23808307945786722,0.16028286034941944,0.3201284053487138,0.10032835088547365,0.06857828639957976,0.13313373382929394,0.096,0.06,0.1320999999999999,0.021972705856333676,0.013054304078977081,0.032069612833681635,-0.12545181522746873,-0.1908666801632276,-0.06662606553600363,-0.05256128784269094,-0.07771508077383042,-0.03012075626775623,0.02,0.004,0.04,-0.017385551524414962,-0.026721210275375478,-0.008684138581773956,False
direct_invariance_only,False,1.0,2.0,0.0,250,0.061884936181624654,0.04171206362175289,0.08524204052451022,0.3848274432690417,0.34911146335266696,0.42061428787388716,0.06128966665397331,0.05512487628105335,0.06743351149074338,0.4805101711368561,0.47540186288427705,0.4854975415399075,0.009852381110191346,0.005897160789370537,0.013941982153058051,0.32262873328425995,0.3046472225286686,0.34095100483635277,0.2550910750254156,0.23128920877138287,0.27951423557748734,0.3693670630454742,0.3604168425481514,0.379437681716856,0.116,0.076,0.156,0.0,0.0,0.0,0.0,0.0,0.0,0.030420003148462656,0.020586271017904955,0.04121331554158748,0.2093355342883817,0.13411018259432778,0.28391246259113473,0.09401875408750315,0.06195625013425135,0.12598817892457506,0.092,0.056,0.132,0.017618029654517635,0.009544376100379162,0.026730492021137683,-0.15419936039695425,-0.23140268298982886,-0.08054266582663391,-0.062401411859784275,-0.09064109505186789,-0.035655227161210515,0.032,0.008,0.056,-0.019427037356924075,-0.02936594014979853,-0.010404470811942873,False
direct_invariance_only,False,1.0,5.0,0.0,250,0.1074772675804852,0.07972573125100171,0.1349555236267748,0.39724364447348864,0.3591058673679095,0.4345984392291196,0.04598288796551296,0.041084336391889416,0.05075285092028279,0.48479736789107325,0.4789748144418717,0.49029018032076355,0.009852381110191346,0.005897160789370537,0.013941982153058051,0.32262873328425995,0.3046472225286686,0.34095100483635277,0.22717032363471815,0.19588179629706393,0.25761638768551187,0.3755189212608898,0.3654728968428326,0.38571467314742136,0.168,0.124,0.2120999999999999,0.0,0.0,0.0,0.0,0.0,0.0,0.01343796053839944,0.00048773796859735014,0.026805533619217437,0.29587696259352025,0.2152092771367013,0.3707743125752886,0.04153255018190882,-0.0007262086285109769,0.08217368117629559,0.172,0.124,0.22,0.036499794935477864,0.02475688073942742,0.049042204947669914,-0.0676579320918157,-0.1910995260464746,0.05161435564947244,-0.016809080460923723,-0.06293197654551332,0.02499399649853585,0.084,0.047900000000000005,0.124,-0.036409079966987286,-0.05098864989879538,-0.021728231227940483,False
direct_invariance_only,False,1.0,7.551995980621402,0.0,250,0.2070476238449628,0.1673321045265395,0.24495801584050642,0.37045538683178314,0.3298675984018475,0.409821320155683,0.03456234469017588,0.03122327630528331,0.03829186584834754,0.48914301256585124,0.4829716976591825,0.49543811181564323,0.009852381110191346,0.005897160789370537,0.013941982153058051,0.32262873328425995,0.3046472225286686,0.34095100483635277,0.15103051151258343,0.11430167287725773,0.1892510549940265,0.3711527118812436,0.3605961393818838,0.38201830419522376,0.212,0.16,0.26,0.0,0.0,0.0,0.0,0.0,0.0,0.004116869652504619,-0.012359533593528411,0.01980010580629548,0.5318751991642533,0.43056278812744664,0.6334340519817341,0.012723961716246346,-0.03947983984405773,0.0595465824211373,0.312,0.256,0.368,0.07729962457068232,0.05964825244665373,0.09425802867651997,0.16834030447891735,0.006428640166635103,0.33107597941599626,0.08276127580355387,0.026837402618549822,0.13826595071778355,0.128,0.08,0.176,-0.04573017085288211,-0.06446288367571125,-0.028618940182415523,True
soft_objective_recourse,False,3.0,0.0,0.0,250,0.5036995143295498,0.46563107955720623,0.5411012949730503,0.029851108394626073,0.024611899452212566,0.035154970289347685,0.07529203798197419,0.0692540345335966,0.0813753146173239,0.49218338090729713,0.48779054882604483,0.49612783430766466,0.009852381110191346,0.005897160789370537,0.013941982153058051,0.32262873328425995,0.3046472225286686,0.34095100483635277,-0.10882573265984183,-0.1338953731570758,-0.08365672862004273,0.2893597398854805,0.28092200730158134,0.29773209841573695,0.312,0.256,0.368,0.0,0.0,0.0,0.0,0.0,0.0,0.12290262281038819,0.10701105070905237,0.13799284682449556,0.6626905125528351,0.5822264823836253,0.7380665616393282,0.3798537236937468,0.3408148424789203,0.4182646452282623,0.648,0.5839,0.708,0.1540731507427226,0.13621270481138698,0.17121312845887288,0.0,0.0,0.0,0.0,0.0,0.0,0.0,0.0,0.0,0.0,0.0,0.0,False
direct_invariance_only,False,3.0,0.5,0.0,250,0.5090801658035489,0.47142597963661537,0.5462663288043288,0.028286612431827493,0.023250513600927107,0.03314382830377179,0.07177138114760799,0.06576794091299511,0.07792036617355708,0.49342413241982463,0.4892306310878217,0.4972914185235144,0.009852381110191346,0.005897160789370537,0.013941982153058051,0.32262873328425995,0.3046472225286686,0.34095100483635277,-0.12262261625790685,-0.14868761209592965,-0.09733868915907314,0.29392641108721534,0.28601843047648645,0.30147883403219017,0.308,0.252,0.364,0.0,0.0,0.0,0.0,0.0,0.0,0.11463410556254239,0.09888496781956316,0.13016054351311238,0.6199265483590168,0.543636050578634,0.6956522924331507,0.35429831247306187,0.3141059875081459,0.3932075138650954,0.664,0.5999,0.724,0.16510585116567802,0.14723681195021207,0.18284986769982353,-0.04276396419381823,-0.06666237775982804,-0.02206470113286166,0.005380651473999023,0.0006736947894096374,0.011452910006046292,-0.004,-0.024,0.016,-0.008268517247845808,-0.01307459160997921,-0.0036550722357391163,False
direct_invariance_only,False,3.0,1.0,0.0,250,0.5114492668529274,0.4735849882549752,0.5483542764258106,0.02838463111844284,0.02351017371771529,0.0332236062287061,0.06819341428614224,0.06235237297171789,0.07396774562526667,0.4935877007482052,0.48928983392392994,0.49742013407384755,0.009852381110191346,0.005897160789370537,0.013941982153058051,0.32262873328425995,0.3046472225286686,0.34095100483635277,-0.13281894528261914,-0.1589956886001289,-0.10773201964017294,0.2951765968318773,0.2872930755841115,0.30291663403504865,0.324,0.264,0.38,0.0,0.0,0.0,0.0,0.0,0.0,0.11008633807108942,0.09449579512569714,0.12676633494609396,0.5883226396776143,0.5129127362052674,0.663041392380629,0.3402425797586598,0.2973117602432776,0.381404248261963,0.68,0.616,0.74,0.1722924042768734,0.15403668148375294,0.18992129313544479,-0.07436787287522073,-0.10589359933091776,-0.0450094776117035,0.007749752523377538,0.0011557712383568287,0.015278196181682862,0.012,-0.012,0.04,-0.012816284739298786,-0.019191183049264527,-0.0063996237223816945,False
direct_invariance_only,False,3.0,2.0,0.0,250,0.5248317622119794,0.4874523357123573,0.5609235439775512,0.02640803363727978,0.021638365823406946,0.0310968933664296,0.06366305842190816,0.05782098703701697,0.06912264211026567,0.49467940279221534,0.4904255548488974,0.49851441868876223,0.009852381110191346,0.005897160789370537,0.013941982153058051,0.32262873328425995,0.3046472225286686,0.34095100483635277,-0.1459262818861785,-0.17051608978411403,-0.12126519412570594,0.29655533585177124,0.28856489623514625,0.3045925004056768,0.348,0.292,0.404,0.0,0.0,0.0,0.0,0.0,0.0,0.105616857753087,0.08903008565117611,0.12210728280624761,0.5476959525560714,0.47702338877733313,0.6183008902377519,0.3264288083114194,0.2817546765738203,0.3705283220032117,0.712,0.656,0.768,0.18034278566111528,0.16151440229998223,0.1980476186144674,-0.11499455999676367,-0.1553781055858948,-0.07654805630620029,0.02113224788242951,0.010871739357477055,0.03284976474489085,0.036,0.004,0.072,-0.017285765057301186,-0.02679176390852911,-0.008303041249858896,False
direct_invariance_only,False,3.0,5.0,0.0,250,0.594263993464876,0.560165678448975,0.627701625853416,0.020527505842641916,0.016733844714603954,0.024009224790171906,0.04912603431081508,0.044899927587173864,0.05295135260334265,0.4971366397440434,0.49294118041204216,0.5009537403244555,0.009852381110191346,0.005897160789370537,0.013941982153058051,0.32262873328425995,0.3046472225286686,0.34095100483635277,-0.20266971433537737,-0.22398265512125415,-0.1816113673366544,0.2994343070098088,0.2906610140960488,0.30777162954238185,0.38,0.324,0.44,0.0,0.0,0.0,0.0,0.0,0.0,0.08382506023051926,0.06404000933219657,0.10319745319001218,0.3718175307194036,0.30606257717393215,0.434285761143328,0.2590771501804272,0.2070871813720547,0.31038261848566073,0.816,0.76,0.864,0.21622626407446568,0.19815095468015248,0.23338634975828335,-0.29087298183343147,-0.3577985593064266,-0.2225859291780011,0.09056447913532611,0.06519443088014377,0.11498317822799144,0.068,0.024,0.112,-0.039077562579868934,-0.05098214011102315,-0.02630271092935949,False
direct_invariance_only,False,3.0,7.551995980621402,0.0,250,0.6578623999585398,0.6275156555174384,0.6871901016891119,0.01802208380161668,0.014852049984492563,0.021264070199576705,0.040027480008287826,0.03680622498763163,0.04336811029739882,0.5010047170100212,0.4966722894606709,0.5048210096103967,0.009852381110191346,0.005897160789370537,0.013941982153058051,0.32262873328425995,0.3046472225286686,0.34095100483635277,-0.24158758729959623,-0.2598600963622431,-0.22246681982317157,0.3028439176642735,0.2930063587350134,0.31127354306193444,0.38,0.32,0.44009999999999994,0.0,0.0,0.0,0.0,0.0,0.0,0.06607802074342758,0.04527607369083193,0.08816776644756578,0.2511901068441429,0.18236469068364727,0.31326083501965896,0.20422657921977272,0.14068146335000636,0.261552850068013,0.9,0.856,0.936,0.24262809843131067,0.22622706399163703,0.25754389599441724,-0.4115004057086922,-0.49494986925444284,-0.3289058233971547,0.1541628856289899,0.12091031344335351,0.18462127601182146,0.068,0.02,0.116,-0.056824602066960606,-0.07096711250802915,-0.0410439864603885,True
soft_objective_recourse,False,10.0,0.0,0.0,250,0.6104132114425301,0.5688557838378474,0.6521222294680774,0.00915143005694707,0.007293619547744751,0.011044892418347172,0.06733606869376445,0.06184448869791746,0.07264476203505442,0.4938898972518444,0.4896369434586227,0.49799620113856796,0.009852381110191346,0.005897160789370537,0.013941982153058051,0.32262873328425995,0.3046472225286686,0.34095100483635277,-0.16488022916928588,-0.188355350183375,-0.14372927465718474,0.2968610793359942,0.28815256239960857,0.3051729695945969,0.524,0.464,0.5840999999999998,0.0,0.0,0.0,0.0,0.0,0.0,0.11397077010817575,0.09673386670255975,0.13059665706479892,0.4889474738010575,0.42367063911945957,0.5504812246958366,0.35224814920854,0.3084223795745367,0.40010390649067995,0.748,0.688,0.8000999999999999,0.18596386795550043,0.16737825221321065,0.20430914244776374,0.0,0.0,0.0,0.0,0.0,0.0,0.0,0.0,0.0,0.0,0.0,0.0,False
direct_invariance_only,False,10.0,0.5,0.0,250,0.61568807438761,0.5740340591946617,0.6593073784478009,0.008682920505655044,0.006849582744127745,0.010598967968391075,0.06423358397124929,0.05889225772263221,0.06955420369244529,0.49413444066214557,0.4898477686908186,0.4981508696825384,0.009852381110191346,0.005897160789370537,0.013941982153058051,0.32262873328425995,0.3046472225286686,0.34095100483635277,-0.1759073734764937,-0.19858091242136186,-0.15324260323629213,0.30096772092011703,0.29203541998857346,0.3092977429883286,0.528,0.468,0.592,0.0,0.0,0.0,0.0,0.0,0.0,0.10648175165453892,0.08745734564761232,0.12407978547101232,0.4547684216287512,0.38965802992809356,0.5182231764536209,0.32910192595166177,0.2850183937591952,0.37733999802581486,0.764,0.704,0.816,0.19522194933592274,0.17664380406900496,0.21355192638774503,-0.03417905217230632,-0.05602320454572619,-0.014326379693984023,0.005274862945079803,-0.0009042576551437378,0.01398939187377691,0.004,0.0,0.012,-0.007489018453636835,-0.013549913488737133,-0.0018012507816649662,False
direct_invariance_only,False,10.0,1.0,0.0,250,0.6162440352216363,0.5739684071805328,0.6597207031853497,0.008753735942621337,0.006959145268053404,0.010656815022444017,0.0627618316989228,0.0573482563501531,0.06827605062618045,0.4946451414718629,0.49054154603418115,0.4985776638336957,0.009852381110191346,0.005897160789370537,0.013941982153058051,0.32262873328425995,0.3046472225286686,0.34095100483635277,-0.17995545200945878,-0.20312726548126978,-0.15680387025095038,0.30353141929390776,0.2946296152875541,0.31208939821578835,0.52,0.45990000000000003,0.58,0.0,0.0,0.0,0.0,0.0,0.0,0.10271755755639117,0.08423703483243063,0.12013839634150586,0.4422212486235545,0.3760789649290131,0.5075267599912572,0.3174679745176604,0.2715486890931547,0.3661886577044594,0.768,0.712,0.82,0.1991280856514792,0.1804099414507261,0.21757118220308913,-0.04672622517750302,-0.07081857448161769,-0.024549653464282343,0.0058308237791061404,-0.00016434311121702193,0.01493027375936508,-0.004,-0.02,0.012,-0.011253212551784575,-0.018125002483123688,-0.004971890502212578,False
direct_invariance_only,False,10.0,2.0,0.0,250,0.6286593846608884,0.5864427938692156,0.6697507726205513,0.008424799093912196,0.006743589218294592,0.010290972308896616,0.057198222117547756,0.05211264828510943,0.06202778883504071,0.4956624115006924,0.49132250831028224,0.49969163981420983,0.009852381110191346,0.005897160789370537,0.013941982153058051,0.32262873328425995,0.3046472225286686,0.34095100483635277,-0.19385179206657494,-0.21708973073335203,-0.17207950251011525,0.3069842064225131,0.2976056320461685,0.3157268603418872,0.524,0.46390000000000003,0.584,0.0,0.0,0.0,0.0,0.0,0.0,0.09408184898483783,0.07588993353937963,0.11166752050404172,0.3991490153613284,0.33582261393391954,0.46159465890395196,0.29077768929324055,0.24340898293735755,0.34233557320953595,0.788,0.732,0.8360999999999998,0.2091426269679628,0.190420426732278,0.22829569763414828,-0.08979845843972911,-0.12045147610033273,-0.059285134143467484,0.018246173218358308,0.00806563281865092,0.03033838882036507,0.0,-0.032,0.032,-0.01988892112333791,-0.027739153502663875,-0.011395276061968248,False
direct_invariance_only,False,10.0,5.0,0.0,250,0.6836337934662587,0.6430761165984673,0.7243954096898553,0.007323946512057045,0.00573707983182549,0.008963760128226693,0.044939812108574645,0.040807010230867864,0.04924366115991816,0.4995546755461693,0.4952726295782268,0.5036662533042252,0.009852381110191346,0.005897160789370537,0.013941982153058051,0.32262873328425995,0.3046472225286686,0.34095100483635277,-0.2360923498889701,-0.256568214169286,-0.2162789309986224,0.3176588128994285,0.3085182171482558,0.3267802365447983,0.532,0.464,0.596,0.0,0.0,0.0,0.0,0.0,0.0,0.06389796175047244,0.043369366112120576,0.08379468631297225,0.26822280369877916,0.20125060568693465,0.3351169620768267,0.19748869594755325,0.14254640357113676,0.2536958922251848,0.856,0.808,0.9,0.2429011310912855,0.22537069665627077,0.26050108815256534,-0.22072467010227836,-0.27224891988927713,-0.16728760445580254,0.07322058202372864,0.050778589214023666,0.09723216470443877,0.008,-0.036,0.052,-0.0500728083577033,-0.06295822636324876,-0.03723262724291595,False
direct_invariance_only,False,10.0,7.551995980621402,0.0,250,0.7443483914439566,0.7064776562148938,0.7839490708266384,0.006417275625844899,0.005053306347566809,0.007807537224212598,0.03659572977694707,0.033754387474334076,0.039752565745417225,0.5018375889699459,0.49734599769707916,0.5060343300834358,0.009852381110191346,0.005897160789370537,0.013941982153058051,0.32262873328425995,0.3046472225286686,0.34095100483635277,-0.2700376640893634,-0.2874411224112335,-0.2523395161032783,0.3257508213471244,0.31495911622876926,0.3353336626645548,0.532,0.464,0.6,0.0,0.0,0.0,0.0,0.0,0.0,0.042286501644607684,0.020636475301245644,0.06350417346914276,0.1630080143809134,0.08716540873896197,0.22903485162927908,0.13069440459759074,0.06864657260087915,0.18763080481529826,0.924,0.884,0.956,0.26874889637560423,0.2530834390005555,0.2852715722049717,-0.32593945942014413,-0.39318389977698076,-0.2591604187938992,0.13393518000142648,0.10469371416252107,0.1670576050043921,0.008,-0.03609999999999999,0.06,-0.07168426846356808,-0.08692979958116664,-0.057084365205540825,True
soft_objective_recourse,False,30.0,0.0,0.0,250,0.7255129666775465,0.6734485606849194,0.7814788282871246,0.002227361899999943,0.0016168061704215442,0.0028761310633256053,0.06267216910730711,0.05731766469259859,0.06825655599124045,0.49588693595933914,0.49131075606749053,0.5004542306747972,0.009852381110191346,0.005897160789370537,0.013941982153058051,0.32262873328425995,0.3046472225286686,0.34095100483635277,-0.19137142777330382,-0.2141116136380083,-0.16944294782032573,0.31148812285813743,0.30270631728660213,0.32050853140686913,0.716,0.664,0.772,0.0,0.0,0.0,0.0,0.0,0.0,0.09658580299254427,0.07924744402550858,0.11447617793170983,0.40683699859835065,0.3432465388658099,0.46982493166281686,0.29851663116474614,0.2488891695295916,0.3506284519070774,0.8,0.748,0.848,0.20790195081532512,0.1888076219311915,0.22687401417433378,0.0,0.0,0.0,0.0,0.0,0.0,0.0,0.0,0.0,0.0,0.0,0.0,False
direct_invariance_only,False,30.0,0.5,0.0,250,0.7284593570679426,0.6753618457503617,0.7828997153494507,0.0021403917531740264,0.0015499542724382665,0.002797965865283614,0.05920828957633991,0.05391236971811301,0.06480235764017997,0.4976979554448128,0.49289968928198213,0.5024075602914095,0.009852381110191346,0.005897160789370537,0.013941982153058051,0.32262873328425995,0.3046472225286686,0.34095100483635277,-0.2024450841906098,-0.22713668148940883,-0.1795097827251073,0.3193743193793812,0.3099609739375211,0.3287069029770724,0.72,0.664,0.776,0.0,0.0,0.0,0.0,0.0,0.0,0.0863633419161433,0.06823613889179665,0.1038315191728789,0.3725137803760318,0.30568637911152496,0.43865728105512386,0.26692218821151503,0.21879918231893905,0.3222862535297931,0.808,0.756,0.856,0.21855000956217863,0.19903409472889455,0.23831788419110203,-0.034323218222318874,-0.055434793931732916,-0.01587343658198065,0.0029463903903961183,-0.0006047802925109863,0.009174360680580137,0.004,-0.008,0.02,-0.010222461076400985,-0.016388453663864957,-0.0047940143889418745,False
direct_invariance_only,False,30.0,1.0,0.0,250,0.7319397184699774,0.6788903872389347,0.7863003083039074,0.002066044305542994,0.0015292402993101254,0.0026837777268227197,0.05770010511604071,0.0523539161697919,0.06323207460845638,0.4979322069776059,0.4930786338872075,0.5026053147297502,0.009852381110191346,0.005897160789370537,0.013941982153058051,0.32262873328425995,0.3046472225286686,0.34095100483635277,-0.20658249543740015,-0.2306844845821205,-0.1837273458023747,0.321790554318873,0.31278514781615646,0.33088325216980874,0.724,0.668,0.78,0.0,0.0,0.0,0.0,0.0,0.0,0.08250981510417034,0.06450683329900486,0.10084511151702058,0.3596897172348702,0.2943908589370492,0.4270836365306941,0.2550121371856723,0.20724689922599024,0.31099399982324544,0.812,0.76,0.86,0.22254547859156026,0.20227357891718886,0.24320637633120656,-0.04714728136348045,-0.07216367624665186,-0.025367017030732228,0.0064267517924308775,-0.00040531743168830867,0.016093245960772037,0.008,-0.012,0.028,-0.014075987888373956,-0.02133279724998994,-0.0075700098510751886,False
direct_invariance_only,False,30.0,2.0,0.0,250,0.741489096537698,0.6873867184771341,0.7983450679302332,0.001916324506216492,0.0013880786972912738,0.0024950020980961172,0.05442803834314175,0.04951195671257678,0.05944498391718501,0.49895018460392954,0.4940458825223923,0.5039936006685972,0.009852381110191346,0.005897160789370537,0.013941982153058051,0.32262873328425995,0.3046472225286686,0.34095100483635277,-0.2147184905638468,-0.2385209228302186,-0.1918663249752976,0.3249160946255513,0.3155190036982476,0.33459320099474155,0.728,0.672,0.784,0.0,0.0,0.0,0.0,0.0,0.0,0.07684262014852808,0.05870023110565285,0.09517914629753088,0.3344718916443694,0.2682429639278973,0.4014622864133306,0.23749660287425,0.18712642239322513,0.29760116460514896,0.816,0.764,0.8640999999999999,0.22819559063475361,0.20773643887284146,0.2482339602810531,-0.07236510695398124,-0.09967244964972083,-0.0463385289651732,0.01597612986015156,0.003510688371304423,0.029858111061714585,0.012,-0.016,0.044,-0.019743182844016195,-0.027928878195279474,-0.011776952100307526,False
direct_invariance_only,False,30.0,5.0,0.0,250,0.7792747370456345,0.7286132833129494,0.8306323494120151,0.0020479380960867263,0.0014821762457771304,0.002635892929318885,0.042900825763522096,0.0385496574434813,0.04684765446327985,0.5009459325246811,0.4965200375781834,0.5056845652031959,0.009852381110191346,0.005897160789370537,0.013941982153058051,0.32262873328425995,0.3046472225286686,0.34095100483635277,-0.2539552009508112,-0.27492873666162815,-0.23241655999212635,0.3343671760752411,0.32497437242699445,0.3437303212676238,0.704,0.652,0.7600999999999999,0.0,0.0,0.0,0.0,0.0,0.0,0.04925514924431447,0.02921354947662813,0.06741049000635055,0.21285621907997343,0.14524387988716714,0.27878734131534094,0.15223232363730055,0.09559444984662613,0.21237611142169024,0.876,0.832,0.92,0.259153962875285,0.24115318061516847,0.27757020565521423,-0.19398077951837722,-0.2455596454198178,-0.14554602034586456,0.05376177036808804,0.032407670047238935,0.0770318212904036,-0.012,-0.06,0.02809999999999991,-0.04733065374822982,-0.059480484230801975,-0.03529181201140193,False
direct_invariance_only,False,30.0,7.551995980621402,0.0,250,0.8344546000068076,0.7853258582955924,0.8812876973100007,0.0018967115885968385,0.0013947834943443113,0.002423609332794211,0.034733043755328034,0.03165481507851146,0.03810739407339284,0.5032406383697987,0.49855167372197506,0.5079439619144618,0.009852381110191346,0.005897160789370537,0.013941982153058051,0.32262873328425995,0.3046472225286686,0.34095100483635277,-0.28692382285843293,-0.30401552565840106,-0.2683765232206326,0.34078498643591804,0.3307968352556031,0.35038921369502435,0.708,0.652,0.764,0.0,0.0,0.0,0.0,0.0,0.0,0.027265964939922276,0.006253312216557198,0.04734202107428167,0.11066872458123045,0.03729050366641429,0.17598996501168998,0.0842706044484609,0.02207433890015517,0.1447240976979294,0.936,0.9039,0.968,0.2847022441124817,0.2683727025150019,0.3017484847905608,-0.2961682740171202,-0.3605540688318129,-0.23544031745677585,0.1089416333292611,0.08235768736700994,0.13762637194254204,-0.008,-0.06,0.04,-0.069319838052622,-0.08377858274380456,-0.05474869692657823,True
transport_anchor_only,False,0.0,0.0,0.1,250,0.0,0.0,0.0,0.45777061568835153,0.4234759226367098,0.49152067316280823,0.061596352480997214,0.055160193483025956,0.0677939741569057,0.4854498901700973,0.4787148512410998,0.4917009191721797,0.009852381110191346,0.005897160789370537,0.013941982153058051,0.32262873328425995,0.3046472225286686,0.34095100483635277,0.32262873328425995,0.3045168829504392,0.34058414891858124,0.3894143693620386,0.3788494369324,0.4012448340683045,0.044,0.023900000000000005,0.072,0.0,0.0,0.0,0.0,0.0,0.0,0.0,0.0,0.0,0.0,0.0,0.0,0.0,0.0,0.0,0.0,0.0,0.0,0.0,0.0,0.0,0.0,0.0,0.0,0.0,0.0,0.0,0.0,0.0,0.0,0.0,0.0,0.0,False
mediation_aware_recourse,False,0.0,0.5,0.1,250,7.255269447341562e-07,0.0,2.1765808342024686e-06,0.4577299860284695,0.42345917911214837,0.49152067316280823,0.0615941344002768,0.055160193483025956,0.0677939741569057,0.48544979929685594,0.478714671766448,0.49170083057076935,0.009852381110191346,0.005897160789370537,0.013941982153058051,0.32262873328425995,0.3046472225286686,0.34095100483635277,0.3226073094139587,0.304454218129808,0.3405209485011925,0.3894111256391074,0.37884294948653763,0.4012447529752312,0.044,0.023900000000000005,0.072,0.0,0.0,0.0,0.0,0.0,0.0,2.1423870301253256e-05,0.0,6.427161090375977e-05,6.640409886360388e-05,0.0,0.00021037386699401244,6.621450969679366e-05,0.0,0.00020690678783487625,0.0,0.0,0.0,0.0,0.0,0.0,6.640409886360388e-05,0.0,0.00020571805222766024,7.255269447341562e-07,0.0,2.1765808342024686e-06,0.0,0.0,0.0,2.1423870301253256e-05,0.0,6.427161090375977e-05,False
mediation_aware_recourse,False,0.0,1.0,0.1,250,0.00012781741155777127,0.0,0.00038272670772857963,0.4577299860284695,0.42345917911214837,0.49152067316280823,0.06143153514825854,0.05489721436647976,0.06771039067916605,0.48545670075178143,0.4787281296035528,0.49170773202569484,0.009852381110191346,0.005897160789370537,0.013941982153058051,0.32262873328425995,0.3046472225286686,0.34095100483635277,0.3222353172257859,0.30416208252732957,0.3401490273388416,0.38939203246418386,0.378804552757063,0.40124379831648505,0.044,0.023900000000000005,0.072,0.0,0.0,0.0,0.0,0.0,0.0,-6.668388305414741e-05,-0.000264323260066202,6.427161090375977e-05,0.0012194080002397856,0.0,0.0037705168396826917,-0.00020609911090008204,-0.000833365298233435,0.00019841307494260219,0.004,0.0,0.012,0.00023004997076407773,0.0,0.0006901499122922332,0.0012194080002397856,0.0,0.003687481711564988,0.00012781741155777127,0.0,0.00038272670772857963,0.0,0.0,0.0,-6.668388305414741e-05,-0.000264323260066202,6.427161090375977e-05,False
mediation_aware_recourse,False,0.0,2.0,0.1,250,0.0020110744689591227,0.0004207549844868481,0.004170941437676083,0.456736142042306,0.4222223316036325,0.4905693385654751,0.06032587296625907,0.05406494675344065,0.06632739230543287,0.48554892922401427,0.4788354092379689,0.49177052062450055,0.009852381110191346,0.005897160789370537,0.013941982153058051,0.32262873328425995,0.3046472225286686,0.34095100483635277,0.31941479788900906,0.30034008087701836,0.33842517525717947,0.3889462975201543,0.3782539710545228,0.40066717910416433,0.048,0.024,0.076,0.0,0.0,0.0,0.0,0.0,0.0,0.0011853076572324,-0.001213725361562142,0.0035997653462691505,0.009961714700777002,0.0028713310807501114,0.01885800337798613,0.003663416752440196,-0.003848731419222351,0.011462801622064351,0.008,0.0,0.02,0.0002762867924702479,0.0,0.0007826235557045736,0.009961714700777002,0.0026465853298653754,0.01836623897430869,0.0020110744689591227,0.0004207549844868481,0.004170941437676083,0.004,0.0,0.012,0.0011853076572324,-0.0013516927371618713,0.0034618615854671206,False
mediation_aware_recourse,False,0.0,5.0,0.1,250,0.022023723210324534,0.011518821307946927,0.03392570747993886,0.45351335717893215,0.417920277362762,0.48786041831958327,0.05467362397970493,0.04899132256897002,0.06022007697202535,0.4862934370756149,0.4794685151997566,0.49268419813403486,0.009852381110191346,0.005897160789370537,0.013941982153058051,0.32262873328425995,0.3046472225286686,0.34095100483635277,0.30325277544573054,0.27820918191991506,0.3252527336409094,0.39025182399140884,0.37913459239695735,0.4017199808370126,0.084,0.052,0.12,0.0,0.0,0.0,0.0,0.0,0.0,-0.0038441769057046137,-0.010553890899532096,0.00196054323896085,0.060056516483476874,0.033679930145093906,0.09240024186095445,-0.011881153378006104,-0.033308670713735965,0.005432189779724951,0.048,0.024,0.076,0.0070996377520236775,0.002599510478590214,0.012424383181754471,0.060056516483476874,0.03403178865545803,0.09074754373001223,0.022023723210324534,0.011518821307946927,0.03392570747993886,0.04,0.016,0.064,-0.0038441769057046137,-0.010014427837365515,0.002074214550959292,False
mediation_aware_recourse,False,0.0,7.551995980621402,0.1,250,0.10617842379503417,0.07839676878199679,0.1351703294692328,0.43461466642609786,0.39668068001304485,0.4708083168669647,0.04112580198539997,0.03717500475226473,0.04519944438650737,0.49005543637061116,0.4830652406381845,0.49674389037238365,0.009852381110191346,0.005897160789370537,0.013941982153058051,0.32262873328425995,0.3046472225286686,0.34095100483635277,0.24327986291044146,0.21020769733598124,0.2745541558292628,0.39321445402129657,0.3819358182070926,0.4045299822016482,0.148,0.104,0.192,0.0,0.0,0.0,0.0,0.0,0.0,-0.01783140399626154,-0.029393322320668016,-0.007454885604958135,0.24594483437997516,0.1746069290056621,0.3230198416198819,-0.05511131537947156,-0.09456443306955395,-0.023774845117187592,0.176,0.132,0.224,0.04214908569613637,0.029344563318799227,0.05669880258980638,0.24594483437997516,0.17750714500788964,0.3225299354538386,0.10617842379503417,0.07839676878199679,0.1351703294692328,0.104,0.068,0.14,-0.01783140399626154,-0.02847762450360797,-0.007684048230692636,True
transport_anchor_only,False,1.0,0.0,0.1,250,0.1213917095924553,0.09007059113448558,0.15433522316061646,0.3183509209856355,0.2867551880057292,0.35376272883020543,0.07057595724320996,0.0643088578743482,0.07642753080718843,0.480353055577755,0.47525328203806877,0.48534765375915173,0.009852381110191346,0.005897160789370537,0.013941982153058051,0.32262873328425995,0.3046472225286686,0.34095100483635277,0.20794163447121314,0.17956923395649127,0.23576238561879923,0.35335035891837246,0.34302102388886424,0.3634637154546386,0.084,0.052,0.116,0.0,0.0,0.0,0.0,0.0,0.0,0.04884450487356786,0.03684403872292685,0.06209991327122118,0.35547701423108813,0.26564836531059943,0.4384358180596965,0.1509631498005254,0.11481347169355637,0.18697487279540173,0.148,0.10790000000000001,0.1920999999999999,0.03271852614560527,0.021876406611449968,0.044480492160947425,-0.008057880454247823,-0.027391621774128638,0.001735239226361132,-0.0028946384489536283,-0.009095461496710774,0.00034826377034187316,0.0,0.0,0.0,-0.0010025356318188597,-0.0037594513954638605,0.000356681561010157,False
mediation_aware_recourse,False,1.0,0.5,0.1,250,0.09364792995553581,0.06642408813083747,0.12275027597010557,0.3469224985115023,0.31186893298927437,0.38147948536712867,0.06713935022400291,0.06106561970339688,0.0732901204298913,0.4792087429687978,0.4741365401959419,0.48425715566846134,0.009852381110191346,0.005897160789370537,0.013941982153058051,0.32262873328425995,0.3046472225286686,0.34095100483635277,0.22911955353363922,0.20257948205550896,0.255373191581014,0.36066293274293354,0.35081156376751726,0.3708352487419542,0.084,0.052,0.116,0.0,0.0,0.0,0.0,0.0,0.0,0.03950366943829298,0.029070334226831945,0.05203131833403138,0.2898352505640971,0.20498110716673804,0.37075948642892403,0.12209353708303539,0.0881251061825973,0.15617124087469236,0.116,0.076,0.16,0.02679998433202968,0.017077438804534373,0.03705829624809569,-0.07369964412123886,-0.124381872319288,-0.03295536703159213,-0.03063841808587313,-0.049450253965891894,-0.014277160075306891,0.0,0.0,0.0,-0.01034337106709374,-0.01736586233473636,-0.004407817625454391,False
mediation_aware_recourse,False,1.0,1.0,0.1,250,0.06905063456695643,0.04633884833580742,0.09503216617347789,0.3741412001529856,0.3388124439828651,0.4095705672198283,0.0634921015873482,0.05713332356056964,0.06972383126787404,0.4806475804433823,0.4753520680746495,0.4857842204130292,0.009852381110191346,0.005897160789370537,0.013941982153058051,0.32262873328425995,0.3046472225286686,0.34095100483635277,0.2486949455594331,0.22315663024748192,0.2751256075151298,0.36790196273767944,0.3588575408812417,0.37764368662098113,0.104,0.06790000000000002,0.14,0.0,0.0,0.0,0.0,0.0,0.0,0.03207244378605137,0.02260334747650582,0.04314042894601428,0.22916058025025832,0.15202418982995286,0.3095835828807971,0.09912593337316666,0.06736859417680277,0.13197674216797206,0.092,0.056,0.1280999999999999,0.020727901145253563,0.011935842390112816,0.030373055893606365,-0.13437431443507764,-0.2010126164001843,-0.0730957140525023,-0.0552357134744525,-0.08038635015748441,-0.031458461822383106,0.02,0.004,0.04,-0.017774596719335366,-0.027346425307812134,-0.008869693756405908,False
mediation_aware_recourse,False,1.0,2.0,0.1,250,0.061217026499827625,0.04106300460358107,0.08484062633512804,0.3853899194261508,0.34911146335266696,0.42066226558862096,0.06134299659233375,0.05517920559620096,0.06750283147221497,0.480488444814682,0.47535903147701625,0.48546336229544285,0.009852381110191346,0.005897160789370537,0.013941982153058051,0.32262873328425995,0.3046472225286686,0.34095100483635277,0.25577802064700245,0.23157215908440854,0.2796808820602989,0.3692892961243042,0.3602462457775967,0.37936185896871527,0.112,0.072,0.152,0.0,0.0,0.0,0.0,0.0,0.0,0.030605357137571978,0.020907763611887988,0.04156382031668117,0.2072063202701696,0.13223264947889932,0.2814813958129808,0.09459162553120926,0.06311364490554397,0.1266750564393064,0.088,0.055900000000000005,0.124,0.01718187984916956,0.009145372294365855,0.025541393543706544,-0.15632857441516634,-0.23269484665821188,-0.08285107890518593,-0.0630693215415813,-0.09128991533353692,-0.03657526154096705,0.028,0.008,0.052,-0.019241683367814746,-0.029175952310961477,-0.010140066148649577,False
mediation_aware_recourse,False,1.0,5.0,0.1,250,0.10747935468438663,0.07972578342859925,0.13495975001217522,0.3972400866491734,0.3591021316523785,0.43459488140480435,0.045983182143801045,0.041084630570177506,0.05075285092028279,0.48479452818274493,0.4789719037408352,0.49028885854551796,0.009852381110191346,0.005897160789370537,0.013941982153058051,0.32262873328425995,0.3046472225286686,0.34095100483635277,0.22716869181170454,0.19587853265103675,0.2576147150669229,0.3755177137118598,0.3654728917727071,0.38571349578711706,0.168,0.124,0.2120999999999999,0.0,0.0,0.0,0.0,0.0,0.0,0.013439592361413023,0.00048773796859735014,0.0268087972652446,0.29588202049086554,0.2152140556811127,0.3707845113837174,0.041537593638540926,-0.000725825592440582,0.08217873071333887,0.172,0.124,0.22,0.036499794935477864,0.02475688073942742,0.049042204947669914,-0.06765287419447041,-0.1910944605630741,0.0516146064080424,-0.016806993357022293,-0.06292983726401434,0.025000101277447537,0.084,0.047900000000000005,0.124,-0.0364074481439737,-0.05098864989879538,-0.021728027250063786,False
mediation_aware_recourse,False,1.0,7.551995980621402,0.1,250,0.20569847116075107,0.16700191320410596,0.24468758831660378,0.3725635453065252,0.3331829744016136,0.41325031909291543,0.03446491391850347,0.031156865544158235,0.038016124467700765,0.48866771876478193,0.4825214220017314,0.4951107569674432,0.009852381110191346,0.005897160789370537,0.013941982153058051,0.32262873328425995,0.3046472225286686,0.34095100483635277,0.15189918085381984,0.11429222765352227,0.18927480820403886,0.3699369518534013,0.3586718950462192,0.380660886792906,0.212,0.16,0.26,0.0,0.0,0.0,0.0,0.0,0.0,0.004566668314242641,-0.012857434335072608,0.021273283664753898,0.5291827255820226,0.42666532382519406,0.6289517171866486,0.014114149270154419,-0.034685356983298464,0.059957158425078615,0.312,0.256,0.364,0.0766403905691951,0.0591776930510306,0.09358867624853011,0.16564783089668667,0.0025567742171488422,0.3280942620223044,0.08141212311934214,0.022940434066933815,0.13811982003617448,0.128,0.08,0.176,-0.045280372191144086,-0.0638789685189287,-0.02689114679153623,True
transport_anchor_only,False,3.0,0.0,0.1,250,0.5036844348312588,0.46563107955720623,0.5410885507769184,0.029860288829724056,0.024630030811531083,0.03516246088256032,0.07533819796960145,0.06923109141426208,0.08142878153114379,0.4917660333154201,0.48730017324833275,0.4955115393451214,0.009852381110191346,0.005897160789370537,0.013941982153058051,0.32262873328425995,0.3046472225286686,0.34095100483635277,-0.10863969364721704,-0.13364424713168777,-0.0838208988451467,0.28923617036024907,0.28093531676865846,0.29767765373500366,0.312,0.256,0.368,0.0,0.0,0.0,0.0,0.0,0.0,0.12308866182301298,0.10730320057480067,0.13819806285071443,0.6632671475311612,0.583439170550387,0.7393125608913497,0.3804287123317587,0.34191692995769135,0.4187411920620923,0.648,0.5839,0.708,0.15388711173009784,0.1360144458576393,0.17087509902992531,0.0005766349783261626,-0.0012148472302686037,0.0025391388702535158,-1.5079498291015624e-05,-3.7698745727539064e-05,0.0,0.0,0.0,0.0,0.00018603901262478795,-0.00039525553056220854,0.0008025494698787887,False
mediation_aware_recourse,False,3.0,0.5,0.1,250,0.5078952097297879,0.4702785643083451,0.5447065943312104,0.028644519794686112,0.023654781687409948,0.033792587544091125,0.07206829425067193,0.06596036715120415,0.07829417219749606,0.49289703984069827,0.4885184327980995,0.4967046940846146,0.009852381110191346,0.005897160789370537,0.013941982153058051,0.32262873328425995,0.3046472225286686,0.34095100483635277,-0.12057664778996337,-0.14712002059470244,-0.09445016805335667,0.29339600092147017,0.2855515026053492,0.3009466072009803,0.312,0.256,0.368,0.0,0.0,0.0,0.0,0.0,0.0,0.11589028888659941,0.10038473058987035,0.13115747223113022,0.6262681052535815,0.5484141450009438,0.6990307568933417,0.3581807838343216,0.3185929589679782,0.39849104864545687,0.66,0.596,0.72,0.16345477526967778,0.145621404350687,0.18148312619210735,-0.03642240729925361,-0.05869640936474073,-0.017829034348263686,0.004195695400238037,-7.434512972831725e-05,0.009535042136907576,0.0,-0.02,0.01609999999999991,-0.007012333923788786,-0.011630597475328993,-0.0027062949152706767,False
mediation_aware_recourse,False,3.0,1.0,0.1,250,0.5114846958537819,0.4735849882549752,0.5483897054266651,0.02828557430666185,0.023343181467704918,0.03310532439372932,0.068456839043735,0.06262468028387073,0.07425716173534515,0.49354018424701696,0.48927228868442774,0.497415770857352,0.009852381110191346,0.005897160789370537,0.013941982153058051,0.32262873328425995,0.3046472225286686,0.34095100483635277,-0.13213389445597937,-0.15883873468789514,-0.10703481421101613,0.29487514526875735,0.28704765226384066,0.3026351402999121,0.324,0.264,0.38,0.0,0.0,0.0,0.0,0.0,0.0,0.11077138889772918,0.09489409213675175,0.12714245075874256,0.5904459807069956,0.5132496622615118,0.6649870901846446,0.34235985847467276,0.30148109548882673,0.38401370498772763,0.68,0.616,0.74,0.1716073534502336,0.15347988134291016,0.18960351462890587,-0.07224453184583945,-0.10320235377730716,-0.04271939541829363,0.00778518152423203,0.0011787000246345997,0.015278196181682862,0.012,-0.012,0.04,-0.012131233912659014,-0.018301748161770603,-0.00582481057955558,False
mediation_aware_recourse,False,3.0,2.0,0.1,250,0.5248242224628339,0.48743763320152356,0.5609235439775512,0.02640803363727978,0.021638365823406946,0.0310968933664296,0.06366740997775562,0.057825447381760625,0.06913547920001571,0.49457444004988665,0.4902178718421817,0.4984094559464336,0.009852381110191346,0.005897160789370537,0.013941982153058051,0.32262873328425995,0.3046472225286686,0.34095100483635277,-0.14549121273808666,-0.1701810694134344,-0.12034969866008124,0.29624581390839794,0.2882609882055748,0.30429071651088785,0.348,0.292,0.404,0.0,0.0,0.0,0.0,0.0,0.0,0.10605192690117886,0.08946694978020973,0.1225372758120727,0.5490444658879838,0.4775779917272177,0.6215207576046299,0.32777347152680014,0.2831392796157642,0.3722787215611119,0.712,0.656,0.768,0.17990771651302342,0.16110206455640813,0.19803347509090816,-0.11364604666485123,-0.15315103419072182,-0.07537172876747106,0.021124708133284,0.010871550863748417,0.03284471052144654,0.036,0.004,0.072,-0.016850695909209342,-0.02595819406025753,-0.008071811705406112,False
mediation_aware_recourse,False,3.0,5.0,0.1,250,0.5942545437444933,0.560156464971602,0.6276987474689143,0.02038021740309086,0.016681029886986127,0.02390796462401955,0.04922258762358354,0.0449268629435481,0.053103979824930134,0.4967752656409741,0.4926124827116072,0.5006148789083243,0.009852381110191346,0.005897160789370537,0.013941982153058051,0.32262873328425995,0.3046472225286686,0.34095100483635277,-0.20245098912475298,-0.22347253756384425,-0.1815764281966738,0.29900566386043115,0.2902238876195217,0.3073135652644692,0.376,0.32,0.436,0.0,0.0,0.0,0.0,0.0,0.0,0.08404378544114362,0.06402407277140697,0.10336020750397955,0.3724954778086099,0.30604906280967703,0.43429223148137036,0.2597531616749055,0.20739402195329934,0.31018282521413754,0.816,0.76,0.864,0.2160075388638414,0.19787311752916978,0.23336063088658143,-0.29019503474422514,-0.35690167092857006,-0.2211383960313993,0.09055502941494342,0.06518130446512951,0.11498131600603519,0.064,0.02,0.108,-0.0388588373692446,-0.05067954186137786,-0.02602002306644592,False
mediation_aware_recourse,False,3.0,7.551995980621402,0.1,250,0.6578623999585398,0.6275156555174384,0.6871901016891119,0.01802208380161668,0.014852049984492563,0.021264070199576705,0.040027480008287826,0.03680622498763163,0.04336811029739882,0.5010047170100212,0.4966722894606709,0.5048210096103967,0.009852381110191346,0.005897160789370537,0.013941982153058051,0.32262873328425995,0.3046472225286686,0.34095100483635277,-0.24158758729959623,-0.2598600963622431,-0.22246681982317157,0.3028439176642735,0.2930063587350134,0.31127354306193444,0.38,0.32,0.44009999999999994,0.0,0.0,0.0,0.0,0.0,0.0,0.06607802074342758,0.04527607369083193,0.08816776644756578,0.2511901068441429,0.18236469068364727,0.31326083501965896,0.20422657921977272,0.14068146335000636,0.261552850068013,0.9,0.856,0.936,0.24262809843131067,0.22622706399163703,0.25754389599441724,-0.4115004057086922,-0.49494986925444284,-0.3289058233971547,0.1541628856289899,0.12091031344335351,0.18462127601182146,0.068,0.02,0.116,-0.056824602066960606,-0.07096711250802915,-0.0410439864603885,True
transport_anchor_only,False,10.0,0.0,0.1,250,0.6104132114425301,0.5688557838378474,0.6521222294680774,0.009152032689290823,0.007294252311705691,0.011045495050690928,0.06733951783552836,0.06189303302117757,0.07270426033566144,0.4936820093076229,0.48937128931136137,0.4977489796459794,0.009852381110191346,0.005897160789370537,0.013941982153058051,0.32262873328425995,0.3046472225286686,0.34095100483635277,-0.16482467974888237,-0.18846050585463173,-0.14390598127733456,0.2968060216593054,0.28808337204478085,0.30489975768722294,0.52,0.46,0.584,0.0,0.0,0.0,0.0,0.0,0.0,0.11402631952857925,0.09673381810642409,0.13094646202264326,0.4891196513372553,0.4231904881030481,0.5506046541776649,0.35241983516370345,0.30844108188672287,0.39966075495150827,0.748,0.688,0.8000999999999999,0.18590831853509693,0.16733629067125858,0.20431077576688264,0.00017217753619780396,-0.0016675210799807437,0.0022146474306171363,0.0,0.0,0.0,-0.004,-0.012,0.0,5.554942040351207e-05,-0.0005460786291199922,0.0007127268903305284,False
mediation_aware_recourse,False,10.0,0.5,0.1,250,0.6153861096277833,0.5737325233200564,0.6587461948612705,0.008701684081725234,0.0068635734592056375,0.010618204429316281,0.06447676656624292,0.059230994064222005,0.06974168429320972,0.49385612267017365,0.48959831949645877,0.4978489325753629,0.009852381110191346,0.005897160789370537,0.013941982153058051,0.32262873328425995,0.3046472225286686,0.34095100483635277,-0.17466149164761272,-0.19790303181762803,-0.1523299368568986,0.3009246333726636,0.29223195360340476,0.30932738380819336,0.528,0.468,0.592,0.0,0.0,0.0,0.0,0.0,0.0,0.10770909262984611,0.08910045456562476,0.12504043543120863,0.45863007962863944,0.3915612832524591,0.5220647958569782,0.3328952545971505,0.28755064314852435,0.3801621721645948,0.76,0.704,0.812,0.19398533793382863,0.1752942549267901,0.21197027364896964,-0.030317394172418077,-0.0530578964217161,-0.011893805871417727,0.0049728981852531435,-0.0011914260521531106,0.013834591649472712,0.004,0.0,0.012,-0.006261677478329648,-0.011705509668033168,-0.0011426061577703242,False
mediation_aware_recourse,False,10.0,1.0,0.1,250,0.6162440352216363,0.5739684071805328,0.6597207031853497,0.008748920940281417,0.006959145268053404,0.010652120395162595,0.06282096123309217,0.05740673711675208,0.06836921340900386,0.4944640487713814,0.4901161569969416,0.49849853492829205,0.009852381110191346,0.005897160789370537,0.013941982153058051,0.32262873328425995,0.3046472225286686,0.34095100483635277,-0.17969688586839577,-0.20260731563206746,-0.15664221775598214,0.30327299754865183,0.29437159295569004,0.31199557075707435,0.52,0.45990000000000003,0.58,0.0,0.0,0.0,0.0,0.0,0.0,0.1029761236974542,0.08440272920545266,0.12026329842231526,0.4430226841883006,0.37673500011752,0.5080387553643503,0.3182671219179193,0.2731673700159565,0.36637429525450327,0.768,0.712,0.82,0.19886951951041612,0.18009907330501793,0.21706051407448965,-0.04592478961275692,-0.07052920133855578,-0.024459683762844492,0.0058308237791061404,-0.00016434311121702193,0.01493027375936508,-0.004,-0.02,0.012,-0.010994646410721547,-0.01786722033774376,-0.004705844632370279,False
mediation_aware_recourse,False,10.0,2.0,0.1,250,0.6255467612077482,0.5842635900189285,0.6677126774916309,0.008695807564060916,0.006944564316596044,0.010594281718711216,0.05740972288816771,0.05223630378637649,0.0622812211643914,0.4952845075182915,0.49107915056366924,0.4991461641252458,0.009852381110191346,0.005897160789370537,0.013941982153058051,0.32262873328425995,0.3046472225286686,0.34095100483635277,-0.192410854836413,-0.21545130746903998,-0.17074127909845385,0.30567501494961635,0.2965402749649327,0.31460144720007815,0.52,0.45990000000000003,0.58,0.0,0.0,0.0,0.0,0.0,0.0,0.0955227862149998,0.07709535213862785,0.11277735299114593,0.40361525497828277,0.33929521225083686,0.46395877834778565,0.2952311774285622,0.24640862531779845,0.34558221809043854,0.788,0.732,0.8360999999999998,0.20770168973780084,0.18938938100922775,0.22644254922301815,-0.08533221882277475,-0.11531888153558384,-0.05513968553113035,0.01513354976521805,0.006671579694747925,0.025419211895193437,-0.004,-0.032,0.024,-0.018447983893175944,-0.02666173033775688,-0.009955623357128863,False
mediation_aware_recourse,False,10.0,5.0,0.1,250,0.6836337934662587,0.6430761165984673,0.7243954096898553,0.007323946512057045,0.00573707983182549,0.008963760128226693,0.044939812108574645,0.040807010230867864,0.04924366115991816,0.4995546755461693,0.4952726295782268,0.5036662533042252,0.009852381110191346,0.005897160789370537,0.013941982153058051,0.32262873328425995,0.3046472225286686,0.34095100483635277,-0.2360923498889701,-0.256568214169286,-0.2162789309986224,0.3176588128994285,0.3085182171482558,0.3267802365447983,0.532,0.464,0.596,0.0,0.0,0.0,0.0,0.0,0.0,0.06389796175047244,0.043369366112120576,0.08379468631297225,0.26822280369877916,0.20125060568693465,0.3351169620768267,0.19748869594755325,0.14254640357113676,0.2536958922251848,0.856,0.808,0.9,0.2429011310912855,0.22537069665627077,0.26050108815256534,-0.22072467010227836,-0.27224891988927713,-0.16728760445580254,0.07322058202372864,0.050778589214023666,0.09723216470443877,0.008,-0.036,0.052,-0.0500728083577033,-0.06295822636324876,-0.03723262724291595,False
mediation_aware_recourse,False,10.0,7.551995980621402,0.1,250,0.7449885393683798,0.7069846903829952,0.7851131525491364,0.00638318274819902,0.00501040255529745,0.0077747548055166135,0.03655759645741027,0.03369838963334157,0.03972129282371319,0.5016150727341175,0.4971753655363798,0.5058622607791186,0.009852381110191346,0.005897160789370537,0.013941982153058051,0.32262873328425995,0.3046472225286686,0.34095100483635277,-0.27015025782393715,-0.2876478357039351,-0.2524640885593539,0.3259496228121853,0.31522021548170176,0.33553093996593264,0.54,0.476,0.604,0.0,0.0,0.0,0.0,0.0,0.0,0.04217390791003399,0.020512281962372928,0.06348473071975441,0.16265902582856862,0.08666235481140577,0.22881877644442986,0.1303464124362812,0.06813651820436571,0.18761254059872956,0.924,0.884,0.956,0.2688614901101779,0.25317402495967595,0.28546163006831154,-0.3262884479724889,-0.3932684123607015,-0.25957717109774453,0.1345753279258497,0.10554912974992767,0.1681682845913805,0.016,-0.028099999999999997,0.064,-0.07179686219814177,-0.08704122274247414,-0.057206538237024325,True
transport_anchor_only,False,30.0,0.0,0.1,250,0.725535585924983,0.673471179932356,0.781494284772873,0.002227361899999943,0.0016168061704215442,0.0028761310633256053,0.06262446602713659,0.057324422683713516,0.06831180597998421,0.4951878383395672,0.4907099623246312,0.4996055237411261,0.009852381110191346,0.005897160789370537,0.013941982153058051,0.32262873328425995,0.3046472225286686,0.34095100483635277,-0.19270342577054467,-0.2154480937216347,-0.17103532707180005,0.31167128530031557,0.3028807643798693,0.3206373704453687,0.716,0.664,0.772,0.0,0.0,0.0,0.0,0.0,0.0,0.09555640745834565,0.07828323656114,0.11328782204120035,0.40270842026720977,0.3404695401611923,0.465050110073595,0.2953350902189331,0.2461431629296191,0.34798788324634095,0.804,0.752,0.852,0.20908264758104486,0.1899303583663166,0.228140936837735,-0.004128578331140886,-0.009607418953091659,-0.0005523141405464921,2.2619247436523437e-05,0.0,5.2778244018554686e-05,0.0,0.0,0.0,-0.001029395534198636,-0.0022506527734405973,-0.00018202620970666404,False
mediation_aware_recourse,False,30.0,0.5,0.1,250,0.7284589171856641,0.6753609879799187,0.7828997153494507,0.0021403917531740264,0.0015499542724382665,0.002797965865283614,0.059240288705847494,0.053931797454663616,0.06491149171343101,0.49741378929567337,0.49264011296068433,0.5021225530957819,0.009852381110191346,0.005897160789370537,0.013941982153058051,0.32262873328425995,0.3046472225286686,0.34095100483635277,-0.20251905338831733,-0.22719623788259724,-0.1795075651588182,0.31943318525237885,0.31000909893490086,0.3286434466855321,0.72,0.664,0.776,0.0,0.0,0.0,0.0,0.0,0.0,0.08628937271843577,0.06836307857635046,0.1038547713249084,0.37228451004119667,0.3059714010537945,0.4380311972204844,0.2666935724623525,0.21880445242074983,0.322170225364788,0.808,0.756,0.856,0.21862397875988615,0.19919830957252846,0.23839185338880955,-0.03455248855715398,-0.056307185226346514,-0.015732344885959877,0.0029459505081176757,-0.0006047802925109863,0.009174338686466216,0.004,-0.008,0.02,-0.010296430274108518,-0.01645768613818828,-0.004836892800066073,False
mediation_aware_recourse,False,30.0,1.0,0.1,250,0.7319188048690557,0.678869473638013,0.7861973088193684,0.002070052138927129,0.0015292971541579802,0.002683978118491926,0.0576620448921093,0.05228963371937147,0.06314657371316092,0.4972081900267601,0.492481123887366,0.5018071586469771,0.009852381110191346,0.005897160789370537,0.013941982153058051,0.32262873328425995,0.3046472225286686,0.34095100483635277,-0.20705905720607068,-0.23159546135865755,-0.18416954696174007,0.32216891222208105,0.3131820899965713,0.33150661053867814,0.72,0.664,0.776,0.0,0.0,0.0,0.0,0.0,0.0,0.0820332533354998,0.06436127592767875,0.10034874897085638,0.3582125959511603,0.29292158877321456,0.4255859928956008,0.25353923320477956,0.20433854825219142,0.30900062945225293,0.812,0.76,0.86,0.22302204036023082,0.20273693693084746,0.24347901555132181,-0.04862440264719037,-0.07357395757074149,-0.026895948550212198,0.0064058381915092465,-0.00043018012046813965,0.016093245960772037,0.004,-0.016,0.024,-0.014552549657044495,-0.021587571108587306,-0.00794934669444927,False
mediation_aware_recourse,False,30.0,2.0,0.1,250,0.7414606431876309,0.6873713046325487,0.798316614580166,0.0019203323396006263,0.0013951637061055224,0.0025028928464376214,0.05439432967505781,0.04942415960518939,0.059447330723684445,0.4981212049107552,0.4933648480081558,0.5028187260896742,0.009852381110191346,0.005897160789370537,0.013941982153058051,0.32262873328425995,0.3046472225286686,0.34095100483635277,-0.2147599831844255,-0.23846595292943468,-0.19208860704236103,0.32498493058538613,0.31578199909881327,0.33452966501988773,0.724,0.6719,0.78,0.0,0.0,0.0,0.0,0.0,0.0,0.0768011275279494,0.058630520884475915,0.09521782582242258,0.33434328369257194,0.266329086006074,0.401429719248676,0.23736836210873813,0.1879424411234799,0.2952216603225786,0.816,0.764,0.8640999999999999,0.22823708325533232,0.20779260851552134,0.2485060721103692,-0.07249371490577872,-0.09970700417574044,-0.04686059102704816,0.01594767651008442,0.003463239894609433,0.029857316566817456,0.008,-0.024,0.04,-0.019784675464594892,-0.028076766543188185,-0.011998138455444755,False
mediation_aware_recourse,False,30.0,5.0,0.1,250,0.7792671972964891,0.7286057435638038,0.8306249981565983,0.0020468947495746207,0.0014801156364157213,0.0026358605186294786,0.042909263587864115,0.03855830621343188,0.04685588134201333,0.5008089353585243,0.4963787384071588,0.5054909480933487,0.009852381110191346,0.005897160789370537,0.013941982153058051,0.32262873328425995,0.3046472225286686,0.34095100483635277,-0.25411441332776474,-0.275104355292985,-0.23257577236907986,0.3345277100164664,0.3251408639399436,0.34400959154025884,0.708,0.656,0.764,0.0,0.0,0.0,0.0,0.0,0.0,0.04909593686736093,0.02921354947662813,0.06725187765979647,0.21236273427676688,0.1445035249560998,0.27878734131534094,0.151740247773816,0.09482550221582028,0.21161008157762773,0.876,0.832,0.92,0.2593131752522385,0.24115553032942477,0.27788863040912126,-0.19447426432158377,-0.2462303839195772,-0.14554602034586456,0.05375423061894253,0.0323929675364052,0.0770242815412581,-0.008,-0.052,0.032,-0.04748986612518335,-0.05974458625797062,-0.03543968882292611,False
mediation_aware_recourse,False,30.0,7.551995980621402,0.1,250,0.8344546000068076,0.7853258582955924,0.8812876973100007,0.0018967115885968385,0.0013947834943443113,0.002423609332794211,0.034733043755328034,0.03165481507851146,0.03810739407339284,0.5032406383697987,0.49855167372197506,0.5079439619144618,0.009852381110191346,0.005897160789370537,0.013941982153058051,0.32262873328425995,0.3046472225286686,0.34095100483635277,-0.28692382285843293,-0.30401552565840106,-0.2683765232206326,0.34078498643591804,0.3307968352556031,0.35038921369502435,0.708,0.652,0.764,0.0,0.0,0.0,0.0,0.0,0.0,0.027265964939922276,0.006253312216557198,0.04734202107428167,0.11066872458123045,0.03729050366641429,0.17598996501168998,0.0842706044484609,0.02207433890015517,0.1447240976979294,0.936,0.9039,0.968,0.2847022441124817,0.2683727025150019,0.3017484847905608,-0.2961682740171202,-0.3605540688318129,-0.23544031745677585,0.1089416333292611,0.08235768736700994,0.13762637194254204,-0.008,-0.06,0.04,-0.069319838052622,-0.08377858274380456,-0.05474869692657823,True
transport_anchor_only,False,0.0,0.0,0.5,250,1.175310433609411e-06,0.0,3.0859849648550152e-06,0.4577571470708939,0.4234674045136615,0.49152018844933804,0.06160083418277895,0.05516277980579817,0.06780096948666334,0.4854473307347298,0.47871294041215184,0.4916967652234554,0.009852381110191346,0.005897160789370537,0.013941982153058051,0.32262873328425995,0.3046472225286686,0.34095100483635277,0.322624239826422,0.3045099102959643,0.3405802963017697,0.389411738100322,0.3788472972450816,0.40124472981490744,0.044,0.023900000000000005,0.072,0.0,0.0,0.0,0.0,0.0,0.0,4.493457837956738e-06,0.0,1.212175518241021e-05,1.3927643059519212e-05,0.0,3.451029010171081e-05,1.3887878492435668e-05,0.0,3.46483959976801e-05,0.0,0.0,0.0,0.0,0.0,0.0,1.3927643059519212e-05,0.0,3.648647318906239e-05,1.175310433609411e-06,0.0,3.0859849648550152e-06,0.0,0.0,0.0,4.493457837956738e-06,0.0,1.153404322943385e-05,False
mediation_aware_recourse,False,0.0,0.5,0.5,250,7.255269447341562e-07,0.0,2.1765808342024686e-06,0.4577299860284695,0.42345917911214837,0.49152067316280823,0.0615941344002768,0.055160193483025956,0.0677939741569057,0.48544979929685594,0.478714671766448,0.49170083057076935,0.009852381110191346,0.005897160789370537,0.013941982153058051,0.32262873328425995,0.3046472225286686,0.34095100483635277,0.3226073094139587,0.304454218129808,0.3405209485011925,0.3894111256391074,0.37884294948653763,0.4012447529752312,0.044,0.023900000000000005,0.072,0.0,0.0,0.0,0.0,0.0,0.0,2.1423870301253256e-05,0.0,6.427161090375977e-05,6.640409886360388e-05,0.0,0.00021037386699401244,6.621450969679366e-05,0.0,0.00020690678783487625,0.0,0.0,0.0,0.0,0.0,0.0,6.640409886360388e-05,0.0,0.00020571805222766024,7.255269447341562e-07,0.0,2.1765808342024686e-06,0.0,0.0,0.0,2.1423870301253256e-05,0.0,6.427161090375977e-05,False
mediation_aware_recourse,False,0.0,1.0,0.5,250,0.00012781741155777127,0.0,0.00038272670772857963,0.4577299860284695,0.42345917911214837,0.49152067316280823,0.06143153514825854,0.05489721436647976,0.06771039067916605,0.48545670075178143,0.4787281296035528,0.49170773202569484,0.009852381110191346,0.005897160789370537,0.013941982153058051,0.32262873328425995,0.3046472225286686,0.34095100483635277,0.3222353172257859,0.30416208252732957,0.3401490273388416,0.38939203246418386,0.378804552757063,0.40124379831648505,0.044,0.023900000000000005,0.072,0.0,0.0,0.0,0.0,0.0,0.0,-6.668388305414741e-05,-0.000264323260066202,6.427161090375977e-05,0.0012194080002397856,0.0,0.0037705168396826917,-0.00020609911090008204,-0.000833365298233435,0.00019841307494260219,0.004,0.0,0.012,0.00023004997076407773,0.0,0.0006901499122922332,0.0012194080002397856,0.0,0.003687481711564988,0.00012781741155777127,0.0,0.00038272670772857963,0.0,0.0,0.0,-6.668388305414741e-05,-0.000264323260066202,6.427161090375977e-05,False
mediation_aware_recourse,False,0.0,2.0,0.5,250,0.0016128835235722362,0.0002566036889329553,0.003620248417940456,0.456736142042306,0.4222223316036325,0.4905693385654751,0.060529527734730734,0.054179265485578,0.06651443081443287,0.48551786158442495,0.47880412451951504,0.4917636329666555,0.009852381110191346,0.005897160789370537,0.013941982153058051,0.32262873328425995,0.3046472225286686,0.34095100483635277,0.32006448364893036,0.3010487522820476,0.33864896832643404,0.3891583137370723,0.3786222850686892,0.4006822715706472,0.048,0.024,0.076,0.0,0.0,0.0,0.0,0.0,0.0,0.0005356218973110915,-0.0016529053072743044,0.0025681350176503088,0.007947989037511705,0.002274054575128412,0.015707671529159518,0.001655440441652778,-0.004822387541049434,0.007956353708164809,0.008,0.0,0.02,0.0002762867924702479,0.0,0.0007826235557045736,0.007947989037511705,0.0019019052920717454,0.0152366853692746,0.0016128835235722362,0.0002566036889329553,0.003620248417940456,0.004,0.0,0.012,0.0005356218973110915,-0.0017114220303651151,0.002372441015387882,False
mediation_aware_recourse,False,0.0,5.0,0.5,250,0.022023723210324534,0.011518821307946927,0.03392570747993886,0.45351335717893215,0.417920277362762,0.48786041831958327,0.05467362397970493,0.04899132256897002,0.06022007697202535,0.4862934370756149,0.4794685151997566,0.49268419813403486,0.009852381110191346,0.005897160789370537,0.013941982153058051,0.32262873328425995,0.3046472225286686,0.34095100483635277,0.30325277544573054,0.27820918191991506,0.3252527336409094,0.39025182399140884,0.37913459239695735,0.4017199808370126,0.084,0.052,0.12,0.0,0.0,0.0,0.0,0.0,0.0,-0.0038441769057046137,-0.010553890899532096,0.00196054323896085,0.060056516483476874,0.033679930145093906,0.09240024186095445,-0.011881153378006104,-0.033308670713735965,0.005432189779724951,0.048,0.024,0.076,0.0070996377520236775,0.002599510478590214,0.012424383181754471,0.060056516483476874,0.03403178865545803,0.09074754373001223,0.022023723210324534,0.011518821307946927,0.03392570747993886,0.04,0.016,0.064,-0.0038441769057046137,-0.010014427837365515,0.002074214550959292,False
mediation_aware_recourse,False,0.0,7.551995980621402,0.5,250,0.09973968180187512,0.07368522709385433,0.12823641602619026,0.43711145002718854,0.400154149778747,0.4724879694291975,0.04201563032548812,0.03769835859561898,0.04606018002091469,0.4893196560125351,0.4826835939369798,0.49593461325957783,0.009852381110191346,0.005897160789370537,0.013941982153058051,0.32262873328425995,0.3046472225286686,0.34095100483635277,0.24967488653392353,0.21571614508736098,0.28069053507008224,0.39125082314118104,0.3793496668399539,0.40318919070191245,0.144,0.1,0.188,0.0,0.0,0.0,0.0,0.0,0.0,-0.014749321591658754,-0.026075474917163388,-0.004960630119226133,0.22612321601888652,0.1590548100690933,0.2991094748087505,-0.045585558716608965,-0.08428110708550227,-0.014867181559380115,0.164,0.12,0.212,0.03741053268209394,0.02541497491157209,0.051391935810131725,0.22612321601888652,0.1635852536862074,0.2985881304367432,0.09973968180187512,0.07368522709385433,0.12823641602619026,0.1,0.064,0.13609999999999992,-0.014749321591658754,-0.025636873713152278,-0.004965373268716996,True
transport_anchor_only,False,1.0,0.0,0.5,250,0.12255195931487833,0.09275625993857538,0.15476181753671553,0.31769676303688893,0.2846153037518791,0.34891353398794783,0.07034441433459407,0.06422858047123382,0.07598626299337924,0.47871373023176195,0.4740330662938893,0.48327470336663125,0.009852381110191346,0.005897160789370537,0.013941982153058051,0.32262873328425995,0.3046472225286686,0.34095100483635277,0.20559259120510842,0.17742904446829277,0.23454924110329523,0.3512958322038301,0.3407942672104888,0.36178103897721514,0.088,0.056,0.12,0.0,0.0,0.0,0.0,0.0,0.0,0.05023375835160285,0.038518576625138745,0.063458283540992,0.3627579629618233,0.2723094162669564,0.44738860552367515,0.15525689955719424,0.11839140617073338,0.19188254816508624,0.152,0.108,0.2,0.03319842103964015,0.02327203397896352,0.044971480256756145,-0.0007769317235126749,-0.04548901492377023,0.0438047180822493,-0.0017343887265305967,-0.016748550202389013,0.012211102439119713,0.004,0.0,0.012,0.0003867178462161176,-0.003938331548093101,0.005193800624511921,False
mediation_aware_recourse,False,1.0,0.5,0.5,250,0.09087009542089072,0.06541987394741883,0.11871542912527655,0.35012917181595726,0.3132110754172819,0.38267195360388817,0.0668574906360723,0.06070693076323353,0.07303401478621147,0.4783960322442055,0.47350095620165467,0.48321116067215203,0.009852381110191346,0.005897160789370537,0.013941982153058051,0.32262873328425995,0.3046472225286686,0.34095100483635277,0.2313761306913926,0.20501221055569532,0.25748518514914964,0.36085230276595165,0.3509050915550162,0.3711995891429547,0.088,0.056,0.12,0.0,0.0,0.0,0.0,0.0,0.0,0.03942869594770403,0.028653484138760475,0.05170255472665587,0.28284090404454776,0.19781837035339436,0.36800308021063055,0.12186181737740742,0.08880595445179953,0.15605753349038884,0.112,0.072,0.152,0.025709182498447464,0.016481674531830415,0.035613458746857965,-0.0806939906407882,-0.1391808089225783,-0.02783739803811689,-0.03341625262051821,-0.054229940533638,-0.013863520785793663,0.004,0.0,0.012,-0.010418344557682695,-0.01818632689498115,-0.003975751470569402,False
mediation_aware_recourse,False,1.0,1.0,0.5,250,0.0776283469836053,0.05331841093301773,0.10531121716285924,0.36490492320947543,0.3308107462568509,0.3996744276981586,0.0646483668674029,0.05857498277512522,0.07091726608956743,0.47874227792263035,0.4737697988659203,0.4835263169101954,0.009852381110191346,0.005897160789370537,0.013941982153058051,0.32262873328425995,0.3046472225286686,0.34095100483635277,0.2414747700023745,0.2157503536759345,0.26693269207716186,0.3641971067816697,0.3540329280733376,0.37470369460101277,0.104,0.068,0.14,0.0,0.0,0.0,0.0,0.0,0.0,0.03564464105906528,0.02514163986636546,0.047050601018591445,0.25153978833739765,0.1703731090976667,0.3310476379549923,0.11016648242651272,0.07755245155377491,0.14341550104673817,0.104,0.068,0.144,0.022551890287275906,0.013401059788885252,0.03258293985873836,-0.1119951063479383,-0.1802440952706018,-0.050042352532430646,-0.04665800105780363,-0.07046682456601411,-0.024854219663329426,0.02,0.004,0.04,-0.01420239944632145,-0.0225665376073948,-0.00659916678569421,False
mediation_aware_recourse,False,1.0,2.0,0.5,250,0.0638169956782658,0.042407589929696406,0.08802654862715863,0.38210275953324657,0.34659079437084894,0.41738439710929853,0.061712050250177584,0.055503400390167164,0.06773986842540965,0.48033608526921273,0.47515453869913216,0.48536371845642917,0.009852381110191346,0.005897160789370537,0.013941982153058051,0.32262873328425995,0.3046472225286686,0.34095100483635277,0.25316954915452555,0.2282237219219673,0.278619181518574,0.36921782263064656,0.36021734117792026,0.37929667684424045,0.116,0.076,0.152,0.0,0.0,0.0,0.0,0.0,0.0,0.03023330071329194,0.020785993281928858,0.0407926117667881,0.215291376631776,0.14134132893455043,0.29098909217106317,0.09344171501705367,0.06220722223355624,0.1257802402758069,0.092,0.056,0.132,0.01867214380754803,0.010225632022253194,0.02807033247440095,-0.14824351805355995,-0.2251377095063769,-0.07624158745972623,-0.06046935236314312,-0.08885877021710621,-0.03391083563305439,0.032,0.012,0.056,-0.01961373979209479,-0.029522960590117386,-0.010590088975788869,False
mediation_aware_recourse,False,1.0,5.0,0.5,250,0.10206682305078721,0.07688191396121037,0.12950938492743735,0.39513262058006127,0.3571273774265124,0.43237917379934737,0.047615809196680944,0.04254854057721599,0.052486926939771666,0.4831306280708313,0.47744446905429955,0.48856332960424426,0.009852381110191346,0.005897160789370537,0.013941982153058051,0.32262873328425995,0.3046472225286686,0.34095100483635277,0.22836947275670638,0.19679754210968298,0.25855845081232093,0.3727447672703598,0.36287658584454874,0.383206956858559,0.168,0.124,0.2120999999999999,0.0,0.0,0.0,0.0,0.0,0.0,0.01680392432744023,0.004544023233812389,0.030620339765887388,0.29216015439177934,0.2085001310333342,0.3696372121254211,0.05193569577675905,0.011779111001655573,0.09140561457384953,0.168,0.12,0.216,0.03421723847996336,0.02315430036836509,0.0460347146894201,-0.07137474029355662,-0.187303210571409,0.04309763657042347,-0.02221952499062172,-0.06576453295637402,0.0180604298656988,0.084,0.047900000000000005,0.124,-0.0330431161779465,-0.047588748859593265,-0.018960657927902264,False
mediation_aware_recourse,False,1.0,7.551995980621402,0.5,250,0.21469177871887224,0.17504500775753404,0.25509664305781476,0.36332260848846715,0.3219459771631908,0.4043412350528052,0.034544015901614954,0.031145729284685952,0.03811626938173187,0.48685808692097665,0.4810617466513574,0.4924826501115918,0.009852381110191346,0.005897160789370537,0.013941982153058051,0.32262873328425995,0.3046472225286686,0.34095100483635277,0.14309971718171352,0.10576210857638996,0.181461122668777,0.36504037221468516,0.354530502417861,0.37590222895688047,0.22,0.168,0.26809999999999995,0.0,0.0,0.0,0.0,0.0,0.0,0.009813568346644022,-0.008508169987779719,0.027425369551180894,0.5564569971031315,0.4550608074156272,0.6558739473623976,0.03033068289312968,-0.023053848189593423,0.07895792812709468,0.324,0.268,0.384,0.07841667238904755,0.06104541325650017,0.09504601803297118,0.1929221024177955,0.03393918093923602,0.35449501387188825,0.0904054306774633,0.03553540772005508,0.14497304905767663,0.136,0.0879,0.184,-0.04003347215874271,-0.0573205251066122,-0.022390588781804638,True
transport_anchor_only,False,3.0,0.0,0.5,250,0.5037070540786953,0.4656536988046428,0.5411012949730503,0.029934784889261424,0.02470349413255881,0.03524037251187752,0.0751769252111523,0.06917321205487895,0.08131046514538787,0.49104601604604714,0.4866249282458722,0.4948702662798464,0.009852381110191346,0.005897160789370537,0.013941982153058051,0.32262873328425995,0.3046472225286686,0.34095100483635277,-0.1083910289401865,-0.13369234620836887,-0.08317917291094057,0.28871531681053375,0.2807683189310281,0.2967363388903714,0.308,0.2559,0.364,0.0,0.0,0.0,0.0,0.0,0.0,0.12333732653004352,0.10732013864522517,0.13782332747882126,0.6640378932254434,0.5843857714481338,0.7360277136291069,0.3811972574836592,0.34347934862106666,0.41904470468071275,0.648,0.5839,0.708,0.15363844702306728,0.1360498925189109,0.1706410679095896,0.0013473806726083115,-0.00775168008838282,0.011085499262823652,7.539749145507812e-06,-3.7698745727539064e-05,5.2778244018554686e-05,-0.004,-0.012,0.0,0.0004347037196553356,-0.0025231705090974395,0.003578082612076451,False
mediation_aware_recourse,False,3.0,0.5,0.5,250,0.5039578198791714,0.4665766545536201,0.5401616624034242,0.02992584932273484,0.024467412498736872,0.03541127589356531,0.07282582207219195,0.06686009941730095,0.07895615351473914,0.49177692757582664,0.4873755536506355,0.4955074914243341,0.009852381110191346,0.005897160789370537,0.013941982153058051,0.32262873328425995,0.3046472225286686,0.34095100483635277,-0.11608203519334259,-0.14249241976574922,-0.091235899230492,0.29291966442991757,0.28538052746259107,0.300768210277045,0.312,0.256,0.368,0.0,0.0,0.0,0.0,0.0,0.0,0.11723891247850227,0.10166020772313974,0.13234513878636167,0.6401993275314828,0.5594747144051261,0.7156085821072895,0.3623489592689165,0.3232997418370013,0.40168746346486234,0.652,0.5879,0.708,0.16053315717541594,0.14298100012887355,0.17786091168976834,-0.022491185021352278,-0.03592507690012181,-0.010234738954867857,0.00025830554962158204,-0.0038863298654556273,0.004948516386747359,0.0,-0.016,0.016,-0.0056637103318859195,-0.009675501631151466,-0.0019386292987019903,False
mediation_aware_recourse,False,3.0,1.0,0.5,250,0.5102771205325843,0.472178252260547,0.5472416792848847,0.0286099795501926,0.02356341183548576,0.03358143997790196,0.06913510547942738,0.06344441292385697,0.07488028417665338,0.492272308804512,0.4879260779870927,0.4961283863289356,0.009852381110191346,0.005897160789370537,0.013941982153058051,0.32262873328425995,0.3046472225286686,0.34095100483635277,-0.12879155668313275,-0.15400585423943774,-0.10425382328935391,0.2931902411993279,0.2853256144589502,0.3012156798604607,0.328,0.268,0.384,0.0,0.0,0.0,0.0,0.0,0.0,0.11332394152668937,0.09712791010910582,0.12944079093761515,0.6008056834489761,0.5233548917763442,0.6756666653090297,0.3502490035463013,0.3090844794605098,0.3917716653952274,0.676,0.612,0.736,0.16865990824933022,0.15025301201129124,0.1863530778883524,-0.06188482910385895,-0.09095449769178296,-0.033922427241520774,0.00657760620303452,0.0002545298193115741,0.013383473910763857,0.016,-0.008,0.04,-0.009578681283698834,-0.015868223532933986,-0.0034259924103062687,False
mediation_aware_recourse,False,3.0,2.0,0.5,250,0.5260726580607006,0.4884689361629833,0.563747868724924,0.02567520991786732,0.021270767452860266,0.030164342147555853,0.06425776854145324,0.05858854697713185,0.06991718736653149,0.4939026248147487,0.48951457929498554,0.49772169977915287,0.009852381110191346,0.005897160789370537,0.013941982153058051,0.32262873328425995,0.3046472225286686,0.34095100483635277,-0.14568575120407995,-0.1700748717026077,-0.12056726398973687,0.2948202346132317,0.2870363782747203,0.3023515100947943,0.356,0.296,0.4120999999999999,0.0,0.0,0.0,0.0,0.0,0.0,0.10765256885793813,0.09137569935996315,0.12407453150144197,0.5484414865314555,0.47842306195634116,0.6216247191114167,0.33272055722499116,0.2904756937289153,0.37361872023465215,0.716,0.66,0.772,0.17920466476764046,0.1607958864848845,0.19743819055515124,-0.11424902602137954,-0.15742530236706972,-0.0767206577423851,0.022373143731150777,0.011221347869525198,0.036426620283257216,0.044,0.012,0.08,-0.015250053952450077,-0.023020996680286294,-0.0075104808926060975,False
mediation_aware_recourse,False,3.0,5.0,0.5,250,0.5894351725210436,0.5544117323635029,0.6233240049871499,0.0205926513870777,0.016950974373621384,0.024120779942385828,0.05009832877775703,0.04552605154802983,0.05396119697971192,0.4959976674129963,0.49196948117007616,0.49975509966201187,0.009852381110191346,0.005897160789370537,0.013941982153058051,0.32262873328425995,0.3046472225286686,0.34095100483635277,-0.1983875512676912,-0.21966541650822136,-0.17770198483333585,0.297254029491027,0.28807442697581787,0.3054037052250022,0.376,0.316,0.436,0.0,0.0,0.0,0.0,0.0,0.0,0.08755990840283218,0.06866832891792778,0.10570161153405809,0.3850902576216081,0.32137823934831994,0.4471147868673479,0.2706204024987491,0.218228229095571,0.32051622241186034,0.812,0.756,0.86,0.21221775845446617,0.1944377283511541,0.22908311825317723,-0.277600254931227,-0.34364541221856193,-0.21225272081214255,0.08573565819149372,0.061342044742483996,0.10804950202077161,0.064,0.02,0.108,-0.03534271440755603,-0.047113855746155224,-0.022644908167994936,False
mediation_aware_recourse,False,3.0,7.551995980621402,0.5,250,0.655902974747587,0.6248408590348321,0.6853066636635806,0.018180158040169724,0.015072092145041568,0.021385192557672253,0.04027465732166641,0.0370481806848361,0.04349548889485607,0.49954870841646193,0.4952813278645575,0.5033595634724319,0.009852381110191346,0.005897160789370537,0.013941982153058051,0.32262873328425995,0.3046472225286686,0.34095100483635277,-0.24039362449501478,-0.257941759026696,-0.22109601574886983,0.30191215942238503,0.29155041798316944,0.31062382393329896,0.392,0.328,0.452,0.0,0.0,0.0,0.0,0.0,0.0,0.06727198354800905,0.04623411813230183,0.08978272214491355,0.2548908398583021,0.1843850148911626,0.3173398739931789,0.20791674633664392,0.14522961152407443,0.2639900332768325,0.9,0.856,0.936,0.2414341356267292,0.22513758406141438,0.2573530002700631,-0.407799672694533,-0.4856279401032165,-0.32613508734641844,0.15220346041803715,0.11958493899477181,0.18250356158007341,0.08,0.032,0.1240999999999999,-0.05563063926237915,-0.07005761939873668,-0.039672954745628645,True
transport_anchor_only,False,10.0,0.0,0.5,250,0.611508903838694,0.5691915844948963,0.6548761852536351,0.00908380784890219,0.007219775670101579,0.0110646977964331,0.06731536183813254,0.06196886500787938,0.07303349902235806,0.49221869470644,0.48812617615516185,0.4961714867678404,0.009852381110191346,0.005897160789370537,0.013941982153058051,0.32262873328425995,0.3046472225286686,0.34095100483635277,-0.16482829917167927,-0.18759637930633813,-0.14321064796419455,0.2950322523342026,0.28662761052483315,0.30349514004072603,0.512,0.452,0.576,0.0,0.0,0.0,0.0,0.0,0.0,0.11685248509094731,0.0991351441403089,0.1337125766645634,0.4891084327989682,0.42581806924755206,0.5492546928672257,0.36115463258374514,0.31872980633239095,0.4063719625289191,0.752,0.696,0.808,0.18449704546531134,0.16627386775854416,0.2023215349812699,0.00016095899791068735,-0.01869274650919726,0.02065574831993278,0.0010956923961639405,-0.002683186072111129,0.005913443678617468,-0.012,-0.028,0.0,0.0028817149827715595,-0.00275169464121524,0.009652437271397678,False
mediation_aware_recourse,False,10.0,0.5,0.5,250,0.6123728700056672,0.569647476176545,0.6555259342569858,0.008999562896406537,0.007102031659509486,0.010891462676249178,0.06511494819733961,0.05997607346476934,0.07046571322610574,0.4931176587250233,0.4888217970111788,0.4970676336340785,0.009852381110191346,0.005897160789370537,0.013941982153058051,0.32262873328425995,0.3046472225286686,0.34095100483635277,-0.17233228653640592,-0.19461318074005632,-0.15017972227373225,0.29877424360868154,0.29002501298935696,0.3069037417700441,0.52,0.46,0.584,0.0,0.0,0.0,0.0,0.0,0.0,0.11003829774105288,0.09151466104588125,0.12720478629881604,0.4658495392455688,0.4005216204694556,0.528306066991529,0.340094102062785,0.29478853594574805,0.3870269269031981,0.76,0.704,0.812,0.1916561328226219,0.17231735936728382,0.21014775520562867,-0.023097934555488697,-0.043385245315660306,-0.005913117559851578,0.0019596585631370543,-0.0018862876415252686,0.006415988123416897,-0.004,-0.016099999999999996,0.008,-0.003932472367122882,-0.009228813313453673,0.0006370276017875195,False
mediation_aware_recourse,False,10.0,1.0,0.5,250,0.6157477249875665,0.574045847069472,0.6592354705875739,0.008751610007217478,0.006957209014727114,0.01067521756656637,0.0634498384609973,0.05798538127995225,0.06869996106850525,0.4938568443140983,0.48966643393712644,0.49790409512014394,0.009852381110191346,0.005897160789370537,0.013941982153058051,0.32262873328425995,0.3046472225286686,0.34095100483635277,-0.17782806038701265,-0.20061798306148712,-0.15534228442360004,0.30192059302386653,0.29294143971409436,0.31064738504179623,0.52,0.46,0.584,0.0,0.0,0.0,0.0,0.0,0.0,0.10484494917883734,0.08579106841930365,0.12259950541635448,0.44881517967485907,0.3843456279039608,0.511960454659391,0.32404307935319976,0.27795552055988587,0.3716869650004102,0.768,0.712,0.82,0.197000694029033,0.17887296112001136,0.215218745395215,-0.04013229412619845,-0.06409842317429698,-0.018501524658142202,0.0053345135450363155,-0.0007923645377159118,0.01421099482178688,-0.004,-0.016,0.008,-0.009125820929338422,-0.015757894518089077,-0.0032637862231311788,False
mediation_aware_recourse,False,10.0,2.0,0.5,250,0.6251330508817918,0.5838644236137276,0.6676621921596001,0.008685542453656376,0.006930559368923716,0.010592299317511926,0.05775177813020859,0.05268510759952675,0.06253009957533556,0.49486063458251955,0.4905636859835029,0.49880229921668173,0.009852381110191346,0.005897160789370537,0.013941982153058051,0.32262873328425995,0.3046472225286686,0.34095100483635277,-0.1913544133314051,-0.21454432959303255,-0.16954769666004157,0.30546897810184737,0.296673424410751,0.31422619206822483,0.524,0.46,0.584,0.0,0.0,0.0,0.0,0.0,0.0,0.09527985620016509,0.07736781769633318,0.11258750245816558,0.40688973550657803,0.34339361916969,0.4673302655836889,0.2944803564239178,0.2467351038218984,0.3449025955749354,0.788,0.732,0.8360999999999998,0.20729493399271426,0.18906648126677358,0.22581388901778787,-0.08205773829447949,-0.11347056164278234,-0.051881688010301616,0.014719839439261705,0.006218414272449445,0.025081745564576704,0.0,-0.028,0.028,-0.018690913908010674,-0.026686124338165362,-0.010489023114858718,False
mediation_aware_recourse,False,10.0,5.0,0.5,250,0.682496103995014,0.6418047281237901,0.7226681117234984,0.0072051659042154876,0.0056321104519607805,0.008873914444770753,0.0454691674556825,0.041250224305879435,0.049700884036524666,0.49815255508542056,0.49358945647103786,0.5021851034207822,0.009852381110191346,0.005897160789370537,0.013941982153058051,0.32262873328425995,0.3046472225286686,0.34095100483635277,-0.23340335804519588,-0.2539340780549219,-0.21329809012751433,0.31696935674111,0.3078348967920672,0.32617336709083955,0.536,0.472,0.6,0.0,0.0,0.0,0.0,0.0,0.0,0.06632323133041544,0.04641965340320237,0.0854531550663017,0.27655743594433624,0.2109304397321533,0.34257580408187405,0.2049844487625585,0.15036007325956235,0.2623112415422213,0.852,0.8,0.896,0.24034400037942685,0.22332316697524957,0.2578646256138377,-0.21239003785672128,-0.26456184243653125,-0.1577081055322836,0.07208289255248383,0.049872443663806186,0.09558933932334183,0.012,-0.032,0.052,-0.04764753877776032,-0.06090186066330297,-0.03506827784080178,False
mediation_aware_recourse,False,10.0,7.551995980621402,0.5,250,0.7414079796378501,0.7043535538645578,0.7802651448597084,0.00662931582460933,0.005235365970629478,0.00815095203388546,0.03673146256620902,0.0338393494527858,0.039934225939550295,0.5007655744657517,0.49620993798109897,0.5048083845228493,0.009852381110191346,0.005897160789370537,0.013941982153058051,0.32262873328425995,0.3046472225286686,0.34095100483635277,-0.26901428277363754,-0.2864149149935381,-0.2511045510223107,0.3249622779588798,0.3145128800898225,0.334432043501956,0.54,0.476,0.604,0.0,0.0,0.0,0.0,0.0,0.0,0.043309882960333626,0.021535210729703394,0.06499032062938549,0.16618002359815887,0.09067196257374549,0.23097198497653249,0.13385735746749705,0.07049199937942208,0.19076898873493844,0.924,0.884,0.956,0.26772551505987824,0.25181690935261647,0.2833928925768579,-0.32276745020289865,-0.38985026150981517,-0.25407421506128297,0.1309947681953199,0.1013573426585528,0.16335492030038729,0.016,-0.032,0.064,-0.07066088714784213,-0.08534250854060302,-0.056045465502957796,True
transport_anchor_only,False,30.0,0.0,0.5,250,0.7244878082722426,0.6724524440854789,0.7794506073504687,0.002276130432915633,0.001663249810202874,0.0029140286478726474,0.06271829166406033,0.057002455636940084,0.06846857782557784,0.4932943522348404,0.4892197691570103,0.49743982320227625,0.009852381110191346,0.005897160789370537,0.013941982153058051,0.32262873328425995,0.3046472225286686,0.34095100483635277,-0.19141666744514263,-0.21374341186068477,-0.17018429009497282,0.31117289697181444,0.30267753132973535,0.3201266494758221,0.704,0.648,0.7600999999999999,0.0,0.0,0.0,0.0,0.0,0.0,0.09684316578374769,0.07907528470094047,0.1147839460643441,0.4066967765190018,0.3445248530050843,0.46773433233445716,0.29931205938542516,0.251786307217776,0.349041743156192,0.804,0.752,0.852,0.20779588925564282,0.18916065567911233,0.22688825704640947,-0.00014022207934882847,-0.011390226314208992,0.012217527865585217,-0.001025158405303955,-0.004208241784572601,0.001100039207935333,-0.012,-0.028099999999999997,0.004,0.00025736279120340555,-0.003029715510164104,0.00408240273365432,False
mediation_aware_recourse,False,30.0,0.5,0.5,250,0.725625899836421,0.6732840494215488,0.7818164207272231,0.0022399874823020387,0.0016330075611040668,0.0029041324092923407,0.06073202714202909,0.055593387781778754,0.06623875628832578,0.49418704105281835,0.48999320504928234,0.49829482075994014,0.009852381110191346,0.005897160789370537,0.013941982153058051,0.32262873328425995,0.3046472225286686,0.34095100483635277,-0.19771711582430734,-0.22039995741341933,-0.1753597223283044,0.3152003805476604,0.3062153650488225,0.32426987131051027,0.704,0.648,0.76,0.0,0.0,0.0,0.0,0.0,0.0,0.09109131028244573,0.07295681955703706,0.10880545579961184,0.38716829771605055,0.32230863862186354,0.4522233450891138,0.2815348656986094,0.23239820161308242,0.3361902297833076,0.808,0.756,0.856,0.21382204119587617,0.1947437636098799,0.23291654209579216,-0.019668700882300105,-0.03845342725746902,-0.004044436373152693,0.00011293315887451172,-0.0009689114809036255,0.001276041543483734,-0.012,-0.032,0.004,-0.005494492710098534,-0.010554837775032182,-0.0009170851562219919,False
mediation_aware_recourse,False,30.0,1.0,0.5,250,0.7287469980567693,0.6757870892286301,0.7828079958952963,0.0021748100419373955,0.0015965104687250395,0.002823365663994689,0.05816981020022119,0.05281296833991888,0.06362897719429772,0.49591038811659816,0.49140443907855746,0.5003632264457285,0.009852381110191346,0.005897160789370537,0.013941982153058051,0.32262873328425995,0.3046472225286686,0.34095100483635277,-0.20557894931383067,-0.2290202017003692,-0.18254317116477328,0.3206419231564376,0.31196038720777886,0.32997467962996496,0.708,0.652,0.7640999999999999,0.0,0.0,0.0,0.0,0.0,0.0,0.08351336122773981,0.06611886950448527,0.10138967388037755,0.3628002465214396,0.29609668945149675,0.4299687955549986,0.2581137856551633,0.20996696796552675,0.31338653300985336,0.812,0.76,0.86,0.22154193246799078,0.20137514117285488,0.24187723890087684,-0.044036752076911045,-0.0686259911532889,-0.02248250307898153,0.0032340313792228697,-0.001152702444791794,0.009877911514043807,-0.008,-0.028,0.012,-0.013072441764804477,-0.019785445200187695,-0.006661684663823318,False
mediation_aware_recourse,False,30.0,2.0,0.5,250,0.7415792571012862,0.6891156988506089,0.7961889394987374,0.0019076191114026728,0.001389784005434911,0.002475548540958082,0.054769715943309906,0.04988344876205475,0.05983747985875725,0.49673119429016116,0.49229449590018387,0.501200866812682,0.009852381110191346,0.005897160789370537,0.013941982153058051,0.32262873328425995,0.3046472225286686,0.34095100483635277,-0.2148173386514777,-0.2385268800730552,-0.19240109995350946,0.32430968354544676,0.315168124575129,0.33354926498294873,0.724,0.672,0.784,0.0,0.0,0.0,0.0,0.0,0.0,0.07615819657671656,0.05805404689961567,0.0945963302035015,0.33416550824626146,0.26877343028265566,0.40204809635615274,0.23538126280752536,0.1838969479452851,0.2950296290610231,0.82,0.772,0.868,0.22858722646447485,0.20835759625000252,0.24866841048596797,-0.0726714903520892,-0.10346349139147414,-0.04558077302045723,0.0160662904237397,0.003692999884125311,0.031170804720756125,0.008,-0.024,0.04,-0.02042760641582772,-0.02892580184713524,-0.012451143712673005,False
mediation_aware_recourse,False,30.0,5.0,0.5,250,0.7797559987758287,0.7294195362691301,0.8314517512743245,0.001972587112947861,0.0014279213528168534,0.002536840650820982,0.04330331210091197,0.03897902371634486,0.04734300323902818,0.4997820346896649,0.49517177817096114,0.5043237909066438,0.009852381110191346,0.005897160789370537,0.013941982153058051,0.32262873328425995,0.3046472225286686,0.34095100483635277,-0.2523606366263022,-0.27297495240086217,-0.23119640985920678,0.3334684998245248,0.32412250263801773,0.34261285211358133,0.708,0.652,0.764,0.0,0.0,0.0,0.0,0.0,0.0,0.05084971356882346,0.030264345455860202,0.06939105205338958,0.21779863170477853,0.15060980797002854,0.2843670167076874,0.15716062526735108,0.10197086201002134,0.215698012565031,0.876,0.832,0.92,0.25755939855077603,0.2396726361066996,0.2764492617596979,-0.18903836689357212,-0.2403418029558702,-0.14171549506749112,0.05424303209828213,0.03335168894791277,0.07702867113249376,-0.008,-0.052,0.036,-0.04573608942372083,-0.05882142945701222,-0.034218196453213626,False
mediation_aware_recourse,False,30.0,7.551995980621402,0.5,250,0.831433820635546,0.7819851798717747,0.8784355699613691,0.0019824310704644778,0.0014757643753482048,0.002534232850803819,0.034806040999071156,0.03176642892157552,0.0381631708013286,0.5027608622920513,0.49806723569179173,0.5072713072283684,0.009852381110191346,0.005897160789370537,0.013941982153058051,0.32262873328425995,0.3046472225286686,0.34095100483635277,-0.2862366627104351,-0.3036642065046302,-0.2674828821317481,0.3402252724803597,0.3303058709773569,0.34978949666550985,0.708,0.652,0.764,0.0,0.0,0.0,0.0,0.0,0.0,0.02795312508792017,0.007152666591276522,0.048178919532612434,0.11279860353219295,0.03995214659512021,0.1781580224456289,0.08639440241975094,0.02429274750425182,0.1469826180643094,0.936,0.9039,0.968,0.28401508396448377,0.2677762742410286,0.301177831949952,-0.2940383950661577,-0.3572592320859849,-0.23311578609360667,0.1059208539579995,0.07836620214637369,0.1352125661298749,-0.008,-0.06,0.04,-0.0686326779046241,-0.08322013134194212,-0.05411419768416839,True
transport_anchor_only,False,0.0,0.0,1.0,250,8.792581473244354e-06,2.0867004277533852e-06,1.760149623951292e-05,0.45772615499806546,0.4234363027222497,0.491516497540516,0.06160299284748791,0.05516252908889531,0.0678027095714115,0.48543734513282777,0.47870536347566844,0.4916794995853424,0.009852381110191346,0.005897160789370537,0.013941982153058051,0.32262873328425995,0.3046472225286686,0.34095100483635277,0.3226098231223623,0.30449766195504346,0.34055656291410163,0.38940226646699055,0.3788397724793909,0.40124069575498167,0.044,0.023900000000000005,0.072,0.0,0.0,0.0,0.0,0.0,0.0,1.89101618976808e-05,3.935144549435305e-06,3.798900399379099e-05,5.861276429142137e-05,1.3023734264405729e-05,0.00011786488762461354,5.844542002619857e-05,1.482687281793016e-05,0.00011705308790501689,0.0,0.0,0.0,0.0,0.0,0.0,5.861276429142137e-05,1.4584591774460809e-05,0.00011716868175196956,8.792581473244354e-06,2.0867004277533852e-06,1.760149623951292e-05,0.0,0.0,0.0,1.89101618976808e-05,4.727754683179564e-06,3.810871604326535e-05,False
mediation_aware_recourse,False,0.0,0.5,1.0,250,7.998055778443813e-06,1.335600856691599e-06,1.673899283050559e-05,0.4577137195697446,0.4234529911024202,0.49151698225398616,0.061594178150992406,0.05515994276612309,0.06779359932766052,0.48544042993545533,0.4787070948299646,0.4916841965791703,0.009852381110191346,0.005897160789370537,0.013941982153058051,0.32262873328425995,0.3046472225286686,0.34095100483635277,0.3225991980599541,0.3044481175051909,0.3405096681798834,0.3894048066808036,0.37883857739587457,0.40124079773218113,0.044,0.023900000000000005,0.072,0.0,0.0,0.0,0.0,0.0,0.0,2.9535224305878627e-05,1.3932444201685268e-06,7.841292033301311e-05,9.154554836210416e-05,5.04886091702017e-06,0.0002483439371079724,9.128417828807578e-05,3.524294416179519e-06,0.0002458303574462916,0.0,0.0,0.0,0.0,0.0,0.0,9.154554836210416e-05,3.3533049804579386e-06,0.00025180794592377653,7.998055778443813e-06,1.335600856691599e-06,1.673899283050559e-05,0.0,0.0,0.0,2.9535224305878627e-05,1.0931984867792455e-06,8.111111014771293e-05,False
mediation_aware_recourse,False,0.0,1.0,1.0,250,0.00013508994039148093,2.8090951178455726e-06,0.00039210233699413943,0.4577137195697446,0.4234529911024202,0.49151698225398616,0.06143157889897415,0.054897632309413705,0.06771076203572475,0.4854473313903809,0.4787205526670694,0.4916910980340958,0.009852381110191346,0.005897160789370537,0.013941982153058051,0.32262873328425995,0.3046472225286686,0.34095100483635277,0.32222720587178133,0.30415746643245756,0.340143477283601,0.38938571350587997,0.37880027099238955,0.4012398430734349,0.044,0.023900000000000005,0.072,0.0,0.0,0.0,0.0,0.0,0.0,-5.857252904952204e-05,-0.00025534386389366694,7.076460750797287e-05,0.0012445494497380638,8.348120928977632e-06,0.003800768799492512,-0.00018102944230879991,-0.0008053676670854215,0.00021907309130334005,0.004,0.0,0.012,0.00023004997076407773,0.0,0.0006901499122922332,0.0012445494497380638,8.547589258586788e-06,0.0036985469440037966,0.00013508994039148093,2.8090951178455726e-06,0.00039210233699413943,0.0,0.0,0.0,-5.857252904952204e-05,-0.0002604670233205935,6.809733203923531e-05,False
mediation_aware_recourse,False,0.0,2.0,1.0,250,0.0016201560524059459,0.0002684462416102179,0.0036280159469461067,0.4567198755835811,0.4222087041281046,0.4905654630252995,0.060529571485446354,0.05417900069959059,0.06651377812707354,0.4855084922230244,0.47879654758303164,0.49174712452338337,0.009852381110191346,0.005897160789370537,0.013941982153058051,0.32262873328425995,0.3046472225286686,0.34095100483635277,0.32005637229492573,0.301047153753461,0.33864346438602605,0.38915199477876844,0.37861814674649624,0.4006733064400252,0.048,0.024,0.076,0.0,0.0,0.0,0.0,0.0,0.0,0.000543733251315717,-0.0016448272476966839,0.0025795322138366895,0.007973130487010205,0.002319844323234799,0.0157328373046507,0.001680510110244282,-0.004777007806837941,0.007989998113856872,0.008,0.0,0.02,0.0002762867924702479,0.0,0.0007826235557045736,0.007973130487010205,0.0019497951765695854,0.015310141728318138,0.0016201560524059459,0.0002684462416102179,0.0036280159469461067,0.004,0.0,0.012,0.000543733251315717,-0.0016994383822400018,0.002388839570711257,False
mediation_aware_recourse,False,0.0,5.0,1.0,250,0.015728283611708322,0.008254453987837768,0.024152795421090556,0.4539337498557104,0.4188575538854221,0.48792946876557775,0.05599925722433172,0.05020009600422443,0.061501641489807496,0.48580867189526555,0.479157265613246,0.49202036268134713,0.009852381110191346,0.005897160789370537,0.013941982153058051,0.32262873328425995,0.3046472225286686,0.34095100483635277,0.30748796579106247,0.2848534286298253,0.32898428958189374,0.38946402788129014,0.3785094285949282,0.4009934769897666,0.088,0.056,0.124,0.0,0.0,0.0,0.0,0.0,0.0,-0.0011086688450334145,-0.007123458892916722,0.003800945455960638,0.046929383316449136,0.024903450532774672,0.07124385273320447,-0.0034265500564534257,-0.02126953053448698,0.011637072392901304,0.044,0.02,0.068,0.0036142885490221,0.0016240707012013934,0.005934798230237067,0.046929383316449136,0.026779479063454733,0.07043927384123692,0.015728283611708322,0.008254453987837768,0.024152795421090556,0.044,0.02,0.068,-0.0011086688450334145,-0.006791384907444085,0.004087160777994381,False
mediation_aware_recourse,False,0.0,7.551995980621402,1.0,250,0.09072573458554689,0.06572687949647078,0.11809091562664543,0.44036645855178624,0.40442463893752634,0.4759656086190352,0.04334485375415641,0.0388406434254964,0.047683386737054856,0.4881293230853081,0.481178759445715,0.4944634456507922,0.009852381110191346,0.005897160789370537,0.013941982153058051,0.32262873328425995,0.3046472225286686,0.34095100483635277,0.2579376119588008,0.22556966092760602,0.28848504309736556,0.389815530720059,0.37776428299767645,0.40221019262873864,0.148,0.104,0.192,0.0,0.0,0.0,0.0,0.0,0.0,-0.011680154888912778,-0.022996018112999648,-0.0024753488295305858,0.20051258505999658,0.13950601733380308,0.2691310044826663,-0.036099720465023744,-0.0722296849417534,-0.006144718636820747,0.148,0.104,0.196,0.031744586618282306,0.020656288173735545,0.0443110851510661,0.20051258505999658,0.14338768084277165,0.2710481341704011,0.09072573458554689,0.06572687949647078,0.11809091562664543,0.104,0.068,0.14,-0.011680154888912778,-0.02228480865711461,-0.0029808190767183287,True
transport_anchor_only,False,1.0,0.0,1.0,250,0.10835291541510378,0.08036279870428407,0.13814239407108325,0.33314101884595115,0.30100122280828184,0.36460976088252006,0.06943198792237519,0.06323679025255524,0.07523451087126867,0.4770556303217411,0.4723851778641403,0.4815081706949293,0.009852381110191346,0.005897160789370537,0.013941982153058051,0.32262873328425995,0.3046472225286686,0.34095100483635277,0.2212193652230033,0.19413128902484517,0.2466573333081207,0.3521723844785072,0.34055564448844877,0.3637122521126552,0.08,0.048,0.112,0.0,0.0,0.0,0.0,0.0,0.0,0.0498040940467937,0.037535500747595846,0.06330571730574938,0.31432218398200584,0.22921475099423502,0.4005322765688628,0.15392894102882482,0.1151417057340773,0.19126751664438416,0.128,0.088,0.172,0.025599866183097283,0.01612552398258471,0.03577918772793163,-0.04921271070333011,-0.11310395655435884,0.006095473430648384,-0.015933432626305147,-0.03777654755041004,0.0034767544318281564,-0.004,-0.016,0.008,-4.294645859302082e-05,-0.005980306176345588,0.006118722908553414,False
mediation_aware_recourse,False,1.0,0.5,1.0,250,0.08787738794230972,0.062191245692542724,0.11579556595817848,0.3541412418593437,0.31745475847810295,0.38810418421563686,0.0668688122549697,0.06053791573032783,0.07292612101937622,0.4770849512138367,0.47221066737372275,0.48174537799375056,0.009852381110191346,0.005897160789370537,0.013941982153058051,0.32262873328425995,0.3046472225286686,0.34095100483635277,0.23625549303143026,0.20962518549278378,0.26098829605211565,0.3600651752037444,0.3490846172386127,0.3707902136934255,0.084,0.052,0.116,0.0,0.0,0.0,0.0,0.0,0.0,0.04045105252956175,0.02913473752599464,0.05260443389640631,0.26771713533874375,0.1856784457529502,0.3494289588606279,0.12502160311412502,0.08798869598722328,0.16006073666814882,0.108,0.068,0.148,0.022758323037499785,0.01415411016040931,0.03288025695322242,-0.0958177593465922,-0.16219206416996174,-0.03428206918136585,-0.036408960099099205,-0.06076676242936519,-0.015245574359031162,0.0,-0.012,0.012,-0.009395987975824976,-0.017361434780735846,-0.0024454130395857466,False
mediation_aware_recourse,False,1.0,1.0,1.0,250,0.08348527105295216,0.05825224436467761,0.11055459650567499,0.35976733485067475,0.3251709099685697,0.3920781539791077,0.06534053371971445,0.05905858507811734,0.07146128192527332,0.4770580903801918,0.4721140234078705,0.48166107602993247,0.009852381110191346,0.005897160789370537,0.013941982153058051,0.32262873328425995,0.3046472225286686,0.34095100483635277,0.23804477365523485,0.21111696491429735,0.2645694714340616,0.3611524479780529,0.35070333736579123,0.37190911432391305,0.1,0.064,0.136,0.0,0.0,0.0,0.0,0.0,0.0,0.038204017634108835,0.02743260699143527,0.05024918405805667,0.26217119215634255,0.17904634944774386,0.34185351812330683,0.11807671818986765,0.08384498291509979,0.15237392471166258,0.112,0.072,0.152,0.022987200173323948,0.01421781021195814,0.03263323923398491,-0.1013637025289934,-0.17172839869733067,-0.03792941877813395,-0.04080107698845677,-0.06515832265882636,-0.01887197077213787,0.016,0.004,0.032,-0.011643022871277895,-0.019461389149865477,-0.004077201120621282,False
mediation_aware_recourse,False,1.0,2.0,1.0,250,0.06943761616738629,0.04754440763668099,0.09546581935243595,0.3765725215020676,0.340262033606378,0.4117195694767056,0.062267681315597886,0.056606493383933705,0.06808923530328169,0.47883468491673475,0.4735955653271735,0.4836500301193953,0.009852381110191346,0.005897160789370537,0.013941982153058051,0.32262873328425995,0.3046472225286686,0.34095100483635277,0.24875200595734934,0.22361648017094443,0.27446805550009484,0.3667459415301661,0.3568380195935917,0.3774032595217659,0.116,0.076,0.152,0.0,0.0,0.0,0.0,0.0,0.0,0.03227951774158993,0.022219955818495035,0.04322449113612175,0.2289837193819303,0.1509883667479484,0.30659282022735923,0.09976593446746929,0.06794227111136286,0.13294178365178916,0.1,0.064,0.14,0.019857806891987156,0.011692784319063294,0.02915185947144359,-0.13455117530340566,-0.20787695293326583,-0.06417705061577392,-0.05484873187402263,-0.08093116194679169,-0.02979948816483375,0.032,0.012,0.056,-0.017567522763796795,-0.0266614194252386,-0.008967809788057737,False
mediation_aware_recourse,False,1.0,5.0,1.0,250,0.10798497070226586,0.08161947546771989,0.1373509849187816,0.38617831749683984,0.34923400481920835,0.423118331461018,0.04848101816865845,0.04337420084310877,0.05337019863659672,0.48145761919546126,0.4761689784719408,0.48651409848417637,0.009852381110191346,0.005897160789370537,0.013941982153058051,0.32262873328425995,0.3046472225286686,0.34095100483635277,0.22071681126379947,0.18860260007327292,0.25176904929253213,0.36960279996137424,0.3592898716557988,0.37987729639736956,0.18,0.132,0.228,0.0,0.0,0.0,0.0,0.0,0.0,0.02130966591545867,0.007828303533448029,0.03520797334220728,0.3158798690464698,0.23070256514651144,0.393704436424021,0.06586153951445617,0.026858586885223492,0.1068254477079527,0.18,0.132,0.228,0.03579069843240759,0.024467103452695756,0.047896467878378125,-0.047655025638866144,-0.16058445968887922,0.06085200629018053,-0.016301377339143074,-0.05771768636310444,0.023643154614030208,0.096,0.056,0.136,-0.028537374589928055,-0.04249215134070507,-0.014903738816153195,False
mediation_aware_recourse,False,1.0,7.551995980621402,1.0,250,0.20365350865517393,0.16481437378922492,0.24374237407054972,0.36605357125428906,0.3239532229319645,0.4061211052600382,0.0358006074226511,0.03220435185449291,0.039530475332388265,0.48546589316558836,0.4795895917736411,0.49104280383933785,0.009852381110191346,0.005897160789370537,0.013941982153058051,0.32262873328425995,0.3046472225286686,0.34095100483635277,0.15128845764972565,0.11322371756688901,0.18808933595286573,0.36374558996026257,0.3530684412028768,0.37492664124986297,0.224,0.172,0.27209999999999995,0.0,0.0,0.0,0.0,0.0,0.0,0.013648236332333695,-0.004074543025417284,0.031049582041172894,0.5310756853251839,0.42923433286880364,0.6310594281472169,0.04218244716133934,-0.011802010884631009,0.08974045144736575,0.308,0.2519,0.368,0.07240496816219667,0.05599701160652552,0.08819087133244473,0.16754079063984795,0.015014236283066007,0.3273898739990929,0.079367160613765,0.023599599831081286,0.1346345080384628,0.14,0.092,0.188,-0.03619880417305303,-0.053560904889625074,-0.017864866617803236,True
transport_anchor_only,False,3.0,0.0,1.0,250,0.504226569116232,0.4661707553638582,0.5412992092556553,0.02998755968067664,0.02475709957324676,0.03526633103150896,0.07670564958746252,0.07061429586648993,0.08267135581451124,0.4901133504571914,0.48567237990495565,0.49389545018985276,0.009852381110191346,0.005897160789370537,0.013941982153058051,0.32262873328425995,0.3046472225286686,0.34095100483635277,-0.10240929951205299,-0.12675911528734,-0.07760135271460313,0.2850091520688316,0.27717975003382395,0.29296421124710065,0.3,0.244,0.356,0.0,0.0,0.0,0.0,0.0,0.0,0.12883708361330395,0.11352495673475965,0.14361614604752956,0.6825784905468331,0.6025356562816574,0.7546321395147476,0.3981952934874192,0.3631207388632311,0.43638052819241,0.644,0.5799,0.704,0.14789770376737033,0.1312076466306908,0.1649057604184044,0.019887977993997996,0.00516280328318027,0.03843560359385128,0.0005270547866821289,3.0745744705200194e-05,0.00127160524725914,-0.012,-0.028,0.0,0.005934460802915758,0.0013594248928835608,0.011606323138120779,False
mediation_aware_recourse,False,3.0,0.5,1.0,250,0.5040658273102017,0.4669474095281825,0.5400238049611507,0.030125128482538528,0.02460328926054309,0.035711797496559845,0.07310482669772153,0.06705940457643626,0.07924559756086434,0.49067719914007185,0.48651512501267197,0.49453872840908764,0.009852381110191346,0.005897160789370537,0.013941982153058051,0.32262873328425995,0.3046472225286686,0.34095100483635277,-0.11435586641795999,-0.1417179630261376,-0.08929891844026905,0.28961148807596343,0.28159816957883094,0.2978546427454997,0.308,0.256,0.3600999999999999,0.0,0.0,0.0,0.0,0.0,0.0,0.12067442737027949,0.10448725542454952,0.1362115963745079,0.6455496531451093,0.5673198816042543,0.7197878545709308,0.3729670656575834,0.3331510991351187,0.4114524895745613,0.656,0.592,0.712,0.157952315341836,0.14046688023179335,0.17467168016636478,-0.017140859407725806,-0.034120565383211225,-0.001838705338819433,0.0003663129806518555,-0.0038599188685417177,0.004699320548772808,-0.004,-0.02,0.012,-0.002228195440108712,-0.0064284259314718924,0.0023730500520342426,False
mediation_aware_recourse,False,3.0,1.0,1.0,250,0.5108804663551273,0.47265090474134486,0.547914679700043,0.028526273573785777,0.02367313216012862,0.033527186369705454,0.06941655883759063,0.06365397850073087,0.07523182900935475,0.4915412082953453,0.4871888777795256,0.4954443607963681,0.009852381110191346,0.005897160789370537,0.013941982153058051,0.32262873328425995,0.3046472225286686,0.34095100483635277,-0.12704404765695404,-0.15286986661766544,-0.10253996586852349,0.29296153411087733,0.2850250022678587,0.30068762375246094,0.316,0.26,0.372,0.0,0.0,0.0,0.0,0.0,0.0,0.11427613880620506,0.09787641091638201,0.13058456654765052,0.6062221539796371,0.5263347785625053,0.6844693716437672,0.3531919487336722,0.3134265793746838,0.3948883480803709,0.668,0.604,0.728,0.16731005509648297,0.148685952455453,0.18582913790469122,-0.056468358573197985,-0.09041308128661171,-0.029960729040727403,0.007180952025577426,-0.0002534594436176121,0.016774020157800988,0.004,-0.016,0.024,-0.00862648400418314,-0.014792074172678214,-0.0022787082842705975,False
mediation_aware_recourse,False,3.0,2.0,1.0,250,0.5277200627314159,0.4904533393747843,0.5651332184301602,0.02521669105868189,0.020735007744683075,0.029686725230352682,0.06454948238753369,0.05895516567664387,0.07009590878540439,0.49273700054931635,0.48850426928685303,0.49677107425929307,0.009852381110191346,0.005897160789370537,0.013941982153058051,0.32262873328425995,0.3046472225286686,0.34095100483635277,-0.14346477931849239,-0.16747970103489418,-0.11916017642925654,0.29306004857764867,0.2852944350376607,0.300754028367829,0.356,0.2999,0.412,0.0,0.0,0.0,0.0,0.0,0.0,0.11096535711527467,0.09426998149155383,0.12763936235890977,0.555325473158991,0.48425193215382767,0.6275294823498155,0.3429593538151958,0.30034057345025955,0.3867782585572704,0.712,0.656,0.768,0.17643778469617838,0.15814064973697503,0.19464037346129937,-0.10736503939384412,-0.15046359086123048,-0.07051632464458309,0.02402054840186611,0.01211576060851803,0.03776818848946131,0.044,0.016,0.076,-0.011937265695113525,-0.019496388193253573,-0.00460126799249282,False
mediation_aware_recourse,False,3.0,5.0,1.0,250,0.5832320623924024,0.5464013397678151,0.6174663480412331,0.02119385326851717,0.017541496687430966,0.024906980989295908,0.0511509456408941,0.04659379356252457,0.055014134312397524,0.4948872830262184,0.49065295622038846,0.49880263210018877,0.009852381110191346,0.005897160789370537,0.013941982153058051,0.32262873328425995,0.3046472225286686,0.34095100483635277,-0.19267299098067817,-0.21425152301286746,-0.17196382059175494,0.2955697668147886,0.286992034475142,0.30395325818704927,0.372,0.316,0.4280999999999999,0.0,0.0,0.0,0.0,0.0,0.0,0.09215239190606132,0.0738442447356346,0.11039074409623091,0.40280275405315835,0.3411495591967779,0.46102112811671075,0.28481433847678783,0.23321307696980387,0.3332257842810282,0.808,0.752,0.856,0.20706423655934508,0.18912972536956077,0.22435691506571614,-0.2598877584996767,-0.325413493374343,-0.1971476332324135,0.07953254806285258,0.05546476647707168,0.10101591939519275,0.06,0.016,0.10009999999999991,-0.03075023090432687,-0.04195864463392026,-0.019048366434459316,False
mediation_aware_recourse,False,3.0,7.551995980621402,1.0,250,0.6540542463888415,0.6231492581520346,0.6844438103921711,0.018039483392111293,0.014928958745458744,0.021260639592190232,0.04069090250822106,0.0374081199407264,0.04401733241632028,0.49841666520953176,0.49425202550060754,0.5022108674077451,0.009852381110191346,0.005897160789370537,0.013941982153058051,0.32262873328425995,0.3046472225286686,0.34095100483635277,-0.24008882206120016,-0.25773835407480244,-0.22159713978637485,0.3012464771142599,0.2913628953689994,0.30973400718648436,0.396,0.332,0.456,0.0,0.0,0.0,0.0,0.0,0.0,0.06853982958647416,0.047715968986707324,0.09034859935620465,0.2558355865667302,0.18851986323171208,0.31519094453292096,0.21183526351527504,0.1505858240644537,0.26815820601784807,0.896,0.8559,0.932,0.24064781139058933,0.22440436610170944,0.2559712303548572,-0.40685492598610484,-0.4882187412431312,-0.32695661800190173,0.15035473205929156,0.11841932292988058,0.18132324424990803,0.084,0.036,0.132,-0.05436279322391404,-0.06771434249476703,-0.03943846863421137,True
transport_anchor_only,False,10.0,0.0,1.0,250,0.6127036858573556,0.5707726252967491,0.655139647430554,0.009022267093602333,0.0071541580804190975,0.01100562076028549,0.06822417661093604,0.06287163789003547,0.07390138128499511,0.49151908641552927,0.4875237240542948,0.4954209242825568,0.009852381110191346,0.005897160789370537,0.013941982153058051,0.32262873328425995,0.3046472225286686,0.34095100483635277,-0.1614114599063211,-0.1836964754468475,-0.1398385214073129,0.29288340494850595,0.28446957500921294,0.3009621944213144,0.508,0.448,0.572,0.0,0.0,0.0,0.0,0.0,0.0,0.12028854227544393,0.1032517867896213,0.13693544192452625,0.4996990557437251,0.4377258643986783,0.5599634477659614,0.37177441503028685,0.32979919001626357,0.4164744439022505,0.752,0.696,0.808,0.18107059724038396,0.16388668013262034,0.19843077280760885,0.010751581942667565,-0.009430274687337939,0.034221789790830334,0.0022904744148254394,-0.002123845475912094,0.007315656304359436,-0.016,-0.036,0.0,0.0063177721672681725,6.971446612386636e-05,0.013247821866606915,False
mediation_aware_recourse,False,10.0,0.5,1.0,250,0.6152890994921326,0.573722935304977,0.6586471364596859,0.008727848582399505,0.006898679037810382,0.01062423957575193,0.06536107333786739,0.05997383633691195,0.07073510224479324,0.4926389766805172,0.48847108336573836,0.4968206403240442,0.009852381110191346,0.005897160789370537,0.013941982153058051,0.32262873328425995,0.3046472225286686,0.34095100483635277,-0.1705921288429961,-0.19352058019379653,-0.14848818235160435,0.29838225681079905,0.28982306442066674,0.30683958481066587,0.512,0.452,0.576,0.0,0.0,0.0,0.0,0.0,0.0,0.11124908047573834,0.09343426927944337,0.12866904865248174,0.4712432240413884,0.4060938721265864,0.5348848907582651,0.34383625434430254,0.29792077198787564,0.3894675912665511,0.756,0.7,0.808,0.19018066260857425,0.1712808840762336,0.2079395274214805,-0.01770424975966911,-0.03510394785295659,-0.003601315342901993,0.004875888049602509,-0.001309881854057312,0.01381178390830755,-0.012,-0.032,0.004,-0.0027216896324374195,-0.0072129399682456415,0.0017827279908070423,False
mediation_aware_recourse,False,10.0,1.0,1.0,250,0.6154311206117272,0.5738554356822744,0.6587804887989537,0.008782990818968302,0.006983289807256895,0.010680278240320648,0.06402402587285468,0.05870809315664058,0.06913811337120093,0.49299348664808273,0.48867748733975297,0.49698363940389156,0.009852381110191346,0.005897160789370537,0.013941982153058051,0.32262873328425995,0.3046472225286686,0.34095100483635277,-0.17506139757872746,-0.19804314853048718,-0.15268434214807075,0.30043921813114693,0.29196562487853966,0.30892634968950855,0.512,0.452,0.576,0.0,0.0,0.0,0.0,0.0,0.0,0.10759307113354871,0.08899458363775484,0.1249083911232144,0.45739055602191103,0.3911125883428686,0.5200337830714522,0.33253666829207973,0.28707810986504323,0.37952056615296015,0.764,0.708,0.816,0.1942433016475347,0.17562395259903923,0.21224524980908696,-0.03155691777914649,-0.05459933176050778,-0.012143933106535288,0.005017909169197083,-0.0011571294099092483,0.013847930796444415,-0.012,-0.032,0.004,-0.0063776989746270355,-0.012025826445471153,-0.0012508472557003103,False
mediation_aware_recourse,False,10.0,2.0,1.0,250,0.6251902796854265,0.5839155978346476,0.6677766497668693,0.008664532720883309,0.006922999832022476,0.01058165558996359,0.05799868707552348,0.05294059358737265,0.0627522011889383,0.49436543791174886,0.49018200171276327,0.4983250158702314,0.009852381110191346,0.005897160789370537,0.013941982153058051,0.32262873328425995,0.3046472225286686,0.34095100483635277,-0.1908898999657031,-0.2141047530438222,-0.16902106476407594,0.30506474257663735,0.29613901344994553,0.31382844754386574,0.524,0.46,0.584,0.0,0.0,0.0,0.0,0.0,0.0,0.09574436956586706,0.07756741508040087,0.1133071441841571,0.4083295123081462,0.3439267637969975,0.46900933822192253,0.2959160225442383,0.24755576722536848,0.34603029091301485,0.788,0.732,0.8360999999999998,0.20683042062701226,0.18864025861330494,0.22553960057320954,-0.08061796149291134,-0.11264698721367887,-0.05088476122382995,0.014777068242896348,0.006275643076084089,0.025081745564576704,0.0,-0.028099999999999997,0.028,-0.018226400542308695,-0.026268634654786946,-0.010161358167274048,False
mediation_aware_recourse,False,10.0,5.0,1.0,250,0.6791928444732912,0.6388789228472742,0.7196609091135556,0.007184664881763652,0.0056099339927430155,0.00885136862587578,0.046246694299462404,0.041971180120832306,0.050527595058685836,0.4974681776628494,0.4931556307352483,0.5014802281242728,0.009852381110191346,0.005897160789370537,0.013941982153058051,0.32262873328425995,0.3046472225286686,0.34095100483635277,-0.23081781045485342,-0.251284262020759,-0.21045769019070681,0.3159751908411738,0.3073429841193587,0.32478338893344477,0.544,0.476,0.608,0.0,0.0,0.0,0.0,0.0,0.0,0.0689087789207579,0.0493328608530923,0.0878954118964019,0.2845714388014978,0.2210020520346954,0.34747898873073657,0.21297557098209152,0.15985700015028675,0.26628645991659317,0.852,0.8,0.896,0.2377584527890844,0.22046100557052611,0.2554382019622224,-0.2043760349995597,-0.25673110046445274,-0.1504988037392359,0.06877963303076104,0.04806958217594074,0.09242529082524124,0.02,-0.02,0.06,-0.04506199118741784,-0.05823369794740591,-0.032633964647756274,False
mediation_aware_recourse,False,10.0,7.551995980621402,1.0,250,0.738866365999449,0.7026439299124758,0.7779565731592709,0.00679195819367032,0.0053612188230677225,0.008389341191385707,0.036934396081733864,0.03408261220128747,0.040239379818874176,0.5000674127445222,0.4955923558176041,0.503975257999891,0.009852381110191346,0.005897160789370537,0.013941982153058051,0.32262873328425995,0.3046472225286686,0.34095100483635277,-0.26849196865313296,-0.28511343879590617,-0.2504411748046827,0.32329649241902747,0.3134206031778239,0.3328384347654288,0.54,0.476,0.604,0.0,0.0,0.0,0.0,0.0,0.0,0.04508442244781592,0.023492701724645272,0.06622984456754753,0.16779895603231487,0.09522595924633406,0.23215509513458962,0.13934190626513865,0.07549301932866273,0.197296802084503,0.924,0.8879,0.956,0.2665770882558848,0.2506331720043354,0.2822632602953294,-0.32114851776874265,-0.38874140226089576,-0.2560872012591036,0.12845315455691889,0.09887800624007359,0.15976439977883128,0.016,-0.032,0.064,-0.06888634766035984,-0.08371544202404793,-0.05436198046695464,True
transport_anchor_only,False,30.0,0.0,1.0,250,0.7248961523026228,0.6734773643292487,0.7790871045786887,0.002291483553008809,0.0016939970563083803,0.002929941529398535,0.06402518201250071,0.05849955011067496,0.06961570567234818,0.4920433495166302,0.48799312979568243,0.4960735058033347,0.009852381110191346,0.005897160789370537,0.013941982153058051,0.32262873328425995,0.3046472225286686,0.34095100483635277,-0.18579345543826156,-0.2086479160991619,-0.16412049362665185,0.3078237883006312,0.29985841465060104,0.31611460008888465,0.692,0.636,0.752,0.0,0.0,0.0,0.0,0.0,0.0,0.1024855957097672,0.0848856780986179,0.12006145356999677,0.42412613549034495,0.3609960995417762,0.48628748741934313,0.31675105270443815,0.26922227387455105,0.3653972967656573,0.804,0.752,0.852,0.20216306828919253,0.18381829750858097,0.2208814226118106,0.017289136891994294,0.0022201031658893645,0.036159849038987606,-0.000616814374923706,-0.003952024793624878,0.0021020276844501474,-0.024,-0.048,-0.004,0.005899792717222918,0.0010206906238451803,0.011833591072348784,False
mediation_aware_recourse,False,30.0,0.5,1.0,250,0.7247482748478651,0.6724423921331764,0.7792755169779062,0.0022861724383227834,0.001682235463571085,0.0029291232376529005,0.061792222780673374,0.056692800761566825,0.06724837471166831,0.4927958473424912,0.4886403890755593,0.4969948262978733,0.009852381110191346,0.005897160789370537,0.013941982153058051,0.32262873328425995,0.3046472225286686,0.34095100483635277,-0.19216953090746217,-0.2151930847937606,-0.17016984301858806,0.3121138990229852,0.30352720031350483,0.3212409841662494,0.692,0.636,0.752,0.0,0.0,0.0,0.0,0.0,0.0,0.09610952024056661,0.07851564636524014,0.1143989466326656,0.40436324765238285,0.34182407511112217,0.469019346711395,0.2970445895375391,0.24827499590438448,0.3502175522288248,0.804,0.752,0.852,0.20853914375839316,0.1895597355920664,0.22813303086219952,-0.002473750945967801,-0.016247394477203348,0.011000073243113145,-0.0007646918296813965,-0.003872417652606964,0.001909174346923827,-0.024,-0.048,-0.004,-0.00047628275197768153,-0.004790519486849492,0.003889473410514338,False
mediation_aware_recourse,False,30.0,1.0,1.0,250,0.7249660389274358,0.6733923880696296,0.7785674889236688,0.002294999089461066,0.0016913674347509265,0.0029306597715579486,0.05995972835760026,0.05473214674764538,0.06530533639999805,0.49377231520509723,0.48961227990377554,0.4979394198907077,0.009852381110191346,0.005897160789370537,0.013941982153058051,0.32262873328425995,0.3046472225286686,0.34095100483635277,-0.19996015121440314,-0.2228290791651912,-0.17786060780546392,0.31560866120062614,0.3067935865086475,0.32461778297983496,0.692,0.636,0.748,0.0,0.0,0.0,0.0,0.0,0.0,0.0891321593271673,0.0717204700363766,0.10717769589714587,0.38021592441915786,0.3143599927660873,0.4456323397898598,0.27547974035934963,0.22607294291837068,0.32979236667725903,0.812,0.76,0.86,0.2159231343685633,0.19669154652379595,0.235835580977424,-0.026621074179192794,-0.048434740347962656,-0.007772118739662623,-0.0005469277501106262,-0.004010248476266861,0.0026250623658299437,-0.024,-0.052,0.0,-0.007453643665376974,-0.013445571051543499,-0.001892471030104909,False
mediation_aware_recourse,False,30.0,2.0,1.0,250,0.7418904400621541,0.6891313204477308,0.7951454236285644,0.00192150022039259,0.0014222105886724339,0.002481812320521735,0.054885776181222354,0.049830085465668764,0.06000771714210627,0.49544384676480296,0.49102839105392093,0.49970400686198474,0.009852381110191346,0.005897160789370537,0.013941982153058051,0.32262873328425995,0.3046472225286686,0.34095100483635277,-0.21437463133532147,-0.23796679758550093,-0.191915748459333,0.32400741820750445,0.3150767341164238,0.3332970622714618,0.716,0.664,0.776,0.0,0.0,0.0,0.0,0.0,0.0,0.07602178977847945,0.058300016928741226,0.09415697896975933,0.33553769636989694,0.2697560012942589,0.40379821533927784,0.2349596718840553,0.18491868149764673,0.29468587491285364,0.82,0.772,0.868,0.22843407620551529,0.20795395365702996,0.2483134316214958,-0.07129930222845371,-0.1014338241119412,-0.04483475477746481,0.016377473384607582,0.0031366827242192813,0.03290530832782387,0.0,-0.032,0.032,-0.020564013214064827,-0.029061970972441103,-0.012685175964493669,False
mediation_aware_recourse,False,30.0,5.0,1.0,250,0.7753607590352185,0.7247616372420337,0.8267260931135039,0.001968895189908916,0.0014465584834879913,0.002545065797346161,0.04445033528932924,0.040069238455309936,0.04870399584365633,0.4980219872982502,0.49365763032693866,0.5023448486579597,0.009852381110191346,0.005897160789370537,0.013941982153058051,0.32262873328425995,0.3046472225286686,0.34095100483635277,-0.24874186505929705,-0.2692801341385029,-0.22780892145540893,0.33232079491806055,0.32328845713434934,0.34147821872959566,0.704,0.652,0.76,0.0,0.0,0.0,0.0,0.0,0.0,0.05446848513582863,0.03541738783046522,0.07293087057645917,0.22901515148020946,0.16560182057544667,0.29596923120398344,0.16834512095581755,0.11425263576883392,0.22661187491416165,0.876,0.832,0.92,0.25394062698377085,0.23564365858248468,0.27236106827653916,-0.1778218471181412,-0.22686633645949267,-0.13260085432502708,0.049847792357672005,0.02914435208560899,0.07211338017934467,-0.012,-0.056,0.032,-0.04211731785671566,-0.054418924910573284,-0.031214359486961024,False
mediation_aware_recourse,False,30.0,7.551995980621402,1.0,250,0.8309547851984389,0.7821093812883598,0.8763096235558506,0.00197376432126403,0.0014702344872024725,0.002525221619529979,0.03508064821157211,0.03197079865328189,0.03846134157893796,0.5010909898397923,0.4964368062807322,0.5053126044937669,0.009852381110191346,0.005897160789370537,0.013941982153058051,0.32262873328425995,0.3046472225286686,0.34095100483635277,-0.28594148028737104,-0.3028248786802166,-0.268182152679144,0.338801716489502,0.32881342941214525,0.3484176437405557,0.704,0.648,0.76,0.0,0.0,0.0,0.0,0.0,0.0,0.029500532877961998,0.008239706817341272,0.04935004462224502,0.113713532652297,0.04252220968849685,0.18115332123607525,0.09117695789073499,0.028292003145700198,0.1513163237403014,0.936,0.9039,0.9640999999999998,0.2830937888579308,0.26711257983709236,0.2996290466908122,-0.29312346594605365,-0.3552505860158943,-0.23323024422240762,0.1054418185208924,0.07778865927102742,0.13591770846681903,-0.012,-0.06409999999999999,0.036,-0.06708527011458229,-0.08112385543239284,-0.052826688345380214,True
transport_anchor_only,False,0.0,0.0,2.0,250,1.0947392467642204e-05,3.5433111108432055e-06,2.094115496292943e-05,0.45769720333756125,0.4233768148595341,0.4914823135708899,0.061606942268641635,0.055163819979977866,0.0678080625686023,0.48543600517272956,0.4787039984606087,0.49167565132097607,0.009852381110191346,0.005897160789370537,0.013941982153058051,0.32262873328425995,0.3046472225286686,0.34095100483635277,0.3225973220026871,0.3044924704772577,0.340551209882376,0.38939563289880824,0.37883488434328944,0.4012405191065228,0.044,0.023900000000000005,0.072,0.0,0.0,0.0,0.0,0.0,0.0,3.1411281572938706e-05,1.0822169968702576e-05,5.636306978978951e-05,9.7360459042517e-05,3.446926519553306e-05,0.00017773905771974186,9.708248692019694e-05,3.028810738532062e-05,0.00018200602270265485,0.0,0.0,0.0,0.0,0.0,0.0,9.7360459042517e-05,3.2761859916810576e-05,0.00018313808893220538,1.0947392467642204e-05,3.5433111108432055e-06,2.094115496292943e-05,0.0,0.0,0.0,3.1411281572938706e-05,1.0676825022814737e-05,5.853573121293721e-05,False
mediation_aware_recourse,False,0.0,0.5,2.0,250,9.173366212053224e-06,2.196009211183991e-06,1.835036848569871e-05,0.457700250952287,0.4234076347556379,0.491516497540516,0.061598659852774136,0.05516252908889531,0.06780059465741815,0.4854378705000878,0.4787051840010166,0.49168004263044596,0.009852381110191346,0.005897160789370537,0.013941982153058051,0.32262873328425995,0.3046472225286686,0.34095100483635277,0.32259470460211614,0.30444114485071605,0.34050581556307175,0.3894021754190869,0.3788364377085562,0.40124069347878405,0.044,0.023900000000000005,0.072,0.0,0.0,0.0,0.0,0.0,0.0,3.402868214383536e-05,4.174588795066825e-06,8.458197327376145e-05,0.00010547319142162337,1.344644844684384e-05,0.0002722062879017217,0.00010517205678051145,1.3815259678684467e-05,0.0002627503112244023,0.0,0.0,0.0,0.0,0.0,0.0,0.00010547319142162337,1.167040320408097e-05,0.0002667610203789333,9.173366212053224e-06,2.196009211183991e-06,1.835036848569871e-05,0.0,0.0,0.0,3.402868214383536e-05,3.635694144070378e-06,8.481027787860623e-05,False
mediation_aware_recourse,False,0.0,1.0,2.0,250,0.00013508994039148093,2.8090951178455726e-06,0.00039210233699413943,0.4577137195697446,0.4234529911024202,0.49151698225398616,0.06143157889897415,0.054897632309413705,0.06771076203572475,0.4854473313903809,0.4787205526670694,0.4916910980340958,0.009852381110191346,0.005897160789370537,0.013941982153058051,0.32262873328425995,0.3046472225286686,0.34095100483635277,0.32222720587178133,0.30415746643245756,0.340143477283601,0.38938571350587997,0.37880027099238955,0.4012398430734349,0.044,0.023900000000000005,0.072,0.0,0.0,0.0,0.0,0.0,0.0,-5.857252904952204e-05,-0.00025534386389366694,7.076460750797287e-05,0.0012445494497380638,8.348120928977632e-06,0.003800768799492512,-0.00018102944230879991,-0.0008053676670854215,0.00021907309130334005,0.004,0.0,0.012,0.00023004997076407773,0.0,0.0006901499122922332,0.0012445494497380638,8.547589258586788e-06,0.0036985469440037966,0.00013508994039148093,2.8090951178455726e-06,0.00039210233699413943,0.0,0.0,0.0,-5.857252904952204e-05,-0.0002604670233205935,6.809733203923531e-05,False
mediation_aware_recourse,False,0.0,2.0,2.0,250,0.001633901655091904,0.00028795122146257196,0.00362265178199741,0.4566639894929817,0.42215281803750515,0.4905654630252995,0.06053147240941125,0.05418090162355549,0.06651583677304068,0.485498009506464,0.4787860648664713,0.4917449159620822,0.009852381110191346,0.005897160789370537,0.013941982153058051,0.32262873328425995,0.3046472225286686,0.34095100483635277,0.32007072406402143,0.30113363625663225,0.33864382318025343,0.389129199428838,0.378590024117096,0.4006691219459431,0.048,0.024,0.076,0.0,0.0,0.0,0.0,0.0,0.0,0.0006161750890729754,-0.0015869950943043453,0.002616281828312001,0.007928646634163039,0.0021703603534545396,0.015617166722953029,0.001904405265563569,-0.004529844499483066,0.008200217077747882,0.008,0.0,0.02,0.00023288998904379298,0.0,0.0006958299488516637,0.007928646634163039,0.0019284969959022014,0.015062568814528221,0.001633901655091904,0.00028795122146257196,0.00362265178199741,0.004,0.0,0.012,0.0006161750890729754,-0.0015980229234044076,0.00245219553840888,False
mediation_aware_recourse,False,0.0,5.0,2.0,250,0.0159021939401282,0.008426354241510853,0.024288846752035895,0.45369999754157414,0.4186305056884358,0.487870533171655,0.055970732155831905,0.05020056260772295,0.0615010187377653,0.4857821984028816,0.47912452242025133,0.49200027349340314,0.009852381110191346,0.005897160789370537,0.013941982153058051,0.32262873328425995,0.3046472225286686,0.34095100483635277,0.30728426361133754,0.28434441575299907,0.3286890579767179,0.38944793694811736,0.3784859366404321,0.40093474388494105,0.088,0.056,0.124,0.0,0.0,0.0,0.0,0.0,0.0,-0.000967999700383477,-0.0069840181467116505,0.0038456691043053806,0.04756076595137848,0.025423082147140893,0.07219078094555031,-0.002991785547916015,-0.020450204219228506,0.012245350134104232,0.048,0.024,0.076,0.003645805066559598,0.0016871037362763892,0.005966314747774566,0.04756076595137848,0.0273249923949642,0.0712863967303091,0.0159021939401282,0.008426354241510853,0.024288846752035895,0.044,0.02,0.068,-0.000967999700383477,-0.006638222115032379,0.004112596493190632,False
mediation_aware_recourse,False,0.0,7.551995980621402,2.0,250,0.08141682942851912,0.05822393205197587,0.10645460490722325,0.43968518885947094,0.4036239930060031,0.4761554877397758,0.04480758185953106,0.0401497292760664,0.04917489791102343,0.4867804356446266,0.4800294086979688,0.49328024938877824,0.009852381110191346,0.005897160789370537,0.013941982153058051,0.32262873328425995,0.3046472225286686,0.34095100483635277,0.26328668100875485,0.23089663538531022,0.2924746519938713,0.3858747055797894,0.3738348298584409,0.3980711253761487,0.14,0.096,0.184,0.0,0.0,0.0,0.0,0.0,0.0,-0.004800041286833869,-0.014503277857534606,0.004199830392776293,0.1839329425851861,0.12797713206638475,0.24646598832278124,-0.014835432434184614,-0.04503814991319643,0.01387624990104322,0.136,0.096,0.184,0.02756061716107615,0.01733800132749085,0.03819350306654672,0.1839329425851861,0.12860855050211653,0.25096748096173344,0.08141682942851912,0.05822393205197587,0.10645460490722325,0.096,0.06390000000000001,0.136,-0.004800041286833869,-0.014134639277319042,0.004095345827704247,True
transport_anchor_only,False,1.0,0.0,2.0,250,0.1003755575507239,0.07366740615444069,0.12880780369882194,0.344172225957396,0.30895859342896054,0.37647422876446296,0.06904525683041735,0.06273006422466221,0.0749119762836743,0.47491134965658194,0.4702980929083467,0.4793705884011388,0.009852381110191346,0.005897160789370537,0.013941982153058051,0.32262873328425995,0.3046472225286686,0.34095100483635277,0.2335833685506793,0.20947225333038588,0.2581087508406598,0.3495422449472827,0.3367158484555416,0.36174153467827425,0.072,0.04,0.104,0.0,0.0,0.0,0.0,0.0,0.0,0.05253080606306409,0.038946904511976015,0.06690203318467133,0.2759994865526284,0.19918002891049577,0.3524525498981845,0.16235635851704844,0.11891843805357787,0.20463389629447626,0.116,0.076,0.156,0.018054508511124095,0.01064572068755926,0.026986261949633113,-0.08753540813270755,-0.1562279788632894,-0.024368410050232228,-0.023910790490685032,-0.04788191934197093,-0.0020282331953756527,-0.012,-0.028,0.004,0.002683765557677364,-0.0046298684280258046,0.010129295600262387,False
mediation_aware_recourse,False,1.0,0.5,2.0,250,0.09482176482820069,0.06809297968215541,0.12212524265808242,0.34936099551627287,0.31531142184096206,0.3817540487094689,0.06791005806391595,0.06150392625243982,0.07381632390791554,0.4752562341594696,0.4705576012641907,0.47976819432933926,0.009852381110191346,0.005897160789370537,0.013941982153058051,0.32262873328425995,0.3046472225286686,0.34095100483635277,0.2353690326637829,0.21109928336878223,0.25889605871167604,0.35297018431956323,0.3409170693548596,0.36430520126879606,0.072,0.04,0.104,0.0,0.0,0.0,0.0,0.0,0.0,0.04813950397594365,0.03541858020715681,0.062282065920834975,0.2704647528823626,0.19317288464809731,0.3477270103677821,0.14878421162942446,0.10674552447791502,0.18958708314148898,0.112,0.072,0.152,0.01935732749813252,0.011772765419408247,0.028171439463554798,-0.09307014180297335,-0.16101269234252213,-0.03022037286255308,-0.029464583213208242,-0.05296177239947137,-0.009359354895073922,-0.012,-0.028,0.004,-0.001707536529443069,-0.008774337305913624,0.005138159536768353,False
mediation_aware_recourse,False,1.0,1.0,2.0,250,0.0873398948922113,0.06252506926418865,0.11483504718758486,0.3566983005643633,0.3216681604760404,0.39056136399619124,0.06607709380371335,0.059708627198472614,0.072037057407914,0.476055949113369,0.47131129873408084,0.4804996021537542,0.009852381110191346,0.005897160789370537,0.013941982153058051,0.32262873328425995,0.3046472225286686,0.34095100483635277,0.23789530961940156,0.21265711421669306,0.2637670508538538,0.3570678899839271,0.34572065538528524,0.3681673604738151,0.088,0.052,0.124,0.0,0.0,0.0,0.0,0.0,0.0,0.043394507678445236,0.03148291085724664,0.05654377891910204,0.26263446160637505,0.17939060672542484,0.34122687283589276,0.13411890611109933,0.09767592984400798,0.17159809183167343,0.108,0.068,0.148,0.020466687169072385,0.01258153564080855,0.029505508138482146,-0.1009004330789609,-0.17181521884138112,-0.03170558173868744,-0.036946453149197624,-0.06293761720359325,-0.013799571432452648,0.004,-0.012,0.02,-0.006452532826941491,-0.014421635281416535,0.0010137156356172477,False
mediation_aware_recourse,False,1.0,2.0,2.0,250,0.08403404115096783,0.05914375094451243,0.11107249730246549,0.36371639004846984,0.3294103798090942,0.39721274692175984,0.06318809212165266,0.05748051177687972,0.0688353277643949,0.4764120317211151,0.4715650454505206,0.4807276730529845,0.009852381110191346,0.005897160789370537,0.013941982153058051,0.32262873328425995,0.3046472225286686,0.34095100483635277,0.23723234035759974,0.21030521486445886,0.2624938538759196,0.36128660693104514,0.34991614710718344,0.3718525024587756,0.108,0.072,0.144,0.0,0.0,0.0,0.0,0.0,0.0,0.03732522304240055,0.02586154550618128,0.04925649942035274,0.2646893599877219,0.1834799667729075,0.3450565884999464,0.11536063784602235,0.07980441698614091,0.1512752919579938,0.12,0.08,0.164,0.02309478704145663,0.014428839917334131,0.03315013586284019,-0.09884553469761403,-0.17600924798197545,-0.02581257420701168,-0.040252306890441104,-0.0681041521889856,-0.015209630836208826,0.024,0.0,0.048,-0.012521817462986178,-0.022153834910821568,-0.0037229916161144586,False
mediation_aware_recourse,False,1.0,5.0,2.0,250,0.12009424031683011,0.09124392068645466,0.1524770731913646,0.376018955736477,0.33897144476470964,0.4127921546943234,0.049141394797719826,0.043917394574836795,0.05379680385624095,0.47832558605885506,0.4733191338820756,0.4831484423790753,0.009852381110191346,0.005897160789370537,0.013941982153058051,0.32262873328425995,0.3046472225286686,0.34095100483635277,0.21143623518543694,0.18037957771941915,0.24265685802495593,0.35954694797837894,0.34797081018368564,0.37026795725864386,0.18,0.132,0.228,0.0,0.0,0.0,0.0,0.0,0.0,0.03183323475844558,0.018603231858986814,0.048665761144270105,0.3446453667251458,0.2605344965553321,0.43080747430191607,0.09838661278098193,0.054383703472101266,0.1409971528035178,0.192,0.144,0.244,0.0351692020500954,0.024322386816565143,0.047395596972254754,-0.018889527960190167,-0.1314609213791924,0.09473142353110867,-0.004192107724578818,-0.04525416345366466,0.036271642261333906,0.096,0.06,0.136,-0.018013805746941152,-0.0323321695745493,-0.0031865225688535313,False
mediation_aware_recourse,False,1.0,7.551995980621402,2.0,250,0.20231842591558233,0.16414052797358528,0.24194924190217426,0.35811330498544636,0.31814937230715046,0.39824598061634514,0.03756700525023154,0.033917731234831626,0.04148952952198039,0.48276565096116064,0.4774345629831076,0.4879641024929762,0.009852381110191346,0.005897160789370537,0.013941982153058051,0.32262873328425995,0.3046472225286686,0.34095100483635277,0.14947151039422543,0.11489591529454009,0.1867875377951061,0.3583223735728375,0.3482810425207958,0.36879129260688104,0.22,0.168,0.268,0.0,0.0,0.0,0.0,0.0,0.0,0.0208947929992096,0.004461696290602817,0.037816506628764075,0.5367073822822535,0.4352507801210213,0.6343179500425927,0.06457929656069894,0.010318260765330451,0.1094108418528391,0.308,0.2519,0.364,0.07162078532531917,0.05618635769248748,0.08662746852704471,0.1731724875969175,0.029802396060310817,0.32144229161814214,0.0780320778741734,0.024803636248964905,0.12864178975690593,0.136,0.088,0.18,-0.02895224750617713,-0.04458030626729162,-0.012513362243483076,True
transport_anchor_only,False,3.0,0.0,2.0,250,0.5056478880756767,0.4683053226849122,0.5429407795404316,0.03032593161600956,0.02519119457753762,0.03572368219006572,0.07640098687472648,0.070320454334121,0.08235827953025543,0.48841257993268966,0.48418095309057835,0.4921661369044662,0.009852381110191346,0.005897160789370537,0.013941982153058051,0.32262873328425995,0.3046472225286686,0.34095100483635277,-0.1028366265643389,-0.12715953756601298,-0.07911631347408424,0.28109220554350417,0.2727617047330059,0.289259960570008,0.292,0.236,0.348,0.0,0.0,0.0,0.0,0.0,0.0,0.13291925247919978,0.11588015019388141,0.14858400001397298,0.681253974134622,0.6071198391227464,0.7496199961566667,0.41081200588134004,0.3734383461958874,0.4501138916345491,0.648,0.584,0.708,0.14607028286056536,0.12932783699970285,0.16333948928235303,0.0185634615817869,-0.008286155886730187,0.045725450450622006,0.00194837374612689,-0.00430180886387825,0.009627798604499546,-0.02,-0.04,-0.004,0.01001662966881156,0.00416142463747931,0.016692297375910867,False
mediation_aware_recourse,False,3.0,0.5,2.0,250,0.5039042402618797,0.46659474119323135,0.5420328327151422,0.03074119384845377,0.025681311435408746,0.03620212649823773,0.07449417367974003,0.06840643678797734,0.080640778120449,0.48892900619268415,0.4848043564740003,0.49269033866714235,0.009852381110191346,0.005897160789370537,0.013941982153058051,0.32262873328425995,0.3046472225286686,0.34095100483635277,-0.1085064674549574,-0.13369938453126978,-0.08550004277579493,0.28393648040025077,0.2759419931857107,0.2920865383952996,0.292,0.2399,0.344,0.0,0.0,0.0,0.0,0.0,0.0,0.12729811917675232,0.11070953593283385,0.14239616173901704,0.6636800871689407,0.5884000817120384,0.7323502779977652,0.3934388337920206,0.35413693838697335,0.43204025304687416,0.652,0.588,0.708,0.15171576995709837,0.13525124736907027,0.1687680180773297,0.000989574616105604,-0.026330598948896174,0.02474814129027177,0.00020472593232989311,-0.006192778913397342,0.00817156009748577,-0.02,-0.036,-0.004,0.0043954963663641105,-0.0011073855800532882,0.010403279194673404,False
mediation_aware_recourse,False,3.0,1.0,2.0,250,0.5087704484594288,0.4711066861364787,0.5463443177581037,0.02958579980343498,0.024381482950535157,0.03496766340196416,0.07130263760950141,0.06549786997153789,0.07711373265254,0.48950196020889286,0.4852964964212835,0.4933686567051708,0.009852381110191346,0.005897160789370537,0.013941982153058051,0.32262873328425995,0.3046472225286686,0.34095100483635277,-0.11786197329469916,-0.1442916137059327,-0.0935665657925661,0.28819651300358534,0.28003122070319475,0.2966744336936847,0.316,0.2599,0.372,0.0,0.0,0.0,0.0,0.0,0.0,0.1211546827878606,0.10507593292512674,0.1372783966396492,0.6346823418518834,0.5591645634245788,0.7076184577394723,0.37445138555670976,0.33376122353222315,0.4147668519313699,0.66,0.596,0.716,0.1592797459245278,0.14162424639984797,0.17667191023125772,-0.02800817070095163,-0.05938364985854324,-0.0004987740930504231,0.0050709341298788785,-0.004369645088119432,0.016611942192260174,0.004,-0.016,0.028,-0.0017479400225276008,-0.0074282038107847965,0.005061185616715174,False
mediation_aware_recourse,False,3.0,2.0,2.0,250,0.5241161460346775,0.48687576614971917,0.5614698237755075,0.026712327638716345,0.022055102349488463,0.03179050125700701,0.06589600539911956,0.06049228716641874,0.07148324754781635,0.49027319126677515,0.48589621857268217,0.4942306834118307,0.009852381110191346,0.005897160789370537,0.013941982153058051,0.32262873328425995,0.3046472225286686,0.34095100483635277,-0.13726536944346532,-0.16161122878694795,-0.11315182486519403,0.2892202966652459,0.2811360826792326,0.29755825162847166,0.344,0.288,0.4,0.0,0.0,0.0,0.0,0.0,0.0,0.11559498257275581,0.09896218476212437,0.13307790595434124,0.5745407792847629,0.501843644237674,0.6479014130705818,0.35726808400433663,0.3160406243283986,0.4011964222822385,0.7,0.64,0.76,0.1710232670299243,0.15303846296606363,0.18950117798625518,-0.08814973326807218,-0.1249218743805431,-0.05431826696140817,0.020416631705127655,0.010185131801781244,0.032927009563962925,0.032,0.003900000000000006,0.064,-0.007307640237632385,-0.014774551110810712,-8.294959110304604e-06,False
mediation_aware_recourse,False,3.0,5.0,2.0,250,0.5775441138693131,0.5428046123846783,0.6128561929442105,0.022490980624790664,0.01842049957661291,0.026573106097978163,0.05199797226842888,0.04735761635218198,0.05595377075806721,0.4933276335303783,0.4889130129194796,0.49733254775342944,0.009852381110191346,0.005897160789370537,0.013941982153058051,0.32262873328425995,0.3046472225286686,0.34095100483635277,-0.1869244212686583,-0.20758671321829308,-0.16603291051218905,0.29308196780847284,0.2849087629623545,0.3015801149020701,0.368,0.312,0.424,0.0,0.0,0.0,0.0,0.0,0.0,0.09603629753880577,0.07774496960186913,0.11337339758965428,0.42062066398790354,0.35914739717262634,0.4796090024587304,0.2968182809748189,0.24804286579554025,0.3448222793552452,0.8,0.748,0.852,0.20224799888696293,0.18556664829209876,0.2193864648829143,-0.24206984856493152,-0.3061871816645944,-0.18110913641895368,0.0738445995397633,0.05233965628445149,0.09622532773277488,0.056,0.016,0.096,-0.02686632527158241,-0.03851809509231498,-0.01582037569571478,False
mediation_aware_recourse,False,3.0,7.551995980621402,2.0,250,0.6468357090135105,0.6163818229731522,0.6751229933126015,0.018936327372068077,0.0154816796673321,0.022583013043392185,0.04163383638466435,0.03820451353363393,0.044991255305731885,0.4967794342989922,0.4924493222450614,0.5007683681483328,0.009852381110191346,0.005897160789370537,0.013941982153058051,0.32262873328425995,0.3046472225286686,0.34095100483635277,-0.2353292099782268,-0.2527884232381592,-0.2164074263457603,0.2981638005717089,0.2885951222325457,0.30671655397400516,0.396,0.332,0.456,0.0,0.0,0.0,0.0,0.0,0.0,0.07198173533111579,0.0521517589746343,0.09309554027498951,0.27058818480719693,0.20553015978959469,0.33055548694049225,0.22247312203943437,0.16329702470959837,0.27728157410172083,0.892,0.8519,0.928,0.2384776743455922,0.22254200236633517,0.2546429272188667,-0.39210232774563814,-0.47533222841456424,-0.31013488977051823,0.14313619468396063,0.10994800159303704,0.17418962012732228,0.084,0.04,0.132,-0.05092088747927241,-0.06381722986563744,-0.03665841949430783,True
transport_anchor_only,False,10.0,0.0,2.0,250,0.6106486500278115,0.5693964747752994,0.6534692535599694,0.0093891505056182,0.007412489868231646,0.011389074804576915,0.06961127701728731,0.06418192880771603,0.07555733521004787,0.49051264526867866,0.48640192552402617,0.4945150368325234,0.009852381110191346,0.005897160789370537,0.013941982153058051,0.32262873328425995,0.3046472225286686,0.34095100483635277,-0.15577695363875513,-0.17806698688731223,-0.13475548560060577,0.28992458001640226,0.28171117191250716,0.29768436489089856,0.488,0.424,0.5480999999999999,0.0,0.0,0.0,0.0,0.0,0.0,0.12543461946926054,0.10839197396039456,0.14162714334806562,0.5171634217045882,0.4540894836297768,0.5763028458344802,0.3876793366648925,0.34841881954181403,0.4322473498598824,0.748,0.692,0.8,0.17568030550969263,0.15946856723814976,0.1928773029872637,0.028215947903530658,0.0025596482605524224,0.05580568940899909,0.00023543858528137206,-0.006740155071020126,0.006694976598024368,-0.036,-0.064,-0.008,0.011463849361084806,0.004082647910370051,0.01917699628433729,False
mediation_aware_recourse,False,10.0,0.5,2.0,250,0.6142001924887299,0.5727298398168758,0.6581136300750077,0.008913160444079832,0.007090004070228579,0.010793156970459612,0.0667614503074631,0.06144300514521124,0.07234138674786127,0.4914779357345105,0.48744803391159774,0.49547016990727777,0.009852381110191346,0.005897160789370537,0.013941982153058051,0.32262873328425995,0.3046472225286686,0.34095100483635277,-0.16533404194457102,-0.18725549652558612,-0.14339393048552346,0.29481664696684434,0.28679476348939387,0.302914779091617,0.504,0.4439,0.568,0.0,0.0,0.0,0.0,0.0,0.0,0.11650716737416343,0.09964654325155116,0.13360033234539123,0.48754086388548845,0.4258603922332544,0.54703325265828,0.3600873630855169,0.3188403562547631,0.4054905786295213,0.756,0.7,0.808,0.18492257571014914,0.1677428161932262,0.20246179124504649,-0.0014066099155690681,-0.02360434701606841,0.02258274343034898,0.003786981046199799,-0.0030556759148836136,0.012956948800384997,-0.02,-0.04,0.0,0.002536397265987673,-0.0038778300765260907,0.010053120047984202,False
mediation_aware_recourse,False,10.0,1.0,2.0,250,0.6152413897290826,0.5738066202692688,0.6581644621709362,0.008881428343551802,0.007073999487272057,0.010762708133030199,0.06476445441780666,0.059394829158026095,0.07001566533020556,0.4919954740772247,0.48800337012763023,0.4960223594398558,0.009852381110191346,0.005897160789370537,0.013941982153058051,0.32262873328425995,0.3046472225286686,0.34095100483635277,-0.17110812731390523,-0.1933683676155083,-0.149028336373071,0.2981087822227557,0.28954963416937163,0.3065740646084854,0.5,0.44,0.564,0.0,0.0,0.0,0.0,0.0,0.0,0.11101696643964655,0.09309858598036874,0.1285848829356051,0.46964386720278184,0.40566135938836295,0.5329896571357104,0.3431188621608413,0.29744464060726744,0.3883392132754794,0.76,0.704,0.812,0.1905547188620747,0.17250666842355947,0.20812577015031047,-0.01930360659827568,-0.04069621497316929,-0.0018361495850677402,0.004828178286552429,-0.0013768027424812315,0.013920742934942245,-0.024,-0.048,-0.004,-0.0029538036685292086,-0.008329646067828007,0.0026588432643004476,False
mediation_aware_recourse,False,10.0,2.0,2.0,250,0.6217237020442262,0.5778742506837472,0.6651442434245488,0.00889903718337005,0.007127410420798159,0.010840066991826939,0.059738186860239725,0.054734112901901034,0.06479106929362653,0.492679348978281,0.4884032141236007,0.49670692176711556,0.009852381110191346,0.005897160789370537,0.013941982153058051,0.32262873328425995,0.3046472225286686,0.34095100483635277,-0.18416101596226217,-0.20714031674369077,-0.16303049677533246,0.30247998271110405,0.2938613562095861,0.3109864499022499,0.5,0.436,0.5600999999999999,0.0,0.0,0.0,0.0,0.0,0.0,0.10163828146008665,0.0831436530578193,0.11904419127415831,0.4291859435842542,0.36476273253095814,0.49333782457062714,0.31413226829186713,0.26671516986641786,0.36332869519655997,0.78,0.7279,0.832,0.200519022678182,0.18162830371521096,0.21786179292507588,-0.059761530216803305,-0.08714819403437471,-0.032350673657712,0.011310490601696074,0.003621751224459149,0.020487573917000554,-0.024,-0.056,0.0,-0.012332488648089104,-0.019766427519930248,-0.004847189469613599,False
mediation_aware_recourse,False,10.0,5.0,2.0,250,0.6739928974290378,0.633411881161388,0.713610977339954,0.007412447218605648,0.005823554024776557,0.00910369795442548,0.0472568091437776,0.043152686751042155,0.05138357256268627,0.49602017796230313,0.4919301663907647,0.5000722727663338,0.009852381110191346,0.005897160789370537,0.013941982153058051,0.32262873328425995,0.3046472225286686,0.34095100483635277,-0.22568943285047857,-0.2460493594520139,-0.20472212721547778,0.3128201711761384,0.3041548017416454,0.32119474196500125,0.524,0.46,0.5840999999999998,0.0,0.0,0.0,0.0,0.0,0.0,0.07300378857357688,0.05402721635618372,0.09223526561124881,0.30046703976725664,0.2389828152874096,0.36360114406387767,0.2256319702485654,0.17318452945569054,0.2811080262262646,0.848,0.796,0.892,0.23314675916048747,0.2164043325105512,0.2506897413201311,-0.18848043403380088,-0.2391497914121071,-0.1373776988781361,0.06357968598650768,0.0439666065869038,0.08600088810477172,0.0,-0.04,0.04,-0.04096698153459887,-0.053058103601975465,-0.029341391375570645,False
mediation_aware_recourse,False,10.0,7.551995980621402,2.0,250,0.7342934793536551,0.6969635651700316,0.7715553579914965,0.00686435552381851,0.005360113203921985,0.008370753530007304,0.03780175134011725,0.03482190955063329,0.0409642450958076,0.4983382379684449,0.49410011782655716,0.5021192061790168,0.009852381110191346,0.005897160789370537,0.013941982153058051,0.32262873328425995,0.3046472225286686,0.34095100483635277,-0.2662140990197984,-0.28317754060038836,-0.24869553416904885,0.3203146037168283,0.3108513097510588,0.3295395749055432,0.54,0.476,0.604,0.0,0.0,0.0,0.0,0.0,0.0,0.04810245531028517,0.02764641572705857,0.06847989201008976,0.17485929938780753,0.10257966193709163,0.2365116947934622,0.14866970574430605,0.08682963176314705,0.20566913399804368,0.928,0.892,0.96,0.26585975887679325,0.2496184973018559,0.2809453953716522,-0.31408817441325,-0.3808881973985008,-0.2484275401616032,0.12388026791112497,0.09513949089264498,0.15610276862579628,0.016,-0.028,0.064,-0.06586831479789058,-0.08037858803804848,-0.05145752924506956,True
transport_anchor_only,False,30.0,0.0,2.0,250,0.7319772403687239,0.6776113941513002,0.7867754216935485,0.002125689324452991,0.0015842384002730638,0.0027460939790890622,0.06454369454422972,0.059001548965483576,0.07005019490218943,0.49039199347257617,0.4863025137637675,0.4943308454876482,0.009852381110191346,0.005897160789370537,0.013941982153058051,0.32262873328425995,0.3046472225286686,0.34095100483635277,-0.1817887811361005,-0.2049819582674248,-0.16086337911151463,0.3070676761937665,0.29938878590112783,0.31537538361754247,0.692,0.636,0.748,0.0,0.0,0.0,0.0,0.0,0.0,0.10597667887449927,0.08851401640594844,0.12347070719651383,0.4365387754353205,0.37247924402881083,0.49990022964519415,0.32754090331563224,0.2803328637960223,0.37883458219342764,0.792,0.74,0.844,0.198415189555746,0.17988620195749472,0.21690188644675254,0.02970177683696984,0.008568551819154205,0.05536765340288413,0.006464273691177368,-0.0008597081840038299,0.016604304033517838,-0.024,-0.056,0.004,0.009390875881954986,0.002884421668228682,0.017373597295862575,False
mediation_aware_recourse,False,30.0,0.5,2.0,250,0.7325080337226391,0.6795210405677556,0.7877945469878614,0.0021171597777584227,0.001591834574884842,0.002691798301073819,0.06304900224268221,0.05766851259779389,0.06858882823992105,0.49039665344309813,0.48648329801876544,0.49432293445261716,0.009852381110191346,0.005897160789370537,0.013941982153058051,0.32262873328425995,0.3046472225286686,0.34095100483635277,-0.18769500516776622,-0.21081384679578696,-0.16561804244191816,0.3089548500054976,0.30085846103584385,0.3173066934328452,0.684,0.628,0.744,0.0,0.0,0.0,0.0,0.0,0.0,0.10120239115293396,0.08323433522175189,0.11866427319067928,0.4182322099551098,0.35250149223696775,0.48354072845356916,0.3127850671296153,0.26270094746623723,0.3655588475743942,0.8,0.748,0.8480999999999999,0.20375544543236151,0.1856084559985101,0.2221776276358927,0.011395211356759138,-0.011432975354860897,0.03484807026985475,0.006995067045092583,-0.0016115568757057188,0.017979858867451542,-0.032,-0.064,0.0,0.004616588160389682,-0.0019187903085540745,0.011586909478191982,False
mediation_aware_recourse,False,30.0,1.0,2.0,250,0.7334876190721988,0.6793251113779843,0.7887094167679549,0.002094876219011154,0.0015739626490296089,0.0026650276539927583,0.06109145564433226,0.055949895781280776,0.06653525015120326,0.4910669968881607,0.48717696851406694,0.49502024535334704,0.009852381110191346,0.005897160789370537,0.013941982153058051,0.32262873328425995,0.3046472225286686,0.34095100483635277,-0.19496563748806106,-0.21784550617223924,-0.17324258077476642,0.3116020622718691,0.3030730467946962,0.32085703472203875,0.684,0.628,0.744,0.0,0.0,0.0,0.0,0.0,0.0,0.09431109413044705,0.07741501514583927,0.11234345262376613,0.39569660921588834,0.33352427869706686,0.46000029337924736,0.2914862146298619,0.24192661057252257,0.34359584881232474,0.812,0.7639,0.86,0.21083641010375237,0.19270735781872456,0.22942542112763348,-0.011140389382462312,-0.03278862489282035,0.008124701290132458,0.007974652394652367,-0.0007230822965502738,0.019241079062968482,-0.032,-0.064,0.0,-0.0022747088620972146,-0.008166736021852463,0.0033844281219600173,False
mediation_aware_recourse,False,30.0,2.0,2.0,250,0.7444293231600896,0.6914549522380112,0.7980003189306939,0.0018386405893331098,0.0013761998932080035,0.002340372466676281,0.05682576617848146,0.052052610847444586,0.061968638683038375,0.49268281433081623,0.4885511773321093,0.49663809622769356,0.009852381110191346,0.005897160789370537,0.013941982153058051,0.32262873328425995,0.3046472225286686,0.34095100483635277,-0.20758297732374553,-0.23037954783166548,-0.185609675531712,0.31882276449034075,0.31029690693702294,0.32764749548836297,0.708,0.656,0.768,0.0,0.0,0.0,0.0,0.0,0.0,0.08281344379005541,0.06545007521072944,0.10107230505893755,0.3565886856678402,0.29324792232440516,0.4225790139632971,0.25595055887526974,0.20616835290297064,0.31267166133698215,0.82,0.772,0.868,0.2216424221939393,0.20220005430723864,0.24079799257692266,-0.050248312930510464,-0.07768265317145367,-0.025344813007506403,0.018916356482543053,0.006298988567711785,0.03457471262102481,-0.008,-0.044,0.028,-0.01377235920248886,-0.021367987498406814,-0.006658032545899604,False
mediation_aware_recourse,False,30.0,5.0,2.0,250,0.7754376073037275,0.7239363846507971,0.8261233279385487,0.0019708187992523796,0.001438255368990981,0.002555795285644229,0.044996748618445284,0.040641855763704306,0.04918655940640389,0.4961820875735283,0.49188075138614773,0.5005204335632623,0.009852381110191346,0.005897160789370537,0.013941982153058051,0.32262873328425995,0.3046472225286686,0.34095100483635277,-0.24613982701959877,-0.26718777030514956,-0.2253099880990133,0.3304112499535588,0.32162239850543806,0.3395856233223627,0.712,0.66,0.772,0.0,0.0,0.0,0.0,0.0,0.0,0.056507845905308725,0.038376859006472114,0.07479002905834457,0.2370802671108303,0.17232508876199698,0.30446052578368366,0.17464814984590948,0.1196987178773149,0.2324680851793151,0.876,0.836,0.916,0.25161992757918167,0.23371856440823488,0.26997006129147144,-0.16975673148752035,-0.21785962729252628,-0.12394354283752378,0.04992464062618092,0.029331083380605562,0.0717687905088882,-0.004,-0.048,0.036,-0.04007795708723556,-0.05240155401622517,-0.029224785503037667,False
mediation_aware_recourse,False,30.0,7.551995980621402,2.0,250,0.8194638465945608,0.7703502148382831,0.8656626171303214,0.002060841006977368,0.00153580778168166,0.0026401942031330033,0.036539230092864326,0.03350805979302456,0.03990998903381895,0.49945060483026504,0.4950915430841803,0.5036712649870992,0.009852381110191346,0.005897160789370537,0.013941982153058051,0.32262873328425995,0.3046472225286686,0.34095100483635277,-0.28024690157813703,-0.2975957661417665,-0.2616915574912091,0.33588984239939584,0.32652367407346233,0.344982222118813,0.704,0.648,0.76,0.0,0.0,0.0,0.0,0.0,0.0,0.03519511158719601,0.014680837339913938,0.05494022404684433,0.13136409542537975,0.0649890995834333,0.19482985962815685,0.10877712685463803,0.04827587505537794,0.16583186816476644,0.936,0.9039,0.9640999999999998,0.27932983201750716,0.26301618671047533,0.2963226454524447,-0.2754729031729709,-0.3374365667990266,-0.2184641236110971,0.0939508799170144,0.06694922809042037,0.12269929362925466,-0.012,-0.064,0.036,-0.06139069140534827,-0.07509392803086336,-0.048501171534471955,True
transport_anchor_only,False,0.0,0.0,5.0,250,0.0304842742033361,0.015336639589969855,0.05144163298990097,0.42845790036246495,0.3952961190092615,0.4619448396350472,0.06355079353029346,0.05747547566773759,0.06998110879181892,0.47763809319496153,0.4723412775485396,0.4826754149121404,0.009852381110191346,0.005897160789370537,0.013941982153058051,0.32262873328425995,0.3046472225286686,0.34095100483635277,0.29870338963052956,0.27997294357532415,0.316589352077666,0.3709664864630908,0.3592407576284938,0.3830883542605717,0.048,0.024,0.076,0.0,0.0,0.0,0.0,0.0,0.0,0.01893534603383271,0.008692977867636226,0.030293445977931873,0.07415751043057406,0.032765682175155846,0.12054773445711557,0.058523256346430186,0.02465089555718916,0.09500327563741737,0.024,0.008,0.044,0.0024949988099488597,0.0004393071763505264,0.005456805951502772,0.07415751043057406,0.0336110592719881,0.12189506936574736,0.0304842742033361,0.015336639589969855,0.05144163298990097,0.004,0.0,0.012,0.01893534603383271,0.00917656291853163,0.03173192706573924,False
mediation_aware_recourse,False,0.0,0.5,5.0,250,0.02733295859405189,0.012285993555062304,0.04542792895128005,0.43131754177241455,0.3979054734101492,0.46448280042745443,0.06324405393511803,0.05707714589672456,0.0697314922350554,0.4782726662700177,0.4728273327600419,0.48340806367627975,0.009852381110191346,0.005897160789370537,0.013941982153058051,0.32262873328425995,0.3046472225286686,0.34095100483635277,0.3005335882134863,0.28234899290938154,0.31855307777137554,0.37271514251614213,0.36105777701582253,0.38412772521878863,0.048,0.024,0.076,0.0,0.0,0.0,0.0,0.0,0.0,0.017105147450875897,0.007451975538128202,0.028219773193306836,0.06848474048127073,0.028275697877385233,0.11330114663809562,0.052866682622143335,0.021289647084321177,0.08850340164401861,0.024,0.008,0.044,0.0024949988099488597,0.0004393071763505264,0.005456805951502772,0.06848474048127073,0.028205319433874314,0.11587973149137386,0.02733295859405189,0.012285993555062304,0.04542792895128005,0.004,0.0,0.012,0.017105147450875897,0.007319228858488853,0.029151291423737742,False
mediation_aware_recourse,False,0.0,1.0,5.0,250,0.027329499841755023,0.012240106212115643,0.045472597495566876,0.4316339325859826,0.39808469856014406,0.46491448965770216,0.06304967831255483,0.05679848104678568,0.06949999646147798,0.47830943214344984,0.47284904714149834,0.48346868915728924,0.009852381110191346,0.005897160789370537,0.013941982153058051,0.32262873328425995,0.3046472225286686,0.34095100483635277,0.30030390324682515,0.2819046158829726,0.31825194435230497,0.3727770438970723,0.3611065750084106,0.3842479510944376,0.048,0.024,0.076,0.0,0.0,0.0,0.0,0.0,0.0,0.016874732476008923,0.00709358749125084,0.02799644845704494,0.06919665775014827,0.02890950585560071,0.11412054418144633,0.05215454170768086,0.0207288132627775,0.08791640232458874,0.028,0.008,0.048,0.002725048780712938,0.0006343563969125082,0.005623012191041673,0.06919665775014827,0.028756810207132267,0.11674639527155452,0.027329499841755023,0.012240106212115643,0.045472597495566876,0.004,0.0,0.012,0.016874732476008923,0.0070175922233937605,0.028965479434452376,False
mediation_aware_recourse,False,0.0,2.0,5.0,250,0.02531681705309893,0.010388383930931014,0.04343480267095655,0.4338878323717189,0.3996514542631432,0.46754365389607105,0.06193768734876652,0.055785527250480894,0.0680100349579498,0.4790565456938744,0.47361272687113876,0.4843140451297343,0.009852381110191346,0.005897160789370537,0.013941982153058051,0.32262873328425995,0.3046472225286686,0.34095100483635277,0.2999073725663827,0.2810349124662324,0.3176854939346961,0.3737361956122769,0.36266769467323257,0.38521288929061226,0.048,0.024,0.076,0.0,0.0,0.0,0.0,0.0,0.0,0.015750416581207346,0.0056845128177615105,0.027234317282196017,0.07042571963935407,0.028964166464158555,0.11512907224474976,0.04867963149435439,0.01620553307856918,0.08514807392801446,0.032,0.012,0.056,0.002747444991795933,0.0005619410906044879,0.005640021399322168,0.07042571963935407,0.028403813568304674,0.12182880020167022,0.02531681705309893,0.010388383930931014,0.04343480267095655,0.004,0.0,0.012,0.015750416581207346,0.005841776784466122,0.028376421052040385,False
mediation_aware_recourse,False,0.0,5.0,5.0,250,0.039090567668550645,0.022162752124495456,0.05782202955744869,0.43564321171367343,0.40049859437172514,0.4706274019159615,0.055792320708341954,0.04997280438990204,0.06136313814735879,0.48034325010871887,0.4747590794483066,0.48569637196639776,0.009852381110191346,0.005897160789370537,0.013941982153058051,0.32262873328425995,0.3046472225286686,0.34095100483635277,0.2873636249827068,0.2643201933921804,0.3086214069479472,0.3771039997384372,0.36597377843745016,0.38832794393493386,0.1,0.064,0.136,0.0,0.0,0.0,0.0,0.0,0.0,0.011465438896052763,0.0021915257284008728,0.021679330647779334,0.1093055412100632,0.06642487324540276,0.15571694427263347,0.03543610021380794,0.007041215577799876,0.06832880536961497,0.076,0.044,0.108,0.008164693866332545,0.0038853569310185816,0.013474922137579145,0.1093055412100632,0.06392497369610292,0.16253274299803727,0.039090567668550645,0.022162752124495456,0.05782202955744869,0.056,0.028,0.084,0.011465438896052763,0.0013442317509483076,0.02229753598699359,False
mediation_aware_recourse,False,0.0,7.551995980621402,5.0,250,0.10798372124915477,0.07991375869048935,0.13691094278954843,0.42687149413816894,0.3908849373489116,0.46301891535264417,0.04428492721056861,0.039799292724917175,0.04837883958795123,0.48107604959797856,0.47559146072917585,0.486581532898122,0.009852381110191346,0.005897160789370537,0.013941982153058051,0.32262873328425995,0.3046472225286686,0.34095100483635277,0.24741326641016897,0.21595803302959082,0.2762359547861424,0.374110667280883,0.3615159980313484,0.38640552623396335,0.152,0.104,0.196,0.0,0.0,0.0,0.0,0.0,0.0,0.0057068659480825675,-0.005442198887170413,0.017695086566731657,0.23313319340289673,0.16890115794528301,0.3060205451094276,0.017638144991784288,-0.018856963150743984,0.055936812790207555,0.156,0.112,0.208,0.030243870842910886,0.019528728680455673,0.04159499727453605,0.23313319340289673,0.16893193723344915,0.3052103443002811,0.10798372124915477,0.07991375869048935,0.13691094278954843,0.108,0.076,0.148,0.0057068659480825675,-0.006003740544371134,0.016933970262211752,True
transport_anchor_only,False,1.0,0.0,5.0,250,0.1494767666454718,0.11563465132897253,0.18278862041923347,0.3090023189399871,0.2747172175147898,0.3405138227130461,0.07153749241457319,0.06558813486293558,0.07712372173521923,0.4704110629460812,0.4660407796378672,0.4742908138886094,0.009852381110191346,0.005897160789370537,0.013941982153058051,0.32262873328425995,0.3046472225286686,0.34095100483635277,0.20327450567392844,0.1795559852708021,0.2276566723221134,0.321236474339578,0.3073133495647383,0.3347016510287658,0.064,0.036,0.092,0.0,0.0,0.0,0.0,0.0,0.0,0.08126534357444701,0.06356650742107421,0.10054398811027628,0.3699429570185603,0.29274716657482663,0.44984060805951326,0.25116586333254587,0.19682441118119587,0.30080200282508834,0.156,0.112,0.20009999999999992,0.018841671193808068,0.012269341968782143,0.02687899533054207,0.006408062333224329,-0.075531409738528,0.0972314622936922,0.025190418604062872,-0.004927178161637857,0.05809277946958317,-0.02,-0.044,0.004,0.031418303069060266,0.01648075596774896,0.04630659704766983,False
mediation_aware_recourse,False,1.0,0.5,5.0,250,0.14176881878779385,0.1078426164744742,0.1761825407890974,0.31820950236527257,0.2840183092478101,0.3512632285483593,0.06970089205221953,0.06364526061975202,0.0754771760548572,0.4702034295780659,0.46580280886771686,0.4741498249663293,0.009852381110191346,0.005897160789370537,0.013941982153058051,0.32262873328425995,0.3046472225286686,0.34095100483635277,0.205700075900153,0.18015324493945187,0.22986498540218053,0.32490170446336725,0.31152256992049004,0.33784793523220963,0.072,0.04,0.108,0.0,0.0,0.0,0.0,0.0,0.0,0.0753455298857869,0.057554401400764996,0.09384899128754212,0.3624248100713463,0.2793329681523334,0.4458663943593824,0.2328695632065515,0.180212313358232,0.2835071944196003,0.156,0.112,0.2,0.020588792925025835,0.013457559006262295,0.029395256403001096,-0.001110084613989648,-0.08072119744264954,0.08490208914468957,0.017482470746384933,-0.013733855608769227,0.049763418486109004,-0.012,-0.036,0.012,0.025498489380400176,0.011213366288690433,0.040593544937990486,False
mediation_aware_recourse,False,1.0,1.0,5.0,250,0.13761861865923855,0.10452250850885611,0.17148377743354357,0.32290116043578215,0.2890751040910684,0.35611836043903866,0.06830622072171205,0.06216894517452873,0.07394942066409144,0.470316138986826,0.4660315136394739,0.4742526500169456,0.009852381110191346,0.005897160789370537,0.013941982153058051,0.32262873328425995,0.3046472225286686,0.34095100483635277,0.2062865635038003,0.1802891652507267,0.23128984328537366,0.3261608438527892,0.3127871377575842,0.33866984087794216,0.076,0.044,0.112,0.0,0.0,0.0,0.0,0.0,0.0,0.07338403956837619,0.05576273458026989,0.09168740875445681,0.36060696949131776,0.275137903132609,0.4468230478088734,0.22680720762763762,0.1762456768480625,0.27466198635682526,0.164,0.116,0.208,0.02127629428190752,0.01424013992710157,0.03063944161616334,-0.0029279251940181883,-0.08740622091354545,0.0875068475407217,0.013332270617829635,-0.018695613773196236,0.044786790825182096,-0.008,-0.032,0.01609999999999991,0.023536999062989467,0.01046557351346666,0.03881613712164863,False
mediation_aware_recourse,False,1.0,2.0,5.0,250,0.1299769890071184,0.09671574703695078,0.16431219694615648,0.3316617457188704,0.2973550553090337,0.3652229843233707,0.06501032515228344,0.05902028706525411,0.07061508923434888,0.47106391572260864,0.4666337749350309,0.47492919144846796,0.009852381110191346,0.005897160789370537,0.013941982153058051,0.32262873328425995,0.3046472225286686,0.34095100483635277,0.2085098797031293,0.18101384828447104,0.23463514162267668,0.331637613422312,0.3191861672763582,0.3437289241009453,0.1,0.064,0.14,0.0,0.0,0.0,0.0,0.0,0.0,0.06754393309906714,0.050862111220928694,0.08527166889194945,0.3537157165743927,0.2736706865736029,0.44221131871527697,0.2087572576883473,0.16003108220667814,0.2562380215189357,0.164,0.12,0.212,0.022346662340358557,0.014621567084261463,0.03148416590013506,-0.009819178110943239,-0.09350701965279352,0.0750027007393384,0.005690640965709462,-0.02496779502602294,0.0359298709120252,0.016,-0.012,0.044,0.017696892593680413,0.004065388475435936,0.031728095759951065,False
mediation_aware_recourse,False,1.0,5.0,5.0,250,0.15036142270237907,0.11859469176084894,0.18664464585151508,0.3522689124356541,0.3126993845435242,0.38826638634666294,0.05124932713029506,0.045928662818033233,0.05598079609895951,0.4729516858019829,0.4684739368074119,0.4769645070256054,0.009852381110191346,0.005897160789370537,0.013941982153058051,0.32262873328425995,0.3046472225286686,0.34095100483635277,0.19025211846885412,0.15858229171139135,0.2192502371404067,0.3426309347358366,0.3310139148390454,0.3532681092095392,0.176,0.128,0.224,0.0,0.0,0.0,0.0,0.0,0.0,0.04821712680977926,0.03258966649354423,0.06532278894960733,0.41030634025634716,0.3170201909916867,0.4973529012973429,0.1490241196297737,0.10080655073526343,0.1926786709937761,0.216,0.164,0.272,0.03834460316639562,0.028731139102681647,0.05065873626765341,0.046771445571011205,-0.06396720795255431,0.1589842590205053,0.02607507466097013,-0.013632670326429798,0.06591510542691394,0.092,0.056,0.132,-0.0016299136956074664,-0.015738459950600664,0.014470334833662177,False
mediation_aware_recourse,False,1.0,7.551995980621402,5.0,250,0.21469084618860507,0.17776648402673892,0.2533680746699298,0.34432766875898896,0.3039977321506299,0.38262688037431825,0.04129035091469286,0.037240636561627405,0.045260370237647465,0.4740839412372112,0.4693003902073085,0.47840604198708536,0.009852381110191346,0.005897160789370537,0.013941982153058051,0.32262873328425995,0.3046472225286686,0.34095100483635277,0.1485492492817844,0.1119625654166248,0.18372065843261676,0.34025361180540836,0.3286882624401908,0.3519215764960276,0.216,0.164,0.268,0.0,0.0,0.0,0.0,0.0,0.0,0.04241390589996275,0.02588592962724781,0.06114781892997953,0.539565965592713,0.4367498697070216,0.634275598980016,0.13108817146524931,0.07524860652512293,0.18131307794477589,0.292,0.236,0.352,0.06132235943116309,0.047683635351927184,0.0753506038937931,0.17603107090737702,0.03896035584248469,0.30529794911906355,0.09040449814719613,0.04237062065949867,0.1366290648707829,0.132,0.088,0.176,-0.007433134605423979,-0.024004953306069117,0.011327134042145902,True
transport_anchor_only,False,3.0,0.0,5.0,250,0.49619448740419464,0.45690000607859693,0.536140036552123,0.042363843585238085,0.03597385641202344,0.04949983092775346,0.0807052937531091,0.07468332764457646,0.08660923871110675,0.4810987309510708,0.47681235095760816,0.48482299794661404,0.009852381110191346,0.005897160789370537,0.013941982153058051,0.32262873328425995,0.3046472225286686,0.34095100483635277,-0.0681562383066529,-0.0917415136120182,-0.045959355468270326,0.2611762529626741,0.25203411243536994,0.27089699236658976,0.24,0.188,0.292,0.0,0.0,0.0,0.0,0.0,0.0,0.15821262474188838,0.14112205646524587,0.17519461216519994,0.78874715338326,0.7189599124275717,0.8581162782266947,0.4889859408149917,0.4474572676896863,0.5296584909304358,0.616,0.552,0.672,0.11608340260037803,0.10074452332644934,0.13194607008773307,0.1260566408304249,0.08025065204837321,0.17533343828923242,-0.007505026925355196,-0.021471556308865547,0.005143443108908828,-0.072,-0.104,-0.044,0.03531000193150021,0.025638118260838703,0.046140844607754444,False
mediation_aware_recourse,False,3.0,0.5,5.0,250,0.4984174344167113,0.4594351288598031,0.5364402119245381,0.04074173028842841,0.03433102757761019,0.04798585207550563,0.07881597495841426,0.07271244589834254,0.08477206322733305,0.4816995523934364,0.47741901333820824,0.4854585194607794,0.009852381110191346,0.005897160789370537,0.013941982153058051,0.32262873328425995,0.3046472225286686,0.34095100483635277,-0.07778754141278678,-0.10155080148717131,-0.05541496704262682,0.2641015694866933,0.2550386847415956,0.2735203083009729,0.264,0.212,0.32,0.0,0.0,0.0,0.0,0.0,0.0,0.1526810533545222,0.13504060783426683,0.16982430844876434,0.7588945639747153,0.6875214399643494,0.8258238266897004,0.47188957670720133,0.4312284141918331,0.5112115077364648,0.628,0.564,0.688,0.12366483984712806,0.10824920647601148,0.1397077571347022,0.09620405142188027,0.05264723705043174,0.14327213449809748,-0.005282079912838526,-0.020104121362883597,0.008184244888977264,-0.048,-0.076,-0.024,0.029778430544134014,0.021491491604775308,0.039456927783801395,False
mediation_aware_recourse,False,3.0,1.0,5.0,250,0.5086205724198372,0.4716404524015728,0.5466921018315479,0.03562914065443479,0.0296654216587394,0.041883964201941765,0.0746773322006856,0.06864692974777535,0.08036108112848996,0.4833212569785118,0.47902100930984015,0.4870368352455616,0.009852381110191346,0.005897160789370537,0.013941982153058051,0.32262873328425995,0.3046472225286686,0.34095100483635277,-0.09522652913533815,-0.12045066037326824,-0.07200549722213831,0.27080749424407485,0.2610965722608442,0.2801944728414708,0.284,0.228,0.336,0.0,0.0,0.0,0.0,0.0,0.0,0.14295905591450042,0.12558112182607162,0.1604596373528137,0.7048417598582688,0.6333927442019041,0.7742660273491355,0.441841910962665,0.39958653323797716,0.4829663891453132,0.644,0.58,0.704,0.1370598372815274,0.1204521801272593,0.15328599520155578,0.04215124730543374,0.0042809438573388455,0.07955628691481693,0.004921058090287261,-0.006656509479461238,0.019334982241177925,-0.028,-0.056,0.0,0.020056433104112238,0.012350773369113825,0.029282656328288727,False
mediation_aware_recourse,False,3.0,2.0,5.0,250,0.5168354254616424,0.47866045772002547,0.5541675766363507,0.0340871153990514,0.028063601390941908,0.04024216045328186,0.06956815737241621,0.06405251785165741,0.07528547187138378,0.48408375920653346,0.47965083283743853,0.48787157738732695,0.009852381110191346,0.005897160789370537,0.013941982153058051,0.32262873328425995,0.3046472225286686,0.34095100483635277,-0.11213753354160394,-0.1358500165347686,-0.089688034419684,0.27555720829051156,0.26656503118638963,0.2849734184248812,0.308,0.2519,0.364,0.0,0.0,0.0,0.0,0.0,0.0,0.13347959206434767,0.11645974308447993,0.15045241619326158,0.6524254600634023,0.5798989915512291,0.7229304841140488,0.4125438409966885,0.37076764575755533,0.4538479742041009,0.664,0.604,0.7200999999999999,0.14951704433319765,0.13187710813374315,0.1659449401418349,-0.010265052489432769,-0.053810928271719,0.033388380959112576,0.013135911132092587,-0.001375316445995122,0.030056752611533732,-0.004,-0.036,0.02409999999999991,0.010576969253959486,0.003105442533671107,0.019286611014547053,False
mediation_aware_recourse,False,3.0,5.0,5.0,250,0.5759125789352693,0.5414502068669536,0.6118206767833209,0.025010598084107778,0.020312096701610504,0.029696740934475708,0.054801802305243584,0.05016674790607221,0.05885633708229757,0.4875960874447823,0.48306389730904703,0.49167173519707313,0.009852381110191346,0.005897160789370537,0.013941982153058051,0.32262873328425995,0.3046472225286686,0.34095100483635277,-0.17064443897368672,-0.1919152908793059,-0.1503390944015995,0.28210446877852846,0.27240125757639067,0.29115254637326915,0.368,0.308,0.424,0.0,0.0,0.0,0.0,0.0,0.0,0.11155644041759223,0.09282154753280604,0.1302443046804005,0.4710810868065608,0.4070577961125803,0.5314435897451775,0.3447862081838363,0.2939847254484836,0.39396719355580084,0.788,0.7359,0.84,0.1871232250837596,0.16931157532258434,0.20471784622514225,-0.19160942574627426,-0.25348439483879565,-0.13663645155319093,0.07221306460571941,0.05074734528692206,0.09466652659286047,0.056,0.016,0.096,-0.011346182392795955,-0.023026229818360965,-0.00019396961012579168,False
mediation_aware_recourse,False,3.0,7.551995980621402,5.0,250,0.6296190904681571,0.5990414611368441,0.6619454531600699,0.0236851061567643,0.01908125839498033,0.028490762985627013,0.04586662929691945,0.04198396069795468,0.04961315648731063,0.48897244514608385,0.48458583010270007,0.49286937374522094,0.009852381110191346,0.005897160789370537,0.013941982153058051,0.32262873328425995,0.3046472225286686,0.34095100483635277,-0.20796442858117278,-0.225864959554218,-0.18838930164900233,0.2873651505015458,0.2777361473340456,0.2966702755915076,0.392,0.332,0.452,0.0,0.0,0.0,0.0,0.0,0.0,0.09067515561377208,0.07083357350757821,0.10978933291598872,0.3554063630224137,0.2893255937231989,0.4185011617941589,0.2802486612473659,0.22206721031504642,0.335575675818524,0.856,0.812,0.9,0.21544857350573698,0.1996137812600373,0.2317279288185531,-0.3072841495304214,-0.3807433413829083,-0.2353974547277798,0.12591957613860721,0.09675367562175961,0.1552391633147723,0.08,0.036,0.128,-0.03222746719661611,-0.0452328131358454,-0.019239800395454382,True
transport_anchor_only,False,10.0,0.0,5.0,250,0.6202669436112046,0.5765384601002559,0.6641705438764766,0.0093979032922703,0.007504317781118527,0.011410978449009741,0.0726489570415203,0.06691771487280992,0.07852181691216834,0.4876866582436562,0.48372920278173687,0.49140021984638577,0.009852381110191346,0.005897160789370537,0.013941982153058051,0.32262873328425995,0.3046472225286686,0.34095100483635277,-0.14464223584968341,-0.16643965720561266,-0.12418697944870681,0.28621792920968575,0.2790186217218325,0.29413621040498844,0.488,0.4239,0.548,0.0,0.0,0.0,0.0,0.0,0.0,0.13387236018031926,0.11754606785297357,0.14995060622702877,0.5516759019654867,0.48835604425601326,0.6095330389666694,0.41375776489829763,0.3748332925920622,0.4581851550051371,0.736,0.6799000000000001,0.792,0.16589407625962743,0.14978698324940118,0.18263531753834547,0.06272842816442914,0.028448880667550972,0.09760093018524447,0.009853732168674469,-2.0902203023433674e-05,0.020450615017116067,-0.036,-0.068,-0.004,0.019901590072143486,0.009509145697677978,0.030163798381808687,False
mediation_aware_recourse,False,10.0,0.5,5.0,250,0.6206056556478142,0.5771954010693356,0.6643269045289606,0.009239695767516898,0.007441705722426842,0.011187479772692665,0.07067084588975146,0.06511770851391467,0.07635107628334206,0.48801646137499816,0.48390965145304204,0.4918309150601685,0.009852381110191346,0.005897160789370537,0.013941982153058051,0.32262873328425995,0.3046472225286686,0.34095100483635277,-0.14995001330190916,-0.17174291451805798,-0.12950776239564532,0.28655721159564085,0.27896844197350795,0.2944061648846129,0.484,0.4199,0.544,0.0,0.0,0.0,0.0,0.0,0.0,0.13031202249279278,0.11378959808376084,0.14646970813470264,0.5352242443645215,0.47187006255703967,0.5934117885635601,0.40275387012950514,0.3640825145137188,0.4461558040243202,0.748,0.692,0.8000999999999999,0.17032813382950357,0.1536780196632201,0.18791316201009106,0.04627677056346402,0.013510736863093703,0.07912847628131488,0.010192444205284118,0.0017001626670360569,0.020049158376455302,-0.04,-0.072,-0.008,0.016341252384617047,0.006631398570785744,0.025962750104027137,False
mediation_aware_recourse,False,10.0,1.0,5.0,250,0.6155382082834839,0.5740670771809294,0.6583231507958844,0.009641614320369904,0.0077391847426161245,0.011559057504337772,0.067199042253417,0.06162424083726441,0.07258165467644007,0.4887482437493801,0.4846437833667159,0.49262765380457646,0.009852381110191346,0.005897160789370537,0.013941982153058051,0.32262873328425995,0.3046472225286686,0.34095100483635277,-0.15700010507066595,-0.17908140709892773,-0.13599695499257308,0.29030752852025365,0.28221495995487156,0.29772265543320514,0.492,0.428,0.5480999999999999,0.0,0.0,0.0,0.0,0.0,0.0,0.12398146285267303,0.10705675562267535,0.14047565175830007,0.513372217432546,0.45218693029668566,0.5713639868199634,0.3831880822123933,0.3425259469827286,0.42604831073323657,0.756,0.7,0.812,0.17701845953394182,0.16059299611700872,0.19428608176404505,0.0244247436314885,-0.009412750880971483,0.05880350342528707,0.005124996840953827,-0.004538474352657795,0.016185057711601256,-0.032,-0.064,-0.004,0.010010692744497288,0.0010916582099304273,0.019232328120073493,False
mediation_aware_recourse,False,10.0,2.0,5.0,250,0.6219222835609689,0.5782342603800352,0.6646429402047536,0.009249674202336855,0.007460151046566375,0.011170283889651952,0.06380045384387438,0.05871809950059726,0.06890402101691631,0.4893341723258496,0.4851241533709645,0.49321153624272945,0.009852381110191346,0.005897160789370537,0.013941982153058051,0.32262873328425995,0.3046472225286686,0.34095100483635277,-0.1678014583951895,-0.18863587787932262,-0.14720696257845425,0.2924509159244265,0.2840736789550343,0.30093663020759376,0.5,0.44,0.56,0.0,0.0,0.0,0.0,0.0,0.0,0.117033564838614,0.0993515298736754,0.1345128486674679,0.4798930129780353,0.4202342739640971,0.5369506997911097,0.36171429367855223,0.3169114869573935,0.4102147095430834,0.776,0.72,0.828,0.18515505812669408,0.1685975037261181,0.20233946706457037,-0.009054460823022192,-0.040672658395040064,0.024254858784100324,0.01150907211843878,0.00306138459709473,0.02120737086441368,-0.024,-0.056,0.004,0.003062794730438256,-0.0057708806178727486,0.013430324922956906,False
mediation_aware_recourse,False,10.0,5.0,5.0,250,0.6753174675335176,0.6339536710674176,0.7160876795793883,0.00813013914016516,0.006436180921560548,0.009991297362030662,0.0484958516135921,0.044360074577349716,0.052271531569194236,0.4913359731736183,0.4870344691373587,0.49543988583743576,0.009852381110191346,0.005897160789370537,0.013941982153058051,0.32262873328425995,0.3046472225286686,0.34095100483635277,-0.2178538928288641,-0.23823170888608022,-0.19863745404748626,0.30614349836729643,0.29746265551193335,0.31524557627916866,0.508,0.444,0.572,0.0,0.0,0.0,0.0,0.0,0.0,0.08330950214817372,0.06499418659843131,0.10195054151480042,0.32475359336045684,0.26474839509354503,0.38691759329970177,0.2574837207410776,0.20575905789152318,0.3102751716184564,0.848,0.8,0.892,0.22485142114605752,0.20719292289163718,0.24117868444579166,-0.16419388044060068,-0.21365545409367884,-0.11797930102609679,0.06490425609098747,0.04363279582493706,0.08732637801133095,-0.016,-0.056,0.02,-0.03066126796000204,-0.04136154884274741,-0.01917539061015684,False
mediation_aware_recourse,False,10.0,7.551995980621402,5.0,250,0.7237627282147295,0.6839296848649042,0.7623155841990025,0.007223667826050626,0.005681909805724071,0.0089464603921909,0.04135816346441204,0.037997338998650855,0.04469660068662158,0.49246541685986517,0.4882651660305559,0.49653261543483135,0.009852381110191346,0.005897160789370537,0.013941982153058051,0.32262873328425995,0.3046472225286686,0.34095100483635277,-0.24716271655574498,-0.2654224755364435,-0.22946960567730884,0.312078553329599,0.3030567771395666,0.3208707513842003,0.532,0.46790000000000004,0.596,0.0,0.0,0.0,0.0,0.0,0.0,0.06386390733234808,0.04498951037970041,0.08306557672500349,0.23390978218305125,0.17044416428146317,0.2962642852805421,0.197383444348873,0.14150192237400322,0.2509230803265429,0.904,0.864,0.94,0.2484533416337351,0.23239247002180682,0.2636697764920113,-0.25503769161800627,-0.31841004596456335,-0.19405454654772702,0.11334951677219943,0.08535305195844266,0.14256935331504791,0.008,-0.036,0.052,-0.05010686277582768,-0.06288098571498356,-0.03778768474945974,True
transport_anchor_only,False,30.0,0.0,5.0,250,0.7463828838765622,0.6923786293707788,0.8029278295107186,0.0019915348014154875,0.0014753682640206108,0.0025812029716543268,0.06879358824115141,0.06286403855749238,0.07445471658147487,0.48722644178223606,0.4832807327529788,0.491129642384702,0.009852381110191346,0.005897160789370537,0.013941982153058051,0.32262873328425995,0.3046472225286686,0.34095100483635277,-0.16589070157855554,-0.18781222396206063,-0.14534903304908803,0.2993318545953674,0.29169167936251034,0.3075924254315025,0.676,0.6199,0.736,0.0,0.0,0.0,0.0,0.0,0.0,0.12120345540163262,0.10311279664085858,0.1390509854200262,0.4858154762291632,0.4218388678627152,0.5473986833242583,0.3746021265135091,0.32944532055202486,0.42037150112430505,0.784,0.736,0.8360999999999998,0.18285276151340682,0.16606603781811569,0.2011234747215941,0.07897847763081256,0.04203125542776777,0.11685206192850499,0.020869917199015618,0.009765761628746986,0.03358393062576651,-0.04,-0.08,0.0,0.02461765240908834,0.013925895442425326,0.03491176790676768,False
mediation_aware_recourse,False,30.0,0.5,5.0,250,0.7453532969653607,0.6917558545731008,0.8014130653463304,0.0019990853580869137,0.0014689567432697756,0.0025843017781069207,0.0665472919529629,0.06096439857255579,0.07226441748586898,0.4874941216804981,0.4835065378504217,0.4914706612870514,0.009852381110191346,0.005897160789370537,0.013941982153058051,0.32262873328425995,0.3046472225286686,0.34095100483635277,-0.17201083179133886,-0.19436953198626394,-0.1522449082873127,0.30235622396128087,0.294696506255366,0.3106730563613983,0.68,0.62,0.736,0.0,0.0,0.0,0.0,0.0,0.0,0.1147536050287662,0.09652488137078691,0.13221158343206396,0.4668459004245462,0.4034259320575641,0.5304559493517423,0.354667648099809,0.3096201457221318,0.40194552054652044,0.788,0.736,0.84,0.18913775180623169,0.17138808060417401,0.20690057938568485,0.06000890182619556,0.02302338333851214,0.09601272528815348,0.01984033028781414,0.008446275017783045,0.0331206505972892,-0.036,-0.072,0.0,0.01816780203622193,0.007441984752953507,0.028327962066992972,False
mediation_aware_recourse,False,30.0,1.0,5.0,250,0.7427862047851086,0.6889693255856633,0.7974357961997389,0.0020655361765470836,0.0015532208297817623,0.0026444159549036585,0.06334474854431522,0.057619359949466153,0.06890300043149383,0.4880838263833523,0.4839946808215201,0.4920190297307193,0.009852381110191346,0.005897160789370537,0.013941982153058051,0.32262873328425995,0.3046472225286686,0.34095100483635277,-0.1809431243524247,-0.20339604976573783,-0.1601819120030291,0.30634555746924613,0.29837715934306597,0.31495098710109937,0.684,0.624,0.744,0.0,0.0,0.0,0.0,0.0,0.0,0.1066022547773081,0.08973795117476689,0.12384414190290985,0.4391599207222491,0.37764237459049915,0.5007996205694746,0.32947436356815774,0.2825893126032421,0.377770708906893,0.796,0.744,0.848,0.19767957321250368,0.17938555928250866,0.21600635253335299,0.03232292212389842,-0.0049974146931998364,0.06606098808555015,0.017273238107562067,0.006568384701013565,0.03068493328467011,-0.032,-0.072,0.004,0.010016451784763838,0.00017102398884030794,0.01942624385240351,False
mediation_aware_recourse,False,30.0,2.0,5.0,250,0.7477624368900433,0.6940185267308262,0.8029050826393533,0.0019265982318144496,0.0014132782722404637,0.0024592376760648716,0.060567610092407506,0.05541352962517573,0.06594645336460823,0.4887577606449128,0.484738873477602,0.4927826248692155,0.009852381110191346,0.005897160789370537,0.013941982153058051,0.32262873328425995,0.3046472225286686,0.34095100483635277,-0.1894959404378299,-0.21242717448908907,-0.16863715001050467,0.3102820615199003,0.30203131817045925,0.31874496432319105,0.68,0.62,0.7360999999999999,0.0,0.0,0.0,0.0,0.0,0.0,0.0991093052218254,0.08200131206303488,0.11639824539608236,0.4126501427544277,0.34822956490260265,0.4758204370705464,0.30631599049998803,0.2580383510229202,0.359516030055953,0.804,0.7559,0.856,0.2049644289564086,0.18675034920460196,0.22428896421677125,0.0058131441560770325,-0.027171038710789575,0.03750410450526452,0.022249470212496816,0.008941958877048455,0.038749661703780296,-0.036,-0.076,0.0,0.002523502229281119,-0.006593433108615079,0.011519141563368349,False
mediation_aware_recourse,False,30.0,5.0,5.0,250,0.7792683726702817,0.7287586925269919,0.8294100811759708,0.002022749103149628,0.001505815635280933,0.0026128126114011757,0.04716762336051491,0.04306266069449046,0.05081991437568512,0.4916108404779435,0.4875291187439084,0.49552316068470476,0.009852381110191346,0.005897160789370537,0.013941982153058051,0.32262873328425995,0.3046472225286686,0.34095100483635277,-0.23608268595395634,-0.2565342488013853,-0.216248918254353,0.3216912459794737,0.3133481359684675,0.3301844543905963,0.688,0.632,0.748,0.0,0.0,0.0,0.0,0.0,0.0,0.06826526940406294,0.04987048548210074,0.08613697671423698,0.2682527574320236,0.2073643079221109,0.33347134307437903,0.21098668351525485,0.15720321768251808,0.26747915466839534,0.88,0.84,0.92,0.24148793408065902,0.22365524143507012,0.25852267745080487,-0.13858424116632706,-0.1838877218196635,-0.09390163525062227,0.05375540599273518,0.031549987254664305,0.0761120333570987,-0.028,-0.076,0.02,-0.028320533588481345,-0.03949342835952795,-0.017614453098525752,False
mediation_aware_recourse,False,30.0,7.551995980621402,5.0,250,0.8224061367516405,0.7731378695176798,0.8707537965908647,0.0019560530833511577,0.001433779849678017,0.0025402581239584673,0.039387641587707335,0.03610061842270585,0.042791383623845804,0.4931225451710224,0.4888100887744129,0.49716164021322734,0.009852381110191346,0.005897160789370537,0.013941982153058051,0.32262873328425995,0.3046472225286686,0.34095100483635277,-0.2665559282935749,-0.2842617278420722,-0.24879277635008298,0.32865004328715747,0.3196414761502932,0.33736848629378424,0.708,0.652,0.764,0.0,0.0,0.0,0.0,0.0,0.0,0.04762846008295982,0.028389026573324948,0.06674085984767938,0.1737997865840447,0.111324964916225,0.23645273322041122,0.1472047341432493,0.09013712436340827,0.20345395550603276,0.924,0.888,0.956,0.26626767112734423,0.24962075287022967,0.28193232029034204,-0.23303721201430594,-0.2913291153329462,-0.1793699631830283,0.09689317007409409,0.06827870207594242,0.127194738740928,-0.008,-0.06,0.044,-0.04895734290958447,-0.06140704952183543,-0.036654313654766214,True
transport_anchor_only,False,0.0,0.0,10.0,250,0.06680471533691161,0.0421772323230849,0.09401640521095833,0.40414209041506505,0.3705449731210982,0.43707423391027594,0.06437007460708864,0.05836748836543167,0.07048134062863688,0.47309505941033364,0.4684602434091448,0.47749896423091887,0.009852381110191346,0.005897160789370537,0.013941982153058051,0.32262873328425995,0.3046472225286686,0.34095100483635277,0.2721171315963809,0.25100816980635343,0.2919191681189873,0.356878251412193,0.34365527784377026,0.3693927554684601,0.056,0.028,0.088,0.0,0.0,0.0,0.0,0.0,0.0,0.03292979789703632,0.02012410565935383,0.047406378437871086,0.15656262594371773,0.09483735191616864,0.21903327461206448,0.10177574786967436,0.06209638668240531,0.14403753735065764,0.056,0.028,0.088,0.008790901895421392,0.004084716021699818,0.014298647773269165,0.15656262594371773,0.09387288729220886,0.22287610470435756,0.06680471533691161,0.0421772323230849,0.09401640521095833,0.012,0.0,0.028,0.03292979789703632,0.019152695567484813,0.0490412923554468,False
mediation_aware_recourse,False,0.0,0.5,10.0,250,0.06331334316061112,0.03948957193898095,0.09008678414784808,0.40756907361474226,0.3734273876818822,0.44056272023719584,0.0639442602917482,0.05801060672028035,0.07007355558660677,0.47345623455572133,0.4688105006821334,0.4779620795625567,0.009852381110191346,0.005897160789370537,0.013941982153058051,0.32262873328425995,0.3046472225286686,0.34095100483635277,0.2744518850350277,0.2523408804939955,0.2946415866364258,0.3588701726684819,0.34659446616392686,0.3710558557236045,0.056,0.028,0.088,0.0,0.0,0.0,0.0,0.0,0.0,0.030595044458389484,0.017934085773242726,0.04452282953742553,0.1493259690753732,0.08930086413361327,0.20978731620849872,0.09455975225219249,0.05532504010292546,0.13604091161202433,0.056,0.028,0.088,0.008790901895421392,0.004084716021699818,0.014298647773269165,0.1493259690753732,0.08899606149813957,0.21354634841588802,0.06331334316061112,0.03948957193898095,0.09008678414784808,0.012,0.0,0.028,0.030595044458389484,0.01765313298408744,0.04559912196796472,False
mediation_aware_recourse,False,0.0,1.0,10.0,250,0.060425821494602135,0.036504619628435465,0.08516643359941081,0.41084217849287313,0.37784125558275,0.44419946083557377,0.06351740052076808,0.05741097599612884,0.06976213813399443,0.4737716351475716,0.4690836079214692,0.47827271388890147,0.009852381110191346,0.005897160789370537,0.013941982153058051,0.32262873328425995,0.3046472225286686,0.34095100483635277,0.27676870655809405,0.25510159702878055,0.2964473531005977,0.36014790992072965,0.34835641977442394,0.3721374255494064,0.056,0.028,0.088,0.0,0.0,0.0,0.0,0.0,0.0,0.029209595754257304,0.016735796780622647,0.043250884775791705,0.14214489285974352,0.08294507833693512,0.20283003721167414,0.09027776186649328,0.05170838179668684,0.13233239208041894,0.056,0.028,0.088,0.008325215485954317,0.0035581336920889237,0.013969063094065133,0.14214489285974352,0.08303814721064273,0.2046199049085364,0.060425821494602135,0.036504619628435465,0.08516643359941081,0.012,0.0,0.028,0.029209595754257304,0.016578661363275175,0.043499778227958946,False
mediation_aware_recourse,False,0.0,2.0,10.0,250,0.06623941447987454,0.04110259206704796,0.09154939457441504,0.40991716949204304,0.37601050440823236,0.44288616425039845,0.06270880476536957,0.056602467405570955,0.06877061261559751,0.4733020358281136,0.46867589592974784,0.4776319440378785,0.009852381110191346,0.005897160789370537,0.013941982153058051,0.32262873328425995,0.3046472225286686,0.34095100483635277,0.2726648556663936,0.2501211876609921,0.29380309465890575,0.36031590426428434,0.34853322587500235,0.3726924873496506,0.068,0.036,0.1,0.0,0.0,0.0,0.0,0.0,0.0,0.02808860876285893,0.015618987549510221,0.042208831898425385,0.15486493440695648,0.09058700269933644,0.2191285652748243,0.08681314025665299,0.047487164915795715,0.1307411811390138,0.064,0.032,0.1,0.010937634427503716,0.005066581297853409,0.017472159576970462,0.15486493440695648,0.09220350989955933,0.21903752917707814,0.06623941447987454,0.04110259206704796,0.09154939457441504,0.024,0.008,0.044,0.02808860876285893,0.01495907551581202,0.04258962967631006,False
mediation_aware_recourse,False,0.0,5.0,10.0,250,0.10189296227233717,0.07234084108605603,0.1328701413667295,0.406296070226737,0.369725700721236,0.44087071820535645,0.05427480855716958,0.0484032606435976,0.059753604314464644,0.4727073036437035,0.46800548947870135,0.47692050731927155,0.009852381110191346,0.005897160789370537,0.013941982153058051,0.32262873328425995,0.3046472225286686,0.34095100483635277,0.2462959346017415,0.21930838503626424,0.2715965342733725,0.35550947613494305,0.34241453317139786,0.36731567702211654,0.128,0.088,0.172,0.0,0.0,0.0,0.0,0.0,0.0,0.029120578476372335,0.01547241556022002,0.044035629943902886,0.23659640573694207,0.16769072978949506,0.309485273056687,0.09000263718888701,0.046176286443855914,0.1349387585703692,0.12,0.076,0.164,0.01987096926665539,0.01220666384737917,0.028378492465414348,0.23659640573694207,0.16693388229123376,0.3059206007543383,0.10189296227233717,0.07234084108605603,0.1328701413667295,0.084,0.052,0.12,0.029120578476372335,0.014793265559277473,0.04527758954760169,False
mediation_aware_recourse,False,0.0,7.551995980621402,10.0,250,0.15787986185739283,0.12472046265700482,0.19550377870588564,0.3981747595263737,0.3624727610047766,0.43522889086187944,0.04499806093080072,0.04040691526629812,0.049362808372661666,0.47305678575897214,0.4685502889695942,0.4772152789159596,0.009852381110191346,0.005897160789370537,0.013941982153058051,0.32262873328425995,0.3046472225286686,0.34095100483635277,0.21512851523130422,0.18434487537745614,0.24553748625605112,0.35184526879130185,0.3383075515890613,0.36459676407076147,0.176,0.128,0.228,0.0,0.0,0.0,0.0,0.0,0.0,0.026911309826610046,0.013175536794510636,0.042358897531853505,0.33320100463042157,0.2504952187620567,0.4160355789658232,0.08317447596610528,0.037549795698606385,0.13062001917679422,0.188,0.14,0.24,0.035784024493079526,0.02472959612859414,0.04703333204098945,0.33320100463042157,0.25408588172501134,0.4174568698249286,0.15787986185739283,0.12472046265700482,0.19550377870588564,0.132,0.092,0.176,0.026911309826610046,0.01303720658927613,0.04299374733946477,True
transport_anchor_only,False,1.0,0.0,10.0,250,0.21754450417900809,0.179823184483542,0.2572349302369992,0.2770688636276765,0.2461365211453299,0.30915796654123784,0.07279593076605895,0.06710487124421258,0.07879949287322408,0.4653475552656651,0.4616360466216386,0.4689316446862101,0.009852381110191346,0.005897160789370537,0.013941982153058051,0.32262873328425995,0.3046472225286686,0.34095100483635277,0.16405942526263045,0.14068720274992172,0.18841097817921648,0.2916216627450499,0.27618535070174155,0.30587755775866476,0.08,0.048,0.116,0.0,0.0,0.0,0.0,0.0,0.0,0.10745472762325022,0.08625426269808137,0.12819233771607566,0.4914915866526932,0.4069439032266787,0.5715053797929573,0.3321090915949021,0.274186025966475,0.3870659305783753,0.208,0.16,0.256,0.02535451937505547,0.01775582903882633,0.033946627448647466,0.12795669196735726,0.03135916095441635,0.22684662197547764,0.09325815613759915,0.05843609252832976,0.1294567815872957,-0.004,-0.032,0.028,0.057607687117863494,0.04094318246133153,0.07574899397076282,False
mediation_aware_recourse,False,1.0,0.5,10.0,250,0.2151251107159478,0.1775874575940492,0.25522583848993813,0.278173374129626,0.24753624705930927,0.3101234919037169,0.0721286916133869,0.06623572333463304,0.07801841697121953,0.4654913657932282,0.4617841494310438,0.4690391883823514,0.009852381110191346,0.005897160789370537,0.013941982153058051,0.32262873328425995,0.3046472225286686,0.34095100483635277,0.16418948777512754,0.14054208217860115,0.18813709276718793,0.29271795959775504,0.2775908220407267,0.3070644693186187,0.084,0.052,0.12,0.0,0.0,0.0,0.0,0.0,0.0,0.10602636718779886,0.08559496352273678,0.1267350577427264,0.4910884529603742,0.4052193226698267,0.5698056450934742,0.32769447441443644,0.2691515256523504,0.3810045483455338,0.208,0.16,0.256,0.0260036683365326,0.018710279543732878,0.03466813226501124,0.12755355827503823,0.032293914584263964,0.22632523964787873,0.09083876267453889,0.0554180293731275,0.12737836859466622,0.0,-0.028,0.032,0.05617932668241212,0.040060638132101735,0.07453963838517101,False
mediation_aware_recourse,False,1.0,1.0,10.0,250,0.20974739625430083,0.17094416755894418,0.24869529705479726,0.2852647749749613,0.2526862415425353,0.31623115662703666,0.07041563847523963,0.0643898527579313,0.07637105878651668,0.4654656122238636,0.4617973343628824,0.4690649375171363,0.009852381110191346,0.005897160789370537,0.013941982153058051,0.32262873328425995,0.3046472225286686,0.34095100483635277,0.16604624855966502,0.14161048543562088,0.19127480356998472,0.2962377387520048,0.28124600331052646,0.31065344853750715,0.088,0.056,0.124,0.0,0.0,0.0,0.0,0.0,0.0,0.10090419585534792,0.08043103362555859,0.12200890194259974,0.48533335245944786,0.3933526437023461,0.5702039424320725,0.311863438350783,0.25506953448820757,0.36662666514185466,0.216,0.168,0.264,0.02763637361048933,0.01961594659881743,0.03705689530167947,0.12179845777411191,0.026121450284639424,0.22518270293670845,0.08546104821289191,0.04989477415768197,0.12623472958827478,0.004,-0.024,0.036,0.05105715534996119,0.034308349121516056,0.06998155015222315,False
mediation_aware_recourse,False,1.0,2.0,10.0,250,0.19678591826857883,0.15918534542939525,0.2372539348096667,0.29900301446893834,0.2650899766773837,0.330434224531729,0.06654230975854758,0.06049065946992168,0.07249479739431586,0.46598917623662955,0.4623171464417099,0.46936121784949897,0.009852381110191346,0.005897160789370537,0.013941982153058051,0.32262873328425995,0.3046472225286686,0.34095100483635277,0.17254412158173432,0.14676262548682587,0.19922910051012338,0.3061730120414169,0.29124835854205766,0.31901621354871595,0.112,0.076,0.152,0.0,0.0,0.0,0.0,0.0,0.0,0.09081488448839398,0.07190462493099897,0.11017417708691771,0.46519294848512427,0.37173404918074004,0.5528163858571955,0.28068051967413477,0.22489489741814728,0.33426730057362636,0.212,0.16390000000000002,0.264,0.029432092782931647,0.02072624155039127,0.039370103903247536,0.10165805379978832,0.0019890461462449614,0.21021488426999468,0.0724995702271699,0.03500768047600286,0.11372905730672936,0.028,-0.004,0.064,0.04096784398300725,0.02390697855914753,0.05939300982244738,False
mediation_aware_recourse,False,1.0,5.0,10.0,250,0.22165463434468255,0.1849038520053953,0.2633891158117447,0.31006402099867414,0.27524111472737484,0.3442888153843555,0.05462403942820002,0.04921207042503226,0.05954436090698761,0.4665161818716526,0.4627823145115793,0.4700463375798166,0.009852381110191346,0.005897160789370537,0.013941982153058051,0.32262873328425995,0.3046472225286686,0.34095100483635277,0.15182353886157046,0.12010133937100397,0.1794204977105332,0.31174217220046274,0.2990840714822823,0.3246472071620315,0.176,0.128,0.224,0.0,0.0,0.0,0.0,0.0,0.0,0.07804581232178699,0.058259910084730235,0.09714885522577309,0.5294171808070095,0.4352827826573478,0.6254572915080454,0.24121529509481143,0.18483367802152267,0.2928433494902448,0.268,0.212,0.324,0.042644550214033586,0.032273099377310314,0.0542648275155065,0.16588228612167355,0.0586630686836233,0.27403626998783615,0.09736828630327364,0.05682484629765386,0.13877472806760852,0.092,0.052,0.136,0.028198771816400268,0.011479800804141323,0.04584925808848333,False
mediation_aware_recourse,False,1.0,7.551995980621402,10.0,250,0.27934161861488244,0.2411421059291577,0.32248004132797214,0.3101610186605381,0.2729018049673305,0.34810105253360835,0.04404858685476466,0.03983874599668927,0.048072335848836224,0.4673263425183296,0.463379716343838,0.470959684179622,0.009852381110191346,0.005897160789370537,0.013941982153058051,0.32262873328425995,0.3046472225286686,0.34095100483635277,0.11889909246245216,0.08288599871988087,0.15055313065208956,0.3126840472898667,0.30014479106478503,0.32493647030195977,0.228,0.176,0.28,0.0,0.0,0.0,0.0,0.0,0.0,0.06936141509289315,0.050583120063666706,0.08954427225208249,0.6314677516410381,0.529963662666044,0.7280821817624005,0.21437452839677018,0.1546117056211624,0.2660466406181676,0.336,0.276,0.4,0.06267368324436401,0.049536000154987214,0.07629748201685388,0.2679328569557021,0.14072746306944434,0.39280892577169324,0.15505527057347354,0.10770877893849538,0.20366734927109936,0.144,0.09990000000000002,0.192,0.019514374587506423,0.0022541609210051665,0.03767320885384424,True
transport_anchor_only,False,3.0,0.0,10.0,250,0.5246921045854688,0.4851862834636122,0.5638847879031673,0.058577495706154406,0.0507398481003234,0.06688934827847774,0.0852563754620477,0.07962722548928938,0.09118409580597446,0.470339231818676,0.4665988284871876,0.4733816349381388,0.009852381110191346,0.005897160789370537,0.013941982153058051,0.32262873328425995,0.3046472225286686,0.34095100483635277,-0.02959612099325249,-0.04979552292964257,-0.009931566886925583,0.23113492832769242,0.2195722238079971,0.2429302167571653,0.236,0.184,0.288,0.0,0.0,0.0,0.0,0.0,0.0,0.19666368479626425,0.17716197112465404,0.21594060290216044,0.9082657000448373,0.8483033101862902,0.9679374456657552,0.6078261901737061,0.5663948003277819,0.6469943534322792,0.56,0.496,0.616,0.07757781391648991,0.06644671563377717,0.09051982820479089,0.24557518749200224,0.1845638043406971,0.30731508974798033,0.020992590255918913,0.0030210476299747826,0.04041985720244411,-0.076,-0.12,-0.036,0.07376106198587606,0.06275732154459553,0.08742661113604368,False
mediation_aware_recourse,False,3.0,0.5,10.0,250,0.5298929302915931,0.48898110777344556,0.5704597256891429,0.05817503870940644,0.05019500280294336,0.066886260512526,0.08263858766933678,0.07711387053676963,0.08863633678544193,0.46999381371188165,0.4663373967321873,0.47315294555993676,0.009852381110191346,0.005897160789370537,0.013941982153058051,0.32262873328425995,0.3046472225286686,0.34095100483635277,-0.03542023905017987,-0.055063657504062245,-0.01620795324023428,0.23299525113124256,0.2214984693967442,0.24470721173736396,0.252,0.2,0.304,0.0,0.0,0.0,0.0,0.0,0.0,0.19414483936669819,0.1760274460024581,0.2129901220568349,0.8902136251485946,0.826482576696994,0.9514885275631981,0.6000412235558189,0.556619152998966,0.6388233749502507,0.572,0.5119,0.628,0.08174929565973663,0.07006008241233001,0.09457915243735487,0.22752311259575952,0.16506711956658868,0.2929534259446991,0.026193415962043217,0.005000269517299602,0.04808519699247263,-0.06,-0.104,-0.02,0.07124221655631,0.05968567631655906,0.08438563485674085,False
mediation_aware_recourse,False,3.0,1.0,10.0,250,0.526799917996861,0.48536324699921535,0.5670590956268832,0.060157911001367775,0.051442543943611835,0.06926872970002343,0.08101617677297072,0.07532137400204171,0.08700757999627663,0.4698423894939423,0.4660832199771405,0.4731538525135339,0.009852381110191346,0.005897160789370537,0.013941982153058051,0.32262873328425995,0.3046472225286686,0.34095100483635277,-0.03767958244850357,-0.05785234555949628,-0.017895643295912315,0.23410798692058518,0.2227629649163245,0.24595782097116106,0.26,0.208,0.312,0.0,0.0,0.0,0.0,0.0,0.0,0.19044014320387878,0.17162839848437644,0.2098217151065662,0.8832107045614408,0.8197914217024347,0.9460484306551846,0.5885911617066755,0.5442305156085813,0.6272429192943009,0.576,0.512,0.632,0.08454582029342092,0.07201355672174108,0.09784891100171793,0.22052019200860573,0.15650100005070403,0.2819924741858687,0.023100403667311184,0.001233811999441241,0.04712708800495602,-0.052,-0.096,-0.01590000000000009,0.06753752039349058,0.05521459631466428,0.08013041971909751,False
mediation_aware_recourse,False,3.0,2.0,10.0,250,0.5271420108852908,0.48614279632612595,0.5665247786230874,0.060418991559540614,0.05138673429173739,0.06950463460563075,0.07540918608162273,0.0697564049952048,0.08129978096425003,0.470565986956358,0.46695632113708263,0.4738132135293961,0.009852381110191346,0.005897160789370537,0.013941982153058051,0.32262873328425995,0.3046472225286686,0.34095100483635277,-0.0530064582867992,-0.0736462695422532,-0.03244598301423199,0.23492336383334586,0.22369779184470745,0.24657327060063075,0.268,0.2159,0.32,0.0,0.0,0.0,0.0,0.0,0.0,0.18367526072069854,0.16533817494660702,0.20227237835577597,0.8357044713680335,0.7701595605339954,0.8963603959129012,0.5676830171705654,0.5238405945003195,0.6094258069741636,0.612,0.548,0.664,0.09559169945415885,0.0826443359209246,0.11023519068841196,0.17301395881519843,0.1067551010789996,0.24085905028880694,0.023442496555740946,-0.0014537974965554896,0.04944830548450991,-0.044,-0.0841,-0.008,0.06077263791031032,0.049210071808249406,0.07354857655932263,False
mediation_aware_recourse,False,3.0,5.0,10.0,250,0.5796003444222734,0.5446447007251205,0.6149815339399036,0.04979667149792855,0.040796419075896886,0.059465979268933516,0.059017473444494865,0.05441521512594334,0.06332797205757769,0.47404018878793713,0.46992795609767435,0.47780149055174,0.009852381110191346,0.005897160789370537,0.013941982153058051,0.32262873328425995,0.3046472225286686,0.34095100483635277,-0.11339921980926489,-0.13536462560712617,-0.09363022966393826,0.2504089335054928,0.23887883969449314,0.2615325645375761,0.364,0.3079,0.424,0.0,0.0,0.0,0.0,0.0,0.0,0.1553385951165914,0.1348766317298895,0.17548983732506204,0.6485148156058632,0.5857781419722874,0.7128515716837441,0.4801032104857986,0.42988329571812667,0.5271383567416922,0.696,0.636,0.752,0.13660953815204907,0.1200323984166242,0.1526889950665129,-0.01417569694697185,-0.08885302297703733,0.06012940877844212,0.07590083009272348,0.046899698055977934,0.10456870597305533,0.052,0.004,0.096,0.032435972306203195,0.021578282345950276,0.044342343193016207,False
mediation_aware_recourse,False,3.0,7.551995980621402,10.0,250,0.626527805710677,0.5895463385584764,0.6628603207855019,0.04676924151486149,0.037293465187220765,0.057414642686924575,0.049412997042656386,0.045393668457429835,0.05315514249335057,0.47608495720958705,0.4716447493124008,0.4800085022239685,0.009852381110191346,0.005897160789370537,0.013941982153058051,0.32262873328425995,0.3046472225286686,0.34095100483635277,-0.1465606370191323,-0.16691013582732012,-0.12733372148893243,0.2623751102450369,0.2514241404517632,0.2737195155046408,0.38,0.32,0.44,0.0,0.0,0.0,0.0,0.0,0.0,0.13129392939023674,0.10952328948407006,0.15265037500926576,0.5457297447527667,0.4727637082126507,0.6115508005995545,0.40578863849152846,0.3498206089956397,0.454596496037734,0.764,0.7119,0.816,0.1644372908364844,0.14814984104534853,0.18053965421319373,-0.11696076780006837,-0.19914159218050928,-0.03921600859088926,0.1228282913811272,0.0902114075618796,0.15709469784922547,0.068,0.024,0.11209999999999991,0.008391306579848538,-0.004627018391587418,0.022312482341100268,True
transport_anchor_only,False,10.0,0.0,10.0,250,0.6556384913548827,0.6057714833134785,0.7013303259320557,0.010611812226136852,0.008494888213302389,0.012751388239200813,0.0756660360173199,0.07015692070368011,0.08115893454427213,0.48161942469072344,0.4775967335324227,0.48531672479798194,0.009852381110191346,0.005897160789370537,0.013941982153058051,0.32262873328425995,0.3046472225286686,0.34095100483635277,-0.13122671897573604,-0.1518643795622241,-0.11258385410242824,0.27412341778487703,0.2663581885460196,0.28205279938150846,0.484,0.42,0.54,0.0,0.0,0.0,0.0,0.0,0.0,0.1522201921945952,0.1330469420033845,0.1699609134398369,0.5932578055280788,0.532725788312527,0.6509568978672768,0.4704651984172914,0.4317769058569835,0.5150116244208902,0.744,0.684,0.7960999999999999,0.15001240181551578,0.13410545031038631,0.16588467278742594,0.10431033172702131,0.05636645081905485,0.15404128579194926,0.04522527991235256,0.027854422630369663,0.06291125421375035,-0.04,-0.092,0.008,0.03824942208641946,0.02649120281844461,0.050842410295963605,False
mediation_aware_recourse,False,10.0,0.5,10.0,250,0.6527696849927306,0.6040273991933093,0.6988093594465404,0.010558029540978694,0.00841521501334737,0.01265289989897491,0.07294057795583399,0.067450829378014,0.07830919150088436,0.4820346958534717,0.4779994527516306,0.4857444816897929,0.009852381110191346,0.005897160789370537,0.013941982153058051,0.32262873328425995,0.3046472225286686,0.34095100483635277,-0.13892918248812675,-0.1602097441749269,-0.11860447801981333,0.27700668067481127,0.26894821056997603,0.2850528160475737,0.488,0.424,0.544,0.0,0.0,0.0,0.0,0.0,0.0,0.14555315543103564,0.12800154966497096,0.16280359610548803,0.5693837276244091,0.5049532670325116,0.6258069482332764,0.4498594645221873,0.41020762228965657,0.4932404684322807,0.748,0.688,0.8,0.1571971519534909,0.14117761585105182,0.17373865177799142,0.08043625382335162,0.03406596562503187,0.12478556361811871,0.04235647355020046,0.0251377244964242,0.06053271499872207,-0.036,-0.088,0.012,0.03158238532285988,0.020229681084173338,0.04321237028998265,False
mediation_aware_recourse,False,10.0,1.0,10.0,250,0.6564195116767659,0.6070012841032818,0.7025958392080152,0.010329245571683153,0.008225454350883054,0.01246192504811668,0.07042430781853018,0.06470516543328668,0.07591659968795511,0.4820783161258697,0.4779594633087039,0.4857645531040072,0.009852381110191346,0.005897160789370537,0.013941982153058051,0.32262873328425995,0.3046472225286686,0.34095100483635277,-0.14482637674485613,-0.1656833100971518,-0.12481672287660653,0.2779539483363257,0.26946924797038485,0.28562702794949724,0.488,0.424,0.548,0.0,0.0,0.0,0.0,0.0,0.0,0.14151258652557003,0.12433253751612589,0.1584662300476112,0.5511051502742215,0.48862454672824474,0.604746718972927,0.4373713246478237,0.3957884972008939,0.48222571547039633,0.756,0.6999,0.808,0.1621660335345884,0.14630831581061746,0.17951201098185712,0.06215767647316395,0.01601548151006863,0.1061994143220497,0.046006300234235825,0.027218588407710194,0.06416783606107346,-0.036,-0.084,0.008,0.027541816417394258,0.016558088456161333,0.03939458725727571,False
mediation_aware_recourse,False,10.0,2.0,10.0,250,0.6609115306297317,0.6119541061030003,0.7057338295936818,0.009801970652362912,0.007866720073494132,0.011921117743468563,0.06651977352530523,0.061148135462018895,0.0720833962453098,0.4827705484795571,0.47890068659846186,0.48628093680927753,0.009852381110191346,0.005897160789370537,0.013941982153058051,0.32262873328425995,0.3046472225286686,0.34095100483635277,-0.15737733498471865,-0.17827356135651362,-0.13795672605513692,0.28151162015039777,0.2740388666103765,0.2890178902974744,0.492,0.428,0.552,0.0,0.0,0.0,0.0,0.0,0.0,0.13300853836966728,0.11615976240437115,0.1497671158042675,0.5122029790010753,0.4541257617595351,0.5673567242179118,0.411087960756768,0.37157333089793726,0.45450678336697475,0.776,0.72,0.828,0.17269353673247104,0.156057389214183,0.189229904033016,0.023255505200017734,-0.02812684535532031,0.06968660091705059,0.05049831918720156,0.03142262930779252,0.0724869456010405,-0.032,-0.08,0.012,0.01903776826149155,0.007766089689441406,0.03113200669280676,False
mediation_aware_recourse,False,10.0,5.0,10.0,250,0.7102515341052785,0.6665177119651577,0.7533530772697181,0.008165521541365387,0.006542331344314251,0.010147064074460943,0.05103347325272338,0.04671912970858303,0.05570477411939777,0.48471650365924834,0.48053080663943887,0.48834280598930124,0.009852381110191346,0.005897160789370537,0.013941982153058051,0.32262873328425995,0.3046472225286686,0.34095100483635277,-0.2027168226770905,-0.22155614521817432,-0.18420442283974894,0.29558603797913613,0.2871129309529686,0.30447490814793304,0.528,0.46790000000000004,0.592,0.0,0.0,0.0,0.0,0.0,0.0,0.10193209058563792,0.08300846302628712,0.11982239047735886,0.37167151662687803,0.3185679400051917,0.4300631640153584,0.31504034077920573,0.26619722867420664,0.3660756700565096,0.828,0.776,0.872,0.20797159185143863,0.19154110353039275,0.2258035715047596,-0.11727595717417949,-0.1754482173235571,-0.06256616246855906,0.09983832266274839,0.07186937286087777,0.13108481123240198,0.004,-0.048,0.052,-0.012038679522537822,-0.024485440992418443,0.0005745836901690994,False
mediation_aware_recourse,False,10.0,7.551995980621402,10.0,250,0.7598350338269957,0.7153472078905092,0.802020496557362,0.007943619417751027,0.0062655494285403235,0.010006002406023473,0.043353671540441466,0.039843328050989515,0.04688329159054451,0.4846043377814293,0.48069130010570293,0.4885977431313336,0.009852381110191346,0.005897160789370537,0.013941982153058051,0.32262873328425995,0.3046472225286686,0.34095100483635277,-0.22976848549500137,-0.24640276784892637,-0.21154962548628362,0.30158004240304886,0.29285661777403876,0.3095308038391054,0.524,0.456,0.588,0.0,0.0,0.0,0.0,0.0,0.0,0.08293825740613335,0.06335474306347658,0.10163830969884428,0.2878238613280665,0.23172817573738708,0.34479659037763577,0.25633631888389063,0.19908837281485472,0.30904745291404634,0.884,0.84,0.92,0.23021905106647064,0.2146065320007807,0.24645223529735827,-0.20112361247299104,-0.26788325365570764,-0.13631967799778186,0.1494218223844655,0.11649347301842645,0.1829094227955793,0.0,-0.052,0.052,-0.031032512702042405,-0.04382270068785921,-0.01814247607514835,True
transport_anchor_only,False,30.0,0.0,10.0,250,0.7773880526721477,0.723193318850547,0.8327222257472574,0.001976769147371556,0.0014180136975726729,0.0025500885992521586,0.07132355604207101,0.06536256791874487,0.07710524654960561,0.4830887682473659,0.47914829219788907,0.48658186753026844,0.009852381110191346,0.005897160789370537,0.013941982153058051,0.32262873328425995,0.3046472225286686,0.34095100483635277,-0.15902886604422495,-0.1794555601515033,-0.14066602638356973,0.29254352675498385,0.2854273240024366,0.3002501382233105,0.704,0.644,0.76,0.0,0.0,0.0,0.0,0.0,0.0,0.13223595971854699,0.11472156633091841,0.14891329370999165,0.5070839958197131,0.447238828993983,0.5610993562607174,0.4087001607996662,0.36445974719135593,0.45356267490938673,0.8,0.748,0.848,0.17390559158778432,0.157780684280578,0.1922719760393059,0.10024699722136243,0.05137564179393671,0.14640110963079658,0.05187508599460125,0.0328832298129797,0.07306588772125541,-0.012,-0.064,0.036,0.035650156726002684,0.0229392120070685,0.04797813421479145,False
mediation_aware_recourse,False,30.0,0.5,10.0,250,0.7769438113868237,0.7230686184890568,0.8320885650657117,0.001984410844840911,0.0014208274247107001,0.0025621414284793223,0.06993218033783387,0.06401402292223754,0.07563963360296788,0.4831297820205689,0.4791583895004153,0.486678609844166,0.009852381110191346,0.005897160789370537,0.013941982153058051,0.32262873328425995,0.3046472225286686,0.34095100483635277,-0.16244254360202973,-0.1831210737708388,-0.14418729879662215,0.2932253812706885,0.2861060066403194,0.3010305672577757,0.7,0.64,0.756,0.0,0.0,0.0,0.0,0.0,0.0,0.12985770890957332,0.1127281868907047,0.1469933269818136,0.49650317270747935,0.436322607537325,0.5507035022762913,0.4013497283596683,0.3526986684424784,0.44543625536477155,0.804,0.752,0.852,0.17680155577117357,0.16051679952507034,0.19433874391525494,0.0896661741091287,0.04177100673012118,0.13437178398422026,0.051430844709277154,0.03220695521757007,0.07234760982990264,-0.016,-0.072,0.032,0.03327190591702905,0.020962359697442645,0.04551244699245156,False
mediation_aware_recourse,False,30.0,1.0,10.0,250,0.7703840955579654,0.7149427585824625,0.8250105299467221,0.0020290482116777407,0.0014628613884387267,0.0026411951436027935,0.0676396233947309,0.06221901873671173,0.07319993395745193,0.48381876934623724,0.47997921123631004,0.4874944177514911,0.009852381110191346,0.005897160789370537,0.013941982153058051,0.32262873328425995,0.3046472225286686,0.34095100483635277,-0.16854214307623328,-0.19004386029008827,-0.14967902709700318,0.2959304046953264,0.28841141457129404,0.3039480197735138,0.688,0.628,0.744,0.0,0.0,0.0,0.0,0.0,0.0,0.12350342451973889,0.10621919841216891,0.14132194506371634,0.47759723270606813,0.41733447588515205,0.533848097740304,0.3817106146313025,0.3347723892545222,0.4279493741748081,0.804,0.7559,0.856,0.18302849770319254,0.16570306119431963,0.20053313915261867,0.07076023410771748,0.02423509949098685,0.11278315502413865,0.04487112888041884,0.026485646878159602,0.06476952319073025,-0.028,-0.08,0.02,0.026917621527194614,0.015245032744436915,0.038857924563932625,False
mediation_aware_recourse,False,30.0,2.0,10.0,250,0.7678985706204549,0.713086334662023,0.8211797872025054,0.0020331972702526337,0.0015051320592712409,0.002602917667150593,0.06378651717130207,0.05824163898911618,0.06934392884347021,0.484640179895401,0.4806355616701901,0.4883342353380263,0.009852381110191346,0.005897160789370537,0.013941982153058051,0.32262873328425995,0.3046472225286686,0.34095100483635277,-0.18120638074966808,-0.20200357241961028,-0.1613225767650155,0.3015594437817274,0.29394404735589097,0.310283775852846,0.68,0.616,0.736,0.0,0.0,0.0,0.0,0.0,0.0,0.11318511930388825,0.09457184746412903,0.1307018490624946,0.4383439475305141,0.3792629598606557,0.49598538309267287,0.3498199472978939,0.30269456286987256,0.39794128289006,0.812,0.764,0.86,0.19451976914783528,0.1774241794331374,0.21160034439453307,0.03150694893216344,-0.017224185525284985,0.07371560666552572,0.04238560394290835,0.022459940863586964,0.06354426062887068,-0.036,-0.084,0.008,0.01659931631134397,0.004796558878643157,0.027429638327288147,False
mediation_aware_recourse,False,30.0,5.0,10.0,250,0.7963140141749755,0.744059927557013,0.8464054964954033,0.0021518383809279095,0.0015808979396083162,0.0027432924256557264,0.051712836732220026,0.047236563481568586,0.0560059186808832,0.4856153398294449,0.48164840581579804,0.48935321033775203,0.009852381110191346,0.005897160789370537,0.013941982153058051,0.32262873328425995,0.3046472225286686,0.34095100483635277,-0.2178405942299405,-0.23624446083180067,-0.19989129647656945,0.3092812398926564,0.30103005492089935,0.31735304351307275,0.684,0.624,0.74,0.0,0.0,0.0,0.0,0.0,0.0,0.09113451786731994,0.07192348242913897,0.10881926824015918,0.3247948128723962,0.26934780879062403,0.3819100893551989,0.28166840688455796,0.23075469090551134,0.3342405529137988,0.86,0.816,0.904,0.2209322639870226,0.20437513147711167,0.2382038631531434,-0.08204218572595445,-0.13713642590120392,-0.033492074841908685,0.07080104749742895,0.04611375588257797,0.09734781310001853,-0.032,-0.084,0.016,-0.005451285125224322,-0.01705375271342967,0.005090393817061316,False
mediation_aware_recourse,False,30.0,7.551995980621402,10.0,250,0.8413728279774078,0.790419442184735,0.8907781638428686,0.0021412828314612982,0.0015752617987206236,0.0026992585491884143,0.041510594653775504,0.03805355880692633,0.04498124119237256,0.4874161783704758,0.48350496588634845,0.4912843331939936,0.009852381110191346,0.005897160789370537,0.013941982153058051,0.32262873328425995,0.3046472225286686,0.34095100483635277,-0.25039976008364384,-0.2676216981075328,-0.2330319056518379,0.3188614594083789,0.3105771662417955,0.3272868351866989,0.684,0.624,0.744,0.0,0.0,0.0,0.0,0.0,0.0,0.06544137380873488,0.045690573954677606,0.08428427777999194,0.22387644294836262,0.16445077314020318,0.2818791511823665,0.20225890185625284,0.14567580550055936,0.25823677179575744,0.912,0.876,0.944,0.24928313015949113,0.23376503097318244,0.2648794772968948,-0.18296055564998803,-0.2425814258089181,-0.12358334187580863,0.11585986129986123,0.0830748490361264,0.15094994360061828,-0.032,-0.092,0.02,-0.031144429183809386,-0.04439853847562494,-0.01862340923986092,True
ordinary_actionable_recourse,True,0.0,0.0,0.0,250,0.6431824187636376,0.6181458258394152,0.6686103519536555,0.053593924062661814,0.047130037265846095,0.060709421317821956,0.07450619712758848,0.07059678717821144,0.07830866682556177,0.4915986808357239,0.48785199644782545,0.4952309810866892,0.009852381110191346,0.005897160789370537,0.013941982153058051,0.32262873328425995,0.3046472225286686,0.34095100483635277,-0.0906156526870803,-0.10491704590826312,-0.07674928069569326,0.19595665303959048,0.18541697423125925,0.20612666297213356,0.284,0.228,0.336,1.0,1.0,1.0,0.0,0.0,0.0,0.19997776938927933,0.17719283047465298,0.22058764222225039,0.7191333463556044,0.6660593652066442,0.770798564001593,0.6180689933336925,0.5718758962476138,0.6590674516295457,0.796,0.744,0.844,0.10203970818896645,0.09170710220543508,0.1131936120402549,0.0,0.0,0.0,0.0,0.0,0.0,0.0,0.0,0.0,0.0,0.0,0.0,False
distribution_constrained_recourse,False,10.0,0.0,0.0,250,0.583819289445877,0.498127726739645,0.677728898346424,0.2297475872869287,0.2035381030148203,0.2555861420011398,0.07047454244386231,0.06589600774300683,0.075142037744705,0.4796531181221009,0.4747684799016535,0.4844352498333931,0.009852381110191346,0.005897160789370537,0.013941982153058051,0.32262873328425995,0.3046472225286686,0.34095100483635277,0.08894694028643577,0.06762126955597203,0.11231325694179897,0.19092726751032904,0.17332916161096043,0.20956225944928755,0.016,0.004,0.036,0.588,0.524,0.6480999999999999,0.412,0.352,0.476,0.18552881111842023,0.16220806864586185,0.21032572705726107,0.7243055837557193,0.6553807248557102,0.7975386292003519,0.5734117640803433,0.5125827867705833,0.6287784071600246,0.468,0.408,0.528,0.023809622788808958,0.020109576569877465,0.027758257611580708,0.005172237400114854,-0.06793536631341004,0.07585080491519362,-0.059363129317760464,-0.1427927126917988,0.03845453201159834,-0.412,-0.476,-0.352,-0.014448958270859139,-0.032292830083353964,0.002678482978971921,False
