method,is_ordinary_actionable_baseline,eta,lambda_invariance,rho_anchor,n,cost,cost_lo,cost_hi,shortfall,shortfall_lo,shortfall_hi,direct_effect,direct_effect_lo,direct_effect_hi,transport,transport_lo,transport_hi,pre_recourse_mediated_prediction_disparity,pre_recourse_mediated_prediction_disparity_lo,pre_recourse_mediated_prediction_disparity_hi,pre_recourse_factual_mediated_prediction_disparity,pre_recourse_factual_mediated_prediction_disparity_lo,pre_recourse_factual_mediated_prediction_disparity_hi,post_recourse_mediated_prediction_disparity,post_recourse_mediated_prediction_disparity_lo,post_recourse_mediated_prediction_disparity_hi,outcome_wasserstein,outcome_wasserstein_lo,outcome_wasserstein_hi,feasible_rate,feasible_rate_lo,feasible_rate_hi,constraint_feasible_rate,constraint_feasible_rate_lo,constraint_feasible_rate_hi,constraint_abstention_rate,constraint_abstention_rate_lo,constraint_abstention_rate_hi,mean_absolute_gap_reduction,mean_absolute_gap_reduction_lo,mean_absolute_gap_reduction_hi,factual_mediated_prediction_disparity_closure,factual_mediated_prediction_disparity_closure_lo,factual_mediated_prediction_disparity_closure_hi,recipient_level_closure,recipient_level_closure_lo,recipient_level_closure_hi,overshoot_rate,overshoot_rate_lo,overshoot_rate_hi,overshoot_magnitude,overshoot_magnitude_lo,overshoot_magnitude_hi,factual_closure_gain_vs_actionable_baseline,factual_closure_gain_vs_actionable_baseline_lo,factual_closure_gain_vs_actionable_baseline_hi,cost_difference_vs_actionable_baseline,cost_difference_vs_actionable_baseline_lo,cost_difference_vs_actionable_baseline_hi,feasibility_difference_vs_actionable_baseline,feasibility_difference_vs_actionable_baseline_lo,feasibility_difference_vs_actionable_baseline_hi,paired_absolute_gap_gain_vs_actionable_baseline,paired_absolute_gap_gain_vs_actionable_baseline_lo,paired_absolute_gap_gain_vs_actionable_baseline_hi,is_effect_ratio_heuristic
soft_objective_recourse,False,0.0,0.0,0.0,41,0.0,0.0,0.0,0.04570774689307147,0.032843177184212605,0.059263242608043415,0.17741300583707303,0.15907469994254855,0.19521147977047154,0.2890164454172297,0.2752687243994598,0.30297512373228264,0.19944162194321796,0.1933043246225613,0.20668658138048357,0.42507753607371807,0.40707372831344313,0.44151395312183306,0.42507753607371807,0.40641426965674565,0.4446275456337687,0.4254718141958707,0.4071931118075013,0.4430310657959672,0.36585365853658536,0.21951219512195122,0.5121951219512195,0.0,0.0,0.0,0.0,0.0,0.0,0.0,0.0,0.0,0.0,0.0,0.0,0.0,0.0,0.0,0.0,0.0,0.0,0.0,0.0,0.0,0.0,0.0,0.0,0.0,0.0,0.0,0.0,0.0,0.0,0.0,0.0,0.0,False
direct_invariance_only,False,0.0,0.5,0.0,41,0.0021159996210438447,0.0,0.004751908093145708,0.04570774689307147,0.032843177184212605,0.059263242608043415,0.17017365739374243,0.1524090253798541,0.18896898528472464,0.2882840357175687,0.274567238227805,0.3026642955362615,0.19944162194321796,0.1933043246225613,0.20668658138048357,0.42507753607371807,0.40707372831344313,0.44151395312183306,0.41675411282306,0.39399832875329344,0.43950428598600777,0.4173510138807208,0.3945479607223352,0.43881641137694755,0.36585365853658536,0.21951219512195122,0.5121951219512195,0.0,0.0,0.0,0.0,0.0,0.0,0.008323423250658083,0.0,0.019669927594480306,0.019580952989279088,0.0,0.046509883242629516,0.019580952989279088,0.0,0.046261171892907904,0.0,0.0,0.0,0.0,0.0,0.0,0.019580952989279088,0.0,0.04745271209223904,0.0021159996210438447,0.0,0.004751908093145708,0.0,0.0,0.0,0.008323423250658083,0.0,0.019669927594480306,False
direct_invariance_only,False,0.0,0.7300135021058552,0.0,41,0.0042319992420876895,0.0012373634636765572,0.007589391865426807,0.04232047662499995,0.029080074319113546,0.05613449582547719,0.1661156680424591,0.1493358099485141,0.18299996028533552,0.2876098016958411,0.27334885787809404,0.30221299254221884,0.19944162194321796,0.1933043246225613,0.20668658138048357,0.42507753607371807,0.40707372831344313,0.44151395312183306,0.41006719860339164,0.3855104351156274,0.43359421027731077,0.4107572910280625,0.3868907391315102,0.4327300382258995,0.4146341463414634,0.2682926829268293,0.5609756097560976,0.0,0.0,0.0,0.0,0.0,0.0,0.015010337470326443,0.003782168114607408,0.027821393899637906,0.035311998862539995,0.00959201980746493,0.06916688849506594,0.035311998862539995,0.010332244134490836,0.06622245486594701,0.0,0.0,0.0,0.0,0.0,0.0,0.035311998862539995,0.009053582265971203,0.0672363696440288,0.0042319992420876895,0.0012373634636765572,0.007589391865426807,0.04878048780487805,0.0,0.12195121951219512,0.015010337470326443,0.003860272150912347,0.027913233072375063,True
direct_invariance_only,False,0.0,1.0,0.0,41,0.0074241807593441594,0.0037120903683144873,0.011817361501318107,0.038180471454746276,0.025193424707161648,0.051576479153657165,0.16254801223675658,0.14616744131325377,0.17821921795643522,0.2864193277569806,0.27147418185614236,0.30107415675344623,0.19944162194321796,0.1933043246225613,0.20668658138048357,0.42507753607371807,0.40707372831344313,0.44151395312183306,0.4008740142930669,0.3762156780110904,0.42550600173834097,0.4016628178542871,0.37617681919721185,0.4239851676854601,0.43902439024390244,0.2926829268292683,0.6097560975609756,0.0,0.0,0.0,0.0,0.0,0.0,0.0242035217806512,0.01050558010705244,0.03813954951891111,0.05693907517252039,0.02655194819250833,0.09888866048219393,0.05693907517252039,0.02461585524004377,0.09518329002143629,0.0,0.0,0.0,0.0,0.0,0.0,0.05693907517252039,0.02529220843505652,0.09518722474690675,0.0074241807593441594,0.0037120903683144873,0.011817361501318107,0.07317073170731707,0.0,0.17073170731707318,0.0242035217806512,0.01075794450898322,0.04027265117497747,False
direct_invariance_only,False,0.0,2.0,0.0,41,0.013091089226668927,0.007421060326145736,0.019476361389885226,0.0340691472843442,0.02189067143498479,0.047818007162848036,0.15878924436658576,0.14349539655304577,0.17379562127128353,0.2845849935419676,0.269668042968686,0.2984609911013849,0.19944162194321796,0.1933043246225613,0.20668658138048357,0.42507753607371807,0.40707372831344313,0.44151395312183306,0.3950633066053559,0.37008724649404007,0.4192598869634231,0.3959077839185255,0.37027076301597667,0.418905450964717,0.4634146341463415,0.3170731707317073,0.6341463414634146,0.0,0.0,0.0,0.0,0.0,0.0,0.030014229468362227,0.015950589328730638,0.04446954328607764,0.0706088346742394,0.03775298493215201,0.11102900563115906,0.0706088346742394,0.037294283643794654,0.10908223476458444,0.0,0.0,0.0,0.0,0.0,0.0,0.0706088346742394,0.03876651052986405,0.10912138273969019,0.013091089226668927,0.007421060326145736,0.019476361389885226,0.0975609756097561,0.024390243902439025,0.1951219512195122,0.030014229468362227,0.016647455899134897,0.04630596830231955,False
direct_invariance_only,False,0.0,5.0,0.0,41,0.0696147586014576,0.044687865223599285,0.09893262228053973,0.023813200149587148,0.014248191056273686,0.035603387776205156,0.1418148614602154,0.12702424184985805,0.15663004209830397,0.27650840335139415,0.26043190145637934,0.2923716480502995,0.19944162194321796,0.1933043246225613,0.20668658138048357,0.42507753607371807,0.40707372831344313,0.44151395312183306,0.36629069094861083,0.335345339571857,0.3945021515508859,0.36799140174599215,0.3380005863722499,0.39364400793656085,0.5365853658536586,0.36585365853658536,0.6829268292682927,0.0,0.0,0.0,0.0,0.0,0.0,0.058786845125107255,0.03935321202495049,0.07912675818585804,0.13829675797055585,0.09289882654825271,0.18848701939982526,0.13829675797055585,0.09254121881733751,0.18859317445100943,0.0,0.0,0.0,0.0,0.0,0.0,0.13829675797055585,0.09209750221630321,0.1917051580775076,0.0696147586014576,0.044687865223599285,0.09893262228053973,0.17073170731707318,0.07256097560975613,0.2926829268292683,0.058786845125107255,0.03946313195664961,0.0796502354571261,False
soft_objective_recourse,False,1.0,0.0,0.0,41,0.006743090386252578,0.002672272688913636,0.011298361823258057,0.032708227599228076,0.020786936682085394,0.0464160799976481,0.1706995424428238,0.15442015062686737,0.18678689194082354,0.2871240527346367,0.27318704349965583,0.30036243543982866,0.19944162194321796,0.1933043246225613,0.20668658138048357,0.42507753607371807,0.40707372831344313,0.44151395312183306,0.40979693883051804,0.39191072198931265,0.4288484329910279,0.4103230309490333,0.3924072323842585,0.42738166946193845,0.43902439024390244,0.2926829268292683,0.6097560975609756,0.0,0.0,0.0,0.0,0.0,0.0,0.01528059724320002,0.006525126917611557,0.025530584201302393,0.03594778821845346,0.016667716363729934,0.058421665091837834,0.03594778821845346,0.016521293278237547,0.05951987379402371,0.0,0.0,0.0,0.0,0.0,0.0,0.0,0.0,0.0,0.0,0.0,0.0,0.0,0.0,0.0,0.0,0.0,0.0,False
direct_invariance_only,False,1.0,0.5,0.0,41,0.00973772616466371,0.005308181161015499,0.01472575556395984,0.03241527158677904,0.02036627288174022,0.04604013869303843,0.16185165797312182,0.14593293968191093,0.1772090444083334,0.2860716849383784,0.27181265470003935,0.2995942058700432,0.19944162194321796,0.1933043246225613,0.20668658138048357,0.42507753607371807,0.40707372831344313,0.44151395312183306,0.39942955558075005,0.3776792817099393,0.42179290320604634,0.40018085653693813,0.378090214183162,0.42155937561956,0.4634146341463415,0.3170731707317073,0.6341463414634146,0.0,0.0,0.0,0.0,0.0,0.0,0.025647980492968087,0.013120614983673437,0.03967130089512291,0.06033718161130974,0.030929670550705567,0.09271434031725696,0.06033718161130974,0.029903006822271757,0.09373859281925206,0.0,0.0,0.0,0.0,0.0,0.0,0.024389393392856284,0.003575701060314665,0.05208501537085617,0.0029946357784111327,0.0007174546126185394,0.005791725795261744,0.024390243902439025,0.0,0.07317073170731707,0.010367383249768063,0.001518174042886534,0.021986388603161735,False
direct_invariance_only,False,1.0,0.7300135021058552,0.0,41,0.012966282256856197,0.006542424191493632,0.02078738310828623,0.030036748195093443,0.01858968173925869,0.043136481158064656,0.1605830269165533,0.14466840838891248,0.1760864936166141,0.2856600981478284,0.2714884369770383,0.2993131053656703,0.19944162194321796,0.1933043246225613,0.20668658138048357,0.42507753607371807,0.40707372831344313,0.44151395312183306,0.3970510321890644,0.37624094557193427,0.4174611303613779,0.39780233314525254,0.37541440277016647,0.41805511528305045,0.4634146341463415,0.3170731707317073,0.6341463414634146,0.0,0.0,0.0,0.0,0.0,0.0,0.028026503884653674,0.015587777847677432,0.04163097413344513,0.06593268640710581,0.03579209510393372,0.10029102546161331,0.06593268640710581,0.03548788535642151,0.10000693152271745,0.0,0.0,0.0,0.0,0.0,0.0,0.029984898188652354,0.005790385267916837,0.05786293267425356,0.00622319187060362,0.0010752728135075148,0.013720121757104629,0.024390243902439025,0.0,0.07317073170731707,0.012745906641453657,0.002527191532674306,0.024427817087835216,True
direct_invariance_only,False,1.0,1.0,0.0,41,0.01719828136265278,0.009378998812356192,0.026851614177363307,0.02826290137377804,0.01685811266264907,0.04112440736112818,0.15779627594393006,0.14240321676384712,0.17248730477591115,0.2840878697248494,0.2698082823556189,0.29826720380792165,0.19944162194321796,0.1933043246225613,0.20668658138048357,0.42507753607371807,0.40707372831344313,0.44151395312183306,0.3906237818428203,0.367146453985616,0.41175696167668036,0.3914153058388831,0.36677267077908643,0.41178901030717774,0.4634146341463415,0.3170731707317073,0.6341463414634146,0.0,0.0,0.0,0.0,0.0,0.0,0.03445375423089775,0.020196828131174623,0.04983472243943338,0.08105286990494531,0.04558986375479626,0.12097292344642992,0.08105286990494531,0.04645303475600102,0.11880211823827473,0.0,0.0,0.0,0.0,0.0,0.0,0.045105081686491855,0.01575698445215675,0.07914301401418339,0.010455190976400202,0.0033533630620052176,0.019785251851170887,0.024390243902439025,0.0,0.07317073170731707,0.01917315698769773,0.0066493496455558255,0.033346888685085056,False
direct_invariance_only,False,1.0,2.0,0.0,41,0.02892721049124148,0.017483360885937767,0.041732321357604386,0.024643203804643816,0.014358008657882374,0.03689118100040796,0.1524253971722471,0.13723990219264193,0.16715551213421284,0.2814406280110522,0.26718300988034505,0.2957925800552092,0.19944162194321796,0.1933043246225613,0.20668658138048357,0.42507753607371807,0.40707372831344313,0.44151395312183306,0.3841240162349233,0.3612714223531759,0.4055342366085135,0.384984232164499,0.36161780706923913,0.4050927032269675,0.5365853658536586,0.36585365853658536,0.6829268292682927,0.0,0.0,0.0,0.0,0.0,0.0,0.04095351983879475,0.02668908131727599,0.0552569878906424,0.09634364642523119,0.06393610879907757,0.13491306619228366,0.09634364642523119,0.06009841555476189,0.13344914414785083,0.0,0.0,0.0,0.0,0.0,0.0,0.06039585820677773,0.029421705241063377,0.09341456676270418,0.0221841201049889,0.011617604928749909,0.03441947496427995,0.0975609756097561,0.024390243902439025,0.1951219512195122,0.025672922595594727,0.012402063673089292,0.03965117736140035,False
direct_invariance_only,False,1.0,5.0,0.0,41,0.09050943357188528,0.06312765252901378,0.12170042920993958,0.018303855605101702,0.009409645291928613,0.029259713638815663,0.13792819412535443,0.12305676073083298,0.15307937356389395,0.27430111633204834,0.2585665135735237,0.28966653192779274,0.19944162194321796,0.1933043246225613,0.20668658138048357,0.42507753607371807,0.40707372831344313,0.44151395312183306,0.35889526415895145,0.33004702049764584,0.3861383744226951,0.36062713107461186,0.3325151577036851,0.38606994825611807,0.6341463414634146,0.4878048780487805,0.7804878048780488,0.0,0.0,0.0,0.0,0.0,0.0,0.06618227191476664,0.04628008112229987,0.08668573801510612,0.15569458815929782,0.10962266019119034,0.20563805566818485,0.15569458815929782,0.10784821266853759,0.20599859910784357,0.0,0.0,0.0,0.0,0.0,0.0,0.11974679994084436,0.07621125158730849,0.16377350396987012,0.0837663431856327,0.057398275861221294,0.11408522305158307,0.1951219512195122,0.07317073170731707,0.3170731707317073,0.050901674671566616,0.03228201429150565,0.06953679862375445,False
soft_objective_recourse,False,3.0,0.0,0.0,41,0.02964466501299928,0.01752064432835252,0.04424615016138953,0.020514532094732744,0.010942896970072004,0.0314852480826229,0.16439060764311675,0.14836965636093363,0.18073669969467748,0.2818271198832407,0.26879020684466853,0.29504662782362684,0.19944162194321796,0.1933043246225613,0.20668658138048357,0.42507753607371807,0.40707372831344313,0.44151395312183306,0.39514626195211705,0.38104362480621073,0.41057318646358704,0.3957690413198548,0.3812995485214322,0.4104721652964875,0.5365853658536586,0.3902439024390244,0.6829268292682927,0.0,0.0,0.0,0.0,0.0,0.0,0.029931274121601067,0.01845846482086089,0.042912374387332516,0.07041368122640634,0.0469410220659504,0.099035315996566,0.07041368122640634,0.04513945484956767,0.09810254379525016,0.0,0.0,0.0,0.0,0.0,0.0,0.0,0.0,0.0,0.0,0.0,0.0,0.0,0.0,0.0,0.0,0.0,0.0,False
direct_invariance_only,False,3.0,0.5,0.0,41,0.03671012882415841,0.022754795238284803,0.05331397589080307,0.0190760535706378,0.00984023537661565,0.029900284197702895,0.1549148788315131,0.13956287244465623,0.17034156159214697,0.2804329594279208,0.2674054272291137,0.29375374583391156,0.19944162194321796,0.1933043246225613,0.20668658138048357,0.42507753607371807,0.40707372831344313,0.44151395312183306,0.3832870439951129,0.36505924621219277,0.4007212870320793,0.38414165051104543,0.36576083779126617,0.40158540308246665,0.5853658536585366,0.43902439024390244,0.7317073170731707,0.0,0.0,0.0,0.0,0.0,0.0,0.04179049207860516,0.028052314822765177,0.05729695185844531,0.09831263365410536,0.0671503359959344,0.13338217872582225,0.09831263365410536,0.06684011749446966,0.13234780469645782,0.0,0.0,0.0,0.0,0.0,0.0,0.02789895242769902,0.006393315162352478,0.05509725447024099,0.007065463811159134,0.0017572723147345753,0.014334331727132377,0.04878048780487805,0.0,0.12195121951219512,0.011859217957004101,0.0027055900932056926,0.02312715252854278,False
direct_invariance_only,False,3.0,0.7300135021058552,0.0,41,0.03671012882415841,0.022754795238284803,0.05331397589080307,0.0190760535706378,0.00984023537661565,0.029900284197702895,0.1549148788315131,0.13956287244465623,0.17034156159214697,0.2804329594279208,0.2674054272291137,0.29375374583391156,0.19944162194321796,0.1933043246225613,0.20668658138048357,0.42507753607371807,0.40707372831344313,0.44151395312183306,0.3832870439951129,0.36505924621219277,0.4007212870320793,0.38414165051104543,0.36576083779126617,0.40158540308246665,0.5853658536585366,0.43902439024390244,0.7317073170731707,0.0,0.0,0.0,0.0,0.0,0.0,0.04179049207860516,0.028052314822765177,0.05729695185844531,0.09831263365410536,0.0671503359959344,0.13338217872582225,0.09831263365410536,0.06684011749446966,0.13234780469645782,0.0,0.0,0.0,0.0,0.0,0.0,0.02789895242769902,0.006393315162352478,0.05509725447024099,0.007065463811159134,0.0017572723147345753,0.014334331727132377,0.04878048780487805,0.0,0.12195121951219512,0.011859217957004101,0.0027055900932056926,0.02312715252854278,True
direct_invariance_only,False,3.0,1.0,0.0,41,0.03830621957142905,0.0244186758637292,0.0542563927944795,0.0190760535706378,0.00984023537661565,0.029900284197702895,0.1530887785312431,0.13829202347750155,0.16808200574115867,0.27983963734856465,0.26616320827430706,0.2934884583214071,0.19944162194321796,0.1933043246225613,0.20668658138048357,0.42507753607371807,0.40707372831344313,0.44151395312183306,0.3786336404701843,0.35867370263652243,0.3979612653415121,0.3795284700259915,0.3574931148676768,0.3978737261434852,0.5853658536585366,0.43902439024390244,0.7317073170731707,0.0,0.0,0.0,0.0,0.0,0.0,0.04644389560353384,0.032327570521788855,0.060983439091252624,0.1092598212375997,0.07708743978379208,0.14949528848538343,0.1092598212375997,0.07444193895846624,0.1450657124006195,0.0,0.0,0.0,0.0,0.0,0.0,0.03884614001119335,0.012753803333948979,0.07195429279261141,0.008661554558429777,0.002833454233662384,0.016248745970405272,0.04878048780487805,0.0,0.12195121951219512,0.01651262148193277,0.00547512967249389,0.03021104543265253,False
direct_invariance_only,False,3.0,2.0,0.0,41,0.04592795645045798,0.030521482770422062,0.0640807535175643,0.018291325069908458,0.008778104523791177,0.029252967670505784,0.149850468074381,0.134613199590166,0.16504712592509954,0.278628866665247,0.26478014032288294,0.2924111033608092,0.19944162194321796,0.1933043246225613,0.20668658138048357,0.42507753607371807,0.40707372831344313,0.44151395312183306,0.3756366823599218,0.35531601140168007,0.3954121965211443,0.37659046496550336,0.3538617091938434,0.3957589175572972,0.6341463414634146,0.4878048780487805,0.7804878048780488,0.0,0.0,0.0,0.0,0.0,0.0,0.04944085371379625,0.03503007059393151,0.06389544175657184,0.11631020112345358,0.0845206053346976,0.15527283075347645,0.11631020112345358,0.08120715242037034,0.15351422534915313,0.0,0.0,0.0,0.0,0.0,0.0,0.04589651989704724,0.017896355783592735,0.07815880600370605,0.0162832914374587,0.006940656818063338,0.026667562272490522,0.0975609756097561,0.024390243902439025,0.1951219512195122,0.01950957959219518,0.007616886818669679,0.03289052641097475,False
direct_invariance_only,False,3.0,5.0,0.0,41,0.11321344944398577,0.08164669918237119,0.1519064343170967,0.014012883518307356,0.00651538772960623,0.023805138524805924,0.13448556209359552,0.11966895805485551,0.14971839132481274,0.27208180725574493,0.2567698469635372,0.28708686457901467,0.19944162194321796,0.1933043246225613,0.20668658138048357,0.42507753607371807,0.40707372831344313,0.44151395312183306,0.35383578273948685,0.326387115798491,0.3784304899855907,0.3556241073146708,0.3280937633851283,0.3791836584736511,0.6585365853658537,0.5121951219512195,0.8048780487804879,0.0,0.0,0.0,0.0,0.0,0.0,0.07124175333423127,0.05187539632498264,0.09120736947170555,0.16759707885828223,0.12261726573064255,0.2150727878718826,0.16759707885828223,0.12126984932241468,0.21580109511184706,0.0,0.0,0.0,0.0,0.0,0.0,0.09718339763187589,0.054000298821642576,0.14581000235184188,0.0835687844309865,0.054234697503355765,0.12030861419512003,0.12195121951219512,0.024390243902439025,0.21951219512195122,0.0413104792126302,0.023308076723253943,0.060829803533086,False
soft_objective_recourse,False,10.0,0.0,0.0,41,0.09160133678375221,0.04751560709030345,0.14732948113971092,0.009369240555211402,0.0037529225625152146,0.015980352922731242,0.16066411612868223,0.14341752935153243,0.1795550398010755,0.27688912447632813,0.2652183358080504,0.2888482306220728,0.19944162194321796,0.1933043246225613,0.20668658138048357,0.42507753607371807,0.40707372831344313,0.44151395312183306,0.38193642307514664,0.3716276785163253,0.39212727412648885,0.38260535118771494,0.37205156136911016,0.3926548124562702,0.6829268292682927,0.5365853658536586,0.8292682926829268,0.0,0.0,0.0,0.0,0.0,0.0,0.04314111299857146,0.028729564362321373,0.0586978292245203,0.10148998556133948,0.07178708143433249,0.13371919841519803,0.10148998556133948,0.06969622209209457,0.1313742270097039,0.0,0.0,0.0,0.0,0.0,0.0,0.0,0.0,0.0,0.0,0.0,0.0,0.0,0.0,0.0,0.0,0.0,0.0,False
direct_invariance_only,False,10.0,0.5,0.0,41,0.11037999809515185,0.05214973333087272,0.18677514629018285,0.007752116122683114,0.0034262183267613853,0.013115014634469685,0.15150544094728857,0.13589803795559535,0.16818617139786574,0.27521633029710957,0.2635226160196996,0.2873073626059766,0.19944162194321796,0.1933043246225613,0.20668658138048357,0.42507753607371807,0.40707372831344313,0.44151395312183306,0.3702448714052993,0.3566530676179194,0.3823591475637688,0.37113628792069786,0.35628883437732295,0.38376157883432305,0.7073170731707317,0.5609756097560976,0.8536585365853658,0.0,0.0,0.0,0.0,0.0,0.0,0.054832664668418775,0.03803829039952179,0.0721223023949938,0.1289945010382988,0.09329333540258876,0.16424896121842347,0.1289945010382988,0.09331031260437772,0.1653699486024951,0.0,0.0,0.0,0.0,0.0,0.0,0.027504515476959313,0.005669886502120617,0.05548986932921186,0.018778661311399644,0.0008786361573672876,0.052677285019876195,0.024390243902439025,0.0,0.07317073170731707,0.01169155166984731,0.00235529892578636,0.023456329276975763,False
direct_invariance_only,False,10.0,0.7300135021058552,0.0,41,0.11037999809515185,0.05214973333087272,0.18677514629018285,0.007752116122683114,0.0034262183267613853,0.013115014634469685,0.15150544094728857,0.13589803795559535,0.16818617139786574,0.27521633029710957,0.2635226160196996,0.2873073626059766,0.19944162194321796,0.1933043246225613,0.20668658138048357,0.42507753607371807,0.40707372831344313,0.44151395312183306,0.3702448714052993,0.3566530676179194,0.3823591475637688,0.37113628792069786,0.35628883437732295,0.38376157883432305,0.7073170731707317,0.5609756097560976,0.8536585365853658,0.0,0.0,0.0,0.0,0.0,0.0,0.054832664668418775,0.03803829039952179,0.0721223023949938,0.1289945010382988,0.09329333540258876,0.16424896121842347,0.1289945010382988,0.09331031260437772,0.1653699486024951,0.0,0.0,0.0,0.0,0.0,0.0,0.027504515476959313,0.005669886502120617,0.05548986932921186,0.018778661311399644,0.0008786361573672876,0.052677285019876195,0.024390243902439025,0.0,0.07317073170731707,0.01169155166984731,0.00235529892578636,0.023456329276975763,True
direct_invariance_only,False,10.0,1.0,0.0,41,0.12251972300341217,0.06404850443529828,0.19515174579772548,0.006751332688436418,0.0026214810517329384,0.011922114215631576,0.14898126540790335,0.13367353248609123,0.16537246066968372,0.27330791241512065,0.26135061117479713,0.28554056137573064,0.19944162194321796,0.1933043246225613,0.20668658138048357,0.42507753607371807,0.40707372831344313,0.44151395312183306,0.3642251698104538,0.3480399673916423,0.3787438186775685,0.3651638484994661,0.34731931018962725,0.37994366387337847,0.7317073170731707,0.5853658536585366,0.8780487804878049,0.0,0.0,0.0,0.0,0.0,0.0,0.06085236626326431,0.04370951782573218,0.07703337763486945,0.14315592121224474,0.10865889170097186,0.17997027676682884,0.14315592121224474,0.10721337824001541,0.18017776557282772,0.0,0.0,0.0,0.0,0.0,0.0,0.04166593565090526,0.01296205618037051,0.07556693787155595,0.030918386219659956,0.004231999218804625,0.07073200393309134,0.04878048780487805,0.0,0.12195121951219512,0.01771125326469286,0.005433885282178635,0.031590376725078695,False
direct_invariance_only,False,10.0,2.0,0.0,41,0.12571190454338382,0.06706823390204368,0.1981480160364654,0.006751332688436418,0.0026214810517329384,0.011922114215631576,0.1470508015103567,0.13157553772513855,0.16310479477122028,0.2723962504689286,0.2600767683442228,0.2848179235645547,0.19944162194321796,0.1933043246225613,0.20668658138048357,0.42507753607371807,0.40707372831344313,0.44151395312183306,0.3628584486624231,0.34574828849664474,0.3779686331894106,0.3638500806685422,0.34597964765563916,0.3790902489859616,0.7317073170731707,0.5853658536585366,0.8780487804878049,0.0,0.0,0.0,0.0,0.0,0.0,0.06221908741129497,0.0449937790075491,0.07830714844415687,0.14637114909903104,0.11323341881867842,0.1826130544659179,0.14637114909903104,0.11150959395243348,0.18271767041386608,0.0,0.0,0.0,0.0,0.0,0.0,0.04488116353769156,0.015815726789526124,0.07776737317195505,0.03411056775963161,0.006506059930387249,0.07327607004028722,0.04878048780487805,0.0,0.12195121951219512,0.019077974412723502,0.006892523371089764,0.03223333894681948,False
direct_invariance_only,False,10.0,5.0,0.0,41,0.1695081283588235,0.11847405648029341,0.23373834920547357,0.007784402163940102,0.0030008543129056743,0.013943159524116882,0.13231291773146334,0.118244568980417,0.14845082742736568,0.268135982224854,0.25367744380335616,0.28201752706635286,0.19944162194321796,0.1933043246225613,0.20668658138048357,0.42507753607371807,0.40707372831344313,0.44151395312183306,0.346555119519509,0.32088339210565425,0.36825386140897387,0.34835577054367467,0.32342390794971637,0.369384360246012,0.7317073170731707,0.5853658536585366,0.8536585365853658,0.0,0.0,0.0,0.0,0.0,0.0,0.07852241655420912,0.05952439879335862,0.09733434981630208,0.1847249263734122,0.14278270567895027,0.22844778776567856,0.1847249263734122,0.14526158733158023,0.22928220913009265,0.0,0.0,0.0,0.0,0.0,0.0,0.08323494081207272,0.037359998058519556,0.1349267995425443,0.07790679157507129,0.02337898649559243,0.12962556520601867,0.04878048780487805,-0.04878048780487805,0.14634146341463414,0.03538130355563766,0.01599983555810062,0.05668104558752139,False
soft_objective_recourse,False,30.0,0.0,0.0,41,0.2240356601229528,0.13386612342352547,0.33767382077100433,0.0003451774349883516,0.0,0.0007832147902348175,0.15710481068084617,0.14080297793461635,0.1745899201044423,0.2683386669108054,0.2591589816164498,0.2782330550957562,0.19944162194321796,0.1933043246225613,0.20668658138048357,0.42507753607371807,0.40707372831344313,0.44151395312183306,0.3685959620157844,0.3612410207359852,0.3752770172850403,0.3693230209409048,0.36126914722624776,0.3762656771488184,0.926829268292683,0.8536585365853658,1.0,0.0,0.0,0.0,0.0,0.0,0.0,0.05648157405793373,0.0404296965841714,0.07362255443904454,0.13287358014641948,0.1000665798575404,0.16679471801788662,0.13287358014641948,0.09893801473347538,0.16503816103685115,0.0,0.0,0.0,0.0,0.0,0.0,0.0,0.0,0.0,0.0,0.0,0.0,0.0,0.0,0.0,0.0,0.0,0.0,False
direct_invariance_only,False,30.0,0.5,0.0,41,0.22615165974399665,0.1368944160998004,0.33932832665571083,0.0003451774349883516,0.0,0.0007832147902348175,0.14986546223751557,0.13454936888923394,0.1667134339062968,0.2676062572111444,0.2580032928869492,0.27795087248768385,0.19944162194321796,0.1933043246225613,0.20668658138048357,0.42507753607371807,0.40707372831344313,0.44151395312183306,0.3602725387651262,0.3479135040188192,0.3702110020151391,0.3612022206257549,0.34961261836569185,0.3707732000928665,0.926829268292683,0.8536585365853658,1.0,0.0,0.0,0.0,0.0,0.0,0.0,0.06480499730859182,0.04751330606485037,0.08147326219748575,0.1524545331356988,0.11749102645056475,0.18758403221863246,0.1524545331356988,0.11642128238974338,0.18582702415798624,0.0,0.0,0.0,0.0,0.0,0.0,0.01958095298927931,0.0,0.04745271209223893,0.0021159996210438447,0.0,0.004751908093145708,0.0,0.0,0.0,0.008323423250658083,0.0,0.019669927594480306,False
direct_invariance_only,False,30.0,0.7300135021058552,0.0,41,0.22615165974399665,0.1368944160998004,0.33932832665571083,0.0003451774349883516,0.0,0.0007832147902348175,0.14986546223751557,0.13454936888923394,0.1667134339062968,0.2676062572111444,0.2580032928869492,0.27795087248768385,0.19944162194321796,0.1933043246225613,0.20668658138048357,0.42507753607371807,0.40707372831344313,0.44151395312183306,0.3602725387651262,0.3479135040188192,0.3702110020151391,0.3612022206257549,0.34961261836569185,0.3707732000928665,0.926829268292683,0.8536585365853658,1.0,0.0,0.0,0.0,0.0,0.0,0.0,0.06480499730859182,0.04751330606485037,0.08147326219748575,0.1524545331356988,0.11749102645056475,0.18758403221863246,0.1524545331356988,0.11642128238974338,0.18582702415798624,0.0,0.0,0.0,0.0,0.0,0.0,0.01958095298927931,0.0,0.04745271209223893,0.0021159996210438447,0.0,0.004751908093145708,0.0,0.0,0.0,0.008323423250658083,0.0,0.019669927594480306,True
direct_invariance_only,False,30.0,1.0,0.0,41,0.2277477504912673,0.13814971592822453,0.34057959692280104,0.0003451774349883516,0.0,0.0007832147902348175,0.14803936193724557,0.13324597391587592,0.164532300378249,0.26701293513178825,0.2566250091668491,0.27754151941526956,0.19944162194321796,0.1933043246225613,0.20668658138048357,0.42507753607371807,0.40707372831344313,0.44151395312183306,0.3556191352401976,0.34133016291512863,0.3679584038023654,0.356589040140701,0.34150226794213717,0.3687785607342291,0.926829268292683,0.8536585365853658,1.0,0.0,0.0,0.0,0.0,0.0,0.0,0.06945840083352049,0.052061976555746084,0.0865044236687263,0.16340172071919323,0.1278876296922551,0.1984260655838522,0.16340172071919323,0.12849489371514516,0.19844993416633536,0.0,0.0,0.0,0.0,0.0,0.0,0.030528140572773754,0.006405522546696682,0.06292465084198448,0.0037120903683144873,0.0010761818962126244,0.00706948301323303,0.0,0.0,0.0,0.012976826775586755,0.0028193810597810843,0.026279208029494773,False
direct_invariance_only,False,30.0,2.0,0.0,41,0.23093993203123894,0.14303167368024133,0.3414697607252292,0.0003451774349883516,0.0,0.0007832147902348175,0.14610889803969893,0.13124170498901785,0.16156752500819335,0.26610127318559623,0.2560319920683779,0.2764779053401293,0.19944162194321796,0.1933043246225613,0.20668658138048357,0.42507753607371807,0.40707372831344313,0.44151395312183306,0.35425241409216696,0.3397364191734134,0.3668529823394335,0.355275272309777,0.33983855514645467,0.36723627214328763,0.926829268292683,0.8536585365853658,1.0,0.0,0.0,0.0,0.0,0.0,0.0,0.07082512198155112,0.053781806281825474,0.08760472117528562,0.16661694860597953,0.1316952574674894,0.2027101304612478,0.16661694860597953,0.13149011803393626,0.2008351802007895,0.0,0.0,0.0,0.0,0.0,0.0,0.03374336845956005,0.009467623081777055,0.06533984069654059,0.006904271908286141,0.0023135453366061173,0.012933028136698027,0.0,0.0,0.0,0.014343547923617396,0.0039916166261115184,0.027319285743838653,False
direct_invariance_only,False,30.0,5.0,0.0,41,0.28601294867240074,0.19185271718050922,0.4060089439636369,0.0004563807367775456,0.0,0.0012546537159890687,0.12960180810200894,0.11510739594895728,0.14642801654864393,0.25987746248521454,0.24825727556627697,0.271664972655566,0.19944162194321796,0.1933043246225613,0.20668658138048357,0.42507753607371807,0.40707372831344313,0.44151395312183306,0.3368851568444877,0.31325139608278907,0.35761235235126243,0.33874169082984,0.3167236662676275,0.3573012665809022,0.9512195121951219,0.8780487804878049,1.0,0.0,0.0,0.0,0.0,0.0,0.0,0.08819237922923036,0.06856591614177733,0.10696108971243601,0.20747362950258508,0.16684493111816684,0.24947730939130175,0.20747362950258508,0.16955596675678009,0.24942360146014775,0.0,0.0,0.0,0.0,0.0,0.0,0.0746000493561656,0.033403428440230754,0.12254585348070292,0.06197728854944793,0.03375817139792006,0.09684702278307934,0.024390243902439025,0.0,0.07317073170731707,0.03171080517129664,0.014610328122428882,0.05118623843295891,False
transport_anchor_only,False,0.0,0.0,0.1,41,0.0,0.0,0.0,0.04570774689307147,0.032843177184212605,0.059263242608043415,0.17741300583707303,0.15907469994254855,0.19521147977047154,0.2890164454172297,0.2752687243994598,0.30297512373228264,0.19944162194321796,0.1933043246225613,0.20668658138048357,0.42507753607371807,0.40707372831344313,0.44151395312183306,0.42507753607371807,0.40641426965674565,0.4446275456337687,0.4254718141958707,0.4071931118075013,0.4430310657959672,0.36585365853658536,0.21951219512195122,0.5121951219512195,0.0,0.0,0.0,0.0,0.0,0.0,0.0,0.0,0.0,0.0,0.0,0.0,0.0,0.0,0.0,0.0,0.0,0.0,0.0,0.0,0.0,0.0,0.0,0.0,0.0,0.0,0.0,0.0,0.0,0.0,0.0,0.0,0.0,False
mediation_aware_recourse,False,0.0,0.5,0.1,41,0.0029946357784111327,0.0003587273063092697,0.005989271556822265,0.044299534640417304,0.031355560132743765,0.058152490306025234,0.16844901746401236,0.15144055998335595,0.18599848418056983,0.2879610294249,0.2736707563080439,0.30225797772816404,0.19944162194321796,0.1933043246225613,0.20668658138048357,0.42507753607371807,0.40707372831344313,0.44151395312183306,0.41359489658374504,0.39041955972136466,0.43659138214694976,0.4142116631087277,0.3908021189570356,0.4364869637770829,0.3902439024390244,0.24390243902439024,0.5365853658536586,0.0,0.0,0.0,0.0,0.0,0.0,0.011482639489973183,0.000759087021443267,0.022965278979946366,0.027013047069092022,0.0017206667905986378,0.06000468802726732,0.027013047069092022,0.0018277705515644949,0.05676224827730302,0.0,0.0,0.0,0.0,0.0,0.0,0.027013047069092022,0.0018538009532006155,0.0563157962560505,0.0029946357784111327,0.0003587273063092697,0.005989271556822265,0.024390243902439025,0.0,0.07317073170731707,0.011482639489973183,0.000759087021443267,0.023588230855238673,False
mediation_aware_recourse,False,0.0,0.7300135021058552,0.1,41,0.0042319992420876895,0.0012373634636765572,0.007589391865426807,0.04232047662499995,0.029080074319113546,0.05613449582547719,0.1661156680424591,0.1493358099485141,0.18299996028533552,0.2876098016958411,0.27334885787809404,0.30221299254221884,0.19944162194321796,0.1933043246225613,0.20668658138048357,0.42507753607371807,0.40707372831344313,0.44151395312183306,0.41006719860339164,0.3855104351156274,0.43359421027731077,0.4107572910280625,0.3868907391315102,0.4327300382258995,0.4146341463414634,0.2682926829268293,0.5609756097560976,0.0,0.0,0.0,0.0,0.0,0.0,0.015010337470326443,0.003782168114607408,0.027821393899637906,0.035311998862539995,0.00959201980746493,0.06916688849506594,0.035311998862539995,0.010332244134490836,0.06622245486594701,0.0,0.0,0.0,0.0,0.0,0.0,0.035311998862539995,0.009053582265971203,0.0672363696440288,0.0042319992420876895,0.0012373634636765572,0.007589391865426807,0.04878048780487805,0.0,0.12195121951219512,0.015010337470326443,0.003860272150912347,0.027913233072375063,True
mediation_aware_recourse,False,0.0,1.0,0.1,41,0.0074241807593441594,0.0037120903683144873,0.011817361501318107,0.038180471454746276,0.025193424707161648,0.051576479153657165,0.16254801223675658,0.14616744131325377,0.17821921795643522,0.2864193277569806,0.27147418185614236,0.30107415675344623,0.19944162194321796,0.1933043246225613,0.20668658138048357,0.42507753607371807,0.40707372831344313,0.44151395312183306,0.4008740142930669,0.3762156780110904,0.42550600173834097,0.4016628178542871,0.37617681919721185,0.4239851676854601,0.43902439024390244,0.2926829268292683,0.6097560975609756,0.0,0.0,0.0,0.0,0.0,0.0,0.0242035217806512,0.01050558010705244,0.03813954951891111,0.05693907517252039,0.02655194819250833,0.09888866048219393,0.05693907517252039,0.02461585524004377,0.09518329002143629,0.0,0.0,0.0,0.0,0.0,0.0,0.05693907517252039,0.02529220843505652,0.09518722474690675,0.0074241807593441594,0.0037120903683144873,0.011817361501318107,0.07317073170731707,0.0,0.17073170731707318,0.0242035217806512,0.01075794450898322,0.04027265117497747,False
mediation_aware_recourse,False,0.0,2.0,0.1,41,0.013969725361321031,0.0077829080878007335,0.020802177918120855,0.0340691472843442,0.02189067143498479,0.047818007162848036,0.15836145728050233,0.14333780850164402,0.17350170374890256,0.28427187544180127,0.26933054275492707,0.29800730099583544,0.19944162194321796,0.1933043246225613,0.20668658138048357,0.42507753607371807,0.40707372831344313,0.44151395312183306,0.39306742083795154,0.36602951568156933,0.4187250598573357,0.3939896215632477,0.36672133315068,0.4177025062703354,0.4634146341463415,0.3170731707317073,0.6341463414634146,0.0,0.0,0.0,0.0,0.0,0.0,0.03201011523576659,0.01753071587060148,0.04704607308307958,0.0753041798713523,0.04148031370425931,0.11725872537584976,0.0753041798713523,0.040234421729263725,0.11531526074547888,0.0,0.0,0.0,0.0,0.0,0.0,0.0753041798713523,0.04132253887920966,0.11611536738531199,0.013969725361321031,0.0077829080878007335,0.020802177918120855,0.0975609756097561,0.024390243902439025,0.1951219512195122,0.03201011523576659,0.017918993859125,0.048359696293861935,False
mediation_aware_recourse,False,0.0,5.0,0.1,41,0.07456421245616383,0.04956145969889604,0.1028659244011179,0.0227227786672631,0.013700956210499547,0.034099501431799684,0.14083627958916886,0.12613993434365672,0.15591901880396375,0.2755473787646468,0.25987106747698124,0.2908022749623874,0.19944162194321796,0.1933043246225613,0.20668658138048357,0.42507753607371807,0.40707372831344313,0.44151395312183306,0.36498165856184894,0.33393064741019607,0.3931633472567671,0.36668236935923026,0.3368033623689601,0.39200177350802773,0.5609756097560976,0.4146341463414634,0.7073170731707317,0.0,0.0,0.0,0.0,0.0,0.0,0.060095877511869115,0.04041390792643115,0.0803140455661173,0.14137627235480899,0.09699651498758602,0.18981256974544214,0.14137627235480899,0.09563977931825897,0.191659930122308,0.0,0.0,0.0,0.0,0.0,0.0,0.14137627235480899,0.09532369023866681,0.19334233444874815,0.07456421245616383,0.04956145969889604,0.1028659244011179,0.1951219512195122,0.07317073170731707,0.3170731707317073,0.060095877511869115,0.04081842075147449,0.08044221921743866,False
transport_anchor_only,False,1.0,0.0,0.1,41,0.006743090386252578,0.002672272688913636,0.011298361823258057,0.032708227599228076,0.020786936682085394,0.0464160799976481,0.1706995424428238,0.15442015062686737,0.18678689194082354,0.2871240527346367,0.27318704349965583,0.30036243543982866,0.19944162194321796,0.1933043246225613,0.20668658138048357,0.42507753607371807,0.40707372831344313,0.44151395312183306,0.40979693883051804,0.39191072198931265,0.4288484329910279,0.4103230309490333,0.3924072323842585,0.42738166946193845,0.43902439024390244,0.2926829268292683,0.6097560975609756,0.0,0.0,0.0,0.0,0.0,0.0,0.01528059724320002,0.006525126917611557,0.025530584201302393,0.03594778821845346,0.016667716363729934,0.058421665091837834,0.03594778821845346,0.016521293278237547,0.05951987379402371,0.0,0.0,0.0,0.0,0.0,0.0,0.0,0.0,0.0,0.0,0.0,0.0,0.0,0.0,0.0,0.0,0.0,0.0,False
mediation_aware_recourse,False,1.0,0.5,0.1,41,0.00973772616466371,0.005308181161015499,0.01472575556395984,0.03241527158677904,0.02036627288174022,0.04604013869303843,0.16185165797312182,0.14593293968191093,0.1772090444083334,0.2860716849383784,0.27181265470003935,0.2995942058700432,0.19944162194321796,0.1933043246225613,0.20668658138048357,0.42507753607371807,0.40707372831344313,0.44151395312183306,0.39942955558075005,0.3776792817099393,0.42179290320604634,0.40018085653693813,0.378090214183162,0.42155937561956,0.4634146341463415,0.3170731707317073,0.6341463414634146,0.0,0.0,0.0,0.0,0.0,0.0,0.025647980492968087,0.013120614983673437,0.03967130089512291,0.06033718161130974,0.030929670550705567,0.09271434031725696,0.06033718161130974,0.029903006822271757,0.09373859281925206,0.0,0.0,0.0,0.0,0.0,0.0,0.024389393392856284,0.003575701060314665,0.05208501537085617,0.0029946357784111327,0.0007174546126185394,0.005791725795261744,0.024390243902439025,0.0,0.07317073170731707,0.010367383249768063,0.001518174042886534,0.021986388603161735,False
mediation_aware_recourse,False,1.0,0.7300135021058552,0.1,41,0.013844918414223485,0.007065453475750074,0.021898121626979513,0.029425523579502028,0.018351457632779757,0.042317971935461676,0.16024847559696592,0.14459982317414244,0.1759731987611853,0.2853305000902676,0.2714691729171247,0.29923879009012766,0.19944162194321796,0.1933043246225613,0.20668658138048357,0.42507753607371807,0.40707372831344313,0.44151395312183306,0.396439807573473,0.3756512695799955,0.416248923766765,0.3971911085296611,0.3753011500132955,0.41723092465082945,0.4634146341463415,0.3170731707317073,0.6341463414634146,0.0,0.0,0.0,0.0,0.0,0.0,0.02863772850024509,0.01620602541236942,0.042158497514390415,0.06737059964344627,0.03719217105914056,0.1027839202259214,0.06737059964344627,0.037466077382465615,0.10096032676419102,0.0,0.0,0.0,0.0,0.0,0.0,0.031422811424992814,0.007024533038229555,0.05929456913075367,0.007101828027970907,0.0015920612313671085,0.014602787194705405,0.024390243902439025,0.0,0.07317073170731707,0.013357131257045074,0.0029881850095692165,0.0250049264475121,True
mediation_aware_recourse,False,1.0,1.0,0.1,41,0.01719828136265278,0.009378998812356192,0.026851614177363307,0.02826290137377804,0.01685811266264907,0.04112440736112818,0.15779627594393006,0.14240321676384712,0.17248730477591115,0.2840878697248494,0.2698082823556189,0.29826720380792165,0.19944162194321796,0.1933043246225613,0.20668658138048357,0.42507753607371807,0.40707372831344313,0.44151395312183306,0.3906237818428203,0.367146453985616,0.41175696167668036,0.3914153058388831,0.36677267077908643,0.41178901030717774,0.4634146341463415,0.3170731707317073,0.6341463414634146,0.0,0.0,0.0,0.0,0.0,0.0,0.03445375423089775,0.020196828131174623,0.04983472243943338,0.08105286990494531,0.04558986375479626,0.12097292344642992,0.08105286990494531,0.04645303475600102,0.11880211823827473,0.0,0.0,0.0,0.0,0.0,0.0,0.045105081686491855,0.01575698445215675,0.07914301401418339,0.010455190976400202,0.0033533630620052176,0.019785251851170887,0.024390243902439025,0.0,0.07317073170731707,0.01917315698769773,0.0066493496455558255,0.033346888685085056,False
mediation_aware_recourse,False,1.0,2.0,0.1,41,0.02980584662589358,0.017644542474981127,0.042449776139451056,0.024643203804643816,0.014358008657882374,0.03689118100040796,0.15199761008616366,0.13698576052789194,0.1667381521685458,0.28112750991088586,0.2665388395896227,0.2954794619550429,0.19944162194321796,0.1933043246225613,0.20668658138048357,0.42507753607371807,0.40707372831344313,0.44151395312183306,0.382128130467519,0.35751850534992774,0.40467296495096455,0.3830660698092212,0.35914689386464316,0.40439857454017886,0.5365853658536586,0.36585365853658536,0.6829268292682927,0.0,0.0,0.0,0.0,0.0,0.0,0.042949405606199115,0.027640050010884702,0.058406508678831764,0.10103899162234409,0.06619476909410445,0.14082659871584474,0.10103899162234409,0.06486557225374721,0.13959940855127867,0.0,0.0,0.0,0.0,0.0,0.0,0.06509120340389063,0.03199116641039202,0.10018630294255602,0.023062756239641005,0.01236961569194114,0.03534885721917196,0.0975609756097561,0.024390243902439025,0.1951219512195122,0.027668808362999096,0.013556157731671742,0.04211244416285164,False
mediation_aware_recourse,False,1.0,5.0,0.1,41,0.09458025126922422,0.06732017816123893,0.1259220886657514,0.017666308749269236,0.008998817705090348,0.028450881972825547,0.137248315973329,0.12201010168333364,0.15221772267907643,0.2738099328991843,0.25795057833467316,0.2887234338173052,0.19944162194321796,0.1933043246225613,0.20668658138048357,0.42507753607371807,0.40707372831344313,0.44151395312183306,0.358257717303119,0.3291891733858985,0.38519319982886346,0.3599917747276893,0.33193680902083195,0.38542991099222323,0.6341463414634146,0.4878048780487805,0.7804878048780488,0.0,0.0,0.0,0.0,0.0,0.0,0.0668198187705991,0.04703427425021626,0.08725440062066704,0.1571944247813909,0.11239095664311304,0.20620199799521857,0.1571944247813909,0.10838885116929396,0.20827804754097878,0.0,0.0,0.0,0.0,0.0,0.0,0.12124663656293744,0.0769445754697641,0.16668035870526962,0.08783716088297164,0.061388610035930644,0.11793215002910029,0.1951219512195122,0.07317073170731707,0.3170731707317073,0.05153922152739908,0.03277014769544471,0.07036365670654338,False
transport_anchor_only,False,3.0,0.0,0.1,41,0.02964466501299928,0.01752064432835252,0.04424615016138953,0.020514532094732744,0.010942896970072004,0.0314852480826229,0.16439060764311675,0.14836965636093363,0.18073669969467748,0.2818271198832407,0.26879020684466853,0.29504662782362684,0.19944162194321796,0.1933043246225613,0.20668658138048357,0.42507753607371807,0.40707372831344313,0.44151395312183306,0.39514626195211705,0.38104362480621073,0.41057318646358704,0.3957690413198548,0.3812995485214322,0.4104721652964875,0.5365853658536586,0.3902439024390244,0.6829268292682927,0.0,0.0,0.0,0.0,0.0,0.0,0.029931274121601067,0.01845846482086089,0.042912374387332516,0.07041368122640634,0.0469410220659504,0.099035315996566,0.07041368122640634,0.04513945484956767,0.09810254379525016,0.0,0.0,0.0,0.0,0.0,0.0,0.0,0.0,0.0,0.0,0.0,0.0,0.0,0.0,0.0,0.0,0.0,0.0,False
mediation_aware_recourse,False,3.0,0.5,0.1,41,0.03671012882415841,0.022754795238284803,0.05331397589080307,0.0190760535706378,0.00984023537661565,0.029900284197702895,0.1549148788315131,0.13956287244465623,0.17034156159214697,0.2804329594279208,0.2674054272291137,0.29375374583391156,0.19944162194321796,0.1933043246225613,0.20668658138048357,0.42507753607371807,0.40707372831344313,0.44151395312183306,0.3832870439951129,0.36505924621219277,0.4007212870320793,0.38414165051104543,0.36576083779126617,0.40158540308246665,0.5853658536585366,0.43902439024390244,0.7317073170731707,0.0,0.0,0.0,0.0,0.0,0.0,0.04179049207860516,0.028052314822765177,0.05729695185844531,0.09831263365410536,0.0671503359959344,0.13338217872582225,0.09831263365410536,0.06684011749446966,0.13234780469645782,0.0,0.0,0.0,0.0,0.0,0.0,0.02789895242769902,0.006393315162352478,0.05509725447024099,0.007065463811159134,0.0017572723147345753,0.014334331727132377,0.04878048780487805,0.0,0.12195121951219512,0.011859217957004101,0.0027055900932056926,0.02312715252854278,False
mediation_aware_recourse,False,3.0,0.7300135021058552,0.1,41,0.03671012882415841,0.022754795238284803,0.05331397589080307,0.0190760535706378,0.00984023537661565,0.029900284197702895,0.1549148788315131,0.13956287244465623,0.17034156159214697,0.2804329594279208,0.2674054272291137,0.29375374583391156,0.19944162194321796,0.1933043246225613,0.20668658138048357,0.42507753607371807,0.40707372831344313,0.44151395312183306,0.3832870439951129,0.36505924621219277,0.4007212870320793,0.38414165051104543,0.36576083779126617,0.40158540308246665,0.5853658536585366,0.43902439024390244,0.7317073170731707,0.0,0.0,0.0,0.0,0.0,0.0,0.04179049207860516,0.028052314822765177,0.05729695185844531,0.09831263365410536,0.0671503359959344,0.13338217872582225,0.09831263365410536,0.06684011749446966,0.13234780469645782,0.0,0.0,0.0,0.0,0.0,0.0,0.02789895242769902,0.006393315162352478,0.05509725447024099,0.007065463811159134,0.0017572723147345753,0.014334331727132377,0.04878048780487805,0.0,0.12195121951219512,0.011859217957004101,0.0027055900932056926,0.02312715252854278,True
mediation_aware_recourse,False,3.0,1.0,0.1,41,0.03830621957142905,0.0244186758637292,0.0542563927944795,0.0190760535706378,0.00984023537661565,0.029900284197702895,0.1530887785312431,0.13829202347750155,0.16808200574115867,0.27983963734856465,0.26616320827430706,0.2934884583214071,0.19944162194321796,0.1933043246225613,0.20668658138048357,0.42507753607371807,0.40707372831344313,0.44151395312183306,0.3786336404701843,0.35867370263652243,0.3979612653415121,0.3795284700259915,0.3574931148676768,0.3978737261434852,0.5853658536585366,0.43902439024390244,0.7317073170731707,0.0,0.0,0.0,0.0,0.0,0.0,0.04644389560353384,0.032327570521788855,0.060983439091252624,0.1092598212375997,0.07708743978379208,0.14949528848538343,0.1092598212375997,0.07444193895846624,0.1450657124006195,0.0,0.0,0.0,0.0,0.0,0.0,0.03884614001119335,0.012753803333948979,0.07195429279261141,0.008661554558429777,0.002833454233662384,0.016248745970405272,0.04878048780487805,0.0,0.12195121951219512,0.01651262148193277,0.00547512967249389,0.03021104543265253,False
mediation_aware_recourse,False,3.0,2.0,0.1,41,0.053835682116630604,0.03448501594489577,0.07686376875981961,0.016656798063783895,0.00789194856918656,0.027367879054428418,0.1483806174520413,0.1335309895894795,0.16357779395237682,0.27765655244995907,0.2631499973920787,0.29177436362043385,0.19944162194321796,0.1933043246225613,0.20668658138048357,0.42507753607371807,0.40707372831344313,0.44151395312183306,0.37200626958639293,0.34994099815214036,0.3910472923965578,0.37305050599115447,0.3500176455138371,0.3931272479566377,0.6341463414634146,0.4878048780487805,0.7804878048780488,0.0,0.0,0.0,0.0,0.0,0.0,0.053071266487325186,0.03781701160967331,0.06874190189024162,0.12485079069932636,0.09037156271981972,0.16586708818539583,0.12485079069932636,0.08733929812121786,0.16081942137173158,0.0,0.0,0.0,0.0,0.0,0.0,0.05443710947292002,0.0226172770606653,0.09108562237842707,0.02419101710363132,0.01001657555958756,0.04291798186136364,0.0975609756097561,0.024390243902439025,0.1951219512195122,0.023139992365724112,0.009827727789934109,0.03770399215514083,False
mediation_aware_recourse,False,3.0,5.0,0.1,41,0.11321344944398577,0.08164669918237119,0.1519064343170967,0.014012883518307356,0.00651538772960623,0.023805138524805924,0.13448556209359552,0.11966895805485551,0.14971839132481274,0.27208180725574493,0.2567698469635372,0.28708686457901467,0.19944162194321796,0.1933043246225613,0.20668658138048357,0.42507753607371807,0.40707372831344313,0.44151395312183306,0.35383578273948685,0.326387115798491,0.3784304899855907,0.3556241073146708,0.3280937633851283,0.3791836584736511,0.6585365853658537,0.5121951219512195,0.8048780487804879,0.0,0.0,0.0,0.0,0.0,0.0,0.07124175333423127,0.05187539632498264,0.09120736947170555,0.16759707885828223,0.12261726573064255,0.2150727878718826,0.16759707885828223,0.12126984932241468,0.21580109511184706,0.0,0.0,0.0,0.0,0.0,0.0,0.09718339763187589,0.054000298821642576,0.14581000235184188,0.0835687844309865,0.054234697503355765,0.12030861419512003,0.12195121951219512,0.024390243902439025,0.21951219512195122,0.0413104792126302,0.023308076723253943,0.060829803533086,False
transport_anchor_only,False,10.0,0.0,0.1,41,0.09160133678375221,0.04751560709030345,0.14732948113971092,0.009369240555211402,0.0037529225625152146,0.015980352922731242,0.16066411612868223,0.14341752935153243,0.1795550398010755,0.27688912447632813,0.2652183358080504,0.2888482306220728,0.19944162194321796,0.1933043246225613,0.20668658138048357,0.42507753607371807,0.40707372831344313,0.44151395312183306,0.38193642307514664,0.3716276785163253,0.39212727412648885,0.38260535118771494,0.37205156136911016,0.3926548124562702,0.6829268292682927,0.5365853658536586,0.8292682926829268,0.0,0.0,0.0,0.0,0.0,0.0,0.04314111299857146,0.028729564362321373,0.0586978292245203,0.10148998556133948,0.07178708143433249,0.13371919841519803,0.10148998556133948,0.06969622209209457,0.1313742270097039,0.0,0.0,0.0,0.0,0.0,0.0,0.0,0.0,0.0,0.0,0.0,0.0,0.0,0.0,0.0,0.0,0.0,0.0,False
mediation_aware_recourse,False,10.0,0.5,0.1,41,0.11037999809515185,0.05214973333087272,0.18677514629018285,0.007752116122683114,0.0034262183267613853,0.013115014634469685,0.15150544094728857,0.13589803795559535,0.16818617139786574,0.27521633029710957,0.2635226160196996,0.2873073626059766,0.19944162194321796,0.1933043246225613,0.20668658138048357,0.42507753607371807,0.40707372831344313,0.44151395312183306,0.3702448714052993,0.3566530676179194,0.3823591475637688,0.37113628792069786,0.35628883437732295,0.38376157883432305,0.7073170731707317,0.5609756097560976,0.8536585365853658,0.0,0.0,0.0,0.0,0.0,0.0,0.054832664668418775,0.03803829039952179,0.0721223023949938,0.1289945010382988,0.09329333540258876,0.16424896121842347,0.1289945010382988,0.09331031260437772,0.1653699486024951,0.0,0.0,0.0,0.0,0.0,0.0,0.027504515476959313,0.005669886502120617,0.05548986932921186,0.018778661311399644,0.0008786361573672876,0.052677285019876195,0.024390243902439025,0.0,0.07317073170731707,0.01169155166984731,0.00235529892578636,0.023456329276975763,False
mediation_aware_recourse,False,10.0,0.7300135021058552,0.1,41,0.12092363225614153,0.06211696155766797,0.19353017645104356,0.006751332688436418,0.0026214810517329384,0.011922114215631576,0.15080736570817335,0.13525464417514393,0.16777289365912515,0.2739012344944768,0.262189718896932,0.28612582088879696,0.19944162194321796,0.1933043246225613,0.20668658138048357,0.42507753607371807,0.40707372831344313,0.44151395312183306,0.3688785733353825,0.3549877920213934,0.3802401425367323,0.3697770289845201,0.3555747146756517,0.3824126134706291,0.7317073170731707,0.5853658536585366,0.8780487804878049,0.0,0.0,0.0,0.0,0.0,0.0,0.05619896273833564,0.03935510769541314,0.07341763795449818,0.13220873362875007,0.09748694053063184,0.16629581888647504,0.13220873362875007,0.09753905089389726,0.16727485259419395,0.0,0.0,0.0,0.0,0.0,0.0,0.030718748067410595,0.007456373023808233,0.05924690477404531,0.029322295472389313,0.0021159996210438447,0.06919591615669335,0.04878048780487805,0.0,0.12195121951219512,0.013057849739764189,0.003283103666837124,0.024989209344037276,True
mediation_aware_recourse,False,10.0,1.0,0.1,41,0.12251972300341217,0.06404850443529828,0.19515174579772548,0.006751332688436418,0.0026214810517329384,0.011922114215631576,0.14898126540790335,0.13367353248609123,0.16537246066968372,0.27330791241512065,0.26135061117479713,0.28554056137573064,0.19944162194321796,0.1933043246225613,0.20668658138048357,0.42507753607371807,0.40707372831344313,0.44151395312183306,0.3642251698104538,0.3480399673916423,0.3787438186775685,0.3651638484994661,0.34731931018962725,0.37994366387337847,0.7317073170731707,0.5853658536585366,0.8780487804878049,0.0,0.0,0.0,0.0,0.0,0.0,0.06085236626326431,0.04370951782573218,0.07703337763486945,0.14315592121224474,0.10865889170097186,0.17997027676682884,0.14315592121224474,0.10721337824001541,0.18017776557282772,0.0,0.0,0.0,0.0,0.0,0.0,0.04166593565090526,0.01296205618037051,0.07556693787155595,0.030918386219659956,0.004231999218804625,0.07073200393309134,0.04878048780487805,0.0,0.12195121951219512,0.01771125326469286,0.005433885282178635,0.031590376725078695,False
mediation_aware_recourse,False,10.0,2.0,0.1,41,0.12659054067803593,0.06836218921263226,0.1987276942037591,0.006751332688436418,0.0026214810517329384,0.011922114215631576,0.14662301442427328,0.13157553772513855,0.1624066762608231,0.2720831323687623,0.25952007960891577,0.28442135050256806,0.19944162194321796,0.1933043246225613,0.20668658138048357,0.42507753607371807,0.40707372831344313,0.44151395312183306,0.3608625628950187,0.3425583156300441,0.3769326572602627,0.3619319183132644,0.34295833237191187,0.37812676058129174,0.7317073170731707,0.5853658536585366,0.8780487804878049,0.0,0.0,0.0,0.0,0.0,0.0,0.06421497317869934,0.04661963965359669,0.0814746886995234,0.15106649429614416,0.11630084196632245,0.18869887301959185,0.15106649429614416,0.11426791564246187,0.18863238995824463,0.0,0.0,0.0,0.0,0.0,0.0,0.04957650873480468,0.019445967757411364,0.08369433814071653,0.03498920389428371,0.007217666792410721,0.074724638922617,0.04878048780487805,0.0,0.12195121951219512,0.02107386018012787,0.00816089940599543,0.035370074350149557,False
mediation_aware_recourse,False,10.0,5.0,0.1,41,0.1695081283588235,0.11847405648029341,0.23373834920547357,0.007784402163940102,0.0030008543129056743,0.013943159524116882,0.13231291773146334,0.118244568980417,0.14845082742736568,0.268135982224854,0.25367744380335616,0.28201752706635286,0.19944162194321796,0.1933043246225613,0.20668658138048357,0.42507753607371807,0.40707372831344313,0.44151395312183306,0.346555119519509,0.32088339210565425,0.36825386140897387,0.34835577054367467,0.32342390794971637,0.369384360246012,0.7317073170731707,0.5853658536585366,0.8536585365853658,0.0,0.0,0.0,0.0,0.0,0.0,0.07852241655420912,0.05952439879335862,0.09733434981630208,0.1847249263734122,0.14278270567895027,0.22844778776567856,0.1847249263734122,0.14526158733158023,0.22928220913009265,0.0,0.0,0.0,0.0,0.0,0.0,0.08323494081207272,0.037359998058519556,0.1349267995425443,0.07790679157507129,0.02337898649559243,0.12962556520601867,0.04878048780487805,-0.04878048780487805,0.14634146341463414,0.03538130355563766,0.01599983555810062,0.05668104558752139,False
transport_anchor_only,False,30.0,0.0,0.1,41,0.2240356601229528,0.13386612342352547,0.33767382077100433,0.0003451774349883516,0.0,0.0007832147902348175,0.15710481068084617,0.14080297793461635,0.1745899201044423,0.2683386669108054,0.2591589816164498,0.2782330550957562,0.19944162194321796,0.1933043246225613,0.20668658138048357,0.42507753607371807,0.40707372831344313,0.44151395312183306,0.3685959620157844,0.3612410207359852,0.3752770172850403,0.3693230209409048,0.36126914722624776,0.3762656771488184,0.926829268292683,0.8536585365853658,1.0,0.0,0.0,0.0,0.0,0.0,0.0,0.05648157405793373,0.0404296965841714,0.07362255443904454,0.13287358014641948,0.1000665798575404,0.16679471801788662,0.13287358014641948,0.09893801473347538,0.16503816103685115,0.0,0.0,0.0,0.0,0.0,0.0,0.0,0.0,0.0,0.0,0.0,0.0,0.0,0.0,0.0,0.0,0.0,0.0,False
mediation_aware_recourse,False,30.0,0.5,0.1,41,0.22615165974399665,0.1368944160998004,0.33932832665571083,0.0003451774349883516,0.0,0.0007832147902348175,0.14986546223751557,0.13454936888923394,0.1667134339062968,0.2676062572111444,0.2580032928869492,0.27795087248768385,0.19944162194321796,0.1933043246225613,0.20668658138048357,0.42507753607371807,0.40707372831344313,0.44151395312183306,0.3602725387651262,0.3479135040188192,0.3702110020151391,0.3612022206257549,0.34961261836569185,0.3707732000928665,0.926829268292683,0.8536585365853658,1.0,0.0,0.0,0.0,0.0,0.0,0.0,0.06480499730859182,0.04751330606485037,0.08147326219748575,0.1524545331356988,0.11749102645056475,0.18758403221863246,0.1524545331356988,0.11642128238974338,0.18582702415798624,0.0,0.0,0.0,0.0,0.0,0.0,0.01958095298927931,0.0,0.04745271209223893,0.0021159996210438447,0.0,0.004751908093145708,0.0,0.0,0.0,0.008323423250658083,0.0,0.019669927594480306,False
mediation_aware_recourse,False,30.0,0.7300135021058552,0.1,41,0.22615165974399665,0.1368944160998004,0.33932832665571083,0.0003451774349883516,0.0,0.0007832147902348175,0.14986546223751557,0.13454936888923394,0.1667134339062968,0.2676062572111444,0.2580032928869492,0.27795087248768385,0.19944162194321796,0.1933043246225613,0.20668658138048357,0.42507753607371807,0.40707372831344313,0.44151395312183306,0.3602725387651262,0.3479135040188192,0.3702110020151391,0.3612022206257549,0.34961261836569185,0.3707732000928665,0.926829268292683,0.8536585365853658,1.0,0.0,0.0,0.0,0.0,0.0,0.0,0.06480499730859182,0.04751330606485037,0.08147326219748575,0.1524545331356988,0.11749102645056475,0.18758403221863246,0.1524545331356988,0.11642128238974338,0.18582702415798624,0.0,0.0,0.0,0.0,0.0,0.0,0.01958095298927931,0.0,0.04745271209223893,0.0021159996210438447,0.0,0.004751908093145708,0.0,0.0,0.0,0.008323423250658083,0.0,0.019669927594480306,True
mediation_aware_recourse,False,30.0,1.0,0.1,41,0.2277477504912673,0.13814971592822453,0.34057959692280104,0.0003451774349883516,0.0,0.0007832147902348175,0.14803936193724557,0.13324597391587592,0.164532300378249,0.26701293513178825,0.2566250091668491,0.27754151941526956,0.19944162194321796,0.1933043246225613,0.20668658138048357,0.42507753607371807,0.40707372831344313,0.44151395312183306,0.3556191352401976,0.34133016291512863,0.3679584038023654,0.356589040140701,0.34150226794213717,0.3687785607342291,0.926829268292683,0.8536585365853658,1.0,0.0,0.0,0.0,0.0,0.0,0.0,0.06945840083352049,0.052061976555746084,0.0865044236687263,0.16340172071919323,0.1278876296922551,0.1984260655838522,0.16340172071919323,0.12849489371514516,0.19844993416633536,0.0,0.0,0.0,0.0,0.0,0.0,0.030528140572773754,0.006405522546696682,0.06292465084198448,0.0037120903683144873,0.0010761818962126244,0.00706948301323303,0.0,0.0,0.0,0.012976826775586755,0.0028193810597810843,0.026279208029494773,False
mediation_aware_recourse,False,30.0,2.0,0.1,41,0.23181856816589105,0.14404732219125257,0.34222617910368497,0.0003451774349883516,0.0,0.0007832147902348175,0.1456811109536155,0.13124170498901785,0.1613686995391584,0.2657881550854299,0.2555876147615292,0.2763442330516693,0.19944162194321796,0.1933043246225613,0.20668658138048357,0.42507753607371807,0.40707372831344313,0.44151395312183306,0.35225652832476256,0.33641487502018813,0.3658092028542833,0.35335710995449926,0.33675068535067787,0.36657868585859726,0.926829268292683,0.8536585365853658,1.0,0.0,0.0,0.0,0.0,0.0,0.0,0.07282100774895549,0.05542535301468175,0.08988642580241726,0.17131229380309265,0.1362341865910631,0.20721856534300948,0.17131229380309265,0.13577658787231336,0.2063824643407914,0.0,0.0,0.0,0.0,0.0,0.0,0.038438713656673174,0.010629698194108519,0.07155237037526432,0.007782908042938244,0.0026673340448746235,0.01432936175090329,0.0,0.0,0.0,0.016339433691021765,0.004646565970592722,0.029921796181672636,False
mediation_aware_recourse,False,30.0,5.0,0.1,41,0.28601294867240074,0.19185271718050922,0.4060089439636369,0.0004563807367775456,0.0,0.0012546537159890687,0.12960180810200894,0.11510739594895728,0.14642801654864393,0.25987746248521454,0.24825727556627697,0.271664972655566,0.19944162194321796,0.1933043246225613,0.20668658138048357,0.42507753607371807,0.40707372831344313,0.44151395312183306,0.3368851568444877,0.31325139608278907,0.35761235235126243,0.33874169082984,0.3167236662676275,0.3573012665809022,0.9512195121951219,0.8780487804878049,1.0,0.0,0.0,0.0,0.0,0.0,0.0,0.08819237922923036,0.06856591614177733,0.10696108971243601,0.20747362950258508,0.16684493111816684,0.24947730939130175,0.20747362950258508,0.16955596675678009,0.24942360146014775,0.0,0.0,0.0,0.0,0.0,0.0,0.0746000493561656,0.033403428440230754,0.12254585348070292,0.06197728854944793,0.03375817139792006,0.09684702278307934,0.024390243902439025,0.0,0.07317073170731707,0.03171080517129664,0.014610328122428882,0.05118623843295891,False
transport_anchor_only,False,0.0,0.0,0.5,41,0.0,0.0,0.0,0.04570774689307147,0.032843177184212605,0.059263242608043415,0.17741300583707303,0.15907469994254855,0.19521147977047154,0.2890164454172297,0.2752687243994598,0.30297512373228264,0.19944162194321796,0.1933043246225613,0.20668658138048357,0.42507753607371807,0.40707372831344313,0.44151395312183306,0.42507753607371807,0.40641426965674565,0.4446275456337687,0.4254718141958707,0.4071931118075013,0.4430310657959672,0.36585365853658536,0.21951219512195122,0.5121951219512195,0.0,0.0,0.0,0.0,0.0,0.0,0.0,0.0,0.0,0.0,0.0,0.0,0.0,0.0,0.0,0.0,0.0,0.0,0.0,0.0,0.0,0.0,0.0,0.0,0.0,0.0,0.0,0.0,0.0,0.0,0.0,0.0,0.0,False
mediation_aware_recourse,False,0.0,0.5,0.5,41,0.00387327193577842,0.0008786361573672876,0.00738781656524757,0.043021532536597205,0.029391286063469316,0.057154654276991144,0.16679074730613866,0.14951611834473802,0.1839729296465146,0.2876479116881766,0.2733498106279024,0.30225014978474596,0.19944162194321796,0.1933043246225613,0.20668658138048357,0.42507753607371807,0.40707372831344313,0.44151395312183306,0.4107682545149889,0.38604769682111595,0.43457219483960496,0.4114583469396597,0.3877870793651607,0.4329879677723117,0.4146341463414634,0.2682926829268293,0.5609756097560976,0.0,0.0,0.0,0.0,0.0,0.0,0.014309281558729197,0.002826642068756014,0.026842949881760985,0.03366275642533045,0.007383261554311826,0.06768901368893417,0.03366275642533045,0.008661378649255067,0.06460732776281776,0.0,0.0,0.0,0.0,0.0,0.0,0.03366275642533045,0.008346596623777106,0.06593480635365055,0.00387327193577842,0.0008786361573672876,0.00738781656524757,0.04878048780487805,0.0,0.12195121951219512,0.014309281558729197,0.0035857290901992814,0.0276679480472172,False
mediation_aware_recourse,False,0.0,0.7300135021058552,0.5,41,0.005308181138300314,0.002151454732435324,0.009181452984353754,0.04111940054899503,0.02825204535668516,0.05455542271162895,0.16475854392085743,0.1482955985195177,0.18157859811824972,0.28720583194276184,0.2727018416541197,0.30140432988452476,0.19944162194321796,0.1933043246225613,0.20668658138048357,0.42507753607371807,0.40707372831344313,0.44151395312183306,0.4072364684008506,0.3813199843873106,0.4306513474424711,0.40796678386539614,0.38457778695393074,0.4289331004953713,0.4146341463414634,0.2682926829268293,0.5609756097560976,0.0,0.0,0.0,0.0,0.0,0.0,0.01784106767286746,0.005674189465970859,0.031183046698438476,0.04197132560252115,0.013065914958767813,0.07894091554967862,0.04197132560252115,0.01395037312457236,0.07612187908479374,0.0,0.0,0.0,0.0,0.0,0.0,0.04197132560252115,0.01454618244056661,0.0763749699161672,0.005308181138300314,0.002151454732435324,0.009181452984353754,0.04878048780487805,0.0,0.12195121951219512,0.01784106767286746,0.006164995354751601,0.03222371188063038,True
mediation_aware_recourse,False,0.0,1.0,0.5,41,0.008141635371962698,0.004268363458899463,0.012373634591335204,0.037157941681886464,0.024399125223980647,0.050700500397437516,0.1619181527460077,0.14585148081327107,0.1775953171845153,0.28615255553911373,0.27135867680672826,0.3004072659512663,0.19944162194321796,0.1933043246225613,0.20668658138048357,0.42507753607371807,0.40707372831344313,0.44151395312183306,0.3998514845202071,0.37496957243540247,0.424003507648668,0.4006430085162699,0.3759170886680741,0.42323381877595617,0.43902439024390244,0.2926829268292683,0.6097560975609756,0.0,0.0,0.0,0.0,0.0,0.0,0.025226051553511025,0.011515383040575675,0.03918692400132043,0.05934458872260007,0.028204251863135722,0.10098506374955625,0.05934458872260007,0.026895702142816034,0.09639442780722664,0.0,0.0,0.0,0.0,0.0,0.0,0.05934458872260007,0.028890637754118723,0.09730608832456306,0.008141635371962698,0.004268363458899463,0.012373634591335204,0.07317073170731707,0.0,0.17073170731707318,0.025226051553511025,0.01220779524588973,0.04085495955527073,False
mediation_aware_recourse,False,0.0,2.0,0.5,41,0.014848361518688319,0.009015332885290973,0.02159366316514135,0.033704328692600545,0.02124072637363187,0.04756965223744558,0.1579644537899184,0.14305263912819344,0.1731407048317588,0.28394227738424044,0.2692620614202829,0.29776991634379796,0.19944162194321796,0.1933043246225613,0.20668658138048357,0.42507753607371807,0.40707372831344313,0.44151395312183306,0.39258466224521066,0.3658978670503848,0.4182113982106262,0.3935068629705068,0.36669683273430403,0.41724620201647106,0.4878048780487805,0.34146341463414637,0.6585365853658537,0.0,0.0,0.0,0.0,0.0,0.0,0.032492873828507504,0.018076228622102043,0.04724119019790303,0.07643987524871798,0.04327025697324611,0.11912286112845526,0.07643987524871798,0.041404921735109734,0.11617267455299678,0.0,0.0,0.0,0.0,0.0,0.0,0.07643987524871798,0.04270451075466916,0.1166377652520462,0.014848361518688319,0.009015332885290973,0.02159366316514135,0.12195121951219512,0.024390243902439025,0.21951219512195122,0.032492873828507504,0.018190433422444068,0.048873951786615855,False
mediation_aware_recourse,False,0.0,5.0,0.5,41,0.08274222274379033,0.05623362006437851,0.11068846199990863,0.022246308549047872,0.01317189804326857,0.033680038977653905,0.1392614354799864,0.12450894879155215,0.15406926132926324,0.27433581686601405,0.2592130474927949,0.28903261731128865,0.19944162194321796,0.1933043246225613,0.20668658138048357,0.42507753607371807,0.40707372831344313,0.44151395312183306,0.3636865586945546,0.33243981580315474,0.3919490862635585,0.36539723809777563,0.3358724427433086,0.39071505548761604,0.5853658536585366,0.43902439024390244,0.7317073170731707,0.0,0.0,0.0,0.0,0.0,0.0,0.061390977379163526,0.04145083846489217,0.08173363488442578,0.1444230103199735,0.09950005064838424,0.1923812703698701,0.1444230103199735,0.09865914507391084,0.19444864158790603,0.0,0.0,0.0,0.0,0.0,0.0,0.1444230103199735,0.09788242363583444,0.1945437725518393,0.08274222274379033,0.05623362006437851,0.11068846199990863,0.21951219512195122,0.0975609756097561,0.34146341463414637,0.061390977379163526,0.04173561321378554,0.08154384431726498,False
transport_anchor_only,False,1.0,0.0,0.5,41,0.006743090386252578,0.002672272688913636,0.011298361823258057,0.032708227599228076,0.020786936682085394,0.0464160799976481,0.1706995424428238,0.15442015062686737,0.18678689194082354,0.2871240527346367,0.27318704349965583,0.30036243543982866,0.19944162194321796,0.1933043246225613,0.20668658138048357,0.42507753607371807,0.40707372831344313,0.44151395312183306,0.40979693883051804,0.39191072198931265,0.4288484329910279,0.4103230309490333,0.3924072323842585,0.42738166946193845,0.43902439024390244,0.2926829268292683,0.6097560975609756,0.0,0.0,0.0,0.0,0.0,0.0,0.01528059724320002,0.006525126917611557,0.025530584201302393,0.03594778821845346,0.016667716363729934,0.058421665091837834,0.03594778821845346,0.016521293278237547,0.05951987379402371,0.0,0.0,0.0,0.0,0.0,0.0,0.0,0.0,0.0,0.0,0.0,0.0,0.0,0.0,0.0,0.0,0.0,0.0,False
mediation_aware_recourse,False,1.0,0.5,0.5,41,0.0114949984566831,0.006706726169440805,0.017125542661765726,0.031206450411162722,0.01965745393371644,0.04445062507125665,0.16120869983298045,0.14576012515241069,0.17656171683640218,0.2854157848874243,0.27132807118454716,0.29915994820752884,0.19944162194321796,0.1933043246225613,0.20668658138048357,0.42507753607371807,0.40707372831344313,0.44151395312183306,0.3982207344051337,0.376291557365129,0.42042956711797536,0.3989720353613218,0.3767511822972532,0.4200413891454012,0.4634146341463415,0.3170731707317073,0.6341463414634146,0.0,0.0,0.0,0.0,0.0,0.0,0.026856801668584396,0.014886103022837481,0.04047951047409123,0.0631809479198796,0.03321379462260446,0.09508182085559179,0.0631809479198796,0.033483586866995284,0.09655150661174627,0.0,0.0,0.0,0.0,0.0,0.0,0.027233159701426146,0.005683439474389121,0.05494151305483523,0.004751908070430523,0.0015911521037995091,0.008305937371489294,0.024390243902439025,0.0,0.07317073170731707,0.011576204425384373,0.002382800429048387,0.022975662899855535,False
mediation_aware_recourse,False,1.0,0.7300135021058552,0.5,41,0.018076917520020067,0.01009645347097298,0.027493209933589505,0.0271597142135185,0.016370878745810676,0.03907257060621453,0.15819489026600395,0.14273678213744806,0.17315212272961059,0.2837618166898809,0.2701365887164706,0.2974744934520525,0.19944162194321796,0.1933043246225613,0.20668658138048357,0.42507753607371807,0.40707372831344313,0.44151395312183306,0.39254434408095334,0.3718755401037831,0.4129720200805944,0.39333586807701626,0.37144951489967837,0.41268614008544674,0.4634146341463415,0.3170731707317073,0.6341463414634146,0.0,0.0,0.0,0.0,0.0,0.0,0.03253319199276472,0.01884573723906298,0.04731628843212695,0.07653472421352026,0.04403187650563291,0.1133049885181378,0.07653472421352026,0.04450289320396174,0.11336013234085741,0.0,0.0,0.0,0.0,0.0,0.0,0.0405869359950668,0.013757909348826031,0.07105702943608697,0.011333827133767488,0.003908727025022594,0.020946756436875682,0.024390243902439025,0.0,0.07317073170731707,0.017252594749564698,0.005749875546452504,0.02985109274818064,True
mediation_aware_recourse,False,1.0,1.0,0.5,41,0.022147735217359008,0.013646453189118425,0.03140688591136983,0.025579146182712884,0.015191504559923597,0.03757605473370846,0.15606212267930486,0.1408542594546763,0.17087531596479041,0.28247119313696534,0.2688874324238519,0.29676541703094433,0.19944162194321796,0.1933043246225613,0.20668658138048357,0.42507753607371807,0.40707372831344313,0.44151395312183306,0.38782208665075796,0.3652770091023678,0.4086426876571429,0.38861361064682076,0.36515279939495815,0.4080881484488287,0.4878048780487805,0.34146341463414637,0.6585365853658537,0.0,0.0,0.0,0.0,0.0,0.0,0.037255449422960156,0.02299686630139017,0.052033767620946074,0.08764389143466567,0.05428389155721974,0.12698340501884484,0.08764389143466567,0.05384254115913564,0.12470363505029479,0.0,0.0,0.0,0.0,0.0,0.0,0.05169610321621221,0.022080920345952472,0.0851262680592809,0.01540464483110643,0.0075822418487471776,0.024731575561937218,0.04878048780487805,0.0,0.12195121951219512,0.02197485217976013,0.009443541636239063,0.03576553627671165,False
mediation_aware_recourse,False,1.0,2.0,0.5,41,0.029769472050957563,0.01907542209345393,0.04141398743930749,0.024032723634002915,0.013908288385610094,0.03586385944931756,0.15244244177576002,0.13779092143039295,0.16683986368604667,0.28044441733055,0.26607961358229926,0.29432251104721574,0.19944162194321796,0.1933043246225613,0.20668658138048357,0.42507753607371807,0.40707372831344313,0.44151395312183306,0.38206558001609864,0.35774396085532867,0.40451987102963705,0.3830074882309731,0.3588014564291705,0.40379653275236904,0.5365853658536586,0.3902439024390244,0.7073170731707317,0.0,0.0,0.0,0.0,0.0,0.0,0.04301195605761944,0.02802828858267537,0.058597190712995254,0.10118614230924727,0.06617059829499096,0.1414559737073478,0.10118614230924727,0.06503181810311194,0.14025291977095072,0.0,0.0,0.0,0.0,0.0,0.0,0.06523835409079382,0.03218657795899452,0.0987583612835097,0.023026381664704984,0.012857179225581447,0.03455957318315419,0.0975609756097561,0.024390243902439025,0.1951219512195122,0.027731358814419422,0.013928883558639487,0.041852240306180656,False
mediation_aware_recourse,False,1.0,5.0,0.5,41,0.11380609715493714,0.08227583279651476,0.15100158757484722,0.015194466644075278,0.006798038055660916,0.025553856413333676,0.13400840453224466,0.11967930051830615,0.14853200999918234,0.2720140320498769,0.2569821314931643,0.28633299370001003,0.19944162194321796,0.1933043246225613,0.20668658138048357,0.42507753607371807,0.40707372831344313,0.44151395312183306,0.35427770395401964,0.3264930224017195,0.37900272728743156,0.3560660285292036,0.32878962104088644,0.37992495394480363,0.6585365853658537,0.5121951219512195,0.8048780487804879,0.0,0.0,0.0,0.0,0.0,0.0,0.07079983211969851,0.05096538003892153,0.09069172044441833,0.1665574539027631,0.12172459006460494,0.21498847301513901,0.1665574539027631,0.1200162626033898,0.21714859778185708,0.0,0.0,0.0,0.0,0.0,0.0,0.13060966568430965,0.08671203853581998,0.17703498419040414,0.10706300676868456,0.07605434574936404,0.14380144375353687,0.21951219512195122,0.0975609756097561,0.34146341463414637,0.05551923487649847,0.03683413551483022,0.074256876751692,False
transport_anchor_only,False,3.0,0.0,0.5,41,0.03407422035205655,0.019705353563128993,0.051257711036766795,0.019096966098822995,0.009840758189820279,0.029982365870829787,0.16344703586928425,0.14751501124296185,0.17985610521095727,0.2813542271714385,0.26838032618710184,0.29457724230909127,0.19944162194321796,0.1933043246225613,0.20668658138048357,0.42507753607371807,0.40707372831344313,0.44151395312183306,0.3933823837606171,0.3800465044565414,0.4084341110828552,0.39401450187371934,0.3799536106552914,0.4081339954074615,0.5609756097560976,0.4146341463414634,0.7073170731707317,0.0,0.0,0.0,0.0,0.0,0.0,0.03169515231310095,0.020121098725706457,0.04462114115580791,0.07456322581959329,0.051897948390395604,0.10272023378264346,0.07456322581959329,0.04907795643417092,0.10136048142519179,0.0,0.0,0.0,0.0,0.0,0.0,0.004149544593186949,0.0,0.010475650689589985,0.004429555339057271,0.0,0.011622471255590986,0.024390243902439025,0.0,0.07317073170731707,0.0017638781914998843,0.0,0.004461630919442984,False
mediation_aware_recourse,False,3.0,0.5,0.5,41,0.03671012882415841,0.022754795238284803,0.05331397589080307,0.0190760535706378,0.00984023537661565,0.029900284197702895,0.1549148788315131,0.13956287244465623,0.17034156159214697,0.2804329594279208,0.2674054272291137,0.29375374583391156,0.19944162194321796,0.1933043246225613,0.20668658138048357,0.42507753607371807,0.40707372831344313,0.44151395312183306,0.3832870439951129,0.36505924621219277,0.4007212870320793,0.38414165051104543,0.36576083779126617,0.40158540308246665,0.5853658536585366,0.43902439024390244,0.7317073170731707,0.0,0.0,0.0,0.0,0.0,0.0,0.04179049207860516,0.028052314822765177,0.05729695185844531,0.09831263365410536,0.0671503359959344,0.13338217872582225,0.09831263365410536,0.06684011749446966,0.13234780469645782,0.0,0.0,0.0,0.0,0.0,0.0,0.02789895242769902,0.006393315162352478,0.05509725447024099,0.007065463811159134,0.0017572723147345753,0.014334331727132377,0.04878048780487805,0.0,0.12195121951219512,0.011859217957004101,0.0027055900932056926,0.02312715252854278,False
mediation_aware_recourse,False,3.0,0.7300135021058552,0.5,41,0.037427583414061764,0.023310149189016624,0.05357751320797677,0.0190760535706378,0.00984023537661565,0.029900284197702895,0.15401050906977912,0.13880582340848188,0.16926034007609092,0.2801692354061255,0.2669109798876978,0.2935695604239477,0.19944162194321796,0.1933043246225613,0.20668658138048357,0.42507753607371807,0.40707372831344313,0.44151395312183306,0.38165738986857684,0.36293023766132076,0.39937318084177004,0.38255221942438405,0.3631172257439783,0.40078174092473734,0.5853658536585366,0.43902439024390244,0.7317073170731707,0.0,0.0,0.0,0.0,0.0,0.0,0.04342014620514127,0.02926610986107618,0.059462865028142124,0.10214641452521078,0.06989086825793726,0.14081796086357587,0.10214641452521078,0.06944942800391544,0.13725814575968975,0.0,0.0,0.0,0.0,0.0,0.0,0.03173273329880444,0.00981863418279125,0.061471311556120505,0.0077829184010624886,0.0021159996210438447,0.015246604267144345,0.04878048780487805,0.0,0.12195121951219512,0.013488872083540202,0.004154194120798775,0.02552962830865986,True
mediation_aware_recourse,False,3.0,1.0,0.5,41,0.03830621957142905,0.0244186758637292,0.0542563927944795,0.0190760535706378,0.00984023537661565,0.029900284197702895,0.1530887785312431,0.13829202347750155,0.16808200574115867,0.27983963734856465,0.26616320827430706,0.2934884583214071,0.19944162194321796,0.1933043246225613,0.20668658138048357,0.42507753607371807,0.40707372831344313,0.44151395312183306,0.3786336404701843,0.35867370263652243,0.3979612653415121,0.3795284700259915,0.3574931148676768,0.3978737261434852,0.5853658536585366,0.43902439024390244,0.7317073170731707,0.0,0.0,0.0,0.0,0.0,0.0,0.04644389560353384,0.032327570521788855,0.060983439091252624,0.1092598212375997,0.07708743978379208,0.14949528848538343,0.1092598212375997,0.07444193895846624,0.1450657124006195,0.0,0.0,0.0,0.0,0.0,0.0,0.03884614001119335,0.012753803333948979,0.07195429279261141,0.008661554558429777,0.002833454233662384,0.016248745970405272,0.04878048780487805,0.0,0.12195121951219512,0.01651262148193277,0.00547512967249389,0.03021104543265253,False
mediation_aware_recourse,False,3.0,2.0,0.5,41,0.05921660545395642,0.03672232016773395,0.08546075789916624,0.015366149573244309,0.006868472691274177,0.025989951773666586,0.14763485972269408,0.1327853229028382,0.16246072349303314,0.2775910039682214,0.2630841965196518,0.29177436362043385,0.19944162194321796,0.1933043246225613,0.20668658138048357,0.42507753607371807,0.40707372831344313,0.44151395312183306,0.37032163786848327,0.3492902504772041,0.3893916200215122,0.37136587427324486,0.3486065723395123,0.39034503721546343,0.6585365853658537,0.5121951219512195,0.8048780487804879,0.0,0.0,0.0,0.0,0.0,0.0,0.05475589820523482,0.039175853959312404,0.07048650868557865,0.12881390701328166,0.0943369433175984,0.1696744902261828,0.12881390701328166,0.09059888859788426,0.1667281480339336,0.0,0.0,0.0,0.0,0.0,0.0,0.058400225786875315,0.027351281261827634,0.09517178664220757,0.02957194044095714,0.012892252135817416,0.05066624437402025,0.12195121951219512,0.024390243902439025,0.21951219512195122,0.024824624083633753,0.011511750573488485,0.039756835774879574,False
mediation_aware_recourse,False,3.0,5.0,0.5,41,0.1217138227529642,0.08903685167499976,0.16086762988735442,0.013617784358393496,0.006418180495858146,0.022994640143981098,0.1330816920893119,0.11844283318673549,0.14798775802505115,0.27102523787719446,0.25601720465801475,0.28553938228500686,0.19944162194321796,0.1933043246225613,0.20668658138048357,0.42507753607371807,0.40707372831344313,0.44151395312183306,0.35270102166833783,0.32530650146109974,0.3766523349659609,0.3544893462435218,0.3271555486021822,0.37766275111035585,0.6585365853658537,0.5121951219512195,0.8048780487804879,0.0,0.0,0.0,0.0,0.0,0.0,0.07237651440538029,0.05278995432434812,0.09214767004491613,0.1702666178831631,0.12606388623133233,0.21724761637187,0.1702666178831631,0.12291673075828688,0.21992890048055827,0.0,0.0,0.0,0.0,0.0,0.0,0.09985293665675676,0.05623346041742577,0.14851213386226786,0.09206915773996492,0.0619288656525541,0.12850241375541904,0.12195121951219512,0.024390243902439025,0.21951219512195122,0.04244524028377921,0.024338702128904145,0.06212745460051235,False
transport_anchor_only,False,10.0,0.0,0.5,41,0.1156518153119378,0.05799092491918312,0.18819976286372034,0.007015598767903641,0.0028857383816865904,0.01221852144167591,0.15959311226845432,0.1425662473590322,0.17868424458191318,0.2751488042313878,0.26402646948060976,0.2867791848893209,0.19944162194321796,0.1933043246225613,0.20668658138048357,0.42507753607371807,0.40707372831344313,0.44151395312183306,0.37958278128783884,0.37057502118387625,0.3888183779035804,0.3802517094004072,0.3707235184199802,0.3891637195846671,0.6829268292682927,0.5365853658536586,0.8292682926829268,0.0,0.0,0.0,0.0,0.0,0.0,0.045494754785879214,0.03093962945750261,0.06081857019379445,0.1070269560845234,0.07730894325728536,0.13883723102703308,0.1070269560845234,0.07479311323152418,0.13747280848444263,0.0,0.0,0.0,0.0,0.0,0.0,0.005536970523183915,0.0,0.014665450646503599,0.02405047852818559,0.0,0.06424370989566897,0.0,0.0,0.0,0.0023536417873077607,0.0,0.006303495478958614,False
mediation_aware_recourse,False,10.0,0.5,0.5,41,0.12092363225614153,0.06211696155766797,0.19353017645104356,0.006751332688436418,0.0026214810517329384,0.011922114215631576,0.15080736570817335,0.13525464417514393,0.16777289365912515,0.2739012344944768,0.262189718896932,0.28612582088879696,0.19944162194321796,0.1933043246225613,0.20668658138048357,0.42507753607371807,0.40707372831344313,0.44151395312183306,0.3688785733353825,0.3549877920213934,0.3802401425367323,0.3697770289845201,0.3555747146756517,0.3824126134706291,0.7317073170731707,0.5853658536585366,0.8780487804878049,0.0,0.0,0.0,0.0,0.0,0.0,0.05619896273833564,0.03935510769541314,0.07341763795449818,0.13220873362875007,0.09748694053063184,0.16629581888647504,0.13220873362875007,0.09753905089389726,0.16727485259419395,0.0,0.0,0.0,0.0,0.0,0.0,0.030718748067410595,0.007456373023808233,0.05924690477404531,0.029322295472389313,0.0021159996210438447,0.06919591615669335,0.04878048780487805,0.0,0.12195121951219512,0.013057849739764189,0.003283103666837124,0.024989209344037276,False
mediation_aware_recourse,False,10.0,0.7300135021058552,0.5,41,0.12164108684604488,0.0628254479649136,0.19463022815790482,0.006751332688436418,0.0026214810517329384,0.011922114215631576,0.14990299594643938,0.1346571689470226,0.16681286155412042,0.2736375104726815,0.26201132680630174,0.28599613080391795,0.19944162194321796,0.1933043246225613,0.20668658138048357,0.42507753607371807,0.40707372831344313,0.44151395312183306,0.3672489192088464,0.35257758463910405,0.37984102830833094,0.36818759789785865,0.352824462004759,0.38188352611386134,0.7317073170731707,0.5853658536585366,0.8780487804878049,0.0,0.0,0.0,0.0,0.0,0.0,0.05782861686487176,0.04068576842733961,0.0754444454693721,0.1360425144998556,0.10084615751587755,0.1721883811909832,0.1360425144998556,0.10048746536480176,0.17425633732394163,0.0,0.0,0.0,0.0,0.0,0.0,0.034552528938516125,0.010892186383466188,0.06434575215823608,0.030039750062292668,0.0029946357324128836,0.07024519348335338,0.04878048780487805,0.0,0.12195121951219512,0.014687503866300291,0.004617935673645898,0.02713582172136357,True
mediation_aware_recourse,False,10.0,1.0,0.5,41,0.12251972300341217,0.06404850443529828,0.19515174579772548,0.006751332688436418,0.0026214810517329384,0.011922114215631576,0.14898126540790335,0.13367353248609123,0.16537246066968372,0.27330791241512065,0.26135061117479713,0.28554056137573064,0.19944162194321796,0.1933043246225613,0.20668658138048357,0.42507753607371807,0.40707372831344313,0.44151395312183306,0.3642251698104538,0.3480399673916423,0.3787438186775685,0.3651638484994661,0.34731931018962725,0.37994366387337847,0.7317073170731707,0.5853658536585366,0.8780487804878049,0.0,0.0,0.0,0.0,0.0,0.0,0.06085236626326431,0.04370951782573218,0.07703337763486945,0.14315592121224474,0.10865889170097186,0.17997027676682884,0.14315592121224474,0.10721337824001541,0.18017776557282772,0.0,0.0,0.0,0.0,0.0,0.0,0.04166593565090526,0.01296205618037051,0.07556693787155595,0.030918386219659956,0.004231999218804625,0.07073200393309134,0.04878048780487805,0.0,0.12195121951219512,0.01771125326469286,0.005433885282178635,0.031590376725078695,False
mediation_aware_recourse,False,10.0,2.0,0.5,41,0.12659054067803593,0.06836218921263226,0.1987276942037591,0.006751332688436418,0.0026214810517329384,0.011922114215631576,0.14662301442427328,0.13157553772513855,0.1624066762608231,0.2720831323687623,0.25952007960891577,0.28442135050256806,0.19944162194321796,0.1933043246225613,0.20668658138048357,0.42507753607371807,0.40707372831344313,0.44151395312183306,0.3608625628950187,0.3425583156300441,0.3769326572602627,0.3619319183132644,0.34295833237191187,0.37812676058129174,0.7317073170731707,0.5853658536585366,0.8780487804878049,0.0,0.0,0.0,0.0,0.0,0.0,0.06421497317869934,0.04661963965359669,0.0814746886995234,0.15106649429614416,0.11630084196632245,0.18869887301959185,0.15106649429614416,0.11426791564246187,0.18863238995824463,0.0,0.0,0.0,0.0,0.0,0.0,0.04957650873480468,0.019445967757411364,0.08369433814071653,0.03498920389428371,0.007217666792410721,0.074724638922617,0.04878048780487805,0.0,0.12195121951219512,0.02107386018012787,0.00816089940599543,0.035370074350149557,False
mediation_aware_recourse,False,10.0,5.0,0.5,41,0.1753725932865608,0.1243641239363791,0.23898235499892928,0.007784402163940102,0.0030008543129056743,0.013943159524116882,0.13117946976215544,0.11743573428298994,0.14628820594581063,0.2674090112673073,0.2530114971760024,0.2807703013304712,0.19944162194321796,0.1933043246225613,0.20668658138048357,0.42507753607371807,0.40707372831344313,0.44151395312183306,0.3458154576082738,0.32027460777136596,0.3680452121617304,0.34761610863243947,0.3228473238584371,0.3681402899416958,0.7317073170731707,0.5853658536585366,0.8536585365853658,0.0,0.0,0.0,0.0,0.0,0.0,0.07926207846544428,0.06016584983697655,0.09774417129159646,0.18646498988762938,0.1447949424026436,0.23122321614783392,0.18646498988762938,0.14633550022287312,0.23150725257050475,0.0,0.0,0.0,0.0,0.0,0.0,0.0849750043262899,0.03935965926820993,0.13636507683796678,0.08377125650280859,0.030349000934625,0.13507501731410892,0.04878048780487805,-0.04878048780487805,0.14634146341463414,0.036120965466872816,0.01683358970394117,0.056926846161609285,False
transport_anchor_only,False,30.0,0.0,0.5,41,0.2240356601229528,0.13386612342352547,0.33767382077100433,0.0003451774349883516,0.0,0.0007832147902348175,0.15710481068084617,0.14080297793461635,0.1745899201044423,0.2683386669108054,0.2591589816164498,0.2782330550957562,0.19944162194321796,0.1933043246225613,0.20668658138048357,0.42507753607371807,0.40707372831344313,0.44151395312183306,0.3685959620157844,0.3612410207359852,0.3752770172850403,0.3693230209409048,0.36126914722624776,0.3762656771488184,0.926829268292683,0.8536585365853658,1.0,0.0,0.0,0.0,0.0,0.0,0.0,0.05648157405793373,0.0404296965841714,0.07362255443904454,0.13287358014641948,0.1000665798575404,0.16679471801788662,0.13287358014641948,0.09893801473347538,0.16503816103685115,0.0,0.0,0.0,0.0,0.0,0.0,0.0,0.0,0.0,0.0,0.0,0.0,0.0,0.0,0.0,0.0,0.0,0.0,False
mediation_aware_recourse,False,30.0,0.5,0.5,41,0.22615165974399665,0.1368944160998004,0.33932832665571083,0.0003451774349883516,0.0,0.0007832147902348175,0.14986546223751557,0.13454936888923394,0.1667134339062968,0.2676062572111444,0.2580032928869492,0.27795087248768385,0.19944162194321796,0.1933043246225613,0.20668658138048357,0.42507753607371807,0.40707372831344313,0.44151395312183306,0.3602725387651262,0.3479135040188192,0.3702110020151391,0.3612022206257549,0.34961261836569185,0.3707732000928665,0.926829268292683,0.8536585365853658,1.0,0.0,0.0,0.0,0.0,0.0,0.0,0.06480499730859182,0.04751330606485037,0.08147326219748575,0.1524545331356988,0.11749102645056475,0.18758403221863246,0.1524545331356988,0.11642128238974338,0.18582702415798624,0.0,0.0,0.0,0.0,0.0,0.0,0.01958095298927931,0.0,0.04745271209223893,0.0021159996210438447,0.0,0.004751908093145708,0.0,0.0,0.0,0.008323423250658083,0.0,0.019669927594480306,False
mediation_aware_recourse,False,30.0,0.7300135021058552,0.5,41,0.2268691143339,0.13727107977085726,0.3397229266693679,0.0003451774349883516,0.0,0.0007832147902348175,0.14896109247578165,0.1340357669489736,0.16586668537237997,0.2673425331893491,0.2575821921774527,0.27770538335529765,0.19944162194321796,0.1933043246225613,0.20668658138048357,0.42507753607371807,0.40707372831344313,0.44151395312183306,0.3586428846385902,0.345950406049125,0.36939628015542886,0.35961278953909354,0.3475040586885486,0.37018890352669837,0.926829268292683,0.8536585365853658,1.0,0.0,0.0,0.0,0.0,0.0,0.0,0.06643465143512792,0.04876237083020612,0.08388486662460025,0.1562883140068042,0.11964782122613708,0.19383445512058722,0.1562883140068042,0.11970593753125058,0.19105701350277302,0.0,0.0,0.0,0.0,0.0,0.0,0.02341473386038473,0.0028367351916020384,0.05142415943828235,0.0028334542109471994,0.0007174545899033546,0.00563054422836569,0.0,0.0,0.0,0.009953077377194185,0.0011963249304670143,0.021729099921954705,True
mediation_aware_recourse,False,30.0,1.0,0.5,41,0.2277477504912673,0.13814971592822453,0.34057959692280104,0.0003451774349883516,0.0,0.0007832147902348175,0.14803936193724557,0.13324597391587592,0.164532300378249,0.26701293513178825,0.2566250091668491,0.27754151941526956,0.19944162194321796,0.1933043246225613,0.20668658138048357,0.42507753607371807,0.40707372831344313,0.44151395312183306,0.3556191352401976,0.34133016291512863,0.3679584038023654,0.356589040140701,0.34150226794213717,0.3687785607342291,0.926829268292683,0.8536585365853658,1.0,0.0,0.0,0.0,0.0,0.0,0.0,0.06945840083352049,0.052061976555746084,0.0865044236687263,0.16340172071919323,0.1278876296922551,0.1984260655838522,0.16340172071919323,0.12849489371514516,0.19844993416633536,0.0,0.0,0.0,0.0,0.0,0.0,0.030528140572773754,0.006405522546696682,0.06292465084198448,0.0037120903683144873,0.0010761818962126244,0.00706948301323303,0.0,0.0,0.0,0.012976826775586755,0.0028193810597810843,0.026279208029494773,False
mediation_aware_recourse,False,30.0,2.0,0.5,41,0.23181856816589105,0.14404732219125257,0.34222617910368497,0.0003451774349883516,0.0,0.0007832147902348175,0.1456811109536155,0.13124170498901785,0.1613686995391584,0.2657881550854299,0.2555876147615292,0.2763442330516693,0.19944162194321796,0.1933043246225613,0.20668658138048357,0.42507753607371807,0.40707372831344313,0.44151395312183306,0.35225652832476256,0.33641487502018813,0.3658092028542833,0.35335710995449926,0.33675068535067787,0.36657868585859726,0.926829268292683,0.8536585365853658,1.0,0.0,0.0,0.0,0.0,0.0,0.0,0.07282100774895549,0.05542535301468175,0.08988642580241726,0.17131229380309265,0.1362341865910631,0.20721856534300948,0.17131229380309265,0.13577658787231336,0.2063824643407914,0.0,0.0,0.0,0.0,0.0,0.0,0.038438713656673174,0.010629698194108519,0.07155237037526432,0.007782908042938244,0.0026673340448746235,0.01432936175090329,0.0,0.0,0.0,0.016339433691021765,0.004646565970592722,0.029921796181672636,False
mediation_aware_recourse,False,30.0,5.0,0.5,41,0.291877413600138,0.19798553770453467,0.4113058468184956,0.0004563807367775456,0.0,0.0012546537159890687,0.128468360132701,0.11410913652478072,0.1446773059889109,0.25915049152766784,0.2476974607240863,0.27069722181413236,0.19944162194321796,0.1933043246225613,0.20668658138048357,0.42507753607371807,0.40707372831344313,0.44151395312183306,0.3361454949332526,0.3127755632884143,0.35667056092635213,0.3380020289186048,0.3159375887646474,0.3563747228460601,0.9512195121951219,0.8780487804878049,1.0,0.0,0.0,0.0,0.0,0.0,0.0,0.08893204114046552,0.06930315494472253,0.10743516627336666,0.20921369301680215,0.1682381791746202,0.25074425431642083,0.20921369301680215,0.17179579398002065,0.25079792782273264,0.0,0.0,0.0,0.0,0.0,0.0,0.07634011287038267,0.035092700943048206,0.12458178156237036,0.06784175347718524,0.03724078493896962,0.10379387590091493,0.024390243902439025,0.0,0.07317073170731707,0.03245046708253179,0.015117606537115592,0.0517659141688862,False
transport_anchor_only,False,0.0,0.0,1.0,41,0.0,0.0,0.0,0.04570774689307147,0.032843177184212605,0.059263242608043415,0.17741300583707303,0.15907469994254855,0.19521147977047154,0.2890164454172297,0.2752687243994598,0.30297512373228264,0.19944162194321796,0.1933043246225613,0.20668658138048357,0.42507753607371807,0.40707372831344313,0.44151395312183306,0.42507753607371807,0.40641426965674565,0.4446275456337687,0.4254718141958707,0.4071931118075013,0.4430310657959672,0.36585365853658536,0.21951219512195122,0.5121951219512195,0.0,0.0,0.0,0.0,0.0,0.0,0.0,0.0,0.0,0.0,0.0,0.0,0.0,0.0,0.0,0.0,0.0,0.0,0.0,0.0,0.0,0.0,0.0,0.0,0.0,0.0,0.0,0.0,0.0,0.0,0.0,0.0,0.0,False
mediation_aware_recourse,False,0.0,0.5,1.0,41,0.00459072654839696,0.001596090769985827,0.007944089633117362,0.04111940054899503,0.02825204535668516,0.05455542271162895,0.16566291368259142,0.1489974080606307,0.18248464867817704,0.28746955596455714,0.2732086121468101,0.3017922553483669,0.19944162194321796,0.1933043246225613,0.20668658138048357,0.42507753607371807,0.40707372831344313,0.44151395312183306,0.4088661225273868,0.38451599348885995,0.4326666024971186,0.4095562149520576,0.3864736192939957,0.43011752918991525,0.4146341463414634,0.2682926829268293,0.5609756097560976,0.0,0.0,0.0,0.0,0.0,0.0,0.01621141354633136,0.005227681363691743,0.02900290955619952,0.038137544731415396,0.0119016306011891,0.07246792860151004,0.038137544731415396,0.01293276664682182,0.07038300938311655,0.0,0.0,0.0,0.0,0.0,0.0,0.038137544731415396,0.01215332539574798,0.06924990764982948,0.00459072654839696,0.001596090769985827,0.007944089633117362,0.04878048780487805,0.0,0.12195121951219512,0.01621141354633136,0.00506134822691726,0.029003971839920175,False
mediation_aware_recourse,False,0.0,0.7300135021058552,1.0,41,0.008141635371962698,0.004268363458899463,0.012373634591335204,0.037157941681886464,0.024399125223980647,0.050700500397437516,0.1619181527460077,0.14585148081327107,0.1775953171845153,0.28615255553911373,0.27135867680672826,0.3004072659512663,0.19944162194321796,0.1933043246225613,0.20668658138048357,0.42507753607371807,0.40707372831344313,0.44151395312183306,0.3998514845202071,0.37496957243540247,0.424003507648668,0.4006430085162699,0.3759170886680741,0.42323381877595617,0.43902439024390244,0.2926829268292683,0.6097560975609756,0.0,0.0,0.0,0.0,0.0,0.0,0.025226051553511025,0.011515383040575675,0.03918692400132043,0.05934458872260007,0.028204251863135722,0.10098506374955625,0.05934458872260007,0.026895702142816034,0.09639442780722664,0.0,0.0,0.0,0.0,0.0,0.0,0.05934458872260007,0.028890637754118723,0.09730608832456306,0.008141635371962698,0.004268363458899463,0.012373634591335204,0.07317073170731707,0.0,0.17073170731707318,0.025226051553511025,0.01220779524588973,0.04085495955527073,True
mediation_aware_recourse,False,0.0,1.0,1.0,41,0.010777543844064562,0.006222272429774266,0.015690633438232286,0.0340691472843442,0.02189067143498479,0.047818007162848036,0.16011448564736905,0.1449421910584783,0.1748655939916338,0.2851868334521608,0.27058603335626247,0.2990427014031788,0.19944162194321796,0.1933043246225613,0.20668658138048357,0.42507753607371807,0.40707372831344313,0.44151395312183306,0.3963802697470087,0.37200791979537595,0.41995070971125065,0.3971732864832629,0.37227035049094265,0.4197135121042285,0.4634146341463415,0.3170731707317073,0.6341463414634146,0.0,0.0,0.0,0.0,0.0,0.0,0.028697266326709422,0.015024087704258062,0.04333714289004779,0.0675106630940211,0.03422756150212095,0.10844955772092253,0.0675106630940211,0.033775871875118796,0.10649927283980717,0.0,0.0,0.0,0.0,0.0,0.0,0.0675106630940211,0.034998458462573545,0.10594495371344208,0.010777543844064562,0.006222272429774266,0.015690633438232286,0.0975609756097561,0.024390243902439025,0.1951219512195122,0.028697266326709422,0.01499985531558388,0.04481826157568831,False
mediation_aware_recourse,False,0.0,2.0,1.0,41,0.020712826060267482,0.012373634614050388,0.03020093849826059,0.030498617996528796,0.018733653913701374,0.044352867848229074,0.1555483027683171,0.14054714731922308,0.1707157964191751,0.28250555775877906,0.26762180390154444,0.2968921343841386,0.19944162194321796,0.1933043246225613,0.20668658138048357,0.42507753607371807,0.40707372831344313,0.44151395312183306,0.3886104422164685,0.36211964641208444,0.41317691512546006,0.3895423818255032,0.36427901973256427,0.41261556122556237,0.5121951219512195,0.36585365853658536,0.6829268292682927,0.0,0.0,0.0,0.0,0.0,0.0,0.03646709385724954,0.022582422191583018,0.050412493264879454,0.08578927551449189,0.0498177218213848,0.12813463718967616,0.08578927551449189,0.049817331171269484,0.1237965374606544,0.0,0.0,0.0,0.0,0.0,0.0,0.08578927551449189,0.04989398098842181,0.12342663299833069,0.020712826060267482,0.012373634614050388,0.03020093849826059,0.14634146341463414,0.04878048780487805,0.24390243902439024,0.03646709385724954,0.02151587666117576,0.05220343512206506,False
mediation_aware_recourse,False,0.0,5.0,1.0,41,0.09974296899830423,0.06928875818621458,0.13405371391918602,0.019537496431571835,0.010463008166321466,0.03058403324978192,0.13621924763799428,0.1216438628948095,0.15107487222451838,0.2715264516996174,0.25571193149449617,0.2865847092417137,0.19944162194321796,0.1933043246225613,0.20668658138048357,0.42507753607371807,0.40707372831344313,0.44151395312183306,0.3556746455764139,0.3252470401774749,0.383094635174668,0.35747983100053843,0.32969220145291267,0.38368398701794926,0.6097560975609756,0.4634146341463415,0.7560975609756098,0.0,0.0,0.0,0.0,0.0,0.0,0.0694028904973042,0.04824549895868489,0.09076840478742809,0.1632711319877138,0.11830136505169428,0.21323902013960053,0.1632711319877138,0.11669436681847584,0.21391510395054897,0.0,0.0,0.0,0.0,0.0,0.0,0.1632711319877138,0.11497596872633653,0.2146101761687472,0.09974296899830423,0.06928875818621458,0.13405371391918602,0.24390243902439024,0.12195121951219512,0.3902439024390244,0.0694028904973042,0.04899644793425799,0.09088114794931872,False
transport_anchor_only,False,1.0,0.0,1.0,41,0.009737726141948526,0.005304151600249475,0.01524436212451447,0.030673308006902766,0.0191235522512811,0.0437610847686441,0.16945252583413137,0.15285676859182257,0.1853396798490991,0.2860074545733812,0.2722722693596308,0.29930169154640013,0.19944162194321796,0.1933043246225613,0.20668658138048357,0.42507753607371807,0.40707372831344313,0.44151395312183306,0.40776201923819283,0.3901556127144519,0.4251772980631044,0.4082908317915506,0.39157535751480704,0.42485271039796274,0.43902439024390244,0.2926829268292683,0.6097560975609756,0.0,0.0,0.0,0.0,0.0,0.0,0.01731551683552533,0.008386802978290404,0.027143885111529133,0.04073496095668139,0.020948871084044356,0.06274544588383545,0.04073496095668139,0.020667724617051877,0.06320388192303072,0.0,0.0,0.0,0.0,0.0,0.0,0.0047871727382279294,0.0006330291773147673,0.010093713370734936,0.002994635755695948,0.0003587273063092697,0.006509180362449914,0.0,0.0,0.0,0.0020349195923253034,0.0002720434842638454,0.0043421318680123885,False
mediation_aware_recourse,False,1.0,0.5,1.0,41,0.019116735244851288,0.011136271173089015,0.028214684374653163,0.02632040774565343,0.01569634527255296,0.038317316296649,0.15844970160195976,0.14272400416197362,0.17402065148872845,0.2833663445965546,0.26995995705720127,0.29715313534593074,0.19944162194321796,0.1933043246225613,0.20668658138048357,0.42507753607371807,0.40707372831344313,0.44151395312183306,0.39321675173862713,0.37369059126509624,0.4124004438129638,0.39396805269481533,0.3732047909968967,0.41239864116044506,0.4878048780487805,0.34146341463414637,0.6585365853658537,0.0,0.0,0.0,0.0,0.0,0.0,0.031860784335090944,0.018974583180043185,0.04594226036681934,0.0749528771371385,0.04439232573103764,0.10937333623159502,0.0749528771371385,0.044769575709267255,0.10873736940067873,0.0,0.0,0.0,0.0,0.0,0.0,0.03900508891868504,0.014059330909884584,0.06602459499089434,0.012373644858598709,0.004751908093145708,0.02166733129415661,0.04878048780487805,0.0,0.12195121951219512,0.016580187091890918,0.005938350121976004,0.028105676269261963,False
mediation_aware_recourse,False,1.0,0.7300135021058552,1.0,41,0.023026371374726295,0.014757181091870113,0.03263929066611681,0.025153759113218446,0.015191504559923597,0.0369834486186093,0.15589222004174513,0.1408542594546763,0.1705596970735148,0.28214159507940456,0.2685134753380425,0.2958337017902877,0.19944162194321796,0.1933043246225613,0.20668658138048357,0.42507753607371807,0.40707372831344313,0.44151395312183306,0.3873966995812635,0.36498879675615287,0.40821857577588083,0.38818822357732635,0.36481335290591177,0.4074915887082325,0.4878048780487805,0.34146341463414637,0.6585365853658537,0.0,0.0,0.0,0.0,0.0,0.0,0.0376808364924546,0.023546814540852185,0.05275683751343722,0.08864461961574899,0.055505827776059835,0.1274016549262628,0.08864461961574899,0.05531493034493276,0.12530520506892065,0.0,0.0,0.0,0.0,0.0,0.0,0.05269683139729553,0.02275597085023085,0.0861291185861483,0.016283280988473717,0.008302816916711447,0.026169605220940598,0.04878048780487805,0.0,0.12195121951219512,0.02240023924925457,0.009656397497866209,0.03621483224462088,True
mediation_aware_recourse,False,1.0,1.0,1.0,41,0.024783643666745687,0.016081695400587306,0.03431033116663102,0.024734296659072667,0.01469214873196801,0.03652261671104195,0.15511885336508152,0.14078089613116565,0.1697053366066615,0.2815087674776228,0.2677249011924354,0.2952510362150284,0.19944162194321796,0.1933043246225613,0.20668658138048357,0.42507753607371807,0.40707372831344313,0.44151395312183306,0.3868485112828959,0.36467647380034196,0.40735267473082165,0.3876514966249899,0.3645493086484078,0.4073956507011462,0.5121951219512195,0.36585365853658536,0.6829268292682927,0.0,0.0,0.0,0.0,0.0,0.0,0.03822902479082223,0.024276594257609564,0.05336223999471902,0.0899342391600586,0.05714755038891489,0.12837625013390977,0.0899342391600586,0.056288392099175945,0.12646513672017592,0.0,0.0,0.0,0.0,0.0,0.0,0.053986450941605146,0.024150635749936943,0.08682400593938891,0.01804055328049311,0.009898907709412458,0.02805170457264999,0.07317073170731707,0.0,0.17073170731707318,0.022948427547622205,0.010462471746631964,0.03683746599276209,False
mediation_aware_recourse,False,1.0,2.0,1.0,41,0.029769472050957563,0.01907542209345393,0.04141398743930749,0.024032723634002915,0.013908288385610094,0.03586385944931756,0.15244244177576002,0.13779092143039295,0.16683986368604667,0.28044441733055,0.26607961358229926,0.29432251104721574,0.19944162194321796,0.1933043246225613,0.20668658138048357,0.42507753607371807,0.40707372831344313,0.44151395312183306,0.38206558001609864,0.35774396085532867,0.40451987102963705,0.3830074882309731,0.3588014564291705,0.40379653275236904,0.5365853658536586,0.3902439024390244,0.7073170731707317,0.0,0.0,0.0,0.0,0.0,0.0,0.04301195605761944,0.02802828858267537,0.058597190712995254,0.10118614230924727,0.06617059829499096,0.1414559737073478,0.10118614230924727,0.06503181810311194,0.14025291977095072,0.0,0.0,0.0,0.0,0.0,0.0,0.06523835409079382,0.03218657795899452,0.0987583612835097,0.023026381664704984,0.012857179225581447,0.03455957318315419,0.0975609756097561,0.024390243902439025,0.1951219512195122,0.027731358814419422,0.013928883558639487,0.041852240306180656,False
mediation_aware_recourse,False,1.0,5.0,1.0,41,0.1331360931621819,0.09387314126815464,0.18103240038688498,0.015024310895995076,0.006798038055660916,0.025083410998319067,0.1305985930190198,0.11616746721374474,0.14630046315613957,0.2688071862226579,0.25351658291069834,0.2835130076628269,0.19944162194321796,0.1933043246225613,0.20668658138048357,0.42507753607371807,0.40707372831344313,0.44151395312183306,0.3454029546867907,0.3160019877001628,0.3713599987335709,0.34746082599370076,0.31716085051572,0.37215154491108116,0.6585365853658537,0.5121951219512195,0.8048780487804879,0.0,0.0,0.0,0.0,0.0,0.0,0.07967458138692737,0.05908408870175418,0.10191856851008134,0.18743540795604396,0.13776158133649588,0.24357500636573653,0.18743540795604396,0.13602783247867867,0.2404719637794585,0.0,0.0,0.0,0.0,0.0,0.0,0.1514876197375905,0.1016756470876582,0.20530483980786524,0.12639300277592933,0.08655727250081283,0.1747607258932165,0.21951219512195122,0.0975609756097561,0.34146341463414637,0.06439398414372736,0.043138213543462485,0.08725984804046705,False
transport_anchor_only,False,3.0,0.0,1.0,41,0.03407422035205655,0.019705353563128993,0.051257711036766795,0.019096966098822995,0.009840758189820279,0.029982365870829787,0.16344703586928425,0.14751501124296185,0.17985610521095727,0.2813542271714385,0.26838032618710184,0.29457724230909127,0.19944162194321796,0.1933043246225613,0.20668658138048357,0.42507753607371807,0.40707372831344313,0.44151395312183306,0.3933823837606171,0.3800465044565414,0.4084341110828552,0.39401450187371934,0.3799536106552914,0.4081339954074615,0.5609756097560976,0.4146341463414634,0.7073170731707317,0.0,0.0,0.0,0.0,0.0,0.0,0.03169515231310095,0.020121098725706457,0.04462114115580791,0.07456322581959329,0.051897948390395604,0.10272023378264346,0.07456322581959329,0.04907795643417092,0.10136048142519179,0.0,0.0,0.0,0.0,0.0,0.0,0.004149544593186949,0.0,0.010475650689589985,0.004429555339057271,0.0,0.011622471255590986,0.024390243902439025,0.0,0.07317073170731707,0.0017638781914998843,0.0,0.004461630919442984,False
mediation_aware_recourse,False,3.0,0.5,1.0,41,0.03671012882415841,0.022754795238284803,0.05331397589080307,0.0190760535706378,0.00984023537661565,0.029900284197702895,0.1549148788315131,0.13956287244465623,0.17034156159214697,0.2804329594279208,0.2674054272291137,0.29375374583391156,0.19944162194321796,0.1933043246225613,0.20668658138048357,0.42507753607371807,0.40707372831344313,0.44151395312183306,0.3832870439951129,0.36505924621219277,0.4007212870320793,0.38414165051104543,0.36576083779126617,0.40158540308246665,0.5853658536585366,0.43902439024390244,0.7317073170731707,0.0,0.0,0.0,0.0,0.0,0.0,0.04179049207860516,0.028052314822765177,0.05729695185844531,0.09831263365410536,0.0671503359959344,0.13338217872582225,0.09831263365410536,0.06684011749446966,0.13234780469645782,0.0,0.0,0.0,0.0,0.0,0.0,0.02789895242769902,0.006393315162352478,0.05509725447024099,0.007065463811159134,0.0017572723147345753,0.014334331727132377,0.04878048780487805,0.0,0.12195121951219512,0.011859217957004101,0.0027055900932056926,0.02312715252854278,False
mediation_aware_recourse,False,3.0,0.7300135021058552,1.0,41,0.03830621957142905,0.0244186758637292,0.0542563927944795,0.0190760535706378,0.00984023537661565,0.029900284197702895,0.1530887785312431,0.13829202347750155,0.16808200574115867,0.27983963734856465,0.26616320827430706,0.2934884583214071,0.19944162194321796,0.1933043246225613,0.20668658138048357,0.42507753607371807,0.40707372831344313,0.44151395312183306,0.3786336404701843,0.35867370263652243,0.3979612653415121,0.3795284700259915,0.3574931148676768,0.3978737261434852,0.5853658536585366,0.43902439024390244,0.7317073170731707,0.0,0.0,0.0,0.0,0.0,0.0,0.04644389560353384,0.032327570521788855,0.060983439091252624,0.1092598212375997,0.07708743978379208,0.14949528848538343,0.1092598212375997,0.07444193895846624,0.1450657124006195,0.0,0.0,0.0,0.0,0.0,0.0,0.03884614001119335,0.012753803333948979,0.07195429279261141,0.008661554558429777,0.002833454233662384,0.016248745970405272,0.04878048780487805,0.0,0.12195121951219512,0.01651262148193277,0.00547512967249389,0.03021104543265253,True
mediation_aware_recourse,False,3.0,1.0,1.0,41,0.04006349188616363,0.026254410964504975,0.05561895581223524,0.018914479575041786,0.00984023537661565,0.02968392723162103,0.15239913987314122,0.1378333852616835,0.16733246295768034,0.279200217618448,0.26581573751641485,0.2930961957814672,0.19944162194321796,0.1933043246225613,0.20668658138048357,0.42507753607371807,0.40707372831344313,0.44151395312183306,0.3784223084682104,0.3586684193364731,0.39757946586861614,0.37931863076420896,0.35743839698829105,0.3976638868817027,0.5853658536585366,0.43902439024390244,0.7317073170731707,0.0,0.0,0.0,0.0,0.0,0.0,0.046655227605507686,0.032523113417722,0.061099867802976035,0.10975698230596831,0.07773506998725097,0.1503504040942236,0.10975698230596831,0.07545930592162697,0.14531641292563227,0.0,0.0,0.0,0.0,0.0,0.0,0.039343301079561965,0.01306667632922584,0.07287426397219075,0.01041882687316435,0.004231999218804625,0.01832655229003782,0.04878048780487805,0.0,0.12195121951219512,0.016723953483906623,0.005681518779096629,0.03043231632879747,False
mediation_aware_recourse,False,3.0,2.0,1.0,41,0.06448842267074235,0.03974967651841481,0.09428439409324399,0.014193148199960577,0.006547920208083956,0.024108660224042917,0.1469871510672212,0.1320849690565553,0.1618931911502542,0.27693180821654273,0.26281884806457817,0.29103572952402074,0.19944162194321796,0.1933043246225613,0.20668658138048357,0.42507753607371807,0.40707372831344313,0.44151395312183306,0.3691486364951996,0.3478172280847813,0.3880476610818509,0.3701928728999611,0.3482911272564197,0.3887809009222421,0.6585365853658537,0.5121951219512195,0.8048780487804879,0.0,0.0,0.0,0.0,0.0,0.0,0.055928899578518564,0.03978867690976047,0.07210575471838548,0.13157340680740925,0.09680535079666693,0.1719813919822527,0.13157340680740925,0.09399975033593382,0.16885232950802886,0.0,0.0,0.0,0.0,0.0,0.0,0.06115972558100291,0.0284018089312952,0.09704199492259612,0.034843757657743085,0.01464770615452946,0.06054280925564829,0.12195121951219512,0.024390243902439025,0.21951219512195122,0.025997625456917486,0.012179604824831769,0.04077125374249953,False
mediation_aware_recourse,False,3.0,5.0,1.0,41,0.1401651826028417,0.09978606948663094,0.18973301459648986,0.013617784358393496,0.006418180495858146,0.022994640143981098,0.12976487836990974,0.11524752959663691,0.14557752922914052,0.2681479897440934,0.25293983363705436,0.2823240093841422,0.19944162194321796,0.1933043246225613,0.20668658138048357,0.42507753607371807,0.40707372831344313,0.44151395312183306,0.3439964281491891,0.31542458304396453,0.36957749035992554,0.34605429945609917,0.31622639989676665,0.3703496234753198,0.6585365853658537,0.5121951219512195,0.8048780487804879,0.0,0.0,0.0,0.0,0.0,0.0,0.08108110792452897,0.06060866672222961,0.10317375853045509,0.1907442784990352,0.14276710125358527,0.24449695963016604,0.1907442784990352,0.13979322250445586,0.24404724431184652,0.0,0.0,0.0,0.0,0.0,0.0,0.12033059727262885,0.07807867285145172,0.17024415620138553,0.1105205175898424,0.0747147423368538,0.15374485181371977,0.12195121951219512,0.024390243902439025,0.21951219512195122,0.051149833802927896,0.03347333788171334,0.07158202659094752,False
transport_anchor_only,False,10.0,0.0,1.0,41,0.11828772378403966,0.059109328068202224,0.19128816744437577,0.006772245216621613,0.0026423848304045617,0.011939450511683686,0.15933952274594454,0.14244156945127193,0.1785764182389878,0.2748225022379945,0.2633931824505874,0.2864528849016784,0.19944162194321796,0.1933043246225613,0.20668658138048357,0.42507753607371807,0.40707372831344313,0.44151395312183306,0.37897391310088663,0.3695262996811707,0.388176688284913,0.379649880347194,0.37002450828065925,0.38857095316617624,0.7073170731707317,0.5609756097560976,0.8536585365853658,0.0,0.0,0.0,0.0,0.0,0.0,0.04610362297283143,0.031528220683463476,0.06117839418386481,0.10845932579423823,0.0790603884895239,0.1406829810546943,0.10845932579423823,0.07700209542739077,0.13929702598419733,0.0,0.0,0.0,0.0,0.0,0.0,0.006969340232898746,0.0,0.016132436894116288,0.026686387000287453,0.0,0.06688780090430888,0.024390243902439025,0.0,0.07317073170731707,0.0029625099742599716,0.0,0.006993715804324582,False
mediation_aware_recourse,False,10.0,0.5,1.0,41,0.12092363225614153,0.06211696155766797,0.19353017645104356,0.006751332688436418,0.0026214810517329384,0.011922114215631576,0.15080736570817335,0.13525464417514393,0.16777289365912515,0.2739012344944768,0.262189718896932,0.28612582088879696,0.19944162194321796,0.1933043246225613,0.20668658138048357,0.42507753607371807,0.40707372831344313,0.44151395312183306,0.3688785733353825,0.3549877920213934,0.3802401425367323,0.3697770289845201,0.3555747146756517,0.3824126134706291,0.7317073170731707,0.5853658536585366,0.8780487804878049,0.0,0.0,0.0,0.0,0.0,0.0,0.05619896273833564,0.03935510769541314,0.07341763795449818,0.13220873362875007,0.09748694053063184,0.16629581888647504,0.13220873362875007,0.09753905089389726,0.16727485259419395,0.0,0.0,0.0,0.0,0.0,0.0,0.030718748067410595,0.007456373023808233,0.05924690477404531,0.029322295472389313,0.0021159996210438447,0.06919591615669335,0.04878048780487805,0.0,0.12195121951219512,0.013057849739764189,0.003283103666837124,0.024989209344037276,False
mediation_aware_recourse,False,10.0,0.7300135021058552,1.0,41,0.12251972300341217,0.06404850443529828,0.19515174579772548,0.006751332688436418,0.0026214810517329384,0.011922114215631576,0.14898126540790335,0.13367353248609123,0.16537246066968372,0.27330791241512065,0.26135061117479713,0.28554056137573064,0.19944162194321796,0.1933043246225613,0.20668658138048357,0.42507753607371807,0.40707372831344313,0.44151395312183306,0.3642251698104538,0.3480399673916423,0.3787438186775685,0.3651638484994661,0.34731931018962725,0.37994366387337847,0.7317073170731707,0.5853658536585366,0.8780487804878049,0.0,0.0,0.0,0.0,0.0,0.0,0.06085236626326431,0.04370951782573218,0.07703337763486945,0.14315592121224474,0.10865889170097186,0.17997027676682884,0.14315592121224474,0.10721337824001541,0.18017776557282772,0.0,0.0,0.0,0.0,0.0,0.0,0.04166593565090526,0.01296205618037051,0.07556693787155595,0.030918386219659956,0.004231999218804625,0.07073200393309134,0.04878048780487805,0.0,0.12195121951219512,0.01771125326469286,0.005433885282178635,0.031590376725078695,True
mediation_aware_recourse,False,10.0,1.0,1.0,41,0.12339835916077946,0.0645952014292295,0.1960303819550928,0.006751332688436418,0.0026214810517329384,0.011922114215631576,0.14837604279114,0.13341719301413488,0.16466908929613572,0.2729980903791218,0.26104764180121626,0.285220962926382,0.19944162194321796,0.1933043246225613,0.20668658138048357,0.42507753607371807,0.40707372831344313,0.44151395312183306,0.364175411804076,0.34803836994273596,0.3787425747274091,0.3651155832332796,0.34718650374487564,0.37989419197553725,0.7317073170731707,0.5853658536585366,0.8780487804878049,0.0,0.0,0.0,0.0,0.0,0.0,0.06090212426964216,0.043768981773861494,0.0770831356412473,0.14327297751881263,0.10889490432478803,0.17997027676682884,0.14327297751881263,0.10777638164634881,0.18029365819342988,0.0,0.0,0.0,0.0,0.0,0.0,0.04178299195747315,0.01302197904229208,0.07556693787155595,0.031797022377027244,0.004944515210667216,0.07073200393309134,0.04878048780487805,0.0,0.12195121951219512,0.0177610112710707,0.005501637474963969,0.031590376725078695,False
mediation_aware_recourse,False,10.0,2.0,1.0,41,0.12659054067803593,0.06836218921263226,0.1987276942037591,0.006751332688436418,0.0026214810517329384,0.011922114215631576,0.14662301442427328,0.13157553772513855,0.1624066762608231,0.2720831323687623,0.25952007960891577,0.28442135050256806,0.19944162194321796,0.1933043246225613,0.20668658138048357,0.42507753607371807,0.40707372831344313,0.44151395312183306,0.3608625628950187,0.3425583156300441,0.3769326572602627,0.3619319183132644,0.34295833237191187,0.37812676058129174,0.7317073170731707,0.5853658536585366,0.8780487804878049,0.0,0.0,0.0,0.0,0.0,0.0,0.06421497317869934,0.04661963965359669,0.0814746886995234,0.15106649429614416,0.11630084196632245,0.18869887301959185,0.15106649429614416,0.11426791564246187,0.18863238995824463,0.0,0.0,0.0,0.0,0.0,0.0,0.04957650873480468,0.019445967757411364,0.08369433814071653,0.03498920389428371,0.007217666792410721,0.074724638922617,0.04878048780487805,0.0,0.12195121951219512,0.02107386018012787,0.00816089940599543,0.035370074350149557,False
mediation_aware_recourse,False,10.0,5.0,1.0,41,0.19382395313643827,0.1406002479622413,0.2618570380679491,0.007784402163940102,0.0030008543129056743,0.013943159524116882,0.12786265604275326,0.11408901398155494,0.14361550273553123,0.26453176313420623,0.25087025153518816,0.27904339053599936,0.19944162194321796,0.1933043246225613,0.20668658138048357,0.42507753607371807,0.40707372831344313,0.44151395312183306,0.33711086408912516,0.31011620259605077,0.3591474569665564,0.3391810618450169,0.3135714257051268,0.3614085344844385,0.7317073170731707,0.5853658536585366,0.8536585365853658,0.0,0.0,0.0,0.0,0.0,0.0,0.08796667198459296,0.0672085954478884,0.10953213235706871,0.20694265050350125,0.16058322493293534,0.25857562522667765,0.20694265050350125,0.16051317612982702,0.25647733703236764,0.0,0.0,0.0,0.0,0.0,0.0,0.10545266494216177,0.057414326548465504,0.15392522573141715,0.10222261635268606,0.04395078353231728,0.15944452400648648,0.04878048780487805,-0.04878048780487805,0.14634146341463414,0.044825558986021495,0.025068520862114453,0.06411867652110492,False
transport_anchor_only,False,30.0,0.0,1.0,41,0.2240356601229528,0.13386612342352547,0.33767382077100433,0.0003451774349883516,0.0,0.0007832147902348175,0.15710481068084617,0.14080297793461635,0.1745899201044423,0.2683386669108054,0.2591589816164498,0.2782330550957562,0.19944162194321796,0.1933043246225613,0.20668658138048357,0.42507753607371807,0.40707372831344313,0.44151395312183306,0.3685959620157844,0.3612410207359852,0.3752770172850403,0.3693230209409048,0.36126914722624776,0.3762656771488184,0.926829268292683,0.8536585365853658,1.0,0.0,0.0,0.0,0.0,0.0,0.0,0.05648157405793373,0.0404296965841714,0.07362255443904454,0.13287358014641948,0.1000665798575404,0.16679471801788662,0.13287358014641948,0.09893801473347538,0.16503816103685115,0.0,0.0,0.0,0.0,0.0,0.0,0.0,0.0,0.0,0.0,0.0,0.0,0.0,0.0,0.0,0.0,0.0,0.0,False
mediation_aware_recourse,False,30.0,0.5,1.0,41,0.22615165974399665,0.1368944160998004,0.33932832665571083,0.0003451774349883516,0.0,0.0007832147902348175,0.14986546223751557,0.13454936888923394,0.1667134339062968,0.2676062572111444,0.2580032928869492,0.27795087248768385,0.19944162194321796,0.1933043246225613,0.20668658138048357,0.42507753607371807,0.40707372831344313,0.44151395312183306,0.3602725387651262,0.3479135040188192,0.3702110020151391,0.3612022206257549,0.34961261836569185,0.3707732000928665,0.926829268292683,0.8536585365853658,1.0,0.0,0.0,0.0,0.0,0.0,0.0,0.06480499730859182,0.04751330606485037,0.08147326219748575,0.1524545331356988,0.11749102645056475,0.18758403221863246,0.1524545331356988,0.11642128238974338,0.18582702415798624,0.0,0.0,0.0,0.0,0.0,0.0,0.01958095298927931,0.0,0.04745271209223893,0.0021159996210438447,0.0,0.004751908093145708,0.0,0.0,0.0,0.008323423250658083,0.0,0.019669927594480306,False
mediation_aware_recourse,False,30.0,0.7300135021058552,1.0,41,0.2277477504912673,0.13814971592822453,0.34057959692280104,0.0003451774349883516,0.0,0.0007832147902348175,0.14803936193724557,0.13324597391587592,0.164532300378249,0.26701293513178825,0.2566250091668491,0.27754151941526956,0.19944162194321796,0.1933043246225613,0.20668658138048357,0.42507753607371807,0.40707372831344313,0.44151395312183306,0.3556191352401976,0.34133016291512863,0.3679584038023654,0.356589040140701,0.34150226794213717,0.3687785607342291,0.926829268292683,0.8536585365853658,1.0,0.0,0.0,0.0,0.0,0.0,0.0,0.06945840083352049,0.052061976555746084,0.0865044236687263,0.16340172071919323,0.1278876296922551,0.1984260655838522,0.16340172071919323,0.12849489371514516,0.19844993416633536,0.0,0.0,0.0,0.0,0.0,0.0,0.030528140572773754,0.006405522546696682,0.06292465084198448,0.0037120903683144873,0.0010761818962126244,0.00706948301323303,0.0,0.0,0.0,0.012976826775586755,0.0028193810597810843,0.026279208029494773,True
mediation_aware_recourse,False,30.0,1.0,1.0,41,0.22862638664863458,0.13895807122845746,0.34057959692280104,0.0003451774349883516,0.0,0.0007832147902348175,0.14743413932048222,0.13280242433459624,0.16350024243837927,0.2667031130957894,0.256568322912222,0.277341005065274,0.19944162194321796,0.1933043246225613,0.20668658138048357,0.42507753607371807,0.40707372831344313,0.44151395312183306,0.3555693772338198,0.3412452664740621,0.3678695872132744,0.35654077487451447,0.3414515894126413,0.36877735410257445,0.926829268292683,0.8536585365853658,1.0,0.0,0.0,0.0,0.0,0.0,0.0,0.06950815883989832,0.052111734562123924,0.08655293772494468,0.16351877702576112,0.12831936182982365,0.19876100005159697,0.16351877702576112,0.12849797544460065,0.19856716421582804,0.0,0.0,0.0,0.0,0.0,0.0,0.03064519687934164,0.006608183575304566,0.06318832988257622,0.004590726525681775,0.0015960907472706422,0.008266452700467553,0.0,0.0,0.0,0.013026584781964593,0.0028627304262760995,0.026304441701624066,False
mediation_aware_recourse,False,30.0,2.0,1.0,41,0.23181856816589105,0.14404732219125257,0.34222617910368497,0.0003451774349883516,0.0,0.0007832147902348175,0.1456811109536155,0.13124170498901785,0.1613686995391584,0.2657881550854299,0.2555876147615292,0.2763442330516693,0.19944162194321796,0.1933043246225613,0.20668658138048357,0.42507753607371807,0.40707372831344313,0.44151395312183306,0.35225652832476256,0.33641487502018813,0.3658092028542833,0.35335710995449926,0.33675068535067787,0.36657868585859726,0.926829268292683,0.8536585365853658,1.0,0.0,0.0,0.0,0.0,0.0,0.0,0.07282100774895549,0.05542535301468175,0.08988642580241726,0.17131229380309265,0.1362341865910631,0.20721856534300948,0.17131229380309265,0.13577658787231336,0.2063824643407914,0.0,0.0,0.0,0.0,0.0,0.0,0.038438713656673174,0.010629698194108519,0.07155237037526432,0.007782908042938244,0.0026673340448746235,0.01432936175090329,0.0,0.0,0.0,0.016339433691021765,0.004646565970592722,0.029921796181672636,False
mediation_aware_recourse,False,30.0,5.0,1.0,41,0.3103287734500155,0.21717749123983993,0.4297408197449929,0.0004563807367775456,0.0,0.0012546537159890687,0.1251515464132989,0.11039880914161614,0.14212772765043713,0.25627324339456675,0.2449251728473095,0.2680758504174286,0.19944162194321796,0.1933043246225613,0.20668658138048357,0.42507753607371807,0.40707372831344313,0.44151395312183306,0.3274409014141039,0.3034879519654265,0.3479139618964367,0.32956698213118224,0.30789766017325443,0.3488570553056212,0.9512195121951219,0.8780487804878049,1.0,0.0,0.0,0.0,0.0,0.0,0.0,0.09763663465961421,0.07656707532714606,0.11963601415487768,0.229691353632674,0.18409434431180233,0.27814087646618546,0.229691353632674,0.18481761577794986,0.27714063055632754,0.0,0.0,0.0,0.0,0.0,0.0,0.09681777348625453,0.054446328736765935,0.14556188220469377,0.08629311332706271,0.050559807828309516,0.1288121039888299,0.024390243902439025,0.0,0.07317073170731707,0.04115506060168047,0.02337857495891353,0.06079476733274359,False
transport_anchor_only,False,0.0,0.0,2.0,41,0.0,0.0,0.0,0.04570774689307147,0.032843177184212605,0.059263242608043415,0.17741300583707303,0.15907469994254855,0.19521147977047154,0.2890164454172297,0.2752687243994598,0.30297512373228264,0.19944162194321796,0.1933043246225613,0.20668658138048357,0.42507753607371807,0.40707372831344313,0.44151395312183306,0.42507753607371807,0.40641426965674565,0.4446275456337687,0.4254718141958707,0.4071931118075013,0.4430310657959672,0.36585365853658536,0.21951219512195122,0.5121951219512195,0.0,0.0,0.0,0.0,0.0,0.0,0.0,0.0,0.0,0.0,0.0,0.0,0.0,0.0,0.0,0.0,0.0,0.0,0.0,0.0,0.0,0.0,0.0,0.0,0.0,0.0,0.0,0.0,0.0,0.0,0.0,0.0,0.0,False
mediation_aware_recourse,False,0.0,0.5,2.0,41,0.010777543844064562,0.006222272429774266,0.015690633438232286,0.0340691472843442,0.02189067143498479,0.047818007162848036,0.16011448564736905,0.1449421910584783,0.1748655939916338,0.2851868334521608,0.27058603335626247,0.2990427014031788,0.19944162194321796,0.1933043246225613,0.20668658138048357,0.42507753607371807,0.40707372831344313,0.44151395312183306,0.3963802697470087,0.37200791979537595,0.41995070971125065,0.3971732864832629,0.37227035049094265,0.4197135121042285,0.4634146341463415,0.3170731707317073,0.6341463414634146,0.0,0.0,0.0,0.0,0.0,0.0,0.028697266326709422,0.015024087704258062,0.04333714289004779,0.0675106630940211,0.03422756150212095,0.10844955772092253,0.0675106630940211,0.033775871875118796,0.10649927283980717,0.0,0.0,0.0,0.0,0.0,0.0,0.0675106630940211,0.034998458462573545,0.10594495371344208,0.010777543844064562,0.006222272429774266,0.015690633438232286,0.0975609756097561,0.024390243902439025,0.1951219512195122,0.028697266326709422,0.01499985531558388,0.04481826157568831,False
mediation_aware_recourse,False,0.0,0.7300135021058552,2.0,41,0.014292088450818526,0.0089798777960468,0.019761451066857793,0.03309310407700913,0.021121267026281455,0.04676189605431242,0.15847139177532718,0.14307947632426385,0.17385648915102464,0.283896215896054,0.26921081808509256,0.2978574780315706,0.19944162194321796,0.1933043246225613,0.20668658138048357,0.42507753607371807,0.40707372831344313,0.44151395312183306,0.3924597806964024,0.36593485310345103,0.4171403979411451,0.3933649250067479,0.36707824975681486,0.41710659300426944,0.4878048780487805,0.34146341463414637,0.6585365853658537,0.0,0.0,0.0,0.0,0.0,0.0,0.03261775537731574,0.018381905238700775,0.04753565150124441,0.07673366058953301,0.04320966288391969,0.11877430293147985,0.07673366058953301,0.04146019255373149,0.11616634214664846,0.0,0.0,0.0,0.0,0.0,0.0,0.07673366058953301,0.04253039982244235,0.1164202345626467,0.014292088450818526,0.0089798777960468,0.019761451066857793,0.12195121951219512,0.024390243902439025,0.21951219512195122,0.03261775537731574,0.018155970024518034,0.04885330107209944,True
mediation_aware_recourse,False,0.0,1.0,2.0,41,0.019563905372307067,0.014292088450818526,0.02519444960067276,0.03091783248060328,0.01965891700087473,0.043616240865835834,0.1568783517844468,0.14132798250637021,0.1723339389143568,0.28192876433817354,0.26716715405672425,0.2961432961633474,0.19944162194321796,0.1933043246225613,0.20668658138048357,0.42507753607371807,0.40707372831344313,0.44151395312183306,0.3894711933267483,0.3634056304844894,0.41385236139541326,0.39041992496322286,0.3642251292617926,0.4137045271267202,0.4878048780487805,0.34146341463414637,0.6585365853658537,0.0,0.0,0.0,0.0,0.0,0.0,0.035606342746969805,0.021445515884253242,0.05005595596324715,0.08376434820774636,0.049968506141802954,0.12310864623194738,0.08376434820774636,0.04860603580405068,0.12299707143955375,0.0,0.0,0.0,0.0,0.0,0.0,0.08376434820774636,0.05042534353541136,0.12307972568924953,0.019563905372307067,0.014292088450818526,0.02519444960067276,0.12195121951219512,0.024390243902439025,0.21951219512195122,0.035606342746969805,0.021340413441173597,0.051734938661944466,False
mediation_aware_recourse,False,0.0,2.0,2.0,41,0.032727743612556925,0.0227156931994392,0.043745056097395714,0.025686599331568083,0.01537784582164582,0.03728872181557372,0.1522100009593027,0.1375053631921405,0.16712972193738515,0.27883209478927823,0.26427483790803974,0.29276174313002606,0.19944162194321796,0.1933043246225613,0.20668658138048357,0.42507753607371807,0.40707372831344313,0.44151395312183306,0.38169715584941527,0.3573655550193511,0.4044439876496857,0.3826866813378244,0.3581582774690809,0.40417119102113985,0.5365853658536586,0.3902439024390244,0.7073170731707317,0.0,0.0,0.0,0.0,0.0,0.0,0.0433803802243028,0.028804419285010343,0.057895582894911486,0.10205286457852158,0.0682531706652725,0.14274916568491197,0.10205286457852158,0.0675870701519575,0.14135825122711007,0.0,0.0,0.0,0.0,0.0,0.0,0.10205286457852158,0.06599902371906281,0.13710798181110107,0.032727743612556925,0.0227156931994392,0.043745056097395714,0.17073170731707318,0.07317073170731707,0.2926829268292683,0.0433803802243028,0.028444541603527555,0.058319368717765656,False
mediation_aware_recourse,False,0.0,5.0,2.0,41,0.12739643872511097,0.0897546986004383,0.17301813561196733,0.017368947200896212,0.008638658910141648,0.027372517898896997,0.13164114065029967,0.1164469831284871,0.1474177299618942,0.2683057984927805,0.2529915624093719,0.28295097094619787,0.19944162194321796,0.1933043246225613,0.20668658138048357,0.42507753607371807,0.40707372831344313,0.44151395312183306,0.3483458237162961,0.31835090602279276,0.37515426952443853,0.3504020787817846,0.319351992034764,0.37502196410863414,0.6341463414634146,0.4878048780487805,0.7804878048780488,0.0,0.0,0.0,0.0,0.0,0.0,0.07673171235742204,0.055742884387823814,0.09891090659043751,0.18051227328116204,0.13313030012242785,0.23678970308820396,0.18051227328116204,0.1305157185806516,0.2334433968523522,0.0,0.0,0.0,0.0,0.0,0.0,0.18051227328116204,0.12832735796716352,0.23538182346126144,0.12739643872511097,0.0897546986004383,0.17301813561196733,0.2682926829268293,0.12195121951219512,0.4146341463414634,0.07673171235742204,0.05465953303235346,0.09983185869205298,False
transport_anchor_only,False,1.0,0.0,2.0,41,0.018238099064768816,0.009862543469317621,0.02805078517895464,0.025496470750198407,0.015300293002873059,0.037247021383579514,0.16664381194227096,0.15046875823964664,0.1826923035323383,0.28363500871672864,0.27052365009695656,0.29659499241402604,0.19944162194321796,0.1933043246225613,0.20668658138048357,0.42507753607371807,0.40707372831344313,0.44151395312183306,0.4023882741426472,0.3870763537920863,0.4179838699812319,0.40292705530184475,0.387313771020087,0.41785024004554067,0.4878048780487805,0.34146341463414637,0.6341463414634146,0.0,0.0,0.0,0.0,0.0,0.0,0.02268926193107096,0.012595286268343879,0.034206504183667386,0.053376760721451144,0.03323117478729576,0.0776479110127259,0.053376760721451144,0.03200815546407138,0.07748439381528101,0.0,0.0,0.0,0.0,0.0,0.0,0.017428972502997686,0.00590584015980308,0.03310695146679975,0.011495008678516237,0.0040658790311526236,0.020601026897841098,0.04878048780487805,0.0,0.12195121951219512,0.007408664687870938,0.002467744045023166,0.013992020870065751,False
mediation_aware_recourse,False,1.0,0.5,2.0,41,0.024783643666745687,0.016081695400587306,0.03431033116663102,0.024734296659072667,0.01469214873196801,0.03652261671104195,0.15511885336508152,0.14078089613116565,0.1697053366066615,0.2815087674776228,0.2677249011924354,0.2952510362150284,0.19944162194321796,0.1933043246225613,0.20668658138048357,0.42507753607371807,0.40707372831344313,0.44151395312183306,0.3868485112828959,0.36467647380034196,0.40735267473082165,0.3876514966249899,0.3645493086484078,0.4073956507011462,0.5121951219512195,0.36585365853658536,0.6829268292682927,0.0,0.0,0.0,0.0,0.0,0.0,0.03822902479082223,0.024276594257609564,0.05336223999471902,0.0899342391600586,0.05714755038891489,0.12837625013390977,0.0899342391600586,0.056288392099175945,0.12646513672017592,0.0,0.0,0.0,0.0,0.0,0.0,0.053986450941605146,0.024150635749936943,0.08682400593938891,0.01804055328049311,0.009898907709412458,0.02805170457264999,0.07317073170731707,0.0,0.17073170731707318,0.022948427547622205,0.010462471746631964,0.03683746599276209,False
mediation_aware_recourse,False,1.0,0.7300135021058552,2.0,41,0.027419552116132364,0.018720724304183953,0.037392127844391436,0.02457272266347666,0.01469214873196801,0.03608651666527869,0.15412289826187245,0.13968025890620483,0.16854410026291675,0.28054774834251983,0.26642071793491884,0.2944572027772665,0.19944162194321796,0.1933043246225613,0.20668658138048357,0.42507753607371807,0.40707372831344313,0.44151395312183306,0.38386043144502585,0.35969967113475015,0.4058898448595462,0.3847755443612112,0.35953151951324913,0.4057810715204707,0.5121951219512195,0.36585365853658536,0.6829268292682927,0.0,0.0,0.0,0.0,0.0,0.0,0.04121710462869224,0.02650310737378655,0.056758893616990984,0.09696373280366488,0.06297480802047715,0.13559778366437408,0.09696373280366488,0.06244516361685194,0.13588100249028676,0.0,0.0,0.0,0.0,0.0,0.0,0.061015944585211424,0.02845026453094809,0.09547237799148837,0.020676461729879785,0.012534816158799136,0.030809299906761182,0.07317073170731707,0.0,0.17073170731707318,0.02593650738549222,0.012042489930104495,0.0400789979471186,True
mediation_aware_recourse,False,1.0,1.0,2.0,41,0.030970471297822346,0.021034269665208893,0.04142749088521047,0.023871149638406905,0.013908288385610094,0.035384505206970084,0.15269055302074763,0.13781918586420844,0.16737121768093483,0.27974245579140944,0.26554803098211205,0.29340107073416793,0.19944162194321796,0.1933043246225613,0.20668658138048357,0.42507753607371807,0.40707372831344313,0.44151395312183306,0.3815770333140376,0.3574998412765212,0.40392729622741286,0.3825454724400905,0.3582326877781708,0.40343471569012795,0.5365853658536586,0.3902439024390244,0.7073170731707317,0.0,0.0,0.0,0.0,0.0,0.0,0.04350050275968049,0.02899171950377431,0.05881153199863333,0.10233545428318402,0.0676799874806869,0.14170245061765108,0.10233545428318402,0.06665119556910297,0.14018982600126287,0.0,0.0,0.0,0.0,0.0,0.0,0.06638766606473057,0.0335397945247753,0.0999793536667149,0.02422738091156977,0.01461445147217047,0.0347602494901455,0.0975609756097561,0.024390243902439025,0.1951219512195122,0.02821990551648046,0.014312152834846027,0.04223704302578221,False
mediation_aware_recourse,False,1.0,2.0,2.0,41,0.039704754221730115,0.02793946082124532,0.05226338111806842,0.02174989986178394,0.012357914162369416,0.03304279042090544,0.15063947817139725,0.13602150142194303,0.1653229284913456,0.2777570690505388,0.2639400175636316,0.29147167711677713,0.19944162194321796,0.1933043246225613,0.20668658138048357,0.42507753607371807,0.40707372831344313,0.44151395312183306,0.3777604563796312,0.354151192917309,0.39971193763486496,0.37875567769579976,0.35494338122642477,0.3994397119720033,0.5365853658536586,0.3902439024390244,0.7073170731707317,0.0,0.0,0.0,0.0,0.0,0.0,0.04731707969408694,0.03267859066496839,0.06275507180199796,0.11131399727950109,0.07925079508544201,0.14908491299603688,0.11131399727950109,0.07687753819091153,0.14868338262318595,0.0,0.0,0.0,0.0,0.0,0.0,0.07536620906104763,0.04204611170382518,0.10814961437800166,0.03296166383547754,0.02043942139972365,0.046135369641706336,0.0975609756097561,0.024390243902439025,0.1951219512195122,0.032036482450886916,0.017912181686679074,0.04571257250717025,False
mediation_aware_recourse,False,1.0,5.0,2.0,41,0.14479227373149336,0.10453124432767763,0.1963611621063248,0.014012883518307356,0.00651538772960623,0.023805138524805924,0.12887743545580305,0.11397134037395225,0.14457470221079013,0.267593775580569,0.2523516041521982,0.2822889331092195,0.19944162194321796,0.1933043246225613,0.20668658138048357,0.42507753607371807,0.40707372831344313,0.44151395312183306,0.3437475687264052,0.3152284649838926,0.37007640044536483,0.34582051660935287,0.31563311765349306,0.3704146783337394,0.6585365853658537,0.5121951219512195,0.8048780487804879,0.0,0.0,0.0,0.0,0.0,0.0,0.08132996734731285,0.0603694015946279,0.103478378857237,0.19132972327478714,0.14276795075303203,0.24648650837989045,0.19132972327478714,0.14027298634246274,0.24499789036944855,0.0,0.0,0.0,0.0,0.0,0.0,0.1553819350563337,0.10485384860131378,0.20922892755101363,0.1380491833452408,0.0973118660676225,0.18941092255423073,0.21951219512195122,0.0975609756097561,0.34146341463414637,0.06604937010411284,0.044805075740391664,0.08916845009559998,False
transport_anchor_only,False,3.0,0.0,2.0,41,0.035524833583977164,0.020640087336097367,0.052708716869990256,0.01893539210322698,0.009840758189820279,0.02968445004482566,0.16569164075592716,0.1499401247873268,0.18176330565392543,0.2806083693555215,0.2676337337939114,0.2935209287466799,0.19944162194321796,0.1933043246225613,0.20668658138048357,0.42507753607371807,0.40707372831344313,0.44151395312183306,0.3907575602105478,0.3766195177756175,0.4055425697550348,0.39142418172772414,0.3772090491485619,0.40660702189602693,0.5609756097560976,0.4146341463414634,0.7073170731707317,0.0,0.0,0.0,0.0,0.0,0.0,0.034319975863170295,0.0211854538163972,0.048240542301988536,0.08073815469095591,0.05493844553658419,0.111144772522372,0.08073815469095591,0.05233700209715624,0.10974578705146747,0.0,0.0,0.0,0.0,0.0,0.0,0.010324473464549566,0.00038218966911076626,0.024326847529417904,0.0058801685709778855,0.0002859885372766634,0.013554376609078267,0.024390243902439025,0.0,0.07317073170731707,0.004388701741569222,0.00016157399559601235,0.010359320339297347,False
mediation_aware_recourse,False,3.0,0.5,2.0,41,0.04149840111140071,0.027366047994824262,0.058007058480232035,0.018657118852388455,0.009598131548884193,0.02935444859993684,0.15213875332366877,0.13764026299166687,0.16696452022775382,0.27892582781794595,0.2655581443661415,0.2926002481157278,0.19944162194321796,0.1933043246225613,0.20668658138048357,0.42507753607371807,0.40707372831344313,0.44151395312183306,0.3781649477455571,0.3583704796484151,0.397173800773069,0.37906127004155565,0.3569993696969206,0.39737184446692647,0.5853658536585366,0.43902439024390244,0.7317073170731707,0.0,0.0,0.0,0.0,0.0,0.0,0.046912588328161024,0.03265507962711537,0.06121983100438624,0.11036242649158778,0.07810803485943035,0.15083985653859422,0.11036242649158778,0.07579043252594969,0.14642042007238787,0.0,0.0,0.0,0.0,0.0,0.0,0.03994874526518144,0.013095631027164137,0.07294023803042483,0.01185373609840143,0.005268696746675344,0.020035775347680942,0.04878048780487805,0.0,0.12195121951219512,0.016981314206559954,0.005735415288534652,0.03054120849851626,False
mediation_aware_recourse,False,3.0,0.7300135021058552,2.0,41,0.04589158187552196,0.031128925010675518,0.06295340200545403,0.018076579660625442,0.009319881370101854,0.028266333521040066,0.15082058818974708,0.13632604354456895,0.16529732623001453,0.2779648083194,0.26382891844685485,0.2918776390619758,0.19944162194321796,0.1933043246225613,0.20668658138048357,0.42507753607371807,0.40707372831344313,0.44151395312183306,0.3747579027115201,0.3530907778204795,0.39471376835162897,0.37576854309051977,0.3528897275559144,0.3957353187615049,0.5853658536585366,0.43902439024390244,0.7317073170731707,0.0,0.0,0.0,0.0,0.0,0.0,0.05031963336219804,0.03566598870278245,0.0660164429662536,0.11837754078228069,0.0836608015031614,0.1570464667607115,0.11837754078228069,0.08140972634220171,0.1558477271507939,0.0,0.0,0.0,0.0,0.0,0.0,0.047963859555874344,0.01795427608747865,0.08306560740489281,0.016246916862522682,0.00742327167663905,0.02607490455322876,0.04878048780487805,0.0,0.12195121951219512,0.020388359240596968,0.007712038359290463,0.03477975323066582,True
mediation_aware_recourse,False,3.0,1.0,2.0,41,0.05324303449653998,0.034122651949434014,0.07488879697204272,0.016729593421187194,0.008127182985421743,0.027121264460114165,0.1494116070840852,0.1347081357655426,0.16441997849170117,0.2769241019538263,0.26288517101826825,0.2906714115836998,0.19944162194321796,0.1933043246225613,0.20668658138048357,0.42507753607371807,0.40707372831344313,0.44151395312183306,0.37237898979439576,0.35079407074345853,0.3917983948732937,0.3734437573776682,0.3508995111104277,0.3931071297360503,0.6097560975609756,0.4634146341463415,0.7560975609756098,0.0,0.0,0.0,0.0,0.0,0.0,0.05269854627932231,0.0383231753064644,0.06820034811876932,0.12397396194134136,0.09093916289284795,0.16398612657616754,0.12397396194134136,0.08617600009271609,0.1594908053032962,0.0,0.0,0.0,0.0,0.0,0.0,0.053560280714935016,0.022505999057069365,0.09038621765248138,0.023598369483540698,0.009898008592426776,0.04237299176251016,0.07317073170731707,0.0,0.14634146341463414,0.022767272157721244,0.009732202091695962,0.037237495861610695,False
mediation_aware_recourse,False,3.0,2.0,2.0,41,0.07031651268281587,0.04562090501280093,0.09958361261069956,0.014069891182376811,0.006547920208083956,0.02386214618887538,0.14576826684577146,0.13115936477812637,0.16085761876466592,0.274999364211065,0.26135526103217427,0.28875308605592426,0.19944162194321796,0.1933043246225613,0.20668658138048357,0.42507753607371807,0.40707372831344313,0.44151395312183306,0.36700307961336726,0.3458961498331351,0.38589053341901763,0.36809493329166354,0.3460518440801453,0.3864533363575844,0.6585365853658537,0.5121951219512195,0.8048780487804879,0.0,0.0,0.0,0.0,0.0,0.0,0.058074456460350844,0.04279291686909024,0.07360337064092902,0.13662085509566746,0.10359984619373927,0.17497271402976208,0.13662085509566746,0.10013678794459918,0.17419370700084608,0.0,0.0,0.0,0.0,0.0,0.0,0.06620717386926112,0.03446064339938858,0.10091308875992923,0.0406718476698166,0.02051438131517299,0.06579125199535088,0.12195121951219512,0.024390243902439025,0.21951219512195122,0.028143182338749777,0.014738621664002022,0.04283155386408528,False
mediation_aware_recourse,False,3.0,5.0,2.0,41,0.1526999995112419,0.11173461233038547,0.20534313843335683,0.01295496835296569,0.005615928947419365,0.022388844040338706,0.12818527983841732,0.11343098943517484,0.14355685285563272,0.2666148692369461,0.25119662214433996,0.281733205812279,0.19944162194321796,0.1933043246225613,0.20668658138048357,0.42507753607371807,0.40707372831344313,0.44151395312183306,0.34224517108754937,0.31373203370726965,0.3677238136096452,0.344325158104236,0.31437382804103403,0.36887177130895193,0.7073170731707317,0.5609756097560976,0.8292682926829268,0.0,0.0,0.0,0.0,0.0,0.0,0.08283236498616872,0.06217031854071559,0.10446755974673383,0.1948641317329074,0.1465698430280609,0.249956487528444,0.1948641317329074,0.14378517329266344,0.24862701193305314,0.0,0.0,0.0,0.0,0.0,0.0,0.12445045050650105,0.08233584047460508,0.1733715286857397,0.12305533449824263,0.08855410046000943,0.1687681791963192,0.17073170731707318,0.04878048780487805,0.2926829268292683,0.05290109086456766,0.03508725225488205,0.07348575928254522,False
transport_anchor_only,False,10.0,0.0,2.0,41,0.119379609709651,0.06019938880202883,0.1925313921639605,0.006751332688436418,0.0026214810517329384,0.011922114215631576,0.16037573507948535,0.14362639863781665,0.17824562282633682,0.27421738407233864,0.262980332084727,0.28598360750460766,0.19944162194321796,0.1933043246225613,0.20668658138048357,0.42507753607371807,0.40707372831344313,0.44151395312183306,0.3747387470315672,0.3644879948339215,0.3849463777769429,0.37546908314927074,0.3644786332009568,0.38553753841852045,0.7317073170731707,0.5853658536585366,0.8780487804878049,0.0,0.0,0.0,0.0,0.0,0.0,0.050338789042150896,0.03360037441050305,0.06783559256286849,0.11842260474903332,0.08522810918358231,0.15229136772621157,0.11842260474903332,0.08356415749026003,0.1528356592791526,0.0,0.0,0.0,0.0,0.0,0.0,0.016932619187693843,0.0041928119698908615,0.030661394425883847,0.027778272925898795,0.0008579656118299903,0.0682067263127509,0.04878048780487805,0.0,0.12195121951219512,0.007197676043579431,0.001771916514846134,0.013288155348845814,False
mediation_aware_recourse,False,10.0,0.5,2.0,41,0.12339835916077946,0.0645952014292295,0.1960303819550928,0.006751332688436418,0.0026214810517329384,0.011922114215631576,0.14837604279114,0.13341719301413488,0.16466908929613572,0.2729980903791218,0.26104764180121626,0.285220962926382,0.19944162194321796,0.1933043246225613,0.20668658138048357,0.42507753607371807,0.40707372831344313,0.44151395312183306,0.364175411804076,0.34803836994273596,0.3787425747274091,0.3651155832332796,0.34718650374487564,0.37989419197553725,0.7317073170731707,0.5853658536585366,0.8780487804878049,0.0,0.0,0.0,0.0,0.0,0.0,0.06090212426964216,0.043768981773861494,0.0770831356412473,0.14327297751881263,0.10889490432478803,0.17997027676682884,0.14327297751881263,0.10777638164634881,0.18029365819342988,0.0,0.0,0.0,0.0,0.0,0.0,0.04178299195747315,0.01302197904229208,0.07556693787155595,0.031797022377027244,0.004944515210667216,0.07073200393309134,0.04878048780487805,0.0,0.12195121951219512,0.0177610112710707,0.005501637474963969,0.031590376725078695,False
mediation_aware_recourse,False,10.0,0.7300135021058552,2.0,41,0.12515563145279884,0.0673349782637116,0.19774384579519036,0.006751332688436418,0.0026214810517329384,0.011922114215631576,0.1474645037292694,0.1323033022140325,0.16407364768748867,0.27236666893813666,0.26008901866607187,0.28469016186029805,0.19944162194321796,0.1933043246225613,0.20668658138048357,0.42507753607371807,0.40707372831344313,0.44151395312183306,0.36134890596180197,0.34305018322731945,0.3775123338004317,0.3624012049650969,0.3431743242781268,0.37843821419585094,0.7317073170731707,0.5853658536585366,0.8780487804878049,0.0,0.0,0.0,0.0,0.0,0.0,0.06372863011191617,0.04612945572492601,0.08114955404596849,0.1499223664006185,0.11527535898589564,0.18757836663042193,0.1499223664006185,0.11350952997626654,0.18780015575749898,0.0,0.0,0.0,0.0,0.0,0.0,0.04843238083927903,0.018602784526203425,0.08319486582799364,0.033554294669046636,0.0065051508249669545,0.07376546240070969,0.04878048780487805,0.0,0.12195121951219512,0.020587517113344698,0.007964084603527936,0.034915012841370816,True
mediation_aware_recourse,False,10.0,1.0,2.0,41,0.12691290376753342,0.06967089138016469,0.1990182045966432,0.006751332688436418,0.0026214810517329384,0.011922114215631576,0.1469555417105994,0.13170681553827093,0.1636210750609939,0.2717107685237396,0.25878224448051035,0.28413638570686667,0.19944162194321796,0.1933043246225613,0.20668658138048357,0.42507753607371807,0.40707372831344313,0.44151395312183306,0.36053559018855375,0.34175201167793684,0.3769083746153548,0.36163147651797783,0.34227170672398866,0.37782001641907065,0.7317073170731707,0.5853658536585366,0.8780487804878049,0.0,0.0,0.0,0.0,0.0,0.0,0.06454194588516436,0.04726003610136428,0.08158438795350988,0.1518357015082803,0.11756887975564964,0.18919352119989644,0.1518357015082803,0.11525190841358304,0.18941208282592314,0.0,0.0,0.0,0.0,0.0,0.0,0.05034571594694082,0.020546805987601734,0.0851561491586214,0.03531156698378121,0.008266452699899673,0.07446901014347265,0.04878048780487805,0.0,0.12195121951219512,0.021400832886592898,0.008748409629882957,0.035691250789096234,False
mediation_aware_recourse,False,10.0,2.0,2.0,41,0.13241863069010945,0.0762048397928749,0.20339567309029674,0.006694325024366964,0.0025569875566329265,0.011918273637441421,0.14542317093656104,0.1297210245974923,0.16155588324331993,0.2702909318230501,0.2577646749639293,0.28271360655610517,0.19944162194321796,0.1933043246225613,0.20668658138048357,0.42507753607371807,0.40707372831344313,0.44151395312183306,0.3587832553667008,0.33959368033005805,0.3748092860866123,0.3599002280584811,0.34076266358801366,0.37537174380952365,0.7317073170731707,0.5853658536585366,0.8780487804878049,0.0,0.0,0.0,0.0,0.0,0.0,0.0662942807070173,0.04989816522328928,0.08316401732638903,0.15595809018597573,0.12324693460587345,0.19200022774451603,0.15595809018597573,0.12122663464918126,0.192277767847973,0.0,0.0,0.0,0.0,0.0,0.0,0.05446810462463625,0.02464186230233103,0.08864811432384247,0.04081729390635723,0.013251361643282196,0.08067442578513445,0.04878048780487805,0.0,0.12195121951219512,0.023153167708445842,0.010699296494864395,0.03709090342900889,False
mediation_aware_recourse,False,10.0,5.0,2.0,41,0.2239314925334439,0.16499125242131057,0.29402588503321675,0.006291427227950269,0.0018233146282513055,0.012312454048009895,0.12559340810702038,0.11122427102692235,0.1417187225833013,0.26167695542297714,0.2478819925474321,0.27585223961348937,0.19944162194321796,0.1933043246225613,0.20668658138048357,0.42507753607371807,0.40707372831344313,0.44151395312183306,0.3343248881881477,0.307850597135759,0.3563906676107467,0.33641345249366617,0.31125214607476176,0.35893769115405844,0.7804878048780488,0.6341463414634146,0.9024390243902439,0.0,0.0,0.0,0.0,0.0,0.0,0.09075264788557039,0.07044493170520068,0.11199500914444036,0.2134966922124809,0.16723194020630514,0.2642596288210151,0.2134966922124809,0.1683711321366955,0.2622194774838891,0.0,0.0,0.0,0.0,0.0,0.0,0.11200670665114143,0.06389614276724581,0.16020558430637746,0.1323301557496917,0.06838293114063762,0.19724157586148594,0.0975609756097561,0.0,0.21951219512195122,0.047611534886998944,0.02779321400747493,0.06673093366876931,False
transport_anchor_only,False,30.0,0.0,2.0,41,0.22460763719750615,0.1338804228503893,0.3385206076089384,0.0003451774349883516,0.0,0.0007832147902348175,0.15943383160882757,0.14371292531292462,0.1773382744955022,0.26792240678900625,0.25824768784251523,0.2776586387329167,0.19944162194321796,0.1933043246225613,0.20668658138048357,0.42507753607371807,0.40707372831344313,0.44151395312183306,0.366132712461311,0.35823678119917984,0.3737917528154969,0.36689427479050557,0.35863268270993953,0.37416727928017096,0.926829268292683,0.8536585365853658,1.0,0.0,0.0,0.0,0.0,0.0,0.0,0.05894482361240705,0.04202358581639833,0.0765808536916733,0.13866840425598181,0.10519531467473683,0.17332732489891284,0.13866840425598181,0.10257781418753986,0.17228170156399536,0.0,0.0,0.0,0.0,0.0,0.0,0.005794824109562335,0.0,0.015549259584683802,0.0005719770745533268,0.0,0.0014299426863833172,0.0,0.0,0.0,0.0024632495544733256,0.0,0.006402881689375666,False
mediation_aware_recourse,False,30.0,0.5,2.0,41,0.22862638664863458,0.13895807122845746,0.34057959692280104,0.0003451774349883516,0.0,0.0007832147902348175,0.14743413932048222,0.13280242433459624,0.16350024243837927,0.2667031130957894,0.256568322912222,0.277341005065274,0.19944162194321796,0.1933043246225613,0.20668658138048357,0.42507753607371807,0.40707372831344313,0.44151395312183306,0.3555693772338198,0.3412452664740621,0.3678695872132744,0.35654077487451447,0.3414515894126413,0.36877735410257445,0.926829268292683,0.8536585365853658,1.0,0.0,0.0,0.0,0.0,0.0,0.0,0.06950815883989832,0.052111734562123924,0.08655293772494468,0.16351877702576112,0.12831936182982365,0.19876100005159697,0.16351877702576112,0.12849797544460065,0.19856716421582804,0.0,0.0,0.0,0.0,0.0,0.0,0.03064519687934164,0.006608183575304566,0.06318832988257622,0.004590726525681775,0.0015960907472706422,0.008266452700467553,0.0,0.0,0.0,0.013026584781964593,0.0028627304262760995,0.026304441701624066,False
mediation_aware_recourse,False,30.0,0.7300135021058552,2.0,41,0.23038365894065396,0.14196397531947985,0.34222617910368497,0.0003451774349883516,0.0,0.0007832147902348175,0.14652260025861166,0.13172899400273658,0.16233099275218835,0.26607169165480427,0.25573348081102826,0.27690232347288146,0.19944162194321796,0.1933043246225613,0.20668658138048357,0.42507753607371807,0.40707372831344313,0.44151395312183306,0.35274287139154575,0.3369715862729932,0.3662890391939476,0.3538263966063318,0.3373821620261497,0.3668533405212083,0.926829268292683,0.8536585365853658,1.0,0.0,0.0,0.0,0.0,0.0,0.0,0.07233466468217231,0.054753885607743046,0.08948034504776171,0.17016816590756711,0.1344328677183349,0.20626491466867444,0.17016816590756711,0.1343217551409411,0.2056057700263544,0.0,0.0,0.0,0.0,0.0,0.0,0.037294585761147636,0.009800706710507074,0.07046687184863769,0.006347998817701165,0.002313545314458812,0.0107420887071185,0.0,0.0,0.0,0.01585309062423859,0.004072061993847969,0.0297084245352917,True
mediation_aware_recourse,False,30.0,1.0,2.0,41,0.23214093125538854,0.14415287503734142,0.3430976653409122,0.0003451774349883516,0.0,0.0007832147902348175,0.14601363823994162,0.1313792249788027,0.16232416475317038,0.2654157912404072,0.25528651590390905,0.2761089389394151,0.19944162194321796,0.1933043246225613,0.20668658138048357,0.42507753607371807,0.40707372831344313,0.44151395312183306,0.3519295556182976,0.33617527592119,0.36546221231662546,0.3530566681592127,0.33626066001315896,0.36621708297606737,0.926829268292683,0.8536585365853658,1.0,0.0,0.0,0.0,0.0,0.0,0.0,0.07314798045542052,0.056059749784552255,0.09000565464542847,0.1720815010152288,0.13788327511630935,0.2075178509018433,0.1720815010152288,0.1353997417914876,0.20714899623981842,0.0,0.0,0.0,0.0,0.0,0.0,0.03920792086880931,0.012063570631983675,0.07267071318352827,0.00810527113243574,0.003708060807548464,0.013058754480898193,0.0,0.0,0.0,0.01666640639748679,0.005213277865695448,0.030576892507943834,False
mediation_aware_recourse,False,30.0,2.0,2.0,41,0.24885566262301148,0.15313990273592404,0.3695560773340531,0.00018256842795754964,0.0,0.00045795397737427243,0.142125875921767,0.12764305664566244,0.15874153436506808,0.2625252090212775,0.2527995760757022,0.273271382713645,0.19944162194321796,0.1933043246225613,0.20668658138048357,0.42507753607371807,0.40707372831344313,0.44151395312183306,0.3497216337454787,0.33353637788441354,0.3633810651189386,0.35088169683394327,0.3348488467111507,0.3635207103267448,0.9512195121951219,0.8780487804878049,1.0,0.0,0.0,0.0,0.0,0.0,0.0,0.07535590232823938,0.05878792223857833,0.09164049121761228,0.17727566369249614,0.14393347064462592,0.21101457995802644,0.17727566369249614,0.14371858550862546,0.21127625539969894,0.0,0.0,0.0,0.0,0.0,0.0,0.044402083546076665,0.01829515414644149,0.07768983182487967,0.024820002500058676,0.010418816559334717,0.04586167211031041,0.024390243902439025,0.0,0.07317073170731707,0.018874328270305656,0.007902371065538177,0.032350098048172335,False
mediation_aware_recourse,False,30.0,5.0,2.0,41,0.3175917729599083,0.22713782897775583,0.4359466448755617,0.0004563807367775456,0.0,0.0012546537159890687,0.12399368146421647,0.1089118678561988,0.14108017140046714,0.2553894308100386,0.24400323078990346,0.26740562890360997,0.19944162194321796,0.1933043246225613,0.20668658138048357,0.42507753607371807,0.40707372831344313,0.44151395312183306,0.32679694283140615,0.3026851373604202,0.3478201924906932,0.328938100124522,0.30736221653369694,0.3482300671069004,0.9512195121951219,0.8780487804878049,1.0,0.0,0.0,0.0,0.0,0.0,0.0,0.09828059324231196,0.07706409344310575,0.12010995212606193,0.23120627391909,0.18549754280633754,0.2800775462923356,0.23120627391909,0.18674755150565842,0.27919789960119823,0.0,0.0,0.0,0.0,0.0,0.0,0.09833269377267051,0.05544303353185097,0.14891819308627793,0.09355611283695553,0.055965429807945,0.13902752729553,0.024390243902439025,0.0,0.07317073170731707,0.041799019184378214,0.023976918208690075,0.06181228677156689,False
transport_anchor_only,False,0.0,0.0,5.0,41,0.04822081009425768,0.04642717367628726,0.050014446512228104,0.03083543135575166,0.019135560066682527,0.04304435005068634,0.16876568735521585,0.15231664856826188,0.18623201790141844,0.2713099994310519,0.25775604951081843,0.28484506214991573,0.19944162194321796,0.1933043246225613,0.20668658138048357,0.42507753607371807,0.40707372831344313,0.44151395312183306,0.39002066182791645,0.3645934145486473,0.41380156061557694,0.3909278055643558,0.3657951801959478,0.41380317132124317,0.5121951219512195,0.36585365853658536,0.6829268292682927,0.0,0.0,0.0,0.0,0.0,0.0,0.03505687424580166,0.02262397782002437,0.04842302637954681,0.08247171697099975,0.052477520571539815,0.1191240759530376,0.08247171697099975,0.05093709529256958,0.11938714765229143,0.0,0.0,0.0,0.0,0.0,0.0,0.08247171697099975,0.05211475817814018,0.11677268261418253,0.04822081009425768,0.04642717367628726,0.050014446512228104,0.14634146341463414,0.04878048780487805,0.24390243902439024,0.03505687424580166,0.022311635131043492,0.049994379830437446,False
mediation_aware_recourse,False,0.0,0.5,5.0,41,0.048418355969394124,0.04246453956882583,0.055770717419275063,0.02970035528856651,0.01854268018542706,0.041761651158555034,0.15473482880362582,0.1396996323889244,0.1696541933528341,0.2721880486280453,0.25855801644757753,0.2853258660358445,0.19944162194321796,0.1933043246225613,0.20668658138048357,0.42507753607371807,0.40707372831344313,0.44151395312183306,0.38396904181787544,0.35871984711050225,0.4089110219609346,0.38497820617272727,0.35929595302126555,0.4086871710298756,0.5121951219512195,0.36585365853658536,0.6829268292682927,0.0,0.0,0.0,0.0,0.0,0.0,0.041108494255842634,0.027175275189426893,0.055525866596167046,0.09670822559937275,0.06488209150322576,0.13142967652763107,0.09670822559937275,0.061815528356843466,0.13448972349430505,0.0,0.0,0.0,0.0,0.0,0.0,0.09670822559937275,0.06477692448908275,0.1340462900219369,0.048418355969394124,0.04246453956882583,0.055770717419275063,0.14634146341463414,0.04878048780487805,0.24390243902439024,0.041108494255842634,0.02770337022448332,0.0560091170534679,False
mediation_aware_recourse,False,0.0,0.7300135021058552,5.0,41,0.053009082426930344,0.044382993405593964,0.06342880793495058,0.02825752070055621,0.017614469335355203,0.040771643701296496,0.1536593324077578,0.13862866247425845,0.16885723923999674,0.2713893276707428,0.2577592954902751,0.28502495084866514,0.19944162194321796,0.1933043246225613,0.20668658138048357,0.42507753607371807,0.40707372831344313,0.44151395312183306,0.3799802213016748,0.35434790183136383,0.40486577778688315,0.3810346740721754,0.3569295927325541,0.404495604644561,0.5365853658536586,0.3902439024390244,0.7073170731707317,0.0,0.0,0.0,0.0,0.0,0.0,0.045097314772043276,0.03036001697259021,0.060099287416918036,0.10609197368694256,0.07062893883950837,0.1432203119836839,0.10609197368694256,0.07078907132117226,0.14593917616265106,0.0,0.0,0.0,0.0,0.0,0.0,0.10609197368694256,0.0700329094416929,0.14322920901811145,0.053009082426930344,0.044382993405593964,0.06342880793495058,0.17073170731707318,0.07317073170731707,0.2926829268292683,0.045097314772043276,0.029965009930343147,0.06009109635213147,True
mediation_aware_recourse,False,0.0,1.0,5.0,41,0.054802719026622246,0.04614117486947557,0.06554480764231213,0.027360350636426015,0.01699084208140558,0.03923815597994457,0.15257544966478684,0.1372627197653865,0.1676396813692311,0.2712231717276864,0.257586006899705,0.28462806279521163,0.19944162194321796,0.1933043246225613,0.20668658138048357,0.42507753607371807,0.40707372831344313,0.44151395312183306,0.3780300306990609,0.35234087095097194,0.4028895627387647,0.3791259423184272,0.3548882702241792,0.402005705432726,0.5365853658536586,0.3902439024390244,0.7073170731707317,0.0,0.0,0.0,0.0,0.0,0.0,0.04704750537465721,0.03139487739355673,0.06280645695979414,0.11067982046103253,0.07505191061045285,0.14873007385535916,0.11067982046103253,0.07479244262024926,0.1515056684612274,0.0,0.0,0.0,0.0,0.0,0.0,0.11067982046103253,0.07399500453742729,0.14942130236732204,0.054802719026622246,0.04614117486947557,0.06554480764231213,0.17073170731707318,0.07317073170731707,0.2926829268292683,0.04704750537465721,0.03143516825906201,0.06292553111024352,False
mediation_aware_recourse,False,0.0,2.0,5.0,41,0.08749409887667109,0.06941677827910497,0.10704310746954346,0.021139182807295022,0.012345812915560098,0.032020083129437674,0.1424054082319988,0.12808494197468695,0.15647261340219323,0.2676008482713525,0.2537216037784408,0.2811351933539277,0.19944162194321796,0.1933043246225613,0.20668658138048357,0.42507753607371807,0.40707372831344313,0.44151395312183306,0.3639094373417284,0.3369521805152532,0.389507642117118,0.365350739727956,0.33891332271705515,0.3907077809235577,0.5609756097560976,0.4146341463414634,0.7317073170731707,0.0,0.0,0.0,0.0,0.0,0.0,0.06116809873198968,0.04235168239506584,0.08039230656424318,0.1438986856303357,0.10252755488579442,0.18808564603507152,0.1438986856303357,0.10030873729167825,0.1880725723546794,0.0,0.0,0.0,0.0,0.0,0.0,0.1438986856303357,0.10014160164471324,0.18902594917279064,0.08749409887667109,0.06941677827910497,0.10704310746954346,0.1951219512195122,0.07317073170731707,0.3170731707317073,0.06116809873198968,0.04275291081494918,0.08028404963766866,False
mediation_aware_recourse,False,0.0,5.0,5.0,41,0.1838994182691705,0.1449970303449734,0.23390100409401715,0.014266388077422937,0.006823541149696894,0.023661560983713244,0.12612389600521406,0.11024210142628266,0.1425277729573067,0.2590014477510278,0.24476016236287426,0.2734318111205428,0.19944162194321796,0.1933043246225613,0.20668658138048357,0.42507753607371807,0.40707372831344313,0.44151395312183306,0.33377384939943694,0.3033199453390989,0.36080983895454705,0.33610751250600396,0.3051521581051336,0.36199325443377245,0.6585365853658537,0.5121951219512195,0.8048780487804879,0.0,0.0,0.0,0.0,0.0,0.0,0.09130368667428115,0.07085188842005405,0.11289972112340696,0.2147930175694982,0.16214898129041166,0.26773636380038435,0.2147930175694982,0.1614952110043667,0.2666674042473763,0.0,0.0,0.0,0.0,0.0,0.0,0.2147930175694982,0.165308886783512,0.26966092501165184,0.1838994182691705,0.1449970303449734,0.23390100409401715,0.2926829268292683,0.14634146341463414,0.43902439024390244,0.09130368667428115,0.07019254494449552,0.11401247552076621,False
transport_anchor_only,False,1.0,0.0,5.0,41,0.06186818267877509,0.05229162779159662,0.07359750431894165,0.020637385995980004,0.01103181769787449,0.031545577319421626,0.1595822313084848,0.14516042526317763,0.17407310925736116,0.2698767596810329,0.2563619129814026,0.2832505106766958,0.19944162194321796,0.1933043246225613,0.20668658138048357,0.42507753607371807,0.40707372831344313,0.44151395312183306,0.37475298118301686,0.3523144185879269,0.39563503341737394,0.3757915479958736,0.35208643515278426,0.39608873640954306,0.5853658536585366,0.43902439024390244,0.7317073170731707,0.0,0.0,0.0,0.0,0.0,0.0,0.050324554890701215,0.03563518937026686,0.06579926657839061,0.11838911873709035,0.08368816913008513,0.15910241908390713,0.11838911873709035,0.08210478057985583,0.1551657040265739,0.0,0.0,0.0,0.0,0.0,0.0,0.08244133051863689,0.04966672525527227,0.11613412442430197,0.055125092292522514,0.04430714440475241,0.06698103909176298,0.14634146341463414,0.04878048780487805,0.2682926829268293,0.03504395764750119,0.021236485890956548,0.049387504566980656,False
mediation_aware_recourse,False,1.0,0.5,5.0,41,0.06984864677325255,0.057438637852873196,0.08613322970468731,0.018914479575041786,0.00984023537661565,0.02968392723162103,0.15096804797005786,0.13606094572659402,0.1661613982521395,0.2691952736094231,0.25582873479622165,0.28290585444149813,0.19944162194321796,0.1933043246225613,0.20668658138048357,0.42507753607371807,0.40707372831344313,0.44151395312183306,0.36732314507664066,0.3455052275463835,0.3892859363945589,0.36847595750432277,0.345130866072772,0.39016384683764793,0.5853658536585366,0.43902439024390244,0.7317073170731707,0.0,0.0,0.0,0.0,0.0,0.0,0.05775439099707743,0.04316929731001748,0.07274084479645704,0.1358678972559526,0.1009915828402399,0.1749293288076063,0.1358678972559526,0.09991815192794651,0.17297854943304686,0.0,0.0,0.0,0.0,0.0,0.0,0.09992010903749915,0.06314074667492603,0.13646297173099475,0.06310555638699997,0.04906308212397029,0.0795500083860555,0.14634146341463414,0.04878048780487805,0.2682926829268293,0.042473793753877415,0.027449130018714803,0.05816786653851645,False
mediation_aware_recourse,False,1.0,0.7300135021058552,5.0,41,0.07200101065653854,0.058997052254314286,0.08783896022146886,0.01853386183480469,0.009598131548884193,0.029056953440702974,0.1504153686068736,0.1354203084069788,0.1653676549094137,0.26890716329216957,0.25579499102129444,0.28230112088707887,0.19944162194321796,0.1933043246225613,0.20668658138048357,0.42507753607371807,0.40707372831344313,0.44151395312183306,0.36694252733640353,0.34527878705688353,0.388929443679472,0.36809533976408565,0.34491957900616455,0.3897938046177094,0.5853658536585366,0.43902439024390244,0.7317073170731707,0.0,0.0,0.0,0.0,0.0,0.0,0.05813500873731453,0.04344400463348097,0.0730758293408519,0.13676330505320466,0.10193340095727516,0.17601806398003594,0.13676330505320466,0.10120368455513729,0.17353209402152978,0.0,0.0,0.0,0.0,0.0,0.0,0.1008155168347512,0.06416386670599979,0.13748747665649305,0.06525792027028596,0.050291084478291254,0.08148990796833504,0.14634146341463414,0.04878048780487805,0.2682926829268293,0.04285441149411451,0.02779470508802374,0.05841442456180308,True
mediation_aware_recourse,False,1.0,1.0,5.0,41,0.07135628447754354,0.058228810701133095,0.08651755562835804,0.019121424175657768,0.009926522938369969,0.029251696840746313,0.14866088981316686,0.13342426623362721,0.1634170613084526,0.2692381233522078,0.2558942854608886,0.2824699815839711,0.19944162194321796,0.1933043246225613,0.20668658138048357,0.42507753607371807,0.40707372831344313,0.44151395312183306,0.3680355040526845,0.3440301376161153,0.3905897949639511,0.36921623643618107,0.3453392765983437,0.39146450008927575,0.5609756097560976,0.4146341463414634,0.7317073170731707,0.0,0.0,0.0,0.0,0.0,0.0,0.05704203202103363,0.041838063160978954,0.07250358728714781,0.13419206422411656,0.09832414313097887,0.17160958526538805,0.13419206422411656,0.09965936609060232,0.17186648651936354,0.0,0.0,0.0,0.0,0.0,0.0,0.0982442760056631,0.06105941806061547,0.13604369336079858,0.06461319409129096,0.0505626708053325,0.08042632041601236,0.12195121951219512,0.024390243902439025,0.21951219512195122,0.0417614347778336,0.026123505450478104,0.057767740519895874,False
mediation_aware_recourse,False,1.0,2.0,5.0,41,0.10094393592146111,0.08298154498745755,0.12077552577446599,0.017261632997736857,0.0084263214239791,0.02718452881726123,0.14060146955662614,0.12629069307525295,0.1542485637603141,0.265877912593324,0.25215014338311625,0.2796198121022161,0.19944162194321796,0.1933043246225613,0.20668658138048357,0.42507753607371807,0.40707372831344313,0.44151395312183306,0.35792997515097197,0.3318760933484054,0.38180812351300086,0.3594619317278446,0.33274480423687025,0.3828283287695465,0.6097560975609756,0.4634146341463415,0.7560975609756098,0.0,0.0,0.0,0.0,0.0,0.0,0.06714756092274615,0.04929984249310457,0.08471022299049408,0.1579654421237192,0.11773648551531299,0.20393908702951155,0.1579654421237192,0.11694490559934838,0.20201913522709364,0.0,0.0,0.0,0.0,0.0,0.0,0.12201765390526575,0.07683401663099967,0.168847523498534,0.09420084553520854,0.07581595633485605,0.11504110352635928,0.17073170731707318,0.07317073170731707,0.2926829268292683,0.05186696367954612,0.032686857015042994,0.07047191541686733,False
mediation_aware_recourse,False,1.0,5.0,5.0,41,0.19356441754484321,0.15353234208177594,0.24512017636116956,0.012909326498043126,0.005761317540883992,0.022429155009810946,0.12532771631690928,0.10972241814205569,0.14161994323837623,0.2580291338991828,0.24389267669899797,0.27262273434913015,0.19944162194321796,0.1933043246225613,0.20668658138048357,0.42507753607371807,0.40707372831344313,0.44151395312183306,0.33195270077968353,0.30214839015248696,0.35844110620430125,0.33428965385983966,0.30430601712479877,0.3599370102237713,0.7073170731707317,0.5609756097560976,0.8536585365853658,0.0,0.0,0.0,0.0,0.0,0.0,0.09312483529403458,0.07269389179484421,0.11468644867254935,0.21907729153178446,0.16788072312364608,0.27211914833340833,0.21907729153178446,0.16571851299325463,0.27035914044245335,0.0,0.0,0.0,0.0,0.0,0.0,0.183129503313331,0.13064904423123114,0.23794099377563227,0.18682132715859065,0.14612573270015872,0.23994345550493495,0.2682926829268293,0.12195121951219512,0.4146341463414634,0.07784423805083454,0.05657786081449648,0.10129059983610943,False
transport_anchor_only,False,3.0,0.0,5.0,41,0.08933982543829011,0.06677230398693099,0.11511162160100732,0.014381656191627954,0.007087508910151247,0.023889023081040087,0.15546066561749214,0.1411461514057945,0.1706067116166206,0.26695412915290856,0.2542580537657003,0.28032009275857267,0.19944162194321796,0.1933043246225613,0.20668658138048357,0.42507753607371807,0.40707372831344313,0.44151395312183306,0.368199672636383,0.34773778904645,0.38707212752444936,0.36925096983629313,0.3480521339858579,0.3874913120773455,0.6341463414634146,0.4878048780487805,0.8048780487804879,0.0,0.0,0.0,0.0,0.0,0.0,0.056877863437335106,0.04179440034541668,0.07286794630487306,0.13380585566269765,0.09966308341848101,0.17357233559922394,0.13380585566269765,0.100158376427651,0.16802223831350155,0.0,0.0,0.0,0.0,0.0,0.0,0.0633921744362913,0.0344095239860811,0.09529231696453418,0.05969516042529083,0.040899464072909474,0.08189537986749557,0.0975609756097561,0.024390243902439025,0.1951219512195122,0.02694658931573404,0.01495382918665443,0.04014655956462283,False
mediation_aware_recourse,False,3.0,0.5,5.0,41,0.0955266427566729,0.07265520139608714,0.12229070812236609,0.014056916528241644,0.007008985570528885,0.02339432797174716,0.14775190853487274,0.13310328692528556,0.16261929643942555,0.2664174623787403,0.2538790504470831,0.2796597399612571,0.19944162194321796,0.1933043246225613,0.20668658138048357,0.42507753607371807,0.40707372831344313,0.44151395312183306,0.36216800328755866,0.34122611175242457,0.38185962582587396,0.3633335461022942,0.3412788620907792,0.3831697878923572,0.6341463414634146,0.4878048780487805,0.8048780487804879,0.0,0.0,0.0,0.0,0.0,0.0,0.06290953278615942,0.04731095707079755,0.07771944465499642,0.14799543012136374,0.11402980277338182,0.18439765386707793,0.14799543012136374,0.11499630395989706,0.18240948151034211,0.0,0.0,0.0,0.0,0.0,0.0,0.07758174889495739,0.04460330661299169,0.11120012037259627,0.06588197774367362,0.04762232556780119,0.0871717311475971,0.0975609756097561,0.024390243902439025,0.1951219512195122,0.032978258664558356,0.0192513403060045,0.04663247880166663,False
mediation_aware_recourse,False,3.0,0.7300135021058552,5.0,41,0.0955266427566729,0.07265520139608714,0.12229070812236609,0.014056916528241644,0.007008985570528885,0.02339432797174716,0.14775190853487274,0.13310328692528556,0.16261929643942555,0.2664174623787403,0.2538790504470831,0.2796597399612571,0.19944162194321796,0.1933043246225613,0.20668658138048357,0.42507753607371807,0.40707372831344313,0.44151395312183306,0.36216800328755866,0.34122611175242457,0.38185962582587396,0.3633335461022942,0.3412788620907792,0.3831697878923572,0.6341463414634146,0.4878048780487805,0.8048780487804879,0.0,0.0,0.0,0.0,0.0,0.0,0.06290953278615942,0.04731095707079755,0.07771944465499642,0.14799543012136374,0.11402980277338182,0.18439765386707793,0.14799543012136374,0.11499630395989706,0.18240948151034211,0.0,0.0,0.0,0.0,0.0,0.0,0.07758174889495739,0.04460330661299169,0.11120012037259627,0.06588197774367362,0.04762232556780119,0.0871717311475971,0.0975609756097561,0.024390243902439025,0.1951219512195122,0.032978258664558356,0.0192513403060045,0.04663247880166663,True
mediation_aware_recourse,False,3.0,1.0,5.0,41,0.10171346068836568,0.0761503941311342,0.1317919111827661,0.013251945696926839,0.0062338813526699255,0.022510168047730084,0.14634704445710534,0.13180502750864884,0.16119371713937866,0.265914333393661,0.253430789997574,0.27927711134912764,0.19944162194321796,0.1933043246225613,0.20668658138048357,0.42507753607371807,0.40707372831344313,0.44151395312183306,0.3600459759345461,0.3391192965843072,0.3798519134511271,0.361263539037476,0.3389483660991398,0.3806097837780294,0.6341463414634146,0.4878048780487805,0.8048780487804879,0.0,0.0,0.0,0.0,0.0,0.0,0.06503156013917198,0.049019449800440394,0.0808493884157021,0.15298752491097056,0.11803418066695119,0.1904596823239687,0.15298752491097056,0.11771931570646756,0.18945295310995247,0.0,0.0,0.0,0.0,0.0,0.0,0.08257384368456422,0.050139900671752086,0.11823593998676754,0.07206879567536639,0.050901658486052444,0.0963846106025413,0.0975609756097561,0.024390243902439025,0.1951219512195122,0.03510028601757091,0.021529137250707056,0.04941378991128422,False
mediation_aware_recourse,False,3.0,2.0,5.0,41,0.12753694315963401,0.10158773338615258,0.15625179835492972,0.012717215128576046,0.005617456753930906,0.021908487513030248,0.13716793080426964,0.12267311971057768,0.1511802910694405,0.26353360630753564,0.2500964516932826,0.2768023695887589,0.19944162194321796,0.1933043246225613,0.20668658138048357,0.42507753607371807,0.40707372831344313,0.44151395312183306,0.3523141772512323,0.3276323638100138,0.3744891681111617,0.35386971257265515,0.3283168817510413,0.3758037091361047,0.6829268292682927,0.5365853658536586,0.8292682926829268,0.0,0.0,0.0,0.0,0.0,0.0,0.07276335882248576,0.054424215466109885,0.09050604465492415,0.17117667401240166,0.13200560693347682,0.21514457030083575,0.17117667401240166,0.1296618252078703,0.2122550325806255,0.0,0.0,0.0,0.0,0.0,0.0,0.10076299278599532,0.06060275999162165,0.1425228087781166,0.09789227814663475,0.07400298015066854,0.12349937347093279,0.14634146341463414,0.04878048780487805,0.2682926829268293,0.0428320847008847,0.025963602696548738,0.06011637022436956,False
mediation_aware_recourse,False,3.0,5.0,5.0,41,0.20322941591190855,0.16449397007378225,0.25068919421457575,0.011827156951692147,0.004811417924296368,0.021116560972677667,0.12483655973516049,0.10938752305007446,0.14132117132176897,0.2570403404533863,0.24318812362077397,0.2713245510714265,0.19944162194321796,0.1933043246225613,0.20668658138048357,0.42507753607371807,0.40707372831344313,0.44151395312183306,0.33087053123333254,0.3015953776698847,0.3569540076524651,0.3332074843134887,0.3032709628636617,0.35846012866529503,0.7073170731707317,0.5609756097560976,0.8536585365853658,0.0,0.0,0.0,0.0,0.0,0.0,0.09420700484038555,0.07474703661979741,0.11513151152310837,0.22162310836404187,0.17219172787964385,0.27501387590195975,0.22162310836404187,0.16928292138934695,0.27270784757947014,0.0,0.0,0.0,0.0,0.0,0.0,0.15120942713763552,0.10413218847234917,0.20669987974234122,0.1735847508989093,0.1371866373453153,0.21629310555915096,0.17073170731707318,0.04878048780487805,0.2926829268292683,0.06427573071878448,0.04547457499529841,0.08572949086143032,False
transport_anchor_only,False,10.0,0.0,5.0,41,0.17288794968186355,0.11222930290713543,0.2459822050318485,0.0053257215054885,0.0017184734201423162,0.010252041780219056,0.15355900686640045,0.13850245426184335,0.17017015822170464,0.26112844240738126,0.249947033890682,0.2725299553786654,0.19944162194321796,0.1933043246225613,0.20668658138048357,0.42507753607371807,0.40707372831344313,0.44151395312183306,0.3571463705661573,0.3398569880627845,0.3727640304905284,0.35823810633581016,0.34007589815221206,0.3731448645472425,0.7560975609756098,0.6097560975609756,0.8780487804878049,0.0,0.0,0.0,0.0,0.0,0.0,0.06793116550756084,0.05193653057499787,0.08542862887169664,0.15980888130437454,0.12507132623926046,0.1952245592132675,0.15980888130437454,0.12569795248729865,0.193712138860484,0.0,0.0,0.0,0.0,0.0,0.0,0.05831889574303506,0.03103293585027486,0.088563871366195,0.08128661289811134,0.04094530725624503,0.12876184345109432,0.07317073170731707,-0.024390243902439025,0.17073170731707318,0.02479005250898937,0.013367339082673332,0.036942709686808496,False
mediation_aware_recourse,False,10.0,0.5,5.0,41,0.17751504046978747,0.11682677858327402,0.25256580429424236,0.005268713841419048,0.0016734636460333022,0.010082525178090964,0.14562366856895018,0.13004210806688085,0.1614762418381658,0.2608405802308059,0.2495379022072728,0.2722326006967483,0.19944162194321796,0.1933043246225613,0.20668658138048357,0.42507753607371807,0.40707372831344313,0.44151395312183306,0.3513824332166498,0.3339639307131943,0.3686166854907241,0.35258841460112805,0.33478777501060186,0.3693511684486321,0.7560975609756098,0.6097560975609756,0.8780487804878049,0.0,0.0,0.0,0.0,0.0,0.0,0.07369510285706829,0.05700903844490422,0.09000459587338715,0.17336861302472562,0.14057374449617016,0.20725556550483104,0.17336861302472562,0.1414722972558493,0.20651940535283342,0.0,0.0,0.0,0.0,0.0,0.0,0.07187862746338614,0.04236022288038618,0.10482719467933874,0.08591370368603526,0.046024394947354025,0.1340450343658875,0.07317073170731707,-0.024390243902439025,0.17073170731707318,0.030553989858496833,0.018204343685309272,0.044048667410365776,False
mediation_aware_recourse,False,10.0,0.7300135021058552,5.0,41,0.17751504046978747,0.11682677858327402,0.25256580429424236,0.005268713841419048,0.0016734636460333022,0.010082525178090964,0.14562366856895018,0.13004210806688085,0.1614762418381658,0.2608405802308059,0.2495379022072728,0.2722326006967483,0.19944162194321796,0.1933043246225613,0.20668658138048357,0.42507753607371807,0.40707372831344313,0.44151395312183306,0.3513824332166498,0.3339639307131943,0.3686166854907241,0.35258841460112805,0.33478777501060186,0.3693511684486321,0.7560975609756098,0.6097560975609756,0.8780487804878049,0.0,0.0,0.0,0.0,0.0,0.0,0.07369510285706829,0.05700903844490422,0.09000459587338715,0.17336861302472562,0.14057374449617016,0.20725556550483104,0.17336861302472562,0.1414722972558493,0.20651940535283342,0.0,0.0,0.0,0.0,0.0,0.0,0.07187862746338614,0.04236022288038618,0.10482719467933874,0.08591370368603526,0.046024394947354025,0.1340450343658875,0.07317073170731707,-0.024390243902439025,0.17073170731707318,0.030553989858496833,0.018204343685309272,0.044048667410365776,True
mediation_aware_recourse,False,10.0,1.0,5.0,41,0.17930867697861863,0.11867784464777242,0.2538527795045477,0.005268713841419048,0.0016734636460333022,0.010082525178090964,0.14465865621564006,0.12901988930792296,0.16044444618349474,0.26066375323911994,0.24947111313572015,0.2720260951440872,0.19944162194321796,0.1933043246225613,0.20668658138048357,0.42507753607371807,0.40707372831344313,0.44151395312183306,0.350065376694952,0.3319063978039622,0.3678518828233477,0.3513233783676247,0.3332253911597256,0.3683457185894208,0.7560975609756098,0.6097560975609756,0.8780487804878049,0.0,0.0,0.0,0.0,0.0,0.0,0.07501215937876604,0.05787005408353254,0.09193434855255231,0.1764670042826192,0.14251666095496981,0.2110426450509641,0.1764670042826192,0.14394656446647663,0.21100854839776176,0.0,0.0,0.0,0.0,0.0,0.0,0.07497701872127971,0.044237491326687334,0.10994827171551932,0.08770734019486642,0.04825534738327672,0.13476839320984008,0.07317073170731707,-0.024390243902439025,0.17073170731707318,0.03187104638019459,0.01907021136622874,0.04563123007413283,False
mediation_aware_recourse,False,10.0,2.0,5.0,41,0.205776877269694,0.14410101777942078,0.28768216521172535,0.004849251387273272,0.0013420849401963287,0.009721675523162412,0.13662111849244454,0.12110993796154465,0.15190016398087725,0.25833255906657476,0.2468582035224067,0.27001953630640013,0.19944162194321796,0.1933043246225613,0.20668658138048357,0.42507753607371807,0.40707372831344313,0.44151395312183306,0.3433622904807341,0.32200097734305333,0.3629508266265749,0.344945225505493,0.32374066169539345,0.36420233667412377,0.7804878048780488,0.6341463414634146,0.9024390243902439,0.0,0.0,0.0,0.0,0.0,0.0,0.08171524559298406,0.06372285100669703,0.1003132009084761,0.19223609496694904,0.15123404380101654,0.2336668491688244,0.19223609496694904,0.15436710655276392,0.23288345486521658,0.0,0.0,0.0,0.0,0.0,0.0,0.09074610940560957,0.05070101465625998,0.136476543324148,0.11417554048594178,0.07075517269862225,0.1716457550760313,0.0975609756097561,-0.024390243902439025,0.21951219512195122,0.038574132594412586,0.02190882121724884,0.056417116519794225,False
mediation_aware_recourse,False,10.0,5.0,5.0,41,0.3055611367496412,0.2278241903311005,0.3968614259252052,0.003818736624778706,0.0009190950746294129,0.008100703403107033,0.11994258505144055,0.10559360839770908,0.13673204991767274,0.25199806690216064,0.23993270876022374,0.2642665574690554,0.19944162194321796,0.1933043246225613,0.20668658138048357,0.42507753607371807,0.40707372831344313,0.44151395312183306,0.320449268815737,0.2950071190980025,0.3442057630087804,0.3228058800607902,0.2963350572231484,0.34461015720143773,0.8292682926829268,0.7073170731707317,0.926829268292683,0.0,0.0,0.0,0.0,0.0,0.0,0.1046282672579811,0.08582381474433838,0.12462640289416699,0.2461392531451866,0.19984178074909828,0.29443593231232656,0.2461392531451866,0.20076944272825037,0.2944695802565581,0.0,0.0,0.0,0.0,0.0,0.0,0.1446492675838471,0.09380793905916733,0.20112202748970584,0.21395979996588899,0.1271335067528459,0.30564854095247007,0.14634146341463414,0.024390243902439025,0.2682926829268293,0.06148715425940966,0.04088200453827213,0.08365999552912172,False
transport_anchor_only,False,30.0,0.0,5.0,41,0.2548399746599721,0.16610354491986515,0.362782381879302,0.0003451774349883516,0.0,0.0007832147902348175,0.1521364183179038,0.13747105875489737,0.16893728863048127,0.257541484403901,0.24778222179994353,0.26797056089087234,0.19944162194321796,0.1933043246225613,0.20668658138048357,0.42507753607371807,0.40707372831344313,0.44151395312183306,0.35009108099944375,0.3348004172789107,0.36358785165416746,0.351205583782279,0.33581126323995725,0.3640656506475743,0.926829268292683,0.8536585365853658,1.0,0.0,0.0,0.0,0.0,0.0,0.0,0.07498645507427436,0.05861433519581392,0.091563486745726,0.1764065345981256,0.1409951249375132,0.20914417989890804,0.1764065345981256,0.14363306845631232,0.20881600357624408,0.0,0.0,0.0,0.0,0.0,0.0,0.04353295445170613,0.01965858479577801,0.07214153063177309,0.030804314537019265,0.021891829991576874,0.04345990742397744,0.0,0.0,0.0,0.018504881016340628,0.008512101218001238,0.03011090149164452,False
mediation_aware_recourse,False,30.0,0.5,5.0,41,0.258390883506253,0.1700387597623531,0.3668329979843892,0.0003451774349883516,0.0,0.0007832147902348175,0.14447433210042787,0.13018197324234287,0.16074456088402286,0.2573344153238506,0.24728788096321427,0.26780601268997645,0.19944162194321796,0.1933043246225613,0.20668658138048357,0.42507753607371807,0.40707372831344313,0.44151395312183306,0.34438415131400574,0.3283016112703846,0.3587457779359058,0.34561289971166637,0.3301541087884611,0.35957050329444223,0.926829268292683,0.8536585365853658,1.0,0.0,0.0,0.0,0.0,0.0,0.0,0.08069338475971237,0.06482325582110969,0.09678092639608502,0.18983215510527063,0.15792168244316482,0.22148213818060514,0.18983215510527063,0.15994463645237703,0.2208934226838113,0.0,0.0,0.0,0.0,0.0,0.0,0.05695857495885115,0.028023476491423855,0.08876812145465152,0.03435522338330019,0.023339853716855187,0.048262696350901954,0.0,0.0,0.0,0.024211810701778632,0.012236922155512607,0.03710532965815676,False
mediation_aware_recourse,False,30.0,0.7300135021058552,5.0,41,0.26594481855721736,0.17063726425091394,0.38407600508298634,0.00018256842795754964,0.0,0.00045795397737427243,0.14337440379328834,0.12892077091398385,0.16015727317878,0.25694553390508745,0.2471683949027665,0.2673468678985245,0.19944162194321796,0.1933043246225613,0.20668658138048357,0.42507753607371807,0.40707372831344313,0.44151395312183306,0.3439576191272147,0.32780409736541827,0.3578493357354864,0.3451973710847861,0.3299634671527491,0.3592580976756728,0.9512195121951219,0.8780487804878049,1.0,0.0,0.0,0.0,0.0,0.0,0.0,0.08111991694650343,0.06564268688574765,0.09756005325665215,0.1908355771885235,0.15929161429584401,0.22246846212647425,0.1908355771885235,0.1606095969189675,0.22194374950528198,0.0,0.0,0.0,0.0,0.0,0.0,0.05796199704210403,0.028967988040407292,0.08977039001698886,0.04190915843426454,0.026979093675547076,0.06359841695123511,0.024390243902439025,0.0,0.07317073170731707,0.024638342888569705,0.012548339338598623,0.037180226562131075,True
mediation_aware_recourse,False,30.0,1.0,5.0,41,0.26773845506604854,0.17327627376937196,0.3848150537025592,0.00018256842795754964,0.0,0.00045795397737427243,0.14240939143997824,0.12775821444679808,0.15945332041306148,0.2567687069134014,0.2469278606063709,0.26679217922387694,0.19944162194321796,0.1933043246225613,0.20668658138048357,0.42507753607371807,0.40707372831344313,0.44151395312183306,0.3426405626055169,0.3260954579193024,0.3572803306652287,0.34393233485128266,0.3281523802257047,0.3587377901322161,0.9512195121951219,0.8780487804878049,1.0,0.0,0.0,0.0,0.0,0.0,0.0,0.08243697346820118,0.06619220153758054,0.09858237080657371,0.19393396844641708,0.16126656044630303,0.22680261867214502,0.19393396844641708,0.16368694636035686,0.22785790010472884,0.0,0.0,0.0,0.0,0.0,0.0,0.0610603882999976,0.03183493418886278,0.09512220297671718,0.04370279494309571,0.02879740221698473,0.06572228401910696,0.024390243902439025,0.0,0.07317073170731707,0.02595539941026746,0.013908992590287269,0.03945763460950603,False
mediation_aware_recourse,False,30.0,2.0,5.0,41,0.28805620034747736,0.1954426065541622,0.404638225237112,0.00018256842795754964,0.0,0.00045795397737427243,0.1345399977766829,0.12069277767214145,0.1500860234840182,0.25476458596020213,0.2445217453920078,0.2652419121140932,0.19944162194321796,0.1933043246225613,0.20668658138048357,0.42507753607371807,0.40707372831344313,0.44151395312183306,0.3364359066832887,0.31530450602737703,0.35412107646463997,0.3380526122811408,0.31970648809578134,0.3550722792215219,0.9512195121951219,0.8780487804878049,1.0,0.0,0.0,0.0,0.0,0.0,0.0,0.0886416293904294,0.0704761212889493,0.10721866171358754,0.20853049589300543,0.17059090639169391,0.24703779630292025,0.20853049589300543,0.1726595452044136,0.24722378671630924,0.0,0.0,0.0,0.0,0.0,0.0,0.07565691574658595,0.0381155530791964,0.12020990956429517,0.06402054022452454,0.045216295367856395,0.08891525462712728,0.024390243902439025,0.0,0.07317073170731707,0.03216005533249566,0.016342996055406657,0.04989735177491546,False
mediation_aware_recourse,False,30.0,5.0,5.0,41,0.35546650258233636,0.26598572322087954,0.47138617536416505,0.0004563807367775456,0.0,0.0012546537159890687,0.12012987375811096,0.10439439560644971,0.13747896065318174,0.24913698961821998,0.23787485958735755,0.2607566143545072,0.19944162194321796,0.1933043246225613,0.20668658138048357,0.42507753607371807,0.40707372831344313,0.44151395312183306,0.3159212200038282,0.2917901985671687,0.33762917122233943,0.3183222063261399,0.29302091354180443,0.3387429595639867,0.9512195121951219,0.8780487804878049,1.0,0.0,0.0,0.0,0.0,0.0,0.0,0.10915631606988989,0.08988915352593291,0.12906018326595062,0.2567915422633853,0.21176697480992196,0.30254209014134964,0.2567915422633853,0.2108677993695258,0.30123975434902434,0.0,0.0,0.0,0.0,0.0,0.0,0.12391796211696582,0.07440416954420223,0.1821735991381441,0.13143084245938352,0.0916539687288516,0.1819145483174929,0.024390243902439025,0.0,0.07317073170731707,0.05267474201195615,0.03244556540059595,0.0754423245966689,False
transport_anchor_only,False,0.0,0.0,10.0,41,0.18499124740681996,0.17745797808577374,0.19181604106433509,0.019898867901760754,0.01130787364043982,0.029120737230690988,0.15107261716103768,0.13596989307670906,0.16496157742138226,0.2542880920738709,0.24113983966001287,0.2675856096511025,0.19944162194321796,0.1933043246225613,0.20668658138048357,0.42507753607371807,0.40707372831344313,0.44151395312183306,0.3588822868813463,0.3327101282889187,0.3824201710653183,0.36039987610550556,0.33549514675116904,0.38338061698588183,0.6341463414634146,0.4878048780487805,0.7804878048780488,0.0,0.0,0.0,0.0,0.0,0.0,0.06619524919237177,0.04968199904527671,0.0821880429275062,0.15572511736045258,0.11767268580400696,0.19877746956801012,0.15572511736045258,0.11730487991921433,0.19684804757711888,0.0,0.0,0.0,0.0,0.0,0.0,0.15572511736045258,0.11694246542372118,0.19749508467151689,0.18499124740681996,0.17745797808577374,0.19181604106433509,0.2682926829268293,0.14634146341463414,0.4146341463414634,0.06619524919237177,0.05050139553635642,0.08285125938410676,False
mediation_aware_recourse,False,0.0,0.5,10.0,41,0.17959463505483256,0.16784418261178385,0.19143306778789296,0.018461931006053662,0.00998294080766734,0.028047709847780097,0.14175846738224446,0.12785093673182144,0.15595819073088416,0.2551000943271125,0.24195735188110207,0.2679019065846394,0.19944162194321796,0.1933043246225613,0.20668658138048357,0.42507753607371807,0.40707372831344313,0.44151395312183306,0.35382362480198887,0.32813208879516353,0.37852397432411744,0.3553844442509743,0.32953263840916425,0.3788265257585056,0.6585365853658537,0.5121951219512195,0.8048780487804879,0.0,0.0,0.0,0.0,0.0,0.0,0.07125391127172918,0.05443038572681315,0.08869659974206752,0.16762568055201144,0.13016214548510022,0.2122348660038289,0.16762568055201144,0.12747695578524207,0.21088551752252757,0.0,0.0,0.0,0.0,0.0,0.0,0.16762568055201144,0.12661407848536976,0.21078785210920503,0.17959463505483256,0.16784418261178385,0.19143306778789296,0.2926829268292683,0.17073170731707318,0.43902439024390244,0.07125391127172918,0.05400682988076294,0.08951710870381734,False
mediation_aware_recourse,False,0.0,0.7300135021058552,10.0,41,0.20032317609321781,0.18264808891931683,0.22140370559219907,0.018337913069954023,0.009975529425328339,0.02768592484498075,0.13832827797983904,0.12238525881736204,0.15293696986452393,0.2532403380042169,0.24007978897496332,0.2663860323770744,0.19944162194321796,0.1933043246225613,0.20668658138048357,0.42507753607371807,0.40707372831344313,0.44151395312183306,0.34342113791057993,0.31429745040787627,0.37053086806816743,0.34523857889708087,0.3178778803925657,0.3713377607212762,0.6585365853658537,0.5121951219512195,0.8048780487804879,0.0,0.0,0.0,0.0,0.0,0.0,0.08165639816313816,0.06331567155335212,0.09813626005440595,0.19209765568269654,0.14857419629786547,0.23582719496032237,0.19209765568269654,0.14978931406917603,0.23892935104293678,0.0,0.0,0.0,0.0,0.0,0.0,0.19209765568269654,0.14895768078142638,0.235630708365262,0.20032317609321781,0.18264808891931683,0.22140370559219907,0.2926829268292683,0.17073170731707318,0.43902439024390244,0.08165639816313816,0.06443677933038047,0.10003202315142089,True
mediation_aware_recourse,False,0.0,1.0,10.0,41,0.2028342779816651,0.18480499812015674,0.22354931263480243,0.01734701578120554,0.00904648759226847,0.026997522764766912,0.13705864743761387,0.12116879892378161,0.15213802415700858,0.2530970436225577,0.23993209769903887,0.26574191172357375,0.19944162194321796,0.1933043246225613,0.20668658138048357,0.42507753607371807,0.40707372831344313,0.44151395312183306,0.3423722862513106,0.31400423004483363,0.36929600754463915,0.34418972723781155,0.3168142768281897,0.3700788991928543,0.6829268292682927,0.5365853658536586,0.8292682926829268,0.0,0.0,0.0,0.0,0.0,0.0,0.0827052498224075,0.06445981319977435,0.09900217424902095,0.1945650917861359,0.1510595878719293,0.24001551909120178,0.1945650917861359,0.15040942123623796,0.23897112883312235,0.0,0.0,0.0,0.0,0.0,0.0,0.1945650917861359,0.15083555615718297,0.23802789555284215,0.2028342779816651,0.18480499812015674,0.22354931263480243,0.3170731707317073,0.17073170731707318,0.4634146341463415,0.0827052498224075,0.06501555646259707,0.10072327281370401,False
mediation_aware_recourse,False,0.0,2.0,10.0,41,0.2498177558910556,0.22040701402214968,0.2886502341708032,0.013701177003968909,0.006652304078303947,0.02297403397419893,0.1275963172514575,0.11160846937905088,0.14432864117195884,0.2498764649215268,0.23654163144301715,0.2638065071026908,0.19944162194321796,0.1933043246225613,0.20668658138048357,0.42507753607371807,0.40707372831344313,0.44151395312183306,0.33007837420890795,0.30069297128660677,0.35774702959647603,0.3323852795604811,0.30291152443928226,0.35773781493389917,0.6829268292682927,0.5365853658536586,0.8292682926829268,0.0,0.0,0.0,0.0,0.0,0.0,0.09499916186481014,0.07551843540142833,0.11653272655805888,0.2234866672614172,0.1746689254894885,0.2777991855755763,0.2234866672614172,0.17185676299594146,0.27656695334174036,0.0,0.0,0.0,0.0,0.0,0.0,0.2234866672614172,0.17596328493242022,0.2789853744245381,0.2498177558910556,0.22040701402214968,0.2886502341708032,0.3170731707317073,0.17073170731707318,0.4634146341463415,0.09499916186481014,0.07588273360021998,0.11809450201866226,False
mediation_aware_recourse,False,0.0,5.0,10.0,41,0.32414806334347257,0.270219536252865,0.3810308367195652,0.011097132701038166,0.004215485347419158,0.0200236978691921,0.11702224382313808,0.10169932036325906,0.13271951201677543,0.24610297836181594,0.23296479069196233,0.25973692606543985,0.19944162194321796,0.1933043246225613,0.20668658138048357,0.42507753607371807,0.40707372831344313,0.44151395312183306,0.31342568698440465,0.2845476637104855,0.3418979417034033,0.3161817278087855,0.2870590525959313,0.3430428579409896,0.7317073170731707,0.5853658536585366,0.8780487804878049,0.0,0.0,0.0,0.0,0.0,0.0,0.11165184908931343,0.08982224117656672,0.13322836634056692,0.26266231361129955,0.20640922787689842,0.3207095176722328,0.26266231361129955,0.20496990278227045,0.3204744680743868,0.0,0.0,0.0,0.0,0.0,0.0,0.26266231361129955,0.21048660079194415,0.3215343296270545,0.32414806334347257,0.270219536252865,0.3810308367195652,0.36585365853658536,0.21951219512195122,0.5121951219512195,0.11165184908931343,0.08939319706569597,0.13731349333190002,False
transport_anchor_only,False,1.0,0.0,10.0,41,0.19001345118371452,0.18103627229063976,0.19934938234708657,0.015874165683809466,0.007886887320703953,0.025306769138575574,0.1489704005161299,0.1342886011101229,0.16289642961772952,0.2539908320802014,0.24097720987458782,0.2669811431659249,0.19944162194321796,0.1933043246225613,0.20668658138048357,0.42507753607371807,0.40707372831344313,0.44151395312183306,0.3543934976230214,0.32986296120372005,0.37715714506482223,0.3559143768207698,0.33149227642763207,0.37885119174659776,0.6829268292682927,0.5365853658536586,0.8292682926829268,0.0,0.0,0.0,0.0,0.0,0.0,0.07068403845069668,0.05386938643464325,0.08766622996484297,0.16628504790815024,0.1293554994297295,0.2082785431566033,0.16628504790815024,0.12868919874157023,0.20584158966050348,0.0,0.0,0.0,0.0,0.0,0.0,0.13033725968969678,0.08806506220160659,0.17142329355652489,0.18327036079746195,0.17393939682657308,0.19331968539201358,0.24390243902439024,0.12195121951219512,0.3902439024390244,0.055403441207496656,0.03804179489100615,0.07279103288863553,False
mediation_aware_recourse,False,1.0,0.5,10.0,41,0.19125082670915416,0.1742124163250371,0.20957780068785678,0.013758184668038359,0.006713085463952432,0.023086709239782323,0.1389446040739051,0.12483344285081739,0.1525617969499365,0.254347909151054,0.24136581527659806,0.2673898352378207,0.19944162194321796,0.1933043246225613,0.20668658138048357,0.42507753607371807,0.40707372831344313,0.44151395312183306,0.34904091062612963,0.32433109478929173,0.3713118920272307,0.35061226995325856,0.3263104090834322,0.3730334177450967,0.6829268292682927,0.5365853658536586,0.8292682926829268,0.0,0.0,0.0,0.0,0.0,0.0,0.07603662544758852,0.05906911630463277,0.0931941072944018,0.1788770729921657,0.14221704735171686,0.22046598824340827,0.1788770729921657,0.1415653049615695,0.21936168282931395,0.0,0.0,0.0,0.0,0.0,0.0,0.14292928477371225,0.09908847821786923,0.1859844734302634,0.1845077363229016,0.16860331887458793,0.20371877041179687,0.24390243902439024,0.12195121951219512,0.3902439024390244,0.060756028204388496,0.04275244931502316,0.07894500998855858,False
mediation_aware_recourse,False,1.0,0.7300135021058552,10.0,41,0.21233809503113352,0.19234050803068206,0.2349441877588993,0.013758184668038359,0.006713085463952432,0.023086709239782323,0.13598877932950554,0.12052670355328779,0.150887691558212,0.2524180303259594,0.23956723007396227,0.2654917091290217,0.19944162194321796,0.1933043246225613,0.20668658138048357,0.42507753607371807,0.40707372831344313,0.44151395312183306,0.33876244167082026,0.3119946583667529,0.3637698753565564,0.3405904225354648,0.31476093776032066,0.3654008020095386,0.6829268292682927,0.5365853658536586,0.8292682926829268,0.0,0.0,0.0,0.0,0.0,0.0,0.08631509440289784,0.0689297778407166,0.1028463568351266,0.20305729444128706,0.16194840665430887,0.24788963829234878,0.20305729444128706,0.15967521769826573,0.24547663372063439,0.0,0.0,0.0,0.0,0.0,0.0,0.1671095062228336,0.119524255971833,0.21535718860801406,0.20559500464488092,0.185114276126913,0.22976082026981182,0.24390243902439024,0.12195121951219512,0.3902439024390244,0.07103449715969783,0.05134246413543203,0.09045017556565754,True
mediation_aware_recourse,False,1.0,1.0,10.0,41,0.22184191244404491,0.2005026659405813,0.24560146587105786,0.012138776289689434,0.005204548292686251,0.021629432921229513,0.1342905378876328,0.11894328142445625,0.1492377287561164,0.25176365519078764,0.23915414645268424,0.26485085606166137,0.19944162194321796,0.1933043246225613,0.20668658138048357,0.42507753607371807,0.40707372831344313,0.44151395312183306,0.3371640467597945,0.3111164669187884,0.36132265595817414,0.33899202762443903,0.3136189834953941,0.36331052635486205,0.6829268292682927,0.5365853658536586,0.8292682926829268,0.0,0.0,0.0,0.0,0.0,0.0,0.0879134893139236,0.07079334724796386,0.10438540117863,0.20681753763312816,0.16751933474681352,0.24998349681029935,0.20681753763312816,0.16560886364444083,0.24717688623892842,0.0,0.0,0.0,0.0,0.0,0.0,0.1708697494146747,0.12370456476571713,0.2188704680222221,0.21509882205779232,0.19377766388706955,0.23961621518019677,0.24390243902439024,0.12195121951219512,0.3902439024390244,0.07263289207072358,0.05340082924901503,0.09170699239170971,False
mediation_aware_recourse,False,1.0,2.0,10.0,41,0.2586041187367788,0.22864645940319794,0.2952845145107769,0.012138776289689434,0.005204548292686251,0.021629432921229513,0.12671197981039478,0.11109963281143571,0.14314729053463354,0.24922056523401562,0.23603469245135786,0.26314859606734503,0.19944162194321796,0.1933043246225613,0.20668658138048357,0.42507753607371807,0.40707372831344313,0.44151395312183306,0.32851597349462847,0.29932626481720914,0.3559705683863693,0.33082287884620154,0.30152659189815045,0.3559966932854294,0.6829268292682927,0.5365853658536586,0.8292682926829268,0.0,0.0,0.0,0.0,0.0,0.0,0.09656156257908963,0.07710231673811373,0.11768826817383424,0.227162233673867,0.18030737059324425,0.280644452261641,0.227162233673867,0.17651426872589981,0.2786443584400039,0.0,0.0,0.0,0.0,0.0,0.0,0.19121444545541355,0.14014958797677876,0.24627724664553288,0.25186102835052626,0.22140147517514755,0.28977345004620986,0.24390243902439024,0.12195121951219512,0.3902439024390244,0.0812809653358896,0.060386332814055275,0.10452153735842012,False
mediation_aware_recourse,False,1.0,5.0,10.0,41,0.32854124440289123,0.2750994682153005,0.38500136828686043,0.010570137025538674,0.004110822555614517,0.018731311644568788,0.11680959519561109,0.10169932036325906,0.13224631934283382,0.2457733806676981,0.23282263462499875,0.25924326248194385,0.19944162194321796,0.1933043246225613,0.20668658138048357,0.42507753607371807,0.40707372831344313,0.44151395312183306,0.3128986913089052,0.28423209765611596,0.3408820313104104,0.31565473213328604,0.2867161988866415,0.3419657328253819,0.7317073170731707,0.5853658536585366,0.8780487804878049,0.0,0.0,0.0,0.0,0.0,0.0,0.11217884476481295,0.09080961517637022,0.13386652356745782,0.26390207725622683,0.20761517135567284,0.3216709604271722,0.26390207725622683,0.20721473709715993,0.32167483515184847,0.0,0.0,0.0,0.0,0.0,0.0,0.22795428903777337,0.17388433117273358,0.28542617763773254,0.3217981540166387,0.26878773962749486,0.37806579367053217,0.2926829268292683,0.14634146341463414,0.43902439024390244,0.0968982475216129,0.07543830407787341,0.11986267595086522,False
transport_anchor_only,False,3.0,0.0,10.0,41,0.22802872992143397,0.2062352776436544,0.25107303924131685,0.009742325944274544,0.003935920112955091,0.017259775209415542,0.14585656370555322,0.131421128455893,0.16000817498740053,0.25124783568629405,0.2389389211402797,0.2634507128537246,0.19944162194321796,0.1933043246225613,0.20668658138048357,0.42507753607371807,0.40707372831344313,0.44151395312183306,0.348041597509807,0.3253816781983342,0.36821432420897665,0.349579046435701,0.32723354788680936,0.36976917574468354,0.7073170731707317,0.5609756097560976,0.8536585365853658,0.0,0.0,0.0,0.0,0.0,0.0,0.07703593856391107,0.06149628834147161,0.09238596651033976,0.18122796907938998,0.1473491327697916,0.21977271529021863,0.18122796907938998,0.14677606519921255,0.21780072850770632,0.0,0.0,0.0,0.0,0.0,0.0,0.11081428785298364,0.07665127946363243,0.14719181529942307,0.19838406490843472,0.17442203200672096,0.22413660829784576,0.17073170731707318,0.04878048780487805,0.2926829268292683,0.04710466444231002,0.032668356775833386,0.062109101713365686,False
mediation_aware_recourse,False,3.0,0.5,10.0,41,0.2219146520989697,0.19904540217504268,0.24670049712607048,0.00968531828020509,0.003934494921353356,0.01723257235587996,0.13722150135899774,0.12329729282110785,0.15067459332417418,0.2521131932735443,0.23978688445214819,0.2642319450586489,0.19944162194321796,0.1933043246225613,0.20668658138048357,0.42507753607371807,0.40707372831344313,0.44151395312183306,0.34474798386461686,0.3223649149529209,0.36530162902885643,0.3463253730417478,0.3236251269986452,0.3672380336413082,0.7073170731707317,0.5609756097560976,0.8536585365853658,0.0,0.0,0.0,0.0,0.0,0.0,0.08032955220910128,0.06457579352993688,0.09684613193479043,0.1889762346678565,0.15538303480403126,0.22763619795882273,0.1889762346678565,0.15445397997855623,0.22676078007838185,0.0,0.0,0.0,0.0,0.0,0.0,0.11856255344145017,0.08279699689355231,0.1557534432309602,0.19226998708597043,0.16838251782422203,0.2189105552524646,0.17073170731707318,0.04878048780487805,0.2926829268292683,0.05039827808750021,0.03559847471517344,0.06527110630575388,False
mediation_aware_recourse,False,3.0,0.7300135021058552,10.0,41,0.24300192042094906,0.21672905085653793,0.2699967792212236,0.00968531828020509,0.003934494921353356,0.01723257235587996,0.13426567661459815,0.11929203105318038,0.14876707459855137,0.25018331444844966,0.23766957640239014,0.26245129081852187,0.19944162194321796,0.1933043246225613,0.20668658138048357,0.42507753607371807,0.40707372831344313,0.44151395312183306,0.33446951490930754,0.3097322033956527,0.357851476581769,0.33630352562395405,0.31181981230541206,0.35981622683941294,0.7073170731707317,0.5609756097560976,0.8536585365853658,0.0,0.0,0.0,0.0,0.0,0.0,0.09060802116441061,0.0745553661213676,0.10581562052352601,0.21315645611697775,0.17596672900602853,0.2542644567928439,0.21315645611697775,0.17377894924611312,0.2514928985898446,0.0,0.0,0.0,0.0,0.0,0.0,0.1427427748905714,0.10176108541183014,0.1867628948678756,0.21335725540794978,0.18538311497058446,0.24382664790695033,0.17073170731707318,0.04878048780487805,0.2926829268292683,0.06067674704280953,0.04311148924858911,0.07727437295968703,True
mediation_aware_recourse,False,3.0,1.0,10.0,41,0.24264319313735497,0.2163725666974376,0.2696380519376295,0.00968531828020509,0.003934494921353356,0.01723257235587996,0.13372502469376243,0.11857766059736975,0.14868531325632164,0.25026563209731406,0.23783160434672382,0.26246632237169076,0.19944162194321796,0.1933043246225613,0.20668658138048357,0.42507753607371807,0.40707372831344313,0.44151395312183306,0.3344905283766307,0.30975269152629276,0.3578557642406394,0.3363245390912772,0.31186078856669214,0.35987821656801633,0.7073170731707317,0.5609756097560976,0.8536585365853658,0.0,0.0,0.0,0.0,0.0,0.0,0.09058700769708744,0.07451687750718422,0.10581456985015986,0.2131070216831631,0.1759160536913275,0.2542631885715766,0.2131070216831631,0.17368430893575,0.2514446861720889,0.0,0.0,0.0,0.0,0.0,0.0,0.14269334045675675,0.10166124129957668,0.1867628948678756,0.21299852812435568,0.1845338199344441,0.2436623557436666,0.17073170731707318,0.04878048780487805,0.2926829268292683,0.06065573357548637,0.04311148924858911,0.07726743641929346,False
mediation_aware_recourse,False,3.0,2.0,10.0,41,0.2779704902957125,0.24667088694688752,0.3158156352526531,0.009984364815944077,0.003858175111664474,0.01771144684979817,0.12517570565030273,0.10980584175522233,0.141720752895852,0.24793595838837507,0.23503684456482893,0.26124123454139364,0.19944162194321796,0.1933043246225613,0.20668658138048357,0.42507753607371807,0.40707372831344313,0.44151395312183306,0.32551460409013905,0.29794375530727796,0.3513965154138325,0.3278335390243816,0.2993109074419185,0.3519547035849441,0.7317073170731707,0.5853658536585366,0.8780487804878049,0.0,0.0,0.0,0.0,0.0,0.0,0.09956293198357906,0.08139511291475525,0.1204264863374713,0.23422299118227818,0.18899302687138816,0.28449636008752793,0.23422299118227818,0.1867388578371031,0.2828532604466871,0.0,0.0,0.0,0.0,0.0,0.0,0.16380930995587184,0.12056935933239205,0.2133852347584665,0.24832582528271327,0.21993021907330285,0.2819436198974982,0.1951219512195122,0.07317073170731707,0.34146341463414637,0.06963165786197799,0.051835541887295666,0.08845484800737652,False
mediation_aware_recourse,False,3.0,5.0,10.0,41,0.35276862115758223,0.2954333252568797,0.41245917566120627,0.008727764246725916,0.003009391785793718,0.016551017167882303,0.11557343850848498,0.09986618832132921,0.13130810002146362,0.24436690167682926,0.23139323822290797,0.25719384738675705,0.19944162194321796,0.1933043246225613,0.20668658138048357,0.42507753607371807,0.40707372831344313,0.44151395312183306,0.3106550584447997,0.282160671590013,0.3380957119431304,0.31341109926918054,0.28560614563461817,0.3390511257356798,0.7804878048780488,0.6341463414634146,0.9024390243902439,0.0,0.0,0.0,0.0,0.0,0.0,0.11442247762891841,0.09328670420408045,0.1359128431645744,0.26918025046864613,0.21479411457667855,0.324304434343794,0.26918025046864613,0.21357778863896873,0.3245082682535761,0.0,0.0,0.0,0.0,0.0,0.0,0.1987665692422398,0.14958940597208892,0.2505552535665802,0.32312395614458295,0.267704375361365,0.38600002573519127,0.24390243902439024,0.12195121951219512,0.3664634146341458,0.08449120350731734,0.06480764663951054,0.10512088908782609,False
transport_anchor_only,False,10.0,0.0,10.0,41,0.32328511302064106,0.24949913006730196,0.42063611376939747,0.0017953306985861728,0.0003418922424339775,0.003952713285930584,0.14362745049869746,0.12770688582152862,0.15991892756007187,0.24666857419580948,0.2360710198672988,0.2573315828561601,0.19944162194321796,0.1933043246225613,0.20668658138048357,0.42507753607371807,0.40707372831344313,0.44151395312183306,0.3383603808508349,0.31860644582259384,0.3563166441752775,0.3399393890870812,0.319646237239651,0.3567900642343305,0.8536585365853658,0.7317073170731707,0.9512195121951219,0.0,0.0,0.0,0.0,0.0,0.0,0.08671715522288322,0.07013256041864027,0.10231959687614808,0.20400314734073466,0.17076548863665053,0.24070257090527414,0.20400314734073466,0.17004327583559883,0.23633978496396202,0.0,0.0,0.0,0.0,0.0,0.0,0.10251316177939518,0.06522680466499088,0.1417143575021183,0.23168377623688885,0.1615932574166303,0.31946226423947,0.17073170731707318,0.024390243902439025,0.3170731707317073,0.04357604222431175,0.02825128989706663,0.058930015238872153,False
mediation_aware_recourse,False,10.0,0.5,10.0,41,0.3233214876637226,0.243902646173246,0.4223412894303115,0.0015519771473041443,0.00020147493334023126,0.0035865588701200607,0.1348850240444789,0.12026611573038236,0.15052206985957223,0.24713573577563938,0.2364323665592365,0.2577755223210083,0.19944162194321796,0.1933043246225613,0.20668658138048357,0.42507753607371807,0.40707372831344313,0.44151395312183306,0.3345399694121805,0.31454013208445636,0.3529893662748684,0.33615891789966373,0.3165006648570423,0.3537893303259343,0.8780487804878049,0.7798780487804878,0.975609756097561,0.0,0.0,0.0,0.0,0.0,0.0,0.09053756666153756,0.07345420006213683,0.10699454348438255,0.21299071105426826,0.18065463823095596,0.2498535685331504,0.21299071105426826,0.18121059079356835,0.2468657259807894,0.0,0.0,0.0,0.0,0.0,0.0,0.11150072549292878,0.07406667399043888,0.1507101937043206,0.23172015087997042,0.16255620191350761,0.3244541539628876,0.1951219512195122,0.04878048780487805,0.34146341463414637,0.047396453662966104,0.031790913309968624,0.06251058600053847,False
mediation_aware_recourse,False,10.0,0.7300135021058552,10.0,41,0.344408755985702,0.2672364327874852,0.44705281684674864,0.0015519771473041443,0.00020147493334023126,0.0035865588701200607,0.13192919930007932,0.11611280871849543,0.14783434876718463,0.24520585695054473,0.2345192462841912,0.2560884770619251,0.19944162194321796,0.1933043246225613,0.20668658138048357,0.42507753607371807,0.40707372831344313,0.44151395312183306,0.3242615004568712,0.30248487811869024,0.3440712869197891,0.32613707048186996,0.30502022498308107,0.34526031240072796,0.8780487804878049,0.7798780487804878,0.975609756097561,0.0,0.0,0.0,0.0,0.0,0.0,0.10081603561684688,0.08534963007275587,0.11651092559388632,0.2371709325033894,0.20279603498124435,0.2699808205823329,0.2371709325033894,0.2023732832047221,0.27234959534144504,0.0,0.0,0.0,0.0,0.0,0.0,0.1356809469420499,0.09380336068479288,0.1817669611605795,0.25280741920194977,0.18497048141605152,0.3451581657529105,0.1951219512195122,0.04878048780487805,0.34146341463414637,0.05767492261827543,0.040890938147691076,0.07518798238297587,True
mediation_aware_recourse,False,10.0,1.0,10.0,41,0.3440500287021079,0.266542862101299,0.44669408956315454,0.0015519771473041443,0.00020147493334023126,0.0035865588701200607,0.1313885473792436,0.11584581365578751,0.14763047045569822,0.2452881745994091,0.2345293519359718,0.25616873676956786,0.19944162194321796,0.1933043246225613,0.20668658138048357,0.42507753607371807,0.40707372831344313,0.44151395312183306,0.3242825139241943,0.30250568570018754,0.3440721998751052,0.3261580839491932,0.30504123845040426,0.34530181399869125,0.8780487804878049,0.7798780487804878,0.975609756097561,0.0,0.0,0.0,0.0,0.0,0.0,0.10079502214952371,0.0853495685327427,0.11648991212656314,0.23712149806957472,0.20279360156319537,0.26993108978953323,0.23712149806957472,0.20232136847224022,0.2723020718772459,0.0,0.0,0.0,0.0,0.0,0.0,0.13563151250823524,0.09372441058588837,0.18176565687198312,0.25244869191835567,0.18460470985780222,0.3447994384693164,0.1951219512195122,0.04878048780487805,0.34146341463414637,0.05765390915095225,0.040890938147691076,0.07512590605965998,False
mediation_aware_recourse,False,10.0,2.0,10.0,41,0.3890679115202369,0.31495771557092667,0.4827518636224473,0.0009066691163389718,8.698643899666314e-05,0.0019753175488328783,0.12274246645120414,0.10626325326153466,0.14020553802815627,0.24276786924498836,0.23156064665853612,0.2540979011915624,0.19944162194321796,0.1933043246225613,0.20668658138048357,0.42507753607371807,0.40707372831344313,0.44151395312183306,0.3143814332359668,0.28997802082588003,0.33761451764239686,0.31673920813380146,0.29168526188078797,0.33717584554591756,0.9024390243902439,0.8048780487804879,0.975609756097561,0.0,0.0,0.0,0.0,0.0,0.0,0.11069610283775132,0.09323567337118684,0.12930872352441591,0.260413909095761,0.21968567677725848,0.30315795571205745,0.260413909095761,0.21956155504417135,0.303569394939842,0.0,0.0,0.0,0.0,0.0,0.0,0.15892392353442153,0.1139510486196203,0.21058537087311835,0.2974665747364847,0.2269700535663926,0.377090356601175,0.21951219512195122,0.07317073170731707,0.36585365853658536,0.06755498983917985,0.049511619987879806,0.08776271990447117,False
mediation_aware_recourse,False,10.0,5.0,10.0,41,0.4533224066764843,0.3624160832225731,0.5620704604108341,0.0005433671757742088,0.0,0.0013416401549857318,0.11375533919863934,0.09749269189662044,0.13082359026172385,0.23986130398584576,0.22862279231819074,0.2506717630025999,0.19944162194321796,0.1933043246225613,0.20668658138048357,0.42507753607371807,0.40707372831344313,0.44151395312183306,0.30075563812553247,0.2763791330007094,0.3245725639485262,0.30356352940275144,0.2786266060681657,0.32479727662554997,0.926829268292683,0.8292682926829268,1.0,0.0,0.0,0.0,0.0,0.0,0.0,0.12432189794818568,0.10504353626271161,0.14468571198711982,0.2924687554569465,0.2457725494675318,0.3414258244151551,0.2924687554569465,0.2458915980649757,0.343287503766138,0.0,0.0,0.0,0.0,0.0,0.0,0.19097876989560703,0.13958760719899854,0.24552948988384352,0.3617210698927321,0.277298292296189,0.4692947570495762,0.24390243902439024,0.0975609756097561,0.3902439024390244,0.08118078494961421,0.060687376347126794,0.10213394169084987,False
transport_anchor_only,False,30.0,0.0,10.0,41,0.35097988749422676,0.2664572001412147,0.45906178807703457,0.00026955486695421277,0.0,0.0006071896675224071,0.14330544439382173,0.12774981068540467,0.1597184234693508,0.24577784265686825,0.23512900197287886,0.25636417775346737,0.19944162194321796,0.1933043246225613,0.20668658138048357,0.42507753607371807,0.40707372831344313,0.44151395312183306,0.3356225305410947,0.316168928082742,0.35286274221251973,0.3372178296524944,0.3183814490982423,0.35359303392139246,0.926829268292683,0.8292682926829268,1.0,0.0,0.0,0.0,0.0,0.0,0.0,0.08945500553262342,0.07301550684398417,0.10479729649741712,0.21044397301933604,0.17824320551114387,0.24483943723212712,0.21044397301933604,0.17765135163777138,0.24244147659485923,0.0,0.0,0.0,0.0,0.0,0.0,0.07757039287291656,0.04232739419812869,0.11611370471271867,0.12694422737127398,0.10533713176846504,0.1510475981480828,0.0,-0.07317073170731707,0.07317073170731707,0.03297343147468969,0.018322128125432647,0.04823305573689693,False
mediation_aware_recourse,False,30.0,0.5,10.0,41,0.34378962782098027,0.25703804224456955,0.4527279011042016,0.00026955486695421277,0.0,0.0006071896675224071,0.13494363412724056,0.12130978014975892,0.1503116132574966,0.24672399334064343,0.23609854506510422,0.2572584439614197,0.19944162194321796,0.1933043246225613,0.20668658138048357,0.42507753607371807,0.40707372831344313,0.44151395312183306,0.33238592455997396,0.31255034959815536,0.3501535136983869,0.33402116392261066,0.3155995359434692,0.35055830030302787,0.926829268292683,0.8292682926829268,1.0,0.0,0.0,0.0,0.0,0.0,0.0,0.09269161151374417,0.07638296625346151,0.1087696186996576,0.21805812739459673,0.18582966753112423,0.252880171807997,0.21805812739459673,0.18604159773473164,0.25158657072480406,0.0,0.0,0.0,0.0,0.0,0.0,0.08518454724817726,0.04897803808635185,0.12416407501101905,0.11975396769802744,0.09979195234297616,0.14213794642241626,0.0,-0.07317073170731707,0.07317073170731707,0.03621003745581043,0.02118998115546234,0.05157891123670305,False
mediation_aware_recourse,False,30.0,0.7300135021058552,10.0,41,0.3648768961429596,0.28112327894423067,0.47445782356691063,0.00026955486695421277,0.0,0.0006071896675224071,0.13198780938284094,0.11691598126573198,0.14844925329512101,0.2447941145155488,0.23430348291493408,0.25547811185214214,0.19944162194321796,0.1933043246225613,0.20668658138048357,0.42507753607371807,0.40707372831344313,0.44151395312183306,0.32210745560466464,0.30097341632116664,0.3412625605565936,0.32399931650481695,0.30377297856256763,0.3428994114463608,0.926829268292683,0.8292682926829268,1.0,0.0,0.0,0.0,0.0,0.0,0.0,0.10297008046905348,0.08851418745995342,0.11801152651230079,0.24223834884371798,0.20902501964325176,0.27342259492749216,0.24223834884371798,0.2086537684576714,0.27587857822029904,0.0,0.0,0.0,0.0,0.0,0.0,0.1093647686972985,0.06629299019814776,0.1593874354373249,0.14084123602000678,0.11188896269787375,0.1735405331386662,0.0,-0.07317073170731707,0.07317073170731707,0.046488506411119755,0.028689981728595795,0.06555242271599732,True
mediation_aware_recourse,False,30.0,1.0,10.0,41,0.3645181688593655,0.28111431076214083,0.4737583053639022,0.00026955486695421277,0.0,0.0006071896675224071,0.13144715746200522,0.11635422261360433,0.14774943661732665,0.24487643216441318,0.23438580056379846,0.2555583715597849,0.19944162194321796,0.1933043246225613,0.20668658138048357,0.42507753607371807,0.40707372831344313,0.44151395312183306,0.3221284690719878,0.30101439258244683,0.34126361122995974,0.32402032997214003,0.3037934666932077,0.34291648950296627,0.926829268292683,0.8292682926829268,1.0,0.0,0.0,0.0,0.0,0.0,0.0,0.10294906700173032,0.08849369932931331,0.11799103838166072,0.2421889144099033,0.20892954992008386,0.2733247312177777,0.2421889144099033,0.2085541012648825,0.275831423137944,0.0,0.0,0.0,0.0,0.0,0.0,0.10931533426348383,0.06616204806956993,0.15933782892486043,0.1404825087364127,0.11153023541427967,0.17343585730371316,0.0,-0.07317073170731707,0.07317073170731707,0.04646749294379659,0.028667917587906468,0.0655483926804433,False
mediation_aware_recourse,False,30.0,2.0,10.0,41,0.41542699242510445,0.33025807977267885,0.5234810427558132,0.00020147493334023126,0.0,0.0005174383610240306,0.12210148666637123,0.10588337111642439,0.1398055745271987,0.24145277380579855,0.23089590859712988,0.25245181364802327,0.19944162194321796,0.1933043246225613,0.20668658138048357,0.42507753607371807,0.40707372831344313,0.44151395312183306,0.3132712651316472,0.28945950947331217,0.33618374579626015,0.31564205051872807,0.29168526188078797,0.33544267082610507,0.9512195121951219,0.8780487804878049,1.0,0.0,0.0,0.0,0.0,0.0,0.0,0.11180627094207084,0.09443401518605492,0.1303191727431432,0.2630255928713229,0.22208693719005035,0.3042941013733494,0.2630255928713229,0.2211090768171433,0.3052446935272411,0.0,0.0,0.0,0.0,0.0,0.0,0.1301520127249034,0.08227050683540989,0.18631820880778718,0.19139133230215166,0.14835982711803986,0.24874821508575867,0.024390243902439025,-0.04878048780487805,0.12195121951219512,0.05532469688413712,0.03612585629949822,0.0768796181804725,False
mediation_aware_recourse,False,30.0,5.0,10.0,41,0.4803832377784136,0.3884208821100978,0.5916586136331827,0.00011448849434356811,0.0,0.0003434654830307043,0.11206235709598181,0.09640896645207865,0.1290959229228211,0.23881968374295934,0.22792331774650915,0.2491923155444788,0.19944162194321796,0.1933043246225613,0.20668658138048357,0.42507753607371807,0.40707372831344313,0.44151395312183306,0.2980618073210203,0.2743895557662875,0.3208557833878655,0.30088466863829694,0.27691224618886956,0.3221925069284346,0.975609756097561,0.926829268292683,1.0,0.0,0.0,0.0,0.0,0.0,0.0,0.12701572875269782,0.1068541196282228,0.1470457908643998,0.29880602472173545,0.2521576014396923,0.3471383362513008,0.29880602472173545,0.2500206536818174,0.3488967692133022,0.0,0.0,0.0,0.0,0.0,0.0,0.16593244457531597,0.11356149951932365,0.2233326016006452,0.2563475776554608,0.19297069297512856,0.3273650127281321,0.04878048780487805,0.0,0.12195121951219512,0.07053415469476407,0.04907383355505355,0.09329630250189433,False
ordinary_actionable_recourse,True,0.0,0.0,0.0,41,0.633337834032207,0.44847883358768115,0.8528036961127526,0.0,0.0,0.0,0.13601001730501952,0.11872379994271126,0.1535190117948404,0.24716182343843507,0.23846747633069754,0.25642596689711616,0.19944162194321796,0.1933043246225613,0.20668658138048357,0.42507753607371807,0.40707372831344313,0.44151395312183306,0.29903019349153975,0.28759458467109755,0.3108508223659855,0.3010358763617642,0.2889686406821537,0.31226626884094527,1.0,1.0,1.0,1.0,1.0,1.0,0.0,0.0,0.0,0.12604734258217834,0.10722668373680849,0.1447513473609458,0.2965278846453059,0.26198813317380326,0.3296161447569708,0.2965278846453059,0.2625808264981676,0.3298056022110069,0.0,0.0,0.0,0.0,0.0,0.0,0.0,0.0,0.0,0.0,0.0,0.0,0.0,0.0,0.0,0.0,0.0,0.0,False
distribution_constrained_recourse,False,10.0,0.0,0.0,41,5.2821527356054725,4.598439570752586,6.076207671805126,0.0,0.0,0.0,0.06687139944975351,0.05171914772951719,0.08161695694456624,0.14231584575481532,0.13822133970651324,0.14604245764771248,0.19944162194321796,0.1933043246225613,0.20668658138048357,0.42507753607371807,0.40707372831344313,0.44151395312183306,0.054531694273976035,0.050618144200880275,0.05816692184814991,0.09229409373420555,0.09047678441460638,0.0940587418174789,1.0,1.0,1.0,1.0,1.0,1.0,0.0,0.0,0.0,0.37054584179974204,0.3522215064385725,0.3886482062760722,0.8717135354230552,0.8623611106248009,0.881396002000046,0.8717135354230552,0.8615273200721993,0.8808415937615385,0.0,0.0,0.0,0.0,0.0,0.0,0.5751856507777493,0.5454389215456724,0.6047629144766027,4.648814901573266,4.119396637101862,5.245060332761736,0.0,0.0,0.0,0.2444984992175637,0.23248590229633112,0.2549618301446569,False
mean_parity_recourse,False,0.0,0.0,0.0,41,4.553417583791221,3.943473124794844,5.258453063121656,0.0,0.0,0.0,0.08510524547314804,0.06835202970900829,0.10188007884438988,0.150562099839856,0.14391321851985484,0.15831529995789978,0.19944162194321796,0.1933043246225613,0.20668658138048357,0.42507753607371807,0.40707372831344313,0.44151395312183306,0.08901901798023738,0.08618424088793028,0.09161312333779469,0.11399836575424123,0.11133697108315645,0.11679927603589087,1.0,1.0,1.0,1.0,1.0,1.0,0.0,0.0,0.0,0.3360585180934807,0.31815049910922194,0.35531416257096565,0.7905816929248421,0.7794545479965495,0.8022405771048253,0.7905816929248421,0.7784667537648676,0.8015011781407906,0.0,0.0,0.0,0.0,0.0,0.0,0.49405380827953627,0.4642020633305966,0.5194972300145606,3.920079749759014,3.4751606271204696,4.432504334752788,0.0,0.0,0.0,0.21001117551130236,0.19773412661367049,0.22046251762997776,False
mediator_matching_recourse,False,0.0,0.0,0.0,41,11.62118187183287,10.568864296122296,12.763547219008935,0.0,0.0,0.0,0.06484897726680731,0.05886809405439971,0.07064342718010264,0.09068200491913934,0.0891553882009736,0.09213521549387313,0.19944162194321796,0.1933043246225613,0.20668658138048357,0.42507753607371807,0.40707372831344313,0.44151395312183306,-0.05779498844825814,-0.06069393019243797,-0.05464861472320956,0.06478403248146757,0.0621093514086212,0.06779283419848388,1.0,1.0,1.0,1.0,1.0,1.0,0.0,0.0,0.0,0.36728254762546,0.3483463551488176,0.38696698669574436,0.8640365967534093,0.8541936709926138,0.8734755860039879,0.8640365967534093,0.8532123560709236,0.8735061264660893,1.0,1.0,1.0,0.05779498844825814,0.0547013885656046,0.061048014607921565,0.5675087121081034,0.535791319658511,0.5958695531513218,10.987844037800663,10.064796747694858,11.938842902190006,0.0,0.0,0.0,0.24123520504328164,0.2279854136568049,0.2528604371412722,False
plausibility_constrained_recourse,False,0.0,0.0,0.0,41,0.6771506375928478,0.4759912313393703,0.895952070018322,0.0,0.0,0.0,0.13404063141164627,0.11647166804214842,0.15167376042296435,0.24315921017309514,0.23519243400135054,0.2517554335228009,0.19944162194321796,0.1933043246225613,0.20668658138048357,0.42507753607371807,0.40707372831344313,0.44151395312183306,0.2965548771749208,0.2853123023286275,0.30836652878141996,0.29862716001757983,0.28669984877530064,0.3097309205457446,1.0,1.0,1.0,1.0,1.0,1.0,0.0,0.0,0.0,0.1285226588987973,0.10877918026687258,0.14777481574276397,0.302351095957488,0.2651239110235761,0.33592419789911393,0.302351095957488,0.26655241523458245,0.33567859840731745,0.0,0.0,0.0,0.0,0.0,0.0,0.005823211312182108,-0.0017699496126523549,0.019732908401471565,0.04381280356064075,0.0020796354042320717,0.11813274509523326,0.0,0.0,0.0,0.0024753163166189437,-0.0007631265222491532,0.008369658309769922,False
