method,is_ordinary_actionable_baseline,eta,lambda_invariance,rho_anchor,n,cost,cost_lo,cost_hi,shortfall,shortfall_lo,shortfall_hi,direct_effect,direct_effect_lo,direct_effect_hi,transport,transport_lo,transport_hi,pre_recourse_mediated_prediction_disparity,pre_recourse_mediated_prediction_disparity_lo,pre_recourse_mediated_prediction_disparity_hi,pre_recourse_factual_mediated_prediction_disparity,pre_recourse_factual_mediated_prediction_disparity_lo,pre_recourse_factual_mediated_prediction_disparity_hi,post_recourse_mediated_prediction_disparity,post_recourse_mediated_prediction_disparity_lo,post_recourse_mediated_prediction_disparity_hi,feasible_rate,feasible_rate_lo,feasible_rate_hi,factual_mediated_prediction_disparity_closure,factual_mediated_prediction_disparity_closure_lo,factual_mediated_prediction_disparity_closure_hi,factual_closure_gain_vs_actionable_baseline,factual_closure_gain_vs_actionable_baseline_lo,factual_closure_gain_vs_actionable_baseline_hi,cost_difference_vs_actionable_baseline,cost_difference_vs_actionable_baseline_lo,cost_difference_vs_actionable_baseline_hi,feasibility_difference_vs_actionable_baseline,feasibility_difference_vs_actionable_baseline_lo,feasibility_difference_vs_actionable_baseline_hi,is_effect_ratio_heuristic
ordinary_actionable_recourse,True,0.0,0.0,0.0,41,0.0,0.0,0.0,0.01681575687920175,0.007659107228604759,0.028930409688775124,0.07035337715614133,0.0643754482269287,0.07709614805332043,0.2830670197017309,0.2665040907109293,0.2983919134885981,0.20853914720256153,0.2035011706192319,0.21340206717936006,0.3436931880508981,0.3272855624011377,0.35970137991556306,0.3436931880508981,0.32601235761511616,0.3588899153943469,0.4878048780487805,0.34146341463414637,0.6341463414634146,0.0,0.0,0.0,0.0,0.0,0.0,0.0,0.0,0.0,0.0,0.0,0.0,False
direct_invariance_only,False,0.0,0.5,0.0,41,0.0,0.0,0.0,0.01681575687920175,0.007659107228604759,0.028930409688775124,0.07035337715614133,0.0643754482269287,0.07709614805332043,0.2830670197017309,0.2665040907109293,0.2983919134885981,0.20853914720256153,0.2035011706192319,0.21340206717936006,0.3436931880508981,0.3272855624011377,0.35970137991556306,0.3436931880508981,0.32601235761511616,0.3588899153943469,0.4878048780487805,0.34146341463414637,0.6341463414634146,0.0,0.0,0.0,0.0,0.0,0.0,0.0,0.0,0.0,0.0,0.0,0.0,False
direct_invariance_only,False,0.0,0.6140645009513089,0.0,41,0.0,0.0,0.0,0.01681575687920175,0.007659107228604759,0.028930409688775124,0.07035337715614133,0.0643754482269287,0.07709614805332043,0.2830670197017309,0.2665040907109293,0.2983919134885981,0.20853914720256153,0.2035011706192319,0.21340206717936006,0.3436931880508981,0.3272855624011377,0.35970137991556306,0.3436931880508981,0.32601235761511616,0.3588899153943469,0.4878048780487805,0.34146341463414637,0.6341463414634146,0.0,0.0,0.0,0.0,0.0,0.0,0.0,0.0,0.0,0.0,0.0,0.0,True
direct_invariance_only,False,0.0,1.0,0.0,41,0.0,0.0,0.0,0.01681575687920175,0.007659107228604759,0.028930409688775124,0.07035337715614133,0.0643754482269287,0.07709614805332043,0.2830670197017309,0.2665040907109293,0.2983919134885981,0.20853914720256153,0.2035011706192319,0.21340206717936006,0.3436931880508981,0.3272855624011377,0.35970137991556306,0.3436931880508981,0.32601235761511616,0.3588899153943469,0.4878048780487805,0.34146341463414637,0.6341463414634146,0.0,0.0,0.0,0.0,0.0,0.0,0.0,0.0,0.0,0.0,0.0,0.0,False
direct_invariance_only,False,0.0,2.0,0.0,41,0.0,0.0,0.0,0.01681575687920175,0.007659107228604759,0.028930409688775124,0.07035337715614133,0.0643754482269287,0.07709614805332043,0.2830670197017309,0.2665040907109293,0.2983919134885981,0.20853914720256153,0.2035011706192319,0.21340206717936006,0.3436931880508981,0.3272855624011377,0.35970137991556306,0.3436931880508981,0.32601235761511616,0.3588899153943469,0.4878048780487805,0.34146341463414637,0.6341463414634146,0.0,0.0,0.0,0.0,0.0,0.0,0.0,0.0,0.0,0.0,0.0,0.0,False
direct_invariance_only,False,0.0,5.0,0.0,41,0.0,0.0,0.0,0.01681575687920175,0.007659107228604759,0.028930409688775124,0.07035337715614133,0.0643754482269287,0.07709614805332043,0.2830670197017309,0.2665040907109293,0.2983919134885981,0.20853914720256153,0.2035011706192319,0.21340206717936006,0.3436931880508981,0.3272855624011377,0.35970137991556306,0.3436931880508981,0.32601235761511616,0.3588899153943469,0.4878048780487805,0.34146341463414637,0.6341463414634146,0.0,0.0,0.0,0.0,0.0,0.0,0.0,0.0,0.0,0.0,0.0,0.0,False
ordinary_actionable_recourse,True,1.0,0.0,0.0,41,0.0,0.0,0.0,0.01681575687920175,0.007659107228604759,0.028930409688775124,0.07035337715614133,0.0643754482269287,0.07709614805332043,0.2830670197017309,0.2665040907109293,0.2983919134885981,0.20853914720256153,0.2035011706192319,0.21340206717936006,0.3436931880508981,0.3272855624011377,0.35970137991556306,0.3436931880508981,0.32601235761511616,0.3588899153943469,0.4878048780487805,0.34146341463414637,0.6341463414634146,0.0,0.0,0.0,0.0,0.0,0.0,0.0,0.0,0.0,0.0,0.0,0.0,False
direct_invariance_only,False,1.0,0.5,0.0,41,0.0,0.0,0.0,0.01681575687920175,0.007659107228604759,0.028930409688775124,0.07035337715614133,0.0643754482269287,0.07709614805332043,0.2830670197017309,0.2665040907109293,0.2983919134885981,0.20853914720256153,0.2035011706192319,0.21340206717936006,0.3436931880508981,0.3272855624011377,0.35970137991556306,0.3436931880508981,0.32601235761511616,0.3588899153943469,0.4878048780487805,0.34146341463414637,0.6341463414634146,0.0,0.0,0.0,0.0,0.0,0.0,0.0,0.0,0.0,0.0,0.0,0.0,False
direct_invariance_only,False,1.0,0.6140645009513089,0.0,41,0.0,0.0,0.0,0.01681575687920175,0.007659107228604759,0.028930409688775124,0.07035337715614133,0.0643754482269287,0.07709614805332043,0.2830670197017309,0.2665040907109293,0.2983919134885981,0.20853914720256153,0.2035011706192319,0.21340206717936006,0.3436931880508981,0.3272855624011377,0.35970137991556306,0.3436931880508981,0.32601235761511616,0.3588899153943469,0.4878048780487805,0.34146341463414637,0.6341463414634146,0.0,0.0,0.0,0.0,0.0,0.0,0.0,0.0,0.0,0.0,0.0,0.0,True
direct_invariance_only,False,1.0,1.0,0.0,41,0.0,0.0,0.0,0.01681575687920175,0.007659107228604759,0.028930409688775124,0.07035337715614133,0.0643754482269287,0.07709614805332043,0.2830670197017309,0.2665040907109293,0.2983919134885981,0.20853914720256153,0.2035011706192319,0.21340206717936006,0.3436931880508981,0.3272855624011377,0.35970137991556306,0.3436931880508981,0.32601235761511616,0.3588899153943469,0.4878048780487805,0.34146341463414637,0.6341463414634146,0.0,0.0,0.0,0.0,0.0,0.0,0.0,0.0,0.0,0.0,0.0,0.0,False
direct_invariance_only,False,1.0,2.0,0.0,41,0.0,0.0,0.0,0.01681575687920175,0.007659107228604759,0.028930409688775124,0.07035337715614133,0.0643754482269287,0.07709614805332043,0.2830670197017309,0.2665040907109293,0.2983919134885981,0.20853914720256153,0.2035011706192319,0.21340206717936006,0.3436931880508981,0.3272855624011377,0.35970137991556306,0.3436931880508981,0.32601235761511616,0.3588899153943469,0.4878048780487805,0.34146341463414637,0.6341463414634146,0.0,0.0,0.0,0.0,0.0,0.0,0.0,0.0,0.0,0.0,0.0,0.0,False
direct_invariance_only,False,1.0,5.0,0.0,41,0.0,0.0,0.0,0.01681575687920175,0.007659107228604759,0.028930409688775124,0.07035337715614133,0.0643754482269287,0.07709614805332043,0.2830670197017309,0.2665040907109293,0.2983919134885981,0.20853914720256153,0.2035011706192319,0.21340206717936006,0.3436931880508981,0.3272855624011377,0.35970137991556306,0.3436931880508981,0.32601235761511616,0.3588899153943469,0.4878048780487805,0.34146341463414637,0.6341463414634146,0.0,0.0,0.0,0.0,0.0,0.0,0.0,0.0,0.0,0.0,0.0,0.0,False
ordinary_actionable_recourse,True,3.0,0.0,0.0,41,0.0038607461241687217,0.0008752042563950144,0.007725375899817882,0.014258552615235492,0.006955033177282752,0.024108965658560032,0.07058189482223697,0.06467697080679057,0.07725321759537952,0.28169830152537767,0.2654661714530936,0.29688085063201625,0.20853914720256153,0.2035011706192319,0.21340206717936006,0.3436931880508981,0.3272855624011377,0.35970137991556306,0.3422499342662532,0.32485298132751045,0.3568363135180822,0.4878048780487805,0.34146341463414637,0.6341463414634146,0.004199250479270944,0.0010457343576425414,0.007970657804080336,0.0,0.0,0.0,0.0,0.0,0.0,0.0,0.0,0.0,False
direct_invariance_only,False,3.0,0.5,0.0,41,0.0038607461241687217,0.0008752042563950144,0.007725375899817882,0.014258552615235492,0.006955033177282752,0.024108965658560032,0.07058189482223697,0.06467697080679057,0.07725321759537952,0.28169830152537767,0.2654661714530936,0.29688085063201625,0.20853914720256153,0.2035011706192319,0.21340206717936006,0.3436931880508981,0.3272855624011377,0.35970137991556306,0.3422499342662532,0.32485298132751045,0.3568363135180822,0.4878048780487805,0.34146341463414637,0.6341463414634146,0.004199250479270944,0.0010457343576425414,0.007970657804080336,0.0,0.0,0.0,0.0,0.0,0.0,0.0,0.0,0.0,False
direct_invariance_only,False,3.0,0.6140645009513089,0.0,41,0.0038607461241687217,0.0008752042563950144,0.007725375899817882,0.014258552615235492,0.006955033177282752,0.024108965658560032,0.07058189482223697,0.06467697080679057,0.07725321759537952,0.28169830152537767,0.2654661714530936,0.29688085063201625,0.20853914720256153,0.2035011706192319,0.21340206717936006,0.3436931880508981,0.3272855624011377,0.35970137991556306,0.3422499342662532,0.32485298132751045,0.3568363135180822,0.4878048780487805,0.34146341463414637,0.6341463414634146,0.004199250479270944,0.0010457343576425414,0.007970657804080336,0.0,0.0,0.0,0.0,0.0,0.0,0.0,0.0,0.0,True
direct_invariance_only,False,3.0,1.0,0.0,41,0.0038607461241687217,0.0008752042563950144,0.007725375899817882,0.014258552615235492,0.006955033177282752,0.024108965658560032,0.07058189482223697,0.06467697080679057,0.07725321759537952,0.28169830152537767,0.2654661714530936,0.29688085063201625,0.20853914720256153,0.2035011706192319,0.21340206717936006,0.3436931880508981,0.3272855624011377,0.35970137991556306,0.3422499342662532,0.32485298132751045,0.3568363135180822,0.4878048780487805,0.34146341463414637,0.6341463414634146,0.004199250479270944,0.0010457343576425414,0.007970657804080336,0.0,0.0,0.0,0.0,0.0,0.0,0.0,0.0,0.0,False
direct_invariance_only,False,3.0,2.0,0.0,41,0.004580604321346051,0.0014397163943546574,0.008286004386297086,0.014042030747343854,0.006825573960455453,0.024000304537575422,0.07053407009054975,0.06465165249821617,0.07722524809764653,0.281500132254711,0.26545624110802285,0.2967089810272361,0.20853914720256153,0.2035011706192319,0.21340206717936006,0.3436931880508981,0.3272855624011377,0.35970137991556306,0.3420334123983616,0.3246333640886516,0.35667398099492237,0.4878048780487805,0.34146341463414637,0.6341463414634146,0.004829236395254677,0.001603542158147775,0.008470588380412111,0.0006299859159837329,0.0,0.0016066796170173508,0.0007198581971773287,0.0,0.0017996454929433217,0.0,0.0,0.0,False
direct_invariance_only,False,3.0,5.0,0.0,41,0.004580604321346051,0.0012351333549836788,0.008441350445514771,0.01411415745572346,0.006839234272881252,0.02404759489908451,0.0704544862596,0.06459783655477734,0.07709106188721773,0.281444493136028,0.2652245338665458,0.2966536328855266,0.20853914720256153,0.2035011706192319,0.21340206717936006,0.3436931880508981,0.3272855624011377,0.35970137991556306,0.3421055391067412,0.3248642400088833,0.3567019190366675,0.4878048780487805,0.34146341463414637,0.6341463414634146,0.004619378560164589,0.0014466456915699173,0.008387754657388748,0.00042012808089364473,-0.0008835172191985485,0.0017662764641129423,0.0007198581971773287,-0.00035992909858866435,0.002159574591531986,0.0,0.0,0.0,False
ordinary_actionable_recourse,True,10.0,0.0,0.0,41,0.034231439687129925,0.01544156278279133,0.05899609327997739,0.007964587793117615,0.003744445414077945,0.013441897401722466,0.07166662085347059,0.065648272688069,0.0781499260264199,0.27552933336758034,0.26061732456678666,0.2901293050157042,0.20853914720256153,0.2035011706192319,0.21340206717936006,0.3436931880508981,0.3272855624011377,0.35970137991556306,0.33745614784519845,0.3207157730874492,0.3517933717224656,0.5609756097560976,0.4146341463414634,0.7073170731707317,0.0181471161563318,0.010382923901039301,0.027252331702379545,0.0,0.0,0.0,0.0,0.0,0.0,0.0,0.0,0.0,False
direct_invariance_only,False,10.0,0.5,0.0,41,0.034231439687129925,0.01544156278279133,0.05899609327997739,0.007964587793117615,0.003744445414077945,0.013441897401722466,0.07166662085347059,0.065648272688069,0.0781499260264199,0.27552933336758034,0.26061732456678666,0.2901293050157042,0.20853914720256153,0.2035011706192319,0.21340206717936006,0.3436931880508981,0.3272855624011377,0.35970137991556306,0.33745614784519845,0.3207157730874492,0.3517933717224656,0.5609756097560976,0.4146341463414634,0.7073170731707317,0.0181471161563318,0.010382923901039301,0.027252331702379545,0.0,0.0,0.0,0.0,0.0,0.0,0.0,0.0,0.0,False
direct_invariance_only,False,10.0,0.6140645009513089,0.0,41,0.034231439687129925,0.01544156278279133,0.05899609327997739,0.007964587793117615,0.003744445414077945,0.013441897401722466,0.07166662085347059,0.065648272688069,0.0781499260264199,0.27552933336758034,0.26061732456678666,0.2901293050157042,0.20853914720256153,0.2035011706192319,0.21340206717936006,0.3436931880508981,0.3272855624011377,0.35970137991556306,0.33745614784519845,0.3207157730874492,0.3517933717224656,0.5609756097560976,0.4146341463414634,0.7073170731707317,0.0181471161563318,0.010382923901039301,0.027252331702379545,0.0,0.0,0.0,0.0,0.0,0.0,0.0,0.0,0.0,True
direct_invariance_only,False,10.0,1.0,0.0,41,0.034231439687129925,0.01544156278279133,0.05899609327997739,0.007964587793117615,0.003744445414077945,0.013441897401722466,0.07166662085347059,0.065648272688069,0.0781499260264199,0.27552933336758034,0.26061732456678666,0.2901293050157042,0.20853914720256153,0.2035011706192319,0.21340206717936006,0.3436931880508981,0.3272855624011377,0.35970137991556306,0.33745614784519845,0.3207157730874492,0.3517933717224656,0.5609756097560976,0.4146341463414634,0.7073170731707317,0.0181471161563318,0.010382923901039301,0.027252331702379545,0.0,0.0,0.0,0.0,0.0,0.0,0.0,0.0,0.0,False
direct_invariance_only,False,10.0,2.0,0.0,41,0.034231439687129925,0.01544156278279133,0.05899609327997739,0.007964587793117615,0.003744445414077945,0.013441897401722466,0.07166662085347059,0.065648272688069,0.0781499260264199,0.27552933336758034,0.26061732456678666,0.2901293050157042,0.20853914720256153,0.2035011706192319,0.21340206717936006,0.3436931880508981,0.3272855624011377,0.35970137991556306,0.33745614784519845,0.3207157730874492,0.3517933717224656,0.5609756097560976,0.4146341463414634,0.7073170731707317,0.0181471161563318,0.010382923901039301,0.027252331702379545,0.0,0.0,0.0,0.0,0.0,0.0,0.0,0.0,0.0,False
direct_invariance_only,False,10.0,5.0,0.0,41,0.03479595182508957,0.014975715396789515,0.05981940782697098,0.0079832004337776,0.003761319925145405,0.013440547065763938,0.07137669513865215,0.06550122679370206,0.07798046337031737,0.2755959090299723,0.2607801379317917,0.289882438613965,0.20853914720256153,0.2035011706192319,0.21340206717936006,0.3436931880508981,0.3272855624011377,0.35970137991556306,0.33747476048585845,0.32079681910392716,0.3517678652776451,0.5609756097560976,0.4146341463414634,0.7073170731707317,0.01809296134236671,0.010349818226058193,0.027647520577098895,-5.4154813965090476e-05,-0.0011197371026840015,0.0008115110649498491,0.0005645121379596431,-0.0022656836705963784,0.0035992909858866434,0.0,0.0,0.0,False
ordinary_actionable_recourse,True,30.0,0.0,0.0,41,0.16076088151553783,0.06365118774290128,0.2779286119814326,0.0011461958652589379,0.00031151924191451653,0.0021724067628383636,0.07306400522953127,0.06762311694825568,0.07926077208504445,0.26700146532640223,0.25296984593633837,0.28136072376652094,0.20853914720256153,0.2035011706192319,0.21340206717936006,0.3436931880508981,0.3272855624011377,0.35970137991556306,0.3302239281375234,0.3142803782188311,0.34481780220095704,0.7560975609756098,0.6097560975609756,0.8780487804878049,0.039189778504949646,0.022080996411417378,0.06060344399459924,0.0,0.0,0.0,0.0,0.0,0.0,0.0,0.0,0.0,False
direct_invariance_only,False,30.0,0.5,0.0,41,0.16076088151553783,0.06365118774290128,0.2779286119814326,0.0011461958652589379,0.00031151924191451653,0.0021724067628383636,0.07306400522953127,0.06762311694825568,0.07926077208504445,0.26700146532640223,0.25296984593633837,0.28136072376652094,0.20853914720256153,0.2035011706192319,0.21340206717936006,0.3436931880508981,0.3272855624011377,0.35970137991556306,0.3302239281375234,0.3142803782188311,0.34481780220095704,0.7560975609756098,0.6097560975609756,0.8780487804878049,0.039189778504949646,0.022080996411417378,0.06060344399459924,0.0,0.0,0.0,0.0,0.0,0.0,0.0,0.0,0.0,False
direct_invariance_only,False,30.0,0.6140645009513089,0.0,41,0.16076088151553783,0.06365118774290128,0.2779286119814326,0.0011461958652589379,0.00031151924191451653,0.0021724067628383636,0.07306400522953127,0.06762311694825568,0.07926077208504445,0.26700146532640223,0.25296984593633837,0.28136072376652094,0.20853914720256153,0.2035011706192319,0.21340206717936006,0.3436931880508981,0.3272855624011377,0.35970137991556306,0.3302239281375234,0.3142803782188311,0.34481780220095704,0.7560975609756098,0.6097560975609756,0.8780487804878049,0.039189778504949646,0.022080996411417378,0.06060344399459924,0.0,0.0,0.0,0.0,0.0,0.0,0.0,0.0,0.0,True
direct_invariance_only,False,30.0,1.0,0.0,41,0.16076088151553783,0.06365118774290128,0.2779286119814326,0.0011461958652589379,0.00031151924191451653,0.0021724067628383636,0.07306400522953127,0.06762311694825568,0.07926077208504445,0.26700146532640223,0.25296984593633837,0.28136072376652094,0.20853914720256153,0.2035011706192319,0.21340206717936006,0.3436931880508981,0.3272855624011377,0.35970137991556306,0.3302239281375234,0.3142803782188311,0.34481780220095704,0.7560975609756098,0.6097560975609756,0.8780487804878049,0.039189778504949646,0.022080996411417378,0.06060344399459924,0.0,0.0,0.0,0.0,0.0,0.0,0.0,0.0,0.0,False
direct_invariance_only,False,30.0,2.0,0.0,41,0.16076088151553783,0.06365118774290128,0.2779286119814326,0.0011461958652589379,0.00031151924191451653,0.0021724067628383636,0.07306400522953127,0.06762311694825568,0.07926077208504445,0.26700146532640223,0.25296984593633837,0.28136072376652094,0.20853914720256153,0.2035011706192319,0.21340206717936006,0.3436931880508981,0.3272855624011377,0.35970137991556306,0.3302239281375234,0.3142803782188311,0.34481780220095704,0.7560975609756098,0.6097560975609756,0.8780487804878049,0.039189778504949646,0.022080996411417378,0.06060344399459924,0.0,0.0,0.0,0.0,0.0,0.0,0.0,0.0,0.0,False
direct_invariance_only,False,30.0,5.0,0.0,41,0.1455224821480309,0.05809385063262974,0.2551982015348607,0.0017126624177141888,0.0005422202370515684,0.0031871936306720823,0.07258739994793403,0.06680049618206373,0.07902982407590238,0.2680511665416927,0.25401290404587623,0.2822779400387733,0.20853914720256153,0.2035011706192319,0.21340206717936006,0.3436931880508981,0.3272855624011377,0.35970137991556306,0.33106296891119424,0.3150402503769572,0.3458945875669398,0.7073170731707317,0.5609756097560976,0.8536585365853658,0.03674852914988069,0.020591756002765936,0.057061049034303764,-0.002441249355068953,-0.0057666726050675686,0.0,-0.015238399367506912,-0.03924683731321881,0.0,-0.04878048780487805,-0.12195121951219512,0.0,False
transport_anchor_only,False,0.0,0.0,0.1,41,0.0,0.0,0.0,0.01681575687920175,0.007659107228604759,0.028930409688775124,0.07035337715614133,0.0643754482269287,0.07709614805332043,0.2830670197017309,0.2665040907109293,0.2983919134885981,0.20853914720256153,0.2035011706192319,0.21340206717936006,0.3436931880508981,0.3272855624011377,0.35970137991556306,0.3436931880508981,0.32601235761511616,0.3588899153943469,0.4878048780487805,0.34146341463414637,0.6341463414634146,0.0,0.0,0.0,0.0,0.0,0.0,0.0,0.0,0.0,0.0,0.0,0.0,False
mediation_aware_recourse,False,0.0,0.5,0.1,41,0.0,0.0,0.0,0.01681575687920175,0.007659107228604759,0.028930409688775124,0.07035337715614133,0.0643754482269287,0.07709614805332043,0.2830670197017309,0.2665040907109293,0.2983919134885981,0.20853914720256153,0.2035011706192319,0.21340206717936006,0.3436931880508981,0.3272855624011377,0.35970137991556306,0.3436931880508981,0.32601235761511616,0.3588899153943469,0.4878048780487805,0.34146341463414637,0.6341463414634146,0.0,0.0,0.0,0.0,0.0,0.0,0.0,0.0,0.0,0.0,0.0,0.0,False
mediation_aware_recourse,False,0.0,0.6140645009513089,0.1,41,0.0,0.0,0.0,0.01681575687920175,0.007659107228604759,0.028930409688775124,0.07035337715614133,0.0643754482269287,0.07709614805332043,0.2830670197017309,0.2665040907109293,0.2983919134885981,0.20853914720256153,0.2035011706192319,0.21340206717936006,0.3436931880508981,0.3272855624011377,0.35970137991556306,0.3436931880508981,0.32601235761511616,0.3588899153943469,0.4878048780487805,0.34146341463414637,0.6341463414634146,0.0,0.0,0.0,0.0,0.0,0.0,0.0,0.0,0.0,0.0,0.0,0.0,True
mediation_aware_recourse,False,0.0,1.0,0.1,41,0.0,0.0,0.0,0.01681575687920175,0.007659107228604759,0.028930409688775124,0.07035337715614133,0.0643754482269287,0.07709614805332043,0.2830670197017309,0.2665040907109293,0.2983919134885981,0.20853914720256153,0.2035011706192319,0.21340206717936006,0.3436931880508981,0.3272855624011377,0.35970137991556306,0.3436931880508981,0.32601235761511616,0.3588899153943469,0.4878048780487805,0.34146341463414637,0.6341463414634146,0.0,0.0,0.0,0.0,0.0,0.0,0.0,0.0,0.0,0.0,0.0,0.0,False
mediation_aware_recourse,False,0.0,2.0,0.1,41,0.0,0.0,0.0,0.01681575687920175,0.007659107228604759,0.028930409688775124,0.07035337715614133,0.0643754482269287,0.07709614805332043,0.2830670197017309,0.2665040907109293,0.2983919134885981,0.20853914720256153,0.2035011706192319,0.21340206717936006,0.3436931880508981,0.3272855624011377,0.35970137991556306,0.3436931880508981,0.32601235761511616,0.3588899153943469,0.4878048780487805,0.34146341463414637,0.6341463414634146,0.0,0.0,0.0,0.0,0.0,0.0,0.0,0.0,0.0,0.0,0.0,0.0,False
mediation_aware_recourse,False,0.0,5.0,0.1,41,0.0,0.0,0.0,0.01681575687920175,0.007659107228604759,0.028930409688775124,0.07035337715614133,0.0643754482269287,0.07709614805332043,0.2830670197017309,0.2665040907109293,0.2983919134885981,0.20853914720256153,0.2035011706192319,0.21340206717936006,0.3436931880508981,0.3272855624011377,0.35970137991556306,0.3436931880508981,0.32601235761511616,0.3588899153943469,0.4878048780487805,0.34146341463414637,0.6341463414634146,0.0,0.0,0.0,0.0,0.0,0.0,0.0,0.0,0.0,0.0,0.0,0.0,False
transport_anchor_only,False,1.0,0.0,0.1,41,0.0,0.0,0.0,0.01681575687920175,0.007659107228604759,0.028930409688775124,0.07035337715614133,0.0643754482269287,0.07709614805332043,0.2830670197017309,0.2665040907109293,0.2983919134885981,0.20853914720256153,0.2035011706192319,0.21340206717936006,0.3436931880508981,0.3272855624011377,0.35970137991556306,0.3436931880508981,0.32601235761511616,0.3588899153943469,0.4878048780487805,0.34146341463414637,0.6341463414634146,0.0,0.0,0.0,0.0,0.0,0.0,0.0,0.0,0.0,0.0,0.0,0.0,False
mediation_aware_recourse,False,1.0,0.5,0.1,41,0.0,0.0,0.0,0.01681575687920175,0.007659107228604759,0.028930409688775124,0.07035337715614133,0.0643754482269287,0.07709614805332043,0.2830670197017309,0.2665040907109293,0.2983919134885981,0.20853914720256153,0.2035011706192319,0.21340206717936006,0.3436931880508981,0.3272855624011377,0.35970137991556306,0.3436931880508981,0.32601235761511616,0.3588899153943469,0.4878048780487805,0.34146341463414637,0.6341463414634146,0.0,0.0,0.0,0.0,0.0,0.0,0.0,0.0,0.0,0.0,0.0,0.0,False
mediation_aware_recourse,False,1.0,0.6140645009513089,0.1,41,0.0,0.0,0.0,0.01681575687920175,0.007659107228604759,0.028930409688775124,0.07035337715614133,0.0643754482269287,0.07709614805332043,0.2830670197017309,0.2665040907109293,0.2983919134885981,0.20853914720256153,0.2035011706192319,0.21340206717936006,0.3436931880508981,0.3272855624011377,0.35970137991556306,0.3436931880508981,0.32601235761511616,0.3588899153943469,0.4878048780487805,0.34146341463414637,0.6341463414634146,0.0,0.0,0.0,0.0,0.0,0.0,0.0,0.0,0.0,0.0,0.0,0.0,True
mediation_aware_recourse,False,1.0,1.0,0.1,41,0.0,0.0,0.0,0.01681575687920175,0.007659107228604759,0.028930409688775124,0.07035337715614133,0.0643754482269287,0.07709614805332043,0.2830670197017309,0.2665040907109293,0.2983919134885981,0.20853914720256153,0.2035011706192319,0.21340206717936006,0.3436931880508981,0.3272855624011377,0.35970137991556306,0.3436931880508981,0.32601235761511616,0.3588899153943469,0.4878048780487805,0.34146341463414637,0.6341463414634146,0.0,0.0,0.0,0.0,0.0,0.0,0.0,0.0,0.0,0.0,0.0,0.0,False
mediation_aware_recourse,False,1.0,2.0,0.1,41,0.0,0.0,0.0,0.01681575687920175,0.007659107228604759,0.028930409688775124,0.07035337715614133,0.0643754482269287,0.07709614805332043,0.2830670197017309,0.2665040907109293,0.2983919134885981,0.20853914720256153,0.2035011706192319,0.21340206717936006,0.3436931880508981,0.3272855624011377,0.35970137991556306,0.3436931880508981,0.32601235761511616,0.3588899153943469,0.4878048780487805,0.34146341463414637,0.6341463414634146,0.0,0.0,0.0,0.0,0.0,0.0,0.0,0.0,0.0,0.0,0.0,0.0,False
mediation_aware_recourse,False,1.0,5.0,0.1,41,0.0,0.0,0.0,0.01681575687920175,0.007659107228604759,0.028930409688775124,0.07035337715614133,0.0643754482269287,0.07709614805332043,0.2830670197017309,0.2665040907109293,0.2983919134885981,0.20853914720256153,0.2035011706192319,0.21340206717936006,0.3436931880508981,0.3272855624011377,0.35970137991556306,0.3436931880508981,0.32601235761511616,0.3588899153943469,0.4878048780487805,0.34146341463414637,0.6341463414634146,0.0,0.0,0.0,0.0,0.0,0.0,0.0,0.0,0.0,0.0,0.0,0.0,False
transport_anchor_only,False,3.0,0.0,0.1,41,0.0038607461241687217,0.0008752042563950144,0.007725375899817882,0.014258552615235492,0.006955033177282752,0.024108965658560032,0.07058189482223697,0.06467697080679057,0.07725321759537952,0.28169830152537767,0.2654661714530936,0.29688085063201625,0.20853914720256153,0.2035011706192319,0.21340206717936006,0.3436931880508981,0.3272855624011377,0.35970137991556306,0.3422499342662532,0.32485298132751045,0.3568363135180822,0.4878048780487805,0.34146341463414637,0.6341463414634146,0.004199250479270944,0.0010457343576425414,0.007970657804080336,0.0,0.0,0.0,0.0,0.0,0.0,0.0,0.0,0.0,False
mediation_aware_recourse,False,3.0,0.5,0.1,41,0.0038607461241687217,0.0008752042563950144,0.007725375899817882,0.014258552615235492,0.006955033177282752,0.024108965658560032,0.07058189482223697,0.06467697080679057,0.07725321759537952,0.28169830152537767,0.2654661714530936,0.29688085063201625,0.20853914720256153,0.2035011706192319,0.21340206717936006,0.3436931880508981,0.3272855624011377,0.35970137991556306,0.3422499342662532,0.32485298132751045,0.3568363135180822,0.4878048780487805,0.34146341463414637,0.6341463414634146,0.004199250479270944,0.0010457343576425414,0.007970657804080336,0.0,0.0,0.0,0.0,0.0,0.0,0.0,0.0,0.0,False
mediation_aware_recourse,False,3.0,0.6140645009513089,0.1,41,0.0038607461241687217,0.0008752042563950144,0.007725375899817882,0.014258552615235492,0.006955033177282752,0.024108965658560032,0.07058189482223697,0.06467697080679057,0.07725321759537952,0.28169830152537767,0.2654661714530936,0.29688085063201625,0.20853914720256153,0.2035011706192319,0.21340206717936006,0.3436931880508981,0.3272855624011377,0.35970137991556306,0.3422499342662532,0.32485298132751045,0.3568363135180822,0.4878048780487805,0.34146341463414637,0.6341463414634146,0.004199250479270944,0.0010457343576425414,0.007970657804080336,0.0,0.0,0.0,0.0,0.0,0.0,0.0,0.0,0.0,True
mediation_aware_recourse,False,3.0,1.0,0.1,41,0.004220675222757386,0.0012351333549836788,0.008081421346926108,0.014148467924536728,0.006841866290423928,0.024106741714768294,0.07055946239610998,0.06466590169726348,0.0772305808416227,0.2815854968275966,0.26546053121820457,0.2967525849573132,0.20853914720256153,0.2035011706192319,0.21340206717936006,0.3436931880508981,0.3272855624011377,0.35970137991556306,0.34213984957555443,0.3246360250180814,0.35672517611486154,0.4878048780487805,0.34146341463414637,0.6341463414634146,0.004519549788439936,0.0013557832646957785,0.008298501310890665,0.0003202993091689921,0.0,0.0009981598114352092,0.00035992909858866435,0.0,0.001079787295765993,0.0,0.0,0.0,False
mediation_aware_recourse,False,3.0,2.0,0.1,41,0.004580604321346051,0.0014397163943546574,0.008286004386297086,0.014042030747343854,0.006825573960455453,0.024000304537575422,0.07053407009054975,0.06465165249821617,0.07722524809764653,0.281500132254711,0.26545624110802285,0.2967089810272361,0.20853914720256153,0.2035011706192319,0.21340206717936006,0.3436931880508981,0.3272855624011377,0.35970137991556306,0.3420334123983616,0.3246333640886516,0.35667398099492237,0.4878048780487805,0.34146341463414637,0.6341463414634146,0.004829236395254677,0.001603542158147775,0.008470588380412111,0.0006299859159837329,0.0,0.0016066796170173508,0.0007198581971773287,0.0,0.0017996454929433217,0.0,0.0,0.0,False
mediation_aware_recourse,False,3.0,5.0,0.1,41,0.004580604321346051,0.0012351333549836788,0.008441350445514771,0.01411415745572346,0.006839234272881252,0.02404759489908451,0.0704544862596,0.06459783655477734,0.07709106188721773,0.281444493136028,0.2652245338665458,0.2966536328855266,0.20853914720256153,0.2035011706192319,0.21340206717936006,0.3436931880508981,0.3272855624011377,0.35970137991556306,0.3421055391067412,0.3248642400088833,0.3567019190366675,0.4878048780487805,0.34146341463414637,0.6341463414634146,0.004619378560164589,0.0014466456915699173,0.008387754657388748,0.00042012808089364473,-0.0008835172191985485,0.0017662764641129423,0.0007198581971773287,-0.00035992909858866435,0.002159574591531986,0.0,0.0,0.0,False
transport_anchor_only,False,10.0,0.0,0.1,41,0.034231439687129925,0.01544156278279133,0.05899609327997739,0.007964587793117615,0.003744445414077945,0.013441897401722466,0.07166662085347059,0.065648272688069,0.0781499260264199,0.27552933336758034,0.26061732456678666,0.2901293050157042,0.20853914720256153,0.2035011706192319,0.21340206717936006,0.3436931880508981,0.3272855624011377,0.35970137991556306,0.33745614784519845,0.3207157730874492,0.3517933717224656,0.5609756097560976,0.4146341463414634,0.7073170731707317,0.0181471161563318,0.010382923901039301,0.027252331702379545,0.0,0.0,0.0,0.0,0.0,0.0,0.0,0.0,0.0,False
mediation_aware_recourse,False,10.0,0.5,0.1,41,0.034231439687129925,0.01544156278279133,0.05899609327997739,0.007964587793117615,0.003744445414077945,0.013441897401722466,0.07166662085347059,0.065648272688069,0.0781499260264199,0.27552933336758034,0.26061732456678666,0.2901293050157042,0.20853914720256153,0.2035011706192319,0.21340206717936006,0.3436931880508981,0.3272855624011377,0.35970137991556306,0.33745614784519845,0.3207157730874492,0.3517933717224656,0.5609756097560976,0.4146341463414634,0.7073170731707317,0.0181471161563318,0.010382923901039301,0.027252331702379545,0.0,0.0,0.0,0.0,0.0,0.0,0.0,0.0,0.0,False
mediation_aware_recourse,False,10.0,0.6140645009513089,0.1,41,0.034231439687129925,0.01544156278279133,0.05899609327997739,0.007964587793117615,0.003744445414077945,0.013441897401722466,0.07166662085347059,0.065648272688069,0.0781499260264199,0.27552933336758034,0.26061732456678666,0.2901293050157042,0.20853914720256153,0.2035011706192319,0.21340206717936006,0.3436931880508981,0.3272855624011377,0.35970137991556306,0.33745614784519845,0.3207157730874492,0.3517933717224656,0.5609756097560976,0.4146341463414634,0.7073170731707317,0.0181471161563318,0.010382923901039301,0.027252331702379545,0.0,0.0,0.0,0.0,0.0,0.0,0.0,0.0,0.0,True
mediation_aware_recourse,False,10.0,1.0,0.1,41,0.034231439687129925,0.01544156278279133,0.05899609327997739,0.007964587793117615,0.003744445414077945,0.013441897401722466,0.07166662085347059,0.065648272688069,0.0781499260264199,0.27552933336758034,0.26061732456678666,0.2901293050157042,0.20853914720256153,0.2035011706192319,0.21340206717936006,0.3436931880508981,0.3272855624011377,0.35970137991556306,0.33745614784519845,0.3207157730874492,0.3517933717224656,0.5609756097560976,0.4146341463414634,0.7073170731707317,0.0181471161563318,0.010382923901039301,0.027252331702379545,0.0,0.0,0.0,0.0,0.0,0.0,0.0,0.0,0.0,False
mediation_aware_recourse,False,10.0,2.0,0.1,41,0.034231439687129925,0.01544156278279133,0.05899609327997739,0.007964587793117615,0.003744445414077945,0.013441897401722466,0.07166662085347059,0.065648272688069,0.0781499260264199,0.27552933336758034,0.26061732456678666,0.2901293050157042,0.20853914720256153,0.2035011706192319,0.21340206717936006,0.3436931880508981,0.3272855624011377,0.35970137991556306,0.33745614784519845,0.3207157730874492,0.3517933717224656,0.5609756097560976,0.4146341463414634,0.7073170731707317,0.0181471161563318,0.010382923901039301,0.027252331702379545,0.0,0.0,0.0,0.0,0.0,0.0,0.0,0.0,0.0,False
mediation_aware_recourse,False,10.0,5.0,0.1,41,0.03479595182508957,0.014975715396789515,0.05981940782697098,0.0079832004337776,0.003761319925145405,0.013440547065763938,0.07137669513865215,0.06550122679370206,0.07798046337031737,0.2755959090299723,0.2607801379317917,0.289882438613965,0.20853914720256153,0.2035011706192319,0.21340206717936006,0.3436931880508981,0.3272855624011377,0.35970137991556306,0.33747476048585845,0.32079681910392716,0.3517678652776451,0.5609756097560976,0.4146341463414634,0.7073170731707317,0.01809296134236671,0.010349818226058193,0.027647520577098895,-5.4154813965090476e-05,-0.0011197371026840015,0.0008115110649498491,0.0005645121379596431,-0.0022656836705963784,0.0035992909858866434,0.0,0.0,0.0,False
transport_anchor_only,False,30.0,0.0,0.1,41,0.16076088151553783,0.06365118774290128,0.2779286119814326,0.0011461958652589379,0.00031151924191451653,0.0021724067628383636,0.07306400522953127,0.06762311694825568,0.07926077208504445,0.26700146532640223,0.25296984593633837,0.28136072376652094,0.20853914720256153,0.2035011706192319,0.21340206717936006,0.3436931880508981,0.3272855624011377,0.35970137991556306,0.3302239281375234,0.3142803782188311,0.34481780220095704,0.7560975609756098,0.6097560975609756,0.8780487804878049,0.039189778504949646,0.022080996411417378,0.06060344399459924,0.0,0.0,0.0,0.0,0.0,0.0,0.0,0.0,0.0,False
mediation_aware_recourse,False,30.0,0.5,0.1,41,0.16076088151553783,0.06365118774290128,0.2779286119814326,0.0011461958652589379,0.00031151924191451653,0.0021724067628383636,0.07306400522953127,0.06762311694825568,0.07926077208504445,0.26700146532640223,0.25296984593633837,0.28136072376652094,0.20853914720256153,0.2035011706192319,0.21340206717936006,0.3436931880508981,0.3272855624011377,0.35970137991556306,0.3302239281375234,0.3142803782188311,0.34481780220095704,0.7560975609756098,0.6097560975609756,0.8780487804878049,0.039189778504949646,0.022080996411417378,0.06060344399459924,0.0,0.0,0.0,0.0,0.0,0.0,0.0,0.0,0.0,False
mediation_aware_recourse,False,30.0,0.6140645009513089,0.1,41,0.16076088151553783,0.06365118774290128,0.2779286119814326,0.0011461958652589379,0.00031151924191451653,0.0021724067628383636,0.07306400522953127,0.06762311694825568,0.07926077208504445,0.26700146532640223,0.25296984593633837,0.28136072376652094,0.20853914720256153,0.2035011706192319,0.21340206717936006,0.3436931880508981,0.3272855624011377,0.35970137991556306,0.3302239281375234,0.3142803782188311,0.34481780220095704,0.7560975609756098,0.6097560975609756,0.8780487804878049,0.039189778504949646,0.022080996411417378,0.06060344399459924,0.0,0.0,0.0,0.0,0.0,0.0,0.0,0.0,0.0,True
mediation_aware_recourse,False,30.0,1.0,0.1,41,0.16076088151553783,0.06365118774290128,0.2779286119814326,0.0011461958652589379,0.00031151924191451653,0.0021724067628383636,0.07306400522953127,0.06762311694825568,0.07926077208504445,0.26700146532640223,0.25296984593633837,0.28136072376652094,0.20853914720256153,0.2035011706192319,0.21340206717936006,0.3436931880508981,0.3272855624011377,0.35970137991556306,0.3302239281375234,0.3142803782188311,0.34481780220095704,0.7560975609756098,0.6097560975609756,0.8780487804878049,0.039189778504949646,0.022080996411417378,0.06060344399459924,0.0,0.0,0.0,0.0,0.0,0.0,0.0,0.0,0.0,False
mediation_aware_recourse,False,30.0,2.0,0.1,41,0.16076088151553783,0.06365118774290128,0.2779286119814326,0.0011461958652589379,0.00031151924191451653,0.0021724067628383636,0.07306400522953127,0.06762311694825568,0.07926077208504445,0.26700146532640223,0.25296984593633837,0.28136072376652094,0.20853914720256153,0.2035011706192319,0.21340206717936006,0.3436931880508981,0.3272855624011377,0.35970137991556306,0.3302239281375234,0.3142803782188311,0.34481780220095704,0.7560975609756098,0.6097560975609756,0.8780487804878049,0.039189778504949646,0.022080996411417378,0.06060344399459924,0.0,0.0,0.0,0.0,0.0,0.0,0.0,0.0,0.0,False
mediation_aware_recourse,False,30.0,5.0,0.1,41,0.1455224821480309,0.05809385063262974,0.2551982015348607,0.0017126624177141888,0.0005422202370515684,0.0031871936306720823,0.07258739994793403,0.06680049618206373,0.07902982407590238,0.2680511665416927,0.25401290404587623,0.2822779400387733,0.20853914720256153,0.2035011706192319,0.21340206717936006,0.3436931880508981,0.3272855624011377,0.35970137991556306,0.33106296891119424,0.3150402503769572,0.3458945875669398,0.7073170731707317,0.5609756097560976,0.8536585365853658,0.03674852914988069,0.020591756002765936,0.057061049034303764,-0.002441249355068953,-0.0057666726050675686,0.0,-0.015238399367506912,-0.03924683731321881,0.0,-0.04878048780487805,-0.12195121951219512,0.0,False
transport_anchor_only,False,0.0,0.0,0.5,41,0.0,0.0,0.0,0.01681575687920175,0.007659107228604759,0.028930409688775124,0.07035337715614133,0.0643754482269287,0.07709614805332043,0.2830670197017309,0.2665040907109293,0.2983919134885981,0.20853914720256153,0.2035011706192319,0.21340206717936006,0.3436931880508981,0.3272855624011377,0.35970137991556306,0.3436931880508981,0.32601235761511616,0.3588899153943469,0.4878048780487805,0.34146341463414637,0.6341463414634146,0.0,0.0,0.0,0.0,0.0,0.0,0.0,0.0,0.0,0.0,0.0,0.0,False
mediation_aware_recourse,False,0.0,0.5,0.5,41,0.0,0.0,0.0,0.01681575687920175,0.007659107228604759,0.028930409688775124,0.07035337715614133,0.0643754482269287,0.07709614805332043,0.2830670197017309,0.2665040907109293,0.2983919134885981,0.20853914720256153,0.2035011706192319,0.21340206717936006,0.3436931880508981,0.3272855624011377,0.35970137991556306,0.3436931880508981,0.32601235761511616,0.3588899153943469,0.4878048780487805,0.34146341463414637,0.6341463414634146,0.0,0.0,0.0,0.0,0.0,0.0,0.0,0.0,0.0,0.0,0.0,0.0,False
mediation_aware_recourse,False,0.0,0.6140645009513089,0.5,41,0.0,0.0,0.0,0.01681575687920175,0.007659107228604759,0.028930409688775124,0.07035337715614133,0.0643754482269287,0.07709614805332043,0.2830670197017309,0.2665040907109293,0.2983919134885981,0.20853914720256153,0.2035011706192319,0.21340206717936006,0.3436931880508981,0.3272855624011377,0.35970137991556306,0.3436931880508981,0.32601235761511616,0.3588899153943469,0.4878048780487805,0.34146341463414637,0.6341463414634146,0.0,0.0,0.0,0.0,0.0,0.0,0.0,0.0,0.0,0.0,0.0,0.0,True
mediation_aware_recourse,False,0.0,1.0,0.5,41,0.0,0.0,0.0,0.01681575687920175,0.007659107228604759,0.028930409688775124,0.07035337715614133,0.0643754482269287,0.07709614805332043,0.2830670197017309,0.2665040907109293,0.2983919134885981,0.20853914720256153,0.2035011706192319,0.21340206717936006,0.3436931880508981,0.3272855624011377,0.35970137991556306,0.3436931880508981,0.32601235761511616,0.3588899153943469,0.4878048780487805,0.34146341463414637,0.6341463414634146,0.0,0.0,0.0,0.0,0.0,0.0,0.0,0.0,0.0,0.0,0.0,0.0,False
mediation_aware_recourse,False,0.0,2.0,0.5,41,0.0,0.0,0.0,0.01681575687920175,0.007659107228604759,0.028930409688775124,0.07035337715614133,0.0643754482269287,0.07709614805332043,0.2830670197017309,0.2665040907109293,0.2983919134885981,0.20853914720256153,0.2035011706192319,0.21340206717936006,0.3436931880508981,0.3272855624011377,0.35970137991556306,0.3436931880508981,0.32601235761511616,0.3588899153943469,0.4878048780487805,0.34146341463414637,0.6341463414634146,0.0,0.0,0.0,0.0,0.0,0.0,0.0,0.0,0.0,0.0,0.0,0.0,False
mediation_aware_recourse,False,0.0,5.0,0.5,41,0.00035992909858866435,0.0,0.001079787295765993,0.01681575687920175,0.007659107228604759,0.028930409688775124,0.07029524518222344,0.06426715074879367,0.07701915071868315,0.2829157372982037,0.2665040334050612,0.29829102508360295,0.20853914720256153,0.2035011706192319,0.21340206717936006,0.3436931880508981,0.3272855624011377,0.35970137991556306,0.34369157291040187,0.3260123172366038,0.358888340632363,0.4878048780487805,0.34146341463414637,0.6341463414634146,4.699367204152871e-06,0.0,1.4320511806528712e-05,4.699367204152871e-06,0.0,1.436730239398054e-05,0.00035992909858866435,0.0,0.001079787295765993,0.0,0.0,0.0,False
transport_anchor_only,False,1.0,0.0,0.5,41,0.0017504085127900287,0.0,0.004376021281975072,0.015308517508390473,0.007565897721342924,0.025306984764046785,0.07048028344061316,0.06449574550114028,0.07714258864885423,0.28240782395005226,0.26617449300772533,0.29788222352451665,0.20853914720256153,0.2035011706192319,0.21340206717936006,0.3436931880508981,0.3272855624011377,0.35970137991556306,0.3430030215077284,0.32540368603133574,0.3581429781891951,0.4878048780487805,0.34146341463414637,0.6341463414634146,0.002008089095636989,0.0,0.005061886175840799,0.002008089095636989,0.0,0.004999906787910454,0.0017504085127900287,0.0,0.004376021281975072,0.0,0.0,0.0,False
mediation_aware_recourse,False,1.0,0.5,0.5,41,0.0017504085127900287,0.0,0.004376021281975072,0.015308517508390473,0.007565897721342924,0.025306984764046785,0.07048028344061316,0.06449574550114028,0.07714258864885423,0.28240782395005226,0.26617449300772533,0.29788222352451665,0.20853914720256153,0.2035011706192319,0.21340206717936006,0.3436931880508981,0.3272855624011377,0.35970137991556306,0.3430030215077284,0.32540368603133574,0.3581429781891951,0.4878048780487805,0.34146341463414637,0.6341463414634146,0.002008089095636989,0.0,0.005061886175840799,0.002008089095636989,0.0,0.004999906787910454,0.0017504085127900287,0.0,0.004376021281975072,0.0,0.0,0.0,False
mediation_aware_recourse,False,1.0,0.6140645009513089,0.5,41,0.0017504085127900287,0.0,0.004376021281975072,0.015308517508390473,0.007565897721342924,0.025306984764046785,0.07048028344061316,0.06449574550114028,0.07714258864885423,0.28240782395005226,0.26617449300772533,0.29788222352451665,0.20853914720256153,0.2035011706192319,0.21340206717936006,0.3436931880508981,0.3272855624011377,0.35970137991556306,0.3430030215077284,0.32540368603133574,0.3581429781891951,0.4878048780487805,0.34146341463414637,0.6341463414634146,0.002008089095636989,0.0,0.005061886175840799,0.002008089095636989,0.0,0.004999906787910454,0.0017504085127900287,0.0,0.004376021281975072,0.0,0.0,0.0,True
mediation_aware_recourse,False,1.0,1.0,0.5,41,0.0008752042563950144,0.0,0.002625612769185043,0.01610103685681413,0.007565897721342924,0.027719291045171457,0.07035315981725367,0.06437481251068232,0.07709614261984825,0.2827374220076131,0.266417922924568,0.2983836735462452,0.20853914720256153,0.2035011706192319,0.21340206717936006,0.3436931880508981,0.3272855624011377,0.35970137991556306,0.3433357193702605,0.3257363838938678,0.3583689576787193,0.4878048780487805,0.34146341463414637,0.6341463414634146,0.001040080784448616,0.0,0.003212659966350714,0.001040080784448616,0.0,0.0031750133295610273,0.0008752042563950144,0.0,0.002625612769185043,0.0,0.0,0.0,False
mediation_aware_recourse,False,1.0,2.0,0.5,41,0.0008752042563950144,0.0,0.002625612769185043,0.01610103685681413,0.007565897721342924,0.027719291045171457,0.07035315981725367,0.06437481251068232,0.07709614261984825,0.2827374220076131,0.266417922924568,0.2983836735462452,0.20853914720256153,0.2035011706192319,0.21340206717936006,0.3436931880508981,0.3272855624011377,0.35970137991556306,0.3433357193702605,0.3257363838938678,0.3583689576787193,0.4878048780487805,0.34146341463414637,0.6341463414634146,0.001040080784448616,0.0,0.003212659966350714,0.001040080784448616,0.0,0.0031750133295610273,0.0008752042563950144,0.0,0.002625612769185043,0.0,0.0,0.0,False
mediation_aware_recourse,False,1.0,5.0,0.5,41,0.0012351333549836788,0.0,0.0033454709663623718,0.01610103685681413,0.007565897721342924,0.027719291045171457,0.07029502784333579,0.06426714531532148,0.07701893881326768,0.28258613960408585,0.266175168838988,0.2982316867016801,0.20853914720256153,0.2035011706192319,0.21340206717936006,0.3436931880508981,0.3272855624011377,0.35970137991556306,0.34333410422976424,0.325734809131884,0.3583689576787193,0.4878048780487805,0.34146341463414637,0.6341463414634146,0.0010447801516528799,0.0,0.003212781395310801,0.0010447801516528799,0.0,0.0031785945940309953,0.0012351333549836788,0.0,0.0033454709663623718,0.0,0.0,0.0,False
transport_anchor_only,False,3.0,0.0,0.5,41,0.0054558085777410645,0.002110337611378693,0.009831829859716137,0.013786924321477005,0.00654801706351885,0.02374519811170857,0.07058054354132676,0.06471174377493742,0.0772500271295629,0.2811738302613177,0.2648789497910113,0.2964121843665475,0.20853914720256153,0.2035011706192319,0.21340206717936006,0.3436931880508981,0.3272855624011377,0.35970137991556306,0.34177830597249476,0.32438151343930055,0.3564672785924702,0.4878048780487805,0.34146341463414637,0.6341463414634146,0.005571486852162355,0.002177715367886207,0.009385357602791796,0.001372236372891411,0.0,0.0034710766116855915,0.001595062453572343,0.0,0.0040653291635397,0.0,0.0,0.0,False
mediation_aware_recourse,False,3.0,0.5,0.5,41,0.0054558085777410645,0.002110337611378693,0.009831829859716137,0.013786924321477005,0.00654801706351885,0.02374519811170857,0.07058054354132676,0.06471174377493742,0.0772500271295629,0.2811738302613177,0.2648789497910113,0.2964121843665475,0.20853914720256153,0.2035011706192319,0.21340206717936006,0.3436931880508981,0.3272855624011377,0.35970137991556306,0.34177830597249476,0.32438151343930055,0.3564672785924702,0.4878048780487805,0.34146341463414637,0.6341463414634146,0.005571486852162355,0.002177715367886207,0.009385357602791796,0.001372236372891411,0.0,0.0034710766116855915,0.001595062453572343,0.0,0.0040653291635397,0.0,0.0,0.0,False
mediation_aware_recourse,False,3.0,0.6140645009513089,0.5,41,0.0054558085777410645,0.002110337611378693,0.009831829859716137,0.013786924321477005,0.00654801706351885,0.02374519811170857,0.07058054354132676,0.06471174377493742,0.0772500271295629,0.2811738302613177,0.2648789497910113,0.2964121843665475,0.20853914720256153,0.2035011706192319,0.21340206717936006,0.3436931880508981,0.3272855624011377,0.35970137991556306,0.34177830597249476,0.32438151343930055,0.3564672785924702,0.4878048780487805,0.34146341463414637,0.6341463414634146,0.005571486852162355,0.002177715367886207,0.009385357602791796,0.001372236372891411,0.0,0.0034710766116855915,0.001595062453572343,0.0,0.0040653291635397,0.0,0.0,0.0,True
mediation_aware_recourse,False,3.0,1.0,0.5,41,0.005815737676329729,0.002314920650749672,0.010040296550567554,0.01369849865029498,0.006512682485144312,0.023583909342201743,0.0705411863036272,0.06469078345633135,0.07722583981912311,0.2810579766405792,0.26464724254953426,0.2963401951577242,0.20853914720256153,0.2035011706192319,0.21340206717936006,0.3436931880508981,0.3272855624011377,0.35970137991556306,0.3416898803013127,0.3242920426333823,0.35630942163307494,0.4878048780487805,0.34146341463414637,0.6341463414634146,0.005828767689421643,0.0023989861353908627,0.009681720100279076,0.0016295172101506994,0.000262732757583195,0.0036897317517933593,0.0019549915521610076,0.00035992909858866435,0.004425258262128365,0.0,0.0,0.0,False
mediation_aware_recourse,False,3.0,2.0,0.5,41,0.004940533419934715,0.001595062453572343,0.008805163195583875,0.013953605076161826,0.006778647895993257,0.023861642163701173,0.0704947128528502,0.0645986706018448,0.07720391892078446,0.2813842786339725,0.2652245338665458,0.29659341838347114,0.20853914720256153,0.2035011706192319,0.21340206717936006,0.3436931880508981,0.3272855624011377,0.35970137991556306,0.34194498672717955,0.32454714905924914,0.3565413666571059,0.4878048780487805,0.34146341463414637,0.6341463414634146,0.005086517232513965,0.0019203615411189172,0.008881860943421888,0.0008872667532430212,0.0,0.0019188624843960414,0.001079787295765993,0.0,0.0025195036901206505,0.0,0.0,0.0,False
mediation_aware_recourse,False,3.0,5.0,0.5,41,0.0054558085777410645,0.002110337611378693,0.009477015337111741,0.014004234133697138,0.00672931095085493,0.024004968728234127,0.07037394366613249,0.06451722683339584,0.07698464718897169,0.281076417372721,0.26485483146431604,0.2965532718748763,0.20853914720256153,0.2035011706192319,0.21340206717936006,0.3436931880508981,0.3272855624011377,0.35970137991556306,0.34199400064421864,0.32464831476894823,0.35663672182254674,0.4878048780487805,0.34146341463414637,0.6341463414634146,0.00494390772280251,0.0016155953812914347,0.008858656095308642,0.0007446572435315657,-0.0007664812031234286,0.0026362771116401618,0.001595062453572343,0.0,0.003909983104322015,0.0,0.0,0.0,False
transport_anchor_only,False,10.0,0.0,0.5,41,0.03829676885066963,0.018420758884309267,0.06321553721478798,0.007569087714683719,0.003382638551113082,0.013155651274250774,0.07183067609624165,0.06583654091852467,0.07830885069035903,0.27500485955941967,0.26004204634667893,0.28948208503879425,0.20853914720256153,0.2035011706192319,0.21340206717936006,0.3436931880508981,0.3272855624011377,0.35970137991556306,0.33704534463766145,0.3204164731793287,0.3514157208364184,0.5853658536585366,0.43902439024390244,0.7317073170731707,0.019342377575002012,0.01137103591473986,0.028469926755771303,0.0011952614186702126,0.0,0.0031660416206848838,0.0040653291635397,0.0,0.011116200194853107,0.024390243902439025,0.0,0.07317073170731707,False
mediation_aware_recourse,False,10.0,0.5,0.5,41,0.03793683975208097,0.018165840390251903,0.06291371175292425,0.007601518456528827,0.0034282414469777086,0.013187271247549755,0.07177935286266048,0.06581863373881433,0.07823389983031807,0.27511766425720074,0.26015485104446,0.28950094949090627,0.20853914720256153,0.2035011706192319,0.21340206717936006,0.3436931880508981,0.3272855624011377,0.35970137991556306,0.3370930785086097,0.3204654003970507,0.3514157208364184,0.5609756097560976,0.4146341463414634,0.7073170731707317,0.019203492451270177,0.011236063815510334,0.02832947916293185,0.001056376294938377,0.0,0.0029904985839657888,0.003705400064951036,0.0,0.010502451076740173,0.0,0.0,0.0,False
mediation_aware_recourse,False,10.0,0.6140645009513089,0.5,41,0.03685705245631497,0.017190740284759826,0.06203339205055339,0.007708536415565305,0.003557932576755198,0.01318999897779488,0.07172206407640039,0.06573886811369803,0.07815034106010345,0.275203031374187,0.26029958286118215,0.28956842575358543,0.20853914720256153,0.2035011706192319,0.21340206717936006,0.3436931880508981,0.3272855624011377,0.35970137991556306,0.33720009646764615,0.3204654003970507,0.3515227387954549,0.5609756097560976,0.4146341463414634,0.7073170731707317,0.018892116017994454,0.010874965628984023,0.028095894627019703,0.0007449998616626541,0.0,0.0023323903899650804,0.002625612769185043,0.0,0.00787683830755513,0.0,0.0,0.0,True
mediation_aware_recourse,False,10.0,1.0,0.5,41,0.03685705245631497,0.017190740284759826,0.06203339205055339,0.007708536415565305,0.003557932576755198,0.01318999897779488,0.07172206407640039,0.06573886811369803,0.07815034106010345,0.275203031374187,0.26029958286118215,0.28956842575358543,0.20853914720256153,0.2035011706192319,0.21340206717936006,0.3436931880508981,0.3272855624011377,0.35970137991556306,0.33720009646764615,0.3204654003970507,0.3515227387954549,0.5609756097560976,0.4146341463414634,0.7073170731707317,0.018892116017994454,0.010874965628984023,0.028095894627019703,0.0007449998616626541,0.0,0.0023323903899650804,0.002625612769185043,0.0,0.00787683830755513,0.0,0.0,0.0,False
mediation_aware_recourse,False,10.0,2.0,0.5,41,0.03459136878571859,0.015646336695588216,0.05930432344491525,0.007941063584350958,0.003739325920256173,0.013398400457893929,0.07163688177015723,0.06560374547432109,0.0781499260264199,0.2753845162507964,0.2603356758041716,0.289841681375827,0.20853914720256153,0.2035011706192319,0.21340206717936006,0.3436931880508981,0.3272855624011377,0.35970137991556306,0.3374326236364318,0.3206699008803542,0.35176984751369894,0.5609756097560976,0.4146341463414634,0.7073170731707317,0.018215561530242397,0.010471193777385595,0.02739388392707794,6.844537391059724e-05,0.0,0.00021133815318372107,0.00035992909858866435,0.0,0.001079787295765993,0.0,0.0,0.0,False
mediation_aware_recourse,False,10.0,5.0,0.5,41,0.03515588092367824,0.01527365790680051,0.059829827850093914,0.0079832004337776,0.003761319925145405,0.013440547065763938,0.07131856316473426,0.06535519058021104,0.07782888728670957,0.27544462662644503,0.26077635587170356,0.2895798738069105,0.20853914720256153,0.2035011706192319,0.21340206717936006,0.3436931880508981,0.3272855624011377,0.35970137991556306,0.3374731453453622,0.32079681910392716,0.35176625013714885,0.5609756097560976,0.4146341463414634,0.7073170731707317,0.018097660709570862,0.010363425178608356,0.027652061887858695,-4.9455446760937605e-05,-0.0011149145291761754,0.0008135173838453302,0.0009244412365483074,-0.0017542921642704707,0.003959220084475308,0.0,0.0,0.0,False
transport_anchor_only,False,30.0,0.0,0.5,41,0.16076088151553783,0.06365118774290128,0.2779286119814326,0.0011461958652589379,0.00031151924191451653,0.0021724067628383636,0.07306400522953127,0.06762311694825568,0.07926077208504445,0.26700146532640223,0.25296984593633837,0.28136072376652094,0.20853914720256153,0.2035011706192319,0.21340206717936006,0.3436931880508981,0.3272855624011377,0.35970137991556306,0.3302239281375234,0.3142803782188311,0.34481780220095704,0.7560975609756098,0.6097560975609756,0.8780487804878049,0.039189778504949646,0.022080996411417378,0.06060344399459924,0.0,0.0,0.0,0.0,0.0,0.0,0.0,0.0,0.0,False
mediation_aware_recourse,False,30.0,0.5,0.5,41,0.16076088151553783,0.06365118774290128,0.2779286119814326,0.0011461958652589379,0.00031151924191451653,0.0021724067628383636,0.07306400522953127,0.06762311694825568,0.07926077208504445,0.26700146532640223,0.25296984593633837,0.28136072376652094,0.20853914720256153,0.2035011706192319,0.21340206717936006,0.3436931880508981,0.3272855624011377,0.35970137991556306,0.3302239281375234,0.3142803782188311,0.34481780220095704,0.7560975609756098,0.6097560975609756,0.8780487804878049,0.039189778504949646,0.022080996411417378,0.06060344399459924,0.0,0.0,0.0,0.0,0.0,0.0,0.0,0.0,0.0,False
mediation_aware_recourse,False,30.0,0.6140645009513089,0.5,41,0.16076088151553783,0.06365118774290128,0.2779286119814326,0.0011461958652589379,0.00031151924191451653,0.0021724067628383636,0.07306400522953127,0.06762311694825568,0.07926077208504445,0.26700146532640223,0.25296984593633837,0.28136072376652094,0.20853914720256153,0.2035011706192319,0.21340206717936006,0.3436931880508981,0.3272855624011377,0.35970137991556306,0.3302239281375234,0.3142803782188311,0.34481780220095704,0.7560975609756098,0.6097560975609756,0.8780487804878049,0.039189778504949646,0.022080996411417378,0.06060344399459924,0.0,0.0,0.0,0.0,0.0,0.0,0.0,0.0,0.0,True
mediation_aware_recourse,False,30.0,1.0,0.5,41,0.16076088151553783,0.06365118774290128,0.2779286119814326,0.0011461958652589379,0.00031151924191451653,0.0021724067628383636,0.07306400522953127,0.06762311694825568,0.07926077208504445,0.26700146532640223,0.25296984593633837,0.28136072376652094,0.20853914720256153,0.2035011706192319,0.21340206717936006,0.3436931880508981,0.3272855624011377,0.35970137991556306,0.3302239281375234,0.3142803782188311,0.34481780220095704,0.7560975609756098,0.6097560975609756,0.8780487804878049,0.039189778504949646,0.022080996411417378,0.06060344399459924,0.0,0.0,0.0,0.0,0.0,0.0,0.0,0.0,0.0,False
mediation_aware_recourse,False,30.0,2.0,0.5,41,0.16076088151553783,0.06365118774290128,0.2779286119814326,0.0011461958652589379,0.00031151924191451653,0.0021724067628383636,0.07306400522953127,0.06762311694825568,0.07926077208504445,0.26700146532640223,0.25296984593633837,0.28136072376652094,0.20853914720256153,0.2035011706192319,0.21340206717936006,0.3436931880508981,0.3272855624011377,0.35970137991556306,0.3302239281375234,0.3142803782188311,0.34481780220095704,0.7560975609756098,0.6097560975609756,0.8780487804878049,0.039189778504949646,0.022080996411417378,0.06060344399459924,0.0,0.0,0.0,0.0,0.0,0.0,0.0,0.0,0.0,False
mediation_aware_recourse,False,30.0,5.0,0.5,41,0.15586958525747788,0.059537315032467605,0.2722623884496165,0.00136211732538735,0.000497968531236416,0.0023996822354270192,0.07267316085536306,0.06696656373579328,0.07913242558517108,0.2674994912089371,0.2534550214686045,0.28172983763194304,0.20853914720256153,0.2035011706192319,0.21340206717936006,0.3436931880508981,0.3272855624011377,0.35970137991556306,0.33071080867837116,0.3146836289181942,0.3455793348754324,0.7073170731707317,0.5609756097560976,0.8536585365853658,0.03777316462438696,0.02079566033412784,0.05914324577112615,-0.0014166138805626893,-0.00363259748866922,9.370943278902421e-06,-0.004891296258059944,-0.01415861361637348,0.0007198581971773287,-0.04878048780487805,-0.12195121951219512,0.0,False
transport_anchor_only,False,0.0,0.0,1.0,41,0.0,0.0,0.0,0.01681575687920175,0.007659107228604759,0.028930409688775124,0.07035337715614133,0.0643754482269287,0.07709614805332043,0.2830670197017309,0.2665040907109293,0.2983919134885981,0.20853914720256153,0.2035011706192319,0.21340206717936006,0.3436931880508981,0.3272855624011377,0.35970137991556306,0.3436931880508981,0.32601235761511616,0.3588899153943469,0.4878048780487805,0.34146341463414637,0.6341463414634146,0.0,0.0,0.0,0.0,0.0,0.0,0.0,0.0,0.0,0.0,0.0,0.0,False
mediation_aware_recourse,False,0.0,0.5,1.0,41,0.0,0.0,0.0,0.01681575687920175,0.007659107228604759,0.028930409688775124,0.07035337715614133,0.0643754482269287,0.07709614805332043,0.2830670197017309,0.2665040907109293,0.2983919134885981,0.20853914720256153,0.2035011706192319,0.21340206717936006,0.3436931880508981,0.3272855624011377,0.35970137991556306,0.3436931880508981,0.32601235761511616,0.3588899153943469,0.4878048780487805,0.34146341463414637,0.6341463414634146,0.0,0.0,0.0,0.0,0.0,0.0,0.0,0.0,0.0,0.0,0.0,0.0,False
mediation_aware_recourse,False,0.0,0.6140645009513089,1.0,41,0.0,0.0,0.0,0.01681575687920175,0.007659107228604759,0.028930409688775124,0.07035337715614133,0.0643754482269287,0.07709614805332043,0.2830670197017309,0.2665040907109293,0.2983919134885981,0.20853914720256153,0.2035011706192319,0.21340206717936006,0.3436931880508981,0.3272855624011377,0.35970137991556306,0.3436931880508981,0.32601235761511616,0.3588899153943469,0.4878048780487805,0.34146341463414637,0.6341463414634146,0.0,0.0,0.0,0.0,0.0,0.0,0.0,0.0,0.0,0.0,0.0,0.0,True
mediation_aware_recourse,False,0.0,1.0,1.0,41,0.0,0.0,0.0,0.01681575687920175,0.007659107228604759,0.028930409688775124,0.07035337715614133,0.0643754482269287,0.07709614805332043,0.2830670197017309,0.2665040907109293,0.2983919134885981,0.20853914720256153,0.2035011706192319,0.21340206717936006,0.3436931880508981,0.3272855624011377,0.35970137991556306,0.3436931880508981,0.32601235761511616,0.3588899153943469,0.4878048780487805,0.34146341463414637,0.6341463414634146,0.0,0.0,0.0,0.0,0.0,0.0,0.0,0.0,0.0,0.0,0.0,0.0,False
mediation_aware_recourse,False,0.0,2.0,1.0,41,0.0,0.0,0.0,0.01681575687920175,0.007659107228604759,0.028930409688775124,0.07035337715614133,0.0643754482269287,0.07709614805332043,0.2830670197017309,0.2665040907109293,0.2983919134885981,0.20853914720256153,0.2035011706192319,0.21340206717936006,0.3436931880508981,0.3272855624011377,0.35970137991556306,0.3436931880508981,0.32601235761511616,0.3588899153943469,0.4878048780487805,0.34146341463414637,0.6341463414634146,0.0,0.0,0.0,0.0,0.0,0.0,0.0,0.0,0.0,0.0,0.0,0.0,False
mediation_aware_recourse,False,0.0,5.0,1.0,41,0.00035992909858866435,0.0,0.001079787295765993,0.01681575687920175,0.007659107228604759,0.028930409688775124,0.07029524518222344,0.06426715074879367,0.07701915071868315,0.2829157372982037,0.2665040334050612,0.29829102508360295,0.20853914720256153,0.2035011706192319,0.21340206717936006,0.3436931880508981,0.3272855624011377,0.35970137991556306,0.34369157291040187,0.3260123172366038,0.358888340632363,0.4878048780487805,0.34146341463414637,0.6341463414634146,4.699367204152871e-06,0.0,1.4320511806528712e-05,4.699367204152871e-06,0.0,1.436730239398054e-05,0.00035992909858866435,0.0,0.001079787295765993,0.0,0.0,0.0,False
transport_anchor_only,False,1.0,0.0,1.0,41,0.0017504085127900287,0.0,0.004376021281975072,0.015308517508390473,0.007565897721342924,0.025306984764046785,0.07048028344061316,0.06449574550114028,0.07714258864885423,0.28240782395005226,0.26617449300772533,0.29788222352451665,0.20853914720256153,0.2035011706192319,0.21340206717936006,0.3436931880508981,0.3272855624011377,0.35970137991556306,0.3430030215077284,0.32540368603133574,0.3581429781891951,0.4878048780487805,0.34146341463414637,0.6341463414634146,0.002008089095636989,0.0,0.005061886175840799,0.002008089095636989,0.0,0.004999906787910454,0.0017504085127900287,0.0,0.004376021281975072,0.0,0.0,0.0,False
mediation_aware_recourse,False,1.0,0.5,1.0,41,0.0017504085127900287,0.0,0.004376021281975072,0.015308517508390473,0.007565897721342924,0.025306984764046785,0.07048028344061316,0.06449574550114028,0.07714258864885423,0.28240782395005226,0.26617449300772533,0.29788222352451665,0.20853914720256153,0.2035011706192319,0.21340206717936006,0.3436931880508981,0.3272855624011377,0.35970137991556306,0.3430030215077284,0.32540368603133574,0.3581429781891951,0.4878048780487805,0.34146341463414637,0.6341463414634146,0.002008089095636989,0.0,0.005061886175840799,0.002008089095636989,0.0,0.004999906787910454,0.0017504085127900287,0.0,0.004376021281975072,0.0,0.0,0.0,False
mediation_aware_recourse,False,1.0,0.6140645009513089,1.0,41,0.0017504085127900287,0.0,0.004376021281975072,0.015308517508390473,0.007565897721342924,0.025306984764046785,0.07048028344061316,0.06449574550114028,0.07714258864885423,0.28240782395005226,0.26617449300772533,0.29788222352451665,0.20853914720256153,0.2035011706192319,0.21340206717936006,0.3436931880508981,0.3272855624011377,0.35970137991556306,0.3430030215077284,0.32540368603133574,0.3581429781891951,0.4878048780487805,0.34146341463414637,0.6341463414634146,0.002008089095636989,0.0,0.005061886175840799,0.002008089095636989,0.0,0.004999906787910454,0.0017504085127900287,0.0,0.004376021281975072,0.0,0.0,0.0,True
mediation_aware_recourse,False,1.0,1.0,1.0,41,0.0017504085127900287,0.0,0.004376021281975072,0.015308517508390473,0.007565897721342924,0.025306984764046785,0.07048028344061316,0.06449574550114028,0.07714258864885423,0.28240782395005226,0.26617449300772533,0.29788222352451665,0.20853914720256153,0.2035011706192319,0.21340206717936006,0.3436931880508981,0.3272855624011377,0.35970137991556306,0.3430030215077284,0.32540368603133574,0.3581429781891951,0.4878048780487805,0.34146341463414637,0.6341463414634146,0.002008089095636989,0.0,0.005061886175840799,0.002008089095636989,0.0,0.004999906787910454,0.0017504085127900287,0.0,0.004376021281975072,0.0,0.0,0.0,False
mediation_aware_recourse,False,1.0,2.0,1.0,41,0.0008752042563950144,0.0,0.002625612769185043,0.01610103685681413,0.007565897721342924,0.027719291045171457,0.07035315981725367,0.06437481251068232,0.07709614261984825,0.2827374220076131,0.266417922924568,0.2983836735462452,0.20853914720256153,0.2035011706192319,0.21340206717936006,0.3436931880508981,0.3272855624011377,0.35970137991556306,0.3433357193702605,0.3257363838938678,0.3583689576787193,0.4878048780487805,0.34146341463414637,0.6341463414634146,0.001040080784448616,0.0,0.003212659966350714,0.001040080784448616,0.0,0.0031750133295610273,0.0008752042563950144,0.0,0.002625612769185043,0.0,0.0,0.0,False
mediation_aware_recourse,False,1.0,5.0,1.0,41,0.001595062453572343,0.0,0.003705400064951036,0.0160126111856321,0.007516714367197781,0.027578618304758537,0.07025567060563623,0.06423426501271201,0.07694927853782002,0.28247028598334734,0.266116631726121,0.2982316867016801,0.20853914720256153,0.2035011706192319,0.21340206717936006,0.3436931880508981,0.3272855624011377,0.35970137991556306,0.34324567855858223,0.32564638346070196,0.3581916316253383,0.4878048780487805,0.34146341463414637,0.6341463414634146,0.001302060988911946,0.0,0.003947649113220799,0.001302060988911946,0.0,0.003606167787456174,0.001595062453572343,0.0,0.003705400064951036,0.0,0.0,0.0,False
transport_anchor_only,False,3.0,0.0,1.0,41,0.015442984496674887,0.008081421346926108,0.024711533142935213,0.011236744682963302,0.004965484923705823,0.019636902013202992,0.07092406618885877,0.06505616699776999,0.07754682883983706,0.2781054994500265,0.26257331221387153,0.29271315899564,0.20853914720256153,0.2035011706192319,0.21340206717936006,0.3436931880508981,0.3272855624011377,0.35970137991556306,0.3396622487684576,0.3223732355164319,0.35404051186108004,0.5121951219512195,0.36585365853658536,0.6585365853658537,0.01172830717216189,0.007209782005515447,0.017074208608947598,0.007529056692890945,0.003926098734854114,0.011152834130623183,0.011582238372506165,0.0056072709854783085,0.01858387242366628,0.024390243902439025,0.0,0.07317073170731707,False
mediation_aware_recourse,False,3.0,0.5,1.0,41,0.015442984496674887,0.008081421346926108,0.024711533142935213,0.011236744682963302,0.004965484923705823,0.019636902013202992,0.07092406618885877,0.06505616699776999,0.07754682883983706,0.2781054994500265,0.26257331221387153,0.29271315899564,0.20853914720256153,0.2035011706192319,0.21340206717936006,0.3436931880508981,0.3272855624011377,0.35970137991556306,0.3396622487684576,0.3223732355164319,0.35404051186108004,0.5121951219512195,0.36585365853658536,0.6585365853658537,0.01172830717216189,0.007209782005515447,0.017074208608947598,0.007529056692890945,0.003926098734854114,0.011152834130623183,0.011582238372506165,0.0056072709854783085,0.01858387242366628,0.024390243902439025,0.0,0.07317073170731707,False
mediation_aware_recourse,False,3.0,0.6140645009513089,1.0,41,0.014567780240279873,0.007718839521360834,0.023168360396492768,0.011429629674771936,0.005055780109108948,0.019891237358494504,0.0708698710290397,0.064980417798932,0.07754547396084158,0.27843236114557196,0.2629051122314683,0.292911680328955,0.20853914720256153,0.2035011706192319,0.21340206717936006,0.3436931880508981,0.3272855624011377,0.35970137991556306,0.3398551337602662,0.3227541833752539,0.354236372851017,0.5121951219512195,0.36585365853658536,0.6585365853658537,0.011167094443732428,0.006659287790864279,0.01632457414870699,0.006967843964461484,0.003598076327663266,0.010403285679654163,0.010707034116111151,0.004936649768454273,0.01755720575953402,0.024390243902439025,0.0,0.07317073170731707,True
mediation_aware_recourse,False,3.0,1.0,1.0,41,0.011066963214699814,0.006331012834136079,0.015802913595263552,0.012432746044019373,0.00519798961354465,0.02214006329091583,0.0706916902123428,0.06487752055613005,0.07730522342934841,0.2790915561703647,0.26327801548944013,0.29343252631994643,0.20853914720256153,0.2035011706192319,0.21340206717936006,0.3436931880508981,0.3272855624011377,0.35970137991556306,0.3404241276950371,0.32321534073207436,0.3548737344036742,0.4878048780487805,0.34146341463414637,0.6341463414634146,0.00951156574967349,0.006006053893083651,0.013321657608099356,0.005312315270402546,0.0023490227014932195,0.008361210242785699,0.007206217090531093,0.003190124907144686,0.011582238372506165,0.0,0.0,0.0,False
mediation_aware_recourse,False,3.0,2.0,1.0,41,0.010707034116111151,0.005971083735547415,0.015598330555892572,0.012522054154698441,0.005283384243162667,0.022179013145406067,0.07068155742273098,0.06487752055613005,0.07728430574260108,0.27919978657510225,0.26355398961956183,0.2936474295446604,0.20853914720256153,0.2035011706192319,0.21340206717936006,0.3436931880508981,0.3272855624011377,0.35970137991556306,0.3405134358057162,0.3233912030552945,0.3550382012455929,0.4878048780487805,0.34146341463414637,0.6341463414634146,0.009251717391358438,0.005725873816531263,0.013051518828080507,0.005052466912087494,0.0021058527566884507,0.00815670251739557,0.006846287991942429,0.002830195808556022,0.011222309273917501,0.0,0.0,0.0,False
mediation_aware_recourse,False,3.0,5.0,1.0,41,0.007926075287708422,0.0038607461241687217,0.012146750510465808,0.01357009207330099,0.006220782511844867,0.02331586267526557,0.07030946161688828,0.06451288428975314,0.07698442661544172,0.2801291133027251,0.26421180625287133,0.29508609498464844,0.20853914720256153,0.2035011706192319,0.21340206717936006,0.3436931880508981,0.3272855624011377,0.35970137991556306,0.3415598585838225,0.3244079537871407,0.3562615666811059,0.4878048780487805,0.34146341463414637,0.6341463414634146,0.006207075209066049,0.0027981063235172853,0.010106593412989348,0.0020078247297951046,-7.80492727804337e-06,0.0043466057406573435,0.0040653291635397,0.001079787295765993,0.007567377113623589,0.0,0.0,0.0,False
transport_anchor_only,False,10.0,0.0,1.0,41,0.042517444073427016,0.021977349534267332,0.06733631685875902,0.007220236993417508,0.002858294819186373,0.012584857370068385,0.07208449738781626,0.06621142716669455,0.07847024573058617,0.27412664417813465,0.25938658169129997,0.28810089382956305,0.20853914720256153,0.2035011706192319,0.21340206717936006,0.3436931880508981,0.3272855624011377,0.35970137991556306,0.3364145312367416,0.3197677615939117,0.3505585884720814,0.6585365853658537,0.5121951219512195,0.8048780487804879,0.021177774443055353,0.013140817993924827,0.03048691677137425,0.003030658286723553,0.0008467178061143971,0.005679401644086758,0.008286004386297086,0.0017996454929433217,0.016418084515849266,0.0975609756097561,0.024390243902439025,0.1951219512195122,False
mediation_aware_recourse,False,10.0,0.5,1.0,41,0.041282310718443335,0.02109949228058501,0.06646376532479756,0.007311614548287741,0.002949672374056607,0.012674686021921112,0.07181165276504145,0.06584576971647216,0.0783065355042132,0.27453374081268545,0.25960027837853245,0.28913885848823845,0.20853914720256153,0.2035011706192319,0.21340206717936006,0.3436931880508981,0.3272855624011377,0.35970137991556306,0.3367567033302493,0.3198560381081046,0.3511002554035768,0.6097560975609756,0.4634146341463415,0.7560975609756098,0.020182200176808718,0.012120277721025138,0.02910499347611814,0.0020350840204769183,0.0002729746352282958,0.004427275804518124,0.007050871031313408,0.001079787295765993,0.01554411118395808,0.04878048780487805,0.0,0.12195121951219512,False
mediation_aware_recourse,False,10.0,0.6140645009513089,1.0,41,0.041282310718443335,0.02109949228058501,0.06646376532479756,0.007311614548287741,0.002949672374056607,0.012674686021921112,0.07181165276504145,0.06584576971647216,0.0783065355042132,0.27453374081268545,0.25960027837853245,0.28913885848823845,0.20853914720256153,0.2035011706192319,0.21340206717936006,0.3436931880508981,0.3272855624011377,0.35970137991556306,0.3367567033302493,0.3198560381081046,0.3511002554035768,0.6097560975609756,0.4634146341463415,0.7560975609756098,0.020182200176808718,0.012120277721025138,0.02910499347611814,0.0020350840204769183,0.0002729746352282958,0.004427275804518124,0.007050871031313408,0.001079787295765993,0.01554411118395808,0.04878048780487805,0.0,0.12195121951219512,True
mediation_aware_recourse,False,10.0,1.0,1.0,41,0.041282310718443335,0.02109949228058501,0.06646376532479756,0.007311614548287741,0.002949672374056607,0.012674686021921112,0.07181165276504145,0.06584576971647216,0.0783065355042132,0.27453374081268545,0.25960027837853245,0.28913885848823845,0.20853914720256153,0.2035011706192319,0.21340206717936006,0.3436931880508981,0.3272855624011377,0.35970137991556306,0.3367567033302493,0.3198560381081046,0.3511002554035768,0.6097560975609756,0.4634146341463415,0.7560975609756098,0.020182200176808718,0.012120277721025138,0.02910499347611814,0.0020350840204769183,0.0002729746352282958,0.004427275804518124,0.007050871031313408,0.001079787295765993,0.01554411118395808,0.04878048780487805,0.0,0.12195121951219512,False
mediation_aware_recourse,False,10.0,2.0,1.0,41,0.04354799438903972,0.02212881167850843,0.07032185916947882,0.007134798823333368,0.002976664391959586,0.012404013734038283,0.07163916637257832,0.06563526684554613,0.07812252473540422,0.27428740499223153,0.2594737901829365,0.28837759912059435,0.20853914720256153,0.2035011706192319,0.21340206717936006,0.3436931880508981,0.3272855624011377,0.35970137991556306,0.3365951907343981,0.31981444113501684,0.35088784423906627,0.5853658536585366,0.43902439024390244,0.7317073170731707,0.020652132667374423,0.012583280694274421,0.029775684057191686,0.0025050165110426237,0.0003937305238115114,0.005193922867216268,0.009316554701909787,0.0017906472654786055,0.01910814580893734,0.024390243902439025,0.0,0.07317073170731707,False
mediation_aware_recourse,False,10.0,5.0,1.0,41,0.03814142279145194,0.017913060419534037,0.06305753843767978,0.0077453081200762495,0.0035890429303413484,0.013084506025401555,0.0712760650530094,0.06527204782497592,0.07780838572397465,0.2749717340963643,0.2602205206208476,0.28891527093038327,0.20853914720256153,0.2035011706192319,0.21340206717936006,0.3436931880508981,0.3272855624011377,0.35970137991556306,0.33723525303166085,0.320316019163626,0.3514055863931412,0.5609756097560976,0.4146341463414634,0.7073170731707317,0.018789825471550725,0.010563632040951784,0.02838837747684096,0.0006427093152189256,-0.0007884341856225052,0.002382859648101032,0.003909983104322015,-0.0008271982007455534,0.010504912925747836,0.0,0.0,0.0,False
transport_anchor_only,False,30.0,0.0,1.0,41,0.16127615667334416,0.06422416389715381,0.2786209514478176,0.001135789039658337,0.0002948075714634686,0.0021652121732874613,0.07311267823707766,0.06767290381760133,0.07930822826740218,0.2666947333732756,0.25267895736799734,0.28077955068793237,0.20853914720256153,0.2035011706192319,0.21340206717936006,0.3436931880508981,0.3272855624011377,0.35970137991556306,0.3300335588978558,0.3142756189878394,0.34462386814922824,0.7804878048780488,0.6585365853658537,0.9024390243902439,0.03974367147195079,0.02286046692082503,0.06080807406431256,0.0005538929670011461,0.0,0.0016973897243430542,0.00051527515780635,0.0,0.0015458254734190499,0.024390243902439025,0.0,0.07317073170731707,False
mediation_aware_recourse,False,30.0,0.5,1.0,41,0.16127615667334416,0.06422416389715381,0.2786209514478176,0.001135789039658337,0.0002948075714634686,0.0021652121732874613,0.07311267823707766,0.06767290381760133,0.07930822826740218,0.2666947333732756,0.25267895736799734,0.28077955068793237,0.20853914720256153,0.2035011706192319,0.21340206717936006,0.3436931880508981,0.3272855624011377,0.35970137991556306,0.3300335588978558,0.3142756189878394,0.34462386814922824,0.7804878048780488,0.6585365853658537,0.9024390243902439,0.03974367147195079,0.02286046692082503,0.06080807406431256,0.0005538929670011461,0.0,0.0016973897243430542,0.00051527515780635,0.0,0.0015458254734190499,0.024390243902439025,0.0,0.07317073170731707,False
mediation_aware_recourse,False,30.0,0.6140645009513089,1.0,41,0.16127615667334416,0.06422416389715381,0.2786209514478176,0.001135789039658337,0.0002948075714634686,0.0021652121732874613,0.07311267823707766,0.06767290381760133,0.07930822826740218,0.2666947333732756,0.25267895736799734,0.28077955068793237,0.20853914720256153,0.2035011706192319,0.21340206717936006,0.3436931880508981,0.3272855624011377,0.35970137991556306,0.3300335588978558,0.3142756189878394,0.34462386814922824,0.7804878048780488,0.6585365853658537,0.9024390243902439,0.03974367147195079,0.02286046692082503,0.06080807406431256,0.0005538929670011461,0.0,0.0016973897243430542,0.00051527515780635,0.0,0.0015458254734190499,0.024390243902439025,0.0,0.07317073170731707,True
mediation_aware_recourse,False,30.0,1.0,1.0,41,0.16127615667334416,0.06422416389715381,0.2786209514478176,0.001135789039658337,0.0002948075714634686,0.0021652121732874613,0.07311267823707766,0.06767290381760133,0.07930822826740218,0.2666947333732756,0.25267895736799734,0.28077955068793237,0.20853914720256153,0.2035011706192319,0.21340206717936006,0.3436931880508981,0.3272855624011377,0.35970137991556306,0.3300335588978558,0.3142756189878394,0.34462386814922824,0.7804878048780488,0.6585365853658537,0.9024390243902439,0.03974367147195079,0.02286046692082503,0.06080807406431256,0.0005538929670011461,0.0,0.0016973897243430542,0.00051527515780635,0.0,0.0015458254734190499,0.024390243902439025,0.0,0.07317073170731707,False
mediation_aware_recourse,False,30.0,2.0,1.0,41,0.16127615667334416,0.06422416389715381,0.2786209514478176,0.001135789039658337,0.0002948075714634686,0.0021652121732874613,0.07311267823707766,0.06767290381760133,0.07930822826740218,0.2666947333732756,0.25267895736799734,0.28077955068793237,0.20853914720256153,0.2035011706192319,0.21340206717936006,0.3436931880508981,0.3272855624011377,0.35970137991556306,0.3300335588978558,0.3142756189878394,0.34462386814922824,0.7804878048780488,0.6585365853658537,0.9024390243902439,0.03974367147195079,0.02286046692082503,0.06080807406431256,0.0005538929670011461,0.0,0.0016973897243430542,0.00051527515780635,0.0,0.0015458254734190499,0.024390243902439025,0.0,0.07317073170731707,False
mediation_aware_recourse,False,30.0,5.0,1.0,41,0.16112081061412648,0.06392706711435826,0.2781014119842794,0.0011461958652589379,0.00031151924191451653,0.0021724067628383636,0.07300587325561338,0.06750953003037266,0.0792585267344626,0.266850182922875,0.25295684922304823,0.2810984042927441,0.20853914720256153,0.2035011706192319,0.21340206717936006,0.3436931880508981,0.3272855624011377,0.35970137991556306,0.33022231299702715,0.31428033784031867,0.3448160659249236,0.7560975609756098,0.6097560975609756,0.8780487804878049,0.03919447787215391,0.022080996411417378,0.06060355958070523,4.6993672042638934e-06,0.0,1.4367302393872293e-05,0.00035992909858866435,0.0,0.001079787295765993,0.0,0.0,0.0,False
transport_anchor_only,False,0.0,0.0,2.0,41,0.0,0.0,0.0,0.01681575687920175,0.007659107228604759,0.028930409688775124,0.07035337715614133,0.0643754482269287,0.07709614805332043,0.2830670197017309,0.2665040907109293,0.2983919134885981,0.20853914720256153,0.2035011706192319,0.21340206717936006,0.3436931880508981,0.3272855624011377,0.35970137991556306,0.3436931880508981,0.32601235761511616,0.3588899153943469,0.4878048780487805,0.34146341463414637,0.6341463414634146,0.0,0.0,0.0,0.0,0.0,0.0,0.0,0.0,0.0,0.0,0.0,0.0,False
mediation_aware_recourse,False,0.0,0.5,2.0,41,0.0,0.0,0.0,0.01681575687920175,0.007659107228604759,0.028930409688775124,0.07035337715614133,0.0643754482269287,0.07709614805332043,0.2830670197017309,0.2665040907109293,0.2983919134885981,0.20853914720256153,0.2035011706192319,0.21340206717936006,0.3436931880508981,0.3272855624011377,0.35970137991556306,0.3436931880508981,0.32601235761511616,0.3588899153943469,0.4878048780487805,0.34146341463414637,0.6341463414634146,0.0,0.0,0.0,0.0,0.0,0.0,0.0,0.0,0.0,0.0,0.0,0.0,False
mediation_aware_recourse,False,0.0,0.6140645009513089,2.0,41,0.0,0.0,0.0,0.01681575687920175,0.007659107228604759,0.028930409688775124,0.07035337715614133,0.0643754482269287,0.07709614805332043,0.2830670197017309,0.2665040907109293,0.2983919134885981,0.20853914720256153,0.2035011706192319,0.21340206717936006,0.3436931880508981,0.3272855624011377,0.35970137991556306,0.3436931880508981,0.32601235761511616,0.3588899153943469,0.4878048780487805,0.34146341463414637,0.6341463414634146,0.0,0.0,0.0,0.0,0.0,0.0,0.0,0.0,0.0,0.0,0.0,0.0,True
mediation_aware_recourse,False,0.0,1.0,2.0,41,0.00035992909858866435,0.0,0.001079787295765993,0.01681575687920175,0.007659107228604759,0.028930409688775124,0.07029524518222344,0.06426715074879367,0.07701915071868315,0.2829157372982037,0.2665040334050612,0.29829102508360295,0.20853914720256153,0.2035011706192319,0.21340206717936006,0.3436931880508981,0.3272855624011377,0.35970137991556306,0.34369157291040187,0.3260123172366038,0.358888340632363,0.4878048780487805,0.34146341463414637,0.6341463414634146,4.699367204152871e-06,0.0,1.4320511806528712e-05,4.699367204152871e-06,0.0,1.436730239398054e-05,0.00035992909858866435,0.0,0.001079787295765993,0.0,0.0,0.0,False
mediation_aware_recourse,False,0.0,2.0,2.0,41,0.00035992909858866435,0.0,0.001079787295765993,0.01681575687920175,0.007659107228604759,0.028930409688775124,0.07029524518222344,0.06426715074879367,0.07701915071868315,0.2829157372982037,0.2665040334050612,0.29829102508360295,0.20853914720256153,0.2035011706192319,0.21340206717936006,0.3436931880508981,0.3272855624011377,0.35970137991556306,0.34369157291040187,0.3260123172366038,0.358888340632363,0.4878048780487805,0.34146341463414637,0.6341463414634146,4.699367204152871e-06,0.0,1.4320511806528712e-05,4.699367204152871e-06,0.0,1.436730239398054e-05,0.00035992909858866435,0.0,0.001079787295765993,0.0,0.0,0.0,False
mediation_aware_recourse,False,0.0,5.0,2.0,41,0.003754637045104329,0.0017996454929433217,0.006069557695854001,0.016437058041735394,0.007361593115620496,0.02872304620175827,0.07007164926063723,0.06405150359723627,0.07680284409988218,0.28159070968991373,0.26540234206562363,0.29711785937273283,0.20853914720256153,0.2035011706192319,0.21340206717936006,0.3436931880508981,0.3272855624011377,0.35970137991556306,0.34330149758152845,0.3253652334758421,0.3585796632781262,0.4878048780487805,0.34146341463414637,0.6341463414634146,0.001139651535111752,0.0001416925103604638,0.002625090731895727,0.001139651535111752,0.00016510075100937548,0.0026307146826949476,0.003754637045104329,0.0017996454929433217,0.006069557695854001,0.0,0.0,0.0,False
transport_anchor_only,False,1.0,0.0,2.0,41,0.007361563149748779,0.0029855418677737075,0.012457442628901179,0.013415615006190975,0.00608725006260523,0.02351280488982433,0.07067936295416297,0.06489228184630232,0.07733902873062506,0.28030037253004747,0.2643080502521338,0.2954538262244768,0.20853914720256153,0.2035011706192319,0.21340206717936006,0.3436931880508981,0.3272855624011377,0.35970137991556306,0.3414434318135424,0.3239906800956261,0.356113215772117,0.4878048780487805,0.34146341463414637,0.6341463414634146,0.006545827253994108,0.002798413106836184,0.01046519839003037,0.006545827253994108,0.0027555916734709972,0.011144205056649528,0.007361563149748779,0.0029855418677737075,0.012457442628901179,0.0,0.0,0.0,False
mediation_aware_recourse,False,1.0,0.5,2.0,41,0.005251225538370086,0.0017504085127900287,0.009627246820345157,0.013943990556205191,0.006604794085752673,0.02387760528704015,0.07054329863408716,0.06468868927984703,0.07716414428702215,0.281102615976479,0.2648674337375091,0.2965846998957781,0.20853914720256153,0.2035011706192319,0.21340206717936006,0.3436931880508981,0.3272855624011377,0.35970137991556306,0.3419353722072229,0.32448682768679243,0.3567263518164797,0.4878048780487805,0.34146341463414637,0.6341463414634146,0.005114491368432006,0.0016445458216024112,0.008981831115606204,0.005114491368432006,0.001658659792918546,0.00947885865986762,0.005251225538370086,0.0017504085127900287,0.009627246820345157,0.0,0.0,0.0,False
mediation_aware_recourse,False,1.0,0.6140645009513089,2.0,41,0.005251225538370086,0.0017504085127900287,0.009627246820345157,0.013943990556205191,0.006604794085752673,0.02387760528704015,0.07054329863408716,0.06468868927984703,0.07716414428702215,0.281102615976479,0.2648674337375091,0.2965846998957781,0.20853914720256153,0.2035011706192319,0.21340206717936006,0.3436931880508981,0.3272855624011377,0.35970137991556306,0.3419353722072229,0.32448682768679243,0.3567263518164797,0.4878048780487805,0.34146341463414637,0.6341463414634146,0.005114491368432006,0.0016445458216024112,0.008981831115606204,0.005114491368432006,0.001658659792918546,0.00947885865986762,0.005251225538370086,0.0017504085127900287,0.009627246820345157,0.0,0.0,0.0,True
mediation_aware_recourse,False,1.0,1.0,2.0,41,0.004735950380563736,0.0017465248613095868,0.008956625603321122,0.01419909698207204,0.006734632809714574,0.024132711712907002,0.07043869320939226,0.06459495737785247,0.07709087182472392,0.28127763556634505,0.2651296964778406,0.29677670970786274,0.20853914720256153,0.2035011706192319,0.21340206717936006,0.3436931880508981,0.3272855624011377,0.35970137991556306,0.34218886349259353,0.32473719072778046,0.3568352697280849,0.4878048780487805,0.34146341463414637,0.6341463414634146,0.004376940278728481,0.0010240685716684573,0.00823346478245932,0.004376940278728481,0.0010721720329539303,0.008424188922102381,0.004735950380563736,0.0017465248613095868,0.008956625603321122,0.0,0.0,0.0,False
mediation_aware_recourse,False,1.0,2.0,2.0,41,0.006175666774918393,0.002830195808556022,0.0101917589583048,0.014040406157330768,0.006685898216759287,0.023912317796451286,0.07030973419910524,0.06451184395246388,0.07700380866483944,0.2807303780644405,0.2645751701168171,0.2959467378717552,0.20853914720256153,0.2035011706192319,0.21340206717936006,0.3436931880508981,0.3272855624011377,0.35970137991556306,0.34203017266785224,0.32455873020538467,0.35652679653792846,0.4878048780487805,0.34146341463414637,0.6341463414634146,0.004838662623710688,0.0016282174904146212,0.008703711910893716,0.004838662623710688,0.0015142432345706196,0.008750352368716706,0.006175666774918393,0.002830195808556022,0.0101917589583048,0.0,0.0,0.0,False
mediation_aware_recourse,False,1.0,5.0,2.0,41,0.005864974656483022,0.002879432788709315,0.009055099563627707,0.015254360146638824,0.006948798585955689,0.026618554079677993,0.07004154091928064,0.06402142309561008,0.07675306435401846,0.280849445429517,0.2648135648745044,0.29625047641102137,0.20853914720256153,0.2035011706192319,0.21340206717936006,0.3436931880508981,0.3272855624011377,0.35970137991556306,0.34247605102818185,0.3251076175308809,0.35716666673741687,0.4878048780487805,0.34146341463414637,0.6341463414634146,0.003541347530391037,0.0008723823622622779,0.006814990269326357,0.003541347530391037,0.00080491377419456,0.006608608416025214,0.005864974656483022,0.002879432788709315,0.009055099563627707,0.0,0.0,0.0,False
transport_anchor_only,False,3.0,0.0,2.0,41,0.022289272488617316,0.012660794743768326,0.032791723565357485,0.009872389275853226,0.004210260201518128,0.017294084226212852,0.07148538711594372,0.06553991217075325,0.07805625850834497,0.2761743149561126,0.26090388234659306,0.29066938198875725,0.20853914720256153,0.2035011706192319,0.21340206717936006,0.3436931880508981,0.3272855624011377,0.35970137991556306,0.3384408594631567,0.3215586784954478,0.3530403293487502,0.5609756097560976,0.4146341463414634,0.7073170731707317,0.015282027023950095,0.009714922297311187,0.02125729985293621,0.011082776544679152,0.00676288507720878,0.015475709615375784,0.018428526364448593,0.010551688056893466,0.027026453793684884,0.07317073170731707,0.0,0.17073170731707318,False
mediation_aware_recourse,False,3.0,0.5,2.0,41,0.022289272488617316,0.012660794743768326,0.032791723565357485,0.009872389275853226,0.004210260201518128,0.017294084226212852,0.07148538711594372,0.06553991217075325,0.07805625850834497,0.2761743149561126,0.26090388234659306,0.29066938198875725,0.20853914720256153,0.2035011706192319,0.21340206717936006,0.3436931880508981,0.3272855624011377,0.35970137991556306,0.3384408594631567,0.3215586784954478,0.3530403293487502,0.5609756097560976,0.4146341463414634,0.7073170731707317,0.015282027023950095,0.009714922297311187,0.02125729985293621,0.011082776544679152,0.00676288507720878,0.015475709615375784,0.018428526364448593,0.010551688056893466,0.027026453793684884,0.07317073170731707,0.0,0.17073170731707318,False
mediation_aware_recourse,False,3.0,0.6140645009513089,2.0,41,0.021414068232222302,0.01194216747109483,0.03176505690122522,0.009964889142571426,0.004290300607681275,0.017385822589077598,0.07136443548086213,0.0654029506917407,0.07793833066414041,0.2765039133771164,0.2611172502224402,0.29100329379392104,0.20853914720256153,0.2035011706192319,0.21340206717936006,0.3436931880508981,0.3272855624011377,0.35970137991556306,0.33871332174394186,0.3218090344129539,0.3533144345007292,0.5365853658536586,0.3902439024390244,0.6829268292682927,0.014489278461401356,0.008882349012865378,0.020670485963964973,0.010290027982130412,0.005974927835949264,0.01449439408977765,0.01755332210805358,0.009671369224514175,0.026201908319915937,0.04878048780487805,0.0,0.12195121951219512,True
mediation_aware_recourse,False,3.0,1.0,2.0,41,0.02089879307441595,0.0117829377603967,0.030889852644830212,0.010097550182807736,0.0044223417959562165,0.017481217497005694,0.07109055213811921,0.06526746566339237,0.07771800565646915,0.2766789333304254,0.261392197283212,0.29129171468680953,0.20853914720256153,0.2035011706192319,0.21340206717936006,0.3436931880508981,0.3272855624011377,0.35970137991556306,0.338844367643682,0.32200418676181536,0.35340116456514453,0.5365853658536586,0.3902439024390244,0.6829268292682927,0.01410799100998783,0.008523862539264081,0.02023765467943934,0.009908740530716886,0.005869643296312774,0.014129059648346548,0.01703804695024723,0.009316554701909787,0.025123351948653776,0.04878048780487805,0.0,0.12195121951219512,False
mediation_aware_recourse,False,3.0,2.0,2.0,41,0.0203835179166096,0.010756271096264444,0.030527270819264943,0.01025608908839342,0.004608460243155316,0.01758698424914988,0.07091003002190008,0.06512928779532269,0.07752253867504073,0.27686523655202333,0.26163343816268736,0.29130725018770953,0.20853914720256153,0.2035011706192319,0.21340206717936006,0.3436931880508981,0.3272855624011377,0.35970137991556306,0.3390029065492677,0.3219932552881357,0.3535747714158965,0.5365853658536586,0.3902439024390244,0.6829268292682927,0.013646710684693142,0.008167964283806995,0.019681522746022518,0.009447460205422198,0.005280996588043316,0.013685513187426699,0.01652277179244088,0.008801279544103436,0.024604193139366987,0.04878048780487805,0.0,0.12195121951219512,False
mediation_aware_recourse,False,3.0,5.0,2.0,41,0.017447213028989186,0.00992907289551889,0.026560415616031827,0.011386909862843955,0.004982008603287906,0.02037070369938524,0.07058022734595508,0.06474695703605327,0.07724321853460335,0.27726056272300276,0.26210546414254277,0.29133615213923336,0.20853914720256153,0.2035011706192319,0.21340206717936006,0.3436931880508981,0.3272855624011377,0.35970137991556306,0.3397622806269948,0.3224926699588938,0.3541610334886283,0.4878048780487805,0.34146341463414637,0.6341463414634146,0.011437257299731995,0.006706009984579456,0.01696041369453414,0.0072380068204610515,0.0036598922445437165,0.01110806410964246,0.013586466904820465,0.007410800129902072,0.021001150686202976,0.0,0.0,0.0,False
transport_anchor_only,False,10.0,0.0,2.0,41,0.05641460327840433,0.03283565527327904,0.08308131954428262,0.006113554646329182,0.002155836308147849,0.011300054719535315,0.07233055699162366,0.06648473819581474,0.07876685476157723,0.2720364188639129,0.25761748682480395,0.28579562564675765,0.20853914720256153,0.2035011706192319,0.21340206717936006,0.3436931880508981,0.3272855624011377,0.35970137991556306,0.3350944002953971,0.31864322967282155,0.34889392213123605,0.7073170731707317,0.5609756097560976,0.8292682926829268,0.02501879017231956,0.016893914253271355,0.03428450621589108,0.006871674015987761,0.0036489980351838815,0.010112679734704344,0.0221831635912744,0.010755040260349832,0.0346457209733383,0.14634146341463414,0.04878048780487805,0.2682926829268293,False
mediation_aware_recourse,False,10.0,0.5,2.0,41,0.05641460327840433,0.03283565527327904,0.08308131954428262,0.006113554646329182,0.002155836308147849,0.011300054719535315,0.07233055699162366,0.06648473819581474,0.07876685476157723,0.2720364188639129,0.25761748682480395,0.28579562564675765,0.20853914720256153,0.2035011706192319,0.21340206717936006,0.3436931880508981,0.3272855624011377,0.35970137991556306,0.3350944002953971,0.31864322967282155,0.34889392213123605,0.7073170731707317,0.5609756097560976,0.8292682926829268,0.02501879017231956,0.016893914253271355,0.03428450621589108,0.006871674015987761,0.0036489980351838815,0.010112679734704344,0.0221831635912744,0.010755040260349832,0.0346457209733383,0.14634146341463414,0.04878048780487805,0.2682926829268293,False
mediation_aware_recourse,False,10.0,0.6140645009513089,2.0,41,0.05641460327840433,0.03283565527327904,0.08308131954428262,0.006113554646329182,0.002155836308147849,0.011300054719535315,0.07233055699162366,0.06648473819581474,0.07876685476157723,0.2720364188639129,0.25761748682480395,0.28579562564675765,0.20853914720256153,0.2035011706192319,0.21340206717936006,0.3436931880508981,0.3272855624011377,0.35970137991556306,0.3350944002953971,0.31864322967282155,0.34889392213123605,0.7073170731707317,0.5609756097560976,0.8292682926829268,0.02501879017231956,0.016893914253271355,0.03428450621589108,0.006871674015987761,0.0036489980351838815,0.010112679734704344,0.0221831635912744,0.010755040260349832,0.0346457209733383,0.14634146341463414,0.04878048780487805,0.2682926829268293,True
mediation_aware_recourse,False,10.0,1.0,2.0,41,0.055694745081227,0.03221815433126034,0.08237382824782553,0.006203274901320294,0.0022594813166595088,0.011310041932071125,0.07222369676683008,0.06648275325211082,0.07864008544058335,0.2719933690457809,0.25772604279492684,0.28564056118314224,0.20853914720256153,0.2035011706192319,0.21340206717936006,0.3436931880508981,0.3272855624011377,0.35970137991556306,0.33518250540989203,0.31872376841379374,0.34892620271662383,0.7073170731707317,0.5609756097560976,0.8292682926829268,0.02476244201775013,0.016747731417756682,0.03413916699508413,0.006615325861418331,0.0034356408085919055,0.010001857131252827,0.021463305394097073,0.01008564996782963,0.033718817890053834,0.14634146341463414,0.04878048780487805,0.2682926829268293,False
mediation_aware_recourse,False,10.0,2.0,2.0,41,0.05409968253679392,0.03092743885226366,0.08067796224183062,0.006302560248026033,0.002353835178584587,0.011456399992471788,0.07185063274895273,0.06597588527493362,0.07830181252665636,0.2725742422044277,0.2582824604472191,0.28638739640165756,0.20853914720256153,0.2035011706192319,0.21340206717936006,0.3436931880508981,0.3272855624011377,0.35970137991556306,0.3355081880964884,0.3190875247847743,0.3497322328933855,0.6585365853658537,0.5121951219512195,0.8048780487804879,0.023814844864477047,0.015377079966748253,0.033088002610638004,0.005667728708145248,0.002800288367821366,0.008663277460061847,0.01986824284966399,0.009159977718188269,0.03212233353860495,0.0975609756097561,0.024390243902439025,0.1951219512195122,False
mediation_aware_recourse,False,10.0,5.0,2.0,41,0.05023893632176446,0.027791665321806585,0.07614024867553536,0.006697776840954292,0.0027123837209329375,0.0118904453952138,0.07153342773274678,0.0655793230162888,0.07802018021664969,0.2730320512158115,0.25862126338590935,0.2870213030201451,0.20853914720256153,0.2035011706192319,0.21340206717936006,0.3436931880508981,0.3272855624011377,0.35970137991556306,0.3361451771201157,0.31955575277892556,0.3502631022254141,0.5853658536585366,0.43902439024390244,0.7317073170731707,0.021961479578887055,0.013913539738352979,0.03128664654066429,0.003814363422555256,0.0013063494748692978,0.0067445372452910055,0.01600749663463453,0.006688289205748134,0.02794966410572936,0.024390243902439025,0.0,0.07317073170731707,False
transport_anchor_only,False,30.0,0.0,2.0,41,0.16879306560972843,0.06480615555376905,0.29253678180322773,0.0008944338414727188,0.00026751927486280116,0.0017631687223911285,0.07312781272864924,0.06770355116303374,0.07930860662969147,0.26652136690369466,0.2525698143171101,0.2807437124503095,0.20853914720256153,0.2035011706192319,0.21340206717936006,0.3436931880508981,0.3272855624011377,0.35970137991556306,0.32979220369967016,0.3142699661414798,0.3443825129510426,0.7804878048780488,0.6585365853658537,0.9024390243902439,0.0404459117448942,0.02312505376643036,0.06169774719785687,0.0012561332399445568,0.0,0.003415614674016794,0.008032184094190598,0.0,0.024611827440378143,0.024390243902439025,0.0,0.07317073170731707,False
mediation_aware_recourse,False,30.0,0.5,2.0,41,0.16879306560972843,0.06480615555376905,0.29253678180322773,0.0008944338414727188,0.00026751927486280116,0.0017631687223911285,0.07312781272864924,0.06770355116303374,0.07930860662969147,0.26652136690369466,0.2525698143171101,0.2807437124503095,0.20853914720256153,0.2035011706192319,0.21340206717936006,0.3436931880508981,0.3272855624011377,0.35970137991556306,0.32979220369967016,0.3142699661414798,0.3443825129510426,0.7804878048780488,0.6585365853658537,0.9024390243902439,0.0404459117448942,0.02312505376643036,0.06169774719785687,0.0012561332399445568,0.0,0.003415614674016794,0.008032184094190598,0.0,0.024611827440378143,0.024390243902439025,0.0,0.07317073170731707,False
mediation_aware_recourse,False,30.0,0.6140645009513089,2.0,41,0.16879306560972843,0.06480615555376905,0.29253678180322773,0.0008944338414727188,0.00026751927486280116,0.0017631687223911285,0.07312781272864924,0.06770355116303374,0.07930860662969147,0.26652136690369466,0.2525698143171101,0.2807437124503095,0.20853914720256153,0.2035011706192319,0.21340206717936006,0.3436931880508981,0.3272855624011377,0.35970137991556306,0.32979220369967016,0.3142699661414798,0.3443825129510426,0.7804878048780488,0.6585365853658537,0.9024390243902439,0.0404459117448942,0.02312505376643036,0.06169774719785687,0.0012561332399445568,0.0,0.003415614674016794,0.008032184094190598,0.0,0.024611827440378143,0.024390243902439025,0.0,0.07317073170731707,True
mediation_aware_recourse,False,30.0,1.0,2.0,41,0.16915299470831707,0.06496188201737113,0.2928877126743517,0.0008944338414727188,0.00026751927486280116,0.0017631687223911285,0.07306968075473134,0.0675887929411923,0.07927624595964827,0.2663700845001674,0.2525058054297072,0.28034288759184317,0.20853914720256153,0.2035011706192319,0.21340206717936006,0.3436931880508981,0.3272855624011377,0.35970137991556306,0.329790588559174,0.31426992576296736,0.3443808170535215,0.7804878048780488,0.6585365853658537,0.9024390243902439,0.040450611112098245,0.023129807596994185,0.06169774719785687,0.0012608326071485987,0.0,0.0034182725312132916,0.008392113192779263,0.0,0.025189221457282935,0.024390243902439025,0.0,0.07317073170731707,False
mediation_aware_recourse,False,30.0,2.0,2.0,41,0.16915299470831707,0.06496188201737113,0.2928877126743517,0.0008944338414727188,0.00026751927486280116,0.0017631687223911285,0.07306968075473134,0.0675887929411923,0.07927624595964827,0.2663700845001674,0.2525058054297072,0.28034288759184317,0.20853914720256153,0.2035011706192319,0.21340206717936006,0.3436931880508981,0.3272855624011377,0.35970137991556306,0.329790588559174,0.31426992576296736,0.3443808170535215,0.7804878048780488,0.6585365853658537,0.9024390243902439,0.040450611112098245,0.023129807596994185,0.06169774719785687,0.0012608326071485987,0.0,0.0034182725312132916,0.008392113192779263,0.0,0.025189221457282935,0.024390243902439025,0.0,0.07317073170731707,False
mediation_aware_recourse,False,30.0,5.0,2.0,41,0.16271587306769883,0.06549756138290211,0.2797277334259777,0.001135789039658337,0.0002948075714634686,0.0021652121732874613,0.07300475239753723,0.06750001282226749,0.07922192626610035,0.2660952789209238,0.25233105556448787,0.279999353859301,0.20853914720256153,0.2035011706192319,0.21340206717936006,0.3436931880508981,0.3272855624011377,0.35970137991556306,0.3300205672659525,0.31426146475643646,0.34461834661480856,0.7804878048780488,0.6585365853658537,0.9024390243902439,0.03978147155747758,0.02296177620988362,0.060853519839203334,0.0005916930525279307,-1.9601702805369102e-05,0.0017394836119313884,0.0019549915521610076,0.00051527515780635,0.003705400064951036,0.024390243902439025,0.0,0.07317073170731707,False
transport_anchor_only,False,0.0,0.0,5.0,41,0.04812096386421018,0.04632131837126685,0.04956068025856483,0.011270421307261398,0.004172605784927927,0.020760945993952635,0.07883708215341335,0.07141814695262327,0.08679802156076198,0.2656827083811527,0.24943156571967937,0.28082548144114455,0.20853914720256153,0.2035011706192319,0.21340206717936006,0.3436931880508981,0.3272855624011377,0.35970137991556306,0.3325575095851247,0.3146052506638736,0.34819895863169575,0.6585365853658537,0.5121951219512195,0.8048780487804879,0.03240005578499949,0.028775925350770143,0.036331553925835654,0.03240005578499949,0.029071462109746968,0.036738867765577235,0.04812096386421018,0.04632131837126685,0.04956068025856483,0.17073170731707318,0.07317073170731707,0.2926829268292683,False
mediation_aware_recourse,False,0.0,0.5,5.0,41,0.04776103476562151,0.04596138927267819,0.04956068025856483,0.011270421307261398,0.004172605784927927,0.020760945993952635,0.07873916189845015,0.07137314788088565,0.08653073630681851,0.2657635026588673,0.2494335855766222,0.28098303028268784,0.20853914720256153,0.2035011706192319,0.21340206717936006,0.3436931880508981,0.3272855624011377,0.35970137991556306,0.3326191698632589,0.3146052506638736,0.3483793149452384,0.6585365853658537,0.5121951219512195,0.8048780487804879,0.03222065077996028,0.028507338884146263,0.03633006637453573,0.03222065077996028,0.02876879794734283,0.03659091117953361,0.04776103476562151,0.04596138927267819,0.04956068025856483,0.17073170731707318,0.07317073170731707,0.2926829268292683,False
mediation_aware_recourse,False,0.0,0.6140645009513089,5.0,41,0.04776103476562151,0.04596138927267819,0.04956068025856483,0.011270421307261398,0.004172605784927927,0.020760945993952635,0.07873916189845015,0.07137314788088565,0.08653073630681851,0.2657635026588673,0.2494335855766222,0.28098303028268784,0.20853914720256153,0.2035011706192319,0.21340206717936006,0.3436931880508981,0.3272855624011377,0.35970137991556306,0.3326191698632589,0.3146052506638736,0.3483793149452384,0.6585365853658537,0.5121951219512195,0.8048780487804879,0.03222065077996028,0.028507338884146263,0.03633006637453573,0.03222065077996028,0.02876879794734283,0.03659091117953361,0.04776103476562151,0.04596138927267819,0.04956068025856483,0.17073170731707318,0.07317073170731707,0.2926829268292683,True
mediation_aware_recourse,False,0.0,1.0,5.0,41,0.045601460174089524,0.043441885582557536,0.04776103476562151,0.011270421307261398,0.004172605784927927,0.020760945993952635,0.07778037466653963,0.07081797828034657,0.08538893290409227,0.2663686874254448,0.2503865503501601,0.2813699488528073,0.20853914720256153,0.2035011706192319,0.21340206717936006,0.3436931880508981,0.3272855624011377,0.35970137991556306,0.33285468962134385,0.31484397778787265,0.3486433263595511,0.6585365853658537,0.5121951219512195,0.8048780487804879,0.03153538913884191,0.02774570012644862,0.035787376436562816,0.03153538913884191,0.02816509069666081,0.03604586594912278,0.045601460174089524,0.043441885582557536,0.04776103476562151,0.17073170731707318,0.07317073170731707,0.2926829268292683,False
mediation_aware_recourse,False,0.0,2.0,5.0,41,0.04050558069493712,0.03540847029128089,0.04493083895706549,0.011320151933809607,0.004173849050591632,0.02088665938595446,0.07549946991408743,0.06907071393074059,0.08280026807290752,0.26815639372642447,0.25240376813382637,0.28342008231116866,0.20853914720256153,0.2035011706192319,0.21340206717936006,0.3436931880508981,0.3272855624011377,0.35970137991556306,0.3338190578832859,0.315602681549584,0.3499317408698361,0.6585365853658537,0.5121951219512195,0.8048780487804879,0.028729490460980278,0.023862462975495664,0.03392693184280006,0.028729490460980278,0.024253128303708165,0.03422710377151047,0.04050558069493712,0.03540847029128089,0.04493083895706549,0.17073170731707318,0.07317073170731707,0.2926829268292683,False
mediation_aware_recourse,False,0.0,5.0,5.0,41,0.02259232948829488,0.016825828792118445,0.02892457324693479,0.011818052065081713,0.004736468795596099,0.021260560558336538,0.07095360029034498,0.06519212448378889,0.077477207616335,0.27463591080613253,0.2597027604513597,0.28863912542555026,0.20853914720256153,0.2035011706192319,0.21340206717936006,0.3436931880508981,0.3272855624011377,0.35970137991556306,0.33807003061945845,0.3204281908164664,0.35347345932954694,0.5853658536585366,0.43902439024390244,0.7317073170731707,0.016360980161780003,0.010994285818356939,0.02175888483218576,0.016360980161780003,0.01130272485511663,0.022226159679926975,0.02259232948829488,0.016825828792118445,0.02892457324693479,0.0975609756097561,0.024390243902439025,0.1951219512195122,False
transport_anchor_only,False,1.0,0.0,5.0,41,0.04848089296279884,0.04668124746985552,0.0499206093571535,0.011111844603608294,0.003935845759583683,0.020760945993952635,0.07891200155746646,0.0714350267336136,0.08680248545800767,0.26562249387909725,0.2493713512176239,0.2807648820007538,0.20853914720256153,0.2035011706192319,0.21340206717936006,0.3436931880508981,0.3272855624011377,0.35970137991556306,0.3323989328814716,0.3144800161079663,0.34803245309286,0.6585365853658537,0.5121951219512195,0.8048780487804879,0.032861446086484336,0.029430661586165988,0.036732553610629486,0.032861446086484336,0.029703801664295763,0.037021656839423066,0.04848089296279884,0.04668124746985552,0.0499206093571535,0.17073170731707318,0.07317073170731707,0.2926829268292683,False
mediation_aware_recourse,False,1.0,0.5,5.0,41,0.04812096386421018,0.04632131837126685,0.04956068025856483,0.011111844603608294,0.003935845759583683,0.020760945993952635,0.07881408130250327,0.0714350267336136,0.08661155077378924,0.26570328815681177,0.24937337107456675,0.2809243211431838,0.20853914720256153,0.2035011706192319,0.21340206717936006,0.3436931880508981,0.3272855624011377,0.35970137991556306,0.3324605931596058,0.3144800161079663,0.3480398060708511,0.6585365853658537,0.5121951219512195,0.8048780487804879,0.03268204108144512,0.029180400794240023,0.03659312084657684,0.03268204108144512,0.02938961251927456,0.036871630675058505,0.04812096386421018,0.04632131837126685,0.04956068025856483,0.17073170731707318,0.07317073170731707,0.2926829268292683,False
mediation_aware_recourse,False,1.0,0.6140645009513089,5.0,41,0.04812096386421018,0.04632131837126685,0.04956068025856483,0.011111844603608294,0.003935845759583683,0.020760945993952635,0.07881408130250327,0.0714350267336136,0.08661155077378924,0.26570328815681177,0.24937337107456675,0.2809243211431838,0.20853914720256153,0.2035011706192319,0.21340206717936006,0.3436931880508981,0.3272855624011377,0.35970137991556306,0.3324605931596058,0.3144800161079663,0.3480398060708511,0.6585365853658537,0.5121951219512195,0.8048780487804879,0.03268204108144512,0.029180400794240023,0.03659312084657684,0.03268204108144512,0.02938961251927456,0.036871630675058505,0.04812096386421018,0.04632131837126685,0.04956068025856483,0.17073170731707318,0.07317073170731707,0.2926829268292683,True
mediation_aware_recourse,False,1.0,1.0,5.0,41,0.04596138927267819,0.0438018146811462,0.04812096386421018,0.011111844603608294,0.003935845759583683,0.020760945993952635,0.07785529407059275,0.07084234907496267,0.08553778750867377,0.26630847292338927,0.2503865503501601,0.28124951984869634,0.20853914720256153,0.2035011706192319,0.21340206717936006,0.3436931880508981,0.3272855624011377,0.35970137991556306,0.33269611291769075,0.3147192577945023,0.3482232194484734,0.6585365853658537,0.5121951219512195,0.8048780487804879,0.03199677944032686,0.028482872472228415,0.03605031062226914,0.03199677944032686,0.028889881941027852,0.036333686580112254,0.04596138927267819,0.0438018146811462,0.04812096386421018,0.17073170731707318,0.07317073170731707,0.2926829268292683,False
mediation_aware_recourse,False,1.0,2.0,5.0,41,0.04086550979352579,0.03566850362709019,0.045602691098593356,0.011270421307261398,0.004172605784927927,0.020760945993952635,0.07552375807994749,0.06909505234258931,0.08280087527705403,0.26807865018888216,0.25238296032951374,0.28334233877362636,0.20853914720256153,0.2035011706192319,0.21340206717936006,0.3436931880508981,0.3272855624011377,0.35970137991556306,0.3338063366529418,0.3156020454880668,0.3498938952095625,0.6585365853658537,0.5121951219512195,0.8048780487804879,0.028766503793762,0.023862609639710177,0.033933178873277334,0.028766503793762,0.024295483034728803,0.0342281872968806,0.04086550979352579,0.03566850362709019,0.045602691098593356,0.17073170731707318,0.07317073170731707,0.2926829268292683,False
mediation_aware_recourse,False,1.0,5.0,5.0,41,0.023467533744689895,0.01749645000914248,0.029850436285955875,0.011647361080820968,0.0044353768774649,0.02108986957407579,0.07111106340478106,0.06533239276670828,0.07774246376825542,0.2743063131120147,0.258974538997906,0.28863912542555026,0.20853914720256153,0.2035011706192319,0.21340206717936006,0.3436931880508981,0.3272855624011377,0.35970137991556306,0.3378993396351977,0.32018525289689626,0.3531980579219213,0.5853658536585366,0.43902439024390244,0.7317073170731707,0.01685761783222306,0.011440879672062334,0.022361632884728807,0.01685761783222306,0.011659487035924246,0.0228660778088181,0.023467533744689895,0.01749645000914248,0.029850436285955875,0.0975609756097561,0.024390243902439025,0.1951219512195122,False
transport_anchor_only,False,3.0,0.0,5.0,41,0.053732118592029664,0.04812096386421018,0.06196888617989493,0.009582085580360599,0.0039047451099244557,0.016925136308844495,0.07903668865924929,0.0716847655249805,0.0868276491579486,0.26496596616215823,0.2488940295399871,0.2801319902853631,0.20853914720256153,0.2035011706192319,0.21340206717936006,0.3436931880508981,0.3272855624011377,0.35970137991556306,0.33169639692073916,0.31385857092171177,0.3469655998414609,0.6585365853658537,0.5121951219512195,0.8048780487804879,0.03490552489036336,0.030263770989024268,0.04013376831991301,0.030706274411092416,0.026705996501741696,0.035688250057741185,0.04987137246786094,0.04457090994706605,0.05579445023634812,0.17073170731707318,0.07317073170731707,0.2926829268292683,False
mediation_aware_recourse,False,3.0,0.5,5.0,41,0.053372189493441,0.04776103476562151,0.06160895699271705,0.009582085580360599,0.0039047451099244557,0.016925136308844495,0.07893876840428608,0.07158466661121787,0.08672972890298541,0.26504676043987274,0.2489748238177016,0.280134010142306,0.20853914720256153,0.2035011706192319,0.21340206717936006,0.3436931880508981,0.3272855624011377,0.35970137991556306,0.33175805719887336,0.31385857092171177,0.346970224362321,0.6585365853658537,0.5121951219512195,0.8048780487804879,0.03472611988532415,0.030028696433477046,0.04005707875059902,0.030526869406053203,0.026484680746576013,0.03556192250593921,0.04951144336927228,0.04425898681780914,0.05512648183716143,0.17073170731707318,0.07317073170731707,0.2926829268292683,False
mediation_aware_recourse,False,3.0,0.6140645009513089,5.0,41,0.053372189493441,0.04776103476562151,0.06160895699271705,0.009582085580360599,0.0039047451099244557,0.016925136308844495,0.07893876840428608,0.07158466661121787,0.08672972890298541,0.26504676043987274,0.2489748238177016,0.280134010142306,0.20853914720256153,0.2035011706192319,0.21340206717936006,0.3436931880508981,0.3272855624011377,0.35970137991556306,0.33175805719887336,0.31385857092171177,0.346970224362321,0.6585365853658537,0.5121951219512195,0.8048780487804879,0.03472611988532415,0.030028696433477046,0.04005707875059902,0.030526869406053203,0.026484680746576013,0.03556192250593921,0.04951144336927228,0.04425898681780914,0.05512648183716143,0.17073170731707318,0.07317073170731707,0.2926829268292683,True
mediation_aware_recourse,False,3.0,1.0,5.0,41,0.051212614901909016,0.04524153107550086,0.05981196422447882,0.009582085580360599,0.0039047451099244557,0.016925136308844495,0.07797998117237556,0.07096624494325823,0.08558157636988455,0.26565194520645025,0.24980521780416007,0.2806745040503035,0.20853914720256153,0.2035011706192319,0.21340206717936006,0.3436931880508981,0.3272855624011377,0.35970137991556306,0.3319935769569583,0.3143625726423613,0.34733119239894356,0.6585365853658537,0.5121951219512195,0.8048780487804879,0.034040858244205774,0.029272082268341913,0.03930821810354674,0.02984160776493483,0.02585656379450168,0.035043094845366225,0.047351868777740294,0.04204875344365108,0.053324183614969975,0.17073170731707318,0.07317073170731707,0.2926829268292683,False
mediation_aware_recourse,False,3.0,2.0,5.0,41,0.04647666452134528,0.03855058914277612,0.05651573041544818,0.009582085580360599,0.0039047451099244557,0.016925136308844495,0.07572336458578342,0.06934549310585347,0.08299473247876982,0.2673619079698877,0.25192266061175156,0.28209104731042933,0.20853914720256153,0.2035011706192319,0.21340206717936006,0.3436931880508981,0.3272855624011377,0.35970137991556306,0.3329452239885563,0.31494339101198243,0.34864891640296797,0.6585365853658537,0.5121951219512195,0.8048780487804879,0.031271972899125644,0.025342637352366783,0.037343436431497665,0.0270727224198547,0.022490257408799334,0.03293803801096261,0.04261591839717656,0.036125675763753126,0.050182064768017794,0.17073170731707318,0.07317073170731707,0.2926829268292683,False
mediation_aware_recourse,False,3.0,5.0,5.0,41,0.03067375092608173,0.021249856132014498,0.04189729130395302,0.009742227269382012,0.004066746500207157,0.017104584233063023,0.07156733986808032,0.06567368670934584,0.07807301359205711,0.2730727203008605,0.2582220228956785,0.2877726104723789,0.20853914720256153,0.2035011706192319,0.21340206717936006,0.3436931880508981,0.3272855624011377,0.35970137991556306,0.336843135153375,0.31925001137140324,0.3520588081602643,0.6097560975609756,0.4634146341463415,0.7560975609756098,0.019930720583582473,0.013547789036885851,0.02687372990926163,0.01573147010431153,0.010457186550484282,0.021293334983852576,0.026813004801913006,0.01852700041561592,0.03511066032210137,0.12195121951219512,0.024390243902439025,0.21951219512195122,False
transport_anchor_only,False,10.0,0.0,5.0,41,0.09341936749292583,0.07184095461512122,0.1157706268268024,0.0056381974278426755,0.0018782238771275776,0.010729497525750135,0.07992637302817368,0.07250362776401566,0.08775805747363626,0.2606269326515314,0.24550064590918583,0.2748179193517965,0.20853914720256153,0.2035011706192319,0.21340206717936006,0.3436931880508981,0.3272855624011377,0.35970137991556306,0.32831110968822386,0.31077520333048775,0.34298433694170744,0.7317073170731707,0.5853658536585366,0.8536585365853658,0.04475526108011274,0.03849477940754562,0.05207990112640375,0.02660814492378094,0.02225379849569608,0.03188521745311753,0.059187927805795904,0.04791515035463906,0.07166848173137844,0.17073170731707318,0.07317073170731707,0.2926829268292683,False
mediation_aware_recourse,False,10.0,0.5,5.0,41,0.09043382562515212,0.06937845574192157,0.11333703801217603,0.00574395569359384,0.001983982142878742,0.01074621032287435,0.07951377731997793,0.0722559013381237,0.08737229728480664,0.2610307328584718,0.2459005674915161,0.2751421352939271,0.20853914720256153,0.2035011706192319,0.21340206717936006,0.3436931880508981,0.3272855624011377,0.35970137991556306,0.32847852823210927,0.3109841782327106,0.3432118742567737,0.7317073170731707,0.5853658536585366,0.8536585365853658,0.04426814480982866,0.03776213445019156,0.05179521015351488,0.02612102865349686,0.021673901900872983,0.031565576224621035,0.056202385938022195,0.04533877447474657,0.067787277226041,0.17073170731707318,0.07317073170731707,0.2926829268292683,False
mediation_aware_recourse,False,10.0,0.6140645009513089,5.0,41,0.09043382562515212,0.06937845574192157,0.11333703801217603,0.00574395569359384,0.001983982142878742,0.01074621032287435,0.07951377731997793,0.0722559013381237,0.08737229728480664,0.2610307328584718,0.2459005674915161,0.2751421352939271,0.20853914720256153,0.2035011706192319,0.21340206717936006,0.3436931880508981,0.3272855624011377,0.35970137991556306,0.32847852823210927,0.3109841782327106,0.3432118742567737,0.7317073170731707,0.5853658536585366,0.8536585365853658,0.04426814480982866,0.03776213445019156,0.05179521015351488,0.02612102865349686,0.021673901900872983,0.031565576224621035,0.056202385938022195,0.04533877447474657,0.067787277226041,0.17073170731707318,0.07317073170731707,0.2926829268292683,True
mediation_aware_recourse,False,10.0,1.0,5.0,41,0.08719446373785414,0.0656705936598705,0.11108533444291933,0.0058290311476079425,0.0020526216887846224,0.01080570210043977,0.07848413179560405,0.07158168514327305,0.08600353820294869,0.26169536935120097,0.24680696547303985,0.27571334790938146,0.20853914720256153,0.2035011706192319,0.21340206717936006,0.3436931880508981,0.3272855624011377,0.35970137991556306,0.3288733464915578,0.31137466648729833,0.34375983542058525,0.7073170731707317,0.5609756097560976,0.8536585365853658,0.04311939274497811,0.03647840397907473,0.050826955518160764,0.024972276588646314,0.020301006475027725,0.030570432918804062,0.052963024050724214,0.04143746644939955,0.06500508747540595,0.14634146341463414,0.024390243902439025,0.2682926829268293,False
mediation_aware_recourse,False,10.0,2.0,5.0,41,0.0824585133572904,0.0598532433826022,0.1081619123110502,0.0058290311476079425,0.0020526216887846224,0.01080570210043977,0.07622751520901191,0.06990703900412816,0.08349149643284519,0.26340533211463835,0.24910512933871007,0.2776091603630382,0.20853914720256153,0.2035011706192319,0.21340206717936006,0.3436931880508981,0.3272855624011377,0.35970137991556306,0.32982499352315575,0.31233563777513623,0.3450992049967371,0.7073170731707317,0.5609756097560976,0.8536585365853658,0.040350507399898095,0.03259866738342007,0.04869873667853661,0.022203391243566295,0.01716433791397936,0.028452357097223303,0.04822707367016048,0.0355071353226355,0.06124902880273578,0.14634146341463414,0.024390243902439025,0.2682926829268293,False
mediation_aware_recourse,False,10.0,5.0,5.0,41,0.06861059104160565,0.04354035999262478,0.09528630484213552,0.005742436502037979,0.00197208252985303,0.010762428474135517,0.0723321234307638,0.06649565962029666,0.07855514527820959,0.26872733962245104,0.2545410703754098,0.28209928124688743,0.20853914720256153,0.2035011706192319,0.21340206717936006,0.3436931880508981,0.3272855624011377,0.35970137991556306,0.333222797004188,0.31634668151779877,0.3476378115575488,0.7317073170731707,0.5853658536585366,0.8536585365853658,0.03046435428670624,0.021467866076110266,0.04011042477223528,0.012317238130374442,0.007546853032706222,0.017948673652457742,0.034379151354475716,0.021713241673551684,0.04910227792882701,0.17073170731707318,0.07317073170731707,0.2926829268292683,False
transport_anchor_only,False,30.0,0.0,5.0,41,0.21440213709706213,0.1111255736726268,0.3373363369212645,0.000549807781126441,0.00015198548392551702,0.0010354901050649038,0.0811179040408716,0.07401909175805929,0.08872031823890965,0.2543224964018275,0.24013933620256622,0.26835293822081346,0.20853914720256153,0.2035011706192319,0.21340206717936006,0.3436931880508981,0.3272855624011377,0.35970137991556306,0.3229613514935098,0.3065098109586937,0.3385478804387697,0.8292682926829268,0.7073170731707317,0.926829268292683,0.060320766538783155,0.0447920767133895,0.07926709275776662,0.02113098803383351,0.015657877421884247,0.02743340041407887,0.053641255581524314,0.03473594832665673,0.07934201226637856,0.07317073170731707,0.0,0.17073170731707318,False
mediation_aware_recourse,False,30.0,0.5,5.0,41,0.21404220799847348,0.11101648699174203,0.33697640782267585,0.000549807781126441,0.00015198548392551702,0.0010354901050649038,0.0810199837859084,0.073924221098423,0.08855783217927304,0.25440329067954204,0.2401413560595091,0.2684088167211995,0.20853914720256153,0.2035011706192319,0.21340206717936006,0.3436931880508981,0.3272855624011377,0.35970137991556306,0.32302301177164405,0.3065098109586937,0.33869593808563747,0.8292682926829268,0.7073170731707317,0.926829268292683,0.06014136153374372,0.04454830874786264,0.07923112931423686,0.020951583028794074,0.01547091801170788,0.02734194800615577,0.05328132648293565,0.0343775759292085,0.07933301403891387,0.07317073170731707,0.0,0.17073170731707318,False
mediation_aware_recourse,False,30.0,0.6140645009513089,5.0,41,0.2139853495286732,0.11101648699174203,0.3366963798589096,0.0005349422373422762,0.00014539778959460375,0.0010098088078382538,0.0808153559521931,0.07363123564821918,0.08834403217202279,0.25452746805257914,0.24026557506039375,0.26841502558985136,0.20853914720256153,0.2035011706192319,0.21340206717936006,0.3436931880508981,0.3272855624011377,0.35970137991556306,0.3230081462278599,0.30650943932009905,0.3386665786366637,0.8292682926829268,0.7073170731707317,0.926829268292683,0.0601846139003922,0.044601476622805156,0.07931737152634741,0.020994835395442557,0.015543164945400267,0.027388591342540635,0.0532244680131354,0.03437015277265412,0.0792761555691136,0.07317073170731707,0.0,0.17073170731707318,True
mediation_aware_recourse,False,30.0,1.0,5.0,41,0.21182577493714122,0.10814605243049744,0.3349057325934309,0.0005349422373422762,0.00014539778959460375,0.0010098088078382538,0.07985656872028257,0.0731023709585027,0.08715240542845028,0.25513265281915665,0.24095564836681616,0.26891994042912637,0.20853914720256153,0.2035011706192319,0.21340206717936006,0.3436931880508981,0.3272855624011377,0.35970137991556306,0.3232436659859448,0.30658287776679527,0.3390060293420059,0.8292682926829268,0.7073170731707317,0.926829268292683,0.05949935225927405,0.044037947764017565,0.07919649064339607,0.020309573754324406,0.015119252724171736,0.026665296582171847,0.05106489342160341,0.03150714162691701,0.07762795193120837,0.07317073170731707,0.0,0.17073170731707318,False
mediation_aware_recourse,False,30.0,2.0,5.0,41,0.2048241406133989,0.10040955296149705,0.32968673327165404,0.000541084423297789,0.00015664256927443716,0.0010048742519646156,0.07732325719624031,0.07090112205322197,0.08449180796742439,0.25735159581754263,0.24341152811468372,0.27199349020176183,0.20853914720256153,0.2035011706192319,0.21340206717936006,0.3436931880508981,0.3272855624011377,0.35970137991556306,0.32423185357233375,0.30792316999740715,0.34007986008030616,0.8048780487804879,0.6829268292682927,0.926829268292683,0.05662414954724759,0.04019590417370771,0.07683513315516852,0.017434371042297947,0.011918173064871076,0.024427978750491904,0.04406325909786108,0.024495622122705712,0.07222760250201313,0.04878048780487805,0.0,0.12195121951219512,False
mediation_aware_recourse,False,30.0,5.0,5.0,41,0.17789740288039532,0.075001109221087,0.3011701863690665,0.0008728220695402565,0.0002477783437182264,0.00173626076884386,0.07305528768678991,0.06762366509292184,0.07921358170669253,0.26327647750334043,0.24994142602038819,0.2775622307163913,0.20853914720256153,0.2035011706192319,0.21340206717936006,0.3436931880508981,0.3272855624011377,0.35970137991556306,0.32829273328548525,0.3119033539804017,0.34366050231747514,0.7804878048780488,0.6585365853658537,0.9024390243902439,0.0448087285428892,0.02766827967036337,0.06576162288778682,0.005618950037939552,0.0015607380856899888,0.010999663765808037,0.01713652136485751,0.006068326859939389,0.03747980070822848,0.024390243902439025,0.0,0.07317073170731707,False
transport_anchor_only,False,0.0,0.0,10.0,41,0.18229973588774845,0.17355267279667827,0.19104413987114663,0.006990062754328658,0.0018454679446976358,0.014130646826290501,0.08856421490994895,0.07942544338179797,0.09834607855939283,0.24923040536118718,0.23359317098085472,0.26416794200450544,0.20853914720256153,0.2035011706192319,0.21340206717936006,0.3436931880508981,0.3272855624011377,0.35970137991556306,0.3212151207574984,0.30319707517216843,0.3371442977975055,0.7560975609756098,0.6097560975609756,0.8780487804878049,0.06540155020491956,0.058231133530383505,0.07328132643186383,0.06540155020491956,0.058813804362045606,0.0743165244903176,0.18229973588774845,0.17355267279667827,0.19104413987114663,0.2682926829268293,0.14634146341463414,0.3902439024390244,False
mediation_aware_recourse,False,0.0,0.5,10.0,41,0.17906037427303267,0.17056609392166136,0.1874448522561934,0.007054278036443199,0.0018693597941863828,0.014178566125834858,0.08806342904160662,0.07928256735932536,0.09740563901822741,0.24956256696363774,0.2338687619058097,0.2644522366659125,0.20853914720256153,0.2035011706192319,0.21340206717936006,0.3436931880508981,0.3272855624011377,0.35970137991556306,0.32135405991135574,0.3034024512804136,0.33735838995837586,0.7560975609756098,0.6097560975609756,0.8780487804878049,0.06499729676409571,0.057874172904577956,0.0729824638268263,0.06499729676409571,0.05860942147961199,0.0739956348824045,0.17906037427303267,0.17056609392166136,0.1874448522561934,0.2682926829268293,0.14634146341463414,0.3902439024390244,False
mediation_aware_recourse,False,0.0,0.6140645009513089,10.0,41,0.17870044508358326,0.16995338518172504,0.18734139573374173,0.007054278036443199,0.0018693597941863828,0.014178566125834858,0.08793120849423292,0.07915365232563601,0.09726553172236535,0.24960524925008054,0.23395305942153422,0.2644522366659125,0.20853914720256153,0.2035011706192319,0.21340206717936006,0.3436931880508981,0.3272855624011377,0.35970137991556306,0.3215354833661056,0.3035832749815976,0.3374427567349701,0.7560975609756098,0.6097560975609756,0.8780487804878049,0.0644694322004169,0.05773006783845427,0.07211404753871346,0.0644694322004169,0.05827070555394276,0.07317088587827958,0.17870044508358326,0.16995338518172504,0.18734139573374173,0.2682926829268293,0.14634146341463414,0.3902439024390244,True
mediation_aware_recourse,False,0.0,1.0,10.0,41,0.16711820652935563,0.15244062401626896,0.1802526157099481,0.007054278036443199,0.0018693597941863828,0.014178566125834858,0.08611876499362109,0.0778657436552571,0.09486645427418919,0.25092541299215176,0.23615906335549747,0.2650542386943792,0.20853914720256153,0.2035011706192319,0.21340206717936006,0.3436931880508981,0.3272855624011377,0.35970137991556306,0.3225390162409806,0.30505420033161235,0.33823560103774075,0.7560975609756098,0.6097560975609756,0.8780487804878049,0.06154958127009713,0.054627244755920436,0.06959017816963194,0.06154958127009713,0.05509787384185764,0.070541022588981,0.16711820652935563,0.15244062401626896,0.1802526157099481,0.2682926829268293,0.14634146341463414,0.3902439024390244,False
mediation_aware_recourse,False,0.0,2.0,10.0,41,0.1413281166517153,0.12326450204794727,0.15949783759509645,0.007048353916261255,0.0018693597941863828,0.014174245824901066,0.08289225290461284,0.07530255281343694,0.09139549575927781,0.2540136075964788,0.23939736044125223,0.26844477617386275,0.20853914720256153,0.2035011706192319,0.21340206717936006,0.3436931880508981,0.3272855624011377,0.35970137991556306,0.32462366761230843,0.30737070497579694,0.3399357075734836,0.7560975609756098,0.6097560975609756,0.8780487804878049,0.055484138474590994,0.04726211550730955,0.06433272866908292,0.055484138474590994,0.048164202230093094,0.06553462270861002,0.1413281166517153,0.12326450204794727,0.15949783759509645,0.2682926829268293,0.14634146341463414,0.3902439024390244,False
mediation_aware_recourse,False,0.0,5.0,10.0,41,0.09793546786758958,0.07920142256586654,0.11816506162285804,0.0075471568398359345,0.0023538487713511396,0.014645060696979849,0.07808908965529465,0.07159362629782863,0.08546259403228759,0.2598868116918134,0.24491162096581806,0.27404794756595685,0.20853914720256153,0.2035011706192319,0.21340206717936006,0.3436931880508981,0.3272855624011377,0.35970137991556306,0.3288859943064248,0.31067184627783007,0.3442823099108731,0.7073170731707317,0.5609756097560976,0.8536585365853658,0.04308259301979678,0.03519846714915769,0.05188552928228418,0.04308259301979678,0.03617668759505584,0.05205384658790801,0.09793546786758958,0.07920142256586654,0.11816506162285804,0.21951219512195122,0.0975609756097561,0.34146341463414637,False
transport_anchor_only,False,1.0,0.0,10.0,41,0.18229973588774845,0.17355267279667827,0.19104413987114663,0.006990062754328658,0.0018454679446976358,0.014130646826290501,0.08856421490994895,0.07942544338179797,0.09834607855939283,0.24923040536118718,0.23359317098085472,0.26416794200450544,0.20853914720256153,0.2035011706192319,0.21340206717936006,0.3436931880508981,0.3272855624011377,0.35970137991556306,0.3212151207574984,0.30319707517216843,0.3371442977975055,0.7560975609756098,0.6097560975609756,0.8780487804878049,0.06540155020491956,0.058231133530383505,0.07328132643186383,0.06540155020491956,0.058813804362045606,0.0743165244903176,0.18229973588774845,0.17355267279667827,0.19104413987114663,0.2682926829268293,0.14634146341463414,0.3902439024390244,False
mediation_aware_recourse,False,1.0,0.5,10.0,41,0.18014016147793793,0.17164853420108558,0.18853098496158677,0.006990062754328658,0.0018454679446976358,0.014130646826290501,0.08812976392304026,0.07928256735932536,0.09747197389966103,0.2494543343782425,0.2338687619058097,0.26438533646259,0.20853914720256153,0.2035011706192319,0.21340206717936006,0.3436931880508981,0.3272855624011377,0.35970137991556306,0.3212898446292412,0.30327562609823744,0.33735678457632295,0.7560975609756098,0.6097560975609756,0.8780487804878049,0.06518413573660686,0.058239481982934584,0.07309287458915577,0.06518413573660686,0.058732607455668884,0.07418770301359483,0.18014016147793793,0.17164853420108558,0.18853098496158677,0.2682926829268293,0.14634146341463414,0.3902439024390244,False
mediation_aware_recourse,False,1.0,0.6140645009513089,10.0,41,0.17978023228848852,0.17113927872170034,0.1885246362718867,0.006990062754328658,0.0018454679446976358,0.014130646826290501,0.08799754337566655,0.07915365232563601,0.09733186660379899,0.24949701666468527,0.23395305942153422,0.26438533646259,0.20853914720256153,0.2035011706192319,0.21340206717936006,0.3436931880508981,0.3272855624011377,0.35970137991556306,0.32147126808399107,0.30345805518147423,0.33738014683490847,0.7560975609756098,0.6097560975609756,0.8780487804878049,0.06465627117292805,0.058022253124283406,0.07227513108143523,0.06465627117292805,0.05846779372238708,0.07324085881077032,0.17978023228848852,0.17113927872170034,0.1885246362718867,0.2682926829268293,0.14634146341463414,0.3902439024390244,True
mediation_aware_recourse,False,1.0,1.0,10.0,41,0.1681979937342609,0.1537326267875004,0.18137296454799245,0.006990062754328658,0.0018454679446976358,0.014130646826290501,0.08618509987505471,0.07793467608166904,0.09494819252229318,0.2508171804067565,0.2361563575408626,0.2650542386943792,0.20853914720256153,0.2035011706192319,0.21340206717936006,0.3436931880508981,0.3272855624011377,0.35970137991556306,0.32247480095886605,0.3049329578694774,0.33823053122657104,0.7560975609756098,0.6097560975609756,0.8780487804878049,0.06173642024260828,0.05488860334244337,0.06969356871182476,0.06173642024260828,0.05532725570767717,0.07056953921644313,0.1681979937342609,0.1537326267875004,0.18137296454799245,0.2682926829268293,0.14634146341463414,0.3902439024390244,False
mediation_aware_recourse,False,1.0,2.0,10.0,41,0.1413281166517153,0.12326450204794727,0.15949783759509645,0.007048353916261255,0.0018693597941863828,0.014174245824901066,0.08289225290461284,0.07530255281343694,0.09139549575927781,0.2540136075964788,0.23939736044125223,0.26844477617386275,0.20853914720256153,0.2035011706192319,0.21340206717936006,0.3436931880508981,0.3272855624011377,0.35970137991556306,0.32462366761230843,0.30737070497579694,0.3399357075734836,0.7560975609756098,0.6097560975609756,0.8780487804878049,0.055484138474590994,0.04726211550730955,0.06433272866908292,0.055484138474590994,0.048164202230093094,0.06553462270861002,0.1413281166517153,0.12326450204794727,0.15949783759509645,0.2682926829268293,0.14634146341463414,0.3902439024390244,False
mediation_aware_recourse,False,1.0,5.0,10.0,41,0.09829539696617824,0.0793578087579368,0.11889249287636541,0.007388580136182831,0.0022836480198836907,0.014486483993326745,0.07816400905934776,0.07169656824411415,0.08559036992672013,0.25982659718975787,0.244852911826314,0.27398710942304716,0.20853914720256153,0.2035011706192319,0.21340206717936006,0.3436931880508981,0.3272855624011377,0.35970137991556306,0.3287274176027717,0.31051326957417696,0.3440221093231585,0.7073170731707317,0.5609756097560976,0.8536585365853658,0.04354398332128162,0.03590054888994353,0.05235478882015523,0.04354398332128162,0.03663432283891256,0.05222708850734791,0.09829539696617824,0.0793578087579368,0.11889249287636541,0.21951219512195122,0.0975609756097561,0.34146341463414637,False
transport_anchor_only,False,3.0,0.0,10.0,41,0.19105177808825563,0.17883916080179738,0.20370881746000633,0.00556523480066439,0.0018412369598702688,0.010641076597498684,0.0886856281175846,0.07949514229123185,0.09834769700721996,0.248574505673676,0.233027141713878,0.2635350431497322,0.20853914720256153,0.2035011706192319,0.21340206717936006,0.3436931880508981,0.3272855624011377,0.35970137991556306,0.3205014765262604,0.30274177613418274,0.3362702600294497,0.7560975609756098,0.6097560975609756,0.8780487804878049,0.06747794931915618,0.059659529242477326,0.07619740034375393,0.06327869883988524,0.0558283805903299,0.07260574242719979,0.1871910319640869,0.17622506343873173,0.19861294125184054,0.2682926829268293,0.14634146341463414,0.3902439024390244,False
mediation_aware_recourse,False,3.0,0.5,10.0,41,0.18889220367844511,0.17674403491361837,0.20201405047825197,0.00556523480066439,0.0018412369598702688,0.010641076597498684,0.0882511771306759,0.07934991626477823,0.09758106955304378,0.24879843469073132,0.2333565835863715,0.26374845847987183,0.20853914720256153,0.2035011706192319,0.21340206717936006,0.3436931880508981,0.3272855624011377,0.35970137991556306,0.32057620039800316,0.30281538756155385,0.33632508683495405,0.7560975609756098,0.6097560975609756,0.8780487804878049,0.06726053485084349,0.05946880156332081,0.07588548132804186,0.06306128437157255,0.055731347208285584,0.07249449682728018,0.18503145755427639,0.17386582640294984,0.19681931527604055,0.2682926829268293,0.14634146341463414,0.3902439024390244,False
mediation_aware_recourse,False,3.0,0.6140645009513089,10.0,41,0.1885322744889957,0.17632865552313443,0.20165412128880258,0.00556523480066439,0.0018412369598702688,0.010641076597498684,0.0881189565833022,0.07927232001249383,0.09733561702617784,0.24884111697717412,0.23348407087756728,0.26375874970562574,0.20853914720256153,0.2035011706192319,0.21340206717936006,0.3436931880508981,0.3272855624011377,0.35970137991556306,0.3207576238527531,0.30284264578324993,0.33632508683495405,0.7560975609756098,0.6097560975609756,0.8780487804878049,0.06673267028716456,0.05922741588501224,0.07523293831669937,0.06253341980789362,0.05546473077670423,0.07178136235396639,0.184671528364827,0.1734479855064575,0.1964597678402575,0.2682926829268293,0.14634146341463414,0.3902439024390244,True
mediation_aware_recourse,False,3.0,1.0,10.0,41,0.17695003593476807,0.15960006965551435,0.1952752934518929,0.00556523480066439,0.0018412369598702688,0.010641076597498684,0.08630651308269036,0.07810623393189617,0.09494191048348823,0.25016128071924537,0.23571693597406876,0.26440966687187917,0.20853914720256153,0.2035011706192319,0.21340206717936006,0.3436931880508981,0.3272855624011377,0.35970137991556306,0.321761156727628,0.3039467841750238,0.33744652305797834,0.7560975609756098,0.6097560975609756,0.8780487804878049,0.06381281935684491,0.05603600524009697,0.07249358967822797,0.059613568877573964,0.0528816424240809,0.06886248043380627,0.17308928981059934,0.1562014838408043,0.18950614321568027,0.2682926829268293,0.14634146341463414,0.3902439024390244,False
mediation_aware_recourse,False,3.0,2.0,10.0,41,0.15115994605712774,0.12902711510612833,0.1734127307242555,0.005559310680482446,0.0018295368225109288,0.010623600442961947,0.08308000099368212,0.07546905842496128,0.09147890360980498,0.2532494753235724,0.2387379552805569,0.26739125304696404,0.20853914720256153,0.2035011706192319,0.21340206717936006,0.3436931880508981,0.3272855624011377,0.35970137991556306,0.32384580809895586,0.30686863195605396,0.33935053621123473,0.7560975609756098,0.6097560975609756,0.8780487804878049,0.05774737656133877,0.0486078898480727,0.06774820708124409,0.053548126082067826,0.046002261381541676,0.06374606196407225,0.14729919993295904,0.12671110855370032,0.1689822990242846,0.2682926829268293,0.14634146341463414,0.3902439024390244,False
mediation_aware_recourse,False,3.0,5.0,10.0,41,0.1107528393224972,0.08773878485464105,0.1361866894087232,0.005750144400247713,0.0019550002384476546,0.010694748890109176,0.07851810644312603,0.07186125193427248,0.085929013407085,0.25873286685929064,0.2445920389554486,0.27304801497517567,0.20853914720256153,0.2035011706192319,0.21340206717936006,0.3436931880508981,0.3272855624011377,0.35970137991556306,0.32776976722042733,0.3098322707160217,0.34327886587962875,0.7317073170731707,0.5853658536585366,0.8536585365853658,0.04633033584626256,0.037376417424712496,0.05644057254469137,0.042131085366991616,0.03499666712434655,0.05059022619967548,0.10689209319832849,0.08522278350073753,0.12934040780201916,0.24390243902439024,0.12195121951219512,0.36585365853658536,False
transport_anchor_only,False,10.0,0.0,10.0,41,0.23064055402831332,0.19810518024534715,0.26592040548964246,0.0035225392841711275,0.0008536234134581031,0.007275014715950663,0.08917546853786562,0.08015327629883115,0.09885226838835855,0.24591341387571358,0.23116687654358584,0.2598265627785245,0.20853914720256153,0.2035011706192319,0.21340206717936006,0.3436931880508981,0.3272855624011377,0.35970137991556306,0.3183938511988012,0.30068623876062833,0.33364795088404564,0.7804878048780488,0.6579268292682927,0.9024390243902439,0.07361023648903475,0.06452154975065903,0.08446039402080634,0.05546312033270295,0.04747933050772094,0.06567007309754495,0.1964091143411834,0.1773077013629784,0.21741149622674397,0.21951219512195122,0.0975609756097561,0.34146341463414637,False
mediation_aware_recourse,False,10.0,0.5,10.0,41,0.22848097961850283,0.1957801498654412,0.2642737797029861,0.0035225392841711275,0.0008536234134581031,0.007275014715950663,0.08874101755095691,0.0799133918997718,0.0978939867964605,0.2461373428927689,0.23139659809630092,0.26003843227901113,0.20853914720256153,0.2035011706192319,0.21340206717936006,0.3436931880508981,0.3272855624011377,0.35970137991556306,0.318468575070544,0.30068818319861484,0.3337702323387309,0.7804878048780488,0.6579268292682927,0.9024390243902439,0.07339282202072206,0.06436600204766606,0.08423539728741146,0.05524570586439026,0.04732179465159758,0.06559169647402022,0.1942495399313729,0.17534241876905646,0.21561806477242854,0.21951219512195122,0.0975609756097561,0.34146341463414637,False
mediation_aware_recourse,False,10.0,0.6140645009513089,10.0,41,0.22812105042905342,0.19548325102503708,0.2642647814732499,0.0035225392841711275,0.0008536234134581031,0.007275014715950663,0.0886087970035832,0.07979065145297748,0.09774046967305788,0.2461800251792117,0.2314392803827437,0.2600394993361722,0.20853914720256153,0.2035011706192319,0.21340206717936006,0.3436931880508981,0.3272855624011377,0.35970137991556306,0.31864999852529385,0.3010750918308409,0.33385517484531174,0.7804878048780488,0.6579268292682927,0.9024390243902439,0.07286495745704324,0.06370533832479583,0.0835047432555783,0.054717841300711445,0.047155438813939646,0.06472921932510424,0.19388961074192348,0.17469782054924018,0.21504241836189134,0.21951219512195122,0.0975609756097561,0.34146341463414637,True
mediation_aware_recourse,False,10.0,1.0,10.0,41,0.2165388118748258,0.17972588110260848,0.25684990437883065,0.0035225392841711275,0.0008536234134581031,0.007275014715950663,0.08679635350297137,0.0785879973049571,0.09524157419800758,0.24750018892128292,0.23359903293184756,0.26102976441701375,0.20853914720256153,0.2035011706192319,0.21340206717936006,0.3436931880508981,0.3272855624011377,0.35970137991556306,0.31965353140016883,0.3022895859690701,0.33490442548219745,0.7804878048780488,0.6579268292682927,0.9024390243902439,0.06994510652672348,0.060763708015514506,0.08102733230232312,0.05179799037039168,0.04402719010187035,0.06220271206533074,0.18230737218769585,0.1590851738208496,0.20717529535020998,0.21951219512195122,0.0975609756097561,0.34146341463414637,False
mediation_aware_recourse,False,10.0,2.0,10.0,41,0.19074872163374249,0.15003571072366179,0.23611176432133082,0.0035171748661413423,0.0008533551925566139,0.0072593237932135415,0.08357619875814856,0.07610472171771818,0.09172776741225544,0.25058838352560997,0.23658778661771154,0.26395880574496783,0.20853914720256153,0.2035011706192319,0.21340206717936006,0.3436931880508981,0.3272855624011377,0.35970137991556306,0.3217387424736488,0.30445039561245496,0.33693971497620023,0.7804878048780488,0.6579268292682927,0.9024390243902439,0.0638780352376318,0.05276640432242552,0.07511086872481298,0.0457309190813,0.037955308692657785,0.05662126354546147,0.15651728194661257,0.13026224978313578,0.18570454500433875,0.21951219512195122,0.0975609756097561,0.34146341463414637,False
mediation_aware_recourse,False,10.0,5.0,10.0,41,0.1460148402285285,0.10282430582929675,0.19182872031928927,0.003721033654561857,0.0010262887652327376,0.007486828634651696,0.0791537005726884,0.07236727783229294,0.08647950682334785,0.2563758288033125,0.24257438634635836,0.2700456963806618,0.20853914720256153,0.2035011706192319,0.21340206717936006,0.3436931880508981,0.3272855624011377,0.35970137991556306,0.3257065240929766,0.3077308539937182,0.34083070860403336,0.7560975609756098,0.6097560975609756,0.8780487804878049,0.0523334898195823,0.041549933204112786,0.06447408723972915,0.0341863736632505,0.027819014137713573,0.042730822408396395,0.11178340054139858,0.08614353161850354,0.13974193681894642,0.1951219512195122,0.0975609756097561,0.3170731707317073,False
transport_anchor_only,False,30.0,0.0,10.0,41,0.3220141233830917,0.22644473550068894,0.4351244863486144,0.00032636159803809187,2.247458550988174e-05,0.0007159055733099216,0.0899227697674821,0.08113974596305591,0.09924916988465843,0.24191945555006586,0.22774753687766994,0.2557126507185763,0.20853914720256153,0.2035011706192319,0.21340206717936006,0.3436931880508981,0.3272855624011377,0.35970137991556306,0.31478816852336977,0.2976450447447416,0.33058418464369893,0.9024390243902439,0.8048780487804879,0.975609756097561,0.08410122903933648,0.06955006195669815,0.10232174112649423,0.04491145053438683,0.034967228148251074,0.0578194866317,0.1612532418675539,0.13608808115170132,0.18971818623973466,0.14634146341463414,0.04878048780487805,0.2682926829268293,False
mediation_aware_recourse,False,30.0,0.5,10.0,41,0.3180548932130744,0.22213988718008848,0.43227203806362496,0.0003557830322079542,4.494917101976348e-05,0.0007644048551233803,0.08944535836940859,0.08094895727387288,0.09819532712785209,0.24223637417322252,0.228228924830058,0.2558362300871167,0.20853914720256153,0.2035011706192319,0.21340206717936006,0.3436931880508981,0.3272855624011377,0.35970137991556306,0.3149501972082185,0.29788058925329186,0.33080698438897366,0.8780487804878049,0.7804878048780488,0.975609756097561,0.08362979495078915,0.06880841634517879,0.10197592108848594,0.0444400164458395,0.03459058961380558,0.0575262545256524,0.15729401169753657,0.1313914697549147,0.18601402475884773,0.12195121951219512,0.024390243902439025,0.21951219512195122,False
mediation_aware_recourse,False,30.0,0.6140645009513089,10.0,41,0.31769496402362496,0.22168146666230223,0.4322630398338887,0.0003557830322079542,4.494917101976348e-05,0.0007644048551233803,0.08931313782203489,0.08089103638762381,0.09806043205828201,0.2422790564596653,0.22828565311459142,0.2558789123735595,0.20853914720256153,0.2035011706192319,0.21340206717936006,0.3436931880508981,0.3272855624011377,0.35970137991556306,0.31513162066296835,0.29805747712167296,0.330811120696911,0.8780487804878049,0.7804878048780488,0.975609756097561,0.08310193038711033,0.06819172742613833,0.10108840116311191,0.04391215188216069,0.03417923407375133,0.056446516976445864,0.15693408250808716,0.13114151136677077,0.1857638766898251,0.12195121951219512,0.024390243902439025,0.21951219512195122,True
mediation_aware_recourse,False,30.0,1.0,10.0,41,0.30611272546939733,0.2061338017058627,0.4245221394568499,0.0003557830322079542,4.494917101976348e-05,0.0007644048551233803,0.08750069432142304,0.07952040473862393,0.09570825868626921,0.24359922020173655,0.23012987552664993,0.2570864759408301,0.20853914720256153,0.2035011706192319,0.21340206717936006,0.3436931880508981,0.3272855624011377,0.35970137991556306,0.31613515353784327,0.29908973367475883,0.33187425331008147,0.8780487804878049,0.7804878048780488,0.975609756097561,0.08018207945679068,0.06514049101201731,0.09857397495949828,0.04099230095184103,0.03178467304127652,0.05365287452578765,0.14535184395385953,0.11748931257781095,0.17657394867572113,0.12195121951219512,0.024390243902439025,0.21951219512195122,False
mediation_aware_recourse,False,30.0,2.0,10.0,41,0.2792428476599658,0.17575903674133303,0.39880350985132695,0.00035005589810813343,4.494917101976348e-05,0.0007516950550602704,0.08416737579717869,0.07677909175797207,0.0921187933443523,0.2468261322597178,0.23324217728180127,0.2602994966229833,0.20853914720256153,0.2035011706192319,0.21340206717936006,0.3436931880508981,0.3272855624011377,0.35970137991556306,0.31821461712441795,0.30063335597515106,0.3337967046695512,0.8780487804878049,0.7804878048780488,0.975609756097561,0.07413173089338909,0.057844748735915386,0.09296290488341867,0.034941952388439446,0.02567783755770172,0.04781571637276485,0.11848196614442802,0.09151839795635969,0.15030136330780094,0.12195121951219512,0.024390243902439025,0.21951219512195122,False
mediation_aware_recourse,False,30.0,5.0,10.0,41,0.24254114099028634,0.1351851197459349,0.36722366568609704,0.00035005589810813343,4.494917101976348e-05,0.0007516950550602704,0.0799910149923185,0.0735454979102786,0.0871700079157585,0.25192706614005855,0.23866057191498397,0.2662384255380347,0.20853914720256153,0.2035011706192319,0.21340206717936006,0.3436931880508981,0.3272855624011377,0.35970137991556306,0.32187351947877463,0.3043056308496289,0.3377068704766471,0.8780487804878049,0.7804878048780488,0.975609756097561,0.06348589186728992,0.04657042635888439,0.08334704257381861,0.024296113362340277,0.017420726552773543,0.034606441327435185,0.08178025947474851,0.0578486023175462,0.1126738006112779,0.12195121951219512,0.024390243902439025,0.21951219512195122,False
