method,is_ordinary_actionable_baseline,eta,lambda_invariance,rho_anchor,n,cost,cost_lo,cost_hi,shortfall,shortfall_lo,shortfall_hi,direct_effect,direct_effect_lo,direct_effect_hi,transport,transport_lo,transport_hi,pre_recourse_mediated_prediction_disparity,pre_recourse_mediated_prediction_disparity_lo,pre_recourse_mediated_prediction_disparity_hi,pre_recourse_factual_mediated_prediction_disparity,pre_recourse_factual_mediated_prediction_disparity_lo,pre_recourse_factual_mediated_prediction_disparity_hi,post_recourse_mediated_prediction_disparity,post_recourse_mediated_prediction_disparity_lo,post_recourse_mediated_prediction_disparity_hi,outcome_wasserstein,outcome_wasserstein_lo,outcome_wasserstein_hi,feasible_rate,feasible_rate_lo,feasible_rate_hi,constraint_feasible_rate,constraint_feasible_rate_lo,constraint_feasible_rate_hi,constraint_abstention_rate,constraint_abstention_rate_lo,constraint_abstention_rate_hi,mean_absolute_gap_reduction,mean_absolute_gap_reduction_lo,mean_absolute_gap_reduction_hi,factual_mediated_prediction_disparity_closure,factual_mediated_prediction_disparity_closure_lo,factual_mediated_prediction_disparity_closure_hi,recipient_level_closure,recipient_level_closure_lo,recipient_level_closure_hi,overshoot_rate,overshoot_rate_lo,overshoot_rate_hi,overshoot_magnitude,overshoot_magnitude_lo,overshoot_magnitude_hi,factual_closure_gain_vs_actionable_baseline,factual_closure_gain_vs_actionable_baseline_lo,factual_closure_gain_vs_actionable_baseline_hi,cost_difference_vs_actionable_baseline,cost_difference_vs_actionable_baseline_lo,cost_difference_vs_actionable_baseline_hi,feasibility_difference_vs_actionable_baseline,feasibility_difference_vs_actionable_baseline_lo,feasibility_difference_vs_actionable_baseline_hi,paired_absolute_gap_gain_vs_actionable_baseline,paired_absolute_gap_gain_vs_actionable_baseline_lo,paired_absolute_gap_gain_vs_actionable_baseline_hi,is_effect_ratio_heuristic
soft_objective_recourse,False,0.0,0.0,0.0,250,0.0,0.0,0.0,0.6107699646389924,0.5804956151053366,0.6404024468500761,0.11836630183691023,0.1074536868767295,0.12838542809088507,0.7761133333333333,0.7658986666666667,0.7856268333333334,0.02629669342190027,0.022588542579766363,0.030278992929309603,0.04551170087121518,0.03441967206626565,0.05817075267779226,0.04551170087121518,0.03356259138585585,0.05687145350424278,0.10827520427504958,0.10003783681275755,0.11643478513108754,0.008,0.0,0.02,0.0,0.0,0.0,0.0,0.0,0.0,0.0,0.0,0.0,0.0,0.0,0.0,0.0,0.0,0.0,0.0,0.0,0.0,0.0,0.0,0.0,0.0,0.0,0.0,0.0,0.0,0.0,0.0,0.0,0.0,0.0,0.0,0.0,False
direct_invariance_only,False,0.0,0.5,0.0,250,0.0,0.0,0.0,0.6107699646389924,0.5804956151053366,0.6404024468500761,0.11836630183691023,0.1074536868767295,0.12838542809088507,0.7761133333333333,0.7658986666666667,0.7856268333333334,0.02629669342190027,0.022588542579766363,0.030278992929309603,0.04551170087121518,0.03441967206626565,0.05817075267779226,0.04551170087121518,0.03356259138585585,0.05687145350424278,0.10827520427504958,0.10003783681275755,0.11643478513108754,0.008,0.0,0.02,0.0,0.0,0.0,0.0,0.0,0.0,0.0,0.0,0.0,0.0,0.0,0.0,0.0,0.0,0.0,0.0,0.0,0.0,0.0,0.0,0.0,0.0,0.0,0.0,0.0,0.0,0.0,0.0,0.0,0.0,0.0,0.0,0.0,False
direct_invariance_only,False,0.0,1.0,0.0,250,0.0,0.0,0.0,0.6107699646389924,0.5804956151053366,0.6404024468500761,0.11836630183691023,0.1074536868767295,0.12838542809088507,0.7761133333333333,0.7658986666666667,0.7856268333333334,0.02629669342190027,0.022588542579766363,0.030278992929309603,0.04551170087121518,0.03441967206626565,0.05817075267779226,0.04551170087121518,0.03356259138585585,0.05687145350424278,0.10827520427504958,0.10003783681275755,0.11643478513108754,0.008,0.0,0.02,0.0,0.0,0.0,0.0,0.0,0.0,0.0,0.0,0.0,0.0,0.0,0.0,0.0,0.0,0.0,0.0,0.0,0.0,0.0,0.0,0.0,0.0,0.0,0.0,0.0,0.0,0.0,0.0,0.0,0.0,0.0,0.0,0.0,False
direct_invariance_only,False,0.0,2.0,0.0,250,0.005085364580154419,0.0,0.011865850687026978,0.6186553281764031,0.5886422896550265,0.6471713776264618,0.11573898805189667,0.10535106711977958,0.12510412179923963,0.7763543750000002,0.7662425677083333,0.7858101875000002,0.02629669342190027,0.022588542579766363,0.030278992929309603,0.04551170087121518,0.03441967206626565,0.05817075267779226,0.04888068946870348,0.03729718753450343,0.059774166331647005,0.10763726666669193,0.09896461210530298,0.11586332732706181,0.008,0.0,0.02,0.0,0.0,0.0,0.0,0.0,0.0,7.187133180405258e-05,-0.0018738113390041429,0.002166531627469055,-0.07402466910699634,-0.18704372517458864,0.0,0.0008813178062144766,-0.0226374410944144,0.023422064919203112,0.012,0.0,0.028,0.0016485586328421242,0.0,0.004313961873863705,-0.07402466910699634,-0.17817751310005842,0.0,0.005085364580154419,0.0,0.011865850687026978,0.0,0.0,0.0,7.187133180405258e-05,-0.001796705045951388,0.002166531627469055,False
direct_invariance_only,False,0.0,4.266636702451111,0.0,250,0.16781703114509583,0.14069508671760558,0.1932438540458679,0.7812449489000246,0.7721672482305658,0.7905359988924968,0.056724854949750554,0.052435129571619554,0.061214225100790484,0.7970770833333334,0.7877389635416667,0.8062251822916666,0.02629669342190027,0.022588542579766363,0.030278992929309603,0.04551170087121518,0.03441967206626565,0.05817075267779226,0.10675244521097273,0.09677386077380516,0.11702437381466747,0.11257683352354758,0.1031333109080153,0.12186129280739318,0.0,0.0,0.0,0.0,0.0,0.0,0.0,0.0,0.0,-0.02564522333153222,-0.03312294418239469,-0.018547617580407176,-1.345604386727953,-2.0958568349052835,-0.9120209721024927,-0.3144729810775595,-0.42876496503197326,-0.21427906183536327,0.208,0.16,0.26,0.020682082179835744,0.014907982533336117,0.026894784921664017,-1.345604386727953,-2.0140934982025254,-0.9139297604713014,0.16781703114509583,0.14069508671760558,0.1932438540458679,-0.008,-0.02,0.0,-0.02564522333153222,-0.03357979709199391,-0.018183597521985968,True
direct_invariance_only,False,0.0,5.0,0.0,250,0.1881584894657135,0.16103654503822326,0.2135853123664856,0.7912752099854062,0.7820788613810371,0.7998226258970353,0.05224889693790047,0.04839644619049874,0.05637594136315845,0.8003629166666667,0.7912363333333332,0.8090573177083333,0.02629669342190027,0.022588542579766363,0.030278992929309603,0.04551170087121518,0.03441967206626565,0.05817075267779226,0.10952959674773848,0.09982476154538768,0.11967516953683607,0.11391017981519604,0.10439598553785392,0.123267033415825,0.0,0.0,0.0,0.0,0.0,0.0,0.0,0.0,0.0,-0.02823828383257041,-0.03563212718958954,-0.021061233067302745,-1.4066249920580916,-2.1848486175364017,-0.9630451054171817,-0.34627022672187047,-0.4635546232168091,-0.24072673366939182,0.216,0.164,0.268,0.02100122540849036,0.015315426721084088,0.027451421794868914,-1.4066249920580916,-2.1028382396679897,-0.9624325673288465,0.1881584894657135,0.16103654503822326,0.2135853123664856,-0.008,-0.02,0.0,-0.02823828383257041,-0.035957350786689,-0.02062526016064361,False
soft_objective_recourse,False,1.0,0.0,0.0,250,0.1553649432659149,0.12446913909912109,0.19065409621000287,0.4299180277657391,0.3953160909123665,0.46548455228928276,0.1673422136709289,0.1555285757322237,0.17802313438127923,0.7801870833333333,0.7707340677083334,0.79011778125,0.02629669342190027,0.022588542579766363,0.030278992929309603,0.04551170087121518,0.03441967206626565,0.05817075267779226,-0.057905774940380655,-0.07573831303339164,-0.03962778281157545,0.14044505479955716,0.127199123231702,0.15283176413703006,0.008,0.0,0.02,0.0,0.0,0.0,0.0,0.0,0.0,-0.03113006499332345,-0.041708300578623535,-0.02197271431757348,-0.27232720008063604,-0.8806958363262061,0.1387901811232403,-0.3817305161679678,-0.5151482598749042,-0.26581116925202186,0.252,0.2,0.308,0.06727377040245963,0.05295263528429888,0.08211258069495483,0.0,0.0,0.0,0.0,0.0,0.0,0.0,0.0,0.0,0.0,0.0,0.0,False
direct_invariance_only,False,1.0,0.5,0.0,250,0.08163076090812683,0.05670624375343323,0.10906151676774024,0.5099313199951472,0.47460980115273854,0.5431709145375586,0.14448576428976243,0.13353031249346584,0.15561520563167275,0.77768375,0.7677735572916666,0.7869759739583332,0.02629669342190027,0.022588542579766363,0.030278992929309603,0.04551170087121518,0.03441967206626565,0.05817075267779226,-0.01558340130784196,-0.03223777243890087,0.0008098493655149121,0.12436846732031696,0.11260694858175122,0.13606392989167954,0.008,0.0,0.02,0.0,0.0,0.0,0.0,0.0,0.0,-0.015402218886574592,-0.023342758407369407,-0.008985140597065308,0.6575957169357736,0.19290499439054165,0.9655556797738177,-0.18886876615789694,-0.2791235512035167,-0.10433800277948964,0.132,0.092,0.176,0.038248660532815865,0.025474055163591913,0.05091381531921356,0.9299229170164096,0.6091854979660155,1.3114302970851868,-0.07373418235778809,-0.09946981669068336,-0.05065631532073021,0.0,0.0,0.0,0.015727846106748856,0.008992316522779494,0.023361185129648653,False
direct_invariance_only,False,1.0,1.0,0.0,250,0.007666408538818359,0.0016951215267181395,0.016143934255838394,0.5992078379775407,0.5669158127419125,0.6293318947033074,0.12151332610238373,0.11114353165200432,0.1317138397349292,0.7742791666666667,0.7641296354166667,0.7839506458333333,0.02629669342190027,0.022588542579766363,0.030278992929309603,0.04551170087121518,0.03441967206626565,0.05817075267779226,0.038971117019470425,0.02693573983908222,0.050802753248191196,0.10741641853972632,0.09891973523010068,0.11560819914536116,0.008,0.0,0.02,0.0,0.0,0.0,0.0,0.0,0.0,0.0013898787922019724,-0.0008172708873119891,0.004025848418865687,0.14371213834114216,0.02542324306153439,0.3074676333125661,0.01704330359965367,-0.01029008770262394,0.05340033784489664,0.016,0.004,0.032,0.002575352529771389,0.0002555581499521189,0.005986570721346235,0.4160393384217782,-0.04559578194821733,0.9915875257759856,-0.14769853472709657,-0.1838514620423317,-0.11832992968559267,0.0,0.0,0.0,0.032519943785525425,0.023870297466176096,0.04293683066247783,False
direct_invariance_only,False,1.0,2.0,0.0,250,0.0,0.0,0.0,0.6107699646389924,0.5804956151053366,0.6404024468500761,0.11836630183691023,0.1074536868767295,0.12838542809088507,0.7761133333333333,0.7658986666666667,0.7856268333333334,0.02629669342190027,0.022588542579766363,0.030278992929309603,0.04551170087121518,0.03441967206626565,0.05817075267779226,0.04551170087121518,0.03356259138585585,0.05687145350424278,0.10827520427504958,0.10003783681275755,0.11643478513108754,0.008,0.0,0.02,0.0,0.0,0.0,0.0,0.0,0.0,0.0,0.0,0.0,0.0,0.0,0.0,0.0,0.0,0.0,0.0,0.0,0.0,0.0,0.0,0.0,0.27232720008063604,-0.17553530195770808,0.8081434208380166,-0.1553649432659149,-0.1906540962100029,-0.12446913909912109,0.0,0.0,0.0,0.03113006499332345,0.021593306962661346,0.04167400614868747,False
direct_invariance_only,False,1.0,4.266636702451111,0.0,250,0.0,0.0,0.0,0.6107699646389924,0.5804956151053366,0.6404024468500761,0.11836630183691023,0.1074536868767295,0.12838542809088507,0.7761133333333333,0.7658986666666667,0.7856268333333334,0.02629669342190027,0.022588542579766363,0.030278992929309603,0.04551170087121518,0.03441967206626565,0.05817075267779226,0.04551170087121518,0.03356259138585585,0.05687145350424278,0.10827520427504958,0.10003783681275755,0.11643478513108754,0.008,0.0,0.02,0.0,0.0,0.0,0.0,0.0,0.0,0.0,0.0,0.0,0.0,0.0,0.0,0.0,0.0,0.0,0.0,0.0,0.0,0.0,0.0,0.0,0.27232720008063604,-0.17553530195770808,0.8081434208380166,-0.1553649432659149,-0.1906540962100029,-0.12446913909912109,0.0,0.0,0.0,0.03113006499332345,0.021593306962661346,0.04167400614868747,True
direct_invariance_only,False,1.0,5.0,0.0,250,0.015256093740463257,0.006780486106872558,0.025426822900772094,0.6301367909930895,0.5997245684585997,0.6582053116257431,0.11130761522954889,0.10116692498710156,0.12079705878332994,0.775583125,0.7655501770833334,0.7852666927083334,0.02629669342190027,0.022588542579766363,0.030278992929309603,0.04551170087121518,0.03441967206626565,0.05817075267779226,0.05227072045788654,0.04054454910640113,0.06343194301214733,0.10694214078078298,0.0982759306747124,0.11510235805177396,0.008,0.0,0.02,0.0,0.0,0.0,0.0,0.0,0.0,-0.0003070767961590429,-0.003060986614647317,0.002217036060256892,-0.14851168946195648,-0.30097160789065813,-0.051640812220424055,-0.0037655104133622608,-0.040470296475364875,0.025422338843009807,0.032,0.012,0.056,0.0026262821124924006,0.000841887623765465,0.004765947424183729,0.12381551061867957,-0.28705047953198204,0.6155325105126848,-0.14010884952545166,-0.17859433889389037,-0.10678352999091148,0.0,0.0,0.0,0.030822988197164405,0.02135040281363323,0.04160526879375466,False
soft_objective_recourse,False,3.0,0.0,0.0,250,0.7031773464679718,0.6556266137301923,0.7495837837636471,0.08202300916833946,0.0730034803222729,0.09132137040290436,0.24961689095795975,0.24679017824891708,0.2525950969050973,0.8817989583333333,0.8743592239583334,0.8886098854166667,0.02629669342190027,0.022588542579766363,0.030278992929309603,0.04551170087121518,0.03441967206626565,0.05817075267779226,-0.2848719881848898,-0.2956750433229377,-0.27332148272735,0.2939428280515338,0.28483321461659517,0.30238477979104367,0.008,0.0,0.02,0.0,0.0,0.0,0.0,0.0,0.0,-0.20383688913537554,-0.21690387485514426,-0.18933750840742053,-5.259313159729941,-7.5479682716207375,-3.9909975811185343,-2.4995373739312132,-2.872660502260321,-2.146553819668579,0.732,0.676,0.784,0.2303856725288644,0.2124796062953324,0.2490023062674094,0.0,0.0,0.0,0.0,0.0,0.0,0.0,0.0,0.0,0.0,0.0,0.0,False
direct_invariance_only,False,3.0,0.5,0.0,250,0.6991104032993317,0.651481864386797,0.7460374738156795,0.08344942025377003,0.07408135587663997,0.0932531678808619,0.2489726807278564,0.24613356384449733,0.2520197033851021,0.8814258333333335,0.8736506666666667,0.8883318697916667,0.02629669342190027,0.022588542579766363,0.030278992929309603,0.04551170087121518,0.03441967206626565,0.05817075267779226,-0.2845901519811086,-0.2953452040368602,-0.2725977877657488,0.29356827630466287,0.28445975562669057,0.3019132833868883,0.008,0.0,0.02,0.0,0.0,0.0,0.0,0.0,0.0,-0.20355505293159434,-0.2166756868132621,-0.18909047249410152,-5.25312054995298,-7.538030759015007,-3.9923911332254978,-2.4960813747366304,-2.8690798540453555,-2.141093702344428,0.732,0.676,0.784,0.23142365348555646,0.21362006072013978,0.2505581767550237,0.0061926097769609,-0.05889638128983183,0.06481281132610338,-0.0040669431686401365,-0.011810075044631958,0.0017718448638916016,0.0,0.0,0.0,0.00028183620378120544,-0.0025276439737450637,0.002853443519279419,False
direct_invariance_only,False,3.0,1.0,0.0,250,0.6932716152667999,0.6450681357443333,0.7383742190718651,0.0855883220113455,0.07570159602720118,0.09569849953095935,0.24815115619927888,0.2452185883697662,0.25116529369911167,0.880490625,0.872473734375,0.8874484322916667,0.02629669342190027,0.022588542579766363,0.030278992929309603,0.04551170087121518,0.03441967206626565,0.05817075267779226,-0.2839667036328875,-0.2948793260425809,-0.27210591010182744,0.292545021983805,0.28376473887187903,0.30100296251977704,0.008,0.0,0.02,0.0,0.0,0.0,0.0,0.0,0.0,-0.20273440809912244,-0.21558398681585642,-0.1882137008512012,-5.239421911223014,-7.43768744857333,-3.9759824141763924,-2.486018267719114,-2.8618953811829067,-2.12270946760891,0.736,0.684,0.788,0.23297630942240158,0.21552064742703464,0.2518045258206526,0.01989124850692736,-0.09483431201137879,0.12692432554559527,-0.009905731201171875,-0.02137739742398262,0.0010203394949436172,0.0,0.0,0.0,0.0011024810362530947,-0.0039093433344475695,0.005475503325502245,False
direct_invariance_only,False,3.0,2.0,0.0,250,0.685946928024292,0.6378245597839356,0.7307641692221165,0.08860359557170897,0.07821063478913569,0.09937162237155577,0.2470902050669808,0.24403450940245708,0.25025511419102486,0.8796364583333334,0.872006609375,0.8866684479166668,0.02629669342190027,0.022588542579766363,0.030278992929309603,0.04551170087121518,0.03441967206626565,0.05817075267779226,-0.28289293100219565,-0.29378063454704406,-0.27160010166311943,0.29099251658984054,0.2815566700922421,0.2998576360928056,0.008,0.0,0.02,0.0,0.0,0.0,0.0,0.0,0.0,-0.2015837468726804,-0.21474823417815764,-0.18741400886332948,-5.215828580054611,-7.398382571512569,-3.9696076073299587,-2.471908354874461,-2.854435022382181,-2.1043785950287295,0.74,0.684,0.792,0.23446249169690864,0.21715066475678943,0.2529688393917333,0.04348457967533026,-0.11344263351728784,0.1945155724942207,-0.01723041844367981,-0.036246455341577534,-0.0005797468006611055,0.0,0.0,0.0,0.002253142262695111,-0.004590296999656349,0.008448368278107552,False
direct_invariance_only,False,3.0,4.266636702451111,0.0,250,0.5500079243183136,0.5043265280485153,0.593183081883192,0.16698520579960024,0.13775467996168497,0.20018723633062227,0.22120424715562478,0.21167510191253072,0.22876949461954707,0.8535685416666667,0.8442369947916668,0.8622456562499999,0.02629669342190027,0.022588542579766363,0.030278992929309603,0.04551170087121518,0.03441967206626565,0.05817075267779226,-0.24865292847732617,-0.262407587372951,-0.23338192604663047,0.2556342026661495,0.2423589643372631,0.26920559222016816,0.008,0.0,0.02,0.0,0.0,0.0,0.0,0.0,0.0,-0.16765742432816955,-0.1823875098260857,-0.15317212365522154,-4.463494523769642,-6.285890560556507,-3.420034035684776,-2.0558889016746464,-2.374487243507535,-1.7656293145504622,0.7,0.644,0.752,0.21487904293596435,0.19736090218448704,0.23279068806097197,0.7958186359602992,0.4223546766579933,1.2841361035644667,-0.1531694221496582,-0.20244104850292208,-0.10464750061035158,0.0,0.0,0.0,0.036179464807206005,0.02031184438886784,0.050437441020161046,True
direct_invariance_only,False,3.0,5.0,0.0,250,0.41158594298362733,0.37307758783698086,0.44839865291118625,0.25576094253786374,0.21769087970583742,0.2957455855544845,0.19308120290707342,0.18129559015527508,0.20369184712200256,0.8306389583333333,0.8217787031249999,0.8388015208333334,0.02629669342190027,0.022588542579766363,0.030278992929309603,0.04551170087121518,0.03441967206626565,0.05817075267779226,-0.20679330775172983,-0.22383094482618285,-0.19017400726736594,0.2187612337912849,0.2032894050858523,0.23358943758665185,0.012,0.0,0.02409999999999991,0.0,0.0,0.0,0.0,0.0,0.0,-0.12933298848546754,-0.1432592973009969,-0.1155062274645488,-3.5437393855460266,-4.977696402460465,-2.748588532042489,-1.58593785341251,-1.8313024742212511,-1.3580843731525123,0.592,0.532,0.656,0.1790464693140463,0.16086942282127836,0.1981937640905253,1.7155737741839143,1.1309978315958573,2.5988869865903994,-0.2915914034843445,-0.35746750067472455,-0.22499502559304238,0.004,0.0,0.012,0.07450390064990804,0.055154617341352914,0.09391825010861764,False
soft_objective_recourse,False,10.0,0.0,0.0,250,1.0255392751693726,0.9703437308073044,1.0795362204492092,0.019934726833463992,0.0173444324808289,0.02271944480544369,0.24927126648278336,0.24631395285079727,0.25226042130429116,0.8960885416666667,0.8898612656249999,0.9025323541666667,0.02629669342190027,0.022588542579766363,0.030278992929309603,0.04551170087121518,0.03441967206626565,0.05817075267779226,-0.35420150576300663,-0.3614993825694876,-0.3466120374371471,0.3566296692545865,0.3500447235222112,0.362851318129073,0.156,0.112,0.208,0.0,0.0,0.0,0.0,0.0,0.0,-0.27265165927490004,-0.28495949438897794,-0.2587215969265468,-6.78264707718337,-9.647955539443878,-5.108322187354593,-3.343374279860405,-3.8383636699100188,-2.910539928812484,0.748,0.6959,0.796,0.2695941744179773,0.2497014718609117,0.2900886227718254,0.0,0.0,0.0,0.0,0.0,0.0,0.0,0.0,0.0,0.0,0.0,0.0,False
direct_invariance_only,False,10.0,0.5,0.0,250,1.0349008059501648,0.9805841940402984,1.0898691582143307,0.019009536690905788,0.016442048205786364,0.021861984661925273,0.2483147220203129,0.24515336667173523,0.25127917952494927,0.8962416666666667,0.8899981197916668,0.90256884375,0.02629669342190027,0.022588542579766363,0.030278992929309603,0.04551170087121518,0.03441967206626565,0.05817075267779226,-0.35778380680253863,-0.36473203299898205,-0.3506940600484046,0.35962430642996407,0.3532206690967579,0.36565699705561056,0.172,0.128,0.224,0.0,0.0,0.0,0.0,0.0,0.0,-0.276233960314432,-0.2884985171519988,-0.2626763034579397,-6.861358726516557,-9.742157002501651,-5.163896389438703,-3.3873020270457346,-3.8990700573084207,-2.9356988940092483,0.748,0.6959,0.796,0.2702191475657804,0.24998384517505268,0.2907000154614498,-0.07871164933318742,-0.1627143306836854,-0.02626379213183817,0.009361530780792236,0.0016951217651367187,0.018723061329126357,0.016,0.004,0.032,-0.0035823010395319246,-0.006788028256657643,-0.001239099973333016,False
direct_invariance_only,False,10.0,1.0,0.0,250,1.0368051497936248,0.9825386280596256,1.0905724905908107,0.018871878805007403,0.016256846281293577,0.02171600144509194,0.24775007349000566,0.24461486041392763,0.25075780383357826,0.89589125,0.8895760989583332,0.9022290052083334,0.02629669342190027,0.022588542579766363,0.030278992929309603,0.04551170087121518,0.03441967206626565,0.05817075267779226,-0.3595774282138044,-0.36597087260935945,-0.35270664421753944,0.36113515018059966,0.3550627055511971,0.36713714347840826,0.172,0.1279,0.224,0.0,0.0,0.0,0.0,0.0,0.0,-0.27802758172569775,-0.29026380495962173,-0.26402849702159636,-6.900768842529167,-9.811802679668535,-5.2053811306292435,-3.409296199794145,-3.9193368962297646,-2.9543510316024237,0.748,0.6959,0.796,0.27201276897704624,0.2517844968256741,0.29261839551061836,-0.11812176534579688,-0.21722070061936524,-0.05192412367875461,0.011265874624252319,0.0019043443143367767,0.021593363189697262,0.016,0.0,0.036,-0.005375922450797732,-0.00933115842608071,-0.0025653152683833497,False
direct_invariance_only,False,10.0,2.0,0.0,250,1.0429856593608857,0.9900236739635467,1.0959495654046536,0.018443985691707344,0.01586090133295091,0.021253671974756392,0.24652204785845483,0.24329803714575723,0.24959869947677787,0.8960785416666668,0.8897858072916667,0.9023886770833334,0.02629669342190027,0.022588542579766363,0.030278992929309603,0.04551170087121518,0.03441967206626565,0.05817075267779226,-0.3633103133942328,-0.36951030486760605,-0.35671509353702463,0.3644818779487954,0.3584502213292766,0.37021755127022266,0.176,0.132,0.228,0.0,0.0,0.0,0.0,0.0,0.0,-0.2817604669061262,-0.293857166743529,-0.26863234182950557,-6.982789182550986,-9.94999448417888,-5.29021416401895,-3.45507047578831,-3.9657802918768184,-3.005603558373486,0.748,0.6959,0.796,0.2749062529737731,0.2547437022451795,0.29525439467689185,-0.20014210536761645,-0.3239812439953633,-0.1067261867799423,0.01744638419151306,0.006598954433202743,0.02803870260119438,0.02,0.0,0.04,-0.009108807631226136,-0.013835227578998568,-0.005356655746146781,False
direct_invariance_only,False,10.0,4.266636702451111,0.0,250,1.0584442329406738,1.0042179091393948,1.1117574122846126,0.017415675615790098,0.01490162174063443,0.02011955616422322,0.24469070558617306,0.24095299721576705,0.2482674391382667,0.895708125,0.8894277291666667,0.9018751666666667,0.02629669342190027,0.022588542579766363,0.030278992929309603,0.04551170087121518,0.03441967206626565,0.05817075267779226,-0.36875151764026315,-0.3753202549127862,-0.36234696384058884,0.3696969149668845,0.3631463286288091,0.37623146904409405,0.188,0.1439,0.24,0.0,0.0,0.0,0.0,0.0,0.0,-0.28720167115215656,-0.2990702212180022,-0.27464576925571144,-7.102345343755054,-10.092996529876116,-5.394050666050118,-3.5217929097394753,-4.045177897836144,-3.0673149267544435,0.748,0.6959,0.796,0.2798404271986781,0.2594516973460207,0.3013250405938355,-0.31969826657168454,-0.5025573649301274,-0.19821314079487296,0.03290495777130127,0.01960898351073265,0.048323574584722515,0.032,0.008,0.06,-0.014550011877256495,-0.02069580082912246,-0.009457928458003695,True
direct_invariance_only,False,10.0,5.0,0.0,250,1.067254819393158,1.0149851747334002,1.1199533196508884,0.01700795419758293,0.014576470558800065,0.019692437045508316,0.24367250914934768,0.23970538620597726,0.24762297604995243,0.8957950000000001,0.8896622447916667,0.9020807604166666,0.02629669342190027,0.022588542579766363,0.030278992929309603,0.04551170087121518,0.03441967206626565,0.05817075267779226,-0.37142428125966864,-0.37835616849896053,-0.36493269142067936,0.37236967858629,0.36531090219972534,0.3796040111025066,0.2,0.1559,0.252,0.0,0.0,0.0,0.0,0.0,0.0,-0.28987443477156205,-0.3012852100236212,-0.2768874069639148,-7.161072298982868,-10.169044097593366,-5.447175950568719,-3.554567509993263,-4.075656573804443,-3.1023793256740757,0.748,0.6959,0.796,0.28251319081808357,0.2617100480195584,0.3045335957743493,-0.3784252217994979,-0.5758285307182497,-0.24807935599468434,0.0417155442237854,0.02645050082206726,0.05996769703030586,0.044,0.016,0.076,-0.017222775496661995,-0.024226438461341492,-0.011347285384893194,False
soft_objective_recourse,False,30.0,0.0,0.0,250,1.2295631392002107,1.1856610411167146,1.273701990145445,0.006663165063961566,0.0051181314716433855,0.008571326042785021,0.24468448439508517,0.2410903341540809,0.24804712944482413,0.8991904166666665,0.892816953125,0.9057927135416666,0.02629669342190027,0.022588542579766363,0.030278992929309603,0.04551170087121518,0.03441967206626565,0.05817075267779226,-0.38175217183734633,-0.38884213399457634,-0.3746410812359462,0.38418545786334746,0.3779765144768387,0.3902780835250687,0.428,0.368,0.492,0.0,0.0,0.0,0.0,0.0,0.0,-0.3002023253492397,-0.31140831192447876,-0.2878907698352539,-7.388000547762289,-10.54953808057745,-5.605545950196496,-3.6812126359185946,-4.19633808068229,-3.2165591767483783,0.748,0.6959,0.796,0.2894039050613923,0.268013021849801,0.31089087940271476,0.0,0.0,0.0,0.0,0.0,0.0,0.0,0.0,0.0,0.0,0.0,0.0,False
direct_invariance_only,False,30.0,0.5,0.0,250,1.2383737256526948,1.1956177025973798,1.2800462202727794,0.006376904257653732,0.004850524592740484,0.008287939204508508,0.2421266787084097,0.23828406151372683,0.24599052712051733,0.8989891666666667,0.8927675104166667,0.905556125,0.02629669342190027,0.022588542579766363,0.030278992929309603,0.04551170087121518,0.03441967206626565,0.05817075267779226,-0.38916650191425173,-0.3959232921577339,-0.38207122856233033,0.39111732068611604,0.3849845292912423,0.39716172989283455,0.448,0.388,0.512,0.0,0.0,0.0,0.0,0.0,0.0,-0.30761665542614514,-0.31851638741759997,-0.29567071604573686,-7.550910962775909,-10.758589673357267,-5.733059630487172,-3.7721304045741952,-4.285657264393502,-3.302212897111638,0.748,0.6959,0.796,0.2955338686768364,0.27334571275390995,0.3176553409560931,-0.16291041501362002,-0.25319684216221017,-0.09580451883585633,0.00881058645248413,0.002371821641921997,0.0193162944316864,0.02,0.004,0.04,-0.007414330076905401,-0.010768620192507563,-0.00447818827218104,False
direct_invariance_only,False,30.0,1.0,0.0,250,1.2416314697265625,1.1990020148158071,1.2827725563287733,0.006300856546350292,0.00481650195296043,0.008197767066288237,0.2409472129946932,0.23696047044015367,0.24496203942173786,0.8993614583333333,0.8932462395833333,0.9059037291666666,0.02629669342190027,0.022588542579766363,0.030278992929309603,0.04551170087121518,0.03441967206626565,0.05817075267779226,-0.3920992000786298,-0.39852910772649697,-0.38512989977283735,0.3938644580867352,0.38786795912019967,0.39966080540142424,0.448,0.388,0.512,0.0,0.0,0.0,0.0,0.0,0.0,-0.3105493535905232,-0.3218617927118123,-0.2984497379262978,-7.6153492963964595,-10.789410949906635,-5.782615464862796,-3.8080924362722657,-4.31735080175677,-3.335829870330472,0.748,0.6959,0.796,0.2978593421896478,0.27537398000883734,0.3197238617590841,-0.22734874863417076,-0.34360174736784127,-0.13858309070467176,0.01206833052635193,0.002916022777557373,0.023041516304016112,0.02,0.0,0.044,-0.010347028241283505,-0.014610603733595295,-0.006583766254533279,False
direct_invariance_only,False,30.0,2.0,0.0,250,1.2558066239356995,1.2144678627073764,1.2965102553904058,0.005986174124911615,0.0045157819513353655,0.007912624554875609,0.23772283428342597,0.23304665574152525,0.24212356743856017,0.9013714583333333,0.8948290885416667,0.9076303645833332,0.02629669342190027,0.022588542579766363,0.030278992929309603,0.04551170087121518,0.03441967206626565,0.05817075267779226,-0.4003089656251053,-0.4061570790642942,-0.3939599519116575,0.4014320405521494,0.39562531245152716,0.4069864608345429,0.472,0.412,0.536,0.0,0.0,0.0,0.0,0.0,0.0,-0.31875911913699867,-0.3288048068160863,-0.30782220250555015,-7.795737315066795,-11.051127279860037,-5.94403614901417,-3.9087641836761415,-4.436901026876401,-3.437197489797055,0.748,0.6959,0.796,0.30490140840480007,0.282031277421067,0.32712970846228273,-0.40773676730450603,-0.5988505214531155,-0.2636379951264997,0.026243484735488893,0.014116885757446289,0.03938118792176246,0.044,0.016,0.072,-0.01855679378775897,-0.02548997059805108,-0.012925656456961894,False
direct_invariance_only,False,30.0,4.266636702451111,0.0,250,1.2819176096916198,1.243937627875805,1.3196791568398476,0.0055772659044005645,0.00410253765205662,0.007504006216066953,0.23322623089540362,0.2278489486303674,0.23830704698468785,0.9040541666666666,0.8982810208333334,0.90987571875,0.02629669342190027,0.022588542579766363,0.030278992929309603,0.04551170087121518,0.03441967206626565,0.05817075267779226,-0.4113357488544984,-0.4175207261928142,-0.40506502072293843,0.41199733456033405,0.4056299880458805,0.41784184517837464,0.508,0.444,0.572,0.0,0.0,0.0,0.0,0.0,0.0,-0.3297859023663918,-0.3392599365682571,-0.32006133709603884,-8.038021892841545,-11.36959732957385,-6.153709615351398,-4.043979437956249,-4.567516935225167,-3.569526958324726,0.748,0.6959,0.796,0.3143569218550538,0.29122773150458814,0.3383260802071528,-0.6500213450792565,-0.9039703873186323,-0.4705690402762037,0.0523544704914093,0.036399503111839294,0.0703616862773895,0.08,0.04,0.12,-0.02958357701715213,-0.03813231962425333,-0.02203928937229955,True
direct_invariance_only,False,30.0,5.0,0.0,250,1.2892422969341277,1.2528237853229045,1.3255166724741458,0.005498788266361305,0.003948497059384501,0.007437898695263327,0.23216084620902042,0.2267269227151763,0.23762220695722985,0.9043893749999999,0.8986826874999999,0.9102596927083334,0.02629669342190027,0.022588542579766363,0.030278992929309603,0.04551170087121518,0.03441967206626565,0.05817075267779226,-0.4137328704134644,-0.42023355230621956,-0.4075863866425945,0.41416830814968636,0.40824383011088833,0.4202424286124494,0.508,0.448,0.576,0.0,0.0,0.0,0.0,0.0,0.0,-0.3321830239253578,-0.34200454322979823,-0.3220664324516127,-8.090692338311143,-11.413477026185372,-6.219611552598395,-4.073373994318971,-4.590362455062336,-3.605843220908832,0.748,0.6959,0.796,0.3154668533736392,0.2920341385630021,0.3393000169472484,-0.7026917905488546,-0.9841404565314179,-0.5124301943077348,0.059679157733917236,0.04209329543709755,0.0800376100540161,0.08,0.04,0.12,-0.03198069857611806,-0.04122862507133452,-0.024260304837301176,False
transport_anchor_only,False,0.0,0.0,0.1,250,0.0,0.0,0.0,0.6107699646389924,0.5804956151053366,0.6404024468500761,0.11836630183691023,0.1074536868767295,0.12838542809088507,0.7761133333333333,0.7658986666666667,0.7856268333333334,0.02629669342190027,0.022588542579766363,0.030278992929309603,0.04551170087121518,0.03441967206626565,0.05817075267779226,0.04551170087121518,0.03356259138585585,0.05687145350424278,0.10827520427504958,0.10003783681275755,0.11643478513108754,0.008,0.0,0.02,0.0,0.0,0.0,0.0,0.0,0.0,0.0,0.0,0.0,0.0,0.0,0.0,0.0,0.0,0.0,0.0,0.0,0.0,0.0,0.0,0.0,0.0,0.0,0.0,0.0,0.0,0.0,0.0,0.0,0.0,0.0,0.0,0.0,False
mediation_aware_recourse,False,0.0,0.5,0.1,250,0.0,0.0,0.0,0.6107699646389924,0.5804956151053366,0.6404024468500761,0.11836630183691023,0.1074536868767295,0.12838542809088507,0.7761133333333333,0.7658986666666667,0.7856268333333334,0.02629669342190027,0.022588542579766363,0.030278992929309603,0.04551170087121518,0.03441967206626565,0.05817075267779226,0.04551170087121518,0.03356259138585585,0.05687145350424278,0.10827520427504958,0.10003783681275755,0.11643478513108754,0.008,0.0,0.02,0.0,0.0,0.0,0.0,0.0,0.0,0.0,0.0,0.0,0.0,0.0,0.0,0.0,0.0,0.0,0.0,0.0,0.0,0.0,0.0,0.0,0.0,0.0,0.0,0.0,0.0,0.0,0.0,0.0,0.0,0.0,0.0,0.0,False
mediation_aware_recourse,False,0.0,1.0,0.1,250,0.0,0.0,0.0,0.6107699646389924,0.5804956151053366,0.6404024468500761,0.11836630183691023,0.1074536868767295,0.12838542809088507,0.7761133333333333,0.7658986666666667,0.7856268333333334,0.02629669342190027,0.022588542579766363,0.030278992929309603,0.04551170087121518,0.03441967206626565,0.05817075267779226,0.04551170087121518,0.03356259138585585,0.05687145350424278,0.10827520427504958,0.10003783681275755,0.11643478513108754,0.008,0.0,0.02,0.0,0.0,0.0,0.0,0.0,0.0,0.0,0.0,0.0,0.0,0.0,0.0,0.0,0.0,0.0,0.0,0.0,0.0,0.0,0.0,0.0,0.0,0.0,0.0,0.0,0.0,0.0,0.0,0.0,0.0,0.0,0.0,0.0,False
mediation_aware_recourse,False,0.0,2.0,0.1,250,0.005085364580154419,0.0,0.011865850687026978,0.6186553281764031,0.5886422896550265,0.6471713776264618,0.11573898805189667,0.10535106711977958,0.12510412179923963,0.7763543750000002,0.7662425677083333,0.7858101875000002,0.02629669342190027,0.022588542579766363,0.030278992929309603,0.04551170087121518,0.03441967206626565,0.05817075267779226,0.04888068946870348,0.03729718753450343,0.059774166331647005,0.10763726666669193,0.09896461210530298,0.11586332732706181,0.008,0.0,0.02,0.0,0.0,0.0,0.0,0.0,0.0,7.187133180405258e-05,-0.0018738113390041429,0.002166531627469055,-0.07402466910699634,-0.18704372517458864,0.0,0.0008813178062144766,-0.0226374410944144,0.023422064919203112,0.012,0.0,0.028,0.0016485586328421242,0.0,0.004313961873863705,-0.07402466910699634,-0.17817751310005842,0.0,0.005085364580154419,0.0,0.011865850687026978,0.0,0.0,0.0,7.187133180405258e-05,-0.001796705045951388,0.002166531627469055,False
mediation_aware_recourse,False,0.0,4.266636702451111,0.1,250,0.1661219096183777,0.13899996519088745,0.19154873251914978,0.7802828232274501,0.7708647556934289,0.789496596696569,0.05712751940857202,0.052774650298150504,0.061698045125403285,0.7967129166666667,0.7874698645833333,0.8058484895833334,0.02629669342190027,0.022588542579766363,0.030278992929309603,0.04551170087121518,0.03441967206626565,0.05817075267779226,0.10647271460409614,0.09646430066758259,0.11674464320779089,0.11241540003135841,0.10306572832929466,0.12171251654104122,0.0,0.0,0.0,0.0,0.0,0.0,0.0,0.0,0.0,-0.025365492724655637,-0.03282926557474218,-0.018377226120309616,-1.3394580419084496,-2.087620454230949,-0.9088904460763898,-0.3110428016361133,-0.4233278969329068,-0.21348564078785157,0.208,0.16,0.26,0.020682082179835744,0.014907982533336117,0.026894784921664017,-1.3394580419084496,-2.007690151896448,-0.9138115356149947,0.1661219096183777,0.13899996519088745,0.19154873251914978,-0.008,-0.02,0.0,-0.025365492724655637,-0.03345747412463973,-0.017874026533393376,True
mediation_aware_recourse,False,0.0,5.0,0.1,250,0.1881584894657135,0.16103654503822326,0.2135853123664856,0.7912752099854062,0.7820788613810371,0.7998226258970353,0.05224889693790047,0.04839644619049874,0.05637594136315845,0.8003629166666667,0.7912363333333332,0.8090573177083333,0.02629669342190027,0.022588542579766363,0.030278992929309603,0.04551170087121518,0.03441967206626565,0.05817075267779226,0.10952959674773848,0.09982476154538768,0.11967516953683607,0.11391017981519604,0.10439598553785392,0.123267033415825,0.0,0.0,0.0,0.0,0.0,0.0,0.0,0.0,0.0,-0.02823828383257041,-0.03563212718958954,-0.021061233067302745,-1.4066249920580916,-2.1848486175364017,-0.9630451054171817,-0.34627022672187047,-0.4635546232168091,-0.24072673366939182,0.216,0.164,0.268,0.02100122540849036,0.015315426721084088,0.027451421794868914,-1.4066249920580916,-2.1028382396679897,-0.9624325673288465,0.1881584894657135,0.16103654503822326,0.2135853123664856,-0.008,-0.02,0.0,-0.02823828383257041,-0.035957350786689,-0.02062526016064361,False
transport_anchor_only,False,1.0,0.0,0.1,250,0.15189797687530518,0.12181137180328369,0.18707378269433975,0.4334614322559607,0.39723988324333376,0.4678727303073105,0.16672216316670055,0.15535970270617558,0.17743987430503314,0.7787360416666668,0.76906896875,0.7883957395833334,0.02629669342190027,0.022588542579766363,0.030278992929309603,0.04551170087121518,0.03441967206626565,0.05817075267779226,-0.05498423839168171,-0.07318865806835663,-0.03711914293741719,0.13871498385548575,0.12533353011137557,0.1509237181563457,0.008,0.0,0.02,0.0,0.0,0.0,0.0,0.0,0.0,-0.029025434944723014,-0.039437851083145556,-0.019823229761360847,-0.20813411362653866,-0.7926751278955821,0.20712927199005177,-0.3559226190444902,-0.4808888896850921,-0.23433191995906077,0.244,0.19590000000000002,0.3,0.06476068710380994,0.05099496101792826,0.0801095951408357,0.06419308645409738,0.0,0.163541774026433,-0.0034669663906097413,-0.009514976739883423,0.0,0.0,0.0,0.0,0.002104630048600437,0.0,0.005300274348838376,False
mediation_aware_recourse,False,1.0,0.5,0.1,250,0.07558275055885315,0.05154223775267601,0.10131838489174842,0.5169595645577856,0.4826058529667172,0.5498353376577892,0.14272387665336514,0.13165013801523545,0.1538044546124271,0.7754233333333334,0.7657310208333334,0.7846571250000001,0.02629669342190027,0.022588542579766363,0.030278992929309603,0.04551170087121518,0.03441967206626565,0.05817075267779226,-0.01108110675610306,-0.027208629203265798,0.00509639358621612,0.12259036738318295,0.11104205568770585,0.13380725173453842,0.008,0.0,0.02,0.0,0.0,0.0,0.0,0.0,0.0,-0.013643609380613967,-0.020721125155869085,-0.007363098440969506,0.7565218055141609,0.2788171652508188,0.9820876387829068,-0.16730392475482803,-0.25165642388478665,-0.08370065239405837,0.124,0.084,0.168,0.0351182085039661,0.02304952825894315,0.04770716802240169,1.028849005594797,0.664343170484795,1.4360402520602877,-0.07978219270706177,-0.10640566755533218,-0.05645967993140222,0.0,0.0,0.0,0.017486455612709485,0.010054948367854888,0.02567350385894409,False
mediation_aware_recourse,False,1.0,1.0,0.1,250,0.007666408538818359,0.0016951215267181395,0.016143934255838394,0.5992078379775407,0.5669158127419125,0.6293318947033074,0.12151332610238373,0.11114353165200432,0.1317138397349292,0.7742791666666667,0.7641296354166667,0.7839506458333333,0.02629669342190027,0.022588542579766363,0.030278992929309603,0.04551170087121518,0.03441967206626565,0.05817075267779226,0.038971117019470425,0.02693573983908222,0.050802753248191196,0.10741641853972632,0.09891973523010068,0.11560819914536116,0.008,0.0,0.02,0.0,0.0,0.0,0.0,0.0,0.0,0.0013898787922019724,-0.0008172708873119891,0.004025848418865687,0.14371213834114216,0.02542324306153439,0.3074676333125661,0.01704330359965367,-0.01029008770262394,0.05340033784489664,0.016,0.004,0.032,0.002575352529771389,0.0002555581499521189,0.005986570721346235,0.4160393384217782,-0.04559578194821733,0.9915875257759856,-0.14769853472709657,-0.1838514620423317,-0.11832992968559267,0.0,0.0,0.0,0.032519943785525425,0.023870297466176096,0.04293683066247783,False
mediation_aware_recourse,False,1.0,2.0,0.1,250,0.0,0.0,0.0,0.6107699646389924,0.5804956151053366,0.6404024468500761,0.11836630183691023,0.1074536868767295,0.12838542809088507,0.7761133333333333,0.7658986666666667,0.7856268333333334,0.02629669342190027,0.022588542579766363,0.030278992929309603,0.04551170087121518,0.03441967206626565,0.05817075267779226,0.04551170087121518,0.03356259138585585,0.05687145350424278,0.10827520427504958,0.10003783681275755,0.11643478513108754,0.008,0.0,0.02,0.0,0.0,0.0,0.0,0.0,0.0,0.0,0.0,0.0,0.0,0.0,0.0,0.0,0.0,0.0,0.0,0.0,0.0,0.0,0.0,0.0,0.27232720008063604,-0.17553530195770808,0.8081434208380166,-0.1553649432659149,-0.1906540962100029,-0.12446913909912109,0.0,0.0,0.0,0.03113006499332345,0.021593306962661346,0.04167400614868747,False
mediation_aware_recourse,False,1.0,4.266636702451111,0.1,250,0.0,0.0,0.0,0.6107699646389924,0.5804956151053366,0.6404024468500761,0.11836630183691023,0.1074536868767295,0.12838542809088507,0.7761133333333333,0.7658986666666667,0.7856268333333334,0.02629669342190027,0.022588542579766363,0.030278992929309603,0.04551170087121518,0.03441967206626565,0.05817075267779226,0.04551170087121518,0.03356259138585585,0.05687145350424278,0.10827520427504958,0.10003783681275755,0.11643478513108754,0.008,0.0,0.02,0.0,0.0,0.0,0.0,0.0,0.0,0.0,0.0,0.0,0.0,0.0,0.0,0.0,0.0,0.0,0.0,0.0,0.0,0.0,0.0,0.0,0.27232720008063604,-0.17553530195770808,0.8081434208380166,-0.1553649432659149,-0.1906540962100029,-0.12446913909912109,0.0,0.0,0.0,0.03113006499332345,0.021593306962661346,0.04167400614868747,True
mediation_aware_recourse,False,1.0,5.0,0.1,250,0.013560972213745116,0.005085364580154419,0.023731701374053955,0.6277999248821655,0.5965811168810706,0.6558233424598516,0.11211560584868041,0.1015612514635191,0.12184407133527052,0.7754783333333334,0.765425453125,0.7851473958333335,0.02629669342190027,0.022588542579766363,0.030278992929309603,0.04551170087121518,0.03441967206626565,0.05817075267779226,0.05136395437896374,0.039604406030462024,0.06223953724348519,0.10665595951259965,0.09795792495606351,0.1148412305100808,0.008,0.0,0.02,0.0,0.0,0.0,0.0,0.0,0.0,0.0005996892827637606,-0.0012340896326514586,0.002677212844611378,-0.12858788829511614,-0.2680840062716332,-0.04018320403029073,0.007353653116333181,-0.016855864205091553,0.031699613482677594,0.032,0.012,0.056,0.0026262821124924006,0.000841887623765465,0.004765947424183729,0.1437393117855199,-0.26334662281400134,0.6479001321362755,-0.1418039710521698,-0.17867681648135186,-0.10993104538917543,0.0,0.0,0.0,0.03172975427608721,0.0222963278336416,0.04250203029542703,False
transport_anchor_only,False,3.0,0.0,0.1,250,0.6997103800773621,0.6512749507367611,0.7466101847887039,0.08320380054485059,0.07376862378314168,0.09335340416055647,0.2495719599775362,0.24677430041842371,0.2526802158753401,0.8804704166666668,0.8727739427083334,0.8872777760416667,0.02629669342190027,0.022588542579766363,0.030278992929309603,0.04551170087121518,0.03441967206626565,0.05817075267779226,-0.28334759066730136,-0.2941330836287349,-0.27200050469095305,0.2925467345699867,0.283381858729255,0.30118537721044,0.008,0.0,0.02,0.0,0.0,0.0,0.0,0.0,0.0,-0.20231249161778708,-0.21550514390424422,-0.18759637606849244,-5.225818531130979,-7.442844693384517,-3.9669614896238543,-2.4808445426968735,-2.8480086138887293,-2.1319251934954013,0.732,0.676,0.784,0.22963881960964744,0.21142735560922443,0.24822567192338826,0.03349462859896235,-0.00039806396659241016,0.08354773547159429,-0.0034669663906097413,-0.009514976739883423,0.0,0.0,0.0,0.0,0.0015243975175884658,-2.201316711463308e-05,0.003548721016872484,False
mediation_aware_recourse,False,3.0,0.5,0.1,250,0.6921764705181122,0.64368469080925,0.7398538205742836,0.08579628397595322,0.07629207501917229,0.0960488090590779,0.24895952868983653,0.24615549780292179,0.2520160813593508,0.879225625,0.8714545624999999,0.8864754895833333,0.02629669342190027,0.022588542579766363,0.030278992929309603,0.04551170087121518,0.03441967206626565,0.05817075267779226,-0.28157521397177426,-0.2925882149082707,-0.269780659023405,0.2910343803803961,0.2815292784080135,0.29943682810945205,0.008,0.0,0.02,0.0,0.0,0.0,0.0,0.0,0.0,-0.20054011492225995,-0.21386586661550727,-0.1858704615235093,-5.186875211905393,-7.367780576558546,-3.943548313749886,-2.4591108819745866,-2.8267624775095745,-2.1046222954104556,0.732,0.676,0.784,0.23008582378227288,0.21198645901534005,0.24891131148924003,0.0724379478245476,0.016411762034660306,0.15278744703055824,-0.011000875949859618,-0.02091183770895004,-0.0025810439586639406,0.0,0.0,0.0,0.0032967742131155813,0.0007775445983714759,0.006219354281436499,False
mediation_aware_recourse,False,3.0,1.0,0.1,250,0.688318749666214,0.6421757984101772,0.7333246716499329,0.08724938326208917,0.07713378249034207,0.09768922436669578,0.2481798667468612,0.2453030697252858,0.25127040297187997,0.8797543750000001,0.8719585312499999,0.8868999010416666,0.02629669342190027,0.022588542579766363,0.030278992929309603,0.04551170087121518,0.03441967206626565,0.05817075267779226,-0.28180853109988646,-0.2924645242613453,-0.2697431413018402,0.2910805432153107,0.2821734951740645,0.2995125583384576,0.008,0.0,0.02,0.0,0.0,0.0,0.0,0.0,0.0,-0.2007734320503722,-0.2144819023074308,-0.18598103599974458,-5.192001742526,-7.390018350529834,-3.9492679503940007,-2.461971918974163,-2.8338355573383467,-2.0991829934727337,0.732,0.676,0.784,0.23148418482620586,0.21349997449472558,0.2509411607062972,0.06731141720394085,-0.02050530950124174,0.16794195547870952,-0.014858596801757813,-0.02714138020277023,-0.004743643283843994,0.0,0.0,0.0,0.003063457085003331,-0.0009830512974740924,0.006970565334506721,False
mediation_aware_recourse,False,3.0,2.0,0.1,250,0.6843843054771424,0.636781760674715,0.7291705440282822,0.08924768530216236,0.0788047652655726,0.10022756185556757,0.24693754296925233,0.24386065479956961,0.2501789893615503,0.8786264583333334,0.8708901458333334,0.8859154999999999,0.02629669342190027,0.022588542579766363,0.030278992929309603,0.04551170087121518,0.03441967206626565,0.05817075267779226,-0.28249006042348274,-0.2934644376368568,-0.2711624619667164,0.290584669887101,0.28132364780958113,0.2996050691620409,0.008,0.0,0.02,0.0,0.0,0.0,0.0,0.0,0.0,-0.20118087629396753,-0.21434536359944473,-0.18702453544439157,-5.206976558025091,-7.378235924212262,-3.962520364440441,-2.46696817906712,-2.850790212004875,-2.1016323989094565,0.74,0.684,0.792,0.2343298344179533,0.21697031121623608,0.25283949854475185,0.05233660170484988,-0.10134801938931985,0.21165756196157584,-0.018793040990829468,-0.038606590038537975,-0.001348169672489171,0.0,0.0,0.0,0.0026560128414080185,-0.0038398282694115183,0.009034035058512071,False
mediation_aware_recourse,False,3.0,4.266636702451111,0.1,250,0.5301964619159698,0.48566569994688036,0.5730010997116566,0.17858438008251748,0.1492289463662599,0.21152602254268715,0.21771860815362346,0.2082940687326164,0.22582205498458188,0.8500545833333333,0.8413626145833333,0.8583640312499999,0.02629669342190027,0.022588542579766363,0.030278992929309603,0.04551170087121518,0.03441967206626565,0.05817075267779226,-0.2428660528001097,-0.25716259646005185,-0.22714881443269397,0.2502034600880429,0.23613198436089933,0.2632878772750028,0.008,0.0,0.02,0.0,0.0,0.0,0.0,0.0,0.0,-0.16195647847333994,-0.17638693291695384,-0.1471129495824379,-4.336343141456077,-6.093898692783803,-3.29496177076515,-1.985981402147213,-2.294636279839034,-1.6943658326822983,0.692,0.636,0.744,0.21202616117566384,0.19467522883402247,0.22996887814550956,0.9229700182738636,0.5223452986175199,1.472075574667201,-0.17298088455200195,-0.2245469581067562,-0.12117667267918587,0.0,0.0,0.0,0.041880410662035614,0.025675993720374376,0.0568961003343673,True
mediation_aware_recourse,False,3.0,5.0,0.1,250,0.4064238550662994,0.36782500299215315,0.4443336278259754,0.2599194772629701,0.22030985658586774,0.30238833701463624,0.1916363502166995,0.1801394639146837,0.20213381924604612,0.8290712499999999,0.8197487760416666,0.8370234375,0.02629669342190027,0.022588542579766363,0.030278992929309603,0.04551170087121518,0.03441967206626565,0.05817075267779226,-0.20508150479208362,-0.22264562423458567,-0.18829778899232455,0.217572462574279,0.20222548255317715,0.23303698251316257,0.012,0.0,0.02409999999999991,0.0,0.0,0.0,0.0,0.0,0.0,-0.12808421568433773,-0.14179846835495347,-0.11415061663542696,-3.506127014949505,-4.944534977171607,-2.7111692327565775,-1.5706248533897336,-1.8174614079694695,-1.3474920763078297,0.584,0.524,0.648,0.1775661814336583,0.1593670352394554,0.1967254766786375,1.753186144780436,1.1572754045920963,2.640267045508531,-0.29675349140167234,-0.3649546624541283,-0.2311216773629189,0.004,0.0,0.012,0.07575267345103784,0.05615656446249866,0.09550735672620123,False
transport_anchor_only,False,10.0,0.0,0.1,250,1.0255392751693726,0.9703437308073044,1.0795362204492092,0.019934726833463992,0.0173444324808289,0.02271944480544369,0.2490854335032871,0.24612708777126088,0.2520239600507603,0.8958283333333333,0.8895820104166667,0.9023515989583335,0.02629669342190027,0.022588542579766363,0.030278992929309603,0.04551170087121518,0.03441967206626565,0.05817075267779226,-0.35486526658728806,-0.3620324748440711,-0.34731515209958674,0.35718953357572336,0.35074804760134165,0.36343358408912707,0.156,0.112,0.208,0.0,0.0,0.0,0.0,0.0,0.0,-0.27331542009918147,-0.28570661227447236,-0.2592651866374941,-6.797231476614182,-9.679985249898516,-5.114541918193002,-3.3515136063320767,-3.8447486757280243,-2.913473957900261,0.748,0.6959,0.796,0.2696702108062188,0.2497302398760774,0.29016275825036086,-0.014584399430812134,-0.033137591055252935,-0.0015654946852353914,0.0,0.0,0.0,0.0,0.0,0.0,-0.0006637608242814295,-0.0014204895515305504,-7.603638824150493e-05,False
mediation_aware_recourse,False,10.0,0.5,0.1,250,1.036595927476883,0.9817119821369649,1.0908843161284922,0.018842310606425976,0.016322217289135407,0.021715909908708572,0.24828045616662178,0.2451177492482032,0.25121150446390933,0.8961247916666666,0.8898813489583334,0.9024964374999999,0.02629669342190027,0.022588542579766363,0.030278992929309603,0.04551170087121518,0.03441967206626565,0.05817075267779226,-0.358070821746701,-0.36490424917365744,-0.3510618266528705,0.3599113213741265,0.3534457934650033,0.3659133146719351,0.172,0.128,0.224,0.0,0.0,0.0,0.0,0.0,0.0,-0.27652097525859437,-0.28890052619986956,-0.26323598259905645,-6.867665125501173,-9.751950915119181,-5.1738244507216065,-3.3908215302271936,-3.9029362793419353,-2.938293282044427,0.748,0.6959,0.796,0.27050616250994286,0.2502708601192151,0.29085292469988067,-0.08501804831780291,-0.17336318874607431,-0.03109794417245471,0.011056652307510377,0.0033902432918548582,0.021304105043411254,0.016,0.004,0.032,-0.0038693159836943637,-0.007143887832109631,-0.0015132563181107278,False
mediation_aware_recourse,False,10.0,1.0,0.1,250,1.0368051497936248,0.9825386280596256,1.0905724905908107,0.018871878805007403,0.016256846281293577,0.02171600144509194,0.24775007349000566,0.24461486041392763,0.25075780383357826,0.89589125,0.8895760989583332,0.9022290052083334,0.02629669342190027,0.022588542579766363,0.030278992929309603,0.04551170087121518,0.03441967206626565,0.05817075267779226,-0.3595774282138044,-0.36597087260935945,-0.35270664421753944,0.36113515018059966,0.3550627055511971,0.36713714347840826,0.172,0.1279,0.224,0.0,0.0,0.0,0.0,0.0,0.0,-0.27802758172569775,-0.29026380495962173,-0.26402849702159636,-6.900768842529167,-9.811802679668535,-5.2053811306292435,-3.409296199794145,-3.9193368962297646,-2.9543510316024237,0.748,0.6959,0.796,0.27201276897704624,0.2517844968256741,0.29261839551061836,-0.11812176534579688,-0.21722070061936524,-0.05192412367875461,0.011265874624252319,0.0019043443143367767,0.021593363189697262,0.016,0.0,0.036,-0.005375922450797732,-0.00933115842608071,-0.0025653152683833497,False
mediation_aware_recourse,False,10.0,2.0,0.1,250,1.0429856593608857,0.9900236739635467,1.0959495654046536,0.018443985691707344,0.01586090133295091,0.021253671974756392,0.24652204785845483,0.24329803714575723,0.24959869947677787,0.8960785416666668,0.8897858072916667,0.9023886770833334,0.02629669342190027,0.022588542579766363,0.030278992929309603,0.04551170087121518,0.03441967206626565,0.05817075267779226,-0.3633103133942328,-0.36951030486760605,-0.35671509353702463,0.3644818779487954,0.3584502213292766,0.37021755127022266,0.176,0.132,0.228,0.0,0.0,0.0,0.0,0.0,0.0,-0.2817604669061262,-0.293857166743529,-0.26863234182950557,-6.982789182550986,-9.94999448417888,-5.29021416401895,-3.45507047578831,-3.9657802918768184,-3.005603558373486,0.748,0.6959,0.796,0.2749062529737731,0.2547437022451795,0.29525439467689185,-0.20014210536761645,-0.3239812439953633,-0.1067261867799423,0.01744638419151306,0.006598954433202743,0.02803870260119438,0.02,0.0,0.04,-0.009108807631226136,-0.013835227578998568,-0.005356655746146781,False
mediation_aware_recourse,False,10.0,4.266636702451111,0.1,250,1.0564141325950622,1.0026507982254027,1.1099209601104258,0.017572336678585272,0.01508930812191275,0.020314998131607424,0.2448054608206014,0.24110126320419942,0.24832191687235122,0.8952204166666667,0.888927328125,0.9014618177083333,0.02629669342190027,0.022588542579766363,0.030278992929309603,0.04551170087121518,0.03441967206626565,0.05817075267779226,-0.3682273960804975,-0.37481156022086487,-0.361925853271926,0.3691727934071189,0.36287143786482495,0.3756796338416701,0.18,0.132,0.22809999999999991,0.0,0.0,0.0,0.0,0.0,0.0,-0.28667754959239083,-0.29850854070118255,-0.2741268082923597,-7.090829150122811,-10.064431502954802,-5.381149401515366,-3.5153659012000773,-4.040439281868782,-3.0615693287709074,0.748,0.6959,0.796,0.27931630563891235,0.25877302008074266,0.3008069234471936,-0.30818207293944155,-0.48560292380654546,-0.18888989492377478,0.030874857425689697,0.018202376347780228,0.046134787791967384,0.024,0.0,0.052,-0.014025890317490816,-0.020132624472680598,-0.008966034211177787,True
mediation_aware_recourse,False,10.0,5.0,0.1,250,1.0689499409198762,1.0164365916371345,1.121278614604473,0.01688716733533582,0.014437886958216982,0.01960258504695093,0.24357867451838916,0.23962821808887377,0.2474789853356562,0.8954200000000001,0.8892137291666666,0.9018147343749999,0.02629669342190027,0.022588542579766363,0.030278992929309603,0.04551170087121518,0.03441967206626565,0.05817075267779226,-0.3718806407990231,-0.3787500385645684,-0.36538673704370495,0.3728236224798787,0.3657752781044358,0.37994756935642165,0.2,0.1559,0.252,0.0,0.0,0.0,0.0,0.0,0.0,-0.2903307943109165,-0.3018176166629865,-0.27733023764095693,-7.171099600327764,-10.176637638077919,-5.453758375520377,-3.560163590905826,-4.087933999135055,-3.107597053277583,0.748,0.6959,0.796,0.2828860424720348,0.2626650812455283,0.3051866198189974,-0.3884525231443945,-0.5831801728270005,-0.2607584799714226,0.04341066575050354,0.028081278669834137,0.06163582063913345,0.044,0.016,0.076,-0.01767913503601646,-0.02457266326858174,-0.01164849524464259,False
transport_anchor_only,False,30.0,0.0,0.1,250,1.2319349608421326,1.1865992572188377,1.2753111200630665,0.006585525800115664,0.0050466265861572965,0.00847936730194218,0.2441487630301409,0.2406376471529739,0.24764205787647459,0.8976177083333333,0.8912022135416666,0.9042615468749999,0.02629669342190027,0.022588542579766363,0.030278992929309603,0.04551170087121518,0.03441967206626565,0.05817075267779226,-0.3835784220388926,-0.3905698766792105,-0.3764474651846219,0.385835092182688,0.37965734369069226,0.39180596325962924,0.428,0.368,0.492,0.0,0.0,0.0,0.0,0.0,0.0,-0.30202857555078594,-0.313490571374445,-0.289710996182272,-7.428127595677154,-10.57707891401385,-5.627995156511242,-3.7036069172102533,-4.221610849304789,-3.234334399787683,0.748,0.6959,0.796,0.2906424308268987,0.2686878879202973,0.3125109451973576,-0.04012704791486499,-0.08588372369609755,0.001882149153781015,0.002371821641921997,0.0,0.007115464925765991,0.0,-0.012,0.012,-0.0018262502015462868,-0.0038968573585291912,8.057491424047898e-05,False
mediation_aware_recourse,False,30.0,0.5,0.1,250,1.2360019040107728,1.193050508493185,1.278993840187788,0.00645134729984205,0.004903499881048995,0.008402071497411763,0.24241284288987905,0.23856961398529608,0.24616988971041567,0.8988289583333333,0.8925245572916668,0.9053466666666667,0.02629669342190027,0.022588542579766363,0.030278992929309603,0.04551170087121518,0.03441967206626565,0.05817075267779226,-0.38846728634612193,-0.39525398340286294,-0.38151564749508055,0.39041866299473715,0.3844232637601314,0.3963105368430774,0.444,0.3839,0.508,0.0,0.0,0.0,0.0,0.0,0.0,-0.3069174398580153,-0.3178294387435933,-0.2948847019464881,-7.535547538541152,-10.717310551931428,-5.727154249846683,-3.763556316476656,-4.26686956165104,-3.292229629664578,0.748,0.6959,0.796,0.2948346531087065,0.27260578975387706,0.31690713488505,-0.14754699077886357,-0.233658869513438,-0.08572369303788872,0.0064387648105621335,0.0006767001152038574,0.014230929851531982,0.016,0.004,0.036,-0.006715114508775537,-0.009967430448380133,-0.003963842256994867,False
mediation_aware_recourse,False,30.0,1.0,0.1,250,1.2416314697265625,1.1990020148158071,1.2827725563287733,0.006300856546350292,0.00481650195296043,0.008197767066288237,0.2409472129946932,0.23696047044015367,0.24496203942173786,0.8993614583333333,0.8932462395833333,0.9059037291666666,0.02629669342190027,0.022588542579766363,0.030278992929309603,0.04551170087121518,0.03441967206626565,0.05817075267779226,-0.3920992000786298,-0.39852910772649697,-0.38512989977283735,0.3938644580867352,0.38786795912019967,0.39966080540142424,0.448,0.388,0.512,0.0,0.0,0.0,0.0,0.0,0.0,-0.3105493535905232,-0.3218617927118123,-0.2984497379262978,-7.6153492963964595,-10.789410949906635,-5.782615464862796,-3.8080924362722657,-4.31735080175677,-3.335829870330472,0.748,0.6959,0.796,0.2978593421896478,0.27537398000883734,0.3197238617590841,-0.22734874863417076,-0.34360174736784127,-0.13858309070467176,0.01206833052635193,0.002916022777557373,0.023041516304016112,0.02,0.0,0.044,-0.010347028241283505,-0.014610603733595295,-0.006583766254533279,False
mediation_aware_recourse,False,30.0,2.0,0.1,250,1.2527581021785736,1.2100364693582057,1.294318520206213,0.006073490860355478,0.004549830554566432,0.008003709182582423,0.23794022562378714,0.23325859093504606,0.24226300275958954,0.9009160416666666,0.8945454374999999,0.9073402552083333,0.02629669342190027,0.022588542579766363,0.030278992929309603,0.04551170087121518,0.03441967206626565,0.05817075267779226,-0.3996700300053443,-0.4056818918605202,-0.39325054374064394,0.400795694172173,0.3952321787912337,0.4063011686010717,0.464,0.4,0.528,0.0,0.0,0.0,0.0,0.0,0.0,-0.3181201835172377,-0.3283498072107701,-0.3070536354294915,-7.7816983842527385,-11.038593680188876,-5.936528526182702,-3.900929274755078,-4.427362261698655,-3.4227873426802375,0.748,0.6959,0.796,0.3044355322160762,0.2815728902174622,0.32703182338641024,-0.39369783649044976,-0.578036113312685,-0.25520579157133544,0.023194962978363036,0.011594110250473022,0.03568284643888473,0.036,0.004,0.068,-0.017917858167998,-0.02462389291910813,-0.012370794107045575,False
mediation_aware_recourse,False,30.0,4.266636702451111,0.1,250,1.2796782870292664,1.2418219737172125,1.3172684282183647,0.005599440591179536,0.004106765880267556,0.0075240174052014115,0.23360531866831571,0.22798658676658337,0.23871917241918592,0.9031683333333332,0.8970129166666667,0.90909278125,0.02629669342190027,0.022588542579766363,0.030278992929309603,0.04551170087121518,0.03441967206626565,0.05817075267779226,-0.4103108171424668,-0.41661287270984887,-0.40398564882406945,0.4110337365063298,0.40472591765470756,0.4170609015637925,0.5,0.4399,0.5640999999999998,0.0,0.0,0.0,0.0,0.0,0.0,-0.3287609706543602,-0.3386057585964924,-0.31919024939134255,-8.015501712483271,-11.318429157954158,-6.129782271453723,-4.031411275584771,-4.553576212001533,-3.5633026612744945,0.748,0.6959,0.796,0.31393412048354885,0.2910436821488877,0.3378343145230385,-0.6275011647209823,-0.8730866039323705,-0.45068970672280684,0.05011514782905579,0.03474004006385803,0.06867388666868209,0.072,0.036,0.1080999999999999,-0.028558645305120527,-0.03689569696589439,-0.02142915938194275,True
mediation_aware_recourse,False,30.0,5.0,0.1,250,1.2868704752922058,1.2495034489572048,1.3236773632049559,0.005544825798602258,0.004027899798165485,0.007488596449455797,0.2323613360398688,0.2268985743242331,0.23764565767813592,0.9042320833333333,0.8984234583333335,0.9101796927083332,0.02629669342190027,0.022588542579766363,0.030278992929309603,0.04551170087121518,0.03441967206626565,0.05817075267779226,-0.4132332363229541,-0.4197206837520761,-0.4071605858077507,0.41366867405917607,0.40757528830634615,0.41956451915168247,0.504,0.4439,0.572,0.0,0.0,0.0,0.0,0.0,0.0,-0.3316833898348475,-0.34139822986537,-0.32171117908777624,-8.079714192450936,-11.39872654439484,-6.210691678663885,-4.06724726187217,-4.583385643236943,-3.603614065526408,0.748,0.6959,0.796,0.3149672192831289,0.29166845504392147,0.3385976097989816,-0.6917136446886474,-0.9738081199105603,-0.4998638407371383,0.05730733609199524,0.039891380774974824,0.07735681928396224,0.076,0.036,0.116,-0.03148106448560778,-0.04071693874070326,-0.023911601710734146,False
transport_anchor_only,False,0.0,0.0,0.5,250,0.0,0.0,0.0,0.6107699646389924,0.5804956151053366,0.6404024468500761,0.11836630183691023,0.1074536868767295,0.12838542809088507,0.7761133333333333,0.7658986666666667,0.7856268333333334,0.02629669342190027,0.022588542579766363,0.030278992929309603,0.04551170087121518,0.03441967206626565,0.05817075267779226,0.04551170087121518,0.03356259138585585,0.05687145350424278,0.10827520427504958,0.10003783681275755,0.11643478513108754,0.008,0.0,0.02,0.0,0.0,0.0,0.0,0.0,0.0,0.0,0.0,0.0,0.0,0.0,0.0,0.0,0.0,0.0,0.0,0.0,0.0,0.0,0.0,0.0,0.0,0.0,0.0,0.0,0.0,0.0,0.0,0.0,0.0,0.0,0.0,0.0,False
mediation_aware_recourse,False,0.0,0.5,0.5,250,0.0,0.0,0.0,0.6107699646389924,0.5804956151053366,0.6404024468500761,0.11836630183691023,0.1074536868767295,0.12838542809088507,0.7761133333333333,0.7658986666666667,0.7856268333333334,0.02629669342190027,0.022588542579766363,0.030278992929309603,0.04551170087121518,0.03441967206626565,0.05817075267779226,0.04551170087121518,0.03356259138585585,0.05687145350424278,0.10827520427504958,0.10003783681275755,0.11643478513108754,0.008,0.0,0.02,0.0,0.0,0.0,0.0,0.0,0.0,0.0,0.0,0.0,0.0,0.0,0.0,0.0,0.0,0.0,0.0,0.0,0.0,0.0,0.0,0.0,0.0,0.0,0.0,0.0,0.0,0.0,0.0,0.0,0.0,0.0,0.0,0.0,False
mediation_aware_recourse,False,0.0,1.0,0.5,250,0.0,0.0,0.0,0.6107699646389924,0.5804956151053366,0.6404024468500761,0.11836630183691023,0.1074536868767295,0.12838542809088507,0.7761133333333333,0.7658986666666667,0.7856268333333334,0.02629669342190027,0.022588542579766363,0.030278992929309603,0.04551170087121518,0.03441967206626565,0.05817075267779226,0.04551170087121518,0.03356259138585585,0.05687145350424278,0.10827520427504958,0.10003783681275755,0.11643478513108754,0.008,0.0,0.02,0.0,0.0,0.0,0.0,0.0,0.0,0.0,0.0,0.0,0.0,0.0,0.0,0.0,0.0,0.0,0.0,0.0,0.0,0.0,0.0,0.0,0.0,0.0,0.0,0.0,0.0,0.0,0.0,0.0,0.0,0.0,0.0,0.0,False
mediation_aware_recourse,False,0.0,2.0,0.5,250,0.005085364580154419,0.0,0.010170729160308837,0.6182486080415625,0.5893723113213363,0.6470971614602958,0.11588068764109147,0.10583213175075888,0.1254116586860119,0.7756370833333333,0.7656388697916667,0.7851260729166667,0.02629669342190027,0.022588542579766363,0.030278992929309603,0.04551170087121518,0.03441967206626565,0.05817075267779226,0.04873740547582519,0.037566162407203806,0.05956740563458522,0.10643820695228326,0.09823253735725203,0.11426746973049985,0.008,0.0,0.02,0.0,0.0,0.0,0.0,0.0,0.0,0.0017477737785926229,0.0,0.003937388200196513,-0.0708763799827612,-0.18875970659399813,0.0,0.021431968959592207,0.0,0.047575433847416,0.012,0.0,0.028,0.0007389654130086949,0.0,0.001688596343763318,-0.0708763799827612,-0.1691184905333283,0.0,0.005085364580154419,0.0,0.010170729160308837,0.0,0.0,0.0,0.0017477737785926229,0.0,0.003747562722096661,False
mediation_aware_recourse,False,0.0,4.266636702451111,0.5,250,0.157646301984787,0.13052435755729674,0.18142038139700886,0.7750942726256896,0.7647455290492464,0.7854649287450126,0.059340803910532175,0.054581223182038306,0.0638991451759376,0.7939464583333333,0.7844478437500001,0.8031221614583333,0.02629669342190027,0.022588542579766363,0.030278992929309603,0.04551170087121518,0.03441967206626565,0.05817075267779226,0.10498508155419604,0.09495954713644017,0.11536313467744184,0.11194024238496206,0.10240521067193496,0.12131086762675991,0.0,0.0,0.0,0.0,0.0,0.0,0.0,0.0,0.0,-0.024138506445288754,-0.03153367376626334,-0.017079142436093625,-1.3067712158522302,-2.051845097292302,-0.8883465104228481,-0.29599695750266286,-0.40993203276389956,-0.1969049787257222,0.2,0.152,0.252,0.020170423406447383,0.014454265209043185,0.026393132982812824,-1.3067712158522302,-1.9678544743437647,-0.8838738046283972,0.157646301984787,0.13052435755729674,0.18142038139700886,-0.008,-0.02,0.0,-0.024138506445288754,-0.03235196925871699,-0.016596360952512497,True
mediation_aware_recourse,False,0.0,5.0,0.5,250,0.18137800335884094,0.15425605893135072,0.2051097047328949,0.7878398253829404,0.7789833476462635,0.7964504871166971,0.05380400411773362,0.049620507734067405,0.05780293363134935,0.797331875,0.7883996927083333,0.8063191041666666,0.02629669342190027,0.022588542579766363,0.030278992929309603,0.04551170087121518,0.03441967206626565,0.05817075267779226,0.10858945803642213,0.09859655398062689,0.11850609346139308,0.1135230997498066,0.10395057616868414,0.12304145538135056,0.0,0.0,0.0,0.0,0.0,0.0,0.0,0.0,0.0,-0.027313195653324494,-0.034722226854493485,-0.02003013286593671,-1.3859679150137363,-2.1574727865777827,-0.944673031065157,-0.33492638955865983,-0.44952000063941433,-0.23348913017542278,0.212,0.164,0.264,0.020784156673721205,0.01489657524440333,0.027075857184472803,-1.3859679150137363,-2.0650067821091413,-0.9532279119641801,0.18137800335884094,0.15425605893135072,0.2051097047328949,-0.008,-0.02,0.0,-0.027313195653324494,-0.03500906480475651,-0.019840847311500036,False
transport_anchor_only,False,1.0,0.0,0.5,250,0.13972523283958435,0.11148527788519859,0.17086568274497985,0.44756809322736957,0.4116414313623948,0.481143866039451,0.1640212235972444,0.15250244567810042,0.1747081127400788,0.7723991666666667,0.7632743854166667,0.7813190104166666,0.02629669342190027,0.022588542579766363,0.030278992929309603,0.04551170087121518,0.03441967206626565,0.05817075267779226,-0.043994051700026446,-0.06123237743541241,-0.02689656871505937,0.13030246820800243,0.11868232568473239,0.14279499996489253,0.008,0.0,0.02,0.0,0.0,0.0,0.0,0.0,0.0,-0.01936844175773129,-0.029398326739628132,-0.01076618085201364,0.03334635142472997,-0.4850795566793712,0.41855322595531264,-0.23750433129945914,-0.36220620164289985,-0.11561143000959603,0.22,0.172,0.276,0.05443709716448646,0.041812260495081625,0.06835228312863387,0.305673551505366,0.08392222044128554,0.5732262279959623,-0.015639710426330566,-0.03201189661026001,-0.0018302563071251083,0.0,0.0,0.0,0.011761623235592157,0.005778219570450176,0.018973569740682858,False
mediation_aware_recourse,False,1.0,0.5,0.5,250,0.07099969172477723,0.049523829066753386,0.09488675785660744,0.523469979769038,0.4894518731755166,0.5587046914620702,0.14357936160306078,0.1324337273699914,0.1547922697040667,0.7667852083333333,0.7576384114583333,0.7756502083333333,0.02629669342190027,0.022588542579766363,0.030278992929309603,0.04551170087121518,0.03441967206626565,0.05817075267779226,-0.0005608624100727062,-0.016097072364090824,0.013721431158160196,0.1160672655660862,0.1058808330241344,0.12643618849398383,0.008,0.0,0.02,0.0,0.0,0.0,0.0,0.0,0.0,-0.005679775066180442,-0.012882561993214282,0.0007170620006931054,0.9876765227548893,0.585937433126617,0.9956059794500175,-0.06964789402771965,-0.1550705337287817,0.018693713095204356,0.116,0.076,0.16,0.025876169173734163,0.0156869994311228,0.03555416853070167,1.2600037228355254,0.6044125711481504,1.6078369402557144,-0.08436525154113769,-0.11206280120015144,-0.060324738734960553,0.0,0.0,0.0,0.02545028992714301,0.017019406957760632,0.03460739312111519,False
mediation_aware_recourse,False,1.0,1.0,0.5,250,0.0093615300655365,0.0016951215267181395,0.018648254877328872,0.5969010180155745,0.5643307255828723,0.6278593866887473,0.12226161919979,0.11189283977823491,0.13271454947068617,0.7736847916666667,0.7637148229166667,0.783410234375,0.02629669342190027,0.022588542579766363,0.030278992929309603,0.04551170087121518,0.03441967206626565,0.05817075267779226,0.03797472718071319,0.02634944554576842,0.05009530768922984,0.10699700666927443,0.09850032335964878,0.1149385515809506,0.008,0.0,0.02,0.0,0.0,0.0,0.0,0.0,0.0,0.002051468670205278,-0.00040863544365599456,0.005060628710206245,0.1656051860559865,0.033336370111022,0.3363791177940534,0.025156008975497857,-0.004979080234565903,0.0636983653216365,0.02,0.004,0.04,0.0027427525101483582,0.0004234230435076389,0.006153970701723205,0.43793238613662255,-0.03474263121379248,1.0293274333970508,-0.1460034132003784,-0.1821582585990429,-0.11687753581404686,0.0,0.0,0.0,0.033181533663528724,0.02456949571205118,0.04345211608467254,False
mediation_aware_recourse,False,1.0,2.0,0.5,250,0.0,0.0,0.0,0.6107699646389924,0.5804956151053366,0.6404024468500761,0.11836630183691023,0.1074536868767295,0.12838542809088507,0.7761133333333333,0.7658986666666667,0.7856268333333334,0.02629669342190027,0.022588542579766363,0.030278992929309603,0.04551170087121518,0.03441967206626565,0.05817075267779226,0.04551170087121518,0.03356259138585585,0.05687145350424278,0.10827520427504958,0.10003783681275755,0.11643478513108754,0.008,0.0,0.02,0.0,0.0,0.0,0.0,0.0,0.0,0.0,0.0,0.0,0.0,0.0,0.0,0.0,0.0,0.0,0.0,0.0,0.0,0.0,0.0,0.0,0.27232720008063604,-0.17553530195770808,0.8081434208380166,-0.1553649432659149,-0.1906540962100029,-0.12446913909912109,0.0,0.0,0.0,0.03113006499332345,0.021593306962661346,0.04167400614868747,False
mediation_aware_recourse,False,1.0,4.266636702451111,0.5,250,0.0,0.0,0.0,0.6107699646389924,0.5804956151053366,0.6404024468500761,0.11836630183691023,0.1074536868767295,0.12838542809088507,0.7761133333333333,0.7658986666666667,0.7856268333333334,0.02629669342190027,0.022588542579766363,0.030278992929309603,0.04551170087121518,0.03441967206626565,0.05817075267779226,0.04551170087121518,0.03356259138585585,0.05687145350424278,0.10827520427504958,0.10003783681275755,0.11643478513108754,0.008,0.0,0.02,0.0,0.0,0.0,0.0,0.0,0.0,0.0,0.0,0.0,0.0,0.0,0.0,0.0,0.0,0.0,0.0,0.0,0.0,0.0,0.0,0.0,0.27232720008063604,-0.17553530195770808,0.8081434208380166,-0.1553649432659149,-0.1906540962100029,-0.12446913909912109,0.0,0.0,0.0,0.03113006499332345,0.021593306962661346,0.04167400614868747,True
mediation_aware_recourse,False,1.0,5.0,0.5,250,0.015256093740463257,0.006780486106872558,0.025426822900772094,0.630045954396214,0.5994616780336749,0.657682674281392,0.111341632093267,0.10082905148575677,0.12103471844112527,0.7751675,0.7651848802083333,0.784965296875,0.02629669342190027,0.022588542579766363,0.030278992929309603,0.04551170087121518,0.03441967206626565,0.05817075267779226,0.05217305529215879,0.04051972273915915,0.06332679077197227,0.10626868571401392,0.09778739480553193,0.11411385054152524,0.008,0.0,0.02,0.0,0.0,0.0,0.0,0.0,0.0,0.0009072646108882013,-0.000985204698788754,0.0029298438528588353,-0.14636575415613007,-0.29442304983570095,-0.05086954433821022,0.01112527674740027,-0.014448750746691963,0.03596978180188222,0.036,0.016,0.06,0.0028770449050277078,0.001076964409432915,0.005093842833968622,0.12596144592450598,-0.2797036143205089,0.6225754226355652,-0.14010884952545166,-0.17756647828817368,-0.1075179238319397,0.0,0.0,0.0,0.03203732960421165,0.022629148548771356,0.042774621877113096,False
transport_anchor_only,False,3.0,0.0,0.5,250,0.6890512254238129,0.6400152857303619,0.7362657535135746,0.08707024642773155,0.07742728162719954,0.09751401409529596,0.24905026327803287,0.24619308132185766,0.2521878810826466,0.8769881250000001,0.869077859375,0.8841421770833333,0.02629669342190027,0.022588542579766363,0.030278992929309603,0.04551170087121518,0.03441967206626565,0.05817075267779226,-0.27978767388194714,-0.29110994656602956,-0.2676232806857959,0.2893243348631345,0.2802381073390838,0.2980853781956189,0.008,0.0,0.02,0.0,0.0,0.0,0.0,0.0,0.0,-0.1987525748324329,-0.21225662380002389,-0.18415818452630342,-5.147598716946759,-7.3198218451705825,-3.908042889852346,-2.437191281058013,-2.79945492466307,-2.0859513025925787,0.732,0.676,0.784,0.22902552053643435,0.21057542315513617,0.24748149694916982,0.11171444278318177,0.04071548788075725,0.21019256656022794,-0.014126121044158935,-0.025881814837455747,-0.004352888822555542,0.0,0.0,0.0,0.005084314302942669,0.0019285346172346726,0.008725252376589453,False
mediation_aware_recourse,False,3.0,0.5,0.5,250,0.6890512254238129,0.6400152857303619,0.7362657535135746,0.0870502515547916,0.07739224991477775,0.09748631156184819,0.24894553962914803,0.24610772341230674,0.25207014397823224,0.8771437500000001,0.8692538750000001,0.8843356458333334,0.02629669342190027,0.022588542579766363,0.030278992929309603,0.04551170087121518,0.03441967206626565,0.05817075267779226,-0.2800674970746333,-0.29138976975871567,-0.26794373708542846,0.28958211922561566,0.280368693698866,0.29825021779246697,0.008,0.0,0.02,0.0,0.0,0.0,0.0,0.0,0.0,-0.19903239802511904,-0.21241489089278773,-0.18439903229993168,-5.153747096096068,-7.3198218451705825,-3.925510442038229,-2.4406225958272816,-2.806958079543205,-2.0890394913082546,0.732,0.676,0.784,0.22930534372912056,0.21112321693047859,0.24775615112450816,0.10556606363387289,0.03409044356048543,0.20267765608795926,-0.014126121044158935,-0.025881814837455747,-0.004352888822555542,0.0,0.0,0.0,0.004804491110256488,0.001639075507679635,0.008331100828140845,False
mediation_aware_recourse,False,3.0,1.0,0.5,250,0.6843075821399689,0.6370654814064504,0.7300340068459511,0.08873841659703222,0.07850660102558565,0.0994822649993965,0.24844384433989883,0.24552779885503437,0.2515665222306648,0.8771872916666668,0.86921171875,0.8845104427083332,0.02629669342190027,0.022588542579766363,0.030278992929309603,0.04551170087121518,0.03441967206626565,0.05817075267779226,-0.27934945733143796,-0.2904424547738186,-0.26780595112909306,0.2888184182346791,0.2795058253851468,0.29756014793902674,0.008,0.0,0.02,0.0,0.0,0.0,0.0,0.0,0.0,-0.19831435828192373,-0.21178328447080688,-0.1834067723033363,-5.1379700600932345,-7.3102745624151355,-3.9100990562281797,-2.431817677435436,-2.799265373565839,-2.0706127600852184,0.732,0.676,0.784,0.22975234790174598,0.2115182631790335,0.24863288902487887,0.12134309963670642,0.04422172183965569,0.2323172769240599,-0.01886976432800293,-0.03284243869781494,-0.00761063289642334,0.0,0.0,0.0,0.005522530853451806,0.0022342298102178628,0.009262269582139097,False
mediation_aware_recourse,False,3.0,2.0,0.5,250,0.6668679413795471,0.6189709078907967,0.7125118786156177,0.09629530696207396,0.08423843217726824,0.10883888457434647,0.24584453575036366,0.24236660426603746,0.24916497411372537,0.8742902083333335,0.8656639322916667,0.8816221666666667,0.02629669342190027,0.022588542579766363,0.030278992929309603,0.04551170087121518,0.03441967206626565,0.05817075267779226,-0.2765823777058886,-0.2884018961353318,-0.26400581015046265,0.2855046475940851,0.2749530238764331,0.2949477301286289,0.008,0.0,0.02,0.0,0.0,0.0,0.0,0.0,0.0,-0.1954703900606242,-0.20897645776359597,-0.17998086493345086,-5.077170758538249,-7.203301650078824,-3.8715734424344594,-2.396943691232233,-2.7866427513306933,-2.041428521121271,0.736,0.6839000000000001,0.788,0.23170758248455778,0.21446200125945303,0.25054527683664896,0.18214240119169212,0.036178912684314855,0.3683975201718603,-0.03630940508842468,-0.058856583952903746,-0.016208684557676316,0.0,0.0,0.0,0.008366499074751331,0.0018389052231050473,0.01538897130790707,False
mediation_aware_recourse,False,3.0,4.266636702451111,0.5,250,0.4332250258922577,0.3943411144435406,0.47152486085891726,0.23845076782332375,0.20197643558453557,0.2773182581173281,0.19951986967058868,0.1884941691613198,0.209796644636991,0.832031875,0.823365578125,0.8402259375000001,0.02629669342190027,0.022588542579766363,0.030278992929309603,0.04551170087121518,0.03441967206626565,0.05817075267779226,-0.2126607842171751,-0.22838774278070365,-0.19631206568938728,0.22322525927171075,0.20731450602221776,0.23704261762715775,0.008,0.0,0.02,0.0,0.0,0.0,0.0,0.0,0.0,-0.13403257743205363,-0.14784363977799805,-0.12068058469608511,-3.6726617583232724,-5.193890507378446,-2.8037419874779026,-1.6435662751566458,-1.9059919609518021,-1.4094093206145208,0.616,0.556,0.676,0.184317584027103,0.16616694160624496,0.20318710938594683,1.5866514014066686,1.0380339582992573,2.4342648895897896,-0.2699523205757141,-0.33490551641583444,-0.20670732759833335,0.0,0.0,0.0,0.0698043117033219,0.05074044422179795,0.0891803046164811,True
mediation_aware_recourse,False,3.0,5.0,0.5,250,0.3936511342525482,0.35499336262345316,0.43283427143096925,0.26819735240949055,0.2286048879221913,0.31042193574775945,0.18947990143118096,0.17795586676535977,0.20015675152041235,0.825551875,0.8167085781250001,0.8335144010416666,0.02629669342190027,0.022588542579766363,0.030278992929309603,0.04551170087121518,0.03441967206626565,0.05817075267779226,-0.20009829975662263,-0.21798474064882284,-0.18338015404578878,0.21372470892935175,0.19816196863287852,0.2285256540010625,0.012,0.0,0.02409999999999991,0.0,0.0,0.0,0.0,0.0,0.0,-0.12397973949388995,-0.1374551829495956,-0.11066192667798112,-3.3966341825554354,-4.800790156009036,-2.618252966891669,-1.5202939653843663,-1.7521646688332653,-1.302795248106539,0.576,0.516,0.64,0.1744792585008254,0.1558451730354897,0.1934354603258294,1.8626789771745056,1.2537346710446078,2.7586995614341934,-0.3095262122154236,-0.37611875393986705,-0.24208578653335575,0.004,0.0,0.012,0.07985714964148562,0.0601660358859274,0.09919838222446864,False
transport_anchor_only,False,10.0,0.0,0.5,250,1.026899418115616,0.9724068696141243,1.081217372471094,0.019829599756397705,0.017280246346141444,0.02270558120051412,0.24922977998090087,0.24626190406464066,0.2521732558164665,0.8944991666666667,0.8882970989583333,0.9008216354166667,0.02629669342190027,0.022588542579766363,0.030278992929309603,0.04551170087121518,0.03441967206626565,0.05817075267779226,-0.3545842547088734,-0.36193347186328845,-0.3471833906615803,0.3569475066656862,0.35045921612085845,0.3631041366975514,0.156,0.112,0.204,0.0,0.0,0.0,0.0,0.0,0.0,-0.27303440822076674,-0.285792282118629,-0.25963627519518573,-6.791056979220427,-9.671224421508349,-5.1063665405394305,-3.3480677153768355,-3.8417910558969504,-2.9122221950045084,0.748,0.6959,0.796,0.26890422151334475,0.2492450279994757,0.28939102631894037,-0.008409902037056938,-0.05219851193083218,0.030585214160520152,0.0013601429462432861,-0.004743643045425415,0.00881732964515686,0.0,-0.016,0.016,-0.0003827489458667475,-0.00227878833802729,0.0013664262136397246,False
mediation_aware_recourse,False,10.0,0.5,0.5,250,1.0302896614074708,0.9739896093308926,1.0844745857894422,0.019493028490729546,0.016939627464505325,0.022390993398734408,0.24903398578656016,0.2459873701886418,0.251952594503468,0.89450875,0.8883098333333332,0.9009030260416666,0.02629669342190027,0.022588542579766363,0.030278992929309603,0.04551170087121518,0.03441967206626565,0.05817075267779226,-0.35542899240912745,-0.36260619642740705,-0.347931008368388,0.3577922443659402,0.351182337533018,0.36396992704227443,0.16,0.116,0.2080999999999999,0.0,0.0,0.0,0.0,0.0,0.0,-0.27387914592102086,-0.28637670849497276,-0.2601424122957814,-6.809617869806441,-9.688047388530192,-5.12072452271172,-3.3584262597105425,-3.8578276164559795,-2.9209467047274305,0.748,0.6959,0.796,0.2697189328818705,0.24979213512454237,0.29008134922402673,-0.02697079262307156,-0.06791634116268241,0.008958257929100606,0.004750386238098144,-0.0010116786956787108,0.012207572937011718,0.004,-0.012,0.02,-0.0012274866461207587,-0.002945719236647847,0.0003804242128245515,False
mediation_aware_recourse,False,10.0,1.0,0.5,250,1.0354517495632172,0.9808541364371777,1.0883931894242762,0.019014802363194746,0.016369900693550578,0.02183791897074159,0.24787249063710992,0.2445663230789359,0.2509045576131826,0.8952550000000001,0.8889837239583334,0.90153471875,0.02629669342190027,0.022588542579766363,0.030278992929309603,0.04551170087121518,0.03441967206626565,0.05817075267779226,-0.3590714040098366,-0.3657424994975089,-0.35227751492011805,0.36066106945252674,0.35409520279096923,0.3669399674906204,0.168,0.124,0.22,0.0,0.0,0.0,0.0,0.0,0.0,-0.27752155752173,-0.29014500967984824,-0.2641580812202534,-6.889650290722024,-9.792143574414013,-5.197118621965851,-3.403091108972281,-3.9179052078818484,-2.9498242792320877,0.748,0.6959,0.796,0.27162388853888264,0.25131983608200886,0.29184966714243016,-0.10700321353865405,-0.20435328486624024,-0.04418543252760148,0.009912474393844604,0.0003687196791172028,0.020555912625789638,0.012,-0.004,0.028,-0.004869898246829963,-0.008339817379823974,-0.0020933317049697843,False
mediation_aware_recourse,False,10.0,2.0,0.5,250,1.0490894453525543,0.9966087097585201,1.1020507799088954,0.017963526458415726,0.015399041239247416,0.020774486800795175,0.24608900617803942,0.24276276139167413,0.2491776285251763,0.8947214583333333,0.8885025468750001,0.9010914687499999,0.02629669342190027,0.022588542579766363,0.030278992929309603,0.04551170087121518,0.03441967206626565,0.05817075267779226,-0.36487787386066506,-0.37115282188397525,-0.3582199444102328,0.3660618286581922,0.3599868395925232,0.37206380451188925,0.176,0.132,0.228,0.0,0.0,0.0,0.0,0.0,0.0,-0.2833280273725585,-0.2954495925639272,-0.27049676299276176,-7.017232203497796,-9.99132376392407,-5.310300499161364,-3.4742925900403687,-3.986957579707892,-3.021425349233807,0.748,0.6959,0.796,0.27631664117337007,0.2557049437968657,0.2978447075402275,-0.23458512631442652,-0.37658530533195617,-0.1340298096178119,0.023550170183181764,0.012075073707103728,0.03616944410800934,0.02,0.0,0.04,-0.010676368097658387,-0.01588608514774374,-0.006459498012858092,False
mediation_aware_recourse,False,10.0,4.266636702451111,0.5,250,1.0608227970600128,1.0064453482866287,1.1128294796347618,0.017260306654530436,0.014859418022213121,0.01994190394530399,0.2445765163220707,0.24090829695548996,0.24799321398731167,0.8942570833333334,0.8878638229166667,0.9006163697916666,0.02629669342190027,0.022588542579766363,0.030278992929309603,0.04551170087121518,0.03441967206626565,0.05817075267779226,-0.36925329083555375,-0.37569766231778096,-0.3630304834423455,0.3701962725164094,0.36382922095218284,0.3765363477232396,0.18,0.132,0.22809999999999991,0.0,0.0,0.0,0.0,0.0,0.0,-0.28770344434744716,-0.2996494797498055,-0.27489818538842825,-7.113370490820211,-10.086101720973655,-5.404252405422307,-3.5279458728276865,-4.047954464847947,-3.076556732114006,0.748,0.6959,0.796,0.28025869250856544,0.25997880368042176,0.30150548269227495,-0.3307234136368411,-0.5179766237124335,-0.20729010666259465,0.03528352189064026,0.021178348529338836,0.05200662422180176,0.024,0.0,0.052,-0.015051785072547088,-0.02122386482883259,-0.00993639453695279,True
mediation_aware_recourse,False,10.0,5.0,0.5,250,1.0713285050392152,1.01874999640584,1.1233081896960737,0.01668895893763029,0.014278735420028691,0.019256627860583644,0.24356205979617498,0.23959458456181146,0.24749831405310016,0.8943122916666666,0.887643765625,0.9007422864583333,0.02629669342190027,0.022588542579766363,0.030278992929309603,0.04551170087121518,0.03441967206626565,0.05817075267779226,-0.37215280825833613,-0.37894266783364156,-0.3657858039244567,0.37309578993919174,0.36610437522655337,0.38005695716744575,0.192,0.144,0.244,0.0,0.0,0.0,0.0,0.0,0.0,-0.2906029617702296,-0.30224929515041565,-0.27731252383267013,-7.177079764859149,-10.146613349945213,-5.460560901670605,-3.563501027713297,-4.087729675409811,-3.10846686967553,0.748,0.6959,0.796,0.2831582099313479,0.26273869554676615,0.30517271207654517,-0.39443268767577955,-0.5891301134708304,-0.26512412527626233,0.04578922986984253,0.029644068837165832,0.06443731666803361,0.036,0.008,0.068,-0.01795130249532949,-0.025022259089978644,-0.012123957887061365,False
transport_anchor_only,False,30.0,0.0,0.5,250,1.2349902250766753,1.1921386624217034,1.277339419811964,0.006508106785380877,0.004975614156941602,0.00841732465041792,0.24452322335922838,0.2410916825673999,0.24784202367921554,0.8951372916666667,0.8881906822916666,0.9018698802083333,0.02629669342190027,0.022588542579766363,0.030278992929309603,0.04551170087121518,0.03441967206626565,0.05817075267779226,-0.38286159790474766,-0.3901271598093987,-0.3756069536241647,0.3851083164302354,0.3791550932814355,0.3907471366017501,0.416,0.356,0.48,0.0,0.0,0.0,0.0,0.0,0.0,-0.30131175141664096,-0.3128744872021393,-0.28951551791792907,-7.4123772694879975,-10.570801247686688,-5.62104939006829,-3.6948169051499677,-4.21328856661584,-3.2223936901177437,0.748,0.6959,0.796,0.2894195040578377,0.2675124016427722,0.31081431728452685,-0.024376721725708705,-0.08717616600017593,0.03532859178892285,0.005427085876464844,-0.0016969220817089074,0.015932793855667114,-0.012,-0.036,0.012,-0.0011094260674012967,-0.003844388289259384,0.0015734932100574086,False
mediation_aware_recourse,False,30.0,0.5,0.5,250,1.2339718036651612,1.1904519153892994,1.27756563423872,0.00652257805390272,0.004990458919520779,0.008461798855924062,0.2431769397179176,0.23956755931662585,0.24676569671923998,0.896828125,0.8901976302083333,0.9037469635416667,0.02629669342190027,0.022588542579766363,0.030278992929309603,0.04551170087121518,0.03441967206626565,0.05817075267779226,-0.3862398472476172,-0.3929304482906924,-0.3792397847747041,0.3883334130481956,0.38255565116534346,0.39423790343386605,0.432,0.3719,0.496,0.0,0.0,0.0,0.0,0.0,0.0,-0.3046900007595105,-0.3159188357440943,-0.29268096396092785,-7.486605419133053,-10.627452535095626,-5.672346261792959,-3.7362424808972152,-4.244152230344461,-3.264303971151318,0.748,0.6959,0.796,0.2927977534007073,0.27128558359504873,0.31479251942682146,-0.0986048713707639,-0.1640729406009973,-0.04728911921390018,0.004408664464950561,-0.0013534002304077149,0.01220082950592041,0.004,-0.012,0.024,-0.004487675410270864,-0.007150292156448976,-0.0022347087603032476,False
mediation_aware_recourse,False,30.0,1.0,0.5,250,1.237229547739029,1.1944539869725703,1.2790717203915118,0.006433733561958408,0.004953375917676095,0.008328342713137107,0.2417704852901113,0.2379827621819885,0.24563510129458177,0.897985,0.8915101562500001,0.904708671875,0.02629669342190027,0.022588542579766363,0.030278992929309603,0.04551170087121518,0.03441967206626565,0.05817075267779226,-0.3899656806591204,-0.3963482060222672,-0.38319835921724826,0.39175538550400785,0.3854523605529436,0.3978162051083081,0.436,0.376,0.5,0.0,0.0,0.0,0.0,0.0,0.0,-0.30841583417101376,-0.31945947262657165,-0.2968071514938943,-7.568470815068181,-10.75498142777274,-5.755715499768059,-3.781930285006652,-4.287787891657507,-3.3137682209655095,0.748,0.6959,0.796,0.296333047421705,0.2739971120792663,0.318237094495937,-0.18047026730589266,-0.28169692914205685,-0.10088247479663859,0.007666408538818359,-0.0004706217110157011,0.017962894201278688,0.008,-0.012,0.032,-0.008213508821774048,-0.011834347205683663,-0.004909593888372665,False
mediation_aware_recourse,False,30.0,2.0,0.5,250,1.2513279786109925,1.2100845679819585,1.292507174450159,0.006079720607271314,0.00458240560791539,0.008049464179912277,0.23879474451467944,0.23416081672494765,0.24297283946690942,0.89912875,0.8926525781250001,0.90565871875,0.02629669342190027,0.022588542579766363,0.030278992929309603,0.04551170087121518,0.03441967206626565,0.05817075267779226,-0.3976218546674995,-0.4038365592349539,-0.39111296306265875,0.39905137150250325,0.39312523233792324,0.4046367116743738,0.456,0.392,0.5160999999999999,0.0,0.0,0.0,0.0,0.0,0.0,-0.31607200817939285,-0.3264787532886869,-0.3050255786030946,-7.736695114793736,-10.967179006149912,-5.9138695475016485,-3.8758136500660294,-4.393747459593551,-3.4021849455827033,0.748,0.6959,0.796,0.3033819967785174,0.28054890265163346,0.32520620044355975,-0.34869456703144763,-0.505203870415931,-0.22629577616069838,0.02176483941078186,0.00977980613708496,0.03511176491379738,0.028,-0.004,0.060099999999999903,-0.015869682830153164,-0.022043917683258932,-0.010450637247561687,False
mediation_aware_recourse,False,30.0,4.266636702451111,0.5,250,1.2776481866836549,1.2392060311198236,1.3151399138629436,0.005650154423464196,0.00417616256557183,0.007586965706142512,0.2337903853420504,0.22826512266929005,0.23884988622140876,0.9022339583333333,0.8958886458333334,0.9081258385416666,0.02629669342190027,0.022588542579766363,0.030278992929309603,0.04551170087121518,0.03441967206626565,0.05817075267779226,-0.40982190641476685,-0.415973955311542,-0.40354523683603155,0.4105448257786297,0.40444882521569203,0.4168051208281562,0.492,0.428,0.5560999999999999,0.0,0.0,0.0,0.0,0.0,0.0,-0.32827205992666025,-0.3381724040054314,-0.31840946816530513,-8.004759184334665,-11.289693177348553,-6.125339509992937,-4.025416037717938,-4.5529243457764546,-3.5567065110877416,0.748,0.6959,0.796,0.3134452097558487,0.29055843913974866,0.3372581932203934,-0.6167586365723761,-0.8597976443923101,-0.439613348372433,0.048085047483444214,0.032917243951559066,0.06680153369903565,0.064,0.024,0.1,-0.0280697345774205,-0.03618547638266407,-0.021033757534556746,True
mediation_aware_recourse,False,30.0,5.0,0.5,250,1.2811151530742646,1.2440439167320727,1.3187365881443025,0.005687515790351098,0.004187573917883375,0.0076142900499070205,0.23274449977478182,0.22743815919445218,0.23799397500926495,0.9026110416666666,0.8962015572916667,0.9085770416666665,0.02629669342190027,0.022588542579766363,0.030278992929309603,0.04551170087121518,0.03441967206626565,0.05817075267779226,-0.41215302769064627,-0.41828755365473846,-0.40599846750102164,0.41258832543079915,0.40660433529179313,0.41842970579711886,0.484,0.424,0.552,0.0,0.0,0.0,0.0,0.0,0.0,-0.3306031812025396,-0.340771759928586,-0.32086040020807355,-8.055979447063931,-11.376852137297885,-6.188868671051667,-4.054001269649912,-4.5736453606035194,-3.585282299844609,0.748,0.6959,0.796,0.3139383042479298,0.2910544033859938,0.3381907219157536,-0.6679788993016427,-0.9461587960645149,-0.4760677813172076,0.051552013874053955,0.03504679513573647,0.07204262804985047,0.056,0.015900000000000004,0.096,-0.03040085585329989,-0.03955998473968591,-0.022798388597892304,False
transport_anchor_only,False,0.0,0.0,1.0,250,0.0,0.0,0.0,0.6107699646389924,0.5804956151053366,0.6404024468500761,0.11836630183691023,0.1074536868767295,0.12838542809088507,0.7761133333333333,0.7658986666666667,0.7856268333333334,0.02629669342190027,0.022588542579766363,0.030278992929309603,0.04551170087121518,0.03441967206626565,0.05817075267779226,0.04551170087121518,0.03356259138585585,0.05687145350424278,0.10827520427504958,0.10003783681275755,0.11643478513108754,0.008,0.0,0.02,0.0,0.0,0.0,0.0,0.0,0.0,0.0,0.0,0.0,0.0,0.0,0.0,0.0,0.0,0.0,0.0,0.0,0.0,0.0,0.0,0.0,0.0,0.0,0.0,0.0,0.0,0.0,0.0,0.0,0.0,0.0,0.0,0.0,False
mediation_aware_recourse,False,0.0,0.5,1.0,250,0.0,0.0,0.0,0.6107699646389924,0.5804956151053366,0.6404024468500761,0.11836630183691023,0.1074536868767295,0.12838542809088507,0.7761133333333333,0.7658986666666667,0.7856268333333334,0.02629669342190027,0.022588542579766363,0.030278992929309603,0.04551170087121518,0.03441967206626565,0.05817075267779226,0.04551170087121518,0.03356259138585585,0.05687145350424278,0.10827520427504958,0.10003783681275755,0.11643478513108754,0.008,0.0,0.02,0.0,0.0,0.0,0.0,0.0,0.0,0.0,0.0,0.0,0.0,0.0,0.0,0.0,0.0,0.0,0.0,0.0,0.0,0.0,0.0,0.0,0.0,0.0,0.0,0.0,0.0,0.0,0.0,0.0,0.0,0.0,0.0,0.0,False
mediation_aware_recourse,False,0.0,1.0,1.0,250,0.0,0.0,0.0,0.6107699646389924,0.5804956151053366,0.6404024468500761,0.11836630183691023,0.1074536868767295,0.12838542809088507,0.7761133333333333,0.7658986666666667,0.7856268333333334,0.02629669342190027,0.022588542579766363,0.030278992929309603,0.04551170087121518,0.03441967206626565,0.05817075267779226,0.04551170087121518,0.03356259138585585,0.05687145350424278,0.10827520427504958,0.10003783681275755,0.11643478513108754,0.008,0.0,0.02,0.0,0.0,0.0,0.0,0.0,0.0,0.0,0.0,0.0,0.0,0.0,0.0,0.0,0.0,0.0,0.0,0.0,0.0,0.0,0.0,0.0,0.0,0.0,0.0,0.0,0.0,0.0,0.0,0.0,0.0,0.0,0.0,0.0,False
mediation_aware_recourse,False,0.0,2.0,1.0,250,0.010170729160308837,0.003390243053436279,0.018646336793899536,0.6249155272410949,0.5948134895630498,0.6537021208939395,0.11358858875879921,0.10367613147785794,0.12323283213790992,0.7750020833333333,0.7651003281250002,0.7848013958333333,0.02629669342190027,0.022588542579766363,0.030278992929309603,0.04551170087121518,0.03441967206626565,0.05817075267779226,0.05129887567303002,0.04049356051802935,0.061935082147877026,0.10582799505380878,0.09752085938088266,0.1136172823695839,0.008,0.0,0.02,0.0,0.0,0.0,0.0,0.0,0.0,0.0019302321403027848,6.75016306345293e-05,0.00433169543892921,-0.1271579547903705,-0.29776778838817,-0.032659426912941034,0.023669353449785824,0.0,0.051602764082858896,0.024,0.008,0.044,0.001928471330756027,0.0004919994195762542,0.0037805139741712112,-0.1271579547903705,-0.26201456009591373,-0.02968869761001196,0.010170729160308837,0.003390243053436279,0.018646336793899536,0.0,0.0,0.0,0.0019302321403027848,6.540630882153797e-05,0.004065207519254467,False
mediation_aware_recourse,False,0.0,4.266636702451111,1.0,250,0.15086581587791442,0.1253966149389744,0.17459751725196837,0.7692622873006862,0.7568434254872926,0.7807982226471003,0.06158133175617034,0.05645319632806392,0.06671617489082278,0.7902625000000001,0.7813508437500001,0.7995973854166667,0.02629669342190027,0.022588542579766363,0.030278992929309603,0.04551170087121518,0.03441967206626565,0.05817075267779226,0.10305527711384459,0.09310327614531429,0.11304248455979037,0.11146540412277099,0.10202147043539955,0.12075203802998469,0.0,0.0,0.0,0.0,0.0,0.0,0.0,0.0,0.0,-0.022736515577245705,-0.030304789083682903,-0.015368018876228564,-1.2643688357299792,-1.995013336230831,-0.8557750944308927,-0.2788051303145209,-0.3905228399985697,-0.1777824770566973,0.192,0.144,0.24,0.019458347728215836,0.013733653621309102,0.026059276252796578,-1.2643688357299792,-1.9186573310409667,-0.8484141134946265,0.15086581587791442,0.1253966149389744,0.17459751725196837,-0.008,-0.02,0.0,-0.022736515577245705,-0.03083060455711925,-0.015372184788362915,True
mediation_aware_recourse,False,0.0,5.0,1.0,250,0.17629263877868653,0.1491706943511963,0.20002434015274048,0.7844677902754228,0.7758482233391841,0.7934871258413871,0.05525176944376676,0.051017125751364,0.059399140069854126,0.7941810416666666,0.7851141458333333,0.8032154739583334,0.02629669342190027,0.022588542579766363,0.030278992929309603,0.04551170087121518,0.03441967206626565,0.05817075267779226,0.10762732314567995,0.09797985949133312,0.1176365550392282,0.11285487320268499,0.10347574083413005,0.12216703896054881,0.0,0.0,0.0,0.0,0.0,0.0,0.0,0.0,0.0,-0.0263510607625823,-0.03387455331418574,-0.019296267806177554,-1.3648275297430401,-2.1159003790543087,-0.9233020405368391,-0.3231282693637614,-0.4331517436477443,-0.22534054333753906,0.212,0.164,0.264,0.02071311554625037,0.014864101706344507,0.02702073117114289,-1.3648275297430401,-2.0337232219952526,-0.9284800296417676,0.17629263877868653,0.1491706943511963,0.20002434015274048,-0.008,-0.02,0.0,-0.0263510607625823,-0.03429557563968505,-0.01897868595519559,False
transport_anchor_only,False,1.0,0.0,1.0,250,0.1162656672000885,0.09067964337468147,0.1453148212492466,0.47725966152364596,0.44251660712001806,0.5109990764796003,0.1580752407219211,0.14669878320428628,0.16924522117263463,0.7638695833333333,0.7547853645833333,0.7724142395833334,0.02629669342190027,0.022588542579766363,0.030278992929309603,0.04551170087121518,0.03441967206626565,0.05817075267779226,-0.02209500337248524,-0.037466622020467355,-0.006273685147692403,0.11960867781910561,0.10856489937354606,0.1310994939824456,0.008,0.0,0.02,0.0,0.0,0.0,0.0,0.0,0.0,-0.0071676446980033694,-0.015982612264800678,0.0011834597421785133,0.5145203771881072,0.0435477190337827,0.8636415698268364,-0.0878928042991316,-0.20166197850445255,0.020867564378810224,0.18,0.132,0.228,0.03738717447085189,0.026580686550803884,0.04934131407842178,0.7868475772687432,0.4796007392877258,1.1626327595226362,-0.039099276065826416,-0.05974762773513794,-0.02176444411277771,0.0,0.0,0.0,0.02396242029532008,0.015453875562292696,0.03425841272485034,False
mediation_aware_recourse,False,1.0,0.5,1.0,250,0.06310311317443848,0.04187381433844566,0.08440721726417541,0.53556786312485,0.5000274786536415,0.5678949717246498,0.14143807263538447,0.1300856180771588,0.15334556931515497,0.762704375,0.7536402083333333,0.771387453125,0.02629669342190027,0.022588542579766363,0.030278992929309603,0.04551170087121518,0.03441967206626565,0.05817075267779226,0.009346828504534195,-0.0035669527679598667,0.0223172306077647,0.10978298178443972,0.10064030978985258,0.11883605767424724,0.008,0.0,0.02,0.0,0.0,0.0,0.0,0.0,0.0,0.001760362948013742,-0.004551653077759808,0.007865188898307679,0.7946280115748038,0.5508785532648565,0.9832594245493159,0.02158634287889738,-0.05990964150129087,0.10091967751624173,0.096,0.06,0.136,0.017202254709333623,0.009546680359803921,0.02522967903558177,1.06695521165544,0.42967720665181275,1.7026082017327564,-0.09226183009147644,-0.12146251273155212,-0.06564027332663536,0.0,0.0,0.0,0.032890427941337196,0.02395913563999066,0.043834857132346645,False
mediation_aware_recourse,False,1.0,1.0,1.0,250,0.032284032344818116,0.018646336793899536,0.04665612173676491,0.5709117125665332,0.540381845800089,0.6015212035331458,0.13114580261856135,0.12044351211353838,0.1423270036497324,0.7664545833333334,0.7569944270833333,0.7755334218750001,0.02629669342190027,0.022588542579766363,0.030278992929309603,0.04551170087121518,0.03441967206626565,0.05817075267779226,0.027915485351438663,0.015554306427345182,0.03951292823547562,0.10513633452716371,0.0970812966036464,0.11294800318880173,0.008,0.0,0.02,0.0,0.0,0.0,0.0,0.0,0.0,0.006013843345088404,0.0014299916571071868,0.011138430038485714,0.3866305847274015,0.2201508306718595,0.6044558923923752,0.0737443858458452,0.015879585112904764,0.1404239994376051,0.044,0.02,0.072,0.005791186087344055,0.0022893395889505967,0.010410701923538958,0.6589577848080376,0.12136101720981729,1.303053041860006,-0.1230809109210968,-0.15582720137238504,-0.09557534980773925,0.0,0.0,0.0,0.03714390833841186,0.02836401175194734,0.04890784729754363,False
mediation_aware_recourse,False,1.0,2.0,1.0,250,0.0016951215267181395,0.0,0.005085364580154419,0.6078565899422659,0.5773004591914417,0.6378231690709035,0.11918703330901817,0.10834694331428701,0.1290206931572985,0.7754420833333333,0.7652616979166666,0.7849424166666668,0.02629669342190027,0.022588542579766363,0.030278992929309603,0.04551170087121518,0.03441967206626565,0.05817075267779226,0.043924957468493106,0.03207284578501164,0.05566616424732294,0.1082279009934982,0.1000225326854015,0.11641647096487405,0.008,0.0,0.02,0.0,0.0,0.0,0.0,0.0,0.0,8.156806326339305e-05,0.0,0.0003262722530535722,0.03486451554979442,0.0,0.1165856312731869,0.0010002233820913808,0.0,0.0031327616565273966,0.004,0.0,0.012,0.000752587669729337,0.0,0.002257763009188011,0.30719171563043046,-0.14234897118284195,0.8678768320513357,-0.15366982173919677,-0.1897479438006878,-0.1235832166671753,0.0,0.0,0.0,0.031211633056586845,0.02175440388760655,0.041786151357597716,False
mediation_aware_recourse,False,1.0,4.266636702451111,1.0,250,0.0,0.0,0.0,0.6107699646389924,0.5804956151053366,0.6404024468500761,0.11836630183691023,0.1074536868767295,0.12838542809088507,0.7761133333333333,0.7658986666666667,0.7856268333333334,0.02629669342190027,0.022588542579766363,0.030278992929309603,0.04551170087121518,0.03441967206626565,0.05817075267779226,0.04551170087121518,0.03356259138585585,0.05687145350424278,0.10827520427504958,0.10003783681275755,0.11643478513108754,0.008,0.0,0.02,0.0,0.0,0.0,0.0,0.0,0.0,0.0,0.0,0.0,0.0,0.0,0.0,0.0,0.0,0.0,0.0,0.0,0.0,0.0,0.0,0.0,0.27232720008063604,-0.17553530195770808,0.8081434208380166,-0.1553649432659149,-0.1906540962100029,-0.12446913909912109,0.0,0.0,0.0,0.03113006499332345,0.021593306962661346,0.04167400614868747,True
mediation_aware_recourse,False,1.0,5.0,1.0,250,0.022036579847335817,0.011865850687026978,0.033902430534362794,0.6377978335985149,0.6087959028322087,0.6665696980614072,0.10861981251538748,0.09842774109162129,0.11824988194477959,0.7740466666666667,0.7643357239583334,0.7833308645833333,0.02629669342190027,0.022588542579766363,0.030278992929309603,0.04551170087121518,0.03441967206626565,0.05817075267779226,0.05501172258490098,0.04366264503361707,0.06601501751543866,0.10589453657204353,0.09740310690989294,0.11392731290218179,0.008,0.0,0.02,0.0,0.0,0.0,0.0,0.0,0.0,0.0006176920532110104,-0.002082689029023917,0.0032764941902653534,-0.20873800653084995,-0.41728040403343697,-0.09147349749321378,0.007574410986795566,-0.0315075503593584,0.044038471074208774,0.044,0.02,0.072,0.0033052396377663555,0.0013972499832673319,0.005675679613522793,0.0635891935497861,-0.3367834742927364,0.5511613811918528,-0.1333283634185791,-0.17046224839687346,-0.10081224297881126,0.0,0.0,0.0,0.03174775704653446,0.022086371370603455,0.042743003428982164,False
transport_anchor_only,False,3.0,0.0,1.0,250,0.6827172694206238,0.6319377184927464,0.7300289448499679,0.08992318641431124,0.08036760866217203,0.10018520822970824,0.2497757130873475,0.24686525454174052,0.2528037897043699,0.8740922916666667,0.8655200729166667,0.8815831249999999,0.02629669342190027,0.022588542579766363,0.030278992929309603,0.04551170087121518,0.03441967206626565,0.05817075267779226,-0.27457111718538807,-0.2864879073211858,-0.26188434466222954,0.2852324057920815,0.275781608398907,0.2946745065500266,0.008,0.0,0.02,0.0,0.0,0.0,0.0,0.0,0.0,-0.19353601813587382,-0.20790846629461182,-0.1773944689438378,-5.032978595160487,-7.17681406233571,-3.8118763846910517,-2.3732235739290997,-2.750373870624316,-2.016437393053544,0.732,0.676,0.784,0.22461971246539514,0.20674791709328563,0.24345352835443163,0.2263345645694539,0.11271983447780527,0.36950861102071536,-0.02046007704734802,-0.03282481434345245,-0.009382477760314941,0.0,0.0,0.0,0.01030087099950174,0.005251359753383897,0.015649320791172597,False
mediation_aware_recourse,False,3.0,0.5,1.0,250,0.6691630396842957,0.6213842031776905,0.7147100188910961,0.09510968181514277,0.08437081303178079,0.10754163662326081,0.24793588044724799,0.24473389023824826,0.25115385131307755,0.8726575,0.8640156562500001,0.880194640625,0.02629669342190027,0.022588542579766363,0.030278992929309603,0.04551170087121518,0.03441967206626565,0.05817075267779226,-0.2729459809469393,-0.2849254464769958,-0.26064128674769244,0.28306901881042507,0.2732759504747473,0.29324264420462853,0.008,0.0,0.02,0.0,0.0,0.0,0.0,0.0,0.0,-0.19191088189742506,-0.20623564290633686,-0.17667356467145354,-4.997270497960441,-7.046670313588558,-3.8007264083459282,-2.353295440297533,-2.724121138339823,-2.0047385887288236,0.732,0.676,0.784,0.2265737814490587,0.20854056983227384,0.24514162555019556,0.26204266176949975,0.13391529220570209,0.4374239965456668,-0.034014306783676146,-0.054718148005008696,-0.01648939965367318,0.0,0.0,0.0,0.011926007237950509,0.00627548486842771,0.01804476842790489,False
mediation_aware_recourse,False,3.0,1.0,1.0,250,0.6642101740837097,0.615561676377058,0.7092548366785049,0.09708388038574799,0.08525668028709095,0.10969288252790987,0.2468945385237687,0.243358485354486,0.2501297986804232,0.8725666666666668,0.8639150052083333,0.8803356562500001,0.02629669342190027,0.022588542579766363,0.030278992929309603,0.04551170087121518,0.03441967206626565,0.05817075267779226,-0.27305351786262433,-0.285010403128528,-0.26020522696786946,0.28294280526414944,0.27257979131795557,0.29243302804641397,0.008,0.0,0.02,0.0,0.0,0.0,0.0,0.0,0.0,-0.19201841881311008,-0.20565911218674063,-0.17628622714727896,-4.9996333390238705,-7.028745170078323,-3.8117578653748976,-2.354614105142607,-2.7309196238362468,-2.009299198735785,0.732,0.676,0.784,0.2273216445096768,0.20910658731495604,0.245928787878292,0.25967982070607043,0.13170265228043926,0.44802329858774703,-0.03896717238426208,-0.06008422768115997,-0.019884873265028,0.0,0.0,0.0,0.011818470322265462,0.006368468462450241,0.01805992003942561,False
mediation_aware_recourse,False,3.0,2.0,1.0,250,0.6450754117965698,0.5969252358555794,0.6918663058459759,0.10574273257176592,0.09235216590995646,0.11929612704108387,0.2445054797679666,0.24113934798087563,0.24810601460534468,0.8696635416666667,0.8607974322916666,0.877535640625,0.02629669342190027,0.022588542579766363,0.030278992929309603,0.04551170087121518,0.03441967206626565,0.05817075267779226,-0.2681752601096699,-0.28085818402274065,-0.25506687405093803,0.2793079243736348,0.2685358862495285,0.289243350971672,0.008,0.0,0.02,0.0,0.0,0.0,0.0,0.0,0.0,-0.18809377282986584,-0.20186477534895386,-0.1733261966692686,-4.892446447310936,-6.941845791823327,-3.758375066299489,-2.3064883740436937,-2.6937461313047666,-1.9660487725907083,0.728,0.672,0.78,0.22731272083061094,0.209558183528979,0.24564381286553327,0.3668667124190046,0.19187889116309514,0.6252342174221847,-0.05810193467140198,-0.0851057538986206,-0.033883319723606115,0.0,0.0,0.0,0.015743116305509713,0.008946174799201744,0.02328115417812358,False
mediation_aware_recourse,False,3.0,4.266636702451111,1.0,250,0.3987364988327026,0.3609815671384335,0.43466520441174505,0.25926950319050424,0.22010097194171435,0.30053248765178675,0.1941147299913268,0.18248251611361804,0.20467373751520038,0.8257985416666667,0.8169496979166667,0.834135640625,0.02629669342190027,0.022588542579766363,0.030278992929309603,0.04551170087121518,0.03441967206626565,0.05817075267779226,-0.20006286543266713,-0.21598312530882938,-0.18373931217768738,0.21335902765798806,0.19777565430393645,0.22801458621731002,0.008,0.0,0.02,0.0,0.0,0.0,0.0,0.0,0.0,-0.12274294481235035,-0.13622467642366046,-0.10933544838575487,-3.3958556064249636,-4.803971169553085,-2.632050724442432,-1.5051278463197528,-1.7278569080123996,-1.2904991670514532,0.588,0.5279,0.652,0.1747817514275116,0.15715356887695758,0.19355434238556676,1.8634575533049773,1.2656941534812738,2.7503742358523415,-0.3044408476352692,-0.3705668258368969,-0.24038734781742097,0.0,0.0,0.0,0.08109394432302522,0.06263279666477037,0.10040867607939935,True
mediation_aware_recourse,False,3.0,5.0,1.0,250,0.3634878058433533,0.32538277838230134,0.4035566714286804,0.2896872776653963,0.24848016004008863,0.3303860494773599,0.18384365116194779,0.1720703248620321,0.1946996791888727,0.8174752083333333,0.8080759114583334,0.825618203125,0.02629669342190027,0.022588542579766363,0.030278992929309603,0.04551170087121518,0.03441967206626565,0.05817075267779226,-0.1876916951222335,-0.20579607860503957,-0.16923832483153858,0.20508755479647303,0.18897468737573392,0.22021251451429882,0.012,0.0,0.02409999999999991,0.0,0.0,0.0,0.0,0.0,0.0,-0.11386122640056445,-0.1280133607062343,-0.10074381240116932,-3.124031656240363,-4.43362017811401,-2.390643548064743,-1.3962163180426121,-1.6160669743654639,-1.1924454837617873,0.54,0.48,0.6040999999999999,0.16526364788333484,0.14671040615557682,0.18462505617599945,2.135281503489578,1.4745660872148105,3.12991699215217,-0.33968954062461854,-0.40718178308606146,-0.27067393991947175,0.004,0.0,0.012,0.0899756627348111,0.07017309216533464,0.11006673764408785,False
transport_anchor_only,False,10.0,0.0,1.0,250,1.0253367958068849,0.9700146752297878,1.0793737470448017,0.020031754512100878,0.017421879186869407,0.023033171599165653,0.24928895085345895,0.24631851263950943,0.25222547181108035,0.8938397916666667,0.8873949583333334,0.8999942552083334,0.02629669342190027,0.022588542579766363,0.030278992929309603,0.04551170087121518,0.03441967206626565,0.05817075267779226,-0.3541943785265588,-0.3617006932829014,-0.3463449651426096,0.35659191909242544,0.35001150863811104,0.3630482206094468,0.156,0.112,0.204,0.0,0.0,0.0,0.0,0.0,0.0,-0.2726445320384521,-0.28539584391804,-0.25883254851612747,-6.7824904748962345,-9.675442623504724,-5.104863326332725,-3.3432868825597986,-3.839888331851631,-2.90338768633373,0.748,0.6959,0.796,0.26840081111389863,0.24826864510545488,0.288994567420878,0.0001566022871353212,-0.05362241836038293,0.045509362757978386,-0.00020247936248779297,-0.008468865156173707,0.009425799113512037,0.0,-0.016099999999999996,0.02,7.127236447928009e-06,-0.0022937284849561413,0.0021891199814982987,False
mediation_aware_recourse,False,10.0,0.5,1.0,250,1.0255460181236267,0.9715481129825115,1.0796956199288368,0.020058180681610447,0.017490195106492475,0.022942385301506312,0.24894652852530538,0.24595389314710467,0.2519189856832193,0.8934660416666667,0.8868577447916666,0.899787125,0.02629669342190027,0.022588542579766363,0.030278992929309603,0.04551170087121518,0.03441967206626565,0.05817075267779226,-0.35513068067980746,-0.3622694176446816,-0.34741445672922333,0.3572788737998762,0.3506338702143494,0.36361116286112166,0.156,0.112,0.204,0.0,0.0,0.0,0.0,0.0,0.0,-0.27358083419170076,-0.2861627345178239,-0.25957205494789276,-6.8030632536613735,-9.714609153861277,-5.131368992972988,-3.354768230392689,-3.8634752330490225,-2.920103329855017,0.748,0.6959,0.796,0.26933711326714727,0.24919710353386987,0.28979234503643087,-0.020416176478003756,-0.08436668354633492,0.03392102421783196,6.742954254150391e-06,-0.009537011516094209,0.011189151054620743,0.0,-0.016099999999999996,0.02,-0.0009291749168007845,-0.0035976084296733893,0.0015373346832233661,False
mediation_aware_recourse,False,10.0,1.0,1.0,250,1.0332124266624452,0.9786941074788571,1.084919907283783,0.019351959169620393,0.01688954211709096,0.02214744145504668,0.24815232149724792,0.24474041711252242,0.25128796750028454,0.8934525000000001,0.88721484375,0.8998238697916667,0.02629669342190027,0.022588542579766363,0.030278992929309603,0.04551170087121518,0.03441967206626565,0.05817075267779226,-0.35796125638770154,-0.36489432735473737,-0.3503372638371924,0.3600547719287347,0.35331985917338976,0.3667697887444027,0.16,0.116,0.2080999999999999,0.0,0.0,0.0,0.0,0.0,0.0,-0.2764114098995949,-0.288724403147062,-0.2629304318371701,-6.865257714727633,-9.83754197246801,-5.180774110941643,-3.3894779917201596,-3.908168554844498,-2.946848574457668,0.748,0.6959,0.796,0.2716817396219134,0.2513192967843493,0.29180556727153506,-0.08261063754426345,-0.15538149971546295,-0.023471962600014433,0.0076731514930725095,-0.0024141118586063384,0.018653080463409424,0.004,-0.012,0.02,-0.0037597506246948606,-0.006782539222928554,-0.001038716422897914,False
mediation_aware_recourse,False,10.0,2.0,1.0,250,1.0495636656284333,0.9959385844111442,1.1014829724967479,0.018023542001019854,0.015511551404279447,0.020727036513927488,0.24600951701177687,0.2425986648853181,0.24916805710381681,0.893490625,0.887263265625,0.8997222447916666,0.02629669342190027,0.022588542579766363,0.030278992929309603,0.04551170087121518,0.03441967206626565,0.05817075267779226,-0.3648197689130126,-0.3709581231413145,-0.3581142687342695,0.36611369996868653,0.3599654873951785,0.37243515280223977,0.172,0.128,0.224,0.0,0.0,0.0,0.0,0.0,0.0,-0.283269922424906,-0.2951960786082501,-0.2703425290066503,-7.01595550000089,-10.008920918868164,-5.302968757012786,-3.4735800816770217,-3.987446897080204,-3.0244802356437197,0.748,0.6959,0.796,0.27700015421230545,0.2566377316774108,0.29806334214140656,-0.23330842281752062,-0.373336669870397,-0.12653968965595064,0.024024390459060668,0.009784799349308013,0.03907318044304848,0.016,-0.004,0.04,-0.01061826315000593,-0.015885568225742747,-0.006010226158743057,False
mediation_aware_recourse,False,10.0,4.266636702451111,1.0,250,1.062517918586731,1.0089162924945354,1.114688202738762,0.017116094372535962,0.014708509136591665,0.01981890097996321,0.24453491179945575,0.24088938014037678,0.2479921738742463,0.8941402083333334,0.8876236510416666,0.9005135052083333,0.02629669342190027,0.022588542579766363,0.030278992929309603,0.04551170087121518,0.03441967206626565,0.05817075267779226,-0.3695380823081922,-0.375953374773767,-0.363263775979715,0.3704810639890478,0.3641450419484441,0.37682113919587806,0.18,0.132,0.22809999999999991,0.0,0.0,0.0,0.0,0.0,0.0,-0.2879882358200856,-0.299933918653235,-0.2751829768610667,-7.119628034862442,-10.086529850100325,-5.404252405422307,-3.5314381108257056,-4.051733124854115,-3.0790148040499585,0.748,0.6959,0.796,0.280543483981204,0.26026411206491307,0.30191129456418087,-0.33698095767907255,-0.5185629737399595,-0.2161864152028368,0.036978643417358396,0.022526517283916473,0.05318992342948912,0.024,0.0,0.052,-0.015336576545185566,-0.0215494257207676,-0.010173261677762158,True
mediation_aware_recourse,False,10.0,5.0,1.0,250,1.0740420479774475,1.020087419706583,1.1257057833850383,0.01650437702298727,0.014055234988349109,0.019100576106383993,0.2434597525747772,0.2395146954252934,0.24744961530917153,0.8939235416666667,0.8875064218750001,0.9003500052083332,0.02629669342190027,0.022588542579766363,0.030278992929309603,0.04551170087121518,0.03441967206626565,0.05817075267779226,-0.3726602175857205,-0.37916137791397037,-0.3661015665485207,0.3735971855051457,0.36675074655475104,0.38022534084232124,0.196,0.148,0.248,0.0,0.0,0.0,0.0,0.0,0.0,-0.29111037109761384,-0.3028067981503712,-0.27810789991579,-7.1882287511126,-10.180910109961621,-5.480949898402759,-3.5697231035262575,-4.089857977202298,-3.1201808051509206,0.748,0.6959,0.796,0.2836656192587321,0.2631771343404563,0.3048445102466633,-0.4055816739292304,-0.6036803159765239,-0.27441600903075763,0.048502772808074954,0.032025778037309646,0.06858045945763587,0.04,0.012,0.072,-0.018458711822713775,-0.025563383883789474,-0.01246203019939116,False
transport_anchor_only,False,30.0,0.0,1.0,250,1.2337693238258363,1.1911698910653592,1.2757953022778035,0.006616608557027081,0.005054902551347375,0.008516665252266463,0.24477564227897536,0.24122528311725358,0.24816487297991305,0.8924358333333332,0.8852503333333334,0.8995754322916666,0.02629669342190027,0.022588542579766363,0.030278992929309603,0.04551170087121518,0.03441967206626565,0.05817075267779226,-0.38208059391965526,-0.38942345829513414,-0.37487013935212593,0.38470407275114465,0.37867703844143186,0.39029881799030114,0.412,0.3559,0.476,0.0,0.0,0.0,0.0,0.0,0.0,-0.3005307474315487,-0.3120391401213144,-0.28835972764982254,-7.395216759769795,-10.533166719721809,-5.597253058611871,-3.6852398915965905,-4.198614315910781,-3.210719047868214,0.748,0.6959,0.796,0.2886385000727454,0.26683376564751066,0.30982346937146626,-0.0072162120075063285,-0.07695176974373959,0.06075644423003625,0.00420618462562561,-0.004053626775741577,0.015393823277950282,-0.016,-0.044,0.012,-0.0003284220823089781,-0.0033229443539821418,0.0028808275527223656,False
mediation_aware_recourse,False,30.0,0.5,1.0,250,1.23444602394104,1.191372016054392,1.275998285740614,0.006571879960935268,0.005023408231157598,0.008448614510022738,0.2442208559546403,0.2407031220117779,0.2475054918859388,0.89330625,0.8861708906249999,0.9002568020833333,0.02629669342190027,0.022588542579766363,0.030278992929309603,0.04551170087121518,0.03441967206626565,0.05817075267779226,-0.3835549416978224,-0.3907976211941988,-0.3764675517835808,0.3861465628718957,0.38015666970106526,0.39213678033859767,0.412,0.352,0.476,0.0,0.0,0.0,0.0,0.0,0.0,-0.30200509520971575,-0.3131915713726496,-0.2896616826863355,-7.427611676899769,-10.566333108295686,-5.6205536125126985,-3.7033189909653697,-4.218486128831673,-3.228230828783451,0.748,0.6959,0.796,0.29011284785091257,0.26850428667987875,0.3116002605402414,-0.039611129137480106,-0.11918576193224051,0.031696422522264345,0.004882884740829468,-0.002912592774629593,0.015594385033845897,-0.016,-0.044,0.008,-0.0018027698604760891,-0.0050689671253772274,0.0013750056458645685,False
mediation_aware_recourse,False,30.0,1.0,1.0,250,1.235331946372986,1.1926730685532094,1.2780552170693873,0.006548165379117967,0.0050093207316606134,0.008444349479644198,0.24337433166522698,0.23987282756974365,0.2468585934863033,0.8937320833333333,0.8865818854166666,0.9006540572916666,0.02629669342190027,0.022588542579766363,0.030278992929309603,0.04551170087121518,0.03441967206626565,0.05817075267779226,-0.3858252775500909,-0.3927000854782942,-0.3786704177237897,0.38796829869715715,0.3819085351443867,0.39406733840198116,0.408,0.348,0.472,0.0,0.0,0.0,0.0,0.0,0.0,-0.30427543106198424,-0.3152070592304752,-0.29210483250495994,-7.47749633971852,-10.639410255132729,-5.674675793651296,-3.731158845361657,-4.232419884202974,-3.2602474000171173,0.748,0.6959,0.796,0.29238318370318095,0.27052793631093514,0.31402483672226866,-0.08949579195623159,-0.1660536585980958,-0.020274309213913048,0.005768807172775269,-0.0023585052490234376,0.016617868441343303,-0.02,-0.048,0.004,-0.004073105712744578,-0.007403308347132843,-0.0009097617322360163,False
mediation_aware_recourse,False,30.0,2.0,1.0,250,1.2530298426151276,1.212327123081684,1.2941757731974126,0.006064928469814522,0.004564975163848245,0.007975461858054922,0.23897426121355006,0.23439868593201935,0.24326705215953784,0.8968845833333333,0.890390484375,0.9037627916666666,0.02629669342190027,0.022588542579766363,0.030278992929309603,0.04551170087121518,0.03441967206626565,0.05817075267779226,-0.3971268878242904,-0.40364306567076574,-0.39066123222792093,0.39858139954227917,0.3925914281206263,0.4044820909457073,0.448,0.388,0.512,0.0,0.0,0.0,0.0,0.0,0.0,-0.3155770413361838,-0.3260102318224205,-0.30435054485955504,-7.725819519425203,-10.941123241635701,-5.909461625230768,-3.869744149453526,-4.387949732394428,-3.398623568698226,0.748,0.6959,0.796,0.3028870299353083,0.2805489650418869,0.3249612890880831,-0.3378189716629141,-0.4923609963865224,-0.22131703074539544,0.02346670341491699,0.010583943235874176,0.037838624244928364,0.02,-0.016,0.056,-0.015374715986944095,-0.021265009671243593,-0.010319772290290683,False
mediation_aware_recourse,False,30.0,4.266636702451111,1.0,250,1.272492841243744,1.2349827794373034,1.3105849502205849,0.005788408548825155,0.00429493417915429,0.0076948827623722705,0.23444735342980771,0.22910927634248943,0.2395545324045001,0.899848125,0.8933280833333334,0.9061313177083332,0.02629669342190027,0.022588542579766363,0.030278992929309603,0.04551170087121518,0.03441967206626565,0.05817075267779226,-0.40795313272436773,-0.4142831692112155,-0.40124251562227625,0.4087752505738132,0.4027878340332626,0.4148500671127399,0.472,0.416,0.536,0.0,0.0,0.0,0.0,0.0,0.0,-0.3264032862362611,-0.3357432055157106,-0.3158886653408255,-7.963697794524444,-11.26097280159986,-6.104116572392772,-4.002500314747549,-4.532440147394026,-3.5378486949932784,0.748,0.6959,0.796,0.3123477834675379,0.2893410501525071,0.33578573939176554,-0.5756972467621555,-0.803201239013226,-0.4070854919298601,0.04292970204353332,0.027333567488193513,0.060308844715356816,0.044,0.0,0.084,-0.02620096088702136,-0.034080163790315386,-0.01958020293029827,True
mediation_aware_recourse,False,30.0,5.0,1.0,250,1.2785408515930177,1.2420755164504051,1.3164953996360302,0.00575502512150447,0.004258376685982968,0.007629785079096934,0.23325231187527543,0.22800931789809487,0.23840196699732022,0.9001468749999999,0.89381021875,0.9063968854166667,0.02629669342190027,0.022588542579766363,0.030278992929309603,0.04551170087121518,0.03441967206626565,0.05817075267779226,-0.41081155518046764,-0.41666979401233006,-0.4046236518869934,0.4113074643461132,0.4051843469681159,0.4172160875276229,0.472,0.416,0.536,0.0,0.0,0.0,0.0,0.0,0.0,-0.32926170869236104,-0.3388137756408242,-0.31956287685882606,-8.026504114687876,-11.327561284675468,-6.14182486466912,-4.03755154512009,-4.556260465329438,-3.563816397026862,0.748,0.6959,0.796,0.31362770327831957,0.29068017751008185,0.33722408545518984,-0.6385035669255874,-0.8927836295058014,-0.4585684501248851,0.04897771239280701,0.03275873528122902,0.068951984167099,0.044,0.0,0.084,-0.02905938334312129,-0.03756490557141884,-0.021800112742998347,False
transport_anchor_only,False,0.0,0.0,2.0,250,0.0016951215267181395,0.0,0.005085364580154419,0.6098910902914748,0.5785222744621042,0.6393933295512091,0.11876646467521161,0.1077213400913115,0.12839324553751225,0.7752572916666667,0.7649899583333334,0.7847715260416666,0.02629669342190027,0.022588542579766363,0.030278992929309603,0.04551170087121518,0.03441967206626565,0.05817075267779226,0.04527234511660704,0.03332323563124773,0.05663149136559969,0.10811342332410892,0.09987465264988729,0.11623371883097995,0.008,0.0,0.02,0.0,0.0,0.0,0.0,0.0,0.0,0.00023935575460813118,0.0,0.0009574230184325247,0.005259213565439902,0.0,0.019352215025778715,0.0029350852872913613,0.0,0.009590941015393581,0.0,0.0,0.0,0.0,0.0,0.0,0.005259213565439902,0.0,0.017776645541624968,0.0016951215267181395,0.0,0.005085364580154419,0.0,0.0,0.0,0.00023935575460813118,0.0,0.0007180672638243936,False
mediation_aware_recourse,False,0.0,0.5,2.0,250,0.0,0.0,0.0,0.6107699646389924,0.5804956151053366,0.6404024468500761,0.11836630183691023,0.1074536868767295,0.12838542809088507,0.7761133333333333,0.7658986666666667,0.7856268333333334,0.02629669342190027,0.022588542579766363,0.030278992929309603,0.04551170087121518,0.03441967206626565,0.05817075267779226,0.04551170087121518,0.03356259138585585,0.05687145350424278,0.10827520427504958,0.10003783681275755,0.11643478513108754,0.008,0.0,0.02,0.0,0.0,0.0,0.0,0.0,0.0,0.0,0.0,0.0,0.0,0.0,0.0,0.0,0.0,0.0,0.0,0.0,0.0,0.0,0.0,0.0,0.0,0.0,0.0,0.0,0.0,0.0,0.0,0.0,0.0,0.0,0.0,0.0,False
mediation_aware_recourse,False,0.0,1.0,2.0,250,0.0016951215267181395,0.0,0.005085364580154419,0.6120115567626868,0.5815339262304875,0.641150255529773,0.11787319734882777,0.10716346189720113,0.12751192919388796,0.775495,0.7653092916666666,0.7853968333333334,0.02629669342190027,0.022588542579766363,0.030278992929309603,0.04551170087121518,0.03441967206626565,0.05817075267779226,0.045885944689021144,0.03428347877429769,0.05695308727048272,0.1079752851226289,0.09942074768933747,0.11615835044594655,0.008,0.0,0.02,0.0,0.0,0.0,0.0,0.0,0.0,0.00035323248142245565,0.0,0.001059697444267367,-0.008223024203489304,-0.03082603156881678,0.0,0.00433149167820901,0.0,0.014093878419490764,0.004,0.0,0.012,1.0505668191756342e-05,0.0,3.17796462800627e-05,-0.008223024203489304,-0.027424495340880577,0.0,0.0016951215267181395,0.0,0.005085364580154419,0.0,0.0,0.0,0.00035323248142245565,0.0,0.001059697444267367,False
mediation_aware_recourse,False,0.0,2.0,2.0,250,0.022036579847335817,0.011823472648859027,0.033902430534362794,0.635232050807256,0.6062038035463768,0.6624260695774202,0.10987510823299734,0.10026596540411481,0.1198361689677878,0.7718304166666666,0.7619232604166666,0.7811684427083333,0.02629669342190027,0.022588542579766363,0.030278992929309603,0.04551170087121518,0.03441967206626565,0.05817075267779226,0.054600397193209645,0.04338622294411156,0.0659314179636291,0.1053333970539618,0.09692852363880015,0.11315264941230369,0.008,0.0,0.02,0.0,0.0,0.0,0.0,0.0,0.0,0.0014581643250718588,-0.0013176213564404836,0.00427928117856406,-0.19970021220944534,-0.38209385996537626,-0.08287108225589064,0.017880650765964567,-0.019358947541023446,0.05457959900321587,0.044,0.02,0.072,0.002679340805990267,0.0010785665702642401,0.004654722432744593,-0.19970021220944534,-0.3606373234988715,-0.0844837640987227,0.022036579847335817,0.011823472648859027,0.033902430534362794,0.0,0.0,0.0,0.0014581643250718588,-0.001588989033571456,0.00442233238912057,False
mediation_aware_recourse,False,0.0,4.266636702451111,2.0,250,0.13560972213745118,0.11183564272522926,0.15934142351150513,0.7503461986766433,0.7358650155429357,0.7659319270618926,0.06880584323326024,0.06273747297471696,0.07478670465271284,0.7801583333333333,0.7709336354166666,0.7895970781250001,0.02629669342190027,0.022588542579766363,0.030278992929309603,0.04551170087121518,0.03441967206626565,0.05817075267779226,0.09720948854036808,0.0872823953778523,0.10722620280162626,0.10924229394234351,0.100174982134528,0.1180293530015512,0.0,0.0,0.0,0.0,0.0,0.0,0.0,0.0,0.0,-0.0179842703350755,-0.02524716767530711,-0.010893979423159734,-1.1359229973725338,-1.8319965676523502,-0.7535653039994218,-0.22053101396945451,-0.32310224967896795,-0.1279250314768904,0.18,0.136,0.22809999999999991,0.01865332045750467,0.013017192141963875,0.02521842717997481,-1.1359229973725338,-1.7353682058855961,-0.7445170975489205,0.13560972213745118,0.11183564272522926,0.15934142351150513,-0.008,-0.02,0.0,-0.0179842703350755,-0.02522527003309349,-0.011266310386641866,True
mediation_aware_recourse,False,0.0,5.0,2.0,250,0.1627316665649414,0.13899996519088745,0.18646336793899537,0.7726926155690186,0.7613345716998063,0.7838162665255332,0.06021319898697709,0.05522948436871683,0.06500890559705494,0.7865041666666666,0.7773771666666667,0.7959928906250001,0.02629669342190027,0.022588542579766363,0.030278992929309603,0.04551170087121518,0.03441967206626565,0.05817075267779226,0.10422045056408297,0.09458395783282719,0.11407706835118105,0.11115370598932464,0.1014798557476403,0.12035445784367957,0.0,0.0,0.0,0.0,0.0,0.0,0.0,0.0,0.0,-0.023527734635295124,-0.03121919450980401,-0.016070147351949827,-1.289970459662591,-2.0246935344563513,-0.8797556598464308,-0.28850740557465615,-0.3955713989508401,-0.18958041323058789,0.196,0.148,0.248,0.01961731136760868,0.013807460183818286,0.02589729032096041,-1.289970459662591,-1.932314752495148,-0.87046773029946,0.1627316665649414,0.13899996519088745,0.18646336793899537,-0.008,-0.02,0.0,-0.023527734635295124,-0.03160196348111909,-0.01643521876911077,False
transport_anchor_only,False,1.0,0.0,2.0,250,0.10873889541625976,0.08477702403068542,0.13417286695837974,0.5035550377978594,0.47001270796291067,0.5345956217229942,0.15293284555105838,0.14112177313271299,0.1638081915652255,0.750413125,0.7419117187500001,0.7580070624999999,0.02629669342190027,0.022588542579766363,0.030278992929309603,0.04551170087121518,0.03441967206626565,0.05817075267779226,-0.0025200830818065006,-0.015657562286515093,0.010098296968478106,0.10416316563448164,0.09550995754047636,0.11266346612691112,0.008,0.0,0.02,0.0,0.0,0.0,0.0,0.0,0.0,0.011501697240187823,0.005006075097064183,0.018715979261395087,0.944627798268019,0.610327348784052,0.995235524673485,0.14103885826278328,0.04717345411667155,0.22244609158751644,0.148,0.108,0.188,0.01826504335641693,0.011498262265971107,0.0262520432330674,1.2169549983486552,0.6910551811008577,1.6307486919435774,-0.04662604784965515,-0.07267659487128258,-0.023917987579107285,0.0,0.0,0.0,0.042631762233511276,0.03178095994275542,0.05508088098012171,False
mediation_aware_recourse,False,1.0,0.5,2.0,250,0.09692882037162781,0.07473687576651573,0.1208303622305393,0.5143326369244933,0.4806257335844253,0.5456793768537803,0.14984007159463336,0.13857147412129917,0.16094033009614814,0.7511412500000001,0.742722625,0.7588148854166665,0.02629669342190027,0.022588542579766363,0.030278992929309603,0.04551170087121518,0.03441967206626565,0.05817075267779226,0.0032200105602195315,-0.009275103952688487,0.01532774766318073,0.1039064758682016,0.09544223904560191,0.11248911664349773,0.008,0.0,0.02,0.0,0.0,0.0,0.0,0.0,0.0,0.011542786260009187,0.0052810441702045435,0.018314854698096534,0.9292487316760316,0.6814225574469753,0.993319114424982,0.14154270985283335,0.05776381512209739,0.22074981180716713,0.132,0.092,0.172,0.01537445202549323,0.009359288074843,0.022474236643967877,1.2015759317566677,0.5848273779987578,1.7032108901047125,-0.05843612289428711,-0.08440192723870277,-0.03373985766768456,0.0,0.0,0.0,0.04267285125333264,0.03242994577065204,0.055458703504778946,False
mediation_aware_recourse,False,1.0,1.0,2.0,250,0.07731983780860902,0.056901656150817874,0.09871897712945936,0.533867660901306,0.4993718394315397,0.5636864277748289,0.14331594500183178,0.13223345932123587,0.15447253606392963,0.7534660416666668,0.7445304114583332,0.7613406875,0.02629669342190027,0.022588542579766363,0.030278992929309603,0.04551170087121518,0.03441967206626565,0.05817075267779226,0.01185106004146287,-0.0008139697884419933,0.023411067899776993,0.1025380483872232,0.09425757565399064,0.11053535644260754,0.008,0.0,0.02,0.0,0.0,0.0,0.0,0.0,0.0,0.01173637375607451,0.006216612505056467,0.01819698495170644,0.7396041058760272,0.5309841620535665,0.9635128201585346,0.14391656467172065,0.0681187006737014,0.2189440647299427,0.1,0.064,0.14,0.010962133536838899,0.005901701402955134,0.016867052150351624,1.0119313059566633,0.45285432764863426,1.7171721111336833,-0.0780451054573059,-0.10740115285515785,-0.051425466775894164,0.0,0.0,0.0,0.04286643874939796,0.03295618043089957,0.055410766460068824,False
mediation_aware_recourse,False,1.0,2.0,2.0,250,0.024617623805999755,0.013560972213745116,0.038178596019744875,0.583750669024748,0.5512157996649856,0.6165240269313526,0.12671549552563727,0.11565194339616652,0.1379165225494175,0.7676808333333334,0.7579674999999999,0.7770633593749999,0.02629669342190027,0.022588542579766363,0.030278992929309603,0.04551170087121518,0.03441967206626565,0.05817075267779226,0.0329649919940137,0.021134790046683647,0.04480884252895158,0.10518720555995302,0.09719431062529922,0.11313039753051964,0.008,0.0,0.02,0.0,0.0,0.0,0.0,0.0,0.0,0.005240124313041853,0.0016848961277427382,0.009246201933666015,0.2756809487895212,0.12758721750825908,0.46802035452702984,0.06425670358320135,0.016882785235419556,0.11622968222050521,0.036,0.012,0.06,0.003653292282079815,0.00093895520362624,0.007090383416690699,0.5480081488701573,0.05924311602047947,1.1602043155024555,-0.13074731945991516,-0.163510003721714,-0.10073551964163781,0.0,0.0,0.0,0.036370189306365305,0.02749732525048793,0.04730579734989761,False
mediation_aware_recourse,False,1.0,4.266636702451111,2.0,250,0.005085364580154419,0.0,0.011865850687026978,0.6151369242194163,0.5837246974044087,0.6439053780266777,0.11672277356649081,0.10629469341590728,0.12674072599096153,0.7746458333333334,0.7646575260416667,0.78425609375,0.02629669342190027,0.022588542579766363,0.030278992929309603,0.04551170087121518,0.03441967206626565,0.05817075267779226,0.046873416526217425,0.03513705238241176,0.05809257311207602,0.10788523983930998,0.09939526669521083,0.11608775731523412,0.008,0.0,0.02,0.0,0.0,0.0,0.0,0.0,0.0,-4.759347387897794e-06,-0.0007161026413054043,0.0008862592989801669,-0.029920122274829986,-0.0794505908111403,0.0,-5.8361205972357055e-05,-0.009967785513834353,0.011739040587845312,0.012,0.0,0.028,0.0006832375011950742,0.0,0.0019039691134189018,0.24240707780580606,-0.1946080528597122,0.7594080404311838,-0.1502795786857605,-0.1865821165084839,-0.11938185643553734,0.0,0.0,0.0,0.031125305645935554,0.0217321340892844,0.04166479174194477,True
mediation_aware_recourse,False,1.0,5.0,2.0,250,0.03559755206108093,0.022036579847335817,0.05085364580154419,0.6440675922102485,0.6144555271791131,0.6700925628509756,0.10614204432088764,0.09672166735448989,0.11603053221878294,0.7696502083333333,0.7602052083333333,0.7788330364583335,0.02629669342190027,0.022588542579766363,0.030278992929309603,0.04551170087121518,0.03441967206626565,0.05817075267779226,0.05688073675882461,0.045413906050771585,0.0681327652398654,0.1050028365120437,0.09668430921550171,0.11302855486662404,0.008,0.0,0.02,0.0,0.0,0.0,0.0,0.0,0.0,0.00047960580323942503,-0.0025345597679701285,0.0035264203628547586,-0.24980468033441516,-0.46935344396422607,-0.11847717044911862,0.0058811368002925635,-0.03282240844438191,0.04726547062004696,0.064,0.036,0.096,0.0036345073106785605,0.0018614767831964933,0.005818906783654833,0.02252251974622088,-0.3750647244569618,0.48940601220759483,-0.11976739120483398,-0.15857808581590652,-0.08612262067794801,0.0,0.0,0.0,0.03160967079656287,0.021920300151397634,0.042451626332544165,False
transport_anchor_only,False,3.0,0.0,2.0,250,0.6366627175807953,0.5884189007997512,0.6835485546767711,0.11291145489639585,0.09955807711057159,0.12608495560606223,0.24847316685919893,0.24518933855240277,0.25179832862457774,0.8588581250000001,0.8494040520833332,0.8677752708333334,0.02629669342190027,0.022588542579766363,0.030278992929309603,0.04551170087121518,0.03441967206626565,0.05817075267779226,-0.2495604759943971,-0.2637508391305045,-0.23512344852278494,0.26666766369984646,0.25576520117137813,0.27708100811015196,0.008,0.0,0.02,0.0,0.0,0.0,0.0,0.0,0.0,-0.17142155497256212,-0.18722886722126753,-0.15456682743422448,-4.483435494985792,-6.505254921446115,-3.389371446776609,-2.1020463232577953,-2.4615833284326034,-1.778633865606161,0.712,0.656,0.764,0.20854419824212514,0.19073569673100005,0.227349744228446,0.775877664744149,0.5199458133513829,1.1263056619368053,-0.06651462888717652,-0.0941019498705864,-0.04148269258737564,0.0,0.0,0.0,0.032415334162813454,0.02309611665405904,0.04339635207664962,False
mediation_aware_recourse,False,3.0,0.5,2.0,250,0.6366627175807953,0.5884189007997512,0.6835485546767711,0.11291145489639585,0.09955807711057159,0.12608495560606223,0.24847316685919893,0.24518933855240277,0.25179832862457774,0.8588581250000001,0.8494040520833332,0.8677752708333334,0.02629669342190027,0.022588542579766363,0.030278992929309603,0.04551170087121518,0.03441967206626565,0.05817075267779226,-0.2495604759943971,-0.2637508391305045,-0.23512344852278494,0.26666766369984646,0.25576520117137813,0.27708100811015196,0.008,0.0,0.02,0.0,0.0,0.0,0.0,0.0,0.0,-0.17142155497256212,-0.18722886722126753,-0.15456682743422448,-4.483435494985792,-6.505254921446115,-3.389371446776609,-2.1020463232577953,-2.4615833284326034,-1.778633865606161,0.712,0.656,0.764,0.20854419824212514,0.19073569673100005,0.227349744228446,0.775877664744149,0.5199458133513829,1.1263056619368053,-0.06651462888717652,-0.0941019498705864,-0.04148269258737564,0.0,0.0,0.0,0.032415334162813454,0.02309611665405904,0.04339635207664962,False
mediation_aware_recourse,False,3.0,1.0,2.0,250,0.6253478105068206,0.5790938718259334,0.6728071528971196,0.11813306186620974,0.1033135345724128,0.1341911799958359,0.2454181862942276,0.24125854569334873,0.24941066043285903,0.8579181250000001,0.84806503125,0.8671217031249999,0.02629669342190027,0.022588542579766363,0.030278992929309603,0.04551170087121518,0.03441967206626565,0.05817075267779226,-0.2503826790061531,-0.2643397533259956,-0.23594672855771778,0.26764863074721423,0.2571374259532499,0.2781619875456982,0.008,0.0,0.02,0.0,0.0,0.0,0.0,0.0,0.0,-0.17281319682779564,-0.18807005298200202,-0.15672393931138975,-4.5015012450240635,-6.439173492596515,-3.454328809529214,-2.1191112463099366,-2.472570345499153,-1.7950614867620378,0.704,0.648,0.76,0.2118320710806681,0.1933099633337872,0.23135907831289756,0.7578119147058775,0.4863104278503944,1.1482585615582872,-0.07782953596115112,-0.10932531690597534,-0.04939505959153175,0.0,0.0,0.0,0.03102369230757993,0.02221908875014227,0.04120143182651461,False
mediation_aware_recourse,False,3.0,2.0,2.0,250,0.544483562707901,0.4959888559401035,0.5924515142500401,0.1661288323716413,0.13942227269263488,0.19559070223928052,0.22851300611089895,0.22030284431003405,0.23564444372784313,0.8398052083333334,0.8290980364583334,0.850153375,0.02629669342190027,0.022588542579766363,0.030278992929309603,0.04551170087121518,0.03441967206626565,0.05817075267779226,-0.23210223661503387,-0.24741307789900918,-0.21659839609034365,0.24908253285616183,0.23691984250064071,0.26160297709015556,0.008,0.0,0.02,0.0,0.0,0.0,0.0,0.0,0.0,-0.1552323044670402,-0.1701209264835442,-0.14034330917766563,-4.099836573276297,-5.8280953818173415,-3.1260673065538738,-1.9035266300553926,-2.2269085241052204,-1.6057166639495286,0.664,0.604,0.72,0.2025721828915135,0.18407441333706745,0.22189436350225908,1.1594765864536436,0.7713554647213433,1.7236535253928507,-0.1586937837600708,-0.20728544855713846,-0.11336023033857351,0.0,0.0,0.0,0.04860458466833538,0.03499283970488809,0.062242618287002144,False
mediation_aware_recourse,False,3.0,4.266636702451111,2.0,250,0.3263905446529388,0.28855888962149623,0.36504831628203394,0.30745268354551125,0.2674294626046961,0.34910615115687416,0.18410853499391128,0.1724974367900189,0.1952588047813708,0.8058952083333334,0.7960658697916667,0.8142836770833334,0.02629669342190027,0.022588542579766363,0.030278992929309603,0.04551170087121518,0.03441967206626565,0.05817075267779226,-0.16506929575597212,-0.18361724305389526,-0.14696617111230248,0.19195454327650602,0.1772242115484163,0.20713442526979592,0.012,0.0,0.028,0.0,0.0,0.0,0.0,0.0,0.0,-0.09613356027958839,-0.10822007120419033,-0.0835551151545024,-2.6269638927156342,-3.7660003588374744,-1.9978485844877223,-1.178831897538994,-1.3567702563266195,-0.9931160320115274,0.488,0.4279,0.5480999999999999,0.1465259635799313,0.12790608766375525,0.16469423721464393,2.6323492670143067,1.901492392470338,3.744218778361071,-0.37678680181503293,-0.44311432011723517,-0.309944577819109,0.004,0.0,0.012,0.10770332885578718,0.08847948937217157,0.12682739659831746,True
mediation_aware_recourse,False,3.0,5.0,2.0,250,0.304932993888855,0.26797034378647805,0.3438676444470882,0.32556121957027,0.28333210829274424,0.36891252595411694,0.17868367431699367,0.16715628747677166,0.18946351893559701,0.8019939583333333,0.79173728125,0.810756890625,0.02629669342190027,0.022588542579766363,0.030278992929309603,0.04551170087121518,0.03441967206626565,0.05817075267779226,-0.15651693195393512,-0.17609766758494516,-0.13755800817387195,0.18648545155769117,0.17086151042196684,0.20187542369740158,0.012,0.0,0.028,0.0,0.0,0.0,0.0,0.0,0.0,-0.0899174909064256,-0.10229171019591535,-0.07786987160359654,-2.4390481778923694,-3.5702477258664187,-1.8355108394777915,-1.1026077274043589,-1.270521895702297,-0.9284174987085185,0.46,0.4,0.524,0.14029028910678942,0.12068968791752366,0.1580360127046017,2.8202649818375716,2.0482310140418236,3.9914709531365764,-0.39824435257911683,-0.46366171374320986,-0.331865571475029,0.004,0.0,0.012,0.11391939822894996,0.09446450852441275,0.13271675822499115,False
transport_anchor_only,False,10.0,0.0,2.0,250,1.0380118453502656,0.9841645217061044,1.0901470630764962,0.019532575569438992,0.016955980795734106,0.022303813672741365,0.24974169994956913,0.24665383937847762,0.2527874202912283,0.8889833333333333,0.882338546875,0.8961859687500001,0.02629669342190027,0.022588542579766363,0.030278992929309603,0.04551170087121518,0.03441967206626565,0.05817075267779226,-0.35361569067198684,-0.3614456991356845,-0.3456735128905973,0.3567976926736544,0.35009633702343684,0.3636807691086843,0.144,0.104,0.188,0.0,0.0,0.0,0.0,0.0,0.0,-0.27206584418388025,-0.2849767179844385,-0.25769748723551344,-6.769775330362097,-9.698507438151365,-5.093940850230796,-3.3361907581709405,-3.8554896208784126,-2.8934205617980657,0.748,0.6959,0.796,0.26840151785487704,0.24896596055736744,0.2883814429428446,0.0128717468212729,-0.06537222508150445,0.08695479968921241,0.012472570180892944,-0.0009493293881416321,0.027527765041589734,-0.012,-0.036,0.012,0.0005858150910198121,-0.0027538456447999894,0.004298102071819373,False
mediation_aware_recourse,False,10.0,0.5,2.0,250,1.039239489555359,0.985826369124651,1.0916120763599872,0.01921317516172341,0.016742194958619148,0.022015420591072622,0.2491252134511081,0.24593967835815156,0.2522042305525533,0.8900506250000001,0.883756671875,0.8969549531250001,0.02629669342190027,0.022588542579766363,0.030278992929309603,0.04551170087121518,0.03441967206626565,0.05817075267779226,-0.35550857343756354,-0.36335200470828255,-0.34754030204286307,0.35824495896526454,0.3514763796864056,0.36533271546797796,0.148,0.104,0.192,0.0,0.0,0.0,0.0,0.0,0.0,-0.27395872694945694,-0.28638798085501216,-0.2600828674375341,-6.8113664537290965,-9.775561329988934,-5.133770590951228,-3.3594021171997124,-3.867731027997262,-2.9272314194832427,0.748,0.6959,0.796,0.27000580927610385,0.25038926499589975,0.29004488334679884,-0.02871937654572676,-0.1064452569870403,0.04346925760486294,0.013700214385986328,0.0015721034765243532,0.02807038642168045,-0.008,-0.032,0.016,-0.0013070676745568976,-0.004616333412969681,0.0020339304637186197,False
mediation_aware_recourse,False,10.0,1.0,2.0,250,1.039239489555359,0.985826369124651,1.0916120763599872,0.01913586840912614,0.016662955537206935,0.02196915993221181,0.2489720627178132,0.24579903177341964,0.2520845308936571,0.8904772916666667,0.8840821458333333,0.897346125,0.02629669342190027,0.022588542579766363,0.030278992929309603,0.04551170087121518,0.03441967206626565,0.05817075267779226,-0.3560879680331139,-0.36377001761233596,-0.3481186269086547,0.35857127451244764,0.3517974000178618,0.36546426861274633,0.152,0.108,0.2,0.0,0.0,0.0,0.0,0.0,0.0,-0.2745381215450073,-0.2871696583186758,-0.26030522923694144,-6.824097127038579,-9.793456537776818,-5.149198895345177,-3.366506907956552,-3.8765220021869706,-2.931245896316381,0.748,0.6959,0.796,0.27000580927610385,0.25038926499589975,0.29004488334679884,-0.04145004985520906,-0.1202948533573044,0.030278405546105665,0.013700214385986328,0.0015721034765243532,0.02807038642168045,-0.004,-0.024,0.02,-0.0018864622701072434,-0.0052961285970430485,0.0014314455437222573,False
mediation_aware_recourse,False,10.0,2.0,2.0,250,1.0496194412708282,0.9974836024284363,1.1012404310882093,0.018235239484548114,0.01576277426471145,0.02097033965147846,0.24653762927124576,0.24296240268874467,0.24985871333772539,0.8914785416666666,0.8850817864583334,0.8979263541666667,0.02629669342190027,0.022588542579766363,0.030278992929309603,0.04551170087121518,0.03441967206626565,0.05817075267779226,-0.36317378161661507,-0.37006544201068203,-0.3556896568796872,0.36521076826636656,0.3586813649882656,0.37193939122766106,0.164,0.12,0.212,0.0,0.0,0.0,0.0,0.0,0.0,-0.2816239351285084,-0.2942202577924103,-0.2678856160742007,-6.979789255609031,-9.955724332650147,-5.28348547510695,-3.4533962632238797,-3.9694703743948807,-3.0065607398304106,0.748,0.6959,0.796,0.276605673506477,0.2562851609705242,0.29730434121308574,-0.19714217842566129,-0.31873384473524674,-0.10545903561984457,0.024080166101455688,0.00950611960887909,0.040300301438570024,0.008,-0.016,0.032,-0.0089722758536084,-0.013752629749423465,-0.004771594162300651,False
mediation_aware_recourse,False,10.0,4.266636702451111,2.0,250,1.0645615038871765,1.0111319229423998,1.1170749038100243,0.01713102491767629,0.0147256713713983,0.019840480019200087,0.24478757622979874,0.2411921868320536,0.24805650619740313,0.89199875,0.8856926822916666,0.8984181145833333,0.02629669342190027,0.022588542579766363,0.030278992929309603,0.04551170087121518,0.03441967206626565,0.05817075267779226,-0.3690884243237275,-0.3752204079037688,-0.36241392765743613,0.37004200806498827,0.36386356731680275,0.37609103864849264,0.168,0.124,0.22,0.0,0.0,0.0,0.0,0.0,0.0,-0.28753857783562087,-0.29924750184032134,-0.27479765042642723,-7.1097479825713386,-10.09360407089388,-5.40595114880657,-3.5259242073197044,-4.0481512002168865,-3.0680148738825395,0.748,0.6959,0.796,0.28028463414397536,0.2597140688760983,0.30038858150826087,-0.32710090538796877,-0.5004868268454791,-0.20856910731553988,0.039022228717803954,0.024134853714704512,0.056311735033988945,0.012,-0.016,0.04,-0.014886918560720816,-0.020488331460093774,-0.009942193809637945,True
mediation_aware_recourse,False,10.0,5.0,2.0,250,1.074467235326767,1.0225805304050446,1.125337056916952,0.016566173712626545,0.014198522553996024,0.019198332588536256,0.24368180531581385,0.23986583001741926,0.24729984816695094,0.8924568749999999,0.8861177864583333,0.8988311510416667,0.02629669342190027,0.022588542579766363,0.030278992929309603,0.04551170087121518,0.03441967206626565,0.05817075267779226,-0.372415267964279,-0.37850125112290256,-0.3661293546576446,0.37315566775596176,0.3668182462261809,0.37930578892987504,0.176,0.132,0.228,0.0,0.0,0.0,0.0,0.0,0.0,-0.2908654214761724,-0.30257523359044697,-0.2781115620655196,-7.182846627026869,-10.22745079331847,-5.453738256301797,-3.566719423789384,-4.087093462834481,-3.1079666403870507,0.748,0.6959,0.796,0.2825060406369387,0.261335340085673,0.30404360020348514,-0.40019954984349937,-0.600121440123675,-0.26591449713735665,0.04892796015739441,0.03184976185560227,0.06887883210778237,0.02,-0.008,0.052,-0.018213762201272344,-0.024714234577477432,-0.012722709446406175,False
transport_anchor_only,False,30.0,0.0,2.0,250,1.234452766418457,1.1921315559983254,1.2757937826335428,0.0067249621739368,0.0052011704511805415,0.008639338287680287,0.2450737080563827,0.24152276502053338,0.24841616171541572,0.8898854166666668,0.8827757447916667,0.8973244166666666,0.02629669342190027,0.022588542579766363,0.030278992929309603,0.04551170087121518,0.03441967206626565,0.05817075267779226,-0.38119431839052015,-0.38869294572905044,-0.37468947707475453,0.38385301164564284,0.37793596758835124,0.3893771509970088,0.388,0.332,0.452,0.0,0.0,0.0,0.0,0.0,0.0,-0.29964447190241356,-0.3110725018626542,-0.2874648571495901,-7.3757431845755175,-10.52476263785866,-5.575647646067092,-3.674371992179216,-4.196776656601782,-3.2027201325023626,0.748,0.6959,0.796,0.28767856016217824,0.26620670765465687,0.3089443069598936,0.012257363186771286,-0.07402088789452692,0.09599064047095275,0.00488962721824646,-0.005954372054338455,0.017647739195823655,-0.04,-0.076,-0.008,0.0005578534468261709,-0.0031325702616313016,0.004394749476333656,False
mediation_aware_recourse,False,30.0,0.5,2.0,250,1.235129466533661,1.1930849925160407,1.2777801366150379,0.0066626453979310545,0.005129683699385809,0.00859587936262206,0.24418836433738778,0.24059236416609617,0.2477504327969287,0.8906247916666667,0.8833335781249999,0.8979535468750001,0.02629669342190027,0.022588542579766363,0.030278992929309603,0.04551170087121518,0.03441967206626565,0.05817075267779226,-0.38364688249579276,-0.39094916334489194,-0.3767529138651149,0.38623815651628884,0.38016121608911163,0.3922053620864485,0.396,0.33990000000000004,0.46,0.0,0.0,0.0,0.0,0.0,0.0,-0.3020970360076861,-0.3134093020075249,-0.28959902704086804,-7.429631834270518,-10.601450113047658,-5.622087598118664,-3.7044464093717764,-4.219931942151973,-3.232153001424676,0.748,0.6959,0.796,0.2901311242674508,0.2686493019327467,0.31166411964662655,-0.04163128650822934,-0.13016607847841405,0.04196008058473606,0.005566327333450317,-0.00460097182393074,0.018311357975006104,-0.032,-0.064,0.0,-0.0018947106584463976,-0.005556383996061588,0.0020102382501922087,False
mediation_aware_recourse,False,30.0,1.0,2.0,250,1.237501288175583,1.1962314729869366,1.2789843834936618,0.0065781743743235695,0.005062030212890368,0.008516603779326285,0.24409899864749313,0.24045683618084251,0.2476110709955757,0.8907408333333334,0.8833983333333333,0.8981193020833333,0.02629669342190027,0.022588542579766363,0.030278992929309603,0.04551170087121518,0.03441967206626565,0.05817075267779226,-0.384081711884972,-0.3913186446665816,-0.3771557884234268,0.3866720021516503,0.3806003955766696,0.39260376093234217,0.4,0.344,0.464,0.0,0.0,0.0,0.0,0.0,0.0,-0.3025318653968654,-0.3143213768440653,-0.28993539973088367,-7.439186067156907,-10.627060910921712,-5.62860974735964,-3.7097784781359113,-4.227223525118524,-3.2349003532854708,0.748,0.6959,0.796,0.2904824457712269,0.2690083749497157,0.31201401423857655,-0.05118551939461824,-0.13958908375396914,0.028054623399208455,0.007938148975372315,-0.0017615038216114041,0.020140204310417176,-0.028,-0.06,0.004,-0.002329540047625674,-0.005874229950691,0.0013657186188683172,False
mediation_aware_recourse,False,30.0,2.0,2.0,250,1.2497788410186768,1.2096101003468036,1.2900356352806093,0.0062828512544015605,0.004772347377111511,0.008235539103059132,0.2414661796063699,0.23753812941027014,0.24525254894876525,0.8910508333333333,0.8837723802083334,0.8981797552083333,0.02629669342190027,0.022588542579766363,0.030278992929309603,0.04551170087121518,0.03441967206626565,0.05817075267779226,-0.39067696283601866,-0.3969259477038878,-0.38387934901814524,0.39281367955318375,0.3868073037894955,0.39880547191577265,0.416,0.356,0.48,0.0,0.0,0.0,0.0,0.0,0.0,-0.309127116347912,-0.32004498405426485,-0.2975408146444686,-7.584099371313773,-10.76248969277383,-5.777490475161787,-3.7906523391554847,-4.2991346922338485,-3.323047040643204,0.748,0.6959,0.796,0.2964704720707068,0.2750371148101499,0.31805099139924015,-0.196098823551484,-0.34085093537084393,-0.08350249051703315,0.020215701818466186,0.00665972256064415,0.034373052245378496,-0.012,-0.048,0.024,-0.008924790998672329,-0.014748134006576246,-0.003886495204481155,False
mediation_aware_recourse,False,30.0,4.266636702451111,2.0,250,1.2652651047706605,1.2281474352836608,1.3032977183461187,0.0061406069839519605,0.004616097620849108,0.008082889725252378,0.23556572770923348,0.23056967856344543,0.2402366456080187,0.8943214583333333,0.8874873125,0.9010625052083334,0.02629669342190027,0.022588542579766363,0.030278992929309603,0.04551170087121518,0.03441967206626565,0.05817075267779226,-0.40509643233631176,-0.4106504312534124,-0.39911200114600814,0.40569579662256183,0.3999623976434325,0.4109302067278384,0.428,0.368,0.492,0.0,0.0,0.0,0.0,0.0,0.0,-0.32354658584820506,-0.3334000621712058,-0.31344303908392784,-7.900929312279855,-11.172031846129125,-6.058618338124025,-3.9674702011289718,-4.487592704974504,-3.479200557834434,0.748,0.6959,0.796,0.3085010249012437,0.28574233143422556,0.33086110613092173,-0.5129287645175662,-0.7269007349571538,-0.35291357586668276,0.03570196557044983,0.019989623779058455,0.05353567326664924,0.0,-0.044,0.04,-0.023344260498965395,-0.030976704789982875,-0.01703500215287971,True
mediation_aware_recourse,False,30.0,5.0,2.0,250,1.272248070716858,1.2360908850371837,1.30919151520133,0.006030938475822272,0.00449613860864332,0.00792643342801103,0.23435574364812578,0.22937805415526938,0.23918139577550773,0.8952685416666666,0.8885414375,0.9019034375000001,0.02629669342190027,0.022588542579766363,0.030278992929309603,0.04551170087121518,0.03441967206626565,0.05817075267779226,-0.40796227326596424,-0.4135435539809867,-0.4021607835753339,0.40848982417425556,0.40269947374406057,0.4138996050040359,0.444,0.388,0.508,0.0,0.0,0.0,0.0,0.0,0.0,-0.3264124267778576,-0.33606705153466687,-0.3163211829262471,-7.963898633900287,-11.253172194683616,-6.107391626194197,-4.002612400079284,-4.526072610145444,-3.53478621067021,0.748,0.6959,0.796,0.31069491347841305,0.2876238270407916,0.333392544584735,-0.5758980861379985,-0.812604170452406,-0.40570060924925333,0.04268493151664734,0.025943393218517304,0.061542122620344156,0.016,-0.028,0.06,-0.026210101428617932,-0.033981840783096365,-0.019565698130814022,False
transport_anchor_only,False,0.0,0.0,5.0,250,0.19180770826339721,0.16312848937511445,0.2212982128918171,0.5732400266403727,0.5421800440519269,0.6015120509704818,0.13232490172983405,0.1224594198634302,0.14235653826153413,0.7173070833333334,0.7105947864583333,0.7233293281250001,0.02629669342190027,0.022588542579766363,0.030278992929309603,0.04551170087121518,0.03441967206626565,0.05817075267779226,0.030943241674774847,0.020665052447333077,0.04064477369312433,0.095487020767988,0.08824123687164823,0.10276762035889243,0.008,0.0,0.02,0.0,0.0,0.0,0.0,0.0,0.0,0.014634231013831737,0.009080788745533037,0.020535333917240977,0.32010359792231924,0.17551785384292898,0.4650845482961901,0.17945136188534716,0.11868955281245662,0.23884553903408642,0.096,0.06,0.132,0.004020254050916924,0.001881373495542788,0.006484035302493444,0.32010359792231924,0.17847991723755693,0.45725220528373983,0.19180770826339721,0.16312848937511445,0.2212982128918171,0.0,0.0,0.0,0.014634231013831737,0.009178581165254836,0.020079698493974327,False
mediation_aware_recourse,False,0.0,0.5,5.0,250,0.19228192853927611,0.1644849644780159,0.22232337678074837,0.591663422597983,0.561163720004676,0.618317099084526,0.12617503759115903,0.11679905836232236,0.1357794323729505,0.7175239583333335,0.7108095677083334,0.7239819114583333,0.02629669342190027,0.022588542579766363,0.030278992929309603,0.04551170087121518,0.03441967206626565,0.05817075267779226,0.03838021355863013,0.027652820078917673,0.04825646027748533,0.09613782776328106,0.08871633130599228,0.10378422359394338,0.008,0.0,0.02,0.0,0.0,0.0,0.0,0.0,0.0,0.011233183508536727,0.00605502195746166,0.016655586129699532,0.15669568871453676,0.00447893390203168,0.28919865024200375,0.13774622506708178,0.07948444585518681,0.19497763660710848,0.1,0.064,0.136,0.004397627782304117,0.002318398062135103,0.007028603070871745,0.15669568871453676,0.006376135024778544,0.29381022892985303,0.19228192853927611,0.1644849644780159,0.22232337678074837,0.0,0.0,0.0,0.011233183508536727,0.0062578820664609845,0.01612881346614368,False
mediation_aware_recourse,False,0.0,1.0,5.0,250,0.18462226247787475,0.1583745535373688,0.21298353757858277,0.6044818005188007,0.5761795650671803,0.6312880764019343,0.12195043251053571,0.11222326395663919,0.1313043381256171,0.71962375,0.7127975572916667,0.7262864791666667,0.02629669342190027,0.022588542579766363,0.030278992929309603,0.04551170087121518,0.03441967206626565,0.05817075267779226,0.0440904053199828,0.03415003697384008,0.05413851887800404,0.0950676172120134,0.08762501642039129,0.10314947881337756,0.008,0.0,0.02,0.0,0.0,0.0,0.0,0.0,0.0,0.011518535035294934,0.006685249204675631,0.016696451470316818,0.031229233889856767,-0.14565379432781225,0.15297474028696936,0.1412453306944581,0.0805699197733751,0.19513252737254527,0.088,0.056,0.124,0.0025728846691915217,0.0013396233312370851,0.004050880952110356,0.031229233889856767,-0.11809499373144168,0.15442393286119538,0.18462226247787475,0.1583745535373688,0.21298353757858277,0.0,0.0,0.0,0.011518535035294934,0.0064872880511434305,0.01640351982955789,False
mediation_aware_recourse,False,0.0,2.0,5.0,250,0.18203447604179382,0.155595805644989,0.21053511267304417,0.6160810577959068,0.5863170262722205,0.6415568802348511,0.11771471209678117,0.10835814365825813,0.12703584051123212,0.7214306250000001,0.7143764270833334,0.7282312291666666,0.02629669342190027,0.022588542579766363,0.030278992929309603,0.04551170087121518,0.03441967206626565,0.05817075267779226,0.0480836869863887,0.03803349185364312,0.05794639596359159,0.0971994228068322,0.08962333613995078,0.10518059979740237,0.008,0.0,0.02,0.0,0.0,0.0,0.0,0.0,0.0,0.007897719073013185,0.0035400411381203666,0.012486274831595432,-0.056512634464079614,-0.23617110449261267,0.06111600565150207,0.0968452966268305,0.04361481026155464,0.1472771653601698,0.08,0.048,0.116,0.0024137232814853667,0.0012246473321014006,0.003872743916656834,-0.056512634464079614,-0.2045464640575994,0.05553677151603417,0.18203447604179382,0.155595805644989,0.21053511267304417,0.0,0.0,0.0,0.007897719073013185,0.003322913323244328,0.012175217683651996,False
mediation_aware_recourse,False,0.0,4.266636702451111,5.0,250,0.19084506249427796,0.16271143913269043,0.2189872288882732,0.6834220900214045,0.6615118396500161,0.7041089635207569,0.09451603733632358,0.08584505783941715,0.1028186468088088,0.7339222916666667,0.7258482552083333,0.7419798958333332,0.02629669342190027,0.022588542579766363,0.030278992929309603,0.04551170087121518,0.03441967206626565,0.05817075267779226,0.07546405013584385,0.06533161515728797,0.08583717384283039,0.1031674096427589,0.09489419001720399,0.11167235682216492,0.0,0.0,0.0,0.0,0.0,0.0,0.0,0.0,0.0,-0.004768655632204497,-0.009938875583438037,0.000573537173713245,-0.6581241459066773,-1.1723246726373702,-0.386501934037878,-0.05847534774820207,-0.13106245341470923,0.013894420621520564,0.132,0.092,0.176,0.01144076508531451,0.006839958831324495,0.016498698495211513,-0.6581241459066773,-1.0596826925962748,-0.3908441260957256,0.19084506249427796,0.16271143913269043,0.2189872288882732,-0.008,-0.02,0.0,-0.004768655632204497,-0.010451147943478475,0.0007391923739689923,True
mediation_aware_recourse,False,0.0,5.0,5.0,250,0.19593042707443237,0.1667849562168121,0.22474912502169608,0.696983819245926,0.6748138297562495,0.7167979504402439,0.08922610593685326,0.08090084596285621,0.09766725405829851,0.7378391666666666,0.72974978125,0.7456993229166666,0.02629669342190027,0.022588542579766363,0.030278992929309603,0.04551170087121518,0.03441967206626565,0.05817075267779226,0.07983520055812593,0.06977333278322696,0.08993166985499915,0.10444850475235751,0.09603981260902036,0.11288374848131413,0.0,0.0,0.0,0.0,0.0,0.0,0.0,0.0,0.0,-0.007647517967810586,-0.013123355484195251,-0.002288506492121665,-0.754168686950115,-1.315298064596333,-0.46334899532350543,-0.09377722089183727,-0.1719193700834456,-0.0205378064192987,0.14,0.1,0.1800999999999999,0.012737216291598059,0.007826237654416712,0.01807892907130055,-0.754168686950115,-1.1849363501139425,-0.4682352418760148,0.19593042707443237,0.1667849562168121,0.22474912502169608,-0.008,-0.02,0.0,-0.007647517967810586,-0.013277391776893509,-0.0021279029416510103,False
transport_anchor_only,False,1.0,0.0,5.0,250,0.19743053150177,0.1667889199137688,0.2286151183962822,0.519654077534884,0.4873996558861564,0.5486082267348903,0.1504224806289545,0.14022060163144193,0.16105568955050423,0.7215225000000001,0.71455628125,0.7276311197916666,0.02629669342190027,0.022588542579766363,0.030278992929309603,0.04551170087121518,0.03441967206626565,0.05817075267779226,0.010224214886789137,-0.000602196809705685,0.02057134922935538,0.09660434312278281,0.08879276293508707,0.1039309939123424,0.008,0.0,0.02,0.0,0.0,0.0,0.0,0.0,0.0,0.01864356199434723,0.012344721093163459,0.025458977393584954,0.7753497520182627,0.6116468904981498,0.9787589156990485,0.22861553757880138,0.15997474522171853,0.30094618243738785,0.152,0.108,0.2,0.0068198735926847205,0.004234770025923815,0.010131749648608709,1.0476769520988989,0.4968274061595291,1.733536574723428,0.0420655882358551,0.004209908211231233,0.07702246379256249,0.0,0.0,0.0,0.04977362698767068,0.038489006396944414,0.06317607510241324,False
mediation_aware_recourse,False,1.0,0.5,5.0,250,0.19201018810272216,0.16317289217114447,0.2217076598405838,0.5289088592266323,0.49646691491698053,0.5577811981268097,0.1470665662030811,0.13653888170117112,0.15767708759939467,0.7209491666666666,0.7139689114583334,0.72709028125,0.02629669342190027,0.022588542579766363,0.030278992929309603,0.04551170087121518,0.03441967206626565,0.05817075267779226,0.013330526937781457,0.002892574547827773,0.02364694101106495,0.09607172269558327,0.08843738901121018,0.10337996833876267,0.008,0.0,0.02,0.0,0.0,0.0,0.0,0.0,0.0,0.018435422694552856,0.012201771439955145,0.02512169779000495,0.7070967095801812,0.5457925524352442,0.9197722711432025,0.2260632421575618,0.15950255228529817,0.29490925707252674,0.14,0.1,0.188,0.006206486939417643,0.0037373642957332113,0.009270390219909096,0.9794239096608173,0.44468325886679017,1.66065437302174,0.03664524483680725,-0.00012498763799667276,0.07105791925787926,0.0,0.0,0.0,0.0495654876878763,0.03892451923356316,0.06250688933127889,False
mediation_aware_recourse,False,1.0,1.0,5.0,250,0.19505870985984802,0.16577550946474076,0.22491805377602575,0.5400122960034237,0.5079224997274647,0.5693629304960023,0.1431872192071609,0.13264198911914452,0.15347723974512742,0.718734375,0.7123364635416667,0.7247621041666666,0.02629669342190027,0.022588542579766363,0.030278992929309603,0.04551170087121518,0.03441967206626565,0.05817075267779226,0.017328286987481022,0.007075392897735325,0.027316421212680516,0.09510884926311443,0.08739378251845362,0.10241973039074029,0.008,0.0,0.02,0.0,0.0,0.0,0.0,0.0,0.0,0.0191998844187489,0.01301772380998659,0.025826909895020924,0.6192564405247123,0.46579679824096537,0.8244424929759994,0.2354374072494304,0.17207414183038564,0.30521824285236726,0.136,0.096,0.176,0.005522696023613249,0.003151701760202522,0.008414082660875004,0.8915836406053483,0.36789029994239986,1.540831761543068,0.0396937665939331,0.0019635980129241943,0.07351931609511375,0.0,0.0,0.0,0.050329949412072354,0.0396489522439475,0.06336997842546614,False
mediation_aware_recourse,False,1.0,2.0,5.0,250,0.18774076509475707,0.159184158796072,0.21600885655283927,0.5530773814166158,0.5204468355868006,0.5812544305837514,0.13847050729088667,0.12789707525017419,0.14857015629930895,0.7188604166666667,0.7122967760416666,0.7250372031250001,0.02629669342190027,0.022588542579766363,0.030278992929309603,0.04551170087121518,0.03441967206626565,0.05817075267779226,0.022003857561690095,0.011451351438583819,0.032219453234907325,0.0952228801210129,0.08766702305372888,0.10252112094013317,0.008,0.0,0.02,0.0,0.0,0.0,0.0,0.0,0.0,0.01707973271021416,0.011111306179564856,0.02338402676403105,0.5165230668052907,0.3744012951838726,0.7152868020381296,0.20943917672125945,0.1440333438520478,0.2756358339771831,0.116,0.08,0.156,0.0049263912779995336,0.00259958739788964,0.007698740784726538,0.7888502668859267,0.2839720123496988,1.4249492399457409,0.03237582182884216,-0.007539842140674591,0.0674662947833538,0.0,0.0,0.0,0.0482097977035376,0.03768770536675796,0.06065213167915007,False
mediation_aware_recourse,False,1.0,4.266636702451111,5.0,250,0.18665236282348632,0.15987871360778808,0.21452912509441374,0.6073516426940797,0.5781918881393087,0.6345317083250007,0.12024164135264687,0.11056043626547885,0.1299180884553275,0.719793125,0.7129194218750001,0.7263101770833332,0.02629669342190027,0.022588542579766363,0.030278992929309603,0.04551170087121518,0.03441967206626565,0.05817075267779226,0.04371047462369524,0.03334104201967442,0.05397128016467888,0.09656003075618412,0.08907333183295166,0.10451409216402262,0.008,0.0,0.02,0.0,0.0,0.0,0.0,0.0,0.0,0.009082056235084792,0.004502048629418735,0.014113726805026493,0.03957721230012656,-0.13274803795762083,0.16974903563706825,0.11136815857046789,0.055074717201871876,0.1651768266495051,0.088,0.056,0.124,0.00323497971838953,0.001551357192399259,0.005480174971128979,0.3119044123807626,-0.12473520408780679,0.8206314452731999,0.03128741955757141,-0.007894999903440473,0.06890880488753319,0.0,0.0,0.0,0.04021212122840823,0.0302344561872193,0.051840416475412564,True
mediation_aware_recourse,False,1.0,5.0,5.0,250,0.18575969791412353,0.1589711003124714,0.21492669107317924,0.6198191597024584,0.5903820805907847,0.647746719151957,0.11541718912326328,0.10593832450543267,0.12488630689357659,0.72199,0.7150366302083333,0.7285552239583334,0.02629669342190027,0.022588542579766363,0.030278992929309603,0.04551170087121518,0.03441967206626565,0.05817075267779226,0.04772325973336682,0.03687314462893374,0.057853123135365524,0.09886479726919499,0.09102512344599833,0.10694073589539617,0.008,0.0,0.02,0.0,0.0,0.0,0.0,0.0,0.0,0.00550576097111337,0.001223851786517774,0.010014731508832177,-0.04859319295514153,-0.25484244050096355,0.09066785210305425,0.06751405684027034,0.012729996590534106,0.12138801806390519,0.096,0.06,0.1320999999999999,0.0035576148757655753,0.0017607110161029363,0.0059036097747153585,0.22373400712549452,-0.21189550091026904,0.7321353418448004,0.030394754648208618,-0.007726666623353957,0.06640743415355681,0.0,0.0,0.0,0.03663582596443682,0.026321570900499556,0.04761821968013468,False
transport_anchor_only,False,3.0,0.0,5.0,250,0.5093820395469666,0.4549692729711533,0.5611322555840015,0.2490320192092666,0.2179977955419814,0.2806012265802533,0.2223250966109774,0.21322691657929965,0.23091349093792787,0.7775685416666667,0.7683034583333334,0.7868860468750001,0.02629669342190027,0.022588542579766363,0.030278992929309603,0.04551170087121518,0.03441967206626565,0.05817075267779226,-0.1446363148798693,-0.16181835460413294,-0.12983084006508944,0.18366932739293976,0.17250178689227405,0.19493306688809045,0.012,0.0,0.028,0.0,0.0,0.0,0.0,0.0,0.0,-0.0767214556564599,-0.09102187789772842,-0.06216097109558893,-2.178002845667048,-3.4242714076412897,-1.4973236754020969,-0.9407921530256844,-1.2008221150073428,-0.7227332918124599,0.544,0.4839,0.604,0.12069225579696612,0.10467459299926712,0.13678364753252356,3.081310314062893,2.3845309685021245,4.15860763489641,-0.19379530692100524,-0.24813693584799765,-0.14029597352147105,0.004,0.0,0.012,0.12711543347891566,0.11028499369629602,0.1430208550051094,False
mediation_aware_recourse,False,3.0,0.5,5.0,250,0.4809415228366852,0.4302386999607086,0.5299012047111988,0.264057465514014,0.2316451556470735,0.2955130954850423,0.21830469067026645,0.20926551265078827,0.22719271586633424,0.77439875,0.765371625,0.7836850729166666,0.02629669342190027,0.022588542579766363,0.030278992929309603,0.04551170087121518,0.03441967206626565,0.05817075267779226,-0.136233118833457,-0.1533521823658053,-0.12195435039739475,0.17668563514985128,0.16562720456544416,0.18838896059624813,0.012,0.0,0.028,0.0,0.0,0.0,0.0,0.0,0.0,-0.06875841102710022,-0.08390572449965784,-0.05477386967272455,-1.9933647001890118,-3.1853409730862685,-1.349631808115457,-0.8431458057634491,-1.0826032254537097,-0.6357584267496534,0.532,0.468,0.592,0.11437821924824555,0.099172744041836,0.12977696014212936,3.265948459540929,2.5384058061436416,4.402565279481916,-0.22223582363128663,-0.2757694949805737,-0.170293703776598,0.004,0.0,0.012,0.13507847810827533,0.11883992653529546,0.15216476332017714,False
mediation_aware_recourse,False,3.0,1.0,5.0,250,0.43003177642822266,0.3822963082790375,0.4748955991327763,0.29519166554337184,0.2617810106942294,0.33004047965334277,0.20848238812357095,0.1996324102040316,0.2176386503452415,0.7673910416666667,0.7583604635416666,0.7766575625,0.02629669342190027,0.022588542579766363,0.030278992929309603,0.04551170087121518,0.03441967206626565,0.05817075267779226,-0.12203139615520357,-0.13863129397992713,-0.10700705393054818,0.16509369435705368,0.15389216084875298,0.17761545691595948,0.012,0.0,0.028,0.0,0.0,0.0,0.0,0.0,0.0,-0.05659149414777272,-0.07141773879000313,-0.04354513562995369,-1.681319173293848,-2.7540907877286154,-1.0873594702920821,-0.6939497324011044,-0.9124087800451789,-0.49979971861923483,0.504,0.44,0.568,0.10290402243150856,0.08722330038130455,0.11807925883075075,3.577993986436093,2.7810446081949216,4.8009635953161105,-0.27314557003974915,-0.33081792239546776,-0.2176726249396801,0.004,0.0,0.012,0.14724539498760283,0.12985048888484566,0.16400910543637673,False
mediation_aware_recourse,False,3.0,2.0,5.0,250,0.34950964522361755,0.3087560857534409,0.38966308963894847,0.3530989304285463,0.3195252520108541,0.3901026467706659,0.19036909169165842,0.18049384466593843,0.20033592076426546,0.7544408333333333,0.7456786406249999,0.7631418697916666,0.02629669342190027,0.022588542579766363,0.030278992929309603,0.04551170087121518,0.03441967206626565,0.05817075267779226,-0.09523318673591798,-0.11185526195862555,-0.08002483997904822,0.14390114390814918,0.13176342776605562,0.15631487408070804,0.016,0.004,0.032,0.0,0.0,0.0,0.0,0.0,0.0,-0.03421490693925175,-0.04691960286378523,-0.022768793829886846,-1.0924989598916568,-1.9476766142759274,-0.6244961541107265,-0.41955820167290847,-0.5908609997004648,-0.2455073663299891,0.456,0.396,0.52,0.08230864788368669,0.0681889756285432,0.09764615353721455,4.166814199838284,3.2292489492715557,5.640098894851023,-0.35366770124435426,-0.41199067258834837,-0.2973632149636745,0.008,0.0,0.02,0.16962198219612382,0.1518036320932181,0.1874661200649507,False
mediation_aware_recourse,False,3.0,4.266636702451111,5.0,250,0.27770789217948916,0.24116617951989172,0.3124986204266548,0.42909053291437577,0.39249229502993754,0.46327820143104376,0.16868533437496847,0.1576257310506256,0.17878383789547042,0.7362856249999999,0.7282628593749999,0.7440289218749999,0.02629669342190027,0.022588542579766363,0.030278992929309603,0.04551170087121518,0.03441967206626565,0.05817075267779226,-0.05535174460294922,-0.07155217063770326,-0.040179003345579584,0.12363215480308992,0.11148316372555554,0.13639051785536851,0.016,0.004,0.032,0.0,0.0,0.0,0.0,0.0,0.0,-0.011415698634197561,-0.021961539889582576,-0.001631907206233729,-0.21620909663601662,-0.7894610487052401,0.16866664780466356,-0.13998430562174602,-0.27431915068473783,-0.011244905812216054,0.3,0.244,0.356,0.05200258355602922,0.03844889714323758,0.06472182602305716,5.043104063093924,3.992510095690767,6.694776915126299,-0.42546945428848265,-0.4837437778830528,-0.36609067416191104,0.008,0.0,0.02,0.19242119050117798,0.17453703416146396,0.20981799230303216,True
mediation_aware_recourse,False,3.0,5.0,5.0,250,0.2602682514190674,0.22465232084989548,0.2973933119893074,0.4549005011656812,0.4182723019785528,0.4900054535252715,0.1594811728193145,0.14844458603608715,0.16970654108114638,0.7327,0.7249871458333332,0.7403457291666666,0.02629669342190027,0.022588542579766363,0.030278992929309603,0.04551170087121518,0.03441967206626565,0.05817075267779226,-0.0458628703148236,-0.0630814888647717,-0.03017486623230865,0.1204523148368559,0.10766161931152546,0.13362040606509745,0.02,0.004,0.04,0.0,0.0,0.0,0.0,0.0,0.0,-0.00951726021329532,-0.019587511031301248,0.00030070042890432497,-0.007716025481054434,-0.575749270696167,0.36311670788870964,-0.11670482070966681,-0.23637459511677947,-0.00012977852512924935,0.256,0.204,0.308,0.047218957491018204,0.03355379692201181,0.061022869307078446,5.251597134248886,4.156215998089542,6.9743111264168585,-0.4429090950489044,-0.5024851654887199,-0.38580402920246126,0.012,0.0,0.028,0.19431962892208027,0.1758444063713351,0.21180594040128856,False
transport_anchor_only,False,10.0,0.0,5.0,250,1.0990575635433197,1.0503434113383294,1.147653409987688,0.019741420103720406,0.017120148698089904,0.022659452046506042,0.2542131033500146,0.2517719416321299,0.2567928834887678,0.8722652083333333,0.8636976822916667,0.8811707708333333,0.02629669342190027,0.022588542579766363,0.030278992929309603,0.04551170087121518,0.03441967206626565,0.05817075267779226,-0.3425486145619711,-0.35161302987743676,-0.333423495868419,0.3481130953218784,0.3403942657597502,0.35579314170795934,0.144,0.104,0.192,0.0,0.0,0.0,0.0,0.0,0.0,-0.26099876807386446,-0.2747432281888237,-0.24528040809238152,-6.526605422444739,-9.352989063733462,-4.892388644302664,-3.2004814149089666,-3.705997160912719,-2.747642782988983,0.748,0.6959,0.796,0.25949722765146394,0.23978039491113368,0.2798765743792962,0.25604165473863105,0.11224474575479264,0.41682000020697385,0.07351828837394714,0.04728900884389877,0.10131926776766775,-0.012,-0.052,0.024,0.011652891201035541,0.005074518510580067,0.017935979729751063,False
mediation_aware_recourse,False,10.0,0.5,5.0,250,1.0975716643333435,1.0492808501839637,1.1459302151799202,0.01978758345157745,0.017260577891707478,0.02263414656957955,0.2537201641232896,0.2511992138157237,0.2563537524381655,0.8724854166666667,0.86405859375,0.8812448020833333,0.02629669342190027,0.022588542579766363,0.030278992929309603,0.04551170087121518,0.03441967206626565,0.05817075267779226,-0.34389828537982164,-0.35281562926504034,-0.33465744992362356,0.3491519619079765,0.3417869489513709,0.35666444368963823,0.144,0.104,0.192,0.0,0.0,0.0,0.0,0.0,0.0,-0.26234843889171505,-0.27608589437862546,-0.24693110475720534,-6.556260891082787,-9.366475475217598,-4.931197911077031,-3.2170316706847073,-3.7300095645190097,-2.765526594571869,0.748,0.6959,0.796,0.2608468984693145,0.24144885516116,0.2811394550792075,0.2263861861005827,0.08057022894098467,0.38307100649072856,0.07203238916397095,0.04538948892951011,0.1005095355451107,-0.012,-0.052,0.024,0.010303220383185001,0.0035522651909640395,0.016602180465611124,False
mediation_aware_recourse,False,10.0,1.0,5.0,250,1.0996852304935456,1.0510528636097909,1.1483420547127725,0.01885641465673382,0.016304126867160387,0.0214684673682392,0.251852552456559,0.24884921378935906,0.25475019541872596,0.874213125,0.865737203125,0.8832312447916668,0.02629669342190027,0.022588542579766363,0.030278992929309603,0.04551170087121518,0.03441967206626565,0.05817075267779226,-0.3497469567970027,-0.3586198572474423,-0.3405017263220386,0.35450858645828204,0.34699115478504544,0.3622235902310761,0.156,0.116,0.204,0.0,0.0,0.0,0.0,0.0,0.0,-0.2681971103088961,-0.2823113470331083,-0.2526707903277205,-6.684770072353139,-9.58628500662258,-5.020745591526957,-3.288750645876574,-3.7994751713164447,-2.8512674806964813,0.748,0.6959,0.796,0.2654414570145375,0.2455007657942021,0.2852021884754069,0.09787700483023087,-0.038172892118262865,0.24088855523934533,0.07414595532417298,0.04869359444975853,0.10266951441764832,0.0,-0.032,0.036,0.004454548966004004,-0.001712574414231214,0.010013821248253835,False
mediation_aware_recourse,False,10.0,2.0,5.0,250,1.1002361741065978,1.0519747802734376,1.148327486115694,0.01835340849723837,0.015826297991407057,0.021062038260307586,0.2499994210836066,0.2466287125393369,0.2531201746366715,0.8756547916666667,0.8673336197916667,0.8844045833333333,0.02629669342190027,0.022588542579766363,0.030278992929309603,0.04551170087121518,0.03441967206626565,0.05817075267779226,-0.35479266941407117,-0.36366473130790294,-0.3453670781782621,0.3590416370937456,0.35145905952178136,0.3662748959274004,0.164,0.124,0.212,0.0,0.0,0.0,0.0,0.0,0.0,-0.2732428229259646,-0.2866479733755736,-0.25901213591674765,-6.795636344553037,-9.664166794957037,-5.133772518506584,-3.350623387939973,-3.856419728018672,-2.905890275829984,0.748,0.6959,0.796,0.2702732390759304,0.25033654377253517,0.29094371228446897,-0.01298926736966699,-0.1377253530592124,0.1191323356871174,0.07469689893722534,0.05034753360152244,0.10406980217099189,0.008,-0.028,0.048,-0.0005911636510644798,-0.006388000208771699,0.005105085523248509,False
mediation_aware_recourse,False,10.0,4.266636702451111,5.0,250,1.1172918035984039,1.067104106235504,1.163555424618721,0.016414125360585955,0.014088977349896496,0.01907938947796122,0.24468079592363626,0.2407941374566982,0.24863609084254784,0.8794393749999999,0.8716792708333333,0.8875941614583334,0.02629669342190027,0.022588542579766363,0.030278992929309603,0.04551170087121518,0.03441967206626565,0.05817075267779226,-0.3701700323447254,-0.377786739170961,-0.3621549428723006,0.3727938542481121,0.3659589889008232,0.3795425960514043,0.172,0.128,0.224,0.0,0.0,0.0,0.0,0.0,0.0,-0.2886201858566187,-0.30061673947309764,-0.2757497953183735,-7.13351347584654,-10.126338272472736,-5.428025572940357,-3.5391873594601027,-4.042983040668625,-3.06139273799706,0.748,0.6959,0.796,0.28251359026363115,0.2616509130309765,0.3032227180345731,-0.35086639866316993,-0.5314861355661465,-0.20498939086861837,0.09175252842903137,0.06586823163032532,0.11792934431433677,0.016,-0.02,0.052,-0.015968526581718677,-0.02248475444626739,-0.009791147046021666,True
mediation_aware_recourse,False,10.0,5.0,5.0,250,1.130252799510956,1.0820653978347778,1.1780460214495658,0.015971522908431412,0.013685706399917091,0.018646623633182695,0.24278752010894333,0.2385804777500693,0.24685877838852407,0.8794552083333333,0.87171865625,0.8875850572916666,0.02629669342190027,0.022588542579766363,0.030278992929309603,0.04551170087121518,0.03441967206626565,0.05817075267779226,-0.37522319876112514,-0.38291213304702004,-0.3674366730052327,0.3771450589654072,0.3702368688004142,0.3842610462889438,0.184,0.14,0.23209999999999992,0.0,0.0,0.0,0.0,0.0,0.0,-0.2936733522730185,-0.305104949579345,-0.2812070133958944,-7.2445435256945725,-10.255894215975239,-5.514092489286058,-3.601151503281473,-4.10317232788887,-3.1544250728199486,0.748,0.6959,0.796,0.287225126249906,0.26550059869708853,0.30926218178327675,-0.4618964485112027,-0.6638998105967681,-0.3166312583121527,0.10471352434158325,0.07713067600727082,0.13279974653720855,0.028,-0.012,0.064,-0.021021692998118492,-0.02817314968750121,-0.014886092311034452,False
transport_anchor_only,False,30.0,0.0,5.0,250,1.266625644683838,1.2246190901815892,1.3044249587655068,0.007031515008793307,0.005490099173311559,0.008961707811191377,0.24875765498460672,0.24558663302391126,0.2517672194669918,0.8779947916666666,0.8692991666666666,0.88704790625,0.02629669342190027,0.022588542579766363,0.030278992929309603,0.04551170087121518,0.03441967206626565,0.05817075267779226,-0.37145536644125104,-0.3796671366825179,-0.3628724589605003,0.37594689130222375,0.36916339773410317,0.38293489752736304,0.396,0.34,0.46,0.0,0.0,0.0,0.0,0.0,0.0,-0.28990551995314434,-0.30235931197053145,-0.27621587835774425,-7.161755314141329,-10.25373188233155,-5.404871580189056,-3.5549486901293523,-4.074219581264208,-3.100486278415346,0.748,0.6959,0.796,0.27988234637655324,0.2589323316130675,0.30066764316584715,0.2262452336209595,0.08605861588192042,0.3793503338724916,0.03706250548362732,0.019718954318761826,0.05543918899297714,-0.032,-0.076,0.008,0.010296805396095315,0.0037039803102055166,0.017075445560998246,False
mediation_aware_recourse,False,30.0,0.5,5.0,250,1.2693391876220703,1.226576779937744,1.3072045253753664,0.0069388014345572345,0.005440579291040227,0.008836529247541717,0.24778944124565783,0.24450511799023208,0.2510265132528736,0.8780706250000001,0.8693743802083332,0.8869611250000001,0.02629669342190027,0.022588542579766363,0.030278992929309603,0.04551170087121518,0.03441967206626565,0.05817075267779226,-0.3738189236619988,-0.3819290157074912,-0.3653683305725875,0.37816795788967145,0.3713859550948597,0.3849736325940498,0.4,0.344,0.464,0.0,0.0,0.0,0.0,0.0,0.0,-0.2922690771738922,-0.30440681260177505,-0.2786441456702318,-7.213688271501811,-10.323836292985115,-5.439653861054843,-3.583931665849515,-4.096048882418622,-3.121530370419831,0.748,0.6959,0.796,0.2822459035973011,0.2613253007838942,0.3034614853632413,0.17431227626047807,0.030489430681249274,0.3262917370259891,0.03977604842185974,0.021551754128932954,0.05850696075558662,-0.028,-0.072,0.012,0.00793324817534747,0.0014124728602486944,0.014620527844749395,False
mediation_aware_recourse,False,30.0,1.0,5.0,250,1.2671765880584718,1.225530211597681,1.3049194613754749,0.006901530992532914,0.005389151233220104,0.008809636703124506,0.24725572488653905,0.24393226656587988,0.25051331249886905,0.8787964583333332,0.8702464895833334,0.8878512864583334,0.02629669342190027,0.022588542579766363,0.030278992929309603,0.04551170087121518,0.03441967206626565,0.05817075267779226,-0.3753589881897103,-0.38309464465701326,-0.36712528243929937,0.3794205961214237,0.3727893584438924,0.3859996048138296,0.396,0.34,0.46,0.0,0.0,0.0,0.0,0.0,0.0,-0.29380914170160366,-0.3062641838354822,-0.27996283296286706,-7.247527141467787,-10.388212877397281,-5.479222805399827,-3.602816612836339,-4.135089141281163,-3.1407954053434053,0.748,0.6959,0.796,0.2829068675468646,0.26174693042482705,0.3045245602291778,0.1404734062945021,0.0054473278834955355,0.27759084925601046,0.03761344885826111,0.01938538742661476,0.05654160975217819,-0.032,-0.07609999999999999,0.008,0.006393183647636011,0.00021805134796504713,0.012933791790562177,False
mediation_aware_recourse,False,30.0,2.0,5.0,250,1.271061998605728,1.2315581544935703,1.3072739834606646,0.006779941855137681,0.005282744378921464,0.00864055191703436,0.24498028635631566,0.2413693751327878,0.24849846667868158,0.8793977083333333,0.8712136979166667,0.8878553281249999,0.02629669342190027,0.022588542579766363,0.030278992929309603,0.04551170087121518,0.03441967206626565,0.05817075267779226,-0.381319357561134,-0.3884924031804107,-0.37371747394634014,0.38437349205793675,0.3777435488654409,0.3909423806132855,0.388,0.332,0.452,0.0,0.0,0.0,0.0,0.0,0.0,-0.2997695110730274,-0.31186358021960764,-0.2867378958707826,-7.378490591686662,-10.529194848172493,-5.608148071623645,-3.6759052773538494,-4.189541061046404,-3.205023682820488,0.748,0.6959,0.796,0.28863637849263435,0.2671546071501409,0.310443275954475,0.009509956075627102,-0.11976713298627495,0.1307460699227951,0.04149885940551758,0.02345784792304039,0.060876329088211056,-0.04,-0.084,0.0,0.00043281427621233036,-0.005361959209096336,0.0062064508387597575,False
mediation_aware_recourse,False,30.0,4.266636702451111,5.0,250,1.2801094970703124,1.243692305916548,1.3163197229802608,0.006515576344200351,0.005010563513302783,0.008434895387759322,0.23913616243559033,0.23499004665235987,0.2433422875655586,0.8828120833333333,0.874492515625,0.8907177812499999,0.02629669342190027,0.022588542579766363,0.030278992929309603,0.04551170087121518,0.03441967206626565,0.05817075267779226,-0.3962314834313979,-0.40248569897663183,-0.39012379509769884,0.3976953383020781,0.39230649018480485,0.40273975924663274,0.4,0.3439,0.46409999999999996,0.0,0.0,0.0,0.0,0.0,0.0,-0.31468163694329127,-0.32548755110036065,-0.30304002158963156,-7.706145361444902,-10.934299190357438,-5.880507194948389,-3.858764307903204,-4.384794515095937,-3.376380250206987,0.748,0.6959,0.796,0.29999487363212257,0.27767668044899196,0.3217803814685803,-0.31814481368261305,-0.5063042477103321,-0.16845923904018034,0.05054635787010193,0.031096871954202653,0.07142544412016869,-0.028,-0.076,0.016,-0.014479311594051577,-0.021396467894238196,-0.008316319543556381,True
mediation_aware_recourse,False,30.0,5.0,5.0,250,1.2852715854644776,1.2481956923305988,1.3204262102305888,0.006448633846958067,0.004952953493228461,0.008381924246370447,0.23761828634094484,0.23324315811665794,0.24201201219734209,0.8835658333333334,0.8756910052083333,0.8912419270833334,0.02629669342190027,0.022588542579766363,0.030278992929309603,0.04551170087121518,0.03441967206626565,0.05817075267779226,-0.39996197844500025,-0.4056650681569338,-0.3943481407184647,0.4009222438273404,0.39564002528807446,0.40586933363772604,0.404,0.348,0.472,0.0,0.0,0.0,0.0,0.0,0.0,-0.3184121319568936,-0.32856494810264997,-0.30763205182654935,-7.788113183833227,-11.093340972255982,-5.962311328750509,-3.9045092746229937,-4.420402776433571,-3.434101471666756,0.748,0.6959,0.796,0.3034281815595953,0.2811980620440608,0.3253698392617957,-0.40011263607093817,-0.5984228929913987,-0.24370819235599753,0.05570844626426697,0.03431650590896606,0.07816510252356529,-0.024,-0.072,0.02,-0.018209806607653926,-0.02551819316197616,-0.011814741244844959,False
transport_anchor_only,False,0.0,0.0,10.0,250,0.28066699624061586,0.24418980702757836,0.3186814905643463,0.5681424030446454,0.5396271341402678,0.5966208241335907,0.13497110259860665,0.12499830381559048,0.1446163577284939,0.7048470833333333,0.6992473177083333,0.7101498229166667,0.02629669342190027,0.022588542579766363,0.030278992929309603,0.04551170087121518,0.03441967206626565,0.05817075267779226,0.031008685452093277,0.02152666507794456,0.03997987154160452,0.09315269513619781,0.08612907168547733,0.10015639102713433,0.004,0.0,0.012,0.0,0.0,0.0,0.0,0.0,0.0,0.01992001161167535,0.013758086850733554,0.02640316919496814,0.31866564293347766,0.11508666555887073,0.48449480476987533,0.24426792286580834,0.17980015073697145,0.30962804323296894,0.132,0.092,0.176,0.006261651526198669,0.003665666459788995,0.009256757741727416,0.31866564293347766,0.13788916273623794,0.4699934570478693,0.28066699624061586,0.24418980702757836,0.3186814905643463,-0.004,-0.02,0.008,0.01992001161167535,0.013558922698358473,0.02582954741000192,False
mediation_aware_recourse,False,0.0,0.5,10.0,250,0.2793135960102081,0.24351855706572534,0.3165142560362816,0.5782839911712188,0.5497724907482705,0.6052783101116368,0.13158261016079462,0.12177915293213999,0.14102952659874537,0.705058125,0.6994255937500001,0.7103842968749999,0.02629669342190027,0.022588542579766363,0.030278992929309603,0.04551170087121518,0.03441967206626565,0.05817075267779226,0.035095866758992886,0.025582504248986022,0.043811799723195335,0.09332590876963827,0.08644802640275476,0.1003954202417547,0.004,0.0,0.012,0.0,0.0,0.0,0.0,0.0,0.0,0.018001507438903566,0.011874645978295899,0.024276001017982336,0.228860576793121,-0.003717641067026594,0.3915683259257679,0.2207423828998737,0.1570153634333332,0.2868604316144022,0.128,0.088,0.16809999999999992,0.006670684182703399,0.0038344495575483822,0.009801021228293372,0.228860576793121,0.03197762198137404,0.38080741010080027,0.2793135960102081,0.24351855706572534,0.3165142560362816,-0.004,-0.02,0.008,0.018001507438903566,0.011686041486282208,0.024157684810446618,False
mediation_aware_recourse,False,0.0,1.0,10.0,250,0.2762650742530823,0.24080181918144228,0.31353994417786596,0.5832572251077125,0.55431147956671,0.6104819414583781,0.12985487118645372,0.12016730810886962,0.13923009136711476,0.7054945833333334,0.6999209322916667,0.7108048854166668,0.02629669342190027,0.022588542579766363,0.030278992929309603,0.04551170087121518,0.03441967206626565,0.05817075267779226,0.03714160725899216,0.027548165407150608,0.04569093900448029,0.09331791837401644,0.0864493364873043,0.1002819056306459,0.004,0.0,0.012,0.0,0.0,0.0,0.0,0.0,0.0,0.01706993134496671,0.011035023364920139,0.023497367558848473,0.183910806495849,-0.04962420364584629,0.345630954415677,0.20931898807996185,0.14219499945813807,0.27493848577070634,0.132,0.096,0.176,0.006501451510556912,0.0037806457180464795,0.009384822501136628,0.183910806495849,-0.007293943748650039,0.3381217850336458,0.2762650742530823,0.24080181918144228,0.31353994417786596,-0.004,-0.02,0.008,0.01706993134496671,0.010981522579067888,0.023182542421727494,False
mediation_aware_recourse,False,0.0,2.0,10.0,250,0.26880788803100586,0.2341064308822155,0.3053458638489246,0.5998188544004834,0.5740284900026993,0.6251594553540966,0.12508077583448668,0.11579907611948148,0.1343113143939302,0.706904375,0.7016149479166667,0.712381359375,0.02629669342190027,0.022588542579766363,0.030278992929309603,0.04551170087121518,0.03441967206626565,0.05817075267779226,0.04535220976412865,0.036499196861538734,0.05419668937223105,0.09294752728711256,0.08616391274959068,0.09973878737906211,0.0,0.0,0.0,0.0,0.0,0.0,0.0,0.0,0.0,0.015765085756909346,0.00999684483514779,0.022002260951027725,0.0035043978588681357,-0.23679286298073482,0.1573641588295075,0.193318398940316,0.12973437129823506,0.2542354991115317,0.124,0.088,0.164,0.004451798920244735,0.0024762209396042,0.006693010601777498,0.0035043978588681357,-0.19240705642419248,0.153135919282351,0.26880788803100586,0.2341064308822155,0.3053458638489246,-0.008,-0.02,0.0,0.015765085756909346,0.010084332951555934,0.02175015629059456,False
mediation_aware_recourse,False,0.0,4.266636702451111,10.0,250,0.2738097867965698,0.23373893749713898,0.31086594934463496,0.6285286662870966,0.6030107601658071,0.652752527013918,0.1148734309110582,0.10557716234768987,0.12390668519275097,0.7095741666666666,0.7034213854166667,0.715805953125,0.02629669342190027,0.022588542579766363,0.030278992929309603,0.04551170087121518,0.03441967206626565,0.05817075267779226,0.056345129194056244,0.0476377464082272,0.06611224365059656,0.09581061779917303,0.08838997450057441,0.10368105494977463,0.0,0.0,0.0,0.0,0.0,0.0,0.0,0.0,0.0,0.008899497054286037,0.00408651440015415,0.014250393070475563,-0.23803611193298413,-0.5316521189431553,-0.07425412996276289,0.10912953779237278,0.04737300359612745,0.16999434918723658,0.104,0.064,0.144,0.004904955389211314,0.0027284511423044254,0.0076089796368999105,-0.23803611193298413,-0.48858601125473683,-0.06747509840818051,0.2738097867965698,0.23373893749713898,0.31086594934463496,-0.008,-0.02,0.0,0.008899497054286037,0.0035042192928778225,0.014765913364609728,True
mediation_aware_recourse,False,0.0,5.0,10.0,250,0.2786859290599823,0.23997661685943603,0.3178945159077644,0.6411880199014601,0.6154751977651547,0.66559716261159,0.11006805378970948,0.10110953554045597,0.11885141341410717,0.7113716666666666,0.7051008958333332,0.7176408958333333,0.02629669342190027,0.022588542579766363,0.030278992929309603,0.04551170087121518,0.03441967206626565,0.05817075267779226,0.06032187951175,0.050909544149042384,0.0704653258796925,0.097561313813947,0.0898852299894838,0.10559204197475344,0.0,0.0,0.0,0.0,0.0,0.0,0.0,0.0,0.0,0.005638529250046427,0.0005423915714408625,0.011100411403264223,-0.3254147473513087,-0.6560728832886739,-0.137550786972528,0.06914211973248474,0.001791613772311232,0.13366154437244976,0.112,0.072,0.156,0.006098487573512894,0.003551141298227888,0.009094910754374965,-0.3254147473513087,-0.5959018134817761,-0.13387867465177938,0.2786859290599823,0.23997661685943603,0.3178945159077644,-0.008,-0.02,0.0,0.005638529250046427,0.0002494863707633308,0.011395169377598794,False
transport_anchor_only,False,1.0,0.0,10.0,250,0.3064987790584564,0.26452498053908347,0.34699447811245915,0.5371213975156897,0.506287691566294,0.5654830382608211,0.14479273022378336,0.13421456970104767,0.1547106264366503,0.7039520833333334,0.6982572708333334,0.7094044114583334,0.02629669342190027,0.022588542579766363,0.030278992929309603,0.04551170087121518,0.03441967206626565,0.05817075267779226,0.017423186685243706,0.00769209113525087,0.026676751313779758,0.0939877034018472,0.08641683447233367,0.10099543590306298,0.012,0.0,0.028,0.0,0.0,0.0,0.0,0.0,0.0,0.023106179274831818,0.01649725726299089,0.030070189863312884,0.6171712691084379,0.452010040185104,0.8056989805766613,0.2833381087750012,0.21736260273405886,0.3499687781424439,0.164,0.12,0.212,0.007044972101578095,0.00426816302679998,0.010063331908487821,0.8894984691890739,0.38734651116294877,1.478102318382971,0.1511338357925415,0.10877126606702806,0.19361257162094114,0.004,0.0,0.012,0.05423624426815526,0.04258688134582813,0.06721282719108834,False
mediation_aware_recourse,False,1.0,0.5,10.0,250,0.2957838487625122,0.2553208604872227,0.33615501784086227,0.543999254639629,0.5135680238358039,0.5734210278694197,0.1422930536301739,0.13202821691313546,0.15251262738468482,0.7044095833333334,0.698645078125,0.7099471927083334,0.02629669342190027,0.022588542579766363,0.030278992929309603,0.04551170087121518,0.03441967206626565,0.05817075267779226,0.019648027255151614,0.009721698788588393,0.02847022544233898,0.09431611505935046,0.08671799541117868,0.1013176941485496,0.012,0.0,0.028,0.0,0.0,0.0,0.0,0.0,0.0,0.0219333065902322,0.015529863490397493,0.02874528107374285,0.5682862455360701,0.4097805283866025,0.7539418499604821,0.26895582928449746,0.2011199512950116,0.3349824567701076,0.156,0.112,0.2,0.006774207305059158,0.0040526537934874145,0.009733892649015238,0.8406134456167061,0.35502485669642586,1.4339860328043317,0.1404189054965973,0.09881480069160462,0.18346317508816717,0.004,0.0,0.012,0.053063371583555646,0.04195235361624335,0.06558754013818922,False
mediation_aware_recourse,False,1.0,1.0,10.0,250,0.2908309831619263,0.25165018842816356,0.33044493309259415,0.5472608742645608,0.5172595732699544,0.5769505766507974,0.14121929915419304,0.13098647911176642,0.15167377579943028,0.7046604166666666,0.6988149218749999,0.7101903489583333,0.02629669342190027,0.022588542579766363,0.030278992929309603,0.04551170087121518,0.03441967206626565,0.05817075267779226,0.02110199205329213,0.011395348756919893,0.02984312419213768,0.09412917034774208,0.08674008826527023,0.10134221913046153,0.012,0.0,0.028,0.0,0.0,0.0,0.0,0.0,0.0,0.021900260663440977,0.015416025892163357,0.02869245900773251,0.5363391908159045,0.36543708958736804,0.7126276183109134,0.26855060563032374,0.20229980770090228,0.3335611706347818,0.152,0.108,0.196,0.006409089173557302,0.0037586927063169846,0.009285209329759082,0.8086663908965406,0.32931166047209,1.3839509684716635,0.13546603989601136,0.0929313702225685,0.17789962951540944,0.004,0.0,0.012,0.053030325656764424,0.042157763857528376,0.06551882718486307,False
mediation_aware_recourse,False,1.0,2.0,10.0,250,0.2901542830467224,0.25083093438744547,0.3300989211976528,0.5574697654476911,0.5265766552640251,0.5864019661884029,0.13758511053057434,0.12725605648351634,0.14730025527417293,0.7042264583333333,0.6985916145833334,0.7099555989583334,0.02629669342190027,0.022588542579766363,0.030278992929309603,0.04551170087121518,0.03441967206626565,0.05817075267779226,0.02451325690117073,0.01439816311634324,0.03365302374151732,0.09517650537577364,0.0877549700476361,0.10254542488414647,0.012,0.0,0.028,0.0,0.0,0.0,0.0,0.0,0.0,0.01932855448786058,0.013310277239624515,0.025457244562535505,0.46138561222890595,0.2906052650723882,0.640454774041641,0.2370152160946063,0.17038589684337302,0.30136782300479975,0.14,0.1,0.184,0.006370117110390826,0.0037290783580320353,0.0093614586439341,0.733712812309542,0.263901151223755,1.293493573433655,0.13478933978080748,0.09149600597620011,0.17811171482801438,0.004,0.0,0.012,0.05045861948118403,0.03962462064045012,0.06230921285548055,False
mediation_aware_recourse,False,1.0,4.266636702451111,10.0,250,0.27694177436828615,0.2413538710951805,0.3147105378270149,0.5845526188536542,0.5554475385454627,0.6127497536873564,0.1285478543705131,0.11828834264172766,0.13803705437440733,0.7056902083333333,0.7001217760416668,0.7111297395833335,0.02629669342190027,0.022588542579766363,0.030278992929309603,0.04551170087121518,0.03441967206626565,0.05817075267779226,0.03562267904122184,0.02559368605102319,0.04450924033936823,0.09499057146720867,0.08797900989993705,0.10216039197548234,0.008,0.0,0.02,0.0,0.0,0.0,0.0,0.0,0.0,0.01444599596600407,0.008584516337098683,0.020262316571058345,0.21728526160725958,-0.007140380665273613,0.39538178602476487,0.17714314113529184,0.10980516259410444,0.24387753046386304,0.132,0.092,0.176,0.006577832643601028,0.0037683405425191865,0.009589574975186265,0.48961246168789563,0.0657342213705841,0.9951371751898834,0.12157683110237122,0.08018067692518234,0.1629894990444183,0.0,-0.012,0.012,0.04557606095932752,0.03515029590719356,0.057643570900498646,True
mediation_aware_recourse,False,1.0,5.0,10.0,250,0.28066699624061586,0.24380224751234053,0.31958766843676567,0.596489310275153,0.5659631742649085,0.6250004751837931,0.12411643800071605,0.11445777574504166,0.1338435252817302,0.7061956250000001,0.7006212916666666,0.7116799322916667,0.02629669342190027,0.022588542579766363,0.030278992929309603,0.04551170087121518,0.03441967206626565,0.05817075267779226,0.03993392342848642,0.029601864259956957,0.049148826215916444,0.09591960864100386,0.08866360433273028,0.10318972342838635,0.008,0.0,0.02,0.0,0.0,0.0,0.0,0.0,0.0,0.012451150270820473,0.006858958019861639,0.01814411876271096,0.12255699822145161,-0.12767739029208314,0.2917675851378093,0.15268146792448412,0.08806703462375931,0.21790496814920907,0.12,0.08,0.164,0.005602830883128238,0.0031794896716263983,0.008484447911525608,0.39488419830208765,-0.031704021769507616,0.8717421457579375,0.12530205297470093,0.08067531132102013,0.1709072495996952,0.0,-0.012,0.012,0.04358121526414393,0.033498999401063226,0.0553041348210999,False
transport_anchor_only,False,3.0,0.0,10.0,250,0.4380137979984283,0.3897304204881191,0.4892682680368423,0.4114349638077257,0.37790530432344016,0.444346253273817,0.18275332240576944,0.1722808251287826,0.1935284946685637,0.716203125,0.709988875,0.722350375,0.02629669342190027,0.022588542579766363,0.030278992929309603,0.04551170087121518,0.03441967206626565,0.05817075267779226,-0.04176994302647443,-0.05330911310910695,-0.030676895722017313,0.10680673099511885,0.09796161065963009,0.11609464002757855,0.016,0.004,0.036,0.0,0.0,0.0,0.0,0.0,0.0,0.014171133174632868,0.004912954106945912,0.02361637911790381,0.0822152934984528,-0.41618068343534764,0.3805906484530578,0.17377265298346822,0.06363937865539918,0.27633335727088154,0.356,0.3,0.416,0.03449317444185563,0.025975069269838526,0.043457713358285265,5.341528453228394,4.321172933161484,6.989791970943346,-0.26516354846954343,-0.32851841270923615,-0.2008025898218155,0.008,0.0,0.02,0.21800802231000843,0.20244135319864098,0.23399103491163128,False
mediation_aware_recourse,False,3.0,0.5,10.0,250,0.40699223732948303,0.360876284211874,0.45779913410544393,0.428181898051472,0.39564122664611606,0.4616619070678856,0.17771385357862055,0.16676143572957192,0.187800135800258,0.7144020833333333,0.708423359375,0.72028375,0.02629669342190027,0.022588542579766363,0.030278992929309603,0.04551170087121518,0.03441967206626565,0.05817075267779226,-0.03344715465291441,-0.04367079614470777,-0.022962878648624997,0.10277514281108653,0.09401679593298073,0.11165889303384234,0.02,0.004,0.04,0.0,0.0,0.0,0.0,0.0,0.0,0.018665415769691735,0.009480034199576574,0.027374313602498663,0.2650866917156076,-0.1916907264749372,0.5409410649067656,0.228883518161054,0.12185454492172951,0.32156797429121714,0.324,0.272,0.38009999999999994,0.02811934837735835,0.02023600931888731,0.03701102867993412,5.524399851445549,4.434722018999905,7.197849197614127,-0.2961851091384888,-0.3571774481832981,-0.23190021300315858,0.012,0.0,0.028,0.22250230490506728,0.2077398341422893,0.23747945520410665,False
mediation_aware_recourse,False,3.0,1.0,10.0,250,0.39755398392677305,0.35079464614391326,0.44747471228837965,0.4355622567735026,0.40248967497250493,0.47074055347891136,0.17537638795375757,0.16376944290525514,0.18519287217900718,0.7133250000000001,0.7073127916666667,0.7192154479166667,0.02629669342190027,0.022588542579766363,0.030278992929309603,0.04551170087121518,0.03441967206626565,0.05817075267779226,-0.030138678874849383,-0.041056225519774996,-0.019859770092110436,0.10121226874295798,0.0928544153985855,0.10989183426589041,0.02,0.004,0.04,0.0,0.0,0.0,0.0,0.0,0.0,0.020078050581963658,0.011397379230432445,0.02841588044371405,0.3377817506725789,-0.08076633364820845,0.6037937511411063,0.24620586606367023,0.14357294622014197,0.3349841454955081,0.312,0.256,0.368,0.025758793082189875,0.018144240198905297,0.03396227317746042,5.59709491040252,4.5102838342386535,7.316130897796401,-0.3056233625411987,-0.36729508795142174,-0.24538210791945458,0.012,0.0,0.028,0.22391493971733922,0.20925153238547545,0.23904940086228874,False
mediation_aware_recourse,False,3.0,2.0,10.0,250,0.37883092379570005,0.33453327906131747,0.42655109226107596,0.4499253231569753,0.4169509993755049,0.4843547038786666,0.17079801041605724,0.15962565615320945,0.1804354811388785,0.7115635416666667,0.7056078281249999,0.7173823072916667,0.02629669342190027,0.022588542579766363,0.030278992929309603,0.04551170087121518,0.03441967206626565,0.05817075267779226,-0.024276696721104007,-0.03547071331457937,-0.014137583663480365,0.10147177680936008,0.09304230646038099,0.11004449910235643,0.02,0.004,0.04,0.0,0.0,0.0,0.0,0.0,0.0,0.018934310455564207,0.010484859620997159,0.027241901972564698,0.46658340039191315,0.06543230132534857,0.7364730923515795,0.23218082278457275,0.13253537648195535,0.3174256331949408,0.276,0.224,0.332,0.02365740501928815,0.01617388958898851,0.03153399313664309,5.725896560121854,4.619062584514293,7.442981290511279,-0.3243464226722717,-0.38508678842782973,-0.2650236994445324,0.012,0.0,0.028,0.22277119959093977,0.20853997232969035,0.23841137248791183,False
mediation_aware_recourse,False,3.0,4.266636702451111,10.0,250,0.33290919518470763,0.2899282047688961,0.37719232302904127,0.48756308196650344,0.4535622377379624,0.5206128934381145,0.15611413060888418,0.1452287611907815,0.1659998583112319,0.7096031250000001,0.7033750260416666,0.7153614322916666,0.02629669342190027,0.022588542579766363,0.030278992929309603,0.04551170087121518,0.03441967206626565,0.05817075267779226,-0.0142970750643244,-0.02730425063932057,-0.0017745265876640444,0.10420570440757762,0.09500618734714333,0.11503202988333922,0.024,0.008,0.044,0.0,0.0,0.0,0.0,0.0,0.0,0.01269409790057595,0.004050796234002633,0.02054891048734988,0.6858593550528699,0.29168345593879336,0.9481764582886003,0.15566059836087198,0.052211060271024144,0.2538331459134655,0.216,0.16790000000000002,0.268,0.023153612269362526,0.014424471067429083,0.03256487459649686,5.9451725147828105,4.796598074684798,7.737657175807341,-0.3702681512832642,-0.43277920749783516,-0.30845478391051295,0.016,0.004,0.036,0.2165309870359515,0.20113736450751546,0.23154283598385966,True
mediation_aware_recourse,False,3.0,5.0,10.0,250,0.324224365234375,0.2797435334563255,0.36789748669266703,0.5033609574675031,0.46927891747658823,0.5352577417269305,0.15068564779291319,0.140237903880749,0.16063444024917767,0.7082302083333333,0.7023930052083334,0.7140616458333333,0.02629669342190027,0.022588542579766363,0.030278992929309603,0.04551170087121518,0.03441967206626565,0.05817075267779226,-0.008532727891501264,-0.021390707191013398,0.0037538820221138056,0.10350278929472832,0.09356188751366606,0.11362016322147793,0.024,0.008,0.044,0.0,0.0,0.0,0.0,0.0,0.0,0.01304917557457458,0.005279603145526851,0.02101452050910471,0.8125157326981386,0.47161427276792695,0.9899821536132283,0.16001471660008204,0.05829090142561355,0.2592203020382884,0.208,0.16,0.256,0.022599280247648196,0.01395057813810077,0.032635359272573924,6.07182889242808,4.852048582504983,7.921551541812179,-0.3789529812335968,-0.44070927063822746,-0.31866884301900866,0.016,0.004,0.036,0.21688606470995017,0.20198464119300147,0.23164858837398736,False
transport_anchor_only,False,10.0,0.0,10.0,250,1.1860043323040008,1.1320558466732502,1.2404375246047974,0.04312674479755145,0.036786680995564494,0.04955343047823098,0.25971047385548446,0.2578331412868374,0.2617384006250393,0.8299608333333333,0.820620875,0.840029703125,0.02629669342190027,0.022588542579766363,0.030278992929309603,0.04551170087121518,0.03441967206626565,0.05817075267779226,-0.3038314193436675,-0.3143528206067177,-0.2931042568548019,0.3130827764251766,0.30323494001195306,0.32248987965533177,0.116,0.08,0.16,0.0,0.0,0.0,0.0,0.0,0.0,-0.22228157285556085,-0.23857410869483317,-0.2062136279423872,-5.675896824937869,-8.219224436585556,-4.22729049937624,-2.725714178848624,-3.1813576459013517,-2.314685926149455,0.748,0.6959,0.796,0.23200312639472612,0.21358831354966676,0.25099098260978653,1.1067502522455008,0.8190208852734009,1.5173998829190856,0.1604650571346283,0.1135310741186142,0.20842754570841787,-0.04,-0.092,0.012,0.05037008641933921,0.03988189098055444,0.06011896214977525,False
mediation_aware_recourse,False,10.0,0.5,10.0,250,1.1845184330940246,1.1299324456393718,1.23944840580225,0.04314621434602138,0.036590672645578824,0.049576444360959496,0.2592266644303644,0.2572183278945578,0.26135066024306763,0.8301025,0.8207578645833333,0.8403076302083333,0.02629669342190027,0.022588542579766363,0.030278992929309603,0.04551170087121518,0.03441967206626565,0.05817075267779226,-0.3048784893232829,-0.31564282849926306,-0.2941467694959657,0.31391807863218685,0.30429280311127,0.3234929691925963,0.12,0.08390000000000002,0.164,0.0,0.0,0.0,0.0,0.0,0.0,-0.22332864283517623,-0.2394736782481295,-0.20715411326582528,-5.69890343553628,-8.210532532717068,-4.235312472500608,-2.7385538103710214,-3.1981834383741656,-2.3260594204963976,0.748,0.6959,0.796,0.23335793326502938,0.21479019210857667,0.2526703555554004,1.0837436416470894,0.7945419791448189,1.5056304613594873,0.1589791579246521,0.11265793614983559,0.20788811576366426,-0.036,-0.08809999999999998,0.016,0.049323016439723824,0.038778541384368,0.05903113939869117,False
mediation_aware_recourse,False,10.0,1.0,10.0,250,1.1862135546207428,1.1324677670121193,1.2418777539789676,0.042799099451671,0.036243073319845,0.04947993928188749,0.25893341329747654,0.25691100319987775,0.2610398348786705,0.8302970833333334,0.8208818541666667,0.8402568177083334,0.02629669342190027,0.022588542579766363,0.030278992929309603,0.04551170087121518,0.03441967206626565,0.05817075267779226,-0.30602648101079066,-0.316937810731442,-0.29482483099169593,0.3150063209411942,0.30524217516543967,0.32448127435167956,0.12,0.08390000000000002,0.164,0.0,0.0,0.0,0.0,0.0,0.0,-0.22447663452268407,-0.2403992744095596,-0.208614511597026,-5.7241275353948255,-8.216372441582726,-4.279065969009342,-2.752630988157925,-3.215779438198973,-2.3368001647594387,0.748,0.6959,0.796,0.23450592495253722,0.21607047011183725,0.2536149250241914,1.0585195417885442,0.7757049574440532,1.4634456637796984,0.16067427945137025,0.11403333921432494,0.20964273155331611,-0.036,-0.08809999999999998,0.016,0.04817502475221598,0.03742336710053237,0.058047432211389034,False
mediation_aware_recourse,False,10.0,2.0,10.0,250,1.182146611213684,1.1300485697507858,1.2366806487500668,0.042203430657703156,0.03572563283458418,0.04880121518811028,0.2584999060426694,0.256391517719286,0.2607183913421187,0.8313672916666667,0.8221497604166668,0.8408401145833334,0.02629669342190027,0.022588542579766363,0.030278992929309603,0.04551170087121518,0.03441967206626565,0.05817075267779226,-0.3077897750622089,-0.3186047530162028,-0.29665226765724617,0.3166263643805655,0.3071416375357432,0.3260728123131608,0.124,0.084,0.168,0.0,0.0,0.0,0.0,0.0,0.0,-0.22623992857410224,-0.24256679608647902,-0.21040462451683417,-5.762871287389677,-8.259387384456991,-4.309391264025508,-2.7742532735128758,-3.22982660611568,-2.363985819451204,0.748,0.6959,0.796,0.23626921900395537,0.21784806876259735,0.255048262304161,1.0197757897936928,0.7355380342823178,1.4463305571784306,0.1566073360443115,0.1094716433763504,0.20515681020617482,-0.032,-0.084,0.02,0.04641173070079782,0.035294750381232476,0.05614820490305344,False
mediation_aware_recourse,False,10.0,4.266636702451111,10.0,250,1.1793840341567994,1.1277046573877336,1.2325419941067697,0.03948455763566501,0.0335186778580449,0.046543108650104664,0.2528270453844647,0.2492995302526151,0.25621028167568327,0.8362172916666666,0.827239171875,0.8455699427083333,0.02629669342190027,0.022588542579766363,0.030278992929309603,0.04551170087121518,0.03441967206626565,0.05817075267779226,-0.324988195102628,-0.3361154893727902,-0.3140777929781788,0.33169964774657057,0.3217351889382678,0.34151566810435247,0.136,0.096,0.184,0.0,0.0,0.0,0.0,0.0,0.0,-0.24343834861452132,-0.25810065377166896,-0.2285782401608714,-6.140761362056094,-8.762810931101244,-4.6382518634077,-2.98514784635462,-3.4353989375913643,-2.5710302970824697,0.748,0.6959,0.796,0.2532108091743032,0.23334801507477212,0.2731080681040289,0.6418857151272759,0.3757078169675969,0.9941389178239948,0.15384475898742675,0.1088833502650261,0.20235655772089955,-0.02,-0.076,0.032099999999999906,0.029213310660378716,0.018344665570434272,0.03932949945583377,True
mediation_aware_recourse,False,10.0,5.0,10.0,250,1.1823067996501924,1.1301767512202263,1.2353396941244603,0.03940838729991076,0.03338010938507042,0.046567501803451365,0.25108656584129596,0.2472987048720842,0.25469528496136873,0.8368108333333332,0.8276374375,0.8465506562499998,0.02629669342190027,0.022588542579766363,0.030278992929309603,0.04551170087121518,0.03441967206626565,0.05817075267779226,-0.32907689214282265,-0.34049023690225927,-0.31800551263258986,0.3355091188306719,0.3253271974427539,0.345770712869061,0.136,0.092,0.1800999999999999,0.0,0.0,0.0,0.0,0.0,0.0,-0.247527045654716,-0.2623846725255245,-0.2332404472767145,-6.230599732451533,-8.954150904681779,-4.721712584925141,-3.0352852434960234,-3.4976933676045423,-2.6210892199916254,0.748,0.6959,0.796,0.25729950621449793,0.23746035802026091,0.27725320475284,0.5520473447318368,0.28746699090538985,0.909558010088921,0.1567675244808197,0.11108695476651193,0.2055956261694431,-0.02,-0.072,0.032,0.025124613620184047,0.014550908670806252,0.03487946473063616,False
transport_anchor_only,False,30.0,0.0,10.0,250,1.3318704154491425,1.2936489320278166,1.3699648997426033,0.008133379470916304,0.006518180179081754,0.010180716162230574,0.2531831620472936,0.2507410068532218,0.2554669571194615,0.8636102083333332,0.8532942968750001,0.8740737343749999,0.02629669342190027,0.022588542579766363,0.030278992929309603,0.04551170087121518,0.03441967206626565,0.05817075267779226,-0.3586390499649913,-0.3671106082937571,-0.3496408770347044,0.3646046045626099,0.357258555098503,0.3721375176389015,0.388,0.332,0.456,0.0,0.0,0.0,0.0,0.0,0.0,-0.2770892034768847,-0.29089041839332846,-0.2621319152667085,-6.880150447020977,-9.98784428750858,-5.181236654098954,-3.397789393966497,-3.9283376032552755,-2.9274308156495885,0.748,0.6959,0.796,0.26775370425476075,0.24699840710788676,0.2888528989409764,0.5078501007413116,0.34260382146453183,0.6918400019703663,0.10230727624893189,0.07193341647386552,0.13802650678157807,-0.04,-0.09209999999999999,0.016,0.023113121872355046,0.015302154233881517,0.0313384336068534,False
mediation_aware_recourse,False,30.0,0.5,10.0,250,1.3311937153339386,1.292975544410944,1.3688558725178241,0.008158788281854549,0.006541788986213257,0.01022637430797117,0.2527180091491771,0.2502958619629955,0.2550761672542587,0.8636052083333333,0.8533389374999999,0.8739823958333334,0.02629669342190027,0.022588542579766363,0.030278992929309603,0.04551170087121518,0.03441967206626565,0.05817075267779226,-0.35970296514910344,-0.3685304391706271,-0.350767339387411,0.3655969978169448,0.358333792740841,0.37300348356294755,0.388,0.332,0.456,0.0,0.0,0.0,0.0,0.0,0.0,-0.27815311866099673,-0.2922140488564754,-0.2631215661092782,-6.903527186710902,-10.020824032994696,-5.204264663736862,-3.410835588777757,-3.943069863706583,-2.93650167880559,0.748,0.6959,0.796,0.268830118836642,0.24807161080809265,0.2901186622901758,0.4844733610513865,0.32913451118529335,0.6635825945935432,0.10163057613372803,0.07142107831835746,0.13802650678157807,-0.04,-0.09209999999999999,0.016,0.022049206688242933,0.014484636154047405,0.030295579699846073,False
mediation_aware_recourse,False,30.0,1.0,10.0,250,1.3311937153339386,1.292975544410944,1.3688558725178241,0.008158788281854549,0.006541788986213257,0.01022637430797117,0.2527180091491771,0.2502958619629955,0.2550761672542587,0.8636052083333333,0.8533389374999999,0.8739823958333334,0.02629669342190027,0.022588542579766363,0.030278992929309603,0.04551170087121518,0.03441967206626565,0.05817075267779226,-0.35970296514910344,-0.3685304391706271,-0.350767339387411,0.3655969978169448,0.358333792740841,0.37300348356294755,0.388,0.332,0.456,0.0,0.0,0.0,0.0,0.0,0.0,-0.27815311866099673,-0.2922140488564754,-0.2631215661092782,-6.903527186710902,-10.020824032994696,-5.204264663736862,-3.410835588777757,-3.943069863706583,-2.93650167880559,0.748,0.6959,0.796,0.268830118836642,0.24807161080809265,0.2901186622901758,0.4844733610513865,0.32913451118529335,0.6635825945935432,0.10163057613372803,0.07142107831835746,0.13802650678157807,-0.04,-0.09209999999999999,0.016,0.022049206688242933,0.014484636154047405,0.030295579699846073,False
mediation_aware_recourse,False,30.0,2.0,10.0,250,1.3337747592926026,1.295740877109766,1.3719162497758866,0.007809792597598918,0.006254599924777372,0.009821341459477531,0.2510144837994047,0.2481681757589426,0.2538061712305092,0.8646520833333334,0.8544434270833333,0.8751197239583334,0.02629669342190027,0.022588542579766363,0.030278992929309603,0.04551170087121518,0.03441967206626565,0.05817075267779226,-0.36456073347350626,-0.37341439805992616,-0.3560531433663729,0.37020281529792043,0.36297912792636905,0.3773237826308748,0.4,0.344,0.464,0.0,0.0,0.0,0.0,0.0,0.0,-0.2830108869853996,-0.2966793192093971,-0.26808407794796446,-7.010263877087491,-10.109175102160549,-5.256192733235326,-3.470403675458475,-3.9963078911687515,-3.0009187990966724,0.748,0.6959,0.796,0.27289210440464695,0.2520250449799682,0.293565664012199,0.377736670674798,0.23784706560464558,0.5312400063070057,0.10421162009239197,0.07341343425512314,0.13846832534670825,-0.028,-0.08,0.024,0.017191438363840055,0.01015844795738585,0.025025723459279687,False
mediation_aware_recourse,False,30.0,4.266636702451111,10.0,250,1.3320796372890473,1.29301173376441,1.371487344944477,0.007581846674217779,0.006011209452068881,0.009515204383701235,0.2468762211029869,0.24322903202335228,0.2503532805414611,0.8667904166666666,0.8572511770833332,0.877083015625,0.02629669342190027,0.022588542579766363,0.030278992929309603,0.04551170087121518,0.03441967206626565,0.05817075267779226,-0.3752968258044842,-0.383520247582802,-0.3673321857545976,0.3793201391315211,0.3724034040829408,0.3862458652715411,0.412,0.356,0.476,0.0,0.0,0.0,0.0,0.0,0.0,-0.2937469793163776,-0.3057361548740973,-0.2806012012278278,-7.246161286445098,-10.394213053622062,-5.431153830866588,-3.6020543503931446,-4.118305266407092,-3.140591828219725,0.748,0.6959,0.796,0.28254696107333294,0.2611273174820384,0.30364611233835076,0.14183926131719105,-0.028593394122503613,0.29773246318437846,0.10251649808883667,0.07193187615275383,0.1330481223464012,-0.016,-0.068,0.04,0.006455346032862068,-0.0013766194520715572,0.014059528783344058,True
mediation_aware_recourse,False,30.0,5.0,10.0,250,1.3369067471027374,1.2969053509116173,1.3754729087531568,0.0074197656184863785,0.005824642922851859,0.00934060825022805,0.24479536878167332,0.24089215393791208,0.24879393482364395,0.8677304166666666,0.8582489479166667,0.8776810052083334,0.02629669342190027,0.022588542579766363,0.030278992929309603,0.04551170087121518,0.03441967206626565,0.05817075267779226,-0.38026894567617464,-0.38848564047000744,-0.37182351952903464,0.383880403443585,0.3767637728391724,0.3905684665075151,0.424,0.368,0.488,0.0,0.0,0.0,0.0,0.0,0.0,-0.298719099188068,-0.31059240042465824,-0.2859742791811514,-7.355410551502452,-10.471776608611476,-5.5563599444109775,-3.663024665921766,-4.169435852078046,-3.195769190247277,0.748,0.6959,0.796,0.2873556549915244,0.26602697054358515,0.30910615090093185,0.03258999625983705,-0.1530416507277034,0.1863679932853495,0.10734360790252685,0.07685962104797363,0.13925601639151572,-0.004,-0.06,0.048,0.0014832261611716809,-0.006413057804734064,0.009235067012324882,False
ordinary_actionable_recourse,True,0.0,0.0,0.0,250,0.7039166445732117,0.640813123345375,0.7755075369060039,0.22830374586120578,0.18736152156192884,0.2715195619132141,0.18934204837946486,0.17759709036844604,0.19999830090130266,0.8414808333333333,0.83326403125,0.849564265625,0.02629669342190027,0.022588542579766363,0.030278992929309603,0.04551170087121518,0.03441967206626565,0.05817075267779226,-0.2512965206463287,-0.2705917852384093,-0.22948204506818418,0.2606653126436479,0.24107443181108426,0.2790748427523737,0.208,0.164,0.25609999999999994,0.724,0.668,0.78,0.276,0.22,0.332,-0.17540598784245054,-0.19355531770094417,-0.15720935000419334,-4.521580513051456,-6.649396685731739,-3.4034191086773684,-2.1509051873939713,-2.4792162842189343,-1.8537200642024712,0.564,0.504,0.628,0.1933301129170049,0.17222130814568737,0.2146555180621811,0.0,0.0,0.0,0.0,0.0,0.0,0.0,0.0,0.0,0.0,0.0,0.0,False
distribution_constrained_recourse,False,10.0,0.0,0.0,250,0.0,0.0,0.0,0.6107699646389924,0.5804956151053366,0.6404024468500761,0.11836630183691023,0.1074536868767295,0.12838542809088507,0.7761133333333333,0.7658986666666667,0.7856268333333334,0.02629669342190027,0.022588542579766363,0.030278992929309603,0.04551170087121518,0.03441967206626565,0.05817075267779226,0.04551170087121518,0.03356259138585585,0.05687145350424278,0.10827520427504958,0.10003783681275755,0.11643478513108754,0.008,0.0,0.02,0.0,0.0,0.0,1.0,1.0,1.0,0.0,0.0,0.0,0.0,0.0,0.0,0.0,0.0,0.0,0.0,0.0,0.0,0.0,0.0,0.0,4.521580513051456,3.316335394510671,6.426753328117408,-0.7039166445732117,-0.7755075369060039,-0.640813123345375,-0.724,-0.776,-0.668,0.17540598784245054,0.15771887583838418,0.19347374830410952,False
