method,is_ordinary_actionable_baseline,eta,lambda_invariance,rho_anchor,n,cost,cost_lo,cost_hi,shortfall,shortfall_lo,shortfall_hi,direct_effect,direct_effect_lo,direct_effect_hi,transport,transport_lo,transport_hi,pre_recourse_mediated_prediction_disparity,pre_recourse_mediated_prediction_disparity_lo,pre_recourse_mediated_prediction_disparity_hi,pre_recourse_factual_mediated_prediction_disparity,pre_recourse_factual_mediated_prediction_disparity_lo,pre_recourse_factual_mediated_prediction_disparity_hi,post_recourse_mediated_prediction_disparity,post_recourse_mediated_prediction_disparity_lo,post_recourse_mediated_prediction_disparity_hi,outcome_wasserstein,outcome_wasserstein_lo,outcome_wasserstein_hi,feasible_rate,feasible_rate_lo,feasible_rate_hi,constraint_feasible_rate,constraint_feasible_rate_lo,constraint_feasible_rate_hi,constraint_abstention_rate,constraint_abstention_rate_lo,constraint_abstention_rate_hi,mean_absolute_gap_reduction,mean_absolute_gap_reduction_lo,mean_absolute_gap_reduction_hi,factual_mediated_prediction_disparity_closure,factual_mediated_prediction_disparity_closure_lo,factual_mediated_prediction_disparity_closure_hi,recipient_level_closure,recipient_level_closure_lo,recipient_level_closure_hi,overshoot_rate,overshoot_rate_lo,overshoot_rate_hi,overshoot_magnitude,overshoot_magnitude_lo,overshoot_magnitude_hi,factual_closure_gain_vs_actionable_baseline,factual_closure_gain_vs_actionable_baseline_lo,factual_closure_gain_vs_actionable_baseline_hi,cost_difference_vs_actionable_baseline,cost_difference_vs_actionable_baseline_lo,cost_difference_vs_actionable_baseline_hi,feasibility_difference_vs_actionable_baseline,feasibility_difference_vs_actionable_baseline_lo,feasibility_difference_vs_actionable_baseline_hi,paired_absolute_gap_gain_vs_actionable_baseline,paired_absolute_gap_gain_vs_actionable_baseline_lo,paired_absolute_gap_gain_vs_actionable_baseline_hi,is_effect_ratio_heuristic
soft_objective_recourse,False,0.0,0.0,0.0,250,0.0,0.0,0.0,0.6452613875954911,0.6123165632024506,0.6747243857223615,0.10621573160419596,0.09089308507321375,0.12133135235159707,0.7832066666666667,0.7734053333333333,0.7928878333333333,0.024469085074495526,0.020987094695074485,0.02767798589929007,0.049452416370250774,0.038648424370286684,0.06013799410687865,0.049452416370250774,0.03851750929470607,0.06054612293356955,0.09967104610381244,0.09056829554809362,0.10868070209949159,0.008,0.0,0.02,0.0,0.0,0.0,0.0,0.0,0.0,0.0,0.0,0.0,0.0,0.0,0.0,0.0,0.0,0.0,0.0,0.0,0.0,0.0,0.0,0.0,0.0,0.0,0.0,0.0,0.0,0.0,0.0,0.0,0.0,0.0,0.0,0.0,False
direct_invariance_only,False,0.0,0.5,0.0,250,0.0,0.0,0.0,0.6452613875954911,0.6123165632024506,0.6747243857223615,0.10621573160419596,0.09089308507321375,0.12133135235159707,0.7832066666666667,0.7734053333333333,0.7928878333333333,0.024469085074495526,0.020987094695074485,0.02767798589929007,0.049452416370250774,0.038648424370286684,0.06013799410687865,0.049452416370250774,0.03851750929470607,0.06054612293356955,0.09967104610381244,0.09056829554809362,0.10868070209949159,0.008,0.0,0.02,0.0,0.0,0.0,0.0,0.0,0.0,0.0,0.0,0.0,0.0,0.0,0.0,0.0,0.0,0.0,0.0,0.0,0.0,0.0,0.0,0.0,0.0,0.0,0.0,0.0,0.0,0.0,0.0,0.0,0.0,0.0,0.0,0.0,False
direct_invariance_only,False,0.0,1.0,0.0,250,0.0,0.0,0.0,0.6452613875954911,0.6123165632024506,0.6747243857223615,0.10621573160419596,0.09089308507321375,0.12133135235159707,0.7832066666666667,0.7734053333333333,0.7928878333333333,0.024469085074495526,0.020987094695074485,0.02767798589929007,0.049452416370250774,0.038648424370286684,0.06013799410687865,0.049452416370250774,0.03851750929470607,0.06054612293356955,0.09967104610381244,0.09056829554809362,0.10868070209949159,0.008,0.0,0.02,0.0,0.0,0.0,0.0,0.0,0.0,0.0,0.0,0.0,0.0,0.0,0.0,0.0,0.0,0.0,0.0,0.0,0.0,0.0,0.0,0.0,0.0,0.0,0.0,0.0,0.0,0.0,0.0,0.0,0.0,0.0,0.0,0.0,False
direct_invariance_only,False,0.0,2.0,0.0,250,0.04921034920215607,0.032241263270378115,0.06617943513393403,0.7067448918528769,0.6790225271563072,0.7317469331089236,0.07532423247786856,0.06520669409415192,0.0862323108213012,0.7938245833333333,0.7842570625,0.8039239166666667,0.024469085074495526,0.020987094695074485,0.02767798589929007,0.049452416370250774,0.038648424370286684,0.06013799410687865,0.07098395866065865,0.059801000260485904,0.0831931583801329,0.10429517126215372,0.09483774690284524,0.11386276174764069,0.008,0.0,0.02,0.0,0.0,0.0,0.0,0.0,0.0,-0.012440714320552267,-0.01822435203255548,-0.007050706119661944,-0.435399195242574,-0.7001250408046725,-0.2503423174836439,-0.16394322359381297,-0.23925175964431844,-0.09283153142576739,0.048,0.024,0.08,0.008138274280024654,0.0037768350657618665,0.01329845329403222,-0.435399195242574,-0.6855388126635417,-0.25957354187627574,0.04921034920215607,0.032241263270378115,0.06617943513393403,0.0,0.0,0.0,-0.012440714320552267,-0.018014804923966492,-0.006707621611518469,False
direct_invariance_only,False,0.0,4.502993139022535,0.0,250,0.13575268745422364,0.11199596714973449,0.15950940775871278,0.7876456679535109,0.7728230052346612,0.8011674288994379,0.04379801416204081,0.03844411345122924,0.04916163155382884,0.8055489583333333,0.7961817916666666,0.8150263802083333,0.024469085074495526,0.020987094695074485,0.02767798589929007,0.049452416370250774,0.038648424370286684,0.06013799410687865,0.10040576584073059,0.08871925248063116,0.11227927112901855,0.11177836615163898,0.10089188420183717,0.12178091701002905,0.004,0.0,0.016,0.0,0.0,0.0,0.0,0.0,0.0,-0.029512190844527376,-0.03728434183890771,-0.022304296418119346,-1.0303510568420267,-1.5360547006950207,-0.6961091509241476,-0.3889104417721929,-0.5029392831494136,-0.2894299492505509,0.108,0.072,0.152,0.0179848361464295,0.01152119445578021,0.024796163073484142,-1.0303510568420267,-1.521915575970985,-0.7108628172337615,0.13575268745422364,0.11199596714973449,0.15950940775871278,-0.004,-0.012,0.0,-0.029512190844527376,-0.03680952858199314,-0.021909038751564993,True
direct_invariance_only,False,0.0,5.0,0.0,250,0.1442372304201126,0.12043808740079402,0.16803637343943115,0.7920816611778998,0.7771185519249726,0.8051382083301353,0.042000870909865554,0.03663981534093606,0.0474362679975605,0.8048829166666667,0.7957010989583332,0.814247234375,0.024469085074495526,0.020987094695074485,0.02767798589929007,0.049452416370250774,0.038648424370286684,0.06013799410687865,0.10172504685172704,0.08979792927818518,0.11374109575998385,0.11258785260132231,0.1015923790815141,0.12255219859277874,0.004,0.0,0.016,0.0,0.0,0.0,0.0,0.0,0.0,-0.030719921761321173,-0.0385013169882598,-0.023580743955822794,-1.0570288434464055,-1.5738948982395677,-0.7161563156461885,-0.40482587031040707,-0.5252642301593795,-0.30305729038058077,0.112,0.072,0.156,0.0182331288729673,0.011769689457145684,0.02504637165796799,-1.0570288434464055,-1.5452804293433342,-0.734454124091519,0.1442372304201126,0.12043808740079402,0.16803637343943115,-0.004,-0.012,0.0,-0.030719921761321173,-0.03813222779780388,-0.02295623503803637,False
soft_objective_recourse,False,1.0,0.0,0.0,250,0.1169469085931778,0.08854009854793549,0.14786386086046696,0.5103593735760259,0.4710119334733246,0.5490488841476395,0.14054307474298572,0.1248282141832728,0.15591399325244312,0.7907179166666667,0.7815514166666667,0.79986009375,0.024469085074495526,0.020987094695074485,0.02767798589929007,0.049452416370250774,0.038648424370286684,0.06013799410687865,-0.03481551300573365,-0.05428235611078131,-0.01780080784777227,0.12426447305792243,0.11100868798224026,0.13731777160579378,0.008,0.0,0.02,0.0,0.0,0.0,0.0,0.0,0.0,-0.024536904003731812,-0.03254878877479312,-0.017114613900637617,0.29597953828849277,-0.0986704044052983,0.6357983690059773,-0.3233463156322327,-0.4083142888084032,-0.2383040932584266,0.188,0.14,0.24,0.05440241668985812,0.04027228650730021,0.06989570664287302,0.0,0.0,0.0,0.0,0.0,0.0,0.0,0.0,0.0,0.0,0.0,0.0,False
direct_invariance_only,False,1.0,0.5,0.0,250,0.06367540323734283,0.03952765456438065,0.08861424732208252,0.5679192348859546,0.5284932481653467,0.6045287430500946,0.12498925679720639,0.10976894708825267,0.14064757119205754,0.78401625,0.7743502760416667,0.7936142447916666,0.024469085074495526,0.020987094695074485,0.02767798589929007,0.049452416370250774,0.038648424370286684,0.06013799410687865,-0.0021461489879071845,-0.018796688968064246,0.015206970156367487,0.11414261152075769,0.10240919386921438,0.126085982374435,0.008,0.0,0.02,0.0,0.0,0.0,0.0,0.0,0.0,-0.014574202411708223,-0.02057324714181634,-0.009545233531880606,0.9566017366706827,0.578449718897687,0.9936977583293122,-0.1920582422455388,-0.25832647448541834,-0.12981186582079823,0.1,0.064,0.14,0.033086383884933096,0.02207084053210352,0.046288257087875505,0.6606221983821899,0.0878747395724742,0.9072823919516129,-0.05327150535583496,-0.07732482075691223,-0.033497535824775694,0.0,0.0,0.0,0.009962701592023592,0.004916387915770829,0.015825126136028492,False
direct_invariance_only,False,1.0,1.0,0.0,250,0.00516487455368042,0.0,0.01291218638420105,0.6385338522328606,0.6040653061575159,0.6700474128924369,0.1075579214037626,0.09230608149102568,0.1225627838744954,0.7835183333333333,0.7737259166666667,0.793240125,0.024469085074495526,0.020987094695074485,0.02767798589929007,0.049452416370250774,0.038648424370286684,0.06013799410687865,0.04498191792016756,0.032942071757125185,0.05690976069551029,0.10098463077724659,0.09179666731773083,0.11021109549632004,0.008,0.0,0.02,0.0,0.0,0.0,0.0,0.0,0.0,-0.0013138710006801468,-0.003301726125208412,0.0,0.09040000020651251,0.0,0.21829228642056012,-0.017314138214884256,-0.044112476342343186,0.0,0.008,0.0,0.02,0.002892184725381682,0.0,0.007332749108936759,-0.20557953808198026,-0.610547973797956,0.259264352252458,-0.11178203403949738,-0.14188575267791748,-0.08507213258743286,0.0,0.0,0.0,0.023223033003051667,0.016171762766052054,0.030564089937158652,False
direct_invariance_only,False,1.0,2.0,0.0,250,0.0,0.0,0.0,0.6452613875954911,0.6123165632024506,0.6747243857223615,0.10621573160419596,0.09089308507321375,0.12133135235159707,0.7832066666666667,0.7734053333333333,0.7928878333333333,0.024469085074495526,0.020987094695074485,0.02767798589929007,0.049452416370250774,0.038648424370286684,0.06013799410687865,0.049452416370250774,0.03851750929470607,0.06054612293356955,0.09967104610381244,0.09056829554809362,0.10868070209949159,0.008,0.0,0.02,0.0,0.0,0.0,0.0,0.0,0.0,0.0,0.0,0.0,0.0,0.0,0.0,0.0,0.0,0.0,0.0,0.0,0.0,0.0,0.0,0.0,-0.29597953828849277,-0.64192869278074,0.10952606880727882,-0.1169469085931778,-0.14786386086046696,-0.08854009854793549,0.0,0.0,0.0,0.024536904003731812,0.01732301698241952,0.03210965835270903,False
direct_invariance_only,False,1.0,4.502993139022535,0.0,250,0.0770378155708313,0.05769489216804504,0.09741764191091058,0.7109677046633616,0.6832369324599362,0.7361960500030923,0.06699733660808334,0.05824795017065209,0.0760817221481541,0.7970497916666667,0.7878209166666666,0.8067689114583334,0.024469085074495526,0.020987094695074485,0.02767798589929007,0.049452416370250774,0.038648424370286684,0.06013799410687865,0.06672230579954692,0.05477443312033245,0.08001263023392917,0.10572406082982556,0.09559287947855306,0.11580750739961607,0.012,0.0,0.028,0.0,0.0,0.0,0.0,0.0,0.0,-0.0171714809137093,-0.023574611119976212,-0.011101358113780518,-0.3492223575082014,-0.5788075052362803,-0.1747659257443025,-0.22628507192890557,-0.32051139621044056,-0.13836915898958213,0.052,0.024,0.08,0.007659888785884853,0.003738920864277642,0.012276714319842126,-0.6452018957966942,-1.0915268270348804,-0.1970887462773598,-0.0399090930223465,-0.08006131974458695,-0.0010196520596742796,0.004,0.0,0.012,0.007365423090022514,-0.0034679744135926505,0.01799942768255334,True
direct_invariance_only,False,1.0,5.0,0.0,250,0.09230999290943145,0.07193016656935215,0.11538978433609008,0.7293058908428622,0.7029725751649049,0.7537292985204693,0.05986009529940136,0.051683255177714826,0.06820142417154662,0.7991585416666667,0.7899569114583334,0.8087347552083334,0.024469085074495526,0.020987094695074485,0.02767798589929007,0.049452416370250774,0.038648424370286684,0.06013799410687865,0.07278859674577419,0.05987322936612955,0.0866093777539806,0.10824982786565389,0.09771063922005821,0.11824784140355155,0.012,0.0,0.028,0.0,0.0,0.0,0.0,0.0,0.0,-0.02129482371061908,-0.02832684682610594,-0.014050791064186921,-0.47189160992266155,-0.7345067551558586,-0.2693962766004116,-0.2806223143644919,-0.38057483836113287,-0.1888721515934202,0.06,0.032,0.092,0.009075725143310955,0.0049082095632382,0.014049237345002259,-0.7678711482111543,-1.231393346105842,-0.3103563253441059,-0.02463691568374634,-0.06657526927590371,0.01764298118948935,0.004,0.0,0.012,0.0032420802931127364,-0.008511649610216792,0.014940394868855367,False
soft_objective_recourse,False,3.0,0.0,0.0,250,0.6399922276735306,0.5804151570498943,0.7090529198437929,0.21011365359563114,0.17546352376839014,0.2468547428091535,0.18341244350712818,0.17164437814265798,0.1953156635468512,0.8541977083333334,0.8446858645833334,0.8626829010416666,0.024469085074495526,0.020987094695074485,0.02767798589929007,0.049452416370250774,0.038648424370286684,0.06013799410687865,-0.23355421773677543,-0.248612030607741,-0.2165454498278062,0.24307200279975372,0.2280442454754154,0.2568812704009393,0.02,0.004,0.04,0.0,0.0,0.0,0.0,0.0,0.0,-0.1584695780234048,-0.1724935214583894,-0.14398277652511202,-3.7228069906261503,-4.963051187959954,-2.9452713399317956,-2.088305606358055,-2.394452776428887,-1.8117179522527456,0.692,0.636,0.748,0.20763659393411257,0.18942048116933508,0.22582150130126227,0.0,0.0,0.0,0.0,0.0,0.0,0.0,0.0,0.0,0.0,0.0,0.0,False
direct_invariance_only,False,3.0,0.5,0.0,250,0.640200827240944,0.580714273262024,0.7070363316476345,0.21012874877688528,0.175213855863231,0.2466579893433987,0.18197461906172543,0.16996348566550784,0.19436099227952702,0.8547810416666666,0.8454834739583333,0.8633160208333333,0.024469085074495526,0.020987094695074485,0.02767798589929007,0.049452416370250774,0.038648424370286684,0.06013799410687865,-0.23465777830083256,-0.2495238246425616,-0.21817437691931937,0.2436351231763097,0.22845390533034235,0.257849715557169,0.016,0.004,0.032,0.0,0.0,0.0,0.0,0.0,0.0,-0.15957313858746194,-0.17358329827702018,-0.14498303730634166,-3.7451225951012637,-4.989517262776522,-2.9700889586151464,-2.1028482822559855,-2.420841255944921,-1.8239474407477885,0.692,0.636,0.748,0.20724945339389786,0.18899487970432685,0.22542961290100408,-0.022315604475113382,-0.09452212518889916,0.022267697239145963,0.00020859956741333007,-0.00712151312828064,0.0077473118305206295,-0.004,-0.012,0.0,-0.0011035605640571458,-0.00454066547054159,0.001152351882387596,False
direct_invariance_only,False,3.0,1.0,0.0,250,0.641294955611229,0.5814288935512304,0.7063415374457835,0.21004353203428974,0.17452483617118963,0.24628471892291057,0.18081377333760243,0.16909290189828696,0.1927393816410655,0.8548058333333334,0.845658359375,0.86349859375,0.024469085074495526,0.020987094695074485,0.02767798589929007,0.049452416370250774,0.038648424370286684,0.06013799410687865,-0.2367848124290808,-0.2515756934857718,-0.22099702319388426,0.24455551793574495,0.22927895411739976,0.2580401129295825,0.016,0.004,0.032,0.0,0.0,0.0,0.0,0.0,0.0,-0.1617001727157102,-0.1761617202707899,-0.14715144695490395,-3.7881343280835935,-5.052312333064454,-3.0047716676432255,-2.1308782508489457,-2.4515748763408567,-1.8441485204534473,0.692,0.636,0.748,0.20658045559600455,0.18829174779453775,0.22515427080650713,-0.06532733745744324,-0.18572227008114423,0.021530251129195464,0.0013027279376983643,-0.01120732881426811,0.01312600094079971,-0.004,-0.012,0.0,-0.0032305946923053626,-0.008541351381711894,0.0010412364618101317,False
direct_invariance_only,False,3.0,2.0,0.0,250,0.626291679739952,0.5680877989798785,0.6923225821256638,0.21734714992445595,0.17963046985453482,0.2547095351413711,0.1763021461679052,0.16462171213068424,0.18821869488835988,0.85407375,0.8445909583333333,0.86292453125,0.024469085074495526,0.020987094695074485,0.02767798589929007,0.049452416370250774,0.038648424370286684,0.06013799410687865,-0.23671739212013906,-0.25317375184582924,-0.22119626964082265,0.2434296250021544,0.22754720483215293,0.2577579795414189,0.024,0.008,0.044,0.0,0.0,0.0,0.0,0.0,0.0,-0.16180986640327916,-0.17661070206680513,-0.1480347719517848,-3.786770991084306,-5.095024713520756,-3.00540114934727,-2.1323237897693463,-2.4523033600643696,-1.8537936393942849,0.68,0.6239,0.732,0.20423582394578785,0.18564245906648874,0.22249745613130525,-0.06396400045815565,-0.23123920061334544,0.08354858725648726,-0.013700547933578491,-0.04399842368662357,0.014214914205670356,0.004,-0.008,0.02,-0.0033402883798743527,-0.011059871859501972,0.0037628758912643854,False
direct_invariance_only,False,3.0,4.502993139022535,0.0,250,0.5271708565950394,0.4801834762662649,0.582939685100317,0.2665822964239994,0.2249833981965338,0.3076226726449326,0.16132822282058537,0.14908029240459628,0.17378016915660377,0.846149375,0.8369580885416665,0.8550050468749999,0.024469085074495526,0.020987094695074485,0.02767798589929007,0.049452416370250774,0.038648424370286684,0.06013799410687865,-0.22052599836083558,-0.23802562228668467,-0.20235270482016068,0.22757986365950755,0.21046087756715087,0.24469038723298916,0.04,0.02,0.068,0.0,0.0,0.0,0.0,0.0,0.0,-0.14709018102748844,-0.16080861051260553,-0.1339542374633188,-3.459357389328664,-4.7223008708024885,-2.7269894206698444,-1.9383483789838745,-2.207742676516918,-1.7095492955993135,0.628,0.568,0.688,0.18766384918015025,0.16773586858603828,0.2060330658157838,0.26344960129748607,-0.015277950773299808,0.5794002802457459,-0.11282137107849122,-0.17942943771481515,-0.053815262278914464,0.02,-0.004,0.044,0.011379396995916375,-0.0019550214144214975,0.025393404726357354,True
direct_invariance_only,False,3.0,5.0,0.0,250,0.5014947813749313,0.45434559702873234,0.5517503541409969,0.2842482843624405,0.2420561101166045,0.3245392648002833,0.155666225936079,0.14282581760803537,0.16824642493615233,0.8417864583333332,0.8326583020833332,0.85065225,0.024469085074495526,0.020987094695074485,0.02767798589929007,0.049452416370250774,0.038648424370286684,0.06013799410687865,-0.2163656478638431,-0.23500200365301308,-0.1965935034139135,0.2245453639481833,0.2067301407973419,0.24304003020184548,0.056,0.028,0.084,0.0,0.0,0.0,0.0,0.0,0.0,-0.14364708205965035,-0.15798385592544092,-0.12982685156753515,-3.3752290331762795,-4.569049937420055,-2.626815719878736,-1.892975361856764,-2.1412984676498543,-1.6571329558084087,0.608,0.548,0.672,0.18378516668560269,0.16393987521349385,0.2036607316491523,0.34757795744987074,0.015647959734308905,0.7321571122596329,-0.13849744629859925,-0.2141851777344942,-0.07280439924895764,0.036,0.008,0.068,0.014822495963754479,-0.0009058166957481915,0.0317256309687978,False
soft_objective_recourse,False,10.0,0.0,0.0,250,1.0987658877372741,1.0362733267009256,1.1571387172579766,0.10268721761395429,0.08170583989696004,0.1256624780497463,0.19118564322845988,0.18290363060101653,0.19979712070700142,0.9004831249999999,0.8939784270833332,0.9069291354166666,0.024469085074495526,0.020987094695074485,0.02767798589929007,0.049452416370250774,0.038648424370286684,0.06013799410687865,-0.3119920039310112,-0.3223948959259124,-0.3008990871491158,0.3146391071941502,0.3041368072295321,0.3250701100897724,0.152,0.112,0.2,0.0,0.0,0.0,0.0,0.0,0.0,-0.23610771882401901,-0.24808666974746194,-0.2239499890803277,-5.308933452212399,-7.178182744306114,-4.178279453680405,-3.111417844829421,-3.5646494757546767,-2.722568914990973,0.796,0.744,0.844,0.25823914628363615,0.23914897487075784,0.27656005072045436,0.0,0.0,0.0,0.0,0.0,0.0,0.0,0.0,0.0,0.0,0.0,0.0,False
direct_invariance_only,False,10.0,0.5,0.0,250,1.106304599761963,1.044144293630123,1.1615709991484882,0.10196211763617104,0.08075239548573204,0.1251662167349242,0.187283708368292,0.17909844756261964,0.1952534994354416,0.90182375,0.8958230729166666,0.9080052447916668,0.024469085074495526,0.020987094695074485,0.02767798589929007,0.049452416370250774,0.038648424370286684,0.06013799410687865,-0.31784162580174685,-0.3289951581276779,-0.3063038294457406,0.31961824934537236,0.3087884999757361,0.330573672996117,0.156,0.116,0.204,0.0,0.0,0.0,0.0,0.0,0.0,-0.24195734069475464,-0.2541403496496096,-0.22979139504574775,-5.427221339844411,-7.384062756202877,-4.249756152876293,-3.1885039221705735,-3.6632476467515573,-2.7871726500195098,0.796,0.744,0.844,0.2604491121914456,0.24105857832763852,0.2790589808472646,-0.11828788763201192,-0.20966956839270218,-0.060230254398342044,0.007538712024688721,0.0,0.017659861326217653,0.004,0.0,0.012,-0.005849621870735637,-0.00908687287429072,-0.0030382108079456452,False
direct_invariance_only,False,10.0,1.0,0.0,250,1.1076584576368331,1.046175080385804,1.1631113196581602,0.10189021461074096,0.08059946453396323,0.12508425346444493,0.1863738210621119,0.17834071836774318,0.19458997503156114,0.9019760416666667,0.89590225,0.9081143854166667,0.024469085074495526,0.020987094695074485,0.02767798589929007,0.049452416370250774,0.038648424370286684,0.06013799410687865,-0.3199270628780073,-0.33094022030790127,-0.30828520935677034,0.32163809865340137,0.31088708735653514,0.33264208650123983,0.16,0.12,0.208,0.0,0.0,0.0,0.0,0.0,0.0,-0.2440427777710151,-0.25670463795038195,-0.23112689360790198,-5.46939191975393,-7.446714105106162,-4.27425836648097,-3.2159857265167586,-3.6968466085065557,-2.8225329526276943,0.796,0.744,0.844,0.2616775373068718,0.2419782804140243,0.28014292404254465,-0.16045846754153104,-0.2692931079890018,-0.08056376717959148,0.00889256989955902,0.0013538578748703003,0.018810334506630895,0.008,-0.004,0.024,-0.007935058946996093,-0.011724457638849786,-0.004291141562786501,False
direct_invariance_only,False,10.0,2.0,0.0,250,1.1217762045860291,1.0611307145535946,1.1771305410742758,0.10094068723907357,0.08004825424190837,0.12408135021611576,0.18314515271731902,0.17541201076441135,0.1910348142031203,0.9033708333333333,0.897262890625,0.9093746510416666,0.024469085074495526,0.020987094695074485,0.02767798589929007,0.049452416370250774,0.038648424370286684,0.06013799410687865,-0.3250813384947458,-0.3370403429510587,-0.3136986072978742,0.32638191273142325,0.31475577931849485,0.3381974844781522,0.168,0.124,0.212,0.0,0.0,0.0,0.0,0.0,0.0,-0.2491970533877536,-0.26205283807119295,-0.23607789788513603,-5.573618891761695,-7.567214608206672,-4.357668556117861,-3.283908559412546,-3.7674077866063755,-2.877458729732369,0.796,0.744,0.844,0.2652956802141914,0.24530995950446824,0.2839852714924021,-0.2646854395492966,-0.42183440904022734,-0.15215433493835742,0.023010316848754882,0.010927314212918282,0.036808964464068415,0.016,-0.008,0.04,-0.013089334563734617,-0.018198788101205603,-0.008136352337610356,False
direct_invariance_only,False,10.0,4.502993139022535,0.0,250,1.1697304583787917,1.1109960152715443,1.2261679216474295,0.09894336463870798,0.0777035688640992,0.12192128778139712,0.17518266767315988,0.16738062116161845,0.18240911199465767,0.9065452083333334,0.9007295989583334,0.9123568958333332,0.024469085074495526,0.020987094695074485,0.02767798589929007,0.049452416370250774,0.038648424370286684,0.06013799410687865,-0.33348504012392927,-0.34658273520762417,-0.32108270495703334,0.33478089780945003,0.3228469303819647,0.34751290718358446,0.212,0.164,0.26,0.0,0.0,0.0,0.0,0.0,0.0,-0.25760075501693713,-0.26986706496747687,-0.24539597621786474,-5.743553997991183,-7.7929763876659495,-4.511248946435574,-3.394652195164464,-3.8974001479777614,-2.9839415652931387,0.796,0.744,0.844,0.27123620553591565,0.2517659747249802,0.2905315098186571,-0.4346205457787846,-0.6643075628265093,-0.2771129281309601,0.07096457064151764,0.04993205724656582,0.0951023413836956,0.06,0.024,0.1,-0.021493036192918105,-0.028849633256689794,-0.014780056761711477,True
direct_invariance_only,False,10.0,5.0,0.0,250,1.1880442308187484,1.1280532265126704,1.2449965338259936,0.0984884625115532,0.07731364822046337,0.12148246197283857,0.17227181381532422,0.164882937122825,0.17946423832257613,0.907430625,0.901665578125,0.9133086874999999,0.024469085074495526,0.020987094695074485,0.02767798589929007,0.049452416370250774,0.038648424370286684,0.06013799410687865,-0.33723977561917795,-0.35050348651362556,-0.3246813213854938,0.33853688028781165,0.32567970421257836,0.3517374142683465,0.236,0.1879,0.288,0.0,0.0,0.0,0.0,0.0,0.0,-0.2613554905121858,-0.27374108983601386,-0.24869101346775177,-5.8194802270987145,-7.873229638915175,-4.563380531456414,-3.4441319456813826,-3.9366545590125543,-3.031047400171762,0.796,0.744,0.844,0.27499094103116434,0.2551843550782921,0.2941015802369385,-0.5105467748863157,-0.7464104884131164,-0.3341478861972692,0.08927834308147431,0.06463877283036709,0.11579784579873086,0.084,0.044,0.124,-0.0252477716881668,-0.03328962505692003,-0.01771703281210684,False
soft_objective_recourse,False,30.0,0.0,0.0,250,1.2012206441164017,1.141317548817396,1.2606470620870591,0.09622755159758516,0.07495576535192108,0.11944240940116559,0.18843605103617336,0.18030407141069787,0.1961892556548864,0.9041552083333333,0.8984566145833333,0.9099922135416666,0.024469085074495526,0.020987094695074485,0.02767798589929007,0.049452416370250774,0.038648424370286684,0.06013799410687865,-0.3261497675398594,-0.33721534413534354,-0.31405983599901016,0.328116514721444,0.31703969731703185,0.33998942951312866,0.3,0.248,0.356,0.0,0.0,0.0,0.0,0.0,0.0,-0.2502654824328673,-0.2616735507618385,-0.2388130056095097,-5.5952240856740465,-7.563200968937508,-4.42670863565497,-3.2979882735932513,-3.7843300869335947,-2.8890597174790824,0.796,0.744,0.844,0.26932120366999346,0.24982797966395312,0.2888126063937871,0.0,0.0,0.0,0.0,0.0,0.0,0.0,0.0,0.0,0.0,0.0,0.0,False
direct_invariance_only,False,30.0,0.5,0.0,250,1.199523735165596,1.1386687126815318,1.2562732297569514,0.09628725175300963,0.0750674714703602,0.11944876735261574,0.18154524310492579,0.17397719701228342,0.1894214831653427,0.9047329166666667,0.8989784479166666,0.9105599114583334,0.024469085074495526,0.020987094695074485,0.02767798589929007,0.049452416370250774,0.038648424370286684,0.06013799410687865,-0.33603957388179195,-0.34785291192031004,-0.3230886621190986,0.33760089380589225,0.32577661662088614,0.3502759525075898,0.3,0.248,0.356,0.0,0.0,0.0,0.0,0.0,0.0,-0.2601552887747998,-0.2727992014057825,-0.2476021083167987,-5.7952103971191224,-7.804985833795715,-4.579832018163018,-3.4283157363609176,-3.921436472954651,-3.0184035519312147,0.796,0.744,0.844,0.2764731500461625,0.2559203158960521,0.2966635637105671,-0.19998631144507595,-0.3013485409576573,-0.12208557683735655,-0.001696908950805664,-0.008484543561935424,0.003393816947937012,0.0,-0.012,0.012,-0.009889806341932547,-0.013392124991938915,-0.006404208183472824,False
direct_invariance_only,False,30.0,1.0,0.0,250,1.199523735165596,1.1372939751714468,1.2565556315779687,0.09629806686886684,0.07508410143246487,0.11945798506190725,0.1810134652945417,0.17344469879398572,0.18894902859486618,0.9045785416666666,0.89876253125,0.9105205052083333,0.024469085074495526,0.020987094695074485,0.02767798589929007,0.049452416370250774,0.038648424370286684,0.06013799410687865,-0.3365978047718348,-0.3484079712721237,-0.3237361159638246,0.3381342936194398,0.3265446177018757,0.35070211460946854,0.3,0.248,0.356,0.0,0.0,0.0,0.0,0.0,0.0,-0.2607135196648426,-0.273365038913729,-0.24805874357278815,-5.80649864006085,-7.809426361571962,-4.5789555680103,-3.4356720801580005,-3.926012278694749,-3.0250080544950375,0.796,0.744,0.844,0.27633992725002327,0.2559203158960521,0.29637641227346173,-0.21127455438680354,-0.3193862339183163,-0.12721226846371808,-0.001696908950805664,-0.011200836515426634,0.007121512418985367,0.0,-0.016,0.016,-0.010448037231975358,-0.01390792386353414,-0.0067270993873955924,False
direct_invariance_only,False,30.0,2.0,0.0,250,1.222107681632042,1.1647667704880238,1.2782368977755307,0.09580352807281195,0.07449793143456408,0.11879245186425515,0.17621016864543218,0.16881501315792674,0.1838847472977557,0.9064981249999999,0.9008782552083333,0.9122419218750001,0.024469085074495526,0.020987094695074485,0.02767798589929007,0.049452416370250774,0.038648424370286684,0.06013799410687865,-0.34472864281862364,-0.35769670315714236,-0.33090279280637275,0.3460619457933691,0.3329986973663251,0.35916521043396993,0.32,0.264,0.37609999999999993,0.0,0.0,0.0,0.0,0.0,0.0,-0.26884435771163145,-0.28216176824818845,-0.25558217211422113,-5.970916046601982,-8.050114674664936,-4.712541896871794,-3.5428199308009214,-4.033564345507524,-3.1166151540783034,0.796,0.744,0.844,0.2840422120055679,0.2622421370421014,0.3045434376081169,-0.3756919609279352,-0.5286438137707873,-0.2627353500042452,0.02088703751564026,0.007184865158796311,0.0359377155482769,0.02,-0.008,0.052,-0.018578875278764225,-0.02382161145963391,-0.013577466013029676,False
direct_invariance_only,False,30.0,4.502993139022535,0.0,250,1.2864098976850509,1.232551455771923,1.3337351948052645,0.09495161048637626,0.07354187296600828,0.11838967151927798,0.1643173648335354,0.1579705982792082,0.17125468685161704,0.9093920833333334,0.9041729270833333,0.9150101093749999,0.024469085074495526,0.020987094695074485,0.02767798589929007,0.049452416370250774,0.038648424370286684,0.06013799410687865,-0.35909761695046505,-0.37352913131427273,-0.3446313905518612,0.36017673408340306,0.34629729286102207,0.3736420921954867,0.384,0.324,0.444,0.0,0.0,0.0,0.0,0.0,0.0,-0.2832133318434729,-0.2964166189492911,-0.27020110716043866,-6.261477664951644,-8.427211784536942,-4.952429131921656,-3.732173683183013,-4.231963994031149,-3.302671808389375,0.796,0.744,0.844,0.2944384387227418,0.2719458995834256,0.3156772186803764,-0.6662535792775977,-0.8916009971369699,-0.4935512081893726,0.08518925356864929,0.06068285493254662,0.10919815572500229,0.084,0.036,0.128,-0.03294784941060568,-0.03991303232233926,-0.02534362932439061,True
direct_invariance_only,False,30.0,5.0,0.0,250,1.3060866998434066,1.2535448328256606,1.3543887450546026,0.09474699750277935,0.07332130484645182,0.11811178638374119,0.16145758389778264,0.15506765787907809,0.1679265095709939,0.9093202083333333,0.903899078125,0.9149099739583334,0.024469085074495526,0.020987094695074485,0.02767798589929007,0.049452416370250774,0.038648424370286684,0.06013799410687865,-0.36014588798292746,-0.37488090547323677,-0.34531699355904594,0.36147320713244724,0.34784149254573915,0.37563210132569835,0.408,0.352,0.468,0.0,0.0,0.0,0.0,0.0,0.0,-0.28426160287593516,-0.29740990930557737,-0.27179100071275325,-6.282675234441758,-8.445125969484808,-4.965965316307214,-3.745987755898917,-4.2482878959280805,-3.319223587673881,0.796,0.744,0.844,0.2951593830465361,0.27257498033848415,0.3165300699363065,-0.6874511487677113,-0.9092721460674085,-0.5017002858815917,0.10486605572700501,0.0770467120051384,0.13093863890767096,0.108,0.056,0.152,-0.033996120443068,-0.04152000162154113,-0.02608613481671273,False
transport_anchor_only,False,0.0,0.0,0.1,250,0.0,0.0,0.0,0.6452613875954911,0.6123165632024506,0.6747243857223615,0.10621573160419596,0.09089308507321375,0.12133135235159707,0.7832066666666667,0.7734053333333333,0.7928878333333333,0.024469085074495526,0.020987094695074485,0.02767798589929007,0.049452416370250774,0.038648424370286684,0.06013799410687865,0.049452416370250774,0.03851750929470607,0.06054612293356955,0.09967104610381244,0.09056829554809362,0.10868070209949159,0.008,0.0,0.02,0.0,0.0,0.0,0.0,0.0,0.0,0.0,0.0,0.0,0.0,0.0,0.0,0.0,0.0,0.0,0.0,0.0,0.0,0.0,0.0,0.0,0.0,0.0,0.0,0.0,0.0,0.0,0.0,0.0,0.0,0.0,0.0,0.0,False
mediation_aware_recourse,False,0.0,0.5,0.1,250,0.0,0.0,0.0,0.6452613875954911,0.6123165632024506,0.6747243857223615,0.10621573160419596,0.09089308507321375,0.12133135235159707,0.7832066666666667,0.7734053333333333,0.7928878333333333,0.024469085074495526,0.020987094695074485,0.02767798589929007,0.049452416370250774,0.038648424370286684,0.06013799410687865,0.049452416370250774,0.03851750929470607,0.06054612293356955,0.09967104610381244,0.09056829554809362,0.10868070209949159,0.008,0.0,0.02,0.0,0.0,0.0,0.0,0.0,0.0,0.0,0.0,0.0,0.0,0.0,0.0,0.0,0.0,0.0,0.0,0.0,0.0,0.0,0.0,0.0,0.0,0.0,0.0,0.0,0.0,0.0,0.0,0.0,0.0,0.0,0.0,0.0,False
mediation_aware_recourse,False,0.0,1.0,0.1,250,0.0,0.0,0.0,0.6452613875954911,0.6123165632024506,0.6747243857223615,0.10621573160419596,0.09089308507321375,0.12133135235159707,0.7832066666666667,0.7734053333333333,0.7928878333333333,0.024469085074495526,0.020987094695074485,0.02767798589929007,0.049452416370250774,0.038648424370286684,0.06013799410687865,0.049452416370250774,0.03851750929470607,0.06054612293356955,0.09967104610381244,0.09056829554809362,0.10868070209949159,0.008,0.0,0.02,0.0,0.0,0.0,0.0,0.0,0.0,0.0,0.0,0.0,0.0,0.0,0.0,0.0,0.0,0.0,0.0,0.0,0.0,0.0,0.0,0.0,0.0,0.0,0.0,0.0,0.0,0.0,0.0,0.0,0.0,0.0,0.0,0.0,False
mediation_aware_recourse,False,0.0,2.0,0.1,250,0.044119623422622684,0.02884744608402252,0.06278561794757843,0.7020660146794031,0.6739354302176563,0.7289661486492278,0.0779078751091121,0.06725735188144055,0.08934505518702206,0.7920645833333333,0.7825473072916667,0.8017195468750001,0.024469085074495526,0.020987094695074485,0.02767798589929007,0.049452416370250774,0.038648424370286684,0.06013799410687865,0.06993634138954351,0.058854004482854896,0.08164511692140035,0.10297827777960211,0.09374232293455474,0.11258868961563882,0.008,0.0,0.02,0.0,0.0,0.0,0.0,0.0,0.0,-0.010814502872801345,-0.01664922755935299,-0.005576805737036318,-0.41421484576060696,-0.6708785278943564,-0.23239885989385844,-0.14251307576467998,-0.21763298878353193,-0.07237667603432696,0.052,0.024,0.084,0.008532277325468048,0.004041233842377537,0.013835057479928832,-0.41421484576060696,-0.6718997275325003,-0.24851315480213357,0.044119623422622684,0.02884744608402252,0.06278561794757843,0.0,0.0,0.0,-0.010814502872801345,-0.016232270020378404,-0.005351944191004285,False
mediation_aware_recourse,False,0.0,4.502993139022535,0.1,250,0.13405577886104583,0.1102990585565567,0.15781249916553497,0.7869521054983012,0.7721230846574169,0.800027170089372,0.0441828593832122,0.03878526028801044,0.049605275647328036,0.805115625,0.7954741041666668,0.814736546875,0.024469085074495526,0.020987094695074485,0.02767798589929007,0.049452416370250774,0.038648424370286684,0.06013799410687865,0.10025140722371148,0.08856859609007464,0.11210568775393706,0.11170933308427343,0.10075726972047437,0.12169461384078345,0.004,0.0,0.016,0.0,0.0,0.0,0.0,0.0,0.0,-0.029357832227508252,-0.03696868343856521,-0.022149937801100222,-1.0272297004281472,-1.5339510281361408,-0.6934559105723869,-0.3868763102415145,-0.5012437295539282,-0.28585533058759593,0.108,0.072,0.152,0.0179848361464295,0.01152119445578021,0.024796163073484142,-1.0272297004281472,-1.5175645994245754,-0.7083051939971324,0.13405577886104583,0.1102990585565567,0.15781249916553497,-0.004,-0.012,0.0,-0.029357832227508252,-0.03675632522210597,-0.021809036059550025,True
mediation_aware_recourse,False,0.0,5.0,0.1,250,0.14593413901329041,0.12217741870880126,0.17138776791095733,0.7933882266050505,0.7789245679033093,0.8065134802755819,0.04166676807998124,0.036245660408312,0.047014665688697235,0.8046039583333333,0.7951806354166666,0.8138921093749999,0.024469085074495526,0.020987094695074485,0.02767798589929007,0.049452416370250774,0.038648424370286684,0.06013799410687865,0.10221127815036019,0.09028321455728525,0.11413278486933735,0.1129511775479877,0.10202761774893704,0.12324929369456408,0.004,0.0,0.016,0.0,0.0,0.0,0.0,0.0,0.0,-0.031206153059954347,-0.03887724114418854,-0.02389538171425063,-1.0668611496171034,-1.5903354384074821,-0.7274766137279122,-0.41123340644186857,-0.5279521832470732,-0.30697387643941576,0.112,0.072,0.156,0.0182331288729673,0.011769689457145684,0.02504637165796799,-1.0668611496171034,-1.560212478422151,-0.7512487233208331,0.14593413901329041,0.12217741870880126,0.17138776791095733,-0.004,-0.012,0.0,-0.031206153059954347,-0.03862394075554391,-0.023441752349130426,False
transport_anchor_only,False,1.0,0.0,0.1,250,0.11178203403949738,0.08337522399425507,0.14188575267791748,0.5155919977100375,0.47686993053419063,0.5551787689952469,0.13944293115471926,0.12382256826287648,0.15469761552086422,0.7892100000000001,0.7796612239583333,0.7984467656249999,0.024469085074495526,0.020987094695074485,0.02767798589929007,0.049452416370250774,0.038648424370286684,0.06013799410687865,-0.03203442901516201,-0.05067114549938624,-0.015225918670128954,0.12272124324562156,0.10994518303919149,0.13567408633081865,0.008,0.0,0.02,0.0,0.0,0.0,0.0,0.0,0.0,-0.022907630473446766,-0.030061766500968996,-0.015714300698871767,0.3522171136124089,-0.02964773175654902,0.693302134476662,-0.30187581580492484,-0.38395149295405323,-0.21673745439734335,0.18,0.132,0.228,0.05219723792942977,0.03723711109911682,0.06728374999403504,0.056237575323916156,0.0,0.16289345696387722,-0.00516487455368042,-0.01291218638420105,0.0,0.0,0.0,0.0,0.001629273530285051,0.0,0.004203436052619978,False
mediation_aware_recourse,False,1.0,0.5,0.1,250,0.06109296596050263,0.037828892251849176,0.08514813508093357,0.5708706551760628,0.5308228783192335,0.6077415735717409,0.1242592831364122,0.10906335857979058,0.14023469496019403,0.7836477083333334,0.773873578125,0.7930461614583332,0.024469085074495526,0.020987094695074485,0.02767798589929007,0.049452416370250774,0.038648424370286684,0.06013799410687865,-7.654669268759573e-05,-0.016166485609210232,0.016691171311603435,0.11357205891281026,0.10196058275082265,0.12558293284590025,0.008,0.0,0.02,0.0,0.0,0.0,0.0,0.0,0.0,-0.014002906573977889,-0.020106988990834355,-0.009061512610219492,0.9984521142078379,0.5949746827692725,0.9936374813036666,-0.18452972910312937,-0.25036094446701335,-0.12234458005987611,0.096,0.06,0.136,0.03176593481845814,0.02092705813755711,0.04487442727088167,0.7024725759193451,0.053182490717041044,0.94421941591368,-0.05585394263267517,-0.08072049166262149,-0.036079973101615904,0.0,0.0,0.0,0.010533997429753925,0.005397179502105318,0.016658852887145612,False
mediation_aware_recourse,False,1.0,1.0,0.1,250,0.0077473118305206295,0.0,0.015559184592962206,0.635147578215694,0.5994780089259938,0.6670506849883173,0.10836515526350597,0.09319337829226931,0.12363122921764816,0.7834685416666666,0.773724671875,0.793146,0.024469085074495526,0.020987094695074485,0.02767798589929007,0.049452416370250774,0.038648424370286684,0.06013799410687865,0.04264637198427245,0.030170916923538113,0.05406328829864634,0.10168300854437426,0.09234907013369013,0.1109115916244284,0.008,0.0,0.02,0.0,0.0,0.0,0.0,0.0,0.0,-0.002011402545271619,-0.0047076639805258575,0.0,0.13762814611568008,0.0,0.29870969332493086,-0.026506180330165385,-0.06096812591073734,0.0,0.012,0.0,0.028,0.004408723465624976,0.0,0.01002228951633445,-0.1583513921728127,-0.5758841311543976,0.34254586009753185,-0.10919959676265717,-0.13760640680789948,-0.08256384408473968,0.0,0.0,0.0,0.022525501458460197,0.015759995233475817,0.029922008743985557,False
mediation_aware_recourse,False,1.0,2.0,0.1,250,0.0,0.0,0.0,0.6452613875954911,0.6123165632024506,0.6747243857223615,0.10621573160419596,0.09089308507321375,0.12133135235159707,0.7832066666666667,0.7734053333333333,0.7928878333333333,0.024469085074495526,0.020987094695074485,0.02767798589929007,0.049452416370250774,0.038648424370286684,0.06013799410687865,0.049452416370250774,0.03851750929470607,0.06054612293356955,0.09967104610381244,0.09056829554809362,0.10868070209949159,0.008,0.0,0.02,0.0,0.0,0.0,0.0,0.0,0.0,0.0,0.0,0.0,0.0,0.0,0.0,0.0,0.0,0.0,0.0,0.0,0.0,0.0,0.0,0.0,-0.29597953828849277,-0.64192869278074,0.10952606880727882,-0.1169469085931778,-0.14786386086046696,-0.08854009854793549,0.0,0.0,0.0,0.024536904003731812,0.01732301698241952,0.03210965835270903,False
mediation_aware_recourse,False,1.0,4.502993139022535,0.1,250,0.0753409069776535,0.05665798923075199,0.09672378981113434,0.7110967257501172,0.6834949746334475,0.7361960500030923,0.06734945972256222,0.05839705984209661,0.0768110899870487,0.7967127083333334,0.7874040468749999,0.806229515625,0.024469085074495526,0.020987094695074485,0.02767798589929007,0.049452416370250774,0.038648424370286684,0.06013799410687865,0.06741159346202037,0.055483751327434265,0.08059408591133119,0.10525149345001811,0.095226104599848,0.11497741629609555,0.012,0.0,0.028,0.0,0.0,0.0,0.0,0.0,0.0,-0.016482193251235847,-0.022732809752696544,-0.010366832018146123,-0.36316075957358773,-0.5995997820512087,-0.18315331652608532,-0.21720166735440638,-0.3044767305694959,-0.1336085827118895,0.052,0.024,0.08,0.007659888785884853,0.003738920864277642,0.012276714319842126,-0.6591402978620805,-1.1079704419911196,-0.2272685606234879,-0.041606001615524295,-0.08344012902081013,-0.002421737709641463,0.004,0.0,0.012,0.008054710752495964,-0.0026483033838307387,0.01869062662149926,True
mediation_aware_recourse,False,1.0,5.0,0.1,250,0.09230999290943145,0.07193016656935215,0.11538978433609008,0.7279991060603781,0.7014703219887033,0.7522814256743374,0.06012267595828422,0.052047288447000656,0.06838966277667043,0.7989122916666667,0.7895186666666667,0.8084838177083332,0.024469085074495526,0.020987094695074485,0.02767798589929007,0.049452416370250774,0.038648424370286684,0.06013799410687865,0.07226649468397355,0.059425398272017316,0.08603014820022449,0.10823957347529192,0.09770012846993721,0.11824732868403344,0.012,0.0,0.028,0.0,0.0,0.0,0.0,0.0,0.0,-0.021208055407925742,-0.028262950742126647,-0.014031274397801802,-0.46133394459258614,-0.7134851976789162,-0.26401304550438925,-0.2794788852266803,-0.3804917241527324,-0.1888721515934202,0.056,0.028,0.084,0.008771289961063963,0.0045182320192033165,0.013518904892760966,-0.7573134828810789,-1.221017130892956,-0.31027243458932363,-0.02463691568374634,-0.06657526927590371,0.01764298118948935,0.004,0.0,0.012,0.0033288485958060765,-0.00845468214364782,0.014940762407246205,False
transport_anchor_only,False,3.0,0.0,0.1,250,0.6399922276735306,0.5804151570498943,0.7090529198437929,0.2101194255087915,0.17547477899905284,0.2468662866354742,0.18360907423923492,0.17164929391096068,0.19570892501106468,0.8540077083333333,0.8444237395833334,0.8624867395833333,0.024469085074495526,0.020987094695074485,0.02767798589929007,0.049452416370250774,0.038648424370286684,0.06013799410687865,-0.2336309110218063,-0.2486306267707491,-0.21664602462511895,0.2431218594660541,0.22809458771900665,0.256902051672457,0.02,0.004,0.04,0.0,0.0,0.0,0.0,0.0,0.0,-0.15854627130843568,-0.1724935214583894,-0.14398277652511202,-3.7243578407293416,-4.963521524259094,-2.945302842874172,-2.089316267325905,-2.395536109278111,-1.8117865275807532,0.692,0.636,0.748,0.20771328721914342,0.18946197674455723,0.2259158387500648,-0.0015508501031913369,-0.00499981317573166,0.0,0.0,0.0,0.0,0.0,0.0,0.0,-7.669328503086814e-05,-0.00023007985509260442,0.0,False
mediation_aware_recourse,False,3.0,0.5,0.1,250,0.640200827240944,0.580714273262024,0.7070363316476345,0.210092293923548,0.17517557826722688,0.24665434385806498,0.18221313973166162,0.17009946894298966,0.19439376016100093,0.8544966666666667,0.8450865312499999,0.8632132864583333,0.024469085074495526,0.020987094695074485,0.02767798589929007,0.049452416370250774,0.038648424370286684,0.06013799410687865,-0.23481253262294866,-0.24973137198236448,-0.2183318920496151,0.24376754940416775,0.22867708877916282,0.25787571796043585,0.016,0.004,0.032,0.0,0.0,0.0,0.0,0.0,0.0,-0.15972789290957803,-0.17376340929909234,-0.14513092246478687,-3.748251953249457,-4.993699795066843,-2.972715731522048,-2.104887628372219,-2.420841255944921,-1.8266756433554927,0.692,0.636,0.748,0.20740420771601392,0.18914576516839005,0.22573138382913044,-0.025444962623306644,-0.09536130891394476,0.020222130286187957,0.00020859956741333007,-0.00712151312828064,0.0077473118305206295,-0.004,-0.012,0.0,-0.001258314886173226,-0.00468657679785753,0.0009114053958814387,False
mediation_aware_recourse,False,3.0,1.0,0.1,250,0.6346417721509934,0.5768443556398154,0.6996997920036316,0.2124161802909731,0.1765385219854028,0.24972357299291176,0.18041552270076114,0.16866029654138592,0.1923469956866649,0.8538924999999999,0.8447565729166666,0.8625340729166666,0.024469085074495526,0.020987094695074485,0.02767798589929007,0.049452416370250774,0.038648424370286684,0.06013799410687865,-0.2357976136191598,-0.2514625146709086,-0.2198343542194245,0.2436043720699452,0.22884798067186582,0.25727860977601763,0.016,0.004,0.032,0.0,0.0,0.0,0.0,0.0,0.0,-0.16071297390578917,-0.17519744073919974,-0.1462877245459074,-3.768171728025189,-5.046516078564094,-2.97987908350773,-2.1178689853794332,-2.43336642907038,-1.8326896619282824,0.692,0.636,0.748,0.20658045559600455,0.18829174779453775,0.22515427080650713,-0.0453647373990389,-0.16787443982234457,0.051796066046360084,-0.005350455522537232,-0.025106621325016024,0.011423877477645873,-0.004,-0.012,0.0,-0.002243395882384333,-0.007944766571597957,0.002653087153015095,False
mediation_aware_recourse,False,3.0,2.0,0.1,250,0.6011672548055649,0.5440618720501661,0.6646744732558727,0.22679099301497407,0.18819235117739702,0.26807540441340605,0.1748241194887241,0.16268842916013596,0.18738712143441333,0.8502877083333334,0.8413556197916667,0.8590838124999999,0.024469085074495526,0.020987094695074485,0.02767798589929007,0.049452416370250774,0.038648424370286684,0.06013799410687865,-0.2318530155657615,-0.2479347095902317,-0.21584446455330075,0.2395224959293498,0.22308453317073618,0.25448903892077573,0.024,0.008,0.044,0.0,0.0,0.0,0.0,0.0,0.0,-0.15724727604857333,-0.17194532673790225,-0.1436882796504643,-3.688406201021108,-4.9381635351064235,-2.9119263161589934,-2.072198161014027,-2.3647788043911713,-1.7952575996534512,0.664,0.604,0.72,0.200881553729365,0.18222719440641133,0.21965011192645228,0.03440078960504245,-0.1364556253454592,0.1956662470695067,-0.0388249728679657,-0.07828617430925369,-0.0016193990200758011,0.004,-0.008,0.02,0.0012223019748314947,-0.006939019711677046,0.008932834903474296,False
mediation_aware_recourse,False,3.0,4.502993139022535,0.1,250,0.523100110411644,0.4746176778227091,0.5768725677013398,0.2681655848012264,0.2265666865737608,0.30903571078144493,0.16117840893562316,0.1490112738429506,0.1736301417329204,0.8459779166666667,0.8368994010416666,0.8548163229166666,0.024469085074495526,0.020987094695074485,0.02767798589929007,0.049452416370250774,0.038648424370286684,0.06013799410687865,-0.21941362586033125,-0.23643149210406225,-0.20123748365430916,0.2264762346488204,0.20982676960117083,0.244603888094192,0.036,0.016,0.06,0.0,0.0,0.0,0.0,0.0,0.0,-0.1459778085269841,-0.1604109122813904,-0.13273415282476056,-3.4368635946437696,-4.688598503500154,-2.698302560221374,-1.9236895797484865,-2.194311173267189,-1.6982730718165415,0.628,0.568,0.688,0.18655147667964586,0.16703396361802522,0.20498490389016655,0.2859433959823807,-0.0021050185828699955,0.6142756590388398,-0.1168921172618866,-0.1814651549130678,-0.05729099947214127,0.016,-0.008,0.04,0.012491769496420708,-0.0014921916973642,0.026751163277268928,True
mediation_aware_recourse,False,3.0,5.0,0.1,250,0.5014947813749313,0.45434559702873234,0.5517503541409969,0.2842482843624405,0.2420561101166045,0.3245392648002833,0.155666225936079,0.14282581760803537,0.16824642493615233,0.8417864583333332,0.8326583020833332,0.85065225,0.024469085074495526,0.020987094695074485,0.02767798589929007,0.049452416370250774,0.038648424370286684,0.06013799410687865,-0.2163656478638431,-0.23500200365301308,-0.1965935034139135,0.2245453639481833,0.2067301407973419,0.24304003020184548,0.056,0.028,0.084,0.0,0.0,0.0,0.0,0.0,0.0,-0.14364708205965035,-0.15798385592544092,-0.12982685156753515,-3.3752290331762795,-4.569049937420055,-2.626815719878736,-1.892975361856764,-2.1412984676498543,-1.6571329558084087,0.608,0.548,0.672,0.18378516668560269,0.16393987521349385,0.2036607316491523,0.34757795744987074,0.015647959734308905,0.7321571122596329,-0.13849744629859925,-0.2141851777344942,-0.07280439924895764,0.036,0.008,0.068,0.014822495963754479,-0.0009058166957481915,0.0317256309687978,False
transport_anchor_only,False,10.0,0.0,0.1,250,1.0978803590536117,1.036118015614152,1.1563040280878543,0.10277716390401864,0.08176566505440383,0.12575467299706225,0.19183939413416803,0.1834654501657041,0.2002569893805978,0.8994154166666667,0.8928957604166666,0.9059583125,0.024469085074495526,0.020987094695074485,0.02767798589929007,0.049452416370250774,0.038648424370286684,0.06013799410687865,-0.3123023838343634,-0.32297764713522614,-0.30070632310665074,0.3148986994345856,0.30454723796854455,0.32577321356669003,0.152,0.112,0.2,0.0,0.0,0.0,0.0,0.0,0.0,-0.23641809872737116,-0.24857179866562765,-0.2243137545316928,-5.315209786639182,-7.1937165868415045,-4.187430874131688,-3.1155080184788746,-3.5702012108701857,-2.729340991958189,0.796,0.744,0.844,0.25871868894811917,0.23970195220508292,0.2769940365615013,-0.006276334426782881,-0.047096256732092744,0.02314063689615221,-0.0008855286836624146,-0.002656586050987244,0.0,0.0,0.0,0.0,-0.0003103799033521528,-0.0022331735440279665,0.0011207348214686912,False
mediation_aware_recourse,False,10.0,0.5,0.1,250,1.106304599761963,1.044144293630123,1.1615709991484882,0.10196211763617104,0.08075239548573204,0.1251662167349242,0.187283708368292,0.17909844756261964,0.1952534994354416,0.90182375,0.8958230729166666,0.9080052447916668,0.024469085074495526,0.020987094695074485,0.02767798589929007,0.049452416370250774,0.038648424370286684,0.06013799410687865,-0.31784162580174685,-0.3289951581276779,-0.3063038294457406,0.31961824934537236,0.3087884999757361,0.330573672996117,0.156,0.116,0.204,0.0,0.0,0.0,0.0,0.0,0.0,-0.24195734069475464,-0.2541403496496096,-0.22979139504574775,-5.427221339844411,-7.384062756202877,-4.249756152876293,-3.1885039221705735,-3.6632476467515573,-2.7871726500195098,0.796,0.744,0.844,0.2604491121914456,0.24105857832763852,0.2790589808472646,-0.11828788763201192,-0.20966956839270218,-0.060230254398342044,0.007538712024688721,0.0,0.017659861326217653,0.004,0.0,0.012,-0.005849621870735637,-0.00908687287429072,-0.0030382108079456452,False
mediation_aware_recourse,False,10.0,1.0,0.1,250,1.1069815286397935,1.04500842500031,1.1625165395170451,0.10194689148702936,0.08070756069622567,0.12514234726264054,0.1864842901687159,0.1784591575980484,0.19470651489739785,0.90188125,0.8958207135416666,0.9080753854166665,0.024469085074495526,0.020987094695074485,0.02767798589929007,0.049452416370250774,0.038648424370286684,0.06013799410687865,-0.31951625360357305,-0.33060216000316156,-0.3078560995719357,0.321227317507667,0.3105668855618923,0.3322097701356126,0.156,0.116,0.204,0.0,0.0,0.0,0.0,0.0,0.0,-0.24363196849658084,-0.25623439368475576,-0.23098390212735945,-5.46108475693789,-7.428659181114839,-4.2670401539241025,-3.2105720987299904,-3.685066665720945,-2.812725208401119,0.796,0.744,0.844,0.26126672803243756,0.24156747113959007,0.2800492783565995,-0.152151304725491,-0.2614310635420826,-0.07606732024765335,0.008215640902519226,0.0006769288778305054,0.01786846113204956,0.004,-0.008,0.02,-0.007524249672561849,-0.011188916216036012,-0.004051301622660763,False
mediation_aware_recourse,False,10.0,2.0,0.1,250,1.1217762045860291,1.0611307145535946,1.1771305410742758,0.10094068723907357,0.08004825424190837,0.12408135021611576,0.1831480863622881,0.17541201076441135,0.1910348875442445,0.9032975000000001,0.8972283541666666,0.9092831458333334,0.024469085074495526,0.020987094695074485,0.02767798589929007,0.049452416370250774,0.038648424370286684,0.06013799410687865,-0.3252743654734583,-0.3374271687509579,-0.3138922392179973,0.32654500691177024,0.31480345539978233,0.33840543011115953,0.168,0.124,0.212,0.0,0.0,0.0,0.0,0.0,0.0,-0.24939008036646607,-0.26224684428514544,-0.23618812900659714,-5.5775221788582705,-7.577405939261126,-4.3638701524409385,-3.2864522610292948,-3.7722194522193497,-2.879821017872549,0.796,0.744,0.844,0.2652956802141914,0.24530995950446824,0.2839852714924021,-0.26858872664587174,-0.4274330199464531,-0.15614833974587722,0.023010316848754882,0.010927314212918282,0.036808964464068415,0.016,-0.008,0.04,-0.013282361542447076,-0.018390846617105217,-0.0082287839475894,False
mediation_aware_recourse,False,10.0,4.502993139022535,0.1,250,1.1697304583787917,1.1109960152715443,1.2261679216474295,0.09894336463870798,0.0777035688640992,0.12192128778139712,0.17518266767315988,0.16738062116161845,0.18240911199465767,0.9065452083333334,0.9007295989583334,0.9123568958333332,0.024469085074495526,0.020987094695074485,0.02767798589929007,0.049452416370250774,0.038648424370286684,0.06013799410687865,-0.33348504012392927,-0.34658273520762417,-0.32108270495703334,0.33478089780945003,0.3228469303819647,0.34751290718358446,0.212,0.164,0.26,0.0,0.0,0.0,0.0,0.0,0.0,-0.25760075501693713,-0.26986706496747687,-0.24539597621786474,-5.743553997991183,-7.7929763876659495,-4.511248946435574,-3.394652195164464,-3.8974001479777614,-2.9839415652931387,0.796,0.744,0.844,0.27123620553591565,0.2517659747249802,0.2905315098186571,-0.4346205457787846,-0.6643075628265093,-0.2771129281309601,0.07096457064151764,0.04993205724656582,0.0951023413836956,0.06,0.024,0.1,-0.021493036192918105,-0.028849633256689794,-0.014780056761711477,True
mediation_aware_recourse,False,10.0,5.0,0.1,250,1.1880442308187484,1.1280532265126704,1.2449965338259936,0.0984884625115532,0.07731364822046337,0.12148246197283857,0.17227181381532422,0.164882937122825,0.17946423832257613,0.907430625,0.901665578125,0.9133086874999999,0.024469085074495526,0.020987094695074485,0.02767798589929007,0.049452416370250774,0.038648424370286684,0.06013799410687865,-0.33723977561917795,-0.35050348651362556,-0.3246813213854938,0.33853688028781165,0.32567970421257836,0.3517374142683465,0.236,0.1879,0.288,0.0,0.0,0.0,0.0,0.0,0.0,-0.2613554905121858,-0.27374108983601386,-0.24869101346775177,-5.8194802270987145,-7.873229638915175,-4.563380531456414,-3.4441319456813826,-3.9366545590125543,-3.031047400171762,0.796,0.744,0.844,0.27499094103116434,0.2551843550782921,0.2941015802369385,-0.5105467748863157,-0.7464104884131164,-0.3341478861972692,0.08927834308147431,0.06463877283036709,0.11579784579873086,0.084,0.044,0.124,-0.0252477716881668,-0.03328962505692003,-0.01771703281210684,False
transport_anchor_only,False,30.0,0.0,0.1,250,1.2012206441164017,1.141317548817396,1.2606470620870591,0.09622755159758516,0.07495576535192108,0.11944240940116559,0.18843591148993585,0.18045061173345245,0.19595517444146276,0.9003116666666666,0.8941945833333333,0.906359125,0.024469085074495526,0.020987094695074485,0.02767798589929007,0.049452416370250774,0.038648424370286684,0.06013799410687865,-0.3305707622950507,-0.3418308931790731,-0.31833583804978904,0.3322747056288803,0.320846757706607,0.34415172843288655,0.3,0.248,0.356,0.0,0.0,0.0,0.0,0.0,0.0,-0.2546864771880586,-0.2666410029736733,-0.24266558468605468,-5.684623048954046,-7.624264785510273,-4.507167016901069,-3.3562479613396397,-3.840080415275388,-2.947837791702422,0.796,0.744,0.844,0.27254593963097523,0.2525307741611762,0.2915412473179618,-0.08939896327999985,-0.16598393000235154,-0.0278191528446661,0.0,0.0,0.0,0.0,0.0,0.0,-0.004420994755191331,-0.007421398754512466,-0.0013538290524358872,False
mediation_aware_recourse,False,30.0,0.5,0.1,250,1.1988468061685562,1.1380857065171004,1.2572295673578977,0.09631172334083542,0.07504119462624673,0.1195300725965247,0.18149216664663603,0.17386027361218953,0.1894623411143462,0.9042039583333332,0.8984236614583333,0.9099928437499999,0.024469085074495526,0.020987094695074485,0.02767798589929007,0.049452416370250774,0.038648424370286684,0.06013799410687865,-0.3366819232951741,-0.34867483845162206,-0.32347583623584697,0.3381895452718772,0.3265733298107514,0.35091043246156167,0.296,0.2439,0.352,0.0,0.0,0.0,0.0,0.0,0.0,-0.2607976381881819,-0.27328182848512067,-0.24836785539727607,-5.808199639314546,-7.826547782112867,-4.593981946579367,-3.4367805906120514,-3.93637242600933,-3.0257769021193406,0.796,0.744,0.844,0.2769224724808322,0.2561925545514627,0.2975012212617776,-0.2129755536404998,-0.32123411291295356,-0.12923833640920784,-0.002373837947845459,-0.01018085656762123,0.003393816947937012,-0.004,-0.02,0.008,-0.010532155755314675,-0.014226901896458843,-0.006834347043710022,False
mediation_aware_recourse,False,30.0,1.0,0.1,250,1.199523735165596,1.1372939751714468,1.2565556315779687,0.09629806686886684,0.07508410143246487,0.11945798506190725,0.18102973976949696,0.17345777944434648,0.188956770317614,0.904356875,0.8985367135416668,0.9101507552083334,0.024469085074495526,0.020987094695074485,0.02767798589929007,0.049452416370250774,0.038648424370286684,0.06013799410687865,-0.33735610954633116,-0.34935673859401445,-0.3241331904137191,0.3388636247192881,0.32717274037961014,0.35176214809614326,0.3,0.248,0.356,0.0,0.0,0.0,0.0,0.0,0.0,-0.26147182443933886,-0.27398342448595164,-0.24919478941315296,-5.821832668813236,-7.834204831103299,-4.593773481890872,-3.4456649894069598,-3.950013454354731,-3.033887656593995,0.796,0.744,0.844,0.2769052050458072,0.25619125949383587,0.297500789575902,-0.22660858313918908,-0.33989393649841165,-0.13410907756889223,-0.001696908950805664,-0.011200836515426634,0.007121512418985367,0.0,-0.016,0.016,-0.01120634200647168,-0.014908665807250534,-0.007254828880865046,False
mediation_aware_recourse,False,30.0,2.0,0.1,250,1.222107681632042,1.1647667704880238,1.2782368977755307,0.0957879240431352,0.07448193730414543,0.11879206176351323,0.17645442276833653,0.1692797464683713,0.18390618432231534,0.9061872916666667,0.9004430729166667,0.9119781614583333,0.024469085074495526,0.020987094695074485,0.02767798589929007,0.049452416370250774,0.038648424370286684,0.06013799410687865,-0.34469835331749404,-0.3574433866316001,-0.33085424758043974,0.3460023782526057,0.332971993840824,0.3590716662557056,0.324,0.268,0.38,0.0,0.0,0.0,0.0,0.0,0.0,-0.2688140682105018,-0.2819934144368725,-0.2556024635591425,-5.970303548702934,-8.048905162693138,-4.709499613711898,-3.5424207769960603,-4.039769005718073,-3.1112396574627668,0.796,0.744,0.844,0.2838188955257258,0.26209883188041766,0.30432012112827483,-0.3750794630288876,-0.527785401210884,-0.26414215999552504,0.02088703751564026,0.007184865158796311,0.0359377155482769,0.024,-0.004,0.056,-0.0185485857776346,-0.023705033170841276,-0.013398276530727369,False
mediation_aware_recourse,False,30.0,4.502993139022535,0.1,250,1.2864098976850509,1.232551455771923,1.3337351948052645,0.09495161048637626,0.07354187296600828,0.11838967151927798,0.1643173648335354,0.1579705982792082,0.17125468685161704,0.9093920833333334,0.9041729270833333,0.9150101093749999,0.024469085074495526,0.020987094695074485,0.02767798589929007,0.049452416370250774,0.038648424370286684,0.06013799410687865,-0.35909761695046505,-0.37352913131427273,-0.3446313905518612,0.36017673408340306,0.34629729286102207,0.3736420921954867,0.384,0.324,0.444,0.0,0.0,0.0,0.0,0.0,0.0,-0.2832133318434729,-0.2964166189492911,-0.27020110716043866,-6.261477664951644,-8.427211784536942,-4.952429131921656,-3.732173683183013,-4.231963994031149,-3.302671808389375,0.796,0.744,0.844,0.2944384387227418,0.2719458995834256,0.3156772186803764,-0.6662535792775977,-0.8916009971369699,-0.4935512081893726,0.08518925356864929,0.06068285493254662,0.10919815572500229,0.084,0.036,0.128,-0.03294784941060568,-0.03991303232233926,-0.02534362932439061,True
mediation_aware_recourse,False,30.0,5.0,0.1,250,1.3060866998434066,1.2535448328256606,1.3543887450546026,0.09474699750277935,0.07332130484645182,0.11811178638374119,0.16145758389778264,0.15506765787907809,0.1679265095709939,0.9093202083333333,0.903899078125,0.9149099739583334,0.024469085074495526,0.020987094695074485,0.02767798589929007,0.049452416370250774,0.038648424370286684,0.06013799410687865,-0.36014588798292746,-0.37488090547323677,-0.34531699355904594,0.36147320713244724,0.34784149254573915,0.37563210132569835,0.408,0.352,0.468,0.0,0.0,0.0,0.0,0.0,0.0,-0.28426160287593516,-0.29740990930557737,-0.27179100071275325,-6.282675234441758,-8.445125969484808,-4.965965316307214,-3.745987755898917,-4.2482878959280805,-3.319223587673881,0.796,0.744,0.844,0.2951593830465361,0.27257498033848415,0.3165300699363065,-0.6874511487677113,-0.9092721460674085,-0.5017002858815917,0.10486605572700501,0.0770467120051384,0.13093863890767096,0.108,0.056,0.152,-0.033996120443068,-0.04152000162154113,-0.02608613481671273,False
transport_anchor_only,False,0.0,0.0,0.5,250,0.0,0.0,0.0,0.6452613875954911,0.6123165632024506,0.6747243857223615,0.10621573160419596,0.09089308507321375,0.12133135235159707,0.7832066666666667,0.7734053333333333,0.7928878333333333,0.024469085074495526,0.020987094695074485,0.02767798589929007,0.049452416370250774,0.038648424370286684,0.06013799410687865,0.049452416370250774,0.03851750929470607,0.06054612293356955,0.09967104610381244,0.09056829554809362,0.10868070209949159,0.008,0.0,0.02,0.0,0.0,0.0,0.0,0.0,0.0,0.0,0.0,0.0,0.0,0.0,0.0,0.0,0.0,0.0,0.0,0.0,0.0,0.0,0.0,0.0,0.0,0.0,0.0,0.0,0.0,0.0,0.0,0.0,0.0,0.0,0.0,0.0,False
mediation_aware_recourse,False,0.0,0.5,0.5,250,0.0,0.0,0.0,0.6452613875954911,0.6123165632024506,0.6747243857223615,0.10621573160419596,0.09089308507321375,0.12133135235159707,0.7832066666666667,0.7734053333333333,0.7928878333333333,0.024469085074495526,0.020987094695074485,0.02767798589929007,0.049452416370250774,0.038648424370286684,0.06013799410687865,0.049452416370250774,0.03851750929470607,0.06054612293356955,0.09967104610381244,0.09056829554809362,0.10868070209949159,0.008,0.0,0.02,0.0,0.0,0.0,0.0,0.0,0.0,0.0,0.0,0.0,0.0,0.0,0.0,0.0,0.0,0.0,0.0,0.0,0.0,0.0,0.0,0.0,0.0,0.0,0.0,0.0,0.0,0.0,0.0,0.0,0.0,0.0,0.0,0.0,False
mediation_aware_recourse,False,0.0,1.0,0.5,250,0.0,0.0,0.0,0.6452613875954911,0.6123165632024506,0.6747243857223615,0.10621573160419596,0.09089308507321375,0.12133135235159707,0.7832066666666667,0.7734053333333333,0.7928878333333333,0.024469085074495526,0.020987094695074485,0.02767798589929007,0.049452416370250774,0.038648424370286684,0.06013799410687865,0.049452416370250774,0.03851750929470607,0.06054612293356955,0.09967104610381244,0.09056829554809362,0.10868070209949159,0.008,0.0,0.02,0.0,0.0,0.0,0.0,0.0,0.0,0.0,0.0,0.0,0.0,0.0,0.0,0.0,0.0,0.0,0.0,0.0,0.0,0.0,0.0,0.0,0.0,0.0,0.0,0.0,0.0,0.0,0.0,0.0,0.0,0.0,0.0,0.0,False
mediation_aware_recourse,False,0.0,2.0,0.5,250,0.0390288976430893,0.023756720304489137,0.054343497696518854,0.6963853532385824,0.6688355086602382,0.7228505025715568,0.08072446542512604,0.06972198070521636,0.09250107646605649,0.790258125,0.7808576666666667,0.8001614427083332,0.024469085074495526,0.020987094695074485,0.02767798589929007,0.049452416370250774,0.038648424370286684,0.06013799410687865,0.06790889066927693,0.05690135959224473,0.07995952470139824,0.1028320287317852,0.09358378253108406,0.11252210227878746,0.008,0.0,0.02,0.0,0.0,0.0,0.0,0.0,0.0,-0.01026788743965814,-0.015998750112344702,-0.005183319818208873,-0.3732168345595559,-0.6067077531544128,-0.2111163201974664,-0.1353097999827113,-0.21118951560315483,-0.0678156195294104,0.048,0.024,0.0760999999999999,0.008015092155615423,0.00364274739808126,0.013035720840043482,-0.3732168345595559,-0.6111122761788692,-0.21303830166153773,0.0390288976430893,0.023756720304489137,0.054343497696518854,0.0,0.0,0.0,-0.01026788743965814,-0.015603722667218977,-0.0048378279371862135,False
mediation_aware_recourse,False,0.0,4.502993139022535,0.5,250,0.13914650464057923,0.11538978433609008,0.16460013353824615,0.788917057257633,0.7746518264034116,0.802742290181191,0.0431131678897947,0.03775560981020855,0.04851926291980085,0.8044462499999999,0.79503278125,0.8137338229166666,0.024469085074495526,0.020987094695074485,0.02767798589929007,0.049452416370250774,0.038648424370286684,0.06013799410687865,0.10069903735666862,0.08908841393843837,0.11265767881926614,0.11204981737723484,0.10089536509358393,0.12201201413613638,0.004,0.0,0.016,0.0,0.0,0.0,0.0,0.0,0.0,-0.029805462360465385,-0.03743667782509592,-0.022269176175682144,-1.0362814347176452,-1.5496500895675747,-0.7014275133997185,-0.39277516179326866,-0.5057418686929276,-0.2925561082717777,0.108,0.072,0.152,0.0179848361464295,0.01152119445578021,0.024796163073484142,-1.0362814347176452,-1.5230724221170002,-0.7196490120813986,0.13914650464057923,0.11538978433609008,0.16460013353824615,-0.004,-0.012,0.0,-0.029805462360465385,-0.037068245930045735,-0.022256597689468777,True
mediation_aware_recourse,False,0.0,5.0,0.5,250,0.14593413901329041,0.12217741870880126,0.17138776791095733,0.7928989894225694,0.7785497370594622,0.8060604137640879,0.041679645438720506,0.03625853776705126,0.0470275430474365,0.8044677083333334,0.7950464947916666,0.8137109427083333,0.024469085074495526,0.020987094695074485,0.02767798589929007,0.049452416370250774,0.038648424370286684,0.06013799410687865,0.10197309823848934,0.09004815910715737,0.11389140803986084,0.11276156775018109,0.1019664156943792,0.12287514924374074,0.004,0.0,0.016,0.0,0.0,0.0,0.0,0.0,0.0,-0.030967973148083486,-0.038641687715799435,-0.023582955023204833,-1.0620448043431416,-1.5855946182799756,-0.7274187541401389,-0.40809468132197013,-0.524334970272407,-0.3039918067391847,0.112,0.072,0.156,0.0182331288729673,0.011769689457145684,0.02504637165796799,-1.0620448043431416,-1.5572096098407355,-0.7505725852038646,0.14593413901329041,0.12217741870880126,0.17138776791095733,-0.004,-0.012,0.0,-0.030967973148083486,-0.03839832696676822,-0.02320357243725957,False
transport_anchor_only,False,1.0,0.0,0.5,250,0.0968763439655304,0.07022030678987502,0.12432533027231693,0.5337264302164708,0.4948895938706712,0.5732657009128387,0.13895836116773091,0.12343307279621002,0.15521720221869298,0.7788577083333333,0.7692434427083334,0.7877726354166665,0.024469085074495526,0.020987094695074485,0.02767798589929007,0.049452416370250774,0.038648424370286684,0.06013799410687865,-0.015495981765237907,-0.03283353206607332,-0.0002643242185578263,0.11299620033645498,0.10043062586747374,0.12506500141691423,0.012,0.0,0.028,0.0,0.0,0.0,0.0,0.0,0.0,-0.011379561894760897,-0.018704337693854007,-0.0035806526681893417,0.6866486432286882,0.31795135654162293,0.9716409734707298,-0.14995940040439737,-0.250715884466976,-0.05483571193316884,0.14,0.096,0.184,0.03816398001512479,0.025692794414593753,0.05073069295915405,0.39066910494019547,0.1417477286988921,0.6611678817544966,-0.0200705646276474,-0.03822362805902958,-0.0037645610570907592,0.004,0.0,0.012,0.013157342108970918,0.005929115410898616,0.021003607667947847,False
mediation_aware_recourse,False,1.0,0.5,0.5,250,0.04810663080215454,0.027426848089694977,0.06957936264574527,0.5860971782264699,0.5487004194977145,0.6211044401748036,0.12197680485235801,0.10653988413318888,0.13777937597742754,0.7798679166666667,0.770187328125,0.7891760416666667,0.024469085074495526,0.020987094695074485,0.02767798589929007,0.049452416370250774,0.038648424370286684,0.06013799410687865,0.013197949516776948,-0.0017162476374063909,0.02808774028737703,0.10908444807456942,0.09856309523949974,0.11981480253536868,0.008,0.0,0.02,0.0,0.0,0.0,0.0,0.0,0.0,-0.009256507810120702,-0.014585921799796543,-0.004061562583361109,0.7331182076531153,0.4647203209501921,0.9802159353175642,-0.12198188066303328,-0.19197087041151434,-0.06293910655662598,0.072,0.04,0.104,0.022755487331797265,0.012668277771119982,0.03441748321532764,0.43713866936462253,-0.15023542173088755,1.0035066117100921,-0.06884027779102325,-0.09378097559511661,-0.04655616603791714,0.0,0.0,0.0,0.015280396193611111,0.008888602558603579,0.022589127327901283,False
mediation_aware_recourse,False,1.0,1.0,0.5,250,0.009444220423698425,0.0016969085931777953,0.01969982075691223,0.6328632327862538,0.5968757565771587,0.663490610255506,0.1092183365978842,0.09421577313825279,0.12477154056601349,0.7820804166666667,0.7724565208333334,0.7916098697916666,0.024469085074495526,0.020987094695074485,0.02767798589929007,0.049452416370250774,0.038648424370286684,0.06013799410687865,0.04116923348860487,0.02956347186975834,0.05281329914776694,0.10179396955954709,0.09260103714032726,0.1111731129346672,0.008,0.0,0.02,0.0,0.0,0.0,0.0,0.0,0.0,-0.0021697248718310926,-0.004606750526177335,-0.0003737499818790631,0.16749804134199675,0.021962832303638737,0.34913148124471766,-0.028592545462764907,-0.060220896382121164,-0.005296192413263408,0.016,0.004,0.032,0.0052264538767385,0.0007252170616334939,0.010743930876371715,-0.12848149694649602,-0.5524635935786111,0.3759488022947936,-0.10750268816947937,-0.13598364698886872,-0.07988882725536825,0.0,0.0,0.0,0.02236717913190072,0.015220471610930389,0.02990143392408994,False
mediation_aware_recourse,False,1.0,2.0,0.5,250,0.0,0.0,0.0,0.6452613875954911,0.6123165632024506,0.6747243857223615,0.10621573160419596,0.09089308507321375,0.12133135235159707,0.7832066666666667,0.7734053333333333,0.7928878333333333,0.024469085074495526,0.020987094695074485,0.02767798589929007,0.049452416370250774,0.038648424370286684,0.06013799410687865,0.049452416370250774,0.03851750929470607,0.06054612293356955,0.09967104610381244,0.09056829554809362,0.10868070209949159,0.008,0.0,0.02,0.0,0.0,0.0,0.0,0.0,0.0,0.0,0.0,0.0,0.0,0.0,0.0,0.0,0.0,0.0,0.0,0.0,0.0,0.0,0.0,0.0,-0.29597953828849277,-0.64192869278074,0.10952606880727882,-0.1169469085931778,-0.14786386086046696,-0.08854009854793549,0.0,0.0,0.0,0.024536904003731812,0.01732301698241952,0.03210965835270903,False
mediation_aware_recourse,False,1.0,4.502993139022535,0.5,250,0.07025018119812011,0.050907257795333866,0.09061308431625366,0.7036462857016971,0.6744391786888583,0.7293844182796454,0.07028508027472374,0.06053558435191408,0.08008810245640936,0.794113125,0.7847341041666666,0.8036580729166666,0.024469085074495526,0.020987094695074485,0.02767798589929007,0.049452416370250774,0.038648424370286684,0.06013799410687865,0.06340413343774562,0.049565237514101954,0.07689326090719623,0.10595131742936412,0.09577731902220923,0.11553924790645108,0.012,0.0,0.028,0.0,0.0,0.0,0.0,0.0,0.0,-0.016356328044717382,-0.023480607584169432,-0.009773819311783689,-0.2821240718155851,-0.48695409308771254,-0.09767098351004505,-0.2155430208198703,-0.3138639181420177,-0.13031746702349464,0.048,0.024,0.076,0.008146273441359446,0.003671912758755822,0.013884608463050513,-0.5781036101040778,-1.0139476823418587,-0.15485852003628112,-0.04669672739505768,-0.08936280377805234,-0.007293724605441096,0.004,0.0,0.012,0.008180575959014431,-0.0030603963549565285,0.01920902406646822,True
mediation_aware_recourse,False,1.0,5.0,0.5,250,0.08891617572307586,0.06787634372711182,0.11166149258315562,0.7203070660423553,0.6938597557271975,0.7462515131475481,0.06247149572467801,0.054204475031496974,0.07083539505344356,0.7966627083333334,0.7875930156250001,0.8063854843750001,0.024469085074495526,0.020987094695074485,0.02767798589929007,0.049452416370250774,0.038648424370286684,0.06013799410687865,0.06849234449591282,0.054417067169687625,0.08222432744351559,0.10781953903165074,0.09751184055574573,0.11802243445388556,0.012,0.0,0.028,0.0,0.0,0.0,0.0,0.0,0.0,-0.02064295578407924,-0.027855351434121677,-0.013500118171068404,-0.385015122074317,-0.6487329386408944,-0.1707801113072561,-0.2720320255369597,-0.37506184265815345,-0.18097391516635236,0.06,0.032,0.092,0.010375815243171079,0.005517841023769475,0.016276066182440874,-0.6809946603628098,-1.125288089582296,-0.2571061459472253,-0.028030732870101927,-0.06994202416241169,0.01330304849147794,0.004,0.0,0.012,0.003893948219652576,-0.007783241616979858,0.015365827408233107,False
transport_anchor_only,False,3.0,0.0,0.5,250,0.6232178946733474,0.5639768263995648,0.6918746139883996,0.21624838884374467,0.18141691239330762,0.25346286255713274,0.18535428325854383,0.17326856983537606,0.19761596495547426,0.8497914583333334,0.8401357291666666,0.8592945,0.024469085074495526,0.020987094695074485,0.02767798589929007,0.049452416370250774,0.038648424370286684,0.06013799410687865,-0.22670572342935127,-0.2421655818855662,-0.2087935710373104,0.23853367898769393,0.22375961888873155,0.25214725816871864,0.02,0.004,0.04,0.0,0.0,0.0,0.0,0.0,0.0,-0.15282897727411732,-0.1677817046480726,-0.1389852930176319,-3.584320445173055,-4.80335803386419,-2.8189109244150097,-2.013974000791308,-2.3125911621827724,-1.7423801143328805,0.676,0.6199,0.7280999999999999,0.2013920464057567,0.18349733690655756,0.2201721309673016,0.13848654545309547,0.03661865470231416,0.286214382255487,-0.016774333000183106,-0.035510519564151764,-0.00258243727684021,0.0,0.0,0.0,0.005640600749287499,0.001530317108058747,0.010857127055339453,False
mediation_aware_recourse,False,3.0,0.5,0.5,250,0.6202412768602371,0.5606626030236483,0.685267930790782,0.21725766725143048,0.1803161117787419,0.25444076898473095,0.18149740288374505,0.16948903173717086,0.19390502741842808,0.8511391666666666,0.8415711562499999,0.85996003125,0.024469085074495526,0.020987094695074485,0.02767798589929007,0.049452416370250774,0.038648424370286684,0.06013799410687865,-0.23147725612725287,-0.24648462197589419,-0.2152401751575701,0.24060673030448715,0.22517201469560408,0.2547303882986352,0.02,0.004,0.04,0.0,0.0,0.0,0.0,0.0,0.0,-0.15649899675976897,-0.1709675550344128,-0.14285172800649695,-3.6808077970180495,-4.90193868030273,-2.91332946724975,-2.0623373672047505,-2.35658747494075,-1.788050551656828,0.684,0.628,0.74,0.2051093202031825,0.18668955264679726,0.22388826456938096,0.04199919360810078,-0.052609110336694506,0.14526989947944255,-0.019750950813293457,-0.044666776180267334,0.0010941283702850342,0.0,0.0,0.0,0.0019705812636358613,-0.002524210037650013,0.006521533319625381,False
mediation_aware_recourse,False,3.0,1.0,0.5,250,0.618752967953682,0.5592435738027096,0.6850044829398393,0.21829141067776148,0.18131520386042577,0.25524968379336244,0.17982098281221937,0.168004283313109,0.19191490915897516,0.8506475,0.8411858020833333,0.8597127604166667,0.024469085074495526,0.020987094695074485,0.02767798589929007,0.049452416370250774,0.038648424370286684,0.06013799410687865,-0.23341298108698966,-0.2493022838504926,-0.2175406209350365,0.24140833587987748,0.2256146214107457,0.25560854629261553,0.016,0.004,0.032,0.0,0.0,0.0,0.0,0.0,0.0,-0.1584873085009733,-0.17345649954391584,-0.14415800784124433,-3.719950979532004,-4.993203902913447,-2.949191626579709,-2.088539257864997,-2.3950459819618195,-1.8058160714052618,0.68,0.6239,0.7320999999999999,0.20427530662751156,0.18572112712076078,0.22318740118331892,0.00285601109414646,-0.14174211833282324,0.12988538638085612,-0.021239259719848632,-0.04877994507551193,0.004110688012838348,-0.004,-0.012,0.0,-1.7730477568474788e-05,-0.006692405507228788,0.005845192534599129,False
mediation_aware_recourse,False,3.0,2.0,0.5,250,0.5852784507274628,0.5306445113122463,0.6489751878440381,0.2323971318825681,0.19276951810442397,0.27216820607108644,0.17462038652827067,0.16249875141314082,0.187121663863691,0.8479197916666666,0.8386797916666666,0.8570082031249999,0.024469085074495526,0.020987094695074485,0.02767798589929007,0.049452416370250774,0.038648424370286684,0.06013799410687865,-0.22891619245865844,-0.24588459627344303,-0.21288831246592707,0.23677984639733074,0.21984348542004395,0.25158250444818436,0.02,0.004,0.04,0.0,0.0,0.0,0.0,0.0,0.0,-0.1545000515493349,-0.16916162177067232,-0.14069063101277515,-3.6290193535693067,-4.861596944965033,-2.859300885137391,-2.035995349122672,-2.3239998528873214,-1.7615302813763107,0.656,0.596,0.712,0.197907575400625,0.17887565589772642,0.21734234197076222,0.09378763705684356,-0.08115082112458942,0.27768611079027516,-0.05471377694606781,-0.09913125360608102,-0.015167293861508389,0.0,-0.012,0.012,0.003969526474069902,-0.004277856939020678,0.011590774910342197,False
mediation_aware_recourse,False,3.0,4.502993139022535,0.5,250,0.49132250201702116,0.44589677514731885,0.5415894902378321,0.2827366638663773,0.2398114748301067,0.3235539657375837,0.1588188349312631,0.14611725316396665,0.17156400981624043,0.840056875,0.8307195104166667,0.8493288906249999,0.024469085074495526,0.020987094695074485,0.02767798589929007,0.049452416370250774,0.038648424370286684,0.06013799410687865,-0.21203087709566576,-0.23010461271381724,-0.19343267547041362,0.220185636461544,0.20322013689108565,0.23701763470788273,0.036,0.016,0.06,0.0,0.0,0.0,0.0,0.0,0.0,-0.1392187475785052,-0.15347084636273917,-0.12584591391062314,-3.287573644696921,-4.453988418023117,-2.5584360624622637,-1.834618951502479,-2.0715316935070267,-1.612071102374379,0.608,0.548,0.668,0.18067705981348742,0.16088920996602815,0.19952910336528318,0.43523334592922946,0.12160296712413247,0.7981016417605344,-0.1486697256565094,-0.21677968314886092,-0.0835696266502142,0.016,-0.008,0.04,0.019250830444899652,0.004512424704998454,0.034803496477230994,True
mediation_aware_recourse,False,3.0,5.0,0.5,250,0.4705515718460083,0.42726665897369387,0.5161506172835827,0.29419378973518384,0.25086798856208453,0.3356534413893586,0.15612732701203252,0.14302046772340538,0.16894046356113035,0.838358125,0.8292229166666667,0.84749703125,0.024469085074495526,0.020987094695074485,0.02767798589929007,0.049452416370250774,0.038648424370286684,0.06013799410687865,-0.20776689440672508,-0.2253316386250899,-0.1891278668853082,0.2165921890204546,0.19918829202272612,0.23370426377657025,0.04,0.016,0.064,0.0,0.0,0.0,0.0,0.0,0.0,-0.13544850024885033,-0.14904017094205627,-0.12242369033141069,-3.2013496944451028,-4.305923258465466,-2.478663830033352,-1.7849347866673084,-2.013217981349336,-1.5759833998373385,0.6,0.54,0.66,0.17667067410842593,0.15774604026045522,0.19584695142994749,0.5214572961810475,0.18948682743059642,0.9365523952436248,-0.16944065582752227,-0.24276591526567934,-0.1007002794235945,0.02,-0.004,0.044,0.023021077774554515,0.007717590651595636,0.039706721234610165,False
transport_anchor_only,False,10.0,0.0,0.5,250,1.0985572879314423,1.036118015614152,1.1565709485292435,0.10274938936067772,0.08163438662396238,0.12578640700197555,0.19282654864636473,0.1843825446642751,0.20130894972867405,0.8983220833333332,0.8918725989583334,0.90473621875,0.024469085074495526,0.020987094695074485,0.02767798589929007,0.049452416370250774,0.038648424370286684,0.06013799410687865,-0.3117638755418858,-0.32244461148093234,-0.3004987672502299,0.31448801904901225,0.30390576506759254,0.325017445180636,0.152,0.112,0.2,0.0,0.0,0.0,0.0,0.0,0.0,-0.23587959043489365,-0.24770344255773705,-0.22369507192234833,-5.304320363391473,-7.180062658079021,-4.172985826955214,-3.1084115782644304,-3.5721298654897606,-2.7270862168545755,0.796,0.744,0.844,0.2582554316498423,0.2395061049212605,0.27639571859655243,0.004613088820925704,-0.041731554728588804,0.05312571114726882,-0.0002085998058319092,-0.002656586050987244,0.001822186827659607,0.0,-0.012,0.012,0.00022812838912535406,-0.001984030852641716,0.002533482946156177,False
mediation_aware_recourse,False,10.0,0.5,0.5,250,1.1020252538919448,1.0402025530397891,1.1596156740814447,0.10239367650243009,0.08137305298161684,0.125414608661831,0.18790312224350758,0.1797741793165358,0.19630201331305924,0.9008010416666666,0.894430125,0.9070968593750001,0.024469085074495526,0.020987094695074485,0.02767798589929007,0.049452416370250774,0.038648424370286684,0.06013799410687865,-0.3178905153434111,-0.32928397688298033,-0.30629186718803336,0.319914979139297,0.30923159310300236,0.33116959108844024,0.156,0.116,0.204,0.0,0.0,0.0,0.0,0.0,0.0,-0.2420062302364189,-0.2550444712185161,-0.22986197044288767,-5.428209957696736,-7.3954173627751585,-4.254750168335447,-3.1891481865475173,-3.6647998831081625,-2.7921423431113106,0.796,0.744,0.844,0.26083308589516585,0.2411830652624424,0.27935094420082945,-0.11927650548433721,-0.20685666976002715,-0.060574340115049946,0.003259366154670715,0.0,0.00910116958618164,0.004,0.0,0.012,-0.005898511412399934,-0.008953440894993338,-0.0031123041275064843,False
mediation_aware_recourse,False,10.0,1.0,0.5,250,1.1069815286397935,1.04500842500031,1.1625165395170451,0.10193128745735261,0.08064592477900254,0.12512596303147996,0.18682000024746837,0.17872902037286556,0.19514030782470584,0.9014037500000001,0.8952601145833333,0.9075196874999999,0.024469085074495526,0.020987094695074485,0.02767798589929007,0.049452416370250774,0.038648424370286684,0.06013799410687865,-0.3196153806091701,-0.33088053680099266,-0.3076413455567618,0.32129083546666015,0.31065627256321704,0.3323242654067017,0.16,0.12,0.208,0.0,0.0,0.0,0.0,0.0,0.0,-0.24373109550217795,-0.25633140748947036,-0.23147284029647122,-5.463089249597155,-7.426553737271608,-4.274918095221035,-3.2118783903483052,-3.685578435994484,-2.8215134651516367,0.796,0.744,0.844,0.261329246313941,0.2417776626208962,0.27982322519334163,-0.15415579738475582,-0.2650319734400673,-0.07989313813186626,0.008215640902519226,0.0006769288778305054,0.01786846113204956,0.008,0.0,0.02,-0.007623376678158956,-0.011380990953759334,-0.00433974629575068,False
mediation_aware_recourse,False,10.0,2.0,0.5,250,1.1200792961120605,1.059587435334921,1.1753373799115419,0.10105428981471853,0.08016469688194446,0.12408145191846436,0.1835074561698741,0.17577704428064006,0.191440498711946,0.9029233333333334,0.8969160520833334,0.9088174947916667,0.024469085074495526,0.020987094695074485,0.02767798589929007,0.049452416370250774,0.038648424370286684,0.06013799410687865,-0.3247703632980419,-0.33665705324074324,-0.3136327064843121,0.32601381595500145,0.31463647519361493,0.337756212836382,0.164,0.124,0.208,0.0,0.0,0.0,0.0,0.0,0.0,-0.24888607819104966,-0.2617448873061685,-0.23579492722355344,-5.567330519634929,-7.588607750213352,-4.3521189296545115,-3.2798105410116944,-3.7682230862378567,-2.8723828476122906,0.796,0.744,0.844,0.2645532851246619,0.24485040953724654,0.28358561302730834,-0.2583970674225302,-0.4089431383319384,-0.1543868450555942,0.021313408374786378,0.009650966626405716,0.0350881046116352,0.012,-0.008,0.036,-0.012778359367030675,-0.017969816135269375,-0.008137036955092748,False
mediation_aware_recourse,False,10.0,4.502993139022535,0.5,250,1.1390469783544541,1.0756206539601088,1.1974327331006527,0.10233585558950134,0.0796395248454832,0.12605186708798607,0.17516665239128806,0.16716851421294215,0.18261342379215512,0.8992568750000001,0.8912366145833334,0.9069231666666666,0.024469085074495526,0.020987094695074485,0.02767798589929007,0.049452416370250774,0.038648424370286684,0.06013799410687865,-0.3323273519431593,-0.345847357212157,-0.3194129413935001,0.33361751256945077,0.3205254824390117,0.34668188085811064,0.208,0.16390000000000002,0.26,0.0,0.0,0.0,0.0,0.0,0.0,-0.2564665279592296,-0.26907065718409867,-0.24382922421246758,-5.72014385414498,-7.777239815953774,-4.4948472461465165,-3.3797053974696816,-3.881725034414728,-2.9762471310435994,0.78,0.728,0.8280999999999998,0.27009024791667685,0.2504133032503623,0.2894716652060089,-0.41121040193258107,-0.6385419168283037,-0.2533206978516051,0.04028109061717987,0.002676121819019318,0.07509724307954312,0.056,0.02,0.0920999999999999,-0.02035880913521059,-0.028032761543888375,-0.01311956956667177,True
mediation_aware_recourse,False,10.0,5.0,0.5,250,1.1573607507944108,1.0945968616127968,1.2166671727627516,0.10192677956118797,0.07924795789798188,0.12560948399101335,0.1721065891511353,0.16451802776827232,0.1797351867751287,0.90009375,0.8919287135416666,0.90773396875,0.024469085074495526,0.020987094695074485,0.02767798589929007,0.049452416370250774,0.038648424370286684,0.06013799410687865,-0.33606729679544833,-0.3498035691221536,-0.3229278216326968,0.337385107120689,0.32422702365931055,0.35100756859915766,0.236,0.1879,0.288,0.0,0.0,0.0,0.0,0.0,0.0,-0.26020647281151865,-0.2727261958756175,-0.24717770726667926,-5.795770994875333,-7.829331156812081,-4.539917375964451,-3.428990237499681,-3.9083592865825567,-3.014115951305271,0.78,0.728,0.8280999999999998,0.273830192768966,0.25372758586883887,0.2932574676922981,-0.48683754266293455,-0.7172003306905883,-0.3073222055746909,0.058594863057136536,0.020431750991940497,0.09404108741879462,0.084,0.044,0.124,-0.024098753987499652,-0.03231853337152791,-0.016395034142118677,False
transport_anchor_only,False,30.0,0.0,0.5,250,1.1988468064069748,1.1393745067983865,1.2566917070567607,0.09631812762486396,0.0751107801484455,0.11952875139041977,0.1890061707918202,0.1811534389388162,0.1966441656702093,0.8995418749999999,0.8934446458333334,0.9057029166666668,0.024469085074495526,0.020987094695074485,0.02767798589929007,0.049452416370250774,0.038648424370286684,0.06013799410687865,-0.3297746396031796,-0.3407964424586573,-0.317766222263341,0.33148564735341857,0.32018141134366873,0.34364167122156,0.292,0.24,0.348,0.0,0.0,0.0,0.0,0.0,0.0,-0.2538903544961874,-0.2654551264467716,-0.2419238362005447,-5.668524286743712,-7.5952282797275705,-4.487872709851891,-3.345756689124996,-3.8219829962638907,-2.9388496394410253,0.796,0.744,0.844,0.27185170272059167,0.25197778870274296,0.29118035865901987,-0.0733002010696655,-0.14245672297284603,-0.013901375497528812,-0.00237383770942688,-0.00949535083770752,0.0,-0.008,-0.02,0.0,-0.003624872063320176,-0.006649917683821927,-0.0006892948634659624,False
mediation_aware_recourse,False,30.0,0.5,0.5,250,1.2005437148809432,1.1400954622507096,1.2583823516100645,0.09625420029701115,0.07503975655015112,0.11947111147660484,0.18238391658677977,0.17468100673651016,0.19008684470731596,0.9026727083333332,0.8968583385416667,0.908552515625,0.024469085074495526,0.020987094695074485,0.02767798589929007,0.049452416370250774,0.038648424370286684,0.06013799410687865,-0.33817808186179127,-0.3505569393380035,-0.32515806190213553,0.33956226351250346,0.3279432721749685,0.3523962171503627,0.3,0.248,0.356,0.0,0.0,0.0,0.0,0.0,0.0,-0.26229379675479914,-0.27517212053776685,-0.24979224033526826,-5.83845414812187,-7.85860220535611,-4.631951559321838,-3.456496906902146,-3.956707471226555,-3.0444453050976943,0.796,0.744,0.844,0.2779243847590619,0.2567535474248693,0.29827482505707237,-0.24323006244782341,-0.36408051587746265,-0.1538860272219538,-0.000676929235458374,-0.00712151312828064,0.005090725421905517,0.0,-0.012,0.012,-0.012028314321931887,-0.016060395606678702,-0.008080254986266333,False
mediation_aware_recourse,False,30.0,1.0,0.5,250,1.201220643877983,1.1384311763763426,1.2572907793313266,0.09624040341616168,0.07497165769968982,0.11945654347558962,0.18134124100164078,0.17366460394727556,0.18924772256727987,0.9034612500000001,0.8975741458333333,0.9091382291666666,0.024469085074495526,0.020987094695074485,0.02767798589929007,0.049452416370250774,0.038648424370286684,0.06013799410687865,-0.33903594056068964,-0.3515042919609099,-0.3260468360029959,0.34047705125579614,0.3285725584949939,0.3533651276797122,0.3,0.248,0.356,0.0,0.0,0.0,0.0,0.0,0.0,-0.26315165545369745,-0.27611102221682726,-0.2506303852470103,-5.855801302454544,-7.8776131206568545,-4.638364752400091,-3.4678017336879403,-3.9733487677205583,-3.0542128644926265,0.796,0.744,0.844,0.2783100344219589,0.2573636143426788,0.29865715700630435,-0.26057721678049717,-0.38624559144397175,-0.16294759053417796,-2.384185791015625e-10,-0.008818421840667725,0.008141492366790772,0.0,-0.016,0.016,-0.012886173020830222,-0.016721026617480973,-0.00874525313132584,False
mediation_aware_recourse,False,30.0,2.0,0.5,250,1.2207538236379623,1.1640908904314042,1.2763394920557738,0.09578873526997532,0.07448035099911411,0.11879364365585147,0.17729160523142082,0.16989646595473024,0.18500675709001846,0.9050070833333335,0.8992630989583333,0.9107281197916667,0.024469085074495526,0.020987094695074485,0.02767798589929007,0.049452416370250774,0.038648424370286684,0.06013799410687865,-0.3452233444304462,-0.3586644135435365,-0.3316575075035652,0.3464897956163947,0.33382018251039053,0.35983551121706164,0.324,0.2679,0.38009999999999994,0.0,0.0,0.0,0.0,0.0,0.0,-0.269339059323454,-0.2829488941238087,-0.25605102565289806,-5.98091963486183,-8.045558328711243,-4.734195050263947,-3.5493390883725464,-4.061035753152315,-3.124231166950451,0.796,0.744,0.844,0.2840688850004711,0.2623070455757786,0.30449416551811304,-0.38569554918778337,-0.5327076305535093,-0.27010759568308895,0.019533179521560667,0.0059618672728538515,0.03425533112883568,0.024,-0.004,0.052,-0.01907357689058675,-0.024318344607983076,-0.013678145362758678,False
mediation_aware_recourse,False,30.0,4.502993139022535,0.5,250,1.2898037151098252,1.2368690732896328,1.3368871719598772,0.09486387418341298,0.0734755568690681,0.1183036554916123,0.16417857809867842,0.1576859260882189,0.17109750715926167,0.9088058333333333,0.9034567604166666,0.9144585729166667,0.024469085074495526,0.020987094695074485,0.02767798589929007,0.049452416370250774,0.038648424370286684,0.06013799410687865,-0.36049252757716815,-0.3744337640262131,-0.3456148621370435,0.3615685829618584,0.347457459338436,0.3755691494224725,0.388,0.33190000000000003,0.448,0.0,0.0,0.0,0.0,0.0,0.0,-0.284608242470176,-0.29792308022225433,-0.2715482621542663,-6.289684792713802,-8.457425113973725,-4.971445644453932,-3.750555758269262,-4.252186223627036,-3.3174851979541193,0.796,0.744,0.844,0.29566912933893913,0.2731009187248226,0.31725663856063313,-0.6944607070397559,-0.9311482988593998,-0.5133694695457915,0.08858307099342347,0.0629360541343689,0.11278442400097848,0.088,0.04,0.132,-0.03434276003730882,-0.04141449409886184,-0.02683468351133616,True
mediation_aware_recourse,False,30.0,5.0,0.5,250,1.3060867000818253,1.2553815138131381,1.3530795463740826,0.09469325097300763,0.07326885876539356,0.11808280547085032,0.16181385466705012,0.15556822635201922,0.16827098061006018,0.9087895833333333,0.9033634010416667,0.9144650572916666,0.024469085074495526,0.020987094695074485,0.02767798589929007,0.049452416370250774,0.038648424370286684,0.06013799410687865,-0.36208457363180696,-0.37694818898779736,-0.3471027514354149,0.3633232584910073,0.3495126608439702,0.3773967299843405,0.408,0.352,0.468,0.0,0.0,0.0,0.0,0.0,0.0,-0.2862002885248147,-0.2996922105320073,-0.2735070070588141,-6.32187828640922,-8.476714671626542,-5.004554703214748,-3.771535675947792,-4.282260704608606,-3.339364258247202,0.796,0.744,0.844,0.2969338486849098,0.27444975576796987,0.31881057335179275,-0.7266542007351733,-0.9629169019496616,-0.5394299189350725,0.10486605596542359,0.07766216268539429,0.13131910086274148,0.108,0.06,0.1520999999999999,-0.035934806091947505,-0.04325406264497704,-0.027726714059492716,False
transport_anchor_only,False,0.0,0.0,1.0,250,0.0,0.0,0.0,0.6452613875954911,0.6123165632024506,0.6747243857223615,0.10621573160419596,0.09089308507321375,0.12133135235159707,0.7832066666666667,0.7734053333333333,0.7928878333333333,0.024469085074495526,0.020987094695074485,0.02767798589929007,0.049452416370250774,0.038648424370286684,0.06013799410687865,0.049452416370250774,0.03851750929470607,0.06054612293356955,0.09967104610381244,0.09056829554809362,0.10868070209949159,0.008,0.0,0.02,0.0,0.0,0.0,0.0,0.0,0.0,0.0,0.0,0.0,0.0,0.0,0.0,0.0,0.0,0.0,0.0,0.0,0.0,0.0,0.0,0.0,0.0,0.0,0.0,0.0,0.0,0.0,0.0,0.0,0.0,0.0,0.0,0.0,False
mediation_aware_recourse,False,0.0,0.5,1.0,250,0.0,0.0,0.0,0.6452613875954911,0.6123165632024506,0.6747243857223615,0.10621573160419596,0.09089308507321375,0.12133135235159707,0.7832066666666667,0.7734053333333333,0.7928878333333333,0.024469085074495526,0.020987094695074485,0.02767798589929007,0.049452416370250774,0.038648424370286684,0.06013799410687865,0.049452416370250774,0.03851750929470607,0.06054612293356955,0.09967104610381244,0.09056829554809362,0.10868070209949159,0.008,0.0,0.02,0.0,0.0,0.0,0.0,0.0,0.0,0.0,0.0,0.0,0.0,0.0,0.0,0.0,0.0,0.0,0.0,0.0,0.0,0.0,0.0,0.0,0.0,0.0,0.0,0.0,0.0,0.0,0.0,0.0,0.0,0.0,0.0,0.0,False
mediation_aware_recourse,False,0.0,1.0,1.0,250,0.0,0.0,0.0,0.6452613875954911,0.6123165632024506,0.6747243857223615,0.10621573160419596,0.09089308507321375,0.12133135235159707,0.7832066666666667,0.7734053333333333,0.7928878333333333,0.024469085074495526,0.020987094695074485,0.02767798589929007,0.049452416370250774,0.038648424370286684,0.06013799410687865,0.049452416370250774,0.03851750929470607,0.06054612293356955,0.09967104610381244,0.09056829554809362,0.10868070209949159,0.008,0.0,0.02,0.0,0.0,0.0,0.0,0.0,0.0,0.0,0.0,0.0,0.0,0.0,0.0,0.0,0.0,0.0,0.0,0.0,0.0,0.0,0.0,0.0,0.0,0.0,0.0,0.0,0.0,0.0,0.0,0.0,0.0,0.0,0.0,0.0,False
mediation_aware_recourse,False,0.0,2.0,1.0,250,0.02884744608402252,0.015272177338600158,0.04242271482944489,0.682875386726844,0.6536420096286172,0.7105947207467012,0.08703235937731166,0.07523719304404605,0.09940319887100695,0.7867575,0.7767390572916667,0.7966617083333334,0.024469085074495526,0.020987094695074485,0.02767798589929007,0.049452416370250774,0.038648424370286684,0.06013799410687865,0.06368109067029114,0.0530439723870074,0.075818949182048,0.10097697113875283,0.09197416547756292,0.1104802352247538,0.008,0.0,0.02,0.0,0.0,0.0,0.0,0.0,0.0,-0.00658923352625486,-0.011906863397608889,-0.0019138523215057697,-0.28772455108179407,-0.49150204971882516,-0.1356920467657336,-0.08683264943412783,-0.1537536936054281,-0.02510102332893411,0.044,0.02,0.072,0.0069679310465322495,0.0030278331963884512,0.01169423850498445,-0.28772455108179407,-0.48518914604532537,-0.1548061298971713,0.02884744608402252,0.015272177338600158,0.04242271482944489,0.0,0.0,0.0,-0.00658923352625486,-0.011584637133633445,-0.0016427467953889017,False
mediation_aware_recourse,False,0.0,4.502993139022535,1.0,250,0.13914650464057923,0.11538978433609008,0.16290322494506837,0.7884925138532065,0.7732704723554664,0.8020202970428375,0.04333573691181491,0.03790226685699911,0.048605676659016106,0.8031022916666667,0.793845265625,0.812425640625,0.024469085074495526,0.020987094695074485,0.02767798589929007,0.049452416370250774,0.038648424370286684,0.06013799410687865,0.10059729059830033,0.08886897374446465,0.1124712165651902,0.11233934229732606,0.10154217091209963,0.1225023181794005,0.004,0.0,0.016,0.0,0.0,0.0,0.0,0.0,0.0,-0.029703715602097093,-0.037044351509324724,-0.022359854643212787,-1.0342239668356616,-1.546356753021622,-0.6983439813170786,-0.3914343471802717,-0.5035643654159027,-0.29012111458002393,0.108,0.072,0.152,0.01752918015912341,0.011373452951119597,0.02451925659294251,-1.0342239668356616,-1.5182339770482645,-0.7289877493269245,0.13914650464057923,0.11538978433609008,0.16290322494506837,-0.004,-0.012,0.0,-0.029703715602097093,-0.03698380472192289,-0.022092130428319392,True
mediation_aware_recourse,False,0.0,5.0,1.0,250,0.149327956199646,0.12557123589515687,0.17478158509731292,0.7950759101968706,0.7810374820689008,0.8074799206436685,0.04117982139893997,0.03582483878720209,0.046515621069045734,0.8031420833333334,0.7936480208333334,0.8124507656250001,0.024469085074495526,0.020987094695074485,0.02767798589929007,0.049452416370250774,0.038648424370286684,0.06013799410687865,0.10281088703858447,0.09116315863723873,0.11483964444219587,0.11328724351127184,0.10236144671560488,0.1234532941980573,0.004,0.0,0.016,0.0,0.0,0.0,0.0,0.0,0.0,-0.031805761948178614,-0.03945974678816032,-0.02458789493874617,-1.0789861160441232,-1.6033222661156772,-0.7407162335243482,-0.4191350278036414,-0.5368475564922804,-0.3142471021875559,0.112,0.072,0.156,0.017777472885661207,0.011480054436709195,0.02494298435034284,-1.0789861160441232,-1.5761371881871808,-0.7691050461450357,0.149327956199646,0.12557123589515687,0.17478158509731292,-0.004,-0.012,0.0,-0.031805761948178614,-0.03890319805668193,-0.024203121467398524,False
transport_anchor_only,False,1.0,0.0,1.0,250,0.08381586003303527,0.06057207082211971,0.11030331516265869,0.5511135597927669,0.5129138907079867,0.589118520426895,0.13685807580885073,0.12124930856479703,0.15307352878520328,0.772891875,0.7638075781250001,0.781600015625,0.024469085074495526,0.020987094695074485,0.02767798589929007,0.049452416370250774,0.038648424370286684,0.06013799410687865,-0.0004362602185720412,-0.015044754924326161,0.013242223249112717,0.10570498022895468,0.09505339044546694,0.11618924949920374,0.012,0.0,0.028,0.0,0.0,0.0,0.0,0.0,0.0,-0.003060068454203997,-0.010236549595084953,0.003981363340044494,0.9911781819657556,0.6563410109721189,0.9950314383059825,-0.04032545671201193,-0.1304760196806885,0.03794293063175427,0.112,0.072,0.152,0.02647437252151341,0.01661594576930074,0.03700096988852547,0.6951986436772628,0.1368879842464092,0.941307860648535,-0.03313104856014252,-0.055561604142189025,-0.01180661426484585,0.004,0.0,0.012,0.021476835549527815,0.013164752792540988,0.03055745638889216,False
mediation_aware_recourse,False,1.0,0.5,1.0,250,0.059910842180252076,0.03851225911080837,0.08130942524969577,0.5756232791084929,0.5391673655257421,0.6105492430032512,0.1274764599358998,0.11153904415067033,0.14326571672094504,0.7742418750000001,0.7651121145833334,0.7828029583333332,0.024469085074495526,0.020987094695074485,0.02767798589929007,0.049452416370250774,0.038648424370286684,0.06013799410687865,0.011335590719220448,-0.0030214931049280694,0.0258632200384008,0.10620640901383276,0.0953048134646168,0.11684177954267029,0.012,0.0,0.028,0.0,0.0,0.0,0.0,0.0,0.0,-0.004601004913428903,-0.010815391050365048,0.0017368115728651477,0.7707778193415109,0.5093518597763039,0.9796485274843763,-0.060631854236246285,-0.14550336115053025,0.015168849549207216,0.084,0.052,0.116,0.021358915282229617,0.011804817997211626,0.031565746922991834,0.47479828105301813,-0.056206090832267123,1.0253901140570738,-0.05703606641292572,-0.0819749104976654,-0.03386642597615719,0.004,0.0,0.012,0.01993589909030291,0.011659685389432396,0.02861119100284345,False
mediation_aware_recourse,False,1.0,1.0,1.0,250,0.022208109259605407,0.00937007164955139,0.03667076040804386,0.6196877059118681,0.5854854859338223,0.6526348816110635,0.11282536993321451,0.09730600955616642,0.12834963217662756,0.7783854166666667,0.76877075,0.7878565729166667,0.024469085074495526,0.020987094695074485,0.02767798589929007,0.049452416370250774,0.038648424370286684,0.06013799410687865,0.03449315283296577,0.021940517601963375,0.04712814561222911,0.10239194623478962,0.09271033698444472,0.1120683173518062,0.012,0.0,0.028,0.0,0.0,0.0,0.0,0.0,0.0,-0.002536818746593282,-0.006585229581835906,0.001086277135607481,0.3024981312396311,0.12838261696860537,0.5068229165975717,-0.03343009350376702,-0.09183605326674897,0.014198578605583448,0.032,0.012,0.056,0.008748041141939146,0.0030675011126109213,0.015525472940614304,0.0065185929511383245,-0.4437194947923413,0.5337789903396841,-0.09473879933357239,-0.12314560937881469,-0.06802889788150787,0.004,0.0,0.012,0.022000085257138532,0.013909763476748743,0.030428607975478358,False
mediation_aware_recourse,False,1.0,2.0,1.0,250,0.0033938171863555906,0.0,0.008484542965888978,0.6424156628166534,0.6098705608659404,0.6727181356541628,0.10633681048999605,0.09111856464492009,0.12158955127293418,0.7823056250000001,0.7726881041666667,0.7919101874999999,0.024469085074495526,0.020987094695074485,0.02767798589929007,0.049452416370250774,0.038648424370286684,0.06013799410687865,0.046953253426495034,0.03529424969951737,0.05892579899058831,0.10089611706774555,0.0915659625731543,0.11019056204350208,0.008,0.0,0.02,0.0,0.0,0.0,0.0,0.0,0.0,-0.001667773017943083,-0.004711555057389632,0.0,0.050536720491967,0.0,0.15816429579410868,-0.021977844498260124,-0.07166460981706817,0.0,0.008,0.0,0.02,0.0020834679808494167,0.0,0.006250403942548249,-0.24544281779652577,-0.6040513227589456,0.16134290685386704,-0.11355309140682221,-0.145374003136158,-0.08508357414901262,0.0,0.0,0.0,0.022869130985788733,0.014737435799777128,0.031036882471273796,False
mediation_aware_recourse,False,1.0,4.502993139022535,1.0,250,0.06346254682540893,0.044779629078507424,0.08382544994354248,0.699278923036449,0.6712490890439247,0.7252483325411496,0.07333562085143484,0.06271333768684662,0.0838257055078974,0.7908075,0.78170159375,0.8003928124999999,0.024469085074495526,0.020987094695074485,0.02767798589929007,0.049452416370250774,0.038648424370286684,0.06013799410687865,0.06299736844861534,0.05023922926044976,0.0764830204955284,0.10458558924583625,0.09480582483029815,0.11379326743573555,0.012,0.0,0.028,0.0,0.0,0.0,0.0,0.0,0.0,-0.01397804728398705,-0.020770021593427945,-0.007634578427320039,-0.2738986903481795,-0.4796807882120653,-0.08969807897518188,-0.1842021343981679,-0.27739346546847216,-0.10426049751006565,0.044,0.02,0.072,0.00745888575219527,0.003101955840096149,0.013064144922594487,-0.5698782286366723,-0.9905513254403012,-0.1487192464076018,-0.05348436176776886,-0.09474393276274204,-0.014212102571129806,0.004,0.0,0.012,0.010558856719744767,-0.00010912748189678711,0.02111093295001115,True
mediation_aware_recourse,False,1.0,5.0,1.0,250,0.08382544994354248,0.06278561794757843,0.10588526165485382,0.7166508728823987,0.688374491542454,0.7422662284260435,0.06453625861812921,0.05569287055628685,0.07386580904451895,0.7944145833333334,0.7850124687500001,0.8040404427083334,0.024469085074495526,0.020987094695074485,0.02767798589929007,0.049452416370250774,0.038648424370286684,0.06013799410687865,0.06789559213267012,0.05475889309840075,0.08144821486394083,0.10691390827919503,0.09677063034621346,0.11643590264158835,0.012,0.0,0.028,0.0,0.0,0.0,0.0,0.0,0.0,-0.01884083540493609,-0.025955993525075462,-0.012038791777485243,-0.3729479187495124,-0.631983104895784,-0.1688473866895505,-0.24828375701730176,-0.35100713655148164,-0.15728785056754413,0.056,0.028,0.084,0.009596562055898516,0.004953343375021227,0.015423783233276535,-0.6689274570380052,-1.1130431792522752,-0.25308913408927636,-0.03312145864963532,-0.07502938866615295,0.007903142565488812,0.004,0.0,0.012,0.005696068598795731,-0.0057955996069222636,0.017200101738260785,False
transport_anchor_only,False,3.0,0.0,1.0,250,0.5969993413686753,0.5345628964036703,0.6611422446370124,0.2262535985485571,0.18883820241311997,0.26316921749142297,0.18557257621079595,0.17308006069688092,0.19796053739178907,0.8445191666666667,0.8341819583333333,0.8542228854166667,0.024469085074495526,0.020987094695074485,0.02767798589929007,0.049452416370250774,0.038648424370286684,0.06013799410687865,-0.2181461461441898,-0.23436113072550976,-0.19961445778842096,0.23204531823688965,0.2163886040332466,0.24622230451085547,0.02,0.004,0.04,0.0,0.0,0.0,0.0,0.0,0.0,-0.1454216194363011,-0.1607766723081692,-0.13152009532940098,-3.4112333057888877,-4.6062729562543385,-2.662912742351898,-1.9163601426997112,-2.202682985846569,-1.6652970373329266,0.664,0.608,0.72,0.19439577765418892,0.1769884435683411,0.21286443094614205,0.31157368483726255,0.1488263033209793,0.5459740174696627,-0.04299288630485534,-0.0732597424209118,-0.017253397437930116,0.0,0.0,0.0,0.013047958587103722,0.006747696326771141,0.02008168039258223,False
mediation_aware_recourse,False,3.0,0.5,1.0,250,0.5966051609516144,0.5377477464437485,0.66234011002779,0.2262596587900445,0.18903050413038733,0.2634613862056249,0.1828670940784402,0.16994997426048603,0.1955497953467494,0.8455335416666667,0.8358057968750001,0.8546693333333333,0.024469085074495526,0.020987094695074485,0.02767798589929007,0.049452416370250774,0.038648424370286684,0.06013799410687865,-0.22306820036985073,-0.23882686370045875,-0.20597828258302575,0.23463297272116618,0.21906858714459984,0.24862825302528127,0.02,0.004,0.04,0.0,0.0,0.0,0.0,0.0,0.0,-0.14938904984900103,-0.16469807900978978,-0.1356838848756903,-3.5107644225053978,-4.666049397870226,-2.760905765704205,-1.9686427781242402,-2.2574389351071953,-1.7068414721905663,0.664,0.608,0.72,0.19734981886909744,0.17959531145340446,0.21667633716246387,0.2120425681207525,0.07141359393150214,0.4110802705808698,-0.043387066721916195,-0.0775403664290905,-0.015077424404025078,0.0,0.0,0.0,0.00908052817440382,0.0026221271330834463,0.016121512690909483,False
mediation_aware_recourse,False,3.0,1.0,1.0,250,0.5790194480419159,0.5224937397211791,0.6407257927328348,0.23337070844608007,0.19465812008135355,0.2714916496330336,0.1790824496968187,0.16689109232245383,0.19172558604390086,0.8446572916666667,0.8348291666666667,0.8535479427083332,0.024469085074495526,0.020987094695074485,0.02767798589929007,0.049452416370250774,0.038648424370286684,0.06013799410687865,-0.2220338430828307,-0.23818378086699163,-0.20530667051013451,0.2329008164549971,0.21684305065775594,0.24677841114830035,0.02,0.004,0.04,0.0,0.0,0.0,0.0,0.0,0.0,-0.1480706355276493,-0.1625612841987963,-0.13470207728829495,-3.489848209245448,-4.674124890054359,-2.7593748614329194,-1.9512687682156957,-2.2411681627052134,-1.6916895829099747,0.656,0.596,0.7120999999999998,0.19634168680431333,0.17792969802310743,0.2164379244937619,0.23295878138070236,0.060731409647417654,0.43912151466607025,-0.06097277963161468,-0.10150636884868146,-0.023202569031715407,0.0,0.0,0.0,0.010398942495755528,0.0025633853542573457,0.01848831203115628,False
mediation_aware_recourse,False,3.0,2.0,1.0,250,0.5584571171998978,0.5047914549589158,0.620535030889511,0.24254185979556872,0.20142959168799449,0.2849199188743952,0.17433800456178825,0.16198463018552278,0.1869740631334017,0.8439493750000001,0.8335205052083333,0.8534593802083332,0.024469085074495526,0.020987094695074485,0.02767798589929007,0.049452416370250774,0.038648424370286684,0.06013799410687865,-0.22249092494103867,-0.23928332523965215,-0.2059239631602595,0.2316961253595315,0.21426332182097868,0.24725452093514177,0.02,0.004,0.04,0.0,0.0,0.0,0.0,0.0,0.0,-0.14807478403171517,-0.16274120178842139,-0.13484181303593545,-3.4990910712076575,-4.712257875081201,-2.769153721020352,-1.9513234370323032,-2.211645628000441,-1.699418897461896,0.656,0.596,0.712,0.19820179262084014,0.17942954922862042,0.21762080907080414,0.22371591941849278,0.02044937725158611,0.43622979810441515,-0.08153511047363281,-0.13048644738793372,-0.03474773344397545,0.0,-0.012,0.012,0.010394793991689652,0.0007365127500382107,0.0192608544045358,False
mediation_aware_recourse,False,3.0,4.502993139022535,1.0,250,0.4556827471256256,0.41234495674073696,0.5021629519253968,0.2981865416692976,0.25423534197701375,0.3393919442007276,0.15715167039699665,0.14416629886173501,0.1702035075264148,0.836148125,0.82711471875,0.8451003229166667,0.024469085074495526,0.020987094695074485,0.02767798589929007,0.049452416370250774,0.038648424370286684,0.06013799410687865,-0.20261889536276903,-0.2204443451024337,-0.18394430062489012,0.21260522923689756,0.19551195582343242,0.23034277657580626,0.036,0.016,0.06,0.0,0.0,0.0,0.0,0.0,0.0,-0.13030050120489425,-0.1437232910933094,-0.11721958741999369,-3.097249643895238,-4.18386323167025,-2.3981762526649115,-1.717094666190484,-1.9371392813984039,-1.5245737065840599,0.6,0.54,0.66,0.17544611678751793,0.15650049799611526,0.19521848561739844,0.6255573467309121,0.2962976508677317,1.046104534114723,-0.18430948054790497,-0.2566160389661789,-0.11473744087517265,0.016,-0.008,0.04,0.02816907681851056,0.012876188869652538,0.043761668109527446,True
mediation_aware_recourse,False,3.0,5.0,1.0,250,0.4528917100429535,0.407395195671916,0.49883529455363745,0.3039409217677497,0.25982045200893694,0.34662592861044306,0.15430171451983035,0.14110655554408666,0.16725245611416817,0.8353516666666667,0.8262773697916667,0.8443433541666666,0.024469085074495526,0.020987094695074485,0.02767798589929007,0.049452416370250774,0.038648424370286684,0.06013799410687865,-0.20351450969096355,-0.22149411763245794,-0.18461675831695673,0.21355067151819782,0.1966367542984457,0.2313468422186756,0.044,0.02,0.068,0.0,0.0,0.0,0.0,0.0,0.0,-0.13190578400966588,-0.14619895024035326,-0.1185894233600416,-3.1153602721300455,-4.217252504310929,-2.410418276268278,-1.738249017219927,-1.962383179475402,-1.5411991158415064,0.588,0.528,0.648,0.17292034114863028,0.1546835171825144,0.19224297219108025,0.6074467184961048,0.2613005376862446,1.060633123682167,-0.18710051763057708,-0.26245598812401294,-0.11619083997011187,0.024,-9.999999999999431e-05,0.052,0.026563794013738942,0.009781790580027337,0.044249724313718625,False
transport_anchor_only,False,10.0,0.0,1.0,250,1.0669141305685044,1.0026259855508806,1.1267158777981996,0.10663736030517003,0.0844141766097678,0.13083513511391953,0.19358004028104067,0.18474484628365534,0.20243709468569737,0.8895552083333333,0.8809858958333334,0.8980594427083334,0.024469085074495526,0.020987094695074485,0.02767798589929007,0.049452416370250774,0.038648424370286684,0.06013799410687865,-0.30814269506985736,-0.31920063605562965,-0.2966334575123005,0.31106971431404157,0.30032035948655356,0.32204861484201286,0.144,0.104,0.188,0.0,0.0,0.0,0.0,0.0,0.0,-0.23228187108592765,-0.24473651160655213,-0.21969533308569958,-5.231094811683007,-7.0296312112589385,-4.111272665890771,-3.0610009800899425,-3.5157629172121547,-2.6772313150517006,0.78,0.728,0.8280999999999998,0.25507082794374,0.2359287327021151,0.2732950429090963,0.07783864052939204,0.013898682968201804,0.15624292323496697,-0.03185175716876984,-0.060633089953660964,-0.009511300602555282,-0.008,-0.024,0.008,0.003825847738091347,0.0006607181696971603,0.00714833090293665,False
mediation_aware_recourse,False,10.0,0.5,1.0,250,1.0686851879358292,1.0033203521162273,1.1289749423891307,0.10638329182355759,0.08415855795588027,0.130565356361751,0.19023955395424008,0.1813666059082211,0.19900432502364304,0.8913739583333333,0.882980828125,0.899587078125,0.024469085074495526,0.020987094695074485,0.02767798589929007,0.049452416370250774,0.038648424370286684,0.06013799410687865,-0.31216191187631714,-0.3239836838426852,-0.3001163815179438,0.3149879154064204,0.3036969746988196,0.326363123639796,0.152,0.112,0.1960999999999999,0.0,0.0,0.0,0.0,0.0,0.0,-0.23630108789238743,-0.2496362810670542,-0.22333048574746667,-5.3123692387275385,-7.173342484690121,-4.184288121940533,-3.1139660544896417,-3.5820751085089393,-2.7199825162939812,0.78,0.728,0.8280999999999998,0.2581595552473392,0.2388278635064641,0.27716346802872177,-0.0034357865151397604,-0.06583866056084861,0.05500539839917098,-0.030080699801445007,-0.05826110619902611,-0.00753871214389801,0.0,-0.012,0.012,-0.00019336906836845902,-0.0032802440789243058,0.0026066409810423783,False
mediation_aware_recourse,False,10.0,1.0,1.0,250,1.0771094286441802,1.0134978663176297,1.137400116288662,0.1055215351755864,0.08315994556281832,0.12948749138683088,0.18687238571331743,0.17830862924109217,0.19544321045917556,0.89367625,0.8853491927083333,0.901462734375,0.024469085074495526,0.020987094695074485,0.02767798589929007,0.049452416370250774,0.038648424370286684,0.06013799410687865,-0.3172081712044554,-0.32930819806266093,-0.3050877428972432,0.31922862359190296,0.3078520521626009,0.33112043648131284,0.156,0.116,0.204,0.0,0.0,0.0,0.0,0.0,0.0,-0.24134734722052564,-0.25424469315213966,-0.22833077598466672,-5.414411963806064,-7.356232129840193,-4.24310681359408,-3.1804654531599086,-3.6460865195414316,-2.7854586713766145,0.78,0.728,0.8280999999999998,0.26013937777578316,0.24044169000389398,0.279063357224472,-0.10547851159366495,-0.19860149862982188,-0.03098991542849643,-0.021656459093093872,-0.050720540454983705,0.0019190702259540434,0.004,0.0,0.012,-0.005239628396506649,-0.008783964063116675,-0.0016462794824957153,False
mediation_aware_recourse,False,10.0,2.0,1.0,250,1.091092724442482,1.028526030164957,1.1496846301585437,0.10445336905737639,0.08219801863718142,0.12829556299824316,0.18379179757108785,0.17573876357796045,0.19203023368289768,0.8950414583333334,0.8871490833333332,0.9024932968749999,0.024469085074495526,0.020987094695074485,0.02767798589929007,0.049452416370250774,0.038648424370286684,0.06013799410687865,-0.3227924550793739,-0.33527122481421534,-0.3106455656031197,0.3242473707299553,0.3122556594451676,0.33641374362858467,0.164,0.12,0.208,0.0,0.0,0.0,0.0,0.0,0.0,-0.24693163109544417,-0.25975106911916657,-0.23381719531766154,-5.52733433008861,-7.50330528675845,-4.345500828326086,-3.2540549172636437,-3.745047914194706,-2.846639568451143,0.78,0.728,0.8280999999999998,0.2632763951299986,0.24343178340301724,0.28239596496019154,-0.21840087787621165,-0.3734015835296183,-0.11746145436948516,-0.007673163294792175,-0.03945413318574428,0.018546668818593022,0.012,-0.008,0.036,-0.010823912271425151,-0.01598125541695882,-0.005881313776057202,False
mediation_aware_recourse,False,10.0,4.502993139022535,1.0,250,1.1326023944616317,1.0699720542818307,1.1908362608850003,0.1025023322612125,0.07986717958572082,0.12657859677313607,0.17638775060636502,0.16825999723378274,0.18398739069669565,0.8984477083333333,0.8902814947916667,0.9060007239583333,0.024469085074495526,0.020987094695074485,0.02767798589929007,0.049452416370250774,0.038648424370286684,0.06013799410687865,-0.331631690819178,-0.3452037874511101,-0.318728721095973,0.3329222579367057,0.3202534255480993,0.34576699505597897,0.208,0.16,0.256,0.0,0.0,0.0,0.0,0.0,0.0,-0.25577086683524836,-0.268450682026408,-0.24289801731111024,-5.706076571390323,-7.728343002944258,-4.472406233876655,-3.370538003680566,-3.866032802124264,-2.954775020381343,0.78,0.728,0.8280999999999998,0.26939458679269557,0.24927126473390057,0.2892766196070243,-0.3971431191779242,-0.6171971264897612,-0.2392473220472549,0.033836506724357604,-0.00228664721250534,0.06710834165215493,0.056,0.024,0.088,-0.019663148011229314,-0.026619356402927404,-0.012847537790108339,True
mediation_aware_recourse,False,10.0,5.0,1.0,250,1.1461684914827346,1.0834525978386402,1.2079851716816425,0.10227757483940265,0.07948949218914567,0.12603821496598303,0.17375075166565362,0.16617525756739296,0.18122527335858085,0.899456875,0.8912781406250001,0.9071787447916667,0.024469085074495526,0.020987094695074485,0.02767798589929007,0.049452416370250774,0.038648424370286684,0.06013799410687865,-0.33325420973124226,-0.3470493376000812,-0.3199062697950392,0.33457294501338836,0.3217248271389855,0.3475816076413444,0.216,0.168,0.268,0.0,0.0,0.0,0.0,0.0,0.0,-0.25739338574731263,-0.2698999071595869,-0.24454444619343968,-5.738886270716569,-7.7607087033682784,-4.507806495189311,-3.3919194914257105,-3.886346609703083,-2.988442455753017,0.78,0.728,0.8280999999999998,0.27101710570475984,0.250902917762396,0.2906538269740809,-0.42995281850417033,-0.6583990541904612,-0.26336619493885854,0.04740260374546051,0.011277596080303194,0.08296553151905535,0.064,0.028,0.104,-0.021285666923293582,-0.029128471195941644,-0.013882951273862229,False
transport_anchor_only,False,30.0,0.0,1.0,250,1.199866786122322,1.1395946057617665,1.257479304778576,0.09630357502842193,0.07502684966206101,0.11948450239407564,0.1893927256425927,0.18132541446430173,0.19709434432112027,0.8988258333333333,0.8926152708333333,0.9049461614583334,0.024469085074495526,0.020987094695074485,0.02767798589929007,0.049452416370250774,0.038648424370286684,0.06013799410687865,-0.3292489868212025,-0.34023510348815417,-0.31725992119582663,0.3309598877678307,0.31984694383146434,0.3431720443683507,0.288,0.236,0.348,0.0,0.0,0.0,0.0,0.0,0.0,-0.2533647017142103,-0.26532502453843415,-0.2414065448127434,-5.657894820671892,-7.601930703070972,-4.474742123892937,-3.3388296583012096,-3.811862443248301,-2.933579293763792,0.796,0.744,0.844,0.2714002959046575,0.251603500445544,0.2910158794444717,-0.06267073499784548,-0.13512074530661,-0.003639519877309112,-0.0013538579940795899,-0.00847537112236023,0.00441379714012146,-0.012,-0.028,0.0,-0.0030992192813431066,-0.006136687697944318,-0.00016800756949391626,False
mediation_aware_recourse,False,30.0,0.5,1.0,250,1.202240623831749,1.1415676933914425,1.2598504834800959,0.09621374216557999,0.07496459583176067,0.1194256490176765,0.1852312316996844,0.17731336216278396,0.1931528477860602,0.9002625000000001,0.8942517604166667,0.9064320156250001,0.024469085074495526,0.020987094695074485,0.02767798589929007,0.049452416370250774,0.038648424370286684,0.06013799410687865,-0.33433327677130975,-0.3459536202720515,-0.3219131648229758,0.33597683811039686,0.32463429315266734,0.3486759447912443,0.292,0.24,0.348,0.0,0.0,0.0,0.0,0.0,0.0,-0.2584489916643175,-0.27083573977022435,-0.24535857507192552,-5.760706580405554,-7.748945668657464,-4.560197141187287,-3.405830222949591,-3.8925762433155984,-2.9978777955949294,0.796,0.744,0.844,0.27488907871995244,0.25416725348945246,0.29475684486467374,-0.16548249473150722,-0.2589610083067236,-0.09514996581928652,0.00101997971534729,-0.00712151312828064,0.0067876348495483395,-0.008,-0.02,0.0,-0.00818350923145032,-0.011721102922819396,-0.0048296251593990995,False
mediation_aware_recourse,False,30.0,1.0,1.0,250,1.2046144613027572,1.1422509094476698,1.2605759522259237,0.09613803629171941,0.07482555158562451,0.11935546446781396,0.18193519697687224,0.17429309345378033,0.18982531420122092,0.90232875,0.896578546875,0.9082433541666666,0.024469085074495526,0.020987094695074485,0.02767798589929007,0.049452416370250774,0.038648424370286684,0.06013799410687865,-0.3392219740523759,-0.3518510367783745,-0.3264980105854358,0.3406060488985939,0.3288075364919439,0.35355722162685876,0.3,0.248,0.356,0.0,0.0,0.0,0.0,0.0,0.0,-0.26333768894538373,-0.2761496601305651,-0.2503908180174235,-5.859563171041377,-7.872745645126648,-4.639610198307608,-3.4702532754191955,-3.972263623705616,-3.054298923428712,0.796,0.744,0.844,0.2781126032529586,0.2570166715381694,0.29845599606216966,-0.26433908536733064,-0.391693417985178,-0.16436137562463785,0.0033938171863555906,-0.0064445843696594235,0.013909147745370866,0.0,-0.016,0.016,-0.01307220651251649,-0.016957318749384827,-0.008825301568935965,False
mediation_aware_recourse,False,30.0,2.0,1.0,250,1.218514436841011,1.1582037481337786,1.2743032613575458,0.09581423664044066,0.0745511108547141,0.1188633235418005,0.17846244759090457,0.17108320050382356,0.1865723710112805,0.9039264583333334,0.8982153854166667,0.9095920260416667,0.024469085074495526,0.020987094695074485,0.02767798589929007,0.049452416370250774,0.038648424370286684,0.06013799410687865,-0.34458565782884976,-0.35812850266400376,-0.3310482804399092,0.34599586562100754,0.3337014778187528,0.35916739187992053,0.324,0.268,0.38,0.0,0.0,0.0,0.0,0.0,0.0,-0.2687013727218575,-0.2828565910630716,-0.25569234975515037,-5.968024681522804,-8.002530168486283,-4.727677898610159,-3.540935680464079,-4.04333714075561,-3.114812463512996,0.796,0.744,0.844,0.28369553167961326,0.2617232070760034,0.304425842229019,-0.3728005958487577,-0.5223640295506292,-0.2586457328635284,0.017293792724609375,0.005064630234241487,0.03154516570568084,0.024,0.0,0.048,-0.01843589028899035,-0.02374896505569847,-0.013374472222721232,False
mediation_aware_recourse,False,30.0,4.502993139022535,1.0,250,1.290146765589714,1.23588519705534,1.3373989948421716,0.0948539045364362,0.07344498448441723,0.1182703502952865,0.16433764509907986,0.15800559286736748,0.17105984835705576,0.9079420833333334,0.9025250208333332,0.9136448229166666,0.024469085074495526,0.020987094695074485,0.02767798589929007,0.049452416370250774,0.038648424370286684,0.06013799410687865,-0.3610301822706926,-0.37478446866821613,-0.34649156991801394,0.3621419614762731,0.3484532501349918,0.37599654924193837,0.396,0.34,0.456,0.0,0.0,0.0,0.0,0.0,0.0,-0.2851458971637004,-0.29867015887899967,-0.2718375257681482,-6.300556954945452,-8.447201566595814,-4.9972281767705065,-3.757640949791676,-4.270467563958852,-3.3189686111904044,0.796,0.744,0.844,0.29620678403246353,0.27408885991285253,0.3177831784980113,-0.7053328692714054,-0.9475264810477744,-0.5350261011661024,0.08892612147331237,0.06449642820358277,0.11425954479575155,0.096,0.055900000000000005,0.14,-0.034880414730833226,-0.04189823902940572,-0.027906942199583423,True
mediation_aware_recourse,False,30.0,5.0,1.0,250,1.3037128623723984,1.2518544173538684,1.3512691805183887,0.09472834706928117,0.07333294195363017,0.1181881237576348,0.16211725245219713,0.15589804340195199,0.1685882048516397,0.9084627083333333,0.9030129583333334,0.9140347135416667,0.024469085074495526,0.020987094695074485,0.02767798589929007,0.049452416370250774,0.038648424370286684,0.06013799410687865,-0.3613984831753285,-0.37609390825545747,-0.34644809801807874,0.3626388229385285,0.3490713998624982,0.3764866289091708,0.408,0.352,0.468,0.0,0.0,0.0,0.0,0.0,0.0,-0.28551419806833633,-0.2986191217199217,-0.2726237680133734,-6.308004536513124,-8.46781821489404,-4.987161114817553,-3.762494404022899,-4.265269044451734,-3.3295297575702643,0.796,0.744,0.844,0.2965750849370994,0.27413674764962404,0.31824633106144573,-0.7127804508390776,-0.9455556812477054,-0.524204160455163,0.1024922182559967,0.07604589609503747,0.12934560033679007,0.108,0.06,0.1520999999999999,-0.035248715635469094,-0.042622816195071724,-0.027395372137308943,False
transport_anchor_only,False,0.0,0.0,2.0,250,0.0,0.0,0.0,0.6452613875954911,0.6123165632024506,0.6747243857223615,0.10621573160419596,0.09089308507321375,0.12133135235159707,0.7832066666666667,0.7734053333333333,0.7928878333333333,0.024469085074495526,0.020987094695074485,0.02767798589929007,0.049452416370250774,0.038648424370286684,0.06013799410687865,0.049452416370250774,0.03851750929470607,0.06054612293356955,0.09967104610381244,0.09056829554809362,0.10868070209949159,0.008,0.0,0.02,0.0,0.0,0.0,0.0,0.0,0.0,0.0,0.0,0.0,0.0,0.0,0.0,0.0,0.0,0.0,0.0,0.0,0.0,0.0,0.0,0.0,0.0,0.0,0.0,0.0,0.0,0.0,0.0,0.0,0.0,0.0,0.0,0.0,False
mediation_aware_recourse,False,0.0,0.5,2.0,250,0.0,0.0,0.0,0.6452613875954911,0.6123165632024506,0.6747243857223615,0.10621573160419596,0.09089308507321375,0.12133135235159707,0.7832066666666667,0.7734053333333333,0.7928878333333333,0.024469085074495526,0.020987094695074485,0.02767798589929007,0.049452416370250774,0.038648424370286684,0.06013799410687865,0.049452416370250774,0.03851750929470607,0.06054612293356955,0.09967104610381244,0.09056829554809362,0.10868070209949159,0.008,0.0,0.02,0.0,0.0,0.0,0.0,0.0,0.0,0.0,0.0,0.0,0.0,0.0,0.0,0.0,0.0,0.0,0.0,0.0,0.0,0.0,0.0,0.0,0.0,0.0,0.0,0.0,0.0,0.0,0.0,0.0,0.0,0.0,0.0,0.0,False
mediation_aware_recourse,False,0.0,1.0,2.0,250,0.0033938171863555906,0.0,0.008484542965888978,0.646942015190973,0.6154237015448112,0.6761492785892398,0.10547169569118141,0.09030894143725846,0.12061974865398387,0.7818322916666667,0.7724470677083333,0.7916872760416668,0.024469085074495526,0.020987094695074485,0.02767798589929007,0.049452416370250774,0.038648424370286684,0.06013799410687865,0.04992071221148444,0.03902202707422289,0.06129786022194798,0.09939973117036607,0.0902801812246284,0.10823288128860016,0.008,0.0,0.02,0.0,0.0,0.0,0.0,0.0,0.0,0.00011029833540210085,-0.0001558086173252959,0.0004867036235315985,-0.009469625057904718,-0.028856903001121065,0.0,0.0014535069447724203,-0.0019611844814785397,0.0063065454197989744,0.004,0.0,0.012,0.0001270625471406871,0.0,0.0003811876414220613,-0.009469625057904718,-0.0314662071875254,0.0,0.0033938171863555906,0.0,0.008484542965888978,0.0,0.0,0.0,0.00011029833540210085,-0.0001558086173252959,0.0004867036235315985,False
mediation_aware_recourse,False,0.0,2.0,2.0,250,0.027150537490844725,0.015272177338600158,0.04072580623626709,0.6733828833385274,0.6443386988288698,0.7019212877692452,0.09237478853423949,0.07930154601221938,0.10586965876816369,0.780405625,0.7710687395833332,0.7898365989583334,0.024469085074495526,0.020987094695074485,0.02767798589929007,0.049452416370250774,0.038648424370286684,0.06013799410687865,0.06040604582598832,0.04989864427261085,0.07189140686177516,0.0991833930849749,0.09016535883262895,0.10802310458397883,0.008,0.0,0.02,0.0,0.0,0.0,0.0,0.0,0.0,-0.004186913911392873,-0.00838133632644372,-0.00013141258784478502,-0.22149836670725254,-0.38845710436678527,-0.09526152375299271,-0.055174979977601124,-0.11054465073592933,-0.0032912239175038266,0.04,0.019900000000000004,0.068,0.005566491551966222,0.002184511818737539,0.009800725351111482,-0.22149836670725254,-0.3906249074350106,-0.11064797834923305,0.027150537490844725,0.015272177338600158,0.04072580623626709,0.0,0.0,0.0,-0.004186913911392873,-0.008399088457521782,-0.000204569865570923,False
mediation_aware_recourse,False,0.0,4.502993139022535,2.0,250,0.13235887026786805,0.1102990585565567,0.15781249916553497,0.779754992399118,0.7619150068461098,0.7955549851419156,0.046863542850388865,0.04067220534301374,0.053034207344015545,0.7971020833333333,0.7879843177083333,0.8066878489583333,0.024469085074495526,0.020987094695074485,0.02767798589929007,0.049452416370250774,0.038648424370286684,0.06013799410687865,0.09742912677637489,0.08592420920307009,0.10938642370764247,0.11189466762440212,0.10066723031138344,0.12276273029146749,0.004,0.0,0.016,0.0,0.0,0.0,0.0,0.0,0.0,-0.028721699812047294,-0.03613235040235739,-0.0212531850590209,-0.9701590726512122,-1.4461781854074822,-0.655455075069764,-0.37849338333426297,-0.48734236989445423,-0.27744801824569654,0.1,0.064,0.14,0.016101656863676317,0.010064833685139727,0.022901869379670058,-0.9701590726512122,-1.440178458640548,-0.6773638143581246,0.13235887026786805,0.1102990585565567,0.15781249916553497,-0.004,-0.012,0.0,-0.028721699812047294,-0.036344196240456116,-0.02137323190673184,True
mediation_aware_recourse,False,0.0,5.0,2.0,250,0.14593413901329041,0.12217741870880126,0.17308467650413514,0.7893647966725483,0.7743374860680473,0.8026692645650311,0.04321485591799445,0.037969726419060656,0.04872682675933255,0.798841875,0.7896913229166667,0.8080796354166666,0.024469085074495526,0.020987094695074485,0.02767798589929007,0.049452416370250774,0.038648424370286684,0.06013799410687865,0.10097132905186414,0.0892040831592702,0.1131662076570708,0.11192719961093495,0.10075289954745134,0.1224621026321947,0.004,0.0,0.016,0.0,0.0,0.0,0.0,0.0,0.0,-0.029966203961458285,-0.03747827653273032,-0.0223574128421745,-1.0417875700125694,-1.5537967980616558,-0.7043822686531533,-0.3948934080252291,-0.5039292452812129,-0.29177507397948393,0.112,0.072,0.156,0.017535644996367544,0.011370956633035193,0.024450667842081535,-1.0417875700125694,-1.526271645224055,-0.7309927898171419,0.14593413901329041,0.12217741870880126,0.17308467650413514,-0.004,-0.012,0.0,-0.029966203961458285,-0.03742791448074737,-0.022438574498408997,False
transport_anchor_only,False,1.0,0.0,2.0,250,0.09038104808330535,0.06551635277271271,0.1144362172037363,0.5573123850937461,0.5212020146275588,0.5929572769219729,0.13946994849312117,0.12306071430573838,0.15604862156692945,0.7640216666666667,0.7557015,0.7722707083333332,0.024469085074495526,0.020987094695074485,0.02767798589929007,0.049452416370250774,0.038648424370286684,0.06013799410687865,0.008378421406848921,-0.004298531695122058,0.020197630090512602,0.09889943717430486,0.08936089153472111,0.10850589302926186,0.012,0.0,0.028,0.0,0.0,0.0,0.0,0.0,0.0,0.00537746065858799,-0.001471393292395922,0.01254611061469592,0.8305760967448064,0.6039222933014065,0.9896747937022472,0.07086395623291586,-0.017772863694795887,0.15127008587061236,0.092,0.056,0.128,0.017848267152406932,0.010268829028825,0.0259678409783676,0.5345965584563136,0.04778383558504318,1.0315019023051157,-0.026565860509872436,-0.05312746441364288,-0.0008879315704107302,0.004,0.0,0.012,0.029914364662319805,0.02036393778706088,0.040040932805386086,False
mediation_aware_recourse,False,1.0,0.5,2.0,250,0.08101097643375396,0.05784318971633911,0.10419348649084567,0.5651098790903345,0.5287635872284954,0.600655735641832,0.13396881428543633,0.11795494628387647,0.15010849843386986,0.7655372916666666,0.7570382812500001,0.7740398333333333,0.024469085074495526,0.020987094695074485,0.02767798589929007,0.049452416370250774,0.038648424370286684,0.06013799410687865,0.010964494561117977,-0.002136904890966476,0.02336766303651557,0.10089608139172293,0.09098904894469566,0.11093387802121955,0.012,0.0,0.028,0.0,0.0,0.0,0.0,0.0,0.0,0.0030326250746879643,-0.0037429640610329154,0.009493266901410221,0.7782819250119815,0.5408089758656002,0.9801443004505648,0.03996380898116314,-0.04842340583514661,0.11689296675593033,0.096,0.06,0.132,0.017727648367222414,0.009737798838416632,0.02625915132771766,0.4823023867234887,-0.02707816159628132,1.0155406884315956,-0.035935932159423825,-0.06280700078010559,-0.011141678184270861,0.004,0.0,0.012,0.027569529078419776,0.01815917198012548,0.03735724869828138,False
mediation_aware_recourse,False,1.0,1.0,2.0,250,0.0495069442987442,0.03150403213500977,0.06839723886549472,0.592125253946204,0.5564831308441305,0.6257515840656828,0.12205389950236777,0.10652153195998289,0.1375188081069776,0.77234,0.7630658750000001,0.7813425364583333,0.024469085074495526,0.020987094695074485,0.02767798589929007,0.049452416370250774,0.038648424370286684,0.06013799410687865,0.022206987829468068,0.009167411674279535,0.03478781773939663,0.10158670274776825,0.09163953250402919,0.1110870362460236,0.012,0.0,0.028,0.0,0.0,0.0,0.0,0.0,0.0,0.0004929165291056617,-0.005037276222168571,0.00601988945373861,0.5509423106202918,0.3268900473687643,0.8121335905230014,0.006495633824719627,-0.06707023889614892,0.07057167942893457,0.06,0.032,0.088,0.013376256005838522,0.00627430136765335,0.021222774648261677,0.254962772331799,-0.2225852688068746,0.8510965402875311,-0.0674399642944336,-0.09333848583698273,-0.04152486569285394,0.004,0.0,0.012,0.025029820532837477,0.016221546052431045,0.03417835467606244,False
mediation_aware_recourse,False,1.0,2.0,2.0,250,0.012763888835906982,0.0033938171863555906,0.022945340394973753,0.6336341263552648,0.5996372046246575,0.6652811700725191,0.10865319159926695,0.09341968715392278,0.12407353530360589,0.7794002083333333,0.7699401666666665,0.7891337291666666,0.024469085074495526,0.020987094695074485,0.02767798589929007,0.049452416370250774,0.038648424370286684,0.06013799410687865,0.04207859693241615,0.030261199102322535,0.053884094066766274,0.10110279776215342,0.09183877888213193,0.11030668079249868,0.012,0.0,0.028,0.0,0.0,0.0,0.0,0.0,0.0,-0.0016866713601751831,-0.004666399887596199,0.0006510501811655954,0.14910938593226186,0.03581045211515771,0.2969498670427598,-0.02222688607788914,-0.06809334057513122,0.008986002791330092,0.02,0.004,0.036,0.004530245399004906,0.0009578853974846005,0.009484098657463021,-0.1468701523562309,-0.5371211596637604,0.2891228700310558,-0.10418301975727082,-0.13511840280294418,-0.07407930111885071,0.004,0.0,0.012,0.02285023264355663,0.014505031968494063,0.03102080071550703,False
mediation_aware_recourse,False,1.0,4.502993139022535,2.0,250,0.05158418667316437,0.035275106397271154,0.07025018119812011,0.6759245798605324,0.6468538267321732,0.70433437289387,0.08365559138463069,0.07254696296462473,0.09508609106122268,0.7827460416666667,0.7735201458333334,0.79277415625,0.024469085074495526,0.020987094695074485,0.02767798589929007,0.049452416370250774,0.038648424370286684,0.06013799410687865,0.056259218239709224,0.04355311081547359,0.0688419754151418,0.10156527336152554,0.09234452485403354,0.11081999803421078,0.012,0.0,0.028,0.0,0.0,0.0,0.0,0.0,0.0,-0.009210611730522192,-0.015224044754675484,-0.00384545712508646,-0.13764346353666213,-0.30856297572417957,0.025582633002598238,-0.12137706400654369,-0.20528486014251293,-0.04926527249488787,0.052,0.024,0.08,0.007734116517212791,0.0034552340586620307,0.013099834949642095,-0.4336230018251549,-0.8325161752100179,-0.012576829763690988,-0.06536272192001343,-0.10229307477772236,-0.02868860023617745,0.004,0.0,0.012,0.015326292273209625,0.005096324303051975,0.025269862281092997,True
mediation_aware_recourse,False,1.0,5.0,2.0,250,0.0736439983844757,0.053281095266342164,0.0933468958467245,0.7009554218576567,0.6725155078568041,0.7293417731617442,0.07180644012427413,0.06167481745190531,0.08230550775053098,0.7873727083333333,0.7782061927083332,0.7973318854166666,0.024469085074495526,0.020987094695074485,0.02767798589929007,0.049452416370250774,0.038648424370286684,0.06013799410687865,0.06338374741118852,0.04993122538700554,0.0766981044603948,0.10459965619918742,0.09444053623196887,0.11369864374403882,0.012,0.0,0.028,0.0,0.0,0.0,0.0,0.0,0.0,-0.014959926294771395,-0.021744444378505905,-0.008682656877909272,-0.2817118366195439,-0.4917218872563516,-0.10245812589298627,-0.1971412957726204,-0.2922668768042586,-0.11881160414473325,0.056,0.028,0.088,0.008470394880949353,0.004010290662862232,0.014022803490413247,-0.5776913749080367,-1.01699778513752,-0.15819933340122158,-0.04330291020870209,-0.08462162206768989,-0.0049752589672804074,0.004,0.0,0.012,0.00957697770896042,-0.0010720556035569196,0.020034214046414877,False
transport_anchor_only,False,3.0,0.0,2.0,250,0.520740537762642,0.46438992531597617,0.5811344881922007,0.2585509388356746,0.21679779244778805,0.29820586345947603,0.18417974497262862,0.17022348599518594,0.19797453430053952,0.83179125,0.82171453125,0.8414225416666667,0.024469085074495526,0.020987094695074485,0.02767798589929007,0.049452416370250774,0.038648424370286684,0.06013799410687865,-0.19577296767872263,-0.21296270491742328,-0.17873018058079587,0.2138796001774054,0.19817860460000547,0.22873341175639805,0.02,0.004,0.04,0.0,0.0,0.0,0.0,0.0,0.0,-0.1258880763628798,-0.14084597946045926,-0.11228264024991355,-2.958814999311021,-4.022920138066604,-2.3095504469307913,-1.6589479124088116,-1.900154403770394,-1.438106453051321,0.624,0.564,0.684,0.17812554574048145,0.159543082038358,0.19694325293156079,0.7639919913151294,0.4855656790998504,1.1374450541727283,-0.11925168991088868,-0.17061928713917732,-0.0698748068958521,0.0,0.0,0.0,0.03258150166052505,0.021830815045691974,0.043624468861964145,False
mediation_aware_recourse,False,3.0,0.5,2.0,250,0.5078513703346252,0.44947099955081943,0.5693001236915588,0.26354269505250394,0.22066569903429348,0.3052648503657865,0.18094765150385952,0.16760673154682038,0.1941087395462025,0.8310422916666667,0.8211647239583333,0.840982734375,0.024469085074495526,0.020987094695074485,0.02767798589929007,0.049452416370250774,0.038648424370286684,0.06013799410687865,-0.19768392494000778,-0.214650085677869,-0.18000295659874185,0.21422190624439383,0.19775107076294712,0.22946265516914008,0.02,0.004,0.04,0.0,0.0,0.0,0.0,0.0,0.0,-0.12676649642411406,-0.14127505937666396,-0.11412268930403333,-2.9974573428312605,-4.065286938987478,-2.370523183418068,-1.6705236959850258,-1.9100579753611397,-1.4524242496259963,0.624,0.564,0.684,0.17952023440174114,0.16153357876347202,0.19822550166850958,0.7253496477948898,0.43740919909612336,1.1149138674264256,-0.13214085733890532,-0.18908097901046275,-0.07882095627486709,0.0,0.0,0.0,0.03170308159929078,0.020703936636128614,0.04311469355852457,False
mediation_aware_recourse,False,3.0,1.0,2.0,250,0.49610746097564695,0.43836975041627885,0.5539710255980491,0.26838286330485883,0.22550991349314534,0.30965387972643577,0.17782624164136812,0.16419093512056532,0.19177089997801358,0.8307337499999999,0.82115734375,0.8402958385416667,0.024469085074495526,0.020987094695074485,0.02767798589929007,0.049452416370250774,0.038648424370286684,0.06013799410687865,-0.1977226063006985,-0.2141870699695034,-0.18036975738226574,0.21377204500450955,0.19705931204415836,0.22876899449886498,0.02,0.004,0.04,0.0,0.0,0.0,0.0,0.0,0.0,-0.12664533128591368,-0.14071174822341767,-0.1135886755530917,-2.9982395363726457,-4.021057381653045,-2.3821887598915312,-1.6689269867582137,-1.8983886659059,-1.441291650673329,0.616,0.552,0.676,0.17880039531474712,0.16063365178679012,0.19807353481520734,0.7245674542535046,0.43586668182531224,1.1259396739324428,-0.1438847666978836,-0.20052097502052782,-0.08783105456829075,0.0,0.0,0.0,0.03182424673749116,0.019963343603461834,0.043314476891444596,False
mediation_aware_recourse,False,3.0,2.0,2.0,250,0.46719503819942476,0.41762863780260084,0.519930079010129,0.2818396332339032,0.2381285204974221,0.3231775308634616,0.1721253877074925,0.15841891157282947,0.18625580617684767,0.82892125,0.8194288125,0.8387786041666668,0.024469085074495526,0.020987094695074485,0.02767798589929007,0.049452416370250774,0.038648424370286684,0.06013799410687865,-0.1965003501246165,-0.21422234226459708,-0.177717853416944,0.21150941892868164,0.19550499944682975,0.2272099270400421,0.024,0.008,0.044,0.0,0.0,0.0,0.0,0.0,0.0,-0.1257191521962337,-0.1398646665471658,-0.11363754839261671,-2.9735237334696905,-3.9987373264737527,-2.365902337627153,-1.6567218366619305,-1.8901114450374934,-1.4398095458452311,0.6,0.536,0.656,0.17541033922500388,0.15659850963049562,0.19506930488533172,0.7492832571564598,0.4208025478789694,1.146524617996258,-0.17279718947410583,-0.2389280451476574,-0.11181455521881582,0.004,0.0,0.012,0.032750425827171144,0.019177861615234906,0.04674097545731813,False
mediation_aware_recourse,False,3.0,4.502993139022535,2.0,250,0.39279061257839204,0.35083132294416425,0.4392769128859043,0.32962297261103174,0.2830790681260148,0.3732367345254938,0.15546132443049862,0.14150738293789106,0.16991620228618465,0.8212520833333333,0.8122326927083334,0.8303126145833333,0.024469085074495526,0.020987094695074485,0.02767798589929007,0.049452416370250774,0.038648424370286684,0.06013799410687865,-0.18183491998054616,-0.20018266350192704,-0.16301081907894938,0.197412554914588,0.1807644413206935,0.21456503651027245,0.02,0.004,0.04,0.0,0.0,0.0,0.0,0.0,0.0,-0.11293210470209482,-0.1270252191847992,-0.09992114575299743,-2.676967342083876,-3.6243177504546567,-2.0846671076783543,-1.4882146486965975,-1.6809525599458504,-1.3045909005714207,0.552,0.492,0.6120999999999999,0.1590608985171026,0.14116547603507273,0.17945316790634544,1.045839648542274,0.6821162387258632,1.5586049990342499,-0.24720161509513855,-0.3204945876032114,-0.17779937953352928,0.0,-0.02,0.02,0.04553747332131,0.031006534048212377,0.061620752542185186,True
mediation_aware_recourse,False,3.0,5.0,2.0,250,0.3882285181283951,0.34742615424096585,0.43306006125211716,0.34109966873066033,0.29394989540253574,0.3865252371670471,0.14982465742516443,0.13640860996554974,0.16371455604394358,0.8196756250000001,0.8102686197916668,0.8287346145833334,0.024469085074495526,0.020987094695074485,0.02767798589929007,0.049452416370250774,0.038648424370286684,0.06013799410687865,-0.17987027458959795,-0.1985909883843605,-0.15991386992559356,0.19637724728501238,0.17880622887625558,0.21457176081614532,0.024,0.008,0.044,0.0,0.0,0.0,0.0,0.0,0.0,-0.11234765779938839,-0.12653500751381477,-0.09867598058381755,-2.637239346261814,-3.5801978583290373,-2.0415014068427766,-1.48051283135876,-1.6736949209405902,-1.2985273529197405,0.54,0.48,0.6,0.155029349575457,0.13780050611384978,0.17489449221873685,1.0855676443643363,0.6861651885591232,1.6039520715761726,-0.2517637095451355,-0.32949173963069917,-0.174752625772357,0.004,-0.016,0.024,0.046121920224016434,0.02938712555060881,0.06303023751237825,False
transport_anchor_only,False,10.0,0.0,2.0,250,1.0692138193845748,1.0033579406738282,1.1289214237749576,0.10672172537893682,0.0844310549173179,0.13070684282561126,0.19503257973860888,0.18608106671329797,0.20411811962938625,0.8875104166666667,0.878978703125,0.8957937083333334,0.024469085074495526,0.020987094695074485,0.02767798589929007,0.049452416370250774,0.038648424370286684,0.06013799410687865,-0.3062856246759281,-0.31728442962671705,-0.29450369588985525,0.3092243523033015,0.2984264234808684,0.31997276856690404,0.136,0.09990000000000002,0.176,0.0,0.0,0.0,0.0,0.0,0.0,-0.23042480069199847,-0.24320697581584547,-0.21771467874826117,-5.193542139230657,-6.98017219544728,-4.087697531437724,-3.0365285825268513,-3.4861015580613453,-2.6551599669666603,0.78,0.728,0.8280999999999998,0.2533742185160976,0.23403389815539855,0.2716480213516379,0.11539131298174166,0.03833150851830065,0.20720022417046507,-0.02955206835269928,-0.058617657265067104,-0.0068239246040582655,-0.016,-0.036,0.004,0.005682918132020509,0.001951879212419151,0.00968537653125293,False
mediation_aware_recourse,False,10.0,0.5,2.0,250,1.0675169105529785,1.0015637581139802,1.1284858053386213,0.10671316483346854,0.08438855821636045,0.13093530463081227,0.1936708473201498,0.18463215114348028,0.20251021336332006,0.888484375,0.8799217239583332,0.896718703125,0.024469085074495526,0.020987094695074485,0.02767798589929007,0.049452416370250774,0.038648424370286684,0.06013799410687865,-0.3078799636179158,-0.31908507129513997,-0.2958399173828304,0.3108219000619858,0.30012795664827846,0.3213910548029189,0.144,0.10790000000000001,0.188,0.0,0.0,0.0,0.0,0.0,0.0,-0.23201913963398613,-0.24503996715158397,-0.2188274788335924,-5.225781998453123,-7.063079165420039,-4.115855143793309,-3.05753871578092,-3.5176343931109684,-2.6783517484979384,0.78,0.728,0.8280999999999998,0.2541191165756659,0.23437892203818927,0.2724586521785907,0.08315145375927546,0.006706029932906122,0.17987619339694996,-0.031248977184295656,-0.059372157913446424,-0.008586635607481012,-0.008,-0.024099999999999996,0.008,0.004088579190032881,0.00035299665480691524,0.008351734570714113,False
mediation_aware_recourse,False,10.0,1.0,2.0,250,1.0700993478298186,1.0048616858154535,1.1310033021360637,0.10642838282258375,0.08422611917741375,0.13062737101903796,0.19095945641929235,0.1819592409559853,0.20002274387387065,0.88972125,0.8812059270833333,0.8979869270833333,0.024469085074495526,0.020987094695074485,0.02767798589929007,0.049452416370250774,0.038648424370286684,0.06013799410687865,-0.3100293464188691,-0.32171347258661703,-0.2982084009006041,0.3129644559087037,0.30227527437100576,0.32388120935647213,0.144,0.10790000000000001,0.188,0.0,0.0,0.0,0.0,0.0,0.0,-0.23416852243493935,-0.24749654195568044,-0.22134649052681146,-5.269245654199707,-7.1310879830417715,-4.145082948910201,-3.085863194267115,-3.5510096879353172,-2.698102251936853,0.78,0.728,0.8280999999999998,0.25550655044385756,0.23628300094782323,0.2739094061800192,0.03968779801269218,-0.036648124953033004,0.13256372619124668,-0.028666539907455445,-0.05676758241653442,-0.0044257899373769775,-0.008,-0.024099999999999996,0.008,0.0019391963890796466,-0.0016863627107054783,0.006107062654361525,False
mediation_aware_recourse,False,10.0,2.0,2.0,250,1.0836884630918502,1.0186381070911885,1.1433976505279542,0.10513906494076411,0.08271165166325453,0.12959814312557397,0.1856501677951812,0.1772606198239174,0.19397639851179735,0.8931527083333334,0.88493725,0.9009358177083333,0.024469085074495526,0.020987094695074485,0.02767798589929007,0.049452416370250774,0.038648424370286684,0.06013799410687865,-0.3186802971308091,-0.3309094132486707,-0.3058855562299931,0.3206807117415425,0.30949696539417526,0.3324039602383436,0.16,0.12,0.204,0.0,0.0,0.0,0.0,0.0,0.0,-0.24281947314687938,-0.2560120483936276,-0.22949621852605206,-5.444180497568537,-7.382682470583823,-4.283011378808883,-3.19986506830128,-3.6772046287034095,-2.8008326988869494,0.78,0.728,0.8280999999999998,0.26104711130769703,0.24091199899895122,0.28060669538725713,-0.13524704535613807,-0.2499082500939598,-0.04346002754259964,-0.015077424645423889,-0.045158124572038646,0.009169818446040146,0.008,-0.008,0.028,-0.006711754322860385,-0.011079104039673935,-0.002278857643652506,False
mediation_aware_recourse,False,10.0,4.502993139022535,2.0,250,1.1235753736495973,1.0609508019000293,1.183124557080865,0.10301294496456515,0.08037295654992664,0.1272857294630465,0.17783500821416925,0.1696896603546993,0.185478238897865,0.8966775,0.8887517083333333,0.904208890625,0.024469085074495526,0.020987094695074485,0.02767798589929007,0.049452416370250774,0.038648424370286684,0.06013799410687865,-0.33131112700146154,-0.3446227855919293,-0.318690229330799,0.33261421208554554,0.3204518147357182,0.3458383162646627,0.212,0.164,0.264,0.0,0.0,0.0,0.0,0.0,0.0,-0.25545030301753185,-0.26839497997754175,-0.24207075747600418,-5.6995943033588405,-7.677969759488902,-4.477999087020675,-3.3663136268248763,-3.850565214874525,-2.942974368937601,0.78,0.728,0.8280999999999998,0.2699802220693601,0.249181566678344,0.28986849629160844,-0.3906608511464418,-0.6150526451832732,-0.23665309989860883,0.024809485912322998,-0.00906234347820282,0.057197646135091776,0.06,0.028,0.096,-0.019342584193512827,-0.027053432268883296,-0.012311805954465977,True
mediation_aware_recourse,False,10.0,5.0,2.0,250,1.1340907037258148,1.0721036935687065,1.1934549717783927,0.10266245009696019,0.08002010437319756,0.1267984048836488,0.17605903718600022,0.16814307740028708,0.18354383063322985,0.8973285416666668,0.8892590208333333,0.904909296875,0.024469085074495526,0.020987094695074485,0.02767798589929007,0.049452416370250774,0.038648424370286684,0.06013799410687865,-0.33373756426097917,-0.34734580183884345,-0.32067007575345,0.33506365003755084,0.32241701272339873,0.34798376405106407,0.224,0.1799,0.28,0.0,0.0,0.0,0.0,0.0,0.0,-0.2578767402770495,-0.27092100082973125,-0.2447736555615223,-5.748660404423566,-7.774216529089176,-4.503942738171945,-3.3982891176145253,-3.8904759159027607,-2.982262636584109,0.78,0.728,0.8280999999999998,0.2715004602344968,0.2508616635196089,0.2919198279068464,-0.4397269522111671,-0.6741117200889981,-0.26641109705273913,0.03532481598854065,-0.0013291093260049819,0.06945509673655033,0.072,0.036,0.108,-0.02176902145303049,-0.02962661289214625,-0.014320363935099284,False
transport_anchor_only,False,30.0,0.0,2.0,250,1.2056344412565232,1.1457893053144217,1.2621001935362814,0.09618231343472788,0.07488396725030072,0.1193961907296222,0.1905044872866666,0.18240516962877149,0.19865668055870472,0.8973185416666667,0.8912341614583333,0.90366678125,0.024469085074495526,0.020987094695074485,0.02767798589929007,0.049452416370250774,0.038648424370286684,0.06013799410687865,-0.3280953169353132,-0.3388759235842486,-0.3165923663020483,0.32990722553448937,0.3191024868849207,0.3416319926193475,0.284,0.232,0.34,0.0,0.0,0.0,0.0,0.0,0.0,-0.252211031828321,-0.2637236911977369,-0.24031888229621187,-5.634565932610047,-7.582537967774752,-4.45437473389781,-3.3236266438132596,-3.8015664460506584,-2.9190540947158166,0.796,0.744,0.844,0.2698152119689718,0.24991388420669322,0.28903705677780883,-0.039341846936000735,-0.117109954223839,0.0330556536480983,0.00441379714012146,-0.005090129965543746,0.013575269699096679,-0.016,-0.036,0.0,-0.0019455493954537903,-0.0055408702633637855,0.0015613884264747476,False
mediation_aware_recourse,False,30.0,0.5,2.0,250,1.2032606035470963,1.143251743376255,1.2603163157552482,0.09622482911915947,0.07498150893696563,0.11939652108447975,0.18840725400222408,0.1807044490019519,0.196202772237586,0.8981187500000001,0.8919247708333334,0.9043126458333334,0.024469085074495526,0.020987094695074485,0.02767798589929007,0.049452416370250774,0.038648424370286684,0.06013799410687865,-0.330982923200116,-0.34207383829120974,-0.3186243505951184,0.332642929441029,0.3215519671811224,0.34458934830372107,0.284,0.232,0.34,0.0,0.0,0.0,0.0,0.0,0.0,-0.2550986380931239,-0.26699556952630116,-0.2427349785795011,-5.6929575437132,-7.685166499293553,-4.497955657007879,-3.361679400859485,-3.8473149270069094,-2.9617138412876467,0.796,0.744,0.844,0.27198102232292787,0.2518796786508745,0.2915316335201502,-0.09773345803915312,-0.18883117289488738,-0.026843062253961804,0.00203995943069458,-0.006109880369901657,0.009504523277282715,-0.016,-0.032,-0.004,-0.004833155660256644,-0.00844038071405241,-0.0013334128852152073,False
mediation_aware_recourse,False,30.0,1.0,2.0,250,1.2032606035470963,1.143251743376255,1.2603163157552482,0.0962071274279339,0.07497210305891885,0.11937881939325418,0.18567858566063386,0.17767919254712722,0.19359981019154351,0.899461875,0.8934652083333332,0.9055558229166666,0.024469085074495526,0.020987094695074485,0.02767798589929007,0.049452416370250774,0.038648424370286684,0.06013799410687865,-0.3337662552407961,-0.3454406768985855,-0.3213879637982011,0.33541079642465743,0.3245104256131447,0.3481759754928889,0.288,0.236,0.348,0.0,0.0,0.0,0.0,0.0,0.0,-0.257881970133804,-0.2704349547138818,-0.24538113543765414,-5.749240577889755,-7.7501325056724335,-4.5575827396781445,-3.3983580364525565,-3.8929596557804023,-2.991036371825845,0.796,0.744,0.844,0.27412910911619115,0.25367193638172214,0.29420710591944954,-0.15401649221570857,-0.24920791441693146,-0.0866527066770197,0.00203995943069458,-0.006109880369901657,0.009504523277282715,-0.012,-0.028,0.0,-0.007616487700936708,-0.011063590756026531,-0.004285863568193027,False
mediation_aware_recourse,False,30.0,2.0,2.0,250,1.2164836498498917,1.1537905852466823,1.2709152835071087,0.09585363171641932,0.07445522756489567,0.11912748242802593,0.1801016238208947,0.17238557953467087,0.18774133083596423,0.9023739583333333,0.8964567447916667,0.9084126510416666,0.024469085074495526,0.020987094695074485,0.02767798589929007,0.049452416370250774,0.038648424370286684,0.06013799410687865,-0.3427331471931494,-0.3558128253085641,-0.3296221919889432,0.3440876706043106,0.3320531399656712,0.3573796726711683,0.32,0.264,0.376,0.0,0.0,0.0,0.0,0.0,0.0,-0.26684886208615727,-0.2806061643771349,-0.2537089802938974,-5.9305642140336,-7.977882263980883,-4.704492251381133,-3.5165233712081054,-4.019868057447422,-3.0954713082394654,0.796,0.744,0.844,0.28162377639373215,0.25965609338546153,0.30235249812056153,-0.3353401283595536,-0.48894632216088046,-0.22689361993910026,0.01526300573348999,0.0047390989124774935,0.028160750472545616,0.02,-0.004,0.044,-0.016583379653290046,-0.02137421143158582,-0.01190398407605426,False
mediation_aware_recourse,False,30.0,4.502993139022535,2.0,250,1.2847221611738204,1.2306038050204515,1.3320532189786434,0.0948807023689242,0.07351209111545545,0.11833430038578488,0.1657597395456542,0.15924181197194226,0.1721888455880819,0.906780625,0.9013269791666666,0.91252684375,0.024469085074495526,0.020987094695074485,0.02767798589929007,0.049452416370250774,0.038648424370286684,0.06013799410687865,-0.3613173655033846,-0.37597699699344744,-0.3466295903092771,0.362399048636417,0.34885965469558616,0.3765546161125343,0.388,0.332,0.448,0.0,0.0,0.0,0.0,0.0,0.0,-0.28543308039639237,-0.29919603081962476,-0.2714108923706909,-6.306364218852273,-8.456379827675278,-5.005223395331412,-3.7614254386655848,-4.268867283391718,-3.320396400124474,0.796,0.744,0.844,0.2964939672651555,0.27376420992354095,0.3181440862498721,-0.7111401331782261,-0.9629670352306235,-0.5347759364943419,0.08350151705741882,0.0603019119977951,0.10818572356700898,0.088,0.048,0.132,-0.03516759796352518,-0.04207857579832781,-0.02817282414948827,True
mediation_aware_recourse,False,30.0,5.0,2.0,250,1.30133902490139,1.2490932487159967,1.3489319924205543,0.09472364772892668,0.07337945703631066,0.11818788783612266,0.16292396819820035,0.15658604984993119,0.16937745735294032,0.9075247916666667,0.902166265625,0.9130836302083333,0.024469085074495526,0.020987094695074485,0.02767798589929007,0.049452416370250774,0.038648424370286684,0.06013799410687865,-0.36410487639709926,-0.37869265989376033,-0.3491612205047569,0.36524620965522686,0.35140043915127944,0.3796278921575023,0.408,0.352,0.46809999999999996,0.0,0.0,0.0,0.0,0.0,0.0,-0.2882205912901071,-0.3017286790456182,-0.2751459596917498,-6.362731755533281,-8.537067620797767,-5.038216587615711,-3.7981591430127297,-4.308589375700027,-3.368885207025684,0.796,0.744,0.844,0.2992814781588702,0.2766176316797421,0.32139274213679403,-0.7675076698592349,-1.015184520088953,-0.586015692648115,0.1001183807849884,0.07442128210067749,0.1255034476816654,0.108,0.064,0.152,-0.037955108857239836,-0.0452845001400135,-0.030114130119913558,False
transport_anchor_only,False,0.0,0.0,5.0,250,0.17164299821853637,0.14352070772051811,0.20043478155732153,0.6099294393512078,0.5772129731873021,0.6403885100461998,0.12412162147638753,0.10842016535151869,0.1383042588672083,0.7312314583333335,0.7242198489583335,0.7381416145833333,0.024469085074495526,0.020987094695074485,0.02767798589929007,0.049452416370250774,0.038648424370286684,0.06013799410687865,0.03839311900504067,0.027734562957302613,0.04914240321848498,0.09021867131220941,0.08124521760874104,0.09858083489968039,0.016,0.004,0.032,0.0,0.0,0.0,0.0,0.0,0.0,0.009079047631001539,0.004268005787095255,0.01406068057217274,0.2236351259847248,0.12160588294639083,0.3445925729819974,0.11964331769352032,0.04849261974569748,0.1788384159350207,0.056,0.032,0.084,0.0036166754328303854,0.0012440097668701819,0.007482935959748142,0.2236351259847248,0.10587562747003723,0.34529594097269395,0.17164299821853637,0.14352070772051811,0.20043478155732153,0.008,0.0,0.02,0.009079047631001539,0.0041131169461370316,0.014043093055711884,False
mediation_aware_recourse,False,0.0,0.5,5.0,250,0.1675722521543503,0.13912166581749916,0.19718225491940974,0.6228306514206691,0.5905746300280472,0.6525155581720748,0.1176490566319112,0.10210769592127188,0.13176951417091956,0.7323997916666666,0.7252390937500001,0.7393607708333332,0.024469085074495526,0.020987094695074485,0.02767798589929007,0.049452416370250774,0.038648424370286684,0.06013799410687865,0.04276775523926281,0.03205898841516625,0.05332109312763478,0.09008084688288535,0.08141693303549968,0.09852881512389217,0.016,0.004,0.032,0.0,0.0,0.0,0.0,0.0,0.0,0.007904104878831154,0.003244246872864097,0.012762401304480765,0.13517359962635267,0.007478472697794731,0.2513202799593411,0.10415997024531298,0.03505956818375836,0.1662695749213031,0.06,0.032,0.092,0.0038034548364837047,0.0013995463717867969,0.007464994054945004,0.13517359962635267,0.0152186361977969,0.2486688092750373,0.1675722521543503,0.13912166581749916,0.19718225491940974,0.008,0.0,0.02,0.007904104878831154,0.0031715345813697333,0.013014190288952595,False
mediation_aware_recourse,False,0.0,1.0,5.0,250,0.16329290628433227,0.13707335943579674,0.1922293413251638,0.6335826770639758,0.6028202330795556,0.6622496062481348,0.11251864137536796,0.0971320501903851,0.12631730960565102,0.7340002083333333,0.7264087552083333,0.7413742083333333,0.024469085074495526,0.020987094695074485,0.02767798589929007,0.049452416370250774,0.038648424370286684,0.06013799410687865,0.04640356593202048,0.035564296608870685,0.05691311219693502,0.09149137970940381,0.08271778740529125,0.10016737043385245,0.016,0.004,0.032,0.0,0.0,0.0,0.0,0.0,0.0,0.0047432928158915,-8.032651326141799e-05,0.009486211552895698,0.06165220351223111,-0.05636633114036104,0.18184752492302633,0.06250691838506162,-0.011057057379002354,0.1206155882864544,0.068,0.04,0.1,0.004637514393423843,0.0018395339415521908,0.008720424835518808,0.06165220351223111,-0.06718392885247443,0.1767203827407517,0.16329290628433227,0.13707335943579674,0.1922293413251638,0.008,0.0,0.02,0.0047432928158915,-4.844893897483067e-05,0.009248753713423586,False
mediation_aware_recourse,False,0.0,2.0,5.0,250,0.16254182851314544,0.1360773926973343,0.1897009422749281,0.6521606224307321,0.6217885139774798,0.6811019432748825,0.10306801720272435,0.08914477032664245,0.11635349345547931,0.7370847916666666,0.7296992708333332,0.7447057552083334,0.024469085074495526,0.020987094695074485,0.02767798589929007,0.049452416370250774,0.038648424370286684,0.06013799410687865,0.052826949069698995,0.04218579407817327,0.06347179044046813,0.09283062116266487,0.08373963248153876,0.10141594099801282,0.016,0.004,0.032,0.0,0.0,0.0,0.0,0.0,0.0,0.0008516517662941596,-0.003930489050928099,0.005605699977049546,-0.0682379739380794,-0.23794981565347664,0.08209946771403424,0.011223032082247175,-0.059779049976747226,0.07511937796672025,0.084,0.052,0.124,0.007801640143030669,0.004046521436672977,0.012455281840216896,-0.0682379739380794,-0.25404657157767724,0.06854107422355324,0.16254182851314544,0.1360773926973343,0.1897009422749281,0.008,0.0,0.02,0.0008516517662941596,-0.004393433342653094,0.005711963285276302,False
mediation_aware_recourse,False,0.0,4.502993139022535,5.0,250,0.19409699010849,0.16661257457733153,0.22225833451747895,0.7301927929879855,0.706984261197518,0.7509454884879802,0.06761951531869205,0.05812885900540543,0.07704361801603746,0.754889375,0.7469031979166667,0.7635262656249999,0.024469085074495526,0.020987094695074485,0.02767798589929007,0.049452416370250774,0.038648424370286684,0.06013799410687865,0.0802156969195582,0.0684204575029305,0.09193889143592464,0.10263239409329322,0.09202741802180925,0.11248148941468339,0.008,0.0,0.02,0.0,0.0,0.0,0.0,0.0,0.0,-0.015434639329202776,-0.022164013494711268,-0.00893191100580443,-0.6220784100615511,-0.9820418207036863,-0.38085876441694516,-0.20339704469035813,-0.28901938491264584,-0.11983502240297966,0.092,0.056,0.132,0.011354811009337246,0.0065274759017070845,0.016607948797430532,-0.6220784100615511,-0.9769960626933984,-0.3963390167225112,0.19409699010849,0.16661257457733153,0.22225833451747895,0.0,-0.012,0.012,-0.015434639329202776,-0.022725576680703855,-0.008786453218176064,True
mediation_aware_recourse,False,0.0,5.0,5.0,250,0.20699532997608186,0.17813990414738654,0.2344797455072403,0.7474656467040757,0.725887772858199,0.7660877387721436,0.05898555004881531,0.051174468922090176,0.0669238257560427,0.7603927083333333,0.7515878281249999,0.7693608802083334,0.024469085074495526,0.020987094695074485,0.02767798589929007,0.049452416370250774,0.038648424370286684,0.06013799410687865,0.08490175530722374,0.07254622573394119,0.09629799424468732,0.10529898364042324,0.09432923882644421,0.11583180644058075,0.008,0.0,0.02,0.0,0.0,0.0,0.0,0.0,0.0,-0.02019664247986536,-0.027007390650556025,-0.012998246274663755,-0.7168373466639808,-1.0989308498347354,-0.4471331098404154,-0.2661505271004312,-0.3621572021524564,-0.1740719202098834,0.088,0.052,0.124,0.011229052240564773,0.006369814606876327,0.016580273448018067,-0.7168373466639808,-1.1003809834710518,-0.4726364240039055,0.20699532997608186,0.17813990414738654,0.2344797455072403,0.0,-0.012,0.012,-0.02019664247986536,-0.02717422102546494,-0.013301731940265621,False
transport_anchor_only,False,1.0,0.0,5.0,250,0.18828287982940675,0.15779384173452854,0.21720051688849926,0.5673776645651175,0.5317538808823206,0.6012161528095721,0.14148724664686152,0.12491569990907599,0.15884908339824208,0.7324447916666665,0.7260026093749999,0.7389730416666667,0.024469085074495526,0.020987094695074485,0.02767798589929007,0.049452416370250774,0.038648424370286684,0.06013799410687865,0.01810073605886874,0.007372051297067445,0.029521149647482165,0.09077717555865064,0.08240198797425552,0.09922599254292981,0.016,0.004,0.032,0.0,0.0,0.0,0.0,0.0,0.0,0.01232509084047745,0.006134592267736937,0.01857621908975557,0.6339767116059944,0.4737767758865899,0.8304287201454968,0.16241954211072607,0.08523447284930423,0.22260326870417238,0.108,0.072,0.1440999999999999,0.00941467265921089,0.005461536884957736,0.01444259290215374,0.3379971733175017,-0.08810477979857984,0.8677103590594099,0.07133597123622894,0.03575135969519615,0.10915720470547675,0.008,0.0,0.02,0.036861994844209274,0.026229501252120712,0.04777021624404104,False
mediation_aware_recourse,False,1.0,0.5,5.0,250,0.1800672389268875,0.1494622358262539,0.20836315121352672,0.5786491465840348,0.5429980856710747,0.6116693413327594,0.13583897123387306,0.11992138865893676,0.15134283733040946,0.7320697916666666,0.7254542708333335,0.7386583281250001,0.024469085074495526,0.020987094695074485,0.02767798589929007,0.049452416370250774,0.038648424370286684,0.06013799410687865,0.023210883591279433,0.01185688814362457,0.03446494594049367,0.09063832053479493,0.08216734086928418,0.09907437397252493,0.016,0.004,0.032,0.0,0.0,0.0,0.0,0.0,0.0,0.011886708770618893,0.005679379987865849,0.01814095829137136,0.5306420738372156,0.38245989901477856,0.7039705444579156,0.15664256115557218,0.07687714373956281,0.21983886449611958,0.092,0.056,0.128,0.0077622733343215775,0.003975474980132936,0.012669855189736567,0.23466253554872285,-0.1716252834526973,0.728707885522137,0.06312033033370971,0.027319052094221117,0.10022647064924237,0.008,0.0,0.02,0.03642361277435071,0.02590033898830684,0.04769405467584546,False
mediation_aware_recourse,False,1.0,1.0,5.0,250,0.1798586391210556,0.1510080611974001,0.2092304467767477,0.5872449172632939,0.5525139033366852,0.6189817699747266,0.13220564207153945,0.11593755468891206,0.14709206632746838,0.7309404166666665,0.724347609375,0.7375942656250001,0.024469085074495526,0.020987094695074485,0.02767798589929007,0.049452416370250774,0.038648424370286684,0.06013799410687865,0.026969628000679605,0.01597670465719513,0.03789621656647535,0.09052119983343286,0.08207352208018807,0.09913337541518201,0.016,0.004,0.032,0.0,0.0,0.0,0.0,0.0,0.0,0.011128603355948442,0.005296723709010826,0.01690572420263081,0.4546347786373529,0.3138882422767207,0.6210768988001967,0.1466522790622301,0.07130919160220672,0.20785828897566325,0.092,0.06,0.128,0.0068107183589030335,0.003374632677772043,0.011391116022224012,0.15865524034886014,-0.2379142431561315,0.6409052271271494,0.06291173052787781,0.02556591600775719,0.10212276570200919,0.008,0.0,0.02,0.03566550735968026,0.025496527042792864,0.04615405180240911,False
mediation_aware_recourse,False,1.0,2.0,5.0,250,0.1677808519601822,0.139481349080801,0.19733206013441085,0.6030785395711975,0.5695460563898206,0.6336393304040141,0.12195283424645406,0.10632716685962151,0.13656358792640644,0.7333254166666666,0.7263992239583335,0.7402883541666667,0.024469085074495526,0.020987094695074485,0.02767798589929007,0.049452416370250774,0.038648424370286684,0.06013799410687865,0.03253904998895853,0.021933244176981795,0.04356738655140544,0.09103621987065892,0.08253643315881405,0.09971716939056123,0.016,0.004,0.032,0.0,0.0,0.0,0.0,0.0,0.0,0.008561629818874351,0.0029633417138412365,0.013855239953899146,0.34201294138312055,0.21063488756305918,0.499900742940481,0.1128248069650124,0.03918343519520628,0.1743188541477327,0.088,0.056,0.124,0.0062068919453035784,0.003053553748063736,0.010184421758116976,0.04603340309462778,-0.35198632183444173,0.5240012002032216,0.05083394336700439,0.012814561355113984,0.08953757332861423,0.008,0.0,0.02,0.03309853382260616,0.022940923821829273,0.04420972476615674,False
mediation_aware_recourse,False,1.0,4.502993139022535,5.0,250,0.16105351984500885,0.13457492555379869,0.19146678488254548,0.6456549736111663,0.6146609861394955,0.6744583742855716,0.09902061173133234,0.08592685913355118,0.11147564185666893,0.7406114583333333,0.7329249739583333,0.7486272760416667,0.024469085074495526,0.020987094695074485,0.02767798589929007,0.049452416370250774,0.038648424370286684,0.06013799410687865,0.04697284577466164,0.03594158886009017,0.05833982991398923,0.0938375955834393,0.0849359702743657,0.10259309876397475,0.016,0.004,0.032,0.0,0.0,0.0,0.0,0.0,0.0,0.0010563624973264107,-0.005130741991084648,0.006968740069592749,0.050140534630796596,-0.1129085119807081,0.2160264327288906,0.013920701708357686,-0.07024763754125958,0.0890737538760559,0.084,0.052,0.12,0.007754463492475197,0.0038908190527755767,0.012628431879108908,-0.24583900365769618,-0.6484730220712327,0.16980736234320612,0.04410661125183105,0.005329754155874253,0.08207058087587357,0.008,0.0,0.02,0.025593266501058223,0.014349764915140062,0.036235919781302174,True
mediation_aware_recourse,False,1.0,5.0,5.0,250,0.16152184879779816,0.13402014283835886,0.19104562723338603,0.6548166566624782,0.6242371139907168,0.6829765807917352,0.0942315805874556,0.08168928167531593,0.10641810207667825,0.7432397916666666,0.7350605625000001,0.7516747812500001,0.024469085074495526,0.020987094695074485,0.02767798589929007,0.049452416370250774,0.038648424370286684,0.06013799410687865,0.049632901934905334,0.038099979128241715,0.06139361981823456,0.09508024468058066,0.08604271302872128,0.10391396742149943,0.012,0.0,0.028,0.0,0.0,0.0,0.0,0.0,0.0,-0.0011989067072617737,-0.0077756181394149256,0.004715026387575951,-0.003649681408958161,-0.1763747111393451,0.15540065033911715,-0.015799143466547427,-0.1028893163472986,0.062351500694125775,0.088,0.056,0.128,0.008339462560333171,0.004193005071901975,0.013550645551096138,-0.29962921969745093,-0.7007656114042924,0.10932048844141658,0.04457494020462036,0.006170920333266258,0.08339776304364203,0.004,0.0,0.012,0.023337997296470042,0.012618368100009384,0.03384148432813247,False
transport_anchor_only,False,3.0,0.0,5.0,250,0.3593169318437576,0.3181141857177019,0.40505026057362553,0.3726314205570758,0.32971302435512995,0.4146213649435096,0.1807371902051521,0.16446893051496297,0.19629136457245547,0.7812241666666666,0.7724240833333335,0.7904291562500001,0.024469085074495526,0.020987094695074485,0.02767798589929007,0.049452416370250774,0.038648424370286684,0.06013799410687865,-0.10312835272904027,-0.12013670004407928,-0.08747751472650218,0.14649865805049225,0.13349324117812233,0.1597795714132763,0.016,0.004,0.032,0.0,0.0,0.0,0.0,0.0,0.0,-0.04999140974853704,-0.06213148106520722,-0.036542672208252566,-1.0854057354228592,-1.7426270909243546,-0.6448267324604604,-0.6587847494122427,-0.8417638400077303,-0.4958233404131895,0.468,0.404,0.528,0.09760636805811032,0.08212559203096867,0.11432753595406446,2.637401255203291,2.1310174658122496,3.367954117247252,-0.28067529582977296,-0.3529572310656309,-0.2161674074202776,-0.004,-0.016,0.008,0.1084781682748678,0.09332681527893086,0.12495761208362602,False
mediation_aware_recourse,False,3.0,0.5,5.0,250,0.35456925678253176,0.31355174520015716,0.3970481049716472,0.3735905777823513,0.32970024271278076,0.41439580528699255,0.17757232190839187,0.16162753613402814,0.19321114509909745,0.781789375,0.7733870104166667,0.7914451875000001,0.024469085074495526,0.020987094695074485,0.02767798589929007,0.049452416370250774,0.038648424370286684,0.06013799410687865,-0.10519180059775073,-0.12211447263306308,-0.08953764881357032,0.14794566115946378,0.13510114370494694,0.16138973366991682,0.016,0.004,0.032,0.0,0.0,0.0,0.0,0.0,0.0,-0.05127307448293644,-0.0631784177154625,-0.03826946911186285,-1.1271316614779465,-1.77249086116424,-0.6855363299441851,-0.6756744747696384,-0.864866605579128,-0.5064257112320603,0.472,0.412,0.5280999999999999,0.09927892435966525,0.0839371864114176,0.11591668868880457,2.5956753291482038,2.08131829293564,3.3487589348654225,-0.28542297089099883,-0.3563569347113371,-0.21878283531963827,-0.004,-0.016,0.008,0.1071965035404684,0.09159004080970945,0.12413082541857941,False
mediation_aware_recourse,False,3.0,1.0,5.0,250,0.32435410559177397,0.28723102688193325,0.3645079573214054,0.3900315804695307,0.346147636119202,0.4310465887852768,0.1708603018278763,0.15566698069342547,0.18681378739205043,0.7789970833333333,0.7699097031250001,0.7882126354166668,0.024469085074495526,0.020987094695074485,0.02767798589929007,0.049452416370250774,0.038648424370286684,0.06013799410687865,-0.10162276197639145,-0.12020508572213218,-0.08525268198129393,0.14536779873170919,0.13192323386561522,0.15869698701556872,0.016,0.004,0.032,0.0,0.0,0.0,0.0,0.0,0.0,-0.049041419225555785,-0.060632995324397664,-0.03776237754913356,-1.0549604940543396,-1.6643508484912224,-0.6181754911267805,-0.6462658132235204,-0.8155189624639749,-0.49033085052957254,0.456,0.392,0.516,0.09679641476351637,0.08144504646707738,0.11398122363240294,2.6678464965718107,2.126144298602585,3.475400249548013,-0.31563812208175657,-0.38924067610502244,-0.25100844537913797,-0.004,-0.016,0.008,0.10942815879784905,0.09381520689047822,0.12645056313056616,False
mediation_aware_recourse,False,3.0,2.0,5.0,250,0.30118631839752197,0.2665765144497156,0.3404425653964281,0.4071795252673249,0.36241697622988905,0.4469564932058978,0.1625420962838203,0.14739641537395112,0.17863792941002019,0.7758385416666668,0.7674997760416666,0.7851857760416667,0.024469085074495526,0.020987094695074485,0.02767798589929007,0.049452416370250774,0.038648424370286684,0.06013799410687865,-0.0974627019154802,-0.11594350901571343,-0.07892253154501974,0.14488210635309276,0.1310122996599656,0.158878748659158,0.02,0.004,0.04,0.0,0.0,0.0,0.0,0.0,0.0,-0.04882912985949213,-0.06077858465775355,-0.037680409627115566,-0.9708380109432047,-1.5430275183309692,-0.5451325980643755,-0.6434682726554786,-0.796697926200083,-0.502188820704361,0.416,0.3519,0.476,0.09261748854412147,0.07773044483277611,0.10938584530107637,2.7519689796829456,2.187411023283712,3.5869435447861595,-0.3388059092760086,-0.41317925837934016,-0.2730781561046839,0.0,-0.016,0.016,0.1096404481639127,0.09423438260484517,0.12596266902787126,False
mediation_aware_recourse,False,3.0,4.502993139022535,5.0,250,0.2893916970491409,0.25588210694491864,0.3265067409932613,0.45946269659961314,0.415052782467015,0.5009928848283689,0.1386702784619352,0.12466256972566984,0.15420925101416422,0.76214125,0.7530093541666666,0.7716494947916666,0.024469085074495526,0.020987094695074485,0.02767798589929007,0.049452416370250774,0.038648424370286684,0.06013799410687865,-0.08299503056256996,-0.10224664114222606,-0.06413225064537914,0.13900596483105618,0.12464996871817999,0.1539659546563839,0.02,0.004,0.04,0.0,0.0,0.0,0.0,0.0,0.0,-0.046187438430891944,-0.05778900123665124,-0.03407311102426253,-0.6782805908044063,-1.2755723089270372,-0.26434806168722264,-0.6086561712450802,-0.753128479859023,-0.4699837319319468,0.336,0.276,0.39209999999999995,0.07896433359826284,0.06290123575333323,0.09696225244916452,3.044526399821744,2.3958412067300205,3.941063497376093,-0.3506005306243897,-0.42348095269799235,-0.2806665315389633,0.0,-0.016,0.016,0.11228213959251288,0.09577590194349808,0.1320780739909587,True
mediation_aware_recourse,False,3.0,5.0,5.0,250,0.28538125348091126,0.2488889602094889,0.32206771446764465,0.4719292022802573,0.4280066529174434,0.512697289973384,0.13286821416124983,0.11906254487751373,0.1477808537089832,0.7609902083333334,0.7516715937499999,0.7702797760416665,0.024469085074495526,0.020987094695074485,0.02767798589929007,0.049452416370250774,0.038648424370286684,0.06013799410687865,-0.07811138445128067,-0.09847637975393499,-0.059208765258364084,0.13735536140796153,0.12347407782380211,0.15241848689259194,0.02,0.004,0.04,0.0,0.0,0.0,0.0,0.0,0.0,-0.04409010872743437,-0.055524774527566254,-0.032544187563238146,-0.5795261421900983,-1.172484782412745,-0.15961050049892977,-0.5810176463449583,-0.7224452553988,-0.44773921508583847,0.324,0.264,0.38009999999999994,0.0767858881261038,0.060551866079509506,0.09410702230339268,3.143280848436052,2.4922594548600285,4.090531966743381,-0.35461097419261933,-0.4288579358160496,-0.2810828646212817,0.0,-0.016,0.016,0.11437946929597045,0.09691854290642751,0.1346302921904917,False
transport_anchor_only,False,10.0,0.0,5.0,250,1.0712307608127594,1.0052818813800812,1.1315959431916474,0.11074816228054667,0.08780738323248402,0.13616405040119797,0.1991875486554826,0.18956644705057626,0.2086130558110882,0.8761352083333334,0.8661732552083332,0.8854883281249999,0.024469085074495526,0.020987094695074485,0.02767798589929007,0.049452416370250774,0.038648424370286684,0.06013799410687865,-0.29634830241167437,-0.3077646420843526,-0.2843425882942199,0.3003461680227104,0.2893149481763489,0.3120506769518229,0.12,0.084,0.16,0.0,0.0,0.0,0.0,0.0,0.0,-0.22049505681808246,-0.23413398841531344,-0.20762042063747313,-4.992594986520202,-6.784763335920167,-3.928707499226643,-2.905674824599032,-3.3459407850979086,-2.5263333006477104,0.776,0.7239,0.8240999999999998,0.24659799306524816,0.2280716273691008,0.26427572637831837,0.3163384656921968,0.19560334653035663,0.47463755823856874,-0.02753512692451477,-0.06807236266732215,0.010040851703286143,-0.032,-0.064,-0.004,0.015612662005936539,0.0101143200548637,0.021511997623482874,False
mediation_aware_recourse,False,10.0,0.5,5.0,250,1.0624123396873475,0.991362900069356,1.122287045326829,0.1113028462476463,0.08759348430147947,0.13784189769067912,0.1969345743389274,0.18730487416176125,0.20636907009224667,0.8768972916666666,0.8672967916666666,0.8855050520833333,0.024469085074495526,0.020987094695074485,0.02767798589929007,0.049452416370250774,0.038648424370286684,0.06013799410687865,-0.2999802593626074,-0.3120284230676204,-0.2881377804272944,0.30362247684923904,0.2919645735532655,0.3152985776118862,0.124,0.084,0.164,0.0,0.0,0.0,0.0,0.0,0.0,-0.22412701376901542,-0.2377320951687572,-0.21139736455659613,-5.066038454352806,-6.912992486210535,-3.975385731546706,-2.9535366044894547,-3.388936896553129,-2.5738781387120206,0.776,0.7239,0.8240999999999998,0.24943610301059477,0.23052998028827704,0.26714052501525715,0.2428949978595929,0.13058466599640622,0.3848897850523728,-0.03635354804992676,-0.07904553543925286,-1.829537153244873e-05,-0.028,-0.056,0.0,0.011980705055003569,0.006822533070771985,0.018202408025362642,False
mediation_aware_recourse,False,10.0,1.0,5.0,250,1.0673686146736145,0.9969201420217753,1.1291478965371846,0.11060386352072236,0.08678485705955878,0.1372658172578319,0.1958874797478346,0.18659026610080845,0.20519861251164784,0.8774593749999999,0.8677318229166666,0.8862085468750001,0.024469085074495526,0.020987094695074485,0.02767798589929007,0.049452416370250774,0.038648424370286684,0.06013799410687865,-0.3023111523932819,-0.31401951564601405,-0.2902784458810195,0.30588624640680157,0.2946405938386097,0.3173430939916372,0.124,0.084,0.164,0.0,0.0,0.0,0.0,0.0,0.0,-0.2264579067996899,-0.24011370371053609,-0.21327150173550274,-5.113172511730772,-6.974701612362347,-4.007873253057549,-2.9842530173460573,-3.43339172149048,-2.602270902851761,0.776,0.7239,0.8240999999999998,0.25093094182984754,0.2317945640791845,0.2692736045521894,0.19576094048162673,0.08688743831158277,0.3356278721296897,-0.03139727306365967,-0.07513015582859517,0.006156337535381309,-0.028,-0.056,0.0,0.009649812024329078,0.004252964107282496,0.015764720045923726,False
mediation_aware_recourse,False,10.0,2.0,5.0,250,1.049314571738243,0.975832678052783,1.1157894099891186,0.11321682655864419,0.08816293813769667,0.14107561910500788,0.19145781233801273,0.18180380932318155,0.20100673264493596,0.8771864583333333,0.8678204114583333,0.8865523697916667,0.024469085074495526,0.020987094695074485,0.02767798589929007,0.049452416370250774,0.038648424370286684,0.06013799410687865,-0.3053845310336254,-0.3182909983387919,-0.292477227193699,0.3086547618285562,0.2968782805826475,0.32059779034093666,0.148,0.108,0.192,0.0,0.0,0.0,0.0,0.0,0.0,-0.22955571167585653,-0.24369731551872545,-0.21543368108251149,-5.175320711271379,-7.019692566928498,-4.0589186070744105,-3.0250757630805527,-3.4703919897576148,-2.639555315739694,0.768,0.712,0.82,0.2534662677417048,0.23427026006343654,0.27184261649738134,0.13361274094101994,0.02619678294239385,0.2571121113680752,-0.04945131599903107,-0.0984177225381136,-0.008360589993000067,-0.004,-0.032,0.024,0.006552007148162445,0.0012632214638416735,0.012241906089506208,False
mediation_aware_recourse,False,10.0,4.502993139022535,5.0,250,1.0640350980758666,0.99470447550416,1.1287651390641926,0.11300164427261306,0.08739632943200577,0.14119712148890637,0.1807453286066567,0.17158293631159446,0.18929857406419118,0.8818964583333334,0.8729399479166666,0.8904913750000001,0.024469085074495526,0.020987094695074485,0.02767798589929007,0.049452416370250774,0.038648424370286684,0.06013799410687865,-0.3174307520368891,-0.3314389487837825,-0.30337551360610016,0.31960366372025334,0.30673492336613545,0.3326603076837184,0.18,0.136,0.228,0.0,0.0,0.0,0.0,0.0,0.0,-0.24160193267912025,-0.2554654020190496,-0.2277080605872376,-5.41891287293793,-7.315482127331747,-4.266768762958437,-3.183820369902363,-3.656307671480975,-2.7836561063005716,0.768,0.712,0.82,0.26220882251812805,0.24188421743148758,0.28182354044335567,-0.10997942072553091,-0.25122901283697124,0.03154175088358289,-0.03473078966140747,-0.08822456308603287,0.011619395688176154,0.028,-0.004,0.06,-0.005494213855101246,-0.011709690632383044,0.0013564734721926747,True
mediation_aware_recourse,False,10.0,5.0,5.0,250,1.0664089356660842,0.9941459858000279,1.1322029078245162,0.11400664971899187,0.0876363509566233,0.14201771081293624,0.1789774542346121,0.17002867846987782,0.18768185761277587,0.8810912500000001,0.8721286458333334,0.8899078802083333,0.024469085074495526,0.020987094695074485,0.02767798589929007,0.049452416370250774,0.038648424370286684,0.06013799410687865,-0.31941167043666696,-0.33306902812191375,-0.305120061373929,0.3215778308230559,0.30878889396995013,0.3351654138897018,0.192,0.148,0.24,0.0,0.0,0.0,0.0,0.0,0.0,-0.24358913316567618,-0.25803816348259256,-0.2291583162679665,-5.45896993273753,-7.393935554739931,-4.307368133752085,-3.2100076164943827,-3.6747570487445382,-2.800830581958152,0.764,0.708,0.816,0.26350142827511297,0.24272624168820564,0.283398423730911,-0.15003648052513086,-0.3059403204649367,-0.001572497661622777,-0.03235695207118988,-0.0848596063286066,0.0170445746332407,0.04,0.004,0.076,-0.007481414341657199,-0.014237559628200712,-0.00017191832638398892,False
transport_anchor_only,False,30.0,0.0,5.0,250,1.2430825370550156,1.1870124225378036,1.2975376345008611,0.09613437443645154,0.07482103584340175,0.11944162042602884,0.19561598869757915,0.1869327213527325,0.2042051279658917,0.8873556249999999,0.8795373906249999,0.8947085260416666,0.024469085074495526,0.020987094695074485,0.02767798589929007,0.049452416370250774,0.038648424370286684,0.06013799410687865,-0.3208775898781352,-0.33156763883824963,-0.30914599128172254,0.3234075403895423,0.3128872226032482,0.3345768638754188,0.288,0.236,0.344,0.0,0.0,0.0,0.0,0.0,0.0,-0.244993304771143,-0.25679759713722133,-0.23294940972995276,-5.488612962321623,-7.3913484473745115,-4.313025056830719,-3.2285117323793386,-3.718441723923109,-2.829661344482482,0.796,0.744,0.844,0.2633602605101023,0.2434660209524417,0.2814453891088536,0.1066111233524234,0.027481672878351286,0.1914293733086872,0.04186189293861389,0.02176162607073784,0.061836880397796626,-0.012,-0.048,0.024,0.005272177661724206,0.0013087209292940865,0.00943530784811836,False
mediation_aware_recourse,False,30.0,0.5,5.0,250,1.2325672072172165,1.1774577419608832,1.2854160450309515,0.0961546982645482,0.07478167085532719,0.1194427961271506,0.192851815563531,0.18457428003606455,0.2015583804049276,0.88948,0.8818277291666666,0.8968320989583334,0.024469085074495526,0.020987094695074485,0.02767798589929007,0.049452416370250774,0.038648424370286684,0.06013799410687865,-0.32392673086895724,-0.3352500130137782,-0.3121706613305354,0.3262987826324972,0.315683737984634,0.33762200951053345,0.288,0.2399,0.344,0.0,0.0,0.0,0.0,0.0,0.0,-0.2480424457619651,-0.26034649121386044,-0.2362244090643481,-5.550271041231117,-7.486394729844437,-4.358795337541169,-3.268693187426625,-3.7594745815820843,-2.872641480737348,0.796,0.744,0.844,0.26568089480501067,0.24522435860338004,0.28451459863057155,0.0449530444429298,-0.052339518940835175,0.13612798123002312,0.03134656310081482,0.013029429399967193,0.049532607388496394,-0.012,-0.048,0.02,0.0022230366709021566,-0.002591972813738249,0.006509412029622316,False
mediation_aware_recourse,False,30.0,1.0,5.0,250,1.2318902782201766,1.1752177808523179,1.2840210223168134,0.09613739023117969,0.07478343755803527,0.11942524322002689,0.1923718867388564,0.18389056716090155,0.20119236354355735,0.8897935416666667,0.8823447395833334,0.8970434062499999,0.024469085074495526,0.020987094695074485,0.02767798589929007,0.049452416370250774,0.038648424370286684,0.06013799410687865,-0.32434385145326255,-0.3355790003782453,-0.3126642001778309,0.32664849826353326,0.31580968039249935,0.3382586057856027,0.292,0.24,0.348,0.0,0.0,0.0,0.0,0.0,0.0,-0.24845956634627037,-0.2606112470332355,-0.23659200987167808,-5.558705827939663,-7.508264393825546,-4.371071212246463,-3.274189985396286,-3.7646271262316824,-2.8787852227361386,0.796,0.744,0.844,0.26595712977095504,0.24537210453916983,0.28482164880711036,0.03651825773438322,-0.06361633736155144,0.12637185835572035,0.030669634103775024,0.012822337126731873,0.04805660380721091,-0.008,-0.044,0.024,0.0018059160865968248,-0.00292410297355853,0.006170378748614781,False
mediation_aware_recourse,False,30.0,2.0,5.0,250,1.2264656738042832,1.170544483178854,1.281561616975069,0.09609822417878823,0.07474614754824367,0.11934617559068056,0.189229747186089,0.1810490029120186,0.19734625285618898,0.8920725,0.8850458020833333,0.8992083020833332,0.024469085074495526,0.020987094695074485,0.02767798589929007,0.049452416370250774,0.038648424370286684,0.06013799410687865,-0.327445536417056,-0.3388666715439722,-0.3152943857581291,0.32947114596552207,0.3190525396661028,0.34113256801359243,0.292,0.24,0.348,0.0,0.0,0.0,0.0,0.0,0.0,-0.2515612513100638,-0.2641210184202456,-0.23937844380337264,-5.621426422633582,-7.625088681467421,-4.412706093628854,-3.315063862766551,-3.799176068155145,-2.915231438021337,0.796,0.744,0.844,0.2684997751709262,0.24797782011136343,0.2872233556279702,-0.026202336959535444,-0.12956983674093253,0.07209415115197082,0.02524502968788147,0.008410393953323365,0.040439100825786584,-0.008,-0.044,0.024,-0.0012957688771965538,-0.006127099501462373,0.0036071359645061855,False
mediation_aware_recourse,False,30.0,4.502993139022535,5.0,250,1.2702055579423905,1.2161215941756964,1.3223590561568737,0.09534009111024827,0.07404759352663354,0.1186341043698086,0.17096280786070314,0.16351481931938158,0.17778510861518623,0.9006308333333333,0.8947069166666667,0.9067546510416666,0.024469085074495526,0.020987094695074485,0.02767798589929007,0.049452416370250774,0.038648424370286684,0.06013799410687865,-0.35324956524885226,-0.3671535347678517,-0.3392546129083347,0.3544449227463581,0.3416014663144349,0.3680717374524184,0.376,0.324,0.44,0.0,0.0,0.0,0.0,0.0,0.0,-0.2773652801418601,-0.2910632410551848,-0.26472790370084204,-6.143221528429854,-8.278405873046921,-4.859893493200872,-3.655108297466228,-4.148511756016656,-3.2346581174995785,0.796,0.744,0.844,0.2895555618677217,0.2668888042912641,0.31043388366878644,-0.5479974427558076,-0.757599231218269,-0.3809066684601009,0.06898491382598877,0.04672462518811226,0.09205866537094115,0.076,0.036,0.11609999999999991,-0.02709979770899286,-0.03386034552533431,-0.019801307014625773,True
mediation_aware_recourse,False,30.0,5.0,5.0,250,1.2965263718366622,1.2443870303571225,1.3462851536691187,0.09501918873773615,0.07372207129961258,0.11850014310439301,0.1665639913944678,0.1598098139126943,0.17291600751678227,0.9014614583333334,0.8953863958333332,0.9075534739583334,0.024469085074495526,0.020987094695074485,0.02767798589929007,0.049452416370250774,0.038648424370286684,0.06013799410687865,-0.3585841855705014,-0.37309509494158516,-0.34450901850213933,0.3598223797481456,0.34636754100447675,0.3736412475491938,0.412,0.356,0.476,0.0,0.0,0.0,0.0,0.0,0.0,-0.28269990046350923,-0.2966605296508435,-0.2694883988423146,-6.25109533345707,-8.390524136120993,-4.957557355854657,-3.7254077054942236,-4.220517167485786,-3.3050655515048235,0.796,0.744,0.844,0.2942391427020917,0.2713807381972727,0.31536522610092305,-0.6558712477830237,-0.8671798767695121,-0.4764239902874167,0.09530572772026062,0.069382144844532,0.12212073717117308,0.112,0.068,0.1560999999999999,-0.032434418030641995,-0.03957412103102957,-0.024573179845540558,False
transport_anchor_only,False,0.0,0.0,10.0,250,0.30143404328823087,0.2573786805063486,0.3421223070979118,0.602160365382473,0.5693992657854804,0.6332790940846119,0.129795524720348,0.11412991803411036,0.14489952437007061,0.7136802083333333,0.7079754427083332,0.7192826354166667,0.024469085074495526,0.020987094695074485,0.02767798589929007,0.049452416370250774,0.038648424370286684,0.06013799410687865,0.03773106604320065,0.028673198145564936,0.047445786569465985,0.08792229328614432,0.07980857855440357,0.09596241224103468,0.008,0.0,0.02,0.0,0.0,0.0,0.0,0.0,0.0,0.013673370566513984,0.008989438234744964,0.018997644404974773,0.23702280267342746,0.11565162915811174,0.3473059071203964,0.18018711709855817,0.11694810129311908,0.24058552960622637,0.116,0.076,0.156,0.004641857492722941,0.0025395113578971897,0.007222325485311865,0.23702280267342746,0.12222309318794976,0.35541171232916885,0.30143404328823087,0.2573786805063486,0.3421223070979118,0.0,-0.012,0.012,0.013673370566513984,0.008808958641219543,0.0191457387769028,False
mediation_aware_recourse,False,0.0,0.5,10.0,250,0.2885960054397583,0.24713097440004347,0.32860312758684157,0.6124343302106628,0.5807068489155939,0.6415900919494469,0.12350870945509541,0.10878735408713854,0.13826999196033174,0.7150795833333334,0.7089647656250001,0.7209056614583333,0.024469085074495526,0.020987094695074485,0.02767798589929007,0.049452416370250774,0.038648424370286684,0.06013799410687865,0.04095446670775611,0.03138272043529111,0.051045788245200244,0.08970619376955734,0.08119617174614976,0.0981406520050644,0.008,0.0,0.02,0.0,0.0,0.0,0.0,0.0,0.0,0.010316306116045408,0.006183817319351029,0.01477981225097484,0.17184093895170705,0.05372720902428598,0.28165991194582013,0.1359478593163268,0.07365945942536921,0.1906415318851118,0.108,0.068,0.148,0.004164340498643243,0.0022470364991099756,0.006544336342562998,0.17184093895170705,0.05530217710564752,0.28114335173418153,0.2885960054397583,0.24713097440004347,0.32860312758684157,0.0,-0.012,0.012,0.010316306116045408,0.005879128260149844,0.015132959068998038,False
mediation_aware_recourse,False,0.0,1.0,10.0,250,0.2799028630256653,0.23831881718039513,0.31776234559714794,0.6252798271609161,0.5942834200549414,0.6548253024381223,0.11776631733257951,0.10248196470032428,0.13238399413845414,0.71633375,0.7103508072916667,0.7219636979166667,0.024469085074495526,0.020987094695074485,0.02767798589929007,0.049452416370250774,0.038648424370286684,0.06013799410687865,0.045551397115628625,0.03527898007977409,0.055701217696813375,0.09053427778121126,0.08211067313615351,0.0989200062305932,0.008,0.0,0.02,0.0,0.0,0.0,0.0,0.0,0.0,0.006979518903459917,0.003036296641228667,0.011297025826554036,0.07888430012024439,-0.04558893303010116,0.18880511729069177,0.09197581414411726,0.03626683942878561,0.14558425134768702,0.104,0.068,0.14,0.004330787914770143,0.00231328799030209,0.006871684501829113,0.07888430012024439,-0.03963525993442085,0.17740507259090302,0.2799028630256653,0.23831881718039513,0.31776234559714794,0.0,-0.012,0.012,0.006979518903459917,0.00266235591235619,0.011452077498127478,False
mediation_aware_recourse,False,0.0,2.0,10.0,250,0.27426965928077696,0.2347766194701195,0.3112533612221479,0.6338295804385743,0.6022578691886157,0.6633201670923873,0.11306186193314527,0.09812823573468146,0.12695893061711183,0.717740625,0.7115805104166667,0.7235513958333335,0.024469085074495526,0.020987094695074485,0.02767798589929007,0.049452416370250774,0.038648424370286684,0.06013799410687865,0.04767148585889882,0.03706851166308924,0.05814374662998359,0.09113930053047543,0.08250779419487796,0.09977770547118882,0.008,0.0,0.02,0.0,0.0,0.0,0.0,0.0,0.0,0.004930474856288747,0.0007618104987006502,0.00955406160030158,0.036013012954071,-0.10045257428063321,0.15090136025995585,0.06497359564417171,0.010041572173256174,0.12330605449806556,0.108,0.068,0.1440999999999999,0.005040105560735743,0.0026509222539943477,0.007996294306755154,0.036013012954071,-0.10618355859789078,0.13789353163503285,0.27426965928077696,0.2347766194701195,0.3112533612221479,0.0,-0.012,0.012,0.004930474856288747,0.00037952146483952225,0.009535715918375353,False
mediation_aware_recourse,False,0.0,4.502993139022535,10.0,250,0.29760000598430636,0.25663294690847394,0.34020716359019276,0.6704226467821203,0.6419473177107097,0.6989003221892832,0.09505717664535114,0.08234417896622495,0.10779232460761971,0.7214693750000001,0.7152060104166666,0.7278399479166666,0.024469085074495526,0.020987094695074485,0.02767798589929007,0.049452416370250774,0.038648424370286684,0.06013799410687865,0.05964558798088827,0.048293479628777065,0.0704751164707061,0.09550301412610467,0.08671689638769496,0.10446793195798514,0.008,0.0,0.02,0.0,0.0,0.0,0.0,0.0,0.0,-0.0032915123219398722,-0.008727802939665963,0.0018355468055518893,-0.20612079972636965,-0.4154085353538582,-0.04630320666615985,-0.04337541451829008,-0.11768387543931078,0.024972692446289687,0.124,0.084,0.164,0.00838066029146372,0.004549354227754107,0.012518970887209116,-0.20612079972636965,-0.41443273796365193,-0.05638820902625565,0.29760000598430636,0.25663294690847394,0.34020716359019276,0.0,-0.012,0.012,-0.0032915123219398722,-0.008897194907346142,0.0021975513347634867,True
mediation_aware_recourse,False,0.0,5.0,10.0,250,0.3009938230514526,0.26153222483396527,0.34330131568610667,0.6811850236494814,0.6535846848253457,0.70803888811339,0.0909040763117829,0.07860885381484428,0.10293450554269176,0.7230697916666666,0.716517234375,0.7294698854166666,0.024469085074495526,0.020987094695074485,0.02767798589929007,0.049452416370250774,0.038648424370286684,0.06013799410687865,0.06387303593552651,0.05330368515862344,0.07402953271014834,0.09631973504452049,0.08719541921302336,0.10554776978047233,0.008,0.0,0.02,0.0,0.0,0.0,0.0,0.0,0.0,-0.004622916691865764,-0.010324450258952775,0.0010173827480133573,-0.2916059643538631,-0.5302507506557379,-0.11550430393106441,-0.06092060675471522,-0.13578166633654248,0.015207938014362163,0.12,0.084,0.16,0.00920363592240198,0.004865923617060197,0.014126249740792584,-0.2916059643538631,-0.5188650584916857,-0.12923939349983257,0.3009938230514526,0.26153222483396527,0.34330131568610667,0.0,-0.012,0.012,-0.004622916691865764,-0.010505755019256189,0.0011013120847526072,False
transport_anchor_only,False,1.0,0.0,10.0,250,0.3181342269182205,0.27524646005630493,0.3605976429581642,0.5764759728883809,0.5407062121649501,0.6081456799467403,0.1406503213159737,0.12421880490810024,0.15692581414541956,0.7132704166666667,0.7076313229166667,0.7188618489583333,0.024469085074495526,0.020987094695074485,0.02767798589929007,0.049452416370250774,0.038648424370286684,0.06013799410687865,0.026633691526798443,0.017394488581099883,0.03605456659970929,0.0880770842483752,0.07979280103199556,0.09647237684673254,0.008,0.0,0.02,0.0,0.0,0.0,0.0,0.0,0.0,0.01708164373182192,0.011563949453779206,0.023141335240424235,0.4614279042020575,0.3369020115667307,0.6023948588526203,0.22510120122681332,0.15671574077039716,0.28405756100350293,0.104,0.068,0.14,0.004505538718527317,0.0023921225054848528,0.00724175254248123,0.1654483659135647,-0.24457075126481417,0.6390160652377298,0.20118731832504272,0.15406501518189908,0.24534489782452581,0.0,-0.012,0.012,0.041618547735553735,0.0311317020942889,0.05284881841736628,False
mediation_aware_recourse,False,1.0,0.5,10.0,250,0.3050364601612091,0.26104562108814716,0.34602638432085514,0.5817152383884018,0.5450726254564896,0.6133560986470641,0.13732811435874634,0.12092502402628301,0.15357103465009472,0.7141237500000001,0.708556390625,0.7199081770833333,0.024469085074495526,0.020987094695074485,0.02767798589929007,0.049452416370250774,0.038648424370286684,0.06013799410687865,0.027714231719658804,0.01820644403685958,0.03755340012992135,0.0887727406377276,0.08065334214946827,0.09719307193366004,0.008,0.0,0.02,0.0,0.0,0.0,0.0,0.0,0.0,0.015308525637554953,0.009816089669415455,0.021292151693611604,0.43957780521457124,0.3193853010709476,0.5768763683970003,0.20173512362896828,0.12967105581399013,0.2621443589959387,0.104,0.068,0.14,0.004505538718527317,0.0023921225054848528,0.00724175254248123,0.14359826692607847,-0.2549875696816601,0.6144117931141414,0.1880895515680313,0.141003792783618,0.23324462781846522,0.0,-0.012,0.012,0.03984542964128676,0.029491270844343644,0.05095592379725554,False
mediation_aware_recourse,False,1.0,1.0,10.0,250,0.2960094397068024,0.2539825362861156,0.3378727259129286,0.5865403142318029,0.551456577970755,0.6177521636329136,0.1345939999137894,0.11819048903395266,0.14996304510553846,0.7147422916666667,0.7088623125,0.7205036197916668,0.024469085074495526,0.020987094695074485,0.02767798589929007,0.049452416370250774,0.038648424370286684,0.06013799410687865,0.02943523284014023,0.020003184363886588,0.03920207267148659,0.08823367004828327,0.07999983862884964,0.09671927174457888,0.008,0.0,0.02,0.0,0.0,0.0,0.0,0.0,0.0,0.014702959845075443,0.009320757029917798,0.0204510884327413,0.40477665196866564,0.2882799429317651,0.5382086741609025,0.19375500242698696,0.12164097651413495,0.25047939675997544,0.1,0.064,0.136,0.004434472124226965,0.002365297339004887,0.007170903470905273,0.10879711368017286,-0.2971432348390712,0.5776349280640549,0.17906253111362458,0.13079208250641824,0.22360306342542172,0.0,-0.012,0.012,0.03923986384880726,0.029107091466682288,0.05032416069209043,False
mediation_aware_recourse,False,1.0,2.0,10.0,250,0.2953325107097626,0.2548250740706921,0.33568938625752925,0.5989717485225146,0.5659143667502569,0.6295078273049426,0.12705385322565038,0.11203980228306333,0.14187338752527368,0.7146783333333334,0.7087618697916667,0.7203878177083335,0.024469085074495526,0.020987094695074485,0.02767798589929007,0.049452416370250774,0.038648424370286684,0.06013799410687865,0.03464811831780311,0.024982974647140093,0.04460264238346509,0.08868038475704645,0.08046237643482758,0.09698366513171278,0.008,0.0,0.02,0.0,0.0,0.0,0.0,0.0,0.0,0.01246993844366014,0.007649347247096452,0.01773982423810988,0.29936450307317086,0.18942077069128044,0.4179741555210039,0.16432833789075418,0.0974289671146377,0.2220079167798558,0.1,0.06,0.136,0.00434183579045951,0.002255757548416336,0.006928969362138702,0.0033849647846780906,-0.39339918102068144,0.4533297302595668,0.17838560211658477,0.13073079645037652,0.22297927724123,0.0,-0.012,0.012,0.037006842447391955,0.02680103886376396,0.047833946153561506,False
mediation_aware_recourse,False,1.0,4.502993139022535,10.0,250,0.2923840024471283,0.2531512887716293,0.33491573213636877,0.6338079390787041,0.6030481069453586,0.6619035742579503,0.10918894015595053,0.09500644372631731,0.12308760791915427,0.7172104166666666,0.711052109375,0.7229061197916666,0.024469085074495526,0.020987094695074485,0.02767798589929007,0.049452416370250774,0.038648424370286684,0.06013799410687865,0.046156259861095186,0.035781652103650946,0.05644081650583036,0.0909691492087716,0.08203337688366817,0.09919177501075774,0.008,0.0,0.02,0.0,0.0,0.0,0.0,0.0,0.0,0.006178034613151496,0.0019071539444905075,0.010798808382250216,0.0666530930354794,-0.05361061092697224,0.17630020680018654,0.08141388700494245,0.026423505749519384,0.13890173614660703,0.104,0.064,0.14009999999999992,0.0041192618109235244,0.002025708866641087,0.006713952871525259,-0.22932644525301338,-0.6022746936243106,0.1765986524526255,0.1754370938539505,0.12704737881422043,0.224448710539937,0.0,-0.012,0.012,0.030714938616883312,0.020948354706302,0.040247199615280796,True
mediation_aware_recourse,False,1.0,5.0,10.0,250,0.2930609313249588,0.25362147155702114,0.3352650473356247,0.6356506741398781,0.6054644661175743,0.6641789761791953,0.10823693786579494,0.09366060788877559,0.12118357212271506,0.7174133333333335,0.7110869479166666,0.7232933593750001,0.024469085074495526,0.020987094695074485,0.02767798589929007,0.049452416370250774,0.038648424370286684,0.06013799410687865,0.04669122064123114,0.03619772290805843,0.056917272509357276,0.09132788015221825,0.08242060520869338,0.09944101439086497,0.008,0.0,0.02,0.0,0.0,0.0,0.0,0.0,0.0,0.005643073833015546,0.0010816868216879149,0.0103724352756307,0.055835405662415516,-0.06877255183084992,0.17005255021172672,0.07436419576278741,0.014406602690076596,0.13582545460568765,0.104,0.064,0.14009999999999992,0.004480003566046828,0.0022050166890913454,0.007392707555133078,-0.24014413262607726,-0.6183209221275916,0.16626160472067716,0.176114022731781,0.12765682131648062,0.2245244277656078,0.0,-0.012,0.012,0.030179977836747363,0.020410053912930066,0.03974369504560208,False
transport_anchor_only,False,3.0,0.0,10.0,250,0.3851201276779175,0.3378602761894465,0.4342659055441618,0.4941373724510544,0.4532378634025648,0.5304696420795249,0.16326654021122072,0.1465951433885362,0.18063612101439616,0.7242660416666666,0.7179641666666665,0.7309948229166666,0.024469085074495526,0.020987094695074485,0.02767798589929007,0.049452416370250774,0.038648424370286684,0.06013799410687865,-0.02126115578087757,-0.034854120104771305,-0.009457892353937836,0.1012724302501465,0.09151692651207465,0.11202021187487676,0.012,0.0,0.028,0.0,0.0,0.0,0.0,0.0,0.0,0.005656226915543155,-0.002367191260283957,0.01338954787492867,0.5700684144189221,0.23677255858067275,0.8260625519767418,0.07453752654542667,-0.025186917200159416,0.16296066287748084,0.244,0.192,0.2920999999999999,0.031103270215023095,0.022466406088142973,0.04028501161628559,4.292875405045073,3.6330393661883225,5.355252920265758,-0.2548720999956131,-0.337054616266489,-0.17901171835660937,-0.008,-0.024,0.004,0.164125804938948,0.14913305028004684,0.18054350338662478,False
mediation_aware_recourse,False,3.0,0.5,10.0,250,0.3756759070158005,0.3295485357671976,0.4213456857293844,0.5055968017015638,0.46532752009098177,0.5422887415645384,0.1586931103664978,0.1420309458542327,0.17686850548929262,0.721871875,0.715368796875,0.7284196041666666,0.024469085074495526,0.020987094695074485,0.02767798589929007,0.049452416370250774,0.038648424370286684,0.06013799410687865,-0.01609337333807546,-0.028723606128747328,-0.004450102668606281,0.09935750287512694,0.08985393508761212,0.10920259201628621,0.012,0.0,0.028,0.0,0.0,0.0,0.0,0.0,0.0,0.00856626773468954,0.0009274130499551897,0.016505820062103615,0.6745685141533995,0.35720993986329275,0.933695537980782,0.1128859252295995,0.013270572528046715,0.19845160668978729,0.24,0.188,0.292,0.028087955344803975,0.01968460600886423,0.03692242902912044,4.39737550477955,3.7289297074025254,5.478410626837684,-0.2643163206577301,-0.34502524085342884,-0.1909133858174086,-0.008,-0.024,0.004,0.1670358457580944,0.15147664393180932,0.18379904660053295,False
mediation_aware_recourse,False,3.0,1.0,10.0,250,0.36338952016830445,0.3184351268261671,0.40924336948990825,0.5118754158872196,0.47052775459959245,0.5476882826105666,0.15475188379626628,0.13802891522855465,0.17207237548182405,0.7215066666666666,0.7155079166666668,0.7280291041666666,0.024469085074495526,0.020987094695074485,0.02767798589929007,0.049452416370250774,0.038648424370286684,0.06013799410687865,-0.01399676222276689,-0.027359073807101543,-0.0018934129868764115,0.0994375401504523,0.08951050164865768,0.1100913706673565,0.02,0.004,0.04,0.0,0.0,0.0,0.0,0.0,0.0,0.00790886428113944,-0.0006965827966069418,0.016390293834147925,0.7169650494331161,0.39377098979222275,0.9570045586297026,0.10422268945392865,-0.005278524158522568,0.19811073676009025,0.22,0.172,0.276,0.026466895053088402,0.018259828529546166,0.035239802856961065,4.439772040059267,3.7570373405078743,5.522420296097148,-0.27660270750522614,-0.356587459564209,-0.20275782195031644,0.0,-0.02,0.02,0.16637844230454427,0.1508083998027462,0.18336105411440176,False
mediation_aware_recourse,False,3.0,2.0,10.0,250,0.3622953917980194,0.3191077118784189,0.4069596928447485,0.5185303587383888,0.4775015905762833,0.5553239177536833,0.15050533276278327,0.13413807644876194,0.16801956361464182,0.7202550000000001,0.7139092083333333,0.72648853125,0.024469085074495526,0.020987094695074485,0.02767798589929007,0.049452416370250774,0.038648424370286684,0.06013799410687865,-0.012245501168353016,-0.02487517785747932,-3.74417385915192e-05,0.09974133324112489,0.0895328918368922,0.11062802956053076,0.02,0.004,0.04,0.0,0.0,0.0,0.0,0.0,0.0,0.00716225265452899,-0.0010270609589367542,0.016131128697590053,0.7523781026862102,0.40712378339889804,0.9745333416710251,0.09438387202871656,-0.01723549313076107,0.19467332028112905,0.216,0.16790000000000002,0.268,0.025982097306568447,0.018140939242408446,0.03487589773728337,4.47518509331236,3.781172872684649,5.5707969782391284,-0.2776968358755112,-0.3565941810786724,-0.2027607774555683,0.0,-0.02,0.02,0.1656318306779338,0.14958418410655658,0.18217399103059229,False
mediation_aware_recourse,False,3.0,4.502993139022535,10.0,250,0.34308224606513976,0.301724937620759,0.3874446563988924,0.5497653740312574,0.5107044565510742,0.5850821631640307,0.13589101135431098,0.1209285418798466,0.15209494334006582,0.7176897916666667,0.7115727812499999,0.723683921875,0.024469085074495526,0.020987094695074485,0.02767798589929007,0.049452416370250774,0.038648424370286684,0.06013799410687865,0.0027348875769224817,-0.011197252111169098,0.015720973847119676,0.09710846772006022,0.0870958464232871,0.10786816102038783,0.02,0.004,0.0360999999999999,0.0,0.0,0.0,0.0,0.0,0.0,0.006765849678414125,-0.0014006600832930495,0.014876193598303026,0.9446965835512192,0.6698834414364258,0.9940806536332824,0.08916008985094459,-0.022600738561740042,0.18623112525168542,0.188,0.136,0.236,0.020503364652053116,0.012891064957608205,0.02899743915117008,4.66750357417737,3.839491194575231,5.857124933839492,-0.2969099816083908,-0.3740620646685362,-0.22326395401954652,0.0,-0.02,0.02,0.16523542770181895,0.14938761987477508,0.18138242206654284,True
mediation_aware_recourse,False,3.0,5.0,10.0,250,0.32977587938308717,0.28889738586843017,0.37410063813626765,0.555962182179895,0.5159939240430289,0.5896712975154984,0.13336655094078087,0.11871756725454509,0.14805974949182912,0.718361875,0.7120644739583335,0.7246505416666666,0.024469085074495526,0.020987094695074485,0.02767798589929007,0.049452416370250774,0.038648424370286684,0.06013799410687865,0.005601242287655264,-0.00893007679734574,0.018843347505357547,0.09696107433214338,0.0868088848683727,0.10765740136433595,0.02,0.004,0.0360999999999999,0.0,0.0,0.0,0.0,0.0,0.0,0.005927830312057383,-0.002241987844645922,0.014142211755964315,0.8867347098730484,0.6442283820234902,0.9953257442277643,0.07811670497652445,-0.032992219733383385,0.17226690926705746,0.184,0.132,0.22809999999999991,0.018644760743808532,0.011401749057734454,0.02675902840214092,4.609541700499198,3.7974105759373433,5.8717752643145,-0.3102163482904434,-0.3868533807873726,-0.23528366946280002,0.0,-0.02,0.02,0.1643974083354622,0.14853861855389855,0.18069001185945655,False
transport_anchor_only,False,10.0,0.0,10.0,250,1.1171035178899764,1.0513066637724637,1.1822121939778327,0.127874112574422,0.10118399006435894,0.15753823290190663,0.20740523153645501,0.195641676838787,0.2188672923558596,0.8456483333333333,0.834377859375,0.8566126770833333,0.024469085074495526,0.020987094695074485,0.02767798589929007,0.049452416370250774,0.038648424370286684,0.06013799410687865,-0.274943101591629,-0.28840822840199926,-0.26076214124343455,0.2824631200366775,0.2700561551579822,0.29500644864528214,0.148,0.108,0.196,0.0,0.0,0.0,0.0,0.0,0.0,-0.19953547843895536,-0.21475068145391887,-0.18494438626514859,-4.559750600114806,-6.203959565214556,-3.5317539788528487,-2.6294703594772293,-3.0363934929274032,-2.2598236033821424,0.768,0.712,0.82,0.23120413369723053,0.21310757288272664,0.2502060136652212,0.7491828520975927,0.5572136761018243,1.0321075965310946,0.01833763015270233,-0.040503811749815946,0.07547166022658346,-0.004,-0.044,0.0360999999999999,0.03657224038506364,0.028923010900143806,0.04479308963024644,False
mediation_aware_recourse,False,10.0,0.5,10.0,250,1.1222683926820756,1.0556608208864928,1.1852698193699123,0.12610616670025332,0.09877690406219763,0.15604584349231548,0.205343871441136,0.19386457184819694,0.21655315133088032,0.8469541666666667,0.8357614687499999,0.8580592239583335,0.024469085074495526,0.020987094695074485,0.02767798589929007,0.049452416370250774,0.038648424370286684,0.06013799410687865,-0.27957161664982366,-0.2929506017496582,-0.2656616487789802,0.2865423513595415,0.2740332982975894,0.29883919749084525,0.156,0.11590000000000002,0.20009999999999992,0.0,0.0,0.0,0.0,0.0,0.0,-0.2041639934971501,-0.21955485889728102,-0.190140943626411,-4.653345926651348,-6.327086476447486,-3.6224298087206197,-2.6904647412740506,-3.118893937570435,-2.327505875860804,0.768,0.712,0.82,0.23421613834691046,0.21583139608779414,0.2532915236882441,0.6555875255610504,0.46865650733107367,0.8996465554239678,0.02350250494480133,-0.03644477404654026,0.08053933585584164,0.004,-0.036,0.048,0.03194372532686893,0.02441009048813484,0.039677744120798275,False
mediation_aware_recourse,False,10.0,1.0,10.0,250,1.1081506457328796,1.0437304889142514,1.169014891988039,0.1266180044037037,0.09911530762809981,0.15732924335982243,0.2037965477312432,0.19235283493928715,0.21506564949704407,0.8479647916666665,0.8371086145833332,0.8591151145833333,0.024469085074495526,0.020987094695074485,0.02767798589929007,0.049452416370250774,0.038648424370286684,0.06013799410687865,-0.2803847125654958,-0.29376456730258454,-0.2660192003944592,0.2874253568816811,0.274937784882595,0.3000190097313685,0.148,0.10790000000000001,0.1920999999999999,0.0,0.0,0.0,0.0,0.0,0.0,-0.2049770894128222,-0.2204204552764797,-0.1909323868179786,-4.669787912207412,-6.346314122948533,-3.6448696960532625,-2.7011796859365154,-3.1251172883001206,-2.3352972003364636,0.768,0.712,0.82,0.23521174939242998,0.21696324351817145,0.2538040673465718,0.6391455400049866,0.4502244447576196,0.8918708672855881,0.009384757995605468,-0.04955536163151264,0.06831356735229491,-0.004,-0.044,0.032099999999999906,0.0311306294111968,0.023690542614708623,0.03898783140135901,False
mediation_aware_recourse,False,10.0,2.0,10.0,250,1.0976353147029876,1.0348549080342053,1.1618329228818416,0.12647574166503012,0.09882621134494064,0.1561634548845615,0.20035272054571351,0.18966423375712824,0.21118304491556625,0.8496785416666667,0.838649359375,0.8606139583333333,0.024469085074495526,0.020987094695074485,0.02767798589929007,0.049452416370250774,0.038648424370286684,0.06013799410687865,-0.2845830544373724,-0.29774428068306136,-0.27119382668162967,0.2905365843211188,0.27793876164179177,0.3039688314870159,0.152,0.112,0.196,0.0,0.0,0.0,0.0,0.0,0.0,-0.208751780691176,-0.22343861800814305,-0.19490759123994375,-4.754684509381625,-6.436571290102467,-3.7255042706650783,-2.750922412945563,-3.16814120594825,-2.370101946552518,0.772,0.716,0.824,0.2390011944949312,0.21984453790218572,0.2577968826395043,0.5542489428307737,0.375163764480832,0.7918899451148241,-0.001130573034286499,-0.060965554583072665,0.05375899255573749,0.0,-0.04,0.044,0.02735593813284298,0.019704060665107995,0.035491463945198025,False
mediation_aware_recourse,False,10.0,4.502993139022535,10.0,250,1.0806012510061265,1.0120376967966556,1.141661456823349,0.12744358324327437,0.09980487516581941,0.15936501080569215,0.1922902607742961,0.18137251272056512,0.20272515209998332,0.85321,0.8424826875000001,0.8638785260416668,0.024469085074495526,0.020987094695074485,0.02767798589929007,0.049452416370250774,0.038648424370286684,0.06013799410687865,-0.2912865693979355,-0.30475642474816,-0.2776708757482563,0.2964881287652049,0.2832158668046736,0.31039000003759853,0.176,0.132,0.224,0.0,0.0,0.0,0.0,0.0,0.0,-0.21546516741844476,-0.22974183046935112,-0.2012393601544826,-4.8902393609458805,-6.625143824841428,-3.8573652015044657,-2.8393911481758325,-3.268475717469724,-2.45929576669978,0.768,0.7159,0.82,0.24543604399453267,0.22551968164717012,0.2642783365452049,0.41869409126651824,0.25612525031082334,0.6315973673296243,-0.018164636731147765,-0.07746757022738456,0.04385293960273264,0.024,-0.016,0.068,0.020642551405574222,0.013268802053127401,0.02887161914819162,True
mediation_aware_recourse,False,10.0,5.0,10.0,250,1.0818809599876404,1.0125091187506914,1.1431952391803264,0.13040164002312724,0.10129078868866839,0.16263638789685333,0.18978609421389217,0.17856972457009754,0.2001858887348138,0.8513116666666667,0.8403521510416666,0.8619008385416667,0.024469085074495526,0.020987094695074485,0.02767798589929007,0.049452416370250774,0.038648424370286684,0.06013799410687865,-0.2920728208606887,-0.3061699412372553,-0.2779986138344302,0.29721969441064944,0.283749122724311,0.31168751142073636,0.172,0.128,0.22,0.0,0.0,0.0,0.0,0.0,0.0,-0.21629333777671833,-0.2308457442150459,-0.2020677040289881,-4.90613851250334,-6.659516709210185,-3.869637386536293,-2.850304743225267,-3.2672965585402585,-2.468154751189727,0.76,0.704,0.812,0.24578373274114504,0.22566729367059013,0.2650860322927458,0.4027949397090591,0.23902429036364278,0.6182270089121147,-0.01688492774963379,-0.07596826274693012,0.04263717235028743,0.02,-0.020099999999999996,0.064,0.019814381047300662,0.011962788592130581,0.028062632264455326,False
transport_anchor_only,False,30.0,0.0,10.0,250,1.3261293935775758,1.2725647504746915,1.379360652256012,0.09717248830031637,0.07561081353371273,0.12051460401832029,0.20371168640269263,0.19444148972738456,0.21330138550236596,0.87200375,0.8623936979166666,0.8810119947916667,0.024469085074495526,0.020987094695074485,0.02767798589929007,0.049452416370250774,0.038648424370286684,0.06013799410687865,-0.30793394552409153,-0.31931550785189666,-0.2965629507069199,0.3128105127710104,0.30285531946626326,0.32392436578323003,0.32,0.264,0.376,0.0,0.0,0.0,0.0,0.0,0.0,-0.23205714199611527,-0.24433391355863676,-0.21907518322189332,-5.226873591344592,-7.097104752436258,-4.077004269564376,-3.058039509352021,-3.5316097481483757,-2.6543559816168742,0.792,0.7399,0.84,0.25269659980745357,0.23289985321190812,0.27048074706378306,0.3683504943294542,0.2567486314290959,0.5110070397466917,0.12490874946117402,0.0869463471978903,0.1619662542849779,0.02,-0.036,0.076,0.018208340436751957,0.012756357819650564,0.023860285583436138,False
mediation_aware_recourse,False,30.0,0.5,10.0,250,1.322526976108551,1.268611363875866,1.375883804053068,0.09689386526473738,0.07520074679447544,0.12028174807443476,0.2013414142127952,0.19246318647950644,0.21084912184572133,0.8732500000000001,0.8639975885416668,0.8820652552083335,0.024469085074495526,0.020987094695074485,0.02767798589929007,0.049452416370250774,0.038648424370286684,0.06013799410687865,-0.31116634689370165,-0.3225398835904097,-0.29970020916383733,0.31547324791278186,0.30532893567546715,0.3267416066905222,0.324,0.268,0.38009999999999994,0.0,0.0,0.0,0.0,0.0,0.0,-0.2352895433657254,-0.24739951862665785,-0.22251646771025305,-5.292237462452712,-7.182157438496298,-4.118719241233247,-3.1006359621624107,-3.57972697930664,-2.6948902748253434,0.792,0.7399,0.84,0.25386882126501853,0.23333650622181124,0.27190949976620515,0.30298662322133474,0.18752237554929788,0.4317428978019244,0.12130633199214935,0.08460016433000565,0.15874606084525586,0.024,-0.032,0.0760999999999999,0.014975939067141784,0.009056150907983776,0.02073143676946782,False
mediation_aware_recourse,False,30.0,1.0,10.0,250,1.3184562299251557,1.265735978078842,1.3716101119160653,0.09695775813615948,0.07520074679447544,0.12028494271800587,0.2006212541247357,0.19157449559756926,0.21014031614531878,0.8735204166666667,0.8642298854166667,0.8822965052083332,0.024469085074495526,0.020987094695074485,0.02767798589929007,0.049452416370250774,0.038648424370286684,0.06013799410687865,-0.31231148538110176,-0.32359809022511443,-0.30075743184385967,0.3165287436628082,0.30632197265734407,0.3276644552855154,0.32,0.264,0.38,0.0,0.0,0.0,0.0,0.0,0.0,-0.23643468185312558,-0.2488223064534249,-0.22281985757378,-5.315393833191533,-7.207340602121653,-4.133870946763686,-3.1157265502306197,-3.5908181090958644,-2.706282252439278,0.792,0.7399,0.84,0.25501395975241864,0.23431962429871406,0.2734964424844454,0.2798302524825136,0.16131541900556395,0.4106957348230308,0.11723558580875397,0.08179979073703289,0.15396584530472757,0.02,-0.032,0.072,0.013830800579741658,0.007852303072143291,0.019656856745349154,False
mediation_aware_recourse,False,30.0,2.0,10.0,250,1.31180304646492,1.2574632628679276,1.3639611630678177,0.0976986959494567,0.07528565040719809,0.12086159002876586,0.19922930442372652,0.19035551358634967,0.2086236230932469,0.8721522916666666,0.8625411354166667,0.8811118333333333,0.024469085074495526,0.020987094695074485,0.02767798589929007,0.049452416370250774,0.038648424370286684,0.06013799410687865,-0.31382513611010426,-0.32533141315692243,-0.30256852418293856,0.31795384277401423,0.3075198534341245,0.32954821224214903,0.34,0.284,0.4,0.0,0.0,0.0,0.0,0.0,0.0,-0.23795495983520976,-0.25058696521311075,-0.22514139186201823,-5.346002059039787,-7.2388555064813875,-4.163767525324811,-3.1357607111895147,-3.613479091847737,-2.727529559954257,0.788,0.736,0.836,0.2565309241079619,0.23659118026894285,0.2751054039240273,0.24922202663425974,0.13643183659786695,0.37877585748205633,0.11058240234851838,0.07000477201342584,0.14906865983605383,0.04,-0.012099999999999994,0.092,0.012310522597657468,0.006824860276566043,0.017896708351610082,False
mediation_aware_recourse,False,30.0,4.502993139022535,10.0,250,1.3162168427705765,1.2624510346025228,1.3709991118669511,0.09791556254806165,0.07546971776886725,0.12120346198425154,0.18950363783041255,0.18065461724804524,0.1983359267574101,0.874145,0.8647779739583334,0.8833477187500002,0.024469085074495526,0.020987094695074485,0.02767798589929007,0.049452416370250774,0.038648424370286684,0.06013799410687865,-0.3216708111691606,-0.3340846625991572,-0.30961447540624404,0.3251360421114962,0.31384375869303843,0.3370034740174827,0.384,0.328,0.44,0.0,0.0,0.0,0.0,0.0,0.0,-0.24580935623033548,-0.2581227442753413,-0.2334589051863135,-5.504653053974304,-7.481349544610241,-4.319360956216024,-3.2392656250732204,-3.717589877804249,-2.8278903478853814,0.784,0.732,0.836,0.262300456178098,0.2418601567036734,0.28110522592748666,0.09057103169974212,-0.039028379679667054,0.20598907276921666,0.1149961986541748,0.07602298288941384,0.16115672712922094,0.084,0.039900000000000005,0.132,0.0044561262025317174,-0.0018166059585516398,0.01032939269771939,True
mediation_aware_recourse,False,30.0,5.0,10.0,250,1.3114691684246063,1.2600227079302073,1.362001741144061,0.09852566213164037,0.0755267506436121,0.12269005570579421,0.1855432497355311,0.17690003477532948,0.1941584160730216,0.874641875,0.865346453125,0.8844732135416667,0.024469085074495526,0.020987094695074485,0.02767798589929007,0.049452416370250774,0.038648424370286684,0.06013799410687865,-0.32632875692658664,-0.33907827599091467,-0.31377497250910924,0.3291203829951578,0.3180388604978677,0.34174131293181187,0.376,0.324,0.436,0.0,0.0,0.0,0.0,0.0,0.0,-0.25047348687866805,-0.26312461768878104,-0.23799175550435508,-5.598843512182696,-7.615620072602392,-4.402626930371967,-3.300729347657631,-3.783829687374644,-2.8946738620007206,0.78,0.728,0.8280999999999998,0.26644558360052245,0.24558837592603688,0.2856527242682037,-0.003619426508649326,-0.14692127375493,0.129378339367483,0.11024852430820466,0.06891213071942329,0.1513903396874666,0.076,0.028,0.124,-0.00020800444580083765,-0.0068659877446169155,0.006387635241205877,False
ordinary_actionable_recourse,True,0.0,0.0,0.0,250,0.5891318444013596,0.5240299457490445,0.6537377557873726,0.3017075994344088,0.2504320052966151,0.35244724379323544,0.15254188729264198,0.13935703646711975,0.16568895467352873,0.8347339583333334,0.8253539843749998,0.84409009375,0.024469085074495526,0.020987094695074485,0.02767798589929007,0.049452416370250774,0.038648424370286684,0.06013799410687865,-0.23388273255988135,-0.2557913495110915,-0.2099527566674441,0.24471000889737501,0.22502977646440664,0.2652807616065933,0.164,0.124,0.212,0.652,0.592,0.708,0.348,0.288,0.412,-0.16602995023803202,-0.1838341167783073,-0.14904415579175687,-3.7294500395855037,-5.019104697111123,-2.8948649074951094,-2.187935881637944,-2.510864807936257,-1.919313615396226,0.528,0.464,0.588,0.19371355381361494,0.17130118594068358,0.2177494272615599,0.0,0.0,0.0,0.0,0.0,0.0,0.0,0.0,0.0,0.0,0.0,0.0,False
distribution_constrained_recourse,False,10.0,0.0,0.0,250,0.0,0.0,0.0,0.6452613875954911,0.6123165632024506,0.6747243857223615,0.10621573160419596,0.09089308507321375,0.12133135235159707,0.7832066666666667,0.7734053333333333,0.7928878333333333,0.024469085074495526,0.020987094695074485,0.02767798589929007,0.049452416370250774,0.038648424370286684,0.06013799410687865,0.049452416370250774,0.03851750929470607,0.06054612293356955,0.09967104610381244,0.09056829554809362,0.10868070209949159,0.008,0.0,0.02,0.0,0.0,0.0,1.0,1.0,1.0,0.0,0.0,0.0,0.0,0.0,0.0,0.0,0.0,0.0,0.0,0.0,0.0,0.0,0.0,0.0,3.7294500395855037,2.9255688479789326,5.045470263147056,-0.5891318444013596,-0.6537377557873726,-0.5240299457490445,-0.652,-0.7041,-0.592,0.16602995023803202,0.14855845215338306,0.18211376598964554,False
