method,is_ordinary_actionable_baseline,eta,lambda_invariance,rho_anchor,n,cost,cost_lo,cost_hi,shortfall,shortfall_lo,shortfall_hi,direct_effect,direct_effect_lo,direct_effect_hi,transport,transport_lo,transport_hi,pre_recourse_mediated_prediction_disparity,pre_recourse_mediated_prediction_disparity_lo,pre_recourse_mediated_prediction_disparity_hi,pre_recourse_factual_mediated_prediction_disparity,pre_recourse_factual_mediated_prediction_disparity_lo,pre_recourse_factual_mediated_prediction_disparity_hi,post_recourse_mediated_prediction_disparity,post_recourse_mediated_prediction_disparity_lo,post_recourse_mediated_prediction_disparity_hi,outcome_wasserstein,outcome_wasserstein_lo,outcome_wasserstein_hi,feasible_rate,feasible_rate_lo,feasible_rate_hi,constraint_feasible_rate,constraint_feasible_rate_lo,constraint_feasible_rate_hi,constraint_abstention_rate,constraint_abstention_rate_lo,constraint_abstention_rate_hi,mean_absolute_gap_reduction,mean_absolute_gap_reduction_lo,mean_absolute_gap_reduction_hi,factual_mediated_prediction_disparity_closure,factual_mediated_prediction_disparity_closure_lo,factual_mediated_prediction_disparity_closure_hi,recipient_level_closure,recipient_level_closure_lo,recipient_level_closure_hi,overshoot_rate,overshoot_rate_lo,overshoot_rate_hi,overshoot_magnitude,overshoot_magnitude_lo,overshoot_magnitude_hi,factual_closure_gain_vs_actionable_baseline,factual_closure_gain_vs_actionable_baseline_lo,factual_closure_gain_vs_actionable_baseline_hi,cost_difference_vs_actionable_baseline,cost_difference_vs_actionable_baseline_lo,cost_difference_vs_actionable_baseline_hi,feasibility_difference_vs_actionable_baseline,feasibility_difference_vs_actionable_baseline_lo,feasibility_difference_vs_actionable_baseline_hi,paired_absolute_gap_gain_vs_actionable_baseline,paired_absolute_gap_gain_vs_actionable_baseline_lo,paired_absolute_gap_gain_vs_actionable_baseline_hi,is_effect_ratio_heuristic
soft_objective_recourse,False,0.0,0.0,0.0,250,0.0,0.0,0.0,0.46505777469937837,0.42967652989950694,0.5005613698443415,0.04018186057517927,0.037514665616146525,0.04295634571746566,0.5650106130578517,0.5573668690524936,0.5719499219028353,0.19459826564788818,0.19002596332728863,0.19884752629995348,0.5300438823270699,0.5116508616176993,0.5486196147898902,0.5300438823270699,0.5110829871709851,0.5478721910364487,0.5510380924367805,0.5353641240240722,0.5665474760797652,0.052,0.027900000000000005,0.08,0.0,0.0,0.0,0.0,0.0,0.0,0.0,0.0,0.0,0.0,0.0,0.0,0.0,0.0,0.0,0.0,0.0,0.0,0.0,0.0,0.0,0.0,0.0,0.0,0.0,0.0,0.0,0.0,0.0,0.0,0.0,0.0,0.0,False
direct_invariance_only,False,0.0,0.21929316641925986,0.0,250,0.0,0.0,0.0,0.46505777469937837,0.42967652989950694,0.5005613698443415,0.04018186057517927,0.037514665616146525,0.04295634571746566,0.5650106130578517,0.5573668690524936,0.5719499219028353,0.19459826564788818,0.19002596332728863,0.19884752629995348,0.5300438823270699,0.5116508616176993,0.5486196147898902,0.5300438823270699,0.5110829871709851,0.5478721910364487,0.5510380924367805,0.5353641240240722,0.5665474760797652,0.052,0.027900000000000005,0.08,0.0,0.0,0.0,0.0,0.0,0.0,0.0,0.0,0.0,0.0,0.0,0.0,0.0,0.0,0.0,0.0,0.0,0.0,0.0,0.0,0.0,0.0,0.0,0.0,0.0,0.0,0.0,0.0,0.0,0.0,0.0,0.0,0.0,True
direct_invariance_only,False,0.0,0.5,0.0,250,0.0,0.0,0.0,0.46505777469937837,0.42967652989950694,0.5005613698443415,0.04018186057517927,0.037514665616146525,0.04295634571746566,0.5650106130578517,0.5573668690524936,0.5719499219028353,0.19459826564788818,0.19002596332728863,0.19884752629995348,0.5300438823270699,0.5116508616176993,0.5486196147898902,0.5300438823270699,0.5110829871709851,0.5478721910364487,0.5510380924367805,0.5353641240240722,0.5665474760797652,0.052,0.027900000000000005,0.08,0.0,0.0,0.0,0.0,0.0,0.0,0.0,0.0,0.0,0.0,0.0,0.0,0.0,0.0,0.0,0.0,0.0,0.0,0.0,0.0,0.0,0.0,0.0,0.0,0.0,0.0,0.0,0.0,0.0,0.0,0.0,0.0,0.0,False
direct_invariance_only,False,0.0,1.0,0.0,250,0.0,0.0,0.0,0.46505777469937837,0.42967652989950694,0.5005613698443415,0.04018186057517927,0.037514665616146525,0.04295634571746566,0.5650106130578517,0.5573668690524936,0.5719499219028353,0.19459826564788818,0.19002596332728863,0.19884752629995348,0.5300438823270699,0.5116508616176993,0.5486196147898902,0.5300438823270699,0.5110829871709851,0.5478721910364487,0.5510380924367805,0.5353641240240722,0.5665474760797652,0.052,0.027900000000000005,0.08,0.0,0.0,0.0,0.0,0.0,0.0,0.0,0.0,0.0,0.0,0.0,0.0,0.0,0.0,0.0,0.0,0.0,0.0,0.0,0.0,0.0,0.0,0.0,0.0,0.0,0.0,0.0,0.0,0.0,0.0,0.0,0.0,0.0,False
direct_invariance_only,False,0.0,2.0,0.0,250,0.0,0.0,0.0,0.46505777469937837,0.42967652989950694,0.5005613698443415,0.04018186057517927,0.037514665616146525,0.04295634571746566,0.5650106130578517,0.5573668690524936,0.5719499219028353,0.19459826564788818,0.19002596332728863,0.19884752629995348,0.5300438823270699,0.5116508616176993,0.5486196147898902,0.5300438823270699,0.5110829871709851,0.5478721910364487,0.5510380924367805,0.5353641240240722,0.5665474760797652,0.052,0.027900000000000005,0.08,0.0,0.0,0.0,0.0,0.0,0.0,0.0,0.0,0.0,0.0,0.0,0.0,0.0,0.0,0.0,0.0,0.0,0.0,0.0,0.0,0.0,0.0,0.0,0.0,0.0,0.0,0.0,0.0,0.0,0.0,0.0,0.0,0.0,False
direct_invariance_only,False,0.0,5.0,0.0,250,0.0,0.0,0.0,0.46505777469937837,0.42967652989950694,0.5005613698443415,0.04018186057517927,0.037514665616146525,0.04295634571746566,0.5650106130578517,0.5573668690524936,0.5719499219028353,0.19459826564788818,0.19002596332728863,0.19884752629995348,0.5300438823270699,0.5116508616176993,0.5486196147898902,0.5300438823270699,0.5110829871709851,0.5478721910364487,0.5510380924367805,0.5353641240240722,0.5665474760797652,0.052,0.027900000000000005,0.08,0.0,0.0,0.0,0.0,0.0,0.0,0.0,0.0,0.0,0.0,0.0,0.0,0.0,0.0,0.0,0.0,0.0,0.0,0.0,0.0,0.0,0.0,0.0,0.0,0.0,0.0,0.0,0.0,0.0,0.0,0.0,0.0,0.0,False
soft_objective_recourse,False,1.0,0.0,0.0,250,0.1632007862977066,0.12588241302508324,0.20052940116308665,0.27649632946847197,0.244721571602846,0.3053558873663178,0.04677564360055558,0.04478290160442006,0.04883697289324208,0.5383710120992661,0.5325438601368546,0.5440485877856374,0.19459826564788818,0.19002596332728863,0.19884752629995348,0.5300438823270699,0.5116508616176993,0.5486196147898902,0.3632525983888372,0.3322799669298978,0.39459218632893633,0.42636978872575493,0.40381540686149786,0.4509472916332543,0.096,0.06,0.1320999999999999,0.0,0.0,0.0,0.0,0.0,0.0,0.13139695509342783,0.10224968422629753,0.16329432643411707,0.3146744816786926,0.2456092524471062,0.382646949980335,0.24789825800186804,0.19779140561832487,0.3017535720143041,0.172,0.128,0.22,0.01769716442240245,0.012289555739724579,0.02377224684222198,0.0,0.0,0.0,0.0,0.0,0.0,0.0,0.0,0.0,0.0,0.0,0.0,False
direct_invariance_only,False,1.0,0.21929316641925986,0.0,250,0.16038491243639375,0.12435548828570973,0.1973034609664658,0.27933859039782793,0.2476487362883049,0.30785712902235557,0.04661930018028633,0.04464976453737128,0.048723814428384235,0.5384062749385835,0.5326826956671775,0.5443902318480431,0.19459826564788818,0.19002596332728863,0.19884752629995348,0.5300438823270699,0.5116508616176993,0.5486196147898902,0.3654785286612821,0.3342817741386687,0.39763203984052814,0.4285044318336317,0.4060720244418005,0.4530867093802742,0.096,0.06,0.1320999999999999,0.0,0.0,0.0,0.0,0.0,0.0,0.1290247196421055,0.0994636588093526,0.1613636681968914,0.3104749609471783,0.24031202763386744,0.37826145774719205,0.24342271261700765,0.1914444249939093,0.296390300526518,0.172,0.128,0.22,0.01777031701184117,0.012319719218177014,0.023882712246970562,-0.004199520731514306,-0.016020195398132063,0.002393839839178856,-0.002815873861312866,-0.008800679683685303,0.00023537206649780273,0.0,0.0,0.0,-0.0023722354513223422,-0.0076693108557663635,0.00036840300119955847,True
direct_invariance_only,False,1.0,0.5,0.0,250,0.1603809222630539,0.12435538853137623,0.1972956801284531,0.27940876498418304,0.24772293908921825,0.30801998772773864,0.04644975660741872,0.04442012303534626,0.04858876556917932,0.5381413446547986,0.5322658935397804,0.5440457601503373,0.19459826564788818,0.19002596332728863,0.19884752629995348,0.5300438823270699,0.5116508616176993,0.5486196147898902,0.36436286711836235,0.33322067114723336,0.3963863210939866,0.42823801391509164,0.4055192479134492,0.4526855343924508,0.096,0.06,0.1320999999999999,0.0,0.0,0.0,0.0,0.0,0.0,0.12916130547753712,0.09937241420789802,0.16144660485897,0.31257980845154265,0.24259636287677885,0.3807824565781805,0.24368040040472816,0.19152645909484403,0.29653481352267935,0.18,0.132,0.228,0.01825985486558524,0.012808309124206135,0.024419853211028207,-0.002094673227149957,-0.015302978838596314,0.005995636567652915,-0.00281986403465271,-0.00880866003036499,0.00023537206649780273,0.0,0.0,0.0,-0.0022356496158907274,-0.007895850795678932,0.0008609774372735034,False
direct_invariance_only,False,1.0,1.0,0.0,250,0.15656833807521844,0.12019143169828736,0.1935855590952535,0.2834584121745588,0.25091754039046976,0.3124139671004445,0.04611558973475634,0.04403752684940371,0.04822351909355699,0.5378603284964562,0.5318943607277155,0.5439204110592007,0.19459826564788818,0.19002596332728863,0.19884752629995348,0.5300438823270699,0.5116508616176993,0.5486196147898902,0.36635542540691096,0.3356825561748665,0.39887119972316615,0.4310124668604624,0.40923847087163445,0.45582348121862964,0.096,0.06,0.1320999999999999,0.0,0.0,0.0,0.0,0.0,0.0,0.12572803949921296,0.09679731166471037,0.15725750453262985,0.30882057576348565,0.2416663046518308,0.37649670128857127,0.23720307637025217,0.18413866998030393,0.29022608504909414,0.18,0.132,0.228,0.01898020871047299,0.013376614697472288,0.025368002750466925,-0.005853905915206958,-0.02297905731327351,0.005658414171668941,-0.006632448222488165,-0.015858697415888308,4.956114664673805e-05,0.0,0.0,0.0,-0.005668915594214865,-0.013345471832502984,-0.0005726661317852411,False
direct_invariance_only,False,1.0,2.0,0.0,250,0.13061566068374897,0.09687753361247317,0.16510999335653526,0.31131121083034546,0.27667561331051965,0.3426373584997725,0.04497198114950507,0.04275543314444232,0.04721028765010717,0.5405567040174007,0.5342904594734251,0.546707124457711,0.19459826564788818,0.19002596332728863,0.19884752629995348,0.5300438823270699,0.5116508616176993,0.5486196147898902,0.3899199027952122,0.3584001083738185,0.4224463109706996,0.4485736406621779,0.4253870572373357,0.4716256364193665,0.092,0.06,0.128,0.0,0.0,0.0,0.0,0.0,0.0,0.10673155090673456,0.07955832923139582,0.13636993292458427,0.2643629786210654,0.19789447419065578,0.3306801408571763,0.2013636124581748,0.1503578699236108,0.25158373522017524,0.152,0.108,0.196,0.016696214312561557,0.011036630382626391,0.022595772435086616,-0.050311503057627216,-0.08460199550377785,-0.019074180028085756,-0.03258512561395764,-0.051783866222202775,-0.015185707140993331,-0.004,-0.012,0.0,-0.024665404186693274,-0.039547890403711275,-0.0119858050921117,False
direct_invariance_only,False,1.0,5.0,0.0,250,0.06287150611950255,0.037797050321458844,0.08810458991446173,0.38913864017077343,0.35231634893159347,0.4244738831801546,0.041825102755449484,0.039374850396880524,0.04439612354881231,0.5491474700760841,0.5420995208716751,0.555364716706866,0.19459826564788818,0.19002596332728863,0.19884752629995348,0.5300438823270699,0.5116508616176993,0.5486196147898902,0.4567082894445588,0.4283244803056832,0.48450883405420425,0.4992158552637128,0.47940747789738714,0.5182827628549127,0.084,0.052,0.12,0.0,0.0,0.0,0.0,0.0,0.0,0.053258853693911055,0.03340101962429988,0.07613237990016153,0.13835758760301753,0.08427718171171698,0.19161226057157787,0.10048008376228545,0.06413472148353833,0.14064056143183956,0.08,0.048,0.116,0.010038369594300019,0.0054524200470193835,0.015106776381197054,-0.17631689407567508,-0.23079326054828145,-0.1223766159238139,-0.10032928017820404,-0.13120621898236803,-0.07054950038328306,-0.012,-0.028,0.0,-0.07813810139951675,-0.10192985000211391,-0.05503864483939384,False
soft_objective_recourse,False,3.0,0.0,0.0,250,0.5302490878818208,0.4915476958670188,0.5680607017290764,0.023386906593830394,0.018088991293814267,0.028847658800148626,0.04434095416772121,0.04213242873011385,0.046603527466301864,0.5063913289847374,0.5013136219435036,0.5118918665545762,0.19459826564788818,0.19002596332728863,0.19884752629995348,0.5300438823270699,0.5116508616176993,0.5486196147898902,0.060584146726565695,0.03231756270511093,0.08528988819133693,0.21623174317377153,0.19933366284798143,0.23320895484690077,0.34,0.288,0.4,0.0,0.0,0.0,0.0,0.0,0.0,0.3536452884725893,0.32170292614225904,0.3853328983301209,0.8856997528948338,0.8302146998486969,0.9360703809555302,0.6672000192134435,0.6302157182768384,0.7036073550921794,0.564,0.5,0.6240999999999999,0.057907223563957486,0.049041669683675716,0.06731697915429741,0.0,0.0,0.0,0.0,0.0,0.0,0.0,0.0,0.0,0.0,0.0,0.0,False
direct_invariance_only,False,3.0,0.21929316641925986,0.0,250,0.5301777945277864,0.49151648030062206,0.568056155396717,0.023417607536468203,0.0180920177326297,0.02886608905693412,0.04401610433146574,0.04174532603627343,0.046225340793066956,0.5063326806547642,0.5012507600227772,0.5118012976304949,0.19459826564788818,0.19002596332728863,0.19884752629995348,0.5300438823270699,0.5116508616176993,0.5486196147898902,0.058312368312869005,0.03043050831726073,0.08342335746263202,0.21509083304088994,0.1979534429938313,0.2316593937858347,0.332,0.28,0.38809999999999995,0.0,0.0,0.0,0.0,0.0,0.0,0.35341469852996144,0.32189617934875064,0.3848290201331652,0.8899857723914137,0.8349556992807137,0.9403605188974244,0.6667649798698791,0.6307865819114988,0.7031197925557603,0.576,0.512,0.636,0.05915840774211978,0.050131876349039976,0.06842932836782029,0.004286019496579918,0.0005807009059596663,0.009101709121598535,-7.129335403442383e-05,-0.00018078064918518067,0.0,-0.008,-0.02,0.0,-0.0002305899426278799,-0.0017943645028120439,0.0016154140101402354,True
direct_invariance_only,False,3.0,0.5,0.0,250,0.530259410214203,0.49164965090588664,0.5681765781421199,0.02345801857760179,0.018077059080162196,0.028900512334240566,0.043440527812638706,0.04116874795305773,0.04578617347016698,0.5052247192687989,0.5001386617938459,0.5106219812795221,0.19459826564788818,0.19002596332728863,0.19884752629995348,0.5300438823270699,0.5116508616176993,0.5486196147898902,0.054187338095793465,0.027365716465894325,0.08018945570588769,0.2129385401904109,0.1955075333246792,0.22960765242339345,0.328,0.272,0.388,0.0,0.0,0.0,0.0,0.0,0.0,0.35446848356551885,0.32297399736930055,0.3857319429265927,0.8977682039119235,0.84460697125139,0.9485729402363712,0.6687530889127209,0.6322180849623242,0.7046442416175236,0.596,0.532,0.656,0.06069403033287883,0.05150829490912463,0.07002514845943147,0.012068451017089643,0.004812068413892568,0.02080777586804958,1.0322332382202149e-05,-0.0003786363482475281,0.00042128746509551994,-0.012,-0.032,0.004,0.0008231950929295446,-0.0018197441011278835,0.0039031269366904286,False
direct_invariance_only,False,3.0,1.0,0.0,250,0.5304448338267975,0.4915950422990398,0.5682604622197323,0.02346261938562646,0.01817542256442152,0.028885710184459398,0.043152078770936686,0.04082960438052037,0.04548036362988575,0.5040953302776814,0.49884880964167116,0.5096348645708502,0.19459826564788818,0.19002596332728863,0.19884752629995348,0.5300438823270699,0.5116508616176993,0.5486196147898902,0.052331723921150264,0.02524392971648853,0.07748305004692926,0.21256125786576074,0.1951843040887402,0.2292009996391367,0.332,0.27590000000000003,0.392,0.0,0.0,0.0,0.0,0.0,0.0,0.3541919493557367,0.3225713833166574,0.38514793888510884,0.9012690728711055,0.847350239958613,0.9525500157080581,0.6682313694494795,0.6315596615592093,0.7039026150169351,0.608,0.5479,0.664,0.06176010452509149,0.052351991788362424,0.07109953817852388,0.015569319976271645,0.007929527236326206,0.025067816493281762,0.00019574594497680665,-0.000663190758228302,0.0010414606273174284,-0.008,-0.028,0.008,0.0005466608831474425,-0.0022476569404578884,0.003759950122274631,False
direct_invariance_only,False,3.0,2.0,0.0,250,0.5353339012754732,0.4941650866030934,0.572600490881165,0.022355157291531966,0.017881204101542446,0.027247855125089853,0.04220194179245101,0.03990471103895037,0.04437645650419419,0.5027483088073731,0.4975494970166028,0.5084530057670891,0.19459826564788818,0.19002596332728863,0.19884752629995348,0.5300438823270699,0.5116508616176993,0.5486196147898902,0.043553924871999355,0.017100571926565982,0.06964056323970903,0.20925604031624453,0.19223861332178344,0.2256846520632984,0.336,0.28,0.396,0.0,0.0,0.0,0.0,0.0,0.0,0.3553218737657639,0.32505474132179735,0.386541727118885,0.9178295867112303,0.86347167119086,0.9669826386639445,0.6703631257958906,0.6343076073727442,0.7050543926242109,0.632,0.568,0.688,0.06558404184465337,0.05634398497609299,0.07517837637993526,0.03212983381639645,0.01815379969622825,0.04889532916719045,0.005084813393652439,-0.0020290338842198254,0.014190455113165079,-0.004,-0.028,0.02,0.0016765852931745874,-0.0033072423874102004,0.007370144712100698,False
direct_invariance_only,False,3.0,5.0,0.0,250,0.5464382785452181,0.5061347870599843,0.5824576289381715,0.021372678173130617,0.017243087775953396,0.025917740451196318,0.0399251545281354,0.03777851738002182,0.04226617179658255,0.4988174047381878,0.49365672854017617,0.5042510953455747,0.19459826564788818,0.19002596332728863,0.19884752629995348,0.5300438823270699,0.5116508616176993,0.5486196147898902,0.023861351028085433,-0.003099528056719325,0.050133984869848235,0.19954022362893395,0.18340529212709564,0.21531548473291004,0.308,0.256,0.368,0.0,0.0,0.0,0.0,0.0,0.0,0.36015203647934024,0.32971154270226644,0.3911796286656731,0.9549823102884876,0.9025385721303256,0.995862020227103,0.6794758858420407,0.6435698563985645,0.7139150583017906,0.676,0.6199,0.7320999999999999,0.07301524740982213,0.0643580972503066,0.08211810948977734,0.06928255739365374,0.04587203958376939,0.09364458058285086,0.016189190663397312,0.005628578153252602,0.029316055954992766,-0.032,-0.064,0.0,0.006506748006750994,-0.0015969958260401561,0.015430110452315002,False
soft_objective_recourse,False,10.0,0.0,0.0,250,0.6069279753947631,0.5738819908858277,0.6373801932899048,0.007043979403877726,0.005668626369974046,0.008560124465867177,0.04362283355313295,0.041397167113749495,0.04591526306931041,0.5019628889722824,0.49670514752225875,0.5073503519307316,0.19459826564788818,0.19002596332728863,0.19884752629995348,0.5300438823270699,0.5116508616176993,0.5486196147898902,0.02974356561801398,0.0071048431694748565,0.05117831974391865,0.1965390889746242,0.18216845285477173,0.2107954664200728,0.472,0.4159,0.536,0.0,0.0,0.0,0.0,0.0,0.0,0.37985200554983495,0.3532478934319569,0.4083852979886824,0.9438847110404712,0.8991380654360637,0.9864974818439821,0.7166425615218075,0.6857470156522422,0.747270197679872,0.584,0.52,0.6440999999999999,0.060224155579610514,0.05156176017904802,0.06899933927870168,0.0,0.0,0.0,0.0,0.0,0.0,0.0,0.0,0.0,0.0,0.0,0.0,False
direct_invariance_only,False,10.0,0.21929316641925986,0.0,250,0.6071407098555938,0.5738819908858277,0.6375980064820731,0.007026389806605033,0.005655974213002833,0.008547250947491598,0.04333576216984593,0.041016958765372015,0.045647010376392155,0.5014767278475761,0.4962951015515208,0.5067855373205961,0.19459826564788818,0.19002596332728863,0.19884752629995348,0.5300438823270699,0.5116508616176993,0.5486196147898902,0.027650021156581363,0.005407229908218649,0.049189983282721436,0.19565376294791506,0.1811959550677285,0.210078517766345,0.476,0.416,0.54,0.0,0.0,0.0,0.0,0.0,0.0,0.38060349942212074,0.3532757188021146,0.4093542752774504,0.9478344679025659,0.9041751619225891,0.9900491150562819,0.718060357099386,0.686877421231729,0.7494810326858938,0.588,0.524,0.648,0.06089518087418389,0.052095307948853725,0.07013788940783214,0.003949756862094644,0.0003960125902037925,0.00913625060100475,0.00021273446083068848,0.0,0.0005431549549102784,0.004,0.0,0.012,0.0007514938722858538,-0.0010435339726708515,0.0029643642468558124,True
direct_invariance_only,False,10.0,0.5,0.0,250,0.6071367318416014,0.5735705717324279,0.6379951193785062,0.007040637644537395,0.005687861639145447,0.008594200605481377,0.04280877395360038,0.040489029974455575,0.045179269748012556,0.5007791419813633,0.49540799013935927,0.506088826501876,0.19459826564788818,0.19002596332728863,0.19884752629995348,0.5300438823270699,0.5116508616176993,0.5486196147898902,0.023096819099981042,-0.0003160830802778943,0.04407037200666309,0.1927917833402651,0.1781002473809661,0.207222679259089,0.48,0.4199,0.54,0.0,0.0,0.0,0.0,0.0,0.0,0.38245395404070576,0.355209844515114,0.4112772170836058,0.9564247039347417,0.9131431988175541,0.9950608624772803,0.721551491853099,0.690139290150018,0.7534607290774008,0.604,0.54,0.664,0.06224655459319156,0.05343174927379091,0.07126566394783146,0.012539992894270435,0.0029006956328922725,0.0242507515199977,0.0002087564468383789,-0.0020322190463542937,0.0023327779650688172,0.008,-0.008,0.024,0.0026019484908708316,-0.000818264934151814,0.007106977772739005,False
direct_invariance_only,False,10.0,1.0,0.0,250,0.6067797083640472,0.5735338086782955,0.6378426208888879,0.007113251225775769,0.005762028978167258,0.008623657214517792,0.04233144442191726,0.039968547408259475,0.0447601899554417,0.5000461927356721,0.49465409322142007,0.5055131776485204,0.19459826564788818,0.19002596332728863,0.19884752629995348,0.5300438823270699,0.5116508616176993,0.5486196147898902,0.019712210691440517,-0.002966950913796668,0.04170891501288929,0.19017485198590334,0.17558435927805863,0.20433433705678272,0.464,0.4,0.5240999999999999,0.0,0.0,0.0,0.0,0.0,0.0,0.38339353210485255,0.3566196657661799,0.41221745280080835,0.9628102288344556,0.9201585447235847,0.9977360822574698,0.7233241338842111,0.692739667910843,0.7546574057769834,0.62,0.556,0.68,0.06346906976538842,0.054589367416788916,0.07236054932849625,0.018925517793984326,0.0055239175734475175,0.03175626457816999,-0.00014826703071594237,-0.0022315665900707244,0.0019088485181331632,-0.008,-0.032,0.016,0.0035415265550176505,-0.0006924953867334642,0.008477085083465757,False
direct_invariance_only,False,10.0,2.0,0.0,250,0.6095777485752478,0.5773732314963126,0.6400661262879614,0.006925577048693296,0.00562230174515601,0.00833896283300235,0.041785223159588894,0.039490651736599255,0.04407873866956064,0.49908580462789537,0.4937863050496459,0.5044892058229148,0.19459826564788818,0.19002596332728863,0.19884752629995348,0.5300438823270699,0.5116508616176993,0.5486196147898902,0.01472166930412251,-0.007946119254268963,0.036931172766357226,0.1876017718603931,0.17306516003769998,0.2022307303066052,0.46,0.39990000000000003,0.524,0.0,0.0,0.0,0.0,0.0,0.0,0.3847429727023191,0.3568380590045053,0.41326292342072074,0.9722255650994603,0.9294590109124554,0.9985679360832398,0.7258700374262763,0.6953811543059605,0.7557995227636087,0.64,0.576,0.7,0.06528962016031419,0.05622354339868405,0.07407613118918573,0.028340854058989118,0.004552050556378402,0.04516059119495136,0.002649773180484772,-0.0014241382896900178,0.008974315369129173,-0.012,-0.036,0.012,0.0048909671524841394,-0.0004685269327040365,0.010412613574673412,False
direct_invariance_only,False,10.0,5.0,0.0,250,0.618081885674037,0.5864266505233711,0.6493749847559958,0.006817621047066542,0.005549549738526141,0.008174793931134367,0.039698042517582806,0.03754687850755776,0.041944077682525095,0.4958968860194683,0.49072838623689413,0.5011310898863197,0.19459826564788818,0.19002596332728863,0.19884752629995348,0.5300438823270699,0.5116508616176993,0.5486196147898902,-0.002623280417718195,-0.025001395859568086,0.017945818389506065,0.1799277112725965,0.16646384441677953,0.1935379237628922,0.476,0.412,0.54,0.0,0.0,0.0,0.0,0.0,0.0,0.38724840537159877,0.35989358462498755,0.4162608826686831,0.9950508240823361,0.953444534488569,0.9993655566824192,0.7305968775103087,0.7000327059788242,0.7602954709957752,0.7,0.64,0.752,0.07270937868659466,0.06394109229412266,0.08123962081759124,0.051166113041864913,-0.025902341049590712,0.07899152632449971,0.011153910279273987,0.004152604350447654,0.020135288149118424,0.004,-0.028,0.036,0.007396399821763878,0.00021284911785406741,0.015450528618473992,False
soft_objective_recourse,False,30.0,0.0,0.0,250,0.6807695751497522,0.6440765196874272,0.7190305707995314,0.002713698536236622,0.0020019182028275804,0.0033954607883435284,0.04298765541597417,0.040845911882821766,0.04548980192234822,0.4992304492702484,0.49426649586750865,0.5047791421144961,0.19459826564788818,0.19002596332728863,0.19884752629995348,0.5300438823270699,0.5116508616176993,0.5486196147898902,0.016606243306550958,-0.004142610015437592,0.03793530884075402,0.19525612884893553,0.18253760346939135,0.20820211587257775,0.644,0.584,0.704,0.0,0.0,0.0,0.0,0.0,0.0,0.38443632232506025,0.3573108079217343,0.41256614115560375,0.9686700594795208,0.9284483180782358,0.9976857489173764,0.7252914997099036,0.6966083115943164,0.7542035522788356,0.584,0.52,0.644,0.06450065834772939,0.05533288009792019,0.0738148692138913,0.0,0.0,0.0,0.0,0.0,0.0,0.0,0.0,0.0,0.0,0.0,0.0,False
direct_invariance_only,False,30.0,0.21929316641925986,0.0,250,0.6801416631052271,0.6433473609105684,0.7183034907348453,0.002734815589874547,0.002009663669446555,0.0034257640818303463,0.04259992345998028,0.040282792355459014,0.0451231875912938,0.49924009167933464,0.49420792374348044,0.5047970477024794,0.19459826564788818,0.19002596332728863,0.19884752629995348,0.5300438823270699,0.5116508616176993,0.5486196147898902,0.013805575953059894,-0.0068846698380149365,0.035493206821424525,0.19659088907719638,0.1839976505722469,0.20988599687177847,0.64,0.5799,0.7000999999999998,0.0,0.0,0.0,0.0,0.0,0.0,0.38301431561057986,0.3557263059140886,0.41107092928746597,0.9739539000196572,0.9331792849574675,0.9986227774574525,0.7226086903012989,0.6947806103937966,0.7516676381067999,0.588,0.52,0.648,0.06661199538171511,0.05675286182666296,0.07677267187329981,0.00528384054013642,-0.005892755143093142,0.009492563600051001,-0.0006279120445251465,-0.0018837361335754396,0.0,-0.004,-0.012,0.0,-0.001422006714480373,-0.003550733481224638,0.000711937782366776,True
direct_invariance_only,False,30.0,0.5,0.0,250,0.6792583036730065,0.6425457064276329,0.7178192819794407,0.0027655486718149254,0.002061497478651972,0.0034502335380648674,0.042472421076751005,0.04017746585796392,0.04489721061069418,0.49901613962888713,0.49388070530444383,0.5044159152148903,0.19459826564788818,0.19002596332728863,0.19884752629995348,0.5300438823270699,0.5116508616176993,0.5486196147898902,0.012515736582088476,-0.009069545370038448,0.0344571545947321,0.19548080152164793,0.1830361104969029,0.20955945503978293,0.636,0.572,0.6960999999999998,0.0,0.0,0.0,0.0,0.0,0.0,0.38394763968622986,0.3570037435610249,0.4123979298915908,0.9763873577275523,0.9351258737962039,0.9989805014903982,0.7243695333310354,0.6958659726444202,0.7533885120477969,0.592,0.524,0.652,0.06679025302937577,0.05696417562224453,0.0769479843164353,0.007717298248031468,-0.008437811471483323,0.014112356795590458,-0.0015112714767456055,-0.003912288570404052,0.0,-0.008,-0.02,0.0,-0.0004886826388303027,-0.00312151337150557,0.0023806207749985354,False
direct_invariance_only,False,30.0,1.0,0.0,250,0.6854229111978785,0.6478273770482512,0.7242036018315936,0.002576907532090941,0.0019174495917556056,0.003236074881619562,0.041798038899883164,0.03951055734485447,0.044183729947802966,0.4983054918556213,0.49345891686760185,0.5035525524089456,0.19459826564788818,0.19002596332728863,0.19884752629995348,0.5300438823270699,0.5116508616176993,0.5486196147898902,0.006697975414949622,-0.014530850059617061,0.02892299171171559,0.19469237323058264,0.1822160923775782,0.20774862396158691,0.644,0.58,0.708,0.0,0.0,0.0,0.0,0.0,0.0,0.38444262975343385,0.3570406787189544,0.4116254881952238,0.9873633568119997,0.944517657128781,0.9990271186295405,0.7253033995328879,0.6967320244082933,0.7541560169218123,0.604,0.5439,0.664,0.06945163857934324,0.05968758228115103,0.07938870004231861,0.01869329733247893,-0.01855977270713898,0.029488925956370423,0.004653336048126221,-0.001954510247707367,0.014541880142688752,0.0,-0.02,0.02,6.307428373619084e-06,-0.00474574362539659,0.005268934197200755,False
direct_invariance_only,False,30.0,2.0,0.0,250,0.6933699715444818,0.6530989063883667,0.7342296651892596,0.002356016721151905,0.0017536816126642056,0.0029585351849053445,0.040939177540457825,0.03862959977879393,0.0433488832726616,0.49703409776520724,0.4923060719397962,0.502033748678726,0.19459826564788818,0.19002596332728863,0.19884752629995348,0.5300438823270699,0.5116508616176993,0.5486196147898902,-0.00039708993190290087,-0.023761085884470835,0.02070878090325282,0.19415178400439478,0.1815595491567606,0.2076329363173518,0.648,0.584,0.7080999999999998,0.0,0.0,0.0,0.0,0.0,0.0,0.3829002767054611,0.35537672595547876,0.4103230499500607,0.9992508357418266,0.9527750110498309,0.9993023288489021,0.7223935403695271,0.693758094280657,0.750616055949837,0.624,0.5599000000000001,0.68,0.07377034777675588,0.06296360488268357,0.08450786759332546,0.03058077626230582,-0.03343579268723794,0.04455413482548506,0.012600396394729613,0.0015831871151924138,0.026769222474098204,0.004,-0.020099999999999996,0.032,-0.0015360456195991344,-0.007251974233607704,0.004100295260368989,False
direct_invariance_only,False,30.0,5.0,0.0,250,0.7066440079817549,0.6654830762775615,0.7477462391413282,0.0022254054871579157,0.001630959194710083,0.002836706613629345,0.03827185197266935,0.03608215241702065,0.040572926842545085,0.4939445654046535,0.48894721900992394,0.4990545695896864,0.19459826564788818,0.19002596332728863,0.19884752629995348,0.5300438823270699,0.5116508616176993,0.5486196147898902,-0.02283047001087508,-0.04403494676097191,-0.0016271574883385178,0.18444536664368755,0.1727585377293142,0.19712203838951983,0.652,0.588,0.708,0.0,0.0,0.0,0.0,0.0,0.0,0.38727729915305587,0.36086773060811556,0.4141638036603368,0.9569272077801527,0.9171806370241077,0.9940613841567646,0.7306513895656694,0.7032258165207633,0.7584462906959659,0.688,0.624,0.7440999999999999,0.08279852659244458,0.07224793657262119,0.09351114450308935,-0.011742851699368062,-0.07292843828700793,0.06437448855518962,0.02587443283200264,0.011029352761059999,0.04268808234930038,0.008,-0.028,0.044,0.0028409768279956662,-0.004633353816088462,0.010764775187610192,False
transport_anchor_only,False,0.0,0.0,0.1,250,1.1491202712932135e-08,0.0,3.039876402226581e-08,0.4650560102203558,0.4296745855891834,0.5005596466425694,0.04018198476551167,0.037514679916587565,0.042956453932642816,0.5650104335286616,0.5573665069816948,0.5719498314399719,0.19459826564788818,0.19002596332728863,0.19884752629995348,0.5300438823270699,0.5116508616176993,0.5486196147898902,0.5300430621827249,0.5110829474023748,0.5478690988605184,0.5510374211836617,0.5353635142659942,0.5665469639669379,0.052,0.027900000000000005,0.08,0.0,0.0,0.0,0.0,0.0,0.0,8.201443450794876e-07,0.0,2.4121273623584725e-06,1.5473140476673919e-06,0.0,4.644176864898596e-06,1.5473140476673919e-06,0.0,4.594637949889568e-06,0.0,0.0,0.0,0.0,0.0,0.0,1.5473140476673919e-06,0.0,4.557074302258268e-06,1.1491202712932135e-08,0.0,3.039876402226581e-08,0.0,0.0,0.0,8.201443450794876e-07,0.0,2.410888755361551e-06,False
mediation_aware_recourse,False,0.0,0.21929316641925986,0.1,250,0.0,0.0,0.0,0.46505777469937837,0.42967652989950694,0.5005613698443415,0.04018186057517927,0.037514665616146525,0.04295634571746566,0.5650106130578517,0.5573668690524936,0.5719499219028353,0.19459826564788818,0.19002596332728863,0.19884752629995348,0.5300438823270699,0.5116508616176993,0.5486196147898902,0.5300438823270699,0.5110829871709851,0.5478721910364487,0.5510380924367805,0.5353641240240722,0.5665474760797652,0.052,0.027900000000000005,0.08,0.0,0.0,0.0,0.0,0.0,0.0,0.0,0.0,0.0,0.0,0.0,0.0,0.0,0.0,0.0,0.0,0.0,0.0,0.0,0.0,0.0,0.0,0.0,0.0,0.0,0.0,0.0,0.0,0.0,0.0,0.0,0.0,0.0,True
mediation_aware_recourse,False,0.0,0.5,0.1,250,0.0,0.0,0.0,0.46505777469937837,0.42967652989950694,0.5005613698443415,0.04018186057517927,0.037514665616146525,0.04295634571746566,0.5650106130578517,0.5573668690524936,0.5719499219028353,0.19459826564788818,0.19002596332728863,0.19884752629995348,0.5300438823270699,0.5116508616176993,0.5486196147898902,0.5300438823270699,0.5110829871709851,0.5478721910364487,0.5510380924367805,0.5353641240240722,0.5665474760797652,0.052,0.027900000000000005,0.08,0.0,0.0,0.0,0.0,0.0,0.0,0.0,0.0,0.0,0.0,0.0,0.0,0.0,0.0,0.0,0.0,0.0,0.0,0.0,0.0,0.0,0.0,0.0,0.0,0.0,0.0,0.0,0.0,0.0,0.0,0.0,0.0,0.0,False
mediation_aware_recourse,False,0.0,1.0,0.1,250,0.0,0.0,0.0,0.46505777469937837,0.42967652989950694,0.5005613698443415,0.04018186057517927,0.037514665616146525,0.04295634571746566,0.5650106130578517,0.5573668690524936,0.5719499219028353,0.19459826564788818,0.19002596332728863,0.19884752629995348,0.5300438823270699,0.5116508616176993,0.5486196147898902,0.5300438823270699,0.5110829871709851,0.5478721910364487,0.5510380924367805,0.5353641240240722,0.5665474760797652,0.052,0.027900000000000005,0.08,0.0,0.0,0.0,0.0,0.0,0.0,0.0,0.0,0.0,0.0,0.0,0.0,0.0,0.0,0.0,0.0,0.0,0.0,0.0,0.0,0.0,0.0,0.0,0.0,0.0,0.0,0.0,0.0,0.0,0.0,0.0,0.0,0.0,False
mediation_aware_recourse,False,0.0,2.0,0.1,250,0.0,0.0,0.0,0.46505777469937837,0.42967652989950694,0.5005613698443415,0.04018186057517927,0.037514665616146525,0.04295634571746566,0.5650106130578517,0.5573668690524936,0.5719499219028353,0.19459826564788818,0.19002596332728863,0.19884752629995348,0.5300438823270699,0.5116508616176993,0.5486196147898902,0.5300438823270699,0.5110829871709851,0.5478721910364487,0.5510380924367805,0.5353641240240722,0.5665474760797652,0.052,0.027900000000000005,0.08,0.0,0.0,0.0,0.0,0.0,0.0,0.0,0.0,0.0,0.0,0.0,0.0,0.0,0.0,0.0,0.0,0.0,0.0,0.0,0.0,0.0,0.0,0.0,0.0,0.0,0.0,0.0,0.0,0.0,0.0,0.0,0.0,0.0,False
mediation_aware_recourse,False,0.0,5.0,0.1,250,0.0,0.0,0.0,0.46505777469937837,0.42967652989950694,0.5005613698443415,0.04018186057517927,0.037514665616146525,0.04295634571746566,0.5650106130578517,0.5573668690524936,0.5719499219028353,0.19459826564788818,0.19002596332728863,0.19884752629995348,0.5300438823270699,0.5116508616176993,0.5486196147898902,0.5300438823270699,0.5110829871709851,0.5478721910364487,0.5510380924367805,0.5353641240240722,0.5665474760797652,0.052,0.027900000000000005,0.08,0.0,0.0,0.0,0.0,0.0,0.0,0.0,0.0,0.0,0.0,0.0,0.0,0.0,0.0,0.0,0.0,0.0,0.0,0.0,0.0,0.0,0.0,0.0,0.0,0.0,0.0,0.0,0.0,0.0,0.0,0.0,0.0,0.0,False
transport_anchor_only,False,1.0,0.0,0.1,250,0.1662133619240799,0.12911375698406086,0.20325489180876577,0.2735004812968566,0.24234908751574763,0.30309890080222346,0.04676102769523242,0.04476438168974488,0.0488354458139509,0.5377831141622066,0.5320068508325517,0.5434313525006651,0.19459826564788818,0.19002596332728863,0.19884752629995348,0.5300438823270699,0.5116508616176993,0.5486196147898902,0.3598124051026105,0.32938817283588395,0.39247859913736016,0.4239933780185006,0.401802000170555,0.4482695386293433,0.096,0.06,0.1320999999999999,0.0,0.0,0.0,0.0,0.0,0.0,0.13400482578637507,0.10431275730020294,0.16542316010972447,0.3211648750233401,0.25149293336836936,0.3892681371192535,0.25281836137424885,0.20059069869251386,0.3092646267138581,0.18,0.132,0.228,0.018113325719042207,0.012657759961801063,0.024429367679600914,0.006490393344647516,0.0,0.018783076065779412,0.003012575626373291,0.0,0.009037726879119874,0.0,0.0,0.0,0.002607870692947245,0.0,0.0076722847992211395,False
mediation_aware_recourse,False,1.0,0.21929316641925986,0.1,250,0.16620740780749702,0.129056546826573,0.20337536403867054,0.273574493418318,0.2425501581347327,0.3033312100134018,0.0466139372856638,0.04462849384625799,0.04867529080308586,0.5373302637982369,0.5313485027659774,0.5431287880269887,0.19459826564788818,0.19002596332728863,0.19884752629995348,0.5300438823270699,0.5116508616176993,0.5486196147898902,0.3588698742715411,0.328092535188024,0.39042149519159086,0.4238407067496898,0.40139197074683,0.44827039824199727,0.096,0.06,0.1320999999999999,0.0,0.0,0.0,0.0,0.0,0.0,0.1339924037338143,0.10448866444693004,0.16518541772308176,0.32294308785155235,0.25349736370405895,0.3919892767016847,0.25279492547964666,0.20097733705323131,0.3087601416003491,0.188,0.14,0.24,0.01859080216085728,0.0131604864803605,0.024906844121415982,0.008268606172859738,0.000789886990290331,0.020868165203273337,0.0030066215097904205,-0.00023934905156493185,0.009036678856611248,0.0,0.0,0.0,0.002595448640386439,-0.00040462096187102436,0.008034131176752083,True
mediation_aware_recourse,False,1.0,0.5,0.1,250,0.16343020424762153,0.12621300947207423,0.20086413327553157,0.2764159546794208,0.24456363144299426,0.30506984099552986,0.046422418543404786,0.04437127706100954,0.04850468832810019,0.5372691674337388,0.5314549088425636,0.5432075749188423,0.19459826564788818,0.19002596332728863,0.19884752629995348,0.5300438823270699,0.5116508616176993,0.5486196147898902,0.3608134607642806,0.32901206243503706,0.39229387320631876,0.42625823972547333,0.4033923905439638,0.4506532016809749,0.096,0.06,0.1320999999999999,0.0,0.0,0.0,0.0,0.0,0.0,0.13106372297313404,0.10198003858912526,0.16316213355191753,0.31927624712846625,0.2497538277746658,0.38732833693068525,0.24726957020562235,0.19692965334536536,0.30084552679094123,0.188,0.14,0.24,0.019083349294827648,0.013474177130307057,0.02534581907684007,0.004601765449773643,0.000990547845019038,0.008717974270460976,0.00022941794991493224,-0.00024322939664125443,0.0007061161994934082,0.0,0.0,0.0,-0.0003332321202937849,-0.0015235310198942098,0.0007269744307733711,False
mediation_aware_recourse,False,1.0,1.0,0.1,250,0.15668602410846733,0.12019437384911859,0.19377479175093906,0.28340251632499674,0.25091474559799165,0.31236727728046854,0.04607010978687312,0.04401981553721735,0.04820385934346779,0.5376410909388066,0.5316446454916655,0.5437987444893181,0.19459826564788818,0.19002596332728863,0.19884752629995348,0.5300438823270699,0.5116508616176993,0.5486196147898902,0.36603526892805177,0.3351039355870332,0.3986407651518282,0.43115289615338614,0.40923847087163445,0.4559639105115534,0.096,0.06,0.1320999999999999,0.0,0.0,0.0,0.0,0.0,0.0,0.12540788302035374,0.09648194202013334,0.15692934414179913,0.3094245945806703,0.24246878276457226,0.37734248967105194,0.23659905755306743,0.18353107291100096,0.2893975301188388,0.18,0.132,0.228,0.019300365189332213,0.013728595246566173,0.025833458887427677,-0.005249887098022321,-0.021774048322416133,0.006269569388353987,-0.0065147621892392635,-0.015745310046430677,0.00017128800898790357,0.0,0.0,0.0,-0.005989072073074087,-0.01347393207757056,-0.0008928900475262232,False
mediation_aware_recourse,False,1.0,2.0,0.1,250,0.14924176262461925,0.11335784147541463,0.18569553482076012,0.2917960609225138,0.2599367499922238,0.3218444664809137,0.04548296492698401,0.043412993049042344,0.04768982604819066,0.5375368281767369,0.5317371291006746,0.5435911385372341,0.19459826564788818,0.19002596332728863,0.19884752629995348,0.5300438823270699,0.5116508616176993,0.5486196147898902,0.3711614642227719,0.3394749349632203,0.40401335819449957,0.43614764875182427,0.41375666969422487,0.4600369105376532,0.092,0.06,0.128,0.0,0.0,0.0,0.0,0.0,0.0,0.119295100877175,0.09152111865833143,0.1500177931704346,0.29975332873714344,0.22976628358699294,0.3668181643272667,0.22506646120209806,0.17470535524694983,0.2785914468887254,0.176,0.128,0.224,0.019793658613561534,0.014179404430437876,0.026023096887537706,-0.014921152941549165,-0.03734476899765292,0.0017393964640457214,-0.013959023673087358,-0.026344804711826146,-0.004289052062295378,-0.004,-0.012,0.0,-0.012101854216252829,-0.02203626432605406,-0.00390965394563551,False
mediation_aware_recourse,False,1.0,5.0,0.1,250,0.07445106449200012,0.04849045898675438,0.10165259407286187,0.3768419449449815,0.34062863776750957,0.41021072254077356,0.041984133368911734,0.03948998053439266,0.044647195379630994,0.5476532095742226,0.5405391463340878,0.5538982097496271,0.19459826564788818,0.19002596332728863,0.19884752629995348,0.5300438823270699,0.5116508616176993,0.5486196147898902,0.4438006257662132,0.41580968565670273,0.47047079283362075,0.4908939211894496,0.470312031144045,0.5111098595634326,0.092,0.06,0.128,0.0,0.0,0.0,0.0,0.0,0.0,0.06168079275641972,0.04160066554121639,0.08615256313873346,0.16270965374078072,0.10673057495569309,0.21603037498536976,0.11636921925335764,0.0737569129932437,0.15858912147865376,0.096,0.06,0.136,0.012281231902218515,0.007198814454699741,0.01749615870823526,-0.15196482793791188,-0.20856101805991015,-0.09913141932578395,-0.08874972180570649,-0.12019678618407224,-0.05919855933263898,-0.004,-0.016,0.012,-0.06971616233700811,-0.0941604573792952,-0.04687190152885561,False
transport_anchor_only,False,3.0,0.0,0.1,250,0.5308311391589814,0.4920100925883307,0.5689935408557183,0.023216159999789987,0.0178779192674091,0.028686603132459337,0.04420741704311045,0.04201568965656507,0.04642843564092198,0.5055369273593425,0.5003846275996506,0.5109156030402779,0.19459826564788818,0.19002596332728863,0.19884752629995348,0.5300438823270699,0.5116508616176993,0.5486196147898902,0.05952082390025444,0.0313071407040758,0.08442107106744834,0.2164734007404024,0.19939898231949374,0.23349941315385345,0.344,0.288,0.40409999999999996,0.0,0.0,0.0,0.0,0.0,0.0,0.35299071058912523,0.32098605457950896,0.3845973924251185,0.887705856279412,0.8334103306468997,0.9389056243410396,0.6659650688531257,0.6294933702577286,0.7019703936365572,0.568,0.504,0.628,0.05876617391884516,0.04998089949857119,0.06825212670823866,0.002006103384578184,0.0003847063802453754,0.004267603334827124,0.0005820512771606446,0.00011768603324890136,0.0012287962436676025,0.004,0.0,0.012,-0.0006545778834640719,-0.001367822600852223,-0.00011845519392154591,False
mediation_aware_recourse,False,3.0,0.21929316641925986,0.1,250,0.5308601089236908,0.49208373661730437,0.568878922315313,0.02327628645063867,0.017960421292660334,0.02872877811819562,0.04344675511144731,0.04119996434304127,0.04569747957142497,0.5041879527974128,0.49904351865792274,0.5098691102004826,0.19459826564788818,0.19002596332728863,0.19884752629995348,0.5300438823270699,0.5116508616176993,0.5486196147898902,0.05420613338714027,0.026505632013449534,0.07970857923837632,0.21334089188584895,0.1962943175088328,0.2300463632797413,0.328,0.272,0.388,0.0,0.0,0.0,0.0,0.0,0.0,0.35382809476441546,0.32240512289302525,0.38498603704906587,0.8977327440340275,0.843445244141938,0.9479830085379357,0.6675449081894724,0.6311452151333602,0.7039622668852709,0.6,0.536,0.6560999999999999,0.0610048270877571,0.05178803004252623,0.0699905658902827,0.01203299113919365,0.005327764391513728,0.019765830637282145,0.0006110210418701172,8.172760605812073e-05,0.0012420008540153502,-0.012,-0.028,0.004,0.00018280629182620744,-0.002006419161934392,0.0025005875247400295,True
mediation_aware_recourse,False,3.0,0.5,0.1,250,0.5309551573512726,0.4921339224549447,0.5689336828184299,0.023270127887781763,0.01795179145812294,0.028722619555338707,0.0432923663974736,0.04101648203284438,0.04559280327537309,0.5038875304858684,0.49885503221178057,0.5094356880515575,0.19459826564788818,0.19002596332728863,0.19884752629995348,0.5300438823270699,0.5116508616176993,0.5486196147898902,0.05303641283722959,0.025874491146258474,0.07863650031480675,0.21250023927652353,0.19544365727952212,0.22925720256808776,0.332,0.27590000000000003,0.392,0.0,0.0,0.0,0.0,0.0,0.0,0.3546992986978503,0.32331631796739657,0.3859132156409902,0.8999395812203661,0.8464076542120028,0.9509393281265225,0.669188553107342,0.6322786817591913,0.7055816979172201,0.604,0.54,0.6600999999999999,0.06115408539599505,0.05193552882513817,0.0699905658902827,0.014239828325532278,0.006638223879689087,0.023592129092861965,0.0007060694694519042,0.00013737980127334596,0.0013875837981700894,-0.008,-0.028,0.008,0.0010540102252609724,-0.0015685210367354068,0.00420400134510465,False
mediation_aware_recourse,False,3.0,1.0,0.1,250,0.5306604154822999,0.49180574022039947,0.5687525416195625,0.023398579803867933,0.018165786868420065,0.02885439894655207,0.04315556714122459,0.04082967876580252,0.04548376479091646,0.5038210094821453,0.4986673121459007,0.5093865802853524,0.19459826564788818,0.19002596332728863,0.19884752629995348,0.5300438823270699,0.5116508616176993,0.5486196147898902,0.05225285355863079,0.02524392971648853,0.07748305004692926,0.21266830597164746,0.19553267261337842,0.2293160027108498,0.332,0.27590000000000003,0.392,0.0,0.0,0.0,0.0,0.0,0.0,0.35411307899321726,0.32249251295413794,0.38499216991913277,0.901417872555715,0.8476583184473835,0.9525500157080581,0.6680825697648699,0.6313603423267601,0.7038990329818541,0.608,0.5479,0.664,0.06183897488761096,0.05253475068314671,0.07125530714449986,0.015718119660881213,0.008066402681995924,0.025216639653317944,0.00041132760047912596,-0.0005546871602535249,0.001354035139083862,-0.008,-0.028,0.008,0.000467790520627966,-0.0023263728436023917,0.0037544699588020988,False
mediation_aware_recourse,False,3.0,2.0,0.1,250,0.5367421011818224,0.4967475182504742,0.5737976683264001,0.021976341632688225,0.017147489774287396,0.026746442427018277,0.042079685769370594,0.039822612133059404,0.04430679263604625,0.5023007291247844,0.49710941095082767,0.5079184755122006,0.19459826564788818,0.19002596332728863,0.19884752629995348,0.5300438823270699,0.5116508616176993,0.5486196147898902,0.041845015283763144,0.015812836282828407,0.06779106811842803,0.2076190040825606,0.18975773856862935,0.22436692626056137,0.336,0.28,0.396,0.0,0.0,0.0,0.0,0.0,0.0,0.356959917430868,0.32687657267573966,0.38882700711866547,0.9210536774803446,0.8686420555021054,0.9689883911423577,0.673453518345867,0.6375837495803156,0.7087993799363728,0.636,0.572,0.696,0.06561947480621941,0.05634398497609299,0.07518829577158385,0.03535392458551079,0.020749362090413184,0.051779702540420976,0.006493013300001621,0.0005253605723381042,0.015138766323029995,-0.004,-0.028,0.02,0.0033146289582787246,-0.001578414360401341,0.008937599017947221,False
mediation_aware_recourse,False,3.0,5.0,0.1,250,0.5470206197393709,0.5065939307642868,0.5835055817419649,0.021279224497138025,0.017134992026179796,0.025773851481304646,0.03986855152442074,0.03772213281330954,0.042218520851280285,0.4985462574291229,0.4933559039432645,0.5040268769019485,0.19459826564788818,0.19002596332728863,0.19884752629995348,0.5300438823270699,0.5116508616176993,0.5486196147898902,0.023366284763502675,-0.0036293651369305275,0.049431419199378004,0.19958988337588826,0.18354956029890482,0.2154320448106137,0.312,0.26,0.372,0.0,0.0,0.0,0.0,0.0,0.0,0.360059245728357,0.32971154270226644,0.39120752314296886,0.9559163202470767,0.9033714202920882,0.9965017350629195,0.6793008234480069,0.6434972849632185,0.7139158192227179,0.68,0.624,0.7360999999999999,0.07330917591760512,0.0646162560356606,0.0822880371060775,0.07021656735224291,0.04654437436302666,0.09411037728968294,0.016771531857550145,0.006156603848934174,0.02954507078360766,-0.028,-0.06,0.004,0.006413957255767766,-0.0017302528739518274,0.015281153892637655,False
transport_anchor_only,False,10.0,0.0,0.1,250,0.6077719070697203,0.5746023420960643,0.6385854685686295,0.006965893408917691,0.005624231385209482,0.008512797962964539,0.04330316052102314,0.04105777506576515,0.04560019431074604,0.5010925435874461,0.4957274424067676,0.5066440357739389,0.19459826564788818,0.19002596332728863,0.19884752629995348,0.5300438823270699,0.5116508616176993,0.5486196147898902,0.026988065796933212,0.004537760736258956,0.04802653062877475,0.19463285576663997,0.18000486208576286,0.20889904614244592,0.476,0.416,0.54,0.0,0.0,0.0,0.0,0.0,0.0,0.38168046140399214,0.3547454761343478,0.410509288765577,0.9490833368768514,0.9053113671684905,0.989936194846793,0.7200921926091991,0.6894599539492293,0.7513460664245355,0.588,0.524,0.6480999999999999,0.060687677563072286,0.05199044565690886,0.06978895971936662,0.0051986258363802,0.0,0.01397427383557738,0.0008439316749572754,0.0,0.0024141089916229247,0.004,0.0,0.012,0.0018284558541572305,-0.00042290706244746623,0.005511504038013232,False
mediation_aware_recourse,False,10.0,0.21929316641925986,0.1,250,0.6078658828521147,0.5746036456615664,0.6385865397046786,0.00696204815053226,0.005623368014542808,0.008506897467712425,0.043000276617895426,0.040693362254809004,0.045345651579728606,0.5007680787990093,0.4954076864827514,0.5060832777965487,0.19459826564788818,0.19002596332728863,0.19884752629995348,0.5300438823270699,0.5116508616176993,0.5486196147898902,0.02463907347981094,0.0020702976474447346,0.04575924760983318,0.19317787358641814,0.17855763813647624,0.2075166909682544,0.476,0.416,0.536,0.0,0.0,0.0,0.0,0.0,0.0,0.38294160787019804,0.35575509779323233,0.4115572727644228,0.9535150309222754,0.9086181129920693,0.9933575532686473,0.7224715172429803,0.6912566231856819,0.7545173879868005,0.596,0.528,0.66,0.0612316004885305,0.05230021395129134,0.07026743286682055,0.009630319881804184,0.0017550675023041808,0.020197668108671213,0.0009379074573516846,-1.0726451873779296e-06,0.002508084774017334,0.004,-0.008,0.016,0.00308960232036307,-0.00021145353122373312,0.00755602549876569,True
mediation_aware_recourse,False,10.0,0.5,0.1,250,0.607274911143817,0.5738005718289875,0.6380395603989949,0.007038141295052741,0.005693257174909078,0.00857579765611851,0.04262822167555131,0.04035981905757334,0.04500294351058644,0.5002464237096309,0.4948891671551585,0.5057221251156807,0.19459826564788818,0.19002596332728863,0.19884752629995348,0.5300438823270699,0.5116508616176993,0.5486196147898902,0.021743849804231996,-0.0007626889786020514,0.043160764162369095,0.1916586823635327,0.1772346333271692,0.20614083223900842,0.476,0.416,0.54,0.0,0.0,0.0,0.0,0.0,0.0,0.38337070927067474,0.35589575334316315,0.41211278646428673,0.9589772648468855,0.916360624841572,0.9969515346406401,0.7232810754980306,0.6921046272001407,0.7552076154518068,0.608,0.544,0.668,0.062464661626081615,0.05358945929047087,0.07160205720111962,0.015092553806414277,0.003913487846990332,0.027232102058425654,0.0003469357490539551,-0.0018940397441387176,0.002431027352809906,0.004,-0.012,0.02009999999999991,0.00351870372083977,-0.0002622358331520132,0.008103205373838912,False
mediation_aware_recourse,False,10.0,1.0,0.1,250,0.6068973943972961,0.5735875713258982,0.63784359939415,0.007105061990588422,0.005757095884240522,0.008623452483638109,0.04229756646636645,0.0399677004593707,0.04475011102889355,0.4998492868258953,0.4944626379176796,0.5053249882319449,0.19459826564788818,0.19002596332728863,0.19884752629995348,0.5300438823270699,0.5116508616176993,0.5486196147898902,0.019437476041627325,-0.00303742075599527,0.04127147771845014,0.18991238839014038,0.17551072508277785,0.204248066566606,0.464,0.4,0.5240999999999999,0.0,0.0,0.0,0.0,0.0,0.0,0.38366826675466575,0.35673028984433147,0.4125685735132965,0.963328553182634,0.9207194674231778,0.9980878106047727,0.7238424582323897,0.6929443401226371,0.7550436754094906,0.62,0.556,0.68,0.06346906976538842,0.054589367416788916,0.07236054932849625,0.01944384214216277,0.006220298507574865,0.03229368415541265,-3.0580997467041014e-05,-0.0021797383546829224,0.002037661921977996,-0.008,-0.032,0.016,0.0038162612048308455,-0.0004315008263617556,0.008684558407930247,False
mediation_aware_recourse,False,10.0,2.0,0.1,250,0.6107509303474798,0.5781595578251406,0.6411650722406572,0.006847274686386441,0.005561509974635737,0.008199448027039355,0.04159827921766329,0.03927402435113817,0.04389763680769112,0.49869292146348954,0.49352319365987773,0.5041304379499197,0.19459826564788818,0.19002596332728863,0.19884752629995348,0.5300438823270699,0.5116508616176993,0.5486196147898902,0.012854946526635259,-0.009139850819723275,0.034557948525885035,0.1860994156990791,0.17239055120415775,0.1999045915435572,0.464,0.404,0.528,0.0,0.0,0.0,0.0,0.0,0.0,0.386143537518403,0.35884187143164126,0.4149031173718608,0.9757473919514027,0.9348431962479498,0.9986149795726614,0.7285123937721981,0.6972077640498774,0.7581499581350867,0.644,0.58,0.7,0.06552269914101584,0.0564551759786338,0.07407613118918573,0.031862680910931473,0.0024862109435139597,0.05016669025559114,0.0038229549527168272,-0.0007080020308494568,0.010425486238300799,-0.008,-0.032,0.01609999999999991,0.006291531968568117,0.0006961741271629915,0.012607959489538948,False
mediation_aware_recourse,False,10.0,5.0,0.1,250,0.618081885674037,0.5864266505233711,0.6493749847559958,0.006817621047066542,0.005549549738526141,0.008174793931134367,0.039698042517582806,0.03754687850755776,0.041944077682525095,0.4958968860194683,0.49072838623689413,0.5011310898863197,0.19459826564788818,0.19002596332728863,0.19884752629995348,0.5300438823270699,0.5116508616176993,0.5486196147898902,-0.002623280417718195,-0.025001395859568086,0.017945818389506065,0.1799277112725965,0.16646384441677953,0.1935379237628922,0.476,0.412,0.54,0.0,0.0,0.0,0.0,0.0,0.0,0.38724840537159877,0.35989358462498755,0.4162608826686831,0.9950508240823361,0.953444534488569,0.9993655566824192,0.7305968775103087,0.7000327059788242,0.7602954709957752,0.7,0.64,0.752,0.07270937868659466,0.06394109229412266,0.08123962081759124,0.051166113041864913,-0.025902341049590712,0.07899152632449971,0.011153910279273987,0.004152604350447654,0.020135288149118424,0.004,-0.028,0.036,0.007396399821763878,0.00021284911785406741,0.015450528618473992,False
transport_anchor_only,False,30.0,0.0,0.1,250,0.6808872611830011,0.6440791232175892,0.7191482568327803,0.002710395679927032,0.001997049204416821,0.003392063190676083,0.04277843652095484,0.040527869934313475,0.0453060580205215,0.4988818329467773,0.4939296680875182,0.5044608414151431,0.19459826564788818,0.19002596332728863,0.19884752629995348,0.5300438823270699,0.5116508616176993,0.5486196147898902,0.014847805876786925,-0.005541272153357221,0.03590656526174618,0.19587078151713377,0.1831451469654502,0.2087864873953446,0.644,0.5839,0.704,0.0,0.0,0.0,0.0,0.0,0.0,0.38403321400572416,0.3571263342522629,0.4117182851318099,0.9719875912696132,0.9317373919763127,0.9982480117343892,0.7245309809438605,0.6960198317121458,0.7537790167273127,0.584,0.52,0.644,0.06558143122227943,0.05617640505001513,0.07547276925682009,0.0033175317900924206,-0.0037695661926675063,0.0071440232103493284,0.00011768603324890136,0.0,0.0003530580997467041,0.0,-0.012,0.012,-0.00040310831933604627,-0.0019706906686776686,0.0014133766640849902,False
mediation_aware_recourse,False,30.0,0.21929316641925986,0.1,250,0.6793759897062555,0.6425663264814299,0.7179369680126896,0.0027622336455552193,0.0020569633833325126,0.0034436863612019473,0.04245077813822414,0.04017746585796392,0.04489629367021408,0.4987877641429901,0.4937496722867012,0.5041602177546859,0.19459826564788818,0.19002596332728863,0.19884752629995348,0.5300438823270699,0.5116508616176993,0.5486196147898902,0.012330231315030995,-0.009255050637095929,0.034283103504639666,0.19555855534615507,0.18317106061964672,0.20956304091003103,0.64,0.576,0.7,0.0,0.0,0.0,0.0,0.0,0.0,0.3837621344191724,0.35682287592564377,0.41201929042576674,0.9767373386880778,0.9352073733716726,0.9990385480864163,0.72401955237051,0.6958375040551384,0.7531010825761125,0.592,0.524,0.652,0.06697575829643325,0.057105596592782054,0.07704615842482937,0.008067279208556988,-0.008651908362093286,0.014458479076972099,-0.0013935854434967041,-0.003906906151771545,0.00023537206649780273,-0.004,-0.02,0.008,-0.0006741879058877838,-0.003296055631387229,0.0022857390352205484,True
mediation_aware_recourse,False,30.0,0.5,0.1,250,0.6794781623193994,0.6426695173840737,0.7180239571709418,0.0027622336455552193,0.0020569633833325126,0.0034436863612019473,0.04229515342757841,0.03993926717325221,0.04472910557918379,0.49848500865530965,0.49349726001333594,0.5037903127286613,0.19459826564788818,0.19002596332728863,0.19884752629995348,0.5300438823270699,0.5116508616176993,0.5486196147898902,0.010989433833148108,-0.010800410788435124,0.03312605173601589,0.1942811330470841,0.18202918511664196,0.2080486154323264,0.64,0.576,0.7,0.0,0.0,0.0,0.0,0.0,0.0,0.38501300033219854,0.357884741434671,0.41304147441959305,0.9792669358150106,0.9378094438814907,0.9989954783147681,0.7263794813400405,0.6982733211824278,0.755029421852684,0.596,0.528,0.656,0.06702072408086164,0.057150562377210445,0.07708104690823359,0.01059687633548978,-0.009758604113424812,0.01921516803492975,-0.0012914128303527833,-0.0038047335386276245,0.00032203125953674314,-0.004,-0.02,0.008,0.0005766780071383195,-0.0028762314579168294,0.0045902295588108365,False
mediation_aware_recourse,False,30.0,1.0,0.1,250,0.6854229111978785,0.6478273770482512,0.7242036018315936,0.002576907532090941,0.0019174495917556056,0.003236074881619562,0.041798038899883164,0.03951055734485447,0.044183729947802966,0.4983054918556213,0.49345891686760185,0.5035525524089456,0.19459826564788818,0.19002596332728863,0.19884752629995348,0.5300438823270699,0.5116508616176993,0.5486196147898902,0.006697975414949622,-0.014530850059617061,0.02892299171171559,0.19469237323058264,0.1822160923775782,0.20774862396158691,0.644,0.58,0.708,0.0,0.0,0.0,0.0,0.0,0.0,0.38444262975343385,0.3570406787189544,0.4116254881952238,0.9873633568119997,0.944517657128781,0.9990271186295405,0.7253033995328879,0.6967320244082933,0.7541560169218123,0.604,0.5439,0.664,0.06945163857934324,0.05968758228115103,0.07938870004231861,0.01869329733247893,-0.01855977270713898,0.029488925956370423,0.004653336048126221,-0.001954510247707367,0.014541880142688752,0.0,-0.02,0.02,6.307428373619084e-06,-0.00474574362539659,0.005268934197200755,False
mediation_aware_recourse,False,30.0,2.0,0.1,250,0.6933699715444818,0.6530989063883667,0.7342296651892596,0.002356016721151905,0.0017536816126642056,0.0029585351849053445,0.040939177540457825,0.03862959977879393,0.0433488832726616,0.49703409776520724,0.4923060719397962,0.502033748678726,0.19459826564788818,0.19002596332728863,0.19884752629995348,0.5300438823270699,0.5116508616176993,0.5486196147898902,-0.00039708993190290087,-0.023761085884470835,0.02070878090325282,0.19415178400439478,0.1815595491567606,0.2076329363173518,0.648,0.584,0.7080999999999998,0.0,0.0,0.0,0.0,0.0,0.0,0.3829002767054611,0.35537672595547876,0.4103230499500607,0.9992508357418266,0.9527750110498309,0.9993023288489021,0.7223935403695271,0.693758094280657,0.750616055949837,0.624,0.5599000000000001,0.68,0.07377034777675588,0.06296360488268357,0.08450786759332546,0.03058077626230582,-0.03343579268723794,0.04455413482548506,0.012600396394729613,0.0015831871151924138,0.026769222474098204,0.004,-0.020099999999999996,0.032,-0.0015360456195991344,-0.007251974233607704,0.004100295260368989,False
mediation_aware_recourse,False,30.0,5.0,0.1,250,0.707462093652226,0.6667892659825971,0.7478319288359723,0.0022254054871579157,0.001630959194710083,0.002836706613629345,0.038112677441404015,0.03589088898693623,0.04042389662036136,0.49357174210786814,0.4886113361865103,0.4986205660873651,0.19459826564788818,0.19002596332728863,0.19884752629995348,0.5300438823270699,0.5116508616176993,0.5486196147898902,-0.0239614663834289,-0.04516594313352573,-0.002825475049464424,0.18359479350999852,0.17220755657389955,0.19636778814722353,0.652,0.588,0.708,0.0,0.0,0.0,0.0,0.0,0.0,0.3877921001172896,0.36096477781635605,0.41476464172070904,0.9547934290303851,0.9159090082966744,0.9916406306672663,0.7316226317239103,0.7042415685895158,0.7593607934323662,0.692,0.632,0.7480999999999999,0.08310662429660462,0.07276300087388554,0.09364392395571755,-0.013876630449135674,-0.07511921081812778,0.062477525184968526,0.026692518502473832,0.011493962103873491,0.04392494277805088,0.008,-0.028,0.044,0.003355777792229378,-0.004113946580320989,0.0113800281486443,False
transport_anchor_only,False,0.0,0.0,0.5,250,7.346389966187416e-07,7.188297331595094e-08,1.732660880429648e-06,0.4650341508188219,0.4296507856007184,0.5005182711210011,0.040183141368462724,0.03751480767881555,0.04295672188070503,0.5650081042149067,0.5573614680229068,0.5719474736401856,0.19459826564788818,0.19002596332728863,0.19884752629995348,0.5300438823270699,0.5116508616176993,0.5486196147898902,0.5300327107834335,0.5110636055577762,0.5478657803996518,0.5510286312522595,0.5353548642266457,0.5665227375246067,0.052,0.027900000000000005,0.08,0.0,0.0,0.0,0.0,0.0,0.0,1.1171543636509407e-05,3.4613850595648366e-07,3.5903349036250747e-05,2.107663914041602e-05,5.970167640173552e-07,5.773151078431182e-05,2.107663914041602e-05,6.387391022016908e-07,5.900592957059913e-05,0.0,0.0,0.0,0.0,0.0,0.0,2.107663914041602e-05,5.380534488369504e-07,5.871086559873782e-05,7.346389966187416e-07,7.188297331595094e-08,1.732660880429648e-06,0.0,0.0,0.0,1.1171543636509407e-05,2.8505951283825934e-07,3.109128117180722e-05,False
mediation_aware_recourse,False,0.0,0.21929316641925986,0.5,250,3.493271569823264e-07,1.1491202712932135e-08,8.220926105877878e-07,0.4650529200045945,0.42967096247542397,0.5005558094925464,0.04018228624591147,0.03751476492268798,0.04295667912457747,0.5650089895584584,0.5573640576527954,0.5719474736401856,0.19459826564788818,0.19002596332728863,0.19884752629995348,0.5300438823270699,0.5116508616176993,0.5486196147898902,0.5300416678150441,0.5110812956952073,0.5478657803996518,0.5510360655884964,0.5353621127044768,0.5665444829580996,0.052,0.027900000000000005,0.08,0.0,0.0,0.0,0.0,0.0,0.0,2.2145120258176833e-06,6.982915652820054e-08,5.179339240186654e-06,4.177978653485681e-06,1.3082685327570065e-07,1.014382327577945e-05,4.177978653485681e-06,1.320895300943592e-07,1.0081743748058253e-05,0.0,0.0,0.0,0.0,0.0,0.0,4.177978653485681e-06,1.3080476077842462e-07,1.003345748364359e-05,3.493271569823264e-07,1.1491202712932135e-08,8.220926105877878e-07,0.0,0.0,0.0,2.2145120258176833e-06,6.982915652820054e-08,5.327509534934092e-06,True
mediation_aware_recourse,False,0.0,0.5,0.5,250,2.133616985702247e-07,0.0,6.178954790811985e-07,0.46505700436127073,0.42967500555484966,0.5005599742353047,0.04018196069145761,0.03751475953107392,0.04295635092575684,0.5650095056512356,0.5573645674566865,0.5719479790351212,0.19459826564788818,0.19002596332728863,0.19884752629995348,0.5300438823270699,0.5116508616176993,0.5486196147898902,0.5300435472161553,0.5110824153062304,0.5478721229530211,0.5510377653115638,0.5353638237113183,0.5665466270692321,0.052,0.027900000000000005,0.08,0.0,0.0,0.0,0.0,0.0,0.0,3.351109146314535e-07,0.0,8.861836706536061e-07,6.322323976570843e-07,0.0,1.7726433163278708e-06,6.322323976570843e-07,0.0,1.727154583694434e-06,0.0,0.0,0.0,0.0,0.0,0.0,6.322323976570843e-07,0.0,1.8854028910664226e-06,2.133616985702247e-07,0.0,6.178954790811985e-07,0.0,0.0,0.0,3.351109146314535e-07,0.0,9.857793523237116e-07,False
mediation_aware_recourse,False,0.0,1.0,0.5,250,2.133616985702247e-07,0.0,6.178954790811985e-07,0.46505700436127073,0.42967500555484966,0.5005599742353047,0.04018196069145761,0.03751475953107392,0.04295635092575684,0.5650095056512356,0.5573645674566865,0.5719479790351212,0.19459826564788818,0.19002596332728863,0.19884752629995348,0.5300438823270699,0.5116508616176993,0.5486196147898902,0.5300435472161553,0.5110824153062304,0.5478721229530211,0.5510377653115638,0.5353638237113183,0.5665466270692321,0.052,0.027900000000000005,0.08,0.0,0.0,0.0,0.0,0.0,0.0,3.351109146314535e-07,0.0,8.861836706536061e-07,6.322323976570843e-07,0.0,1.7726433163278708e-06,6.322323976570843e-07,0.0,1.727154583694434e-06,0.0,0.0,0.0,0.0,0.0,0.0,6.322323976570843e-07,0.0,1.8854028910664226e-06,2.133616985702247e-07,0.0,6.178954790811985e-07,0.0,0.0,0.0,3.351109146314535e-07,0.0,9.857793523237116e-07,False
mediation_aware_recourse,False,0.0,2.0,0.5,250,2.133616985702247e-07,0.0,6.178954790811985e-07,0.46505700436127073,0.42967500555484966,0.5005599742353047,0.04018196069145761,0.03751475953107392,0.04295635092575684,0.5650095056512356,0.5573645674566865,0.5719479790351212,0.19459826564788818,0.19002596332728863,0.19884752629995348,0.5300438823270699,0.5116508616176993,0.5486196147898902,0.5300435472161553,0.5110824153062304,0.5478721229530211,0.5510377653115638,0.5353638237113183,0.5665466270692321,0.052,0.027900000000000005,0.08,0.0,0.0,0.0,0.0,0.0,0.0,3.351109146314535e-07,0.0,8.861836706536061e-07,6.322323976570843e-07,0.0,1.7726433163278708e-06,6.322323976570843e-07,0.0,1.727154583694434e-06,0.0,0.0,0.0,0.0,0.0,0.0,6.322323976570843e-07,0.0,1.8854028910664226e-06,2.133616985702247e-07,0.0,6.178954790811985e-07,0.0,0.0,0.0,3.351109146314535e-07,0.0,9.857793523237116e-07,False
mediation_aware_recourse,False,0.0,5.0,0.5,250,6.369364564307034e-08,0.0,1.9108093692921102e-07,0.4650577279282741,0.42967652989950694,0.5005612774714105,0.04018186677653021,0.037514665616146525,0.04295634587249944,0.5650102779724598,0.5573661988817097,0.5719489082695246,0.19459826564788818,0.19002596332728863,0.19884752629995348,0.5300438823270699,0.5116508616176993,0.5486196147898902,0.5300438620421932,0.5110829471083537,0.5478721712586941,0.5510380723547526,0.5353640848641178,0.5665474369198109,0.052,0.027900000000000005,0.08,0.0,0.0,0.0,0.0,0.0,0.0,2.0284876651288642e-08,0.0,6.085462995386592e-08,3.82701835777155e-08,0.0,1.1949728486448865e-07,3.82701835777155e-08,0.0,1.1846368166146259e-07,0.0,0.0,0.0,0.0,0.0,0.0,3.82701835777155e-08,0.0,1.1703720561306862e-07,6.369364564307034e-08,0.0,1.9108093692921102e-07,0.0,0.0,0.0,2.0284876651288642e-08,0.0,6.085462995386592e-08,False
transport_anchor_only,False,1.0,0.0,0.5,250,0.20005970033028506,0.16047190626947852,0.2412112152170216,0.24192917272389464,0.2117632464206803,0.27100443022241516,0.04659393323671181,0.044621449099264895,0.04859166993748051,0.5304540441856384,0.5243394876707792,0.5365513035394609,0.19459826564788818,0.19002596332728863,0.19884752629995348,0.5300438823270699,0.5116508616176993,0.5486196147898902,0.3233644805912918,0.2914096846116336,0.3582963042560271,0.39976576856945106,0.37681600344101035,0.42515946628533774,0.112,0.076,0.152,0.0,0.0,0.0,0.0,0.0,0.0,0.157869610753079,0.12834220936336896,0.1940144043243233,0.38992885047250503,0.3215706390691623,0.46001456951843506,0.2978425296788231,0.24436204531539088,0.3525086283908747,0.236,0.1839,0.288,0.02440489549134958,0.018369375454295088,0.03171201470171007,0.07525436879381242,0.040723592373547224,0.11374486684026062,0.03685891403257847,0.018876063237525526,0.057174580064229666,0.016,0.0,0.036,0.026472655659651175,0.012588823386171814,0.042006657072341316,False
mediation_aware_recourse,False,1.0,0.21929316641925986,0.5,250,0.19986109485247516,0.1602753422265378,0.2410666982276191,0.242179752192123,0.21213073594747683,0.27124942453835926,0.04644684073078607,0.0444483692487466,0.048499867923827655,0.5303663348126412,0.5242690065479577,0.5363969649599015,0.19459826564788818,0.19002596332728863,0.19884752629995348,0.5300438823270699,0.5116508616176993,0.5486196147898902,0.3225597889694241,0.2898485330074548,0.3572519139108702,0.39998232570357595,0.37703762233578525,0.42543696056951236,0.112,0.076,0.152,0.0,0.0,0.0,0.0,0.0,0.0,0.15734417151712157,0.1278468275130554,0.19361085361164426,0.39144701085261324,0.3230996700345899,0.46270555778113304,0.2968512169715609,0.24413078417748357,0.3514473731888025,0.24,0.184,0.292,0.025069960920262136,0.018987039722821206,0.03234564211779276,0.07677252917392063,0.04239430236265278,0.11451453671577266,0.03666030855476856,0.0187410527061671,0.056997795528173446,0.016,0.0,0.036,0.02594721642369374,0.012004716590508613,0.04152184180011381,True
mediation_aware_recourse,False,1.0,0.5,0.5,250,0.19997878088572407,0.16039597041061793,0.24106964037845033,0.24225941354482056,0.21223247421324645,0.2715376101008029,0.046271149039637534,0.044237882648828684,0.04834499921602357,0.5300975916216373,0.5239252404679358,0.5362096538492441,0.19459826564788818,0.19002596332728863,0.19884752629995348,0.5300438823270699,0.5116508616176993,0.5486196147898902,0.3215464809099291,0.28876522029472274,0.3562922049843102,0.40020454288906887,0.3774527569744228,0.42578881536811486,0.108,0.072,0.144,0.0,0.0,0.0,0.0,0.0,0.0,0.15633086345762648,0.12706738279900678,0.19275323961552615,0.3933587545653153,0.3249441157803518,0.465419694259068,0.2949394732588587,0.24265915412720615,0.3498305360100857,0.24,0.184,0.292,0.026083268979757206,0.0199027927763494,0.03338548925893682,0.07868427288662272,0.04397143365473275,0.11648057505116109,0.03677799458801746,0.018775578188896178,0.05711548156142235,0.012,-0.008,0.032,0.024933908364198665,0.010969115401304892,0.04061221921181626,False
mediation_aware_recourse,False,1.0,1.0,0.5,250,0.193055322596369,0.1545922357282624,0.2342280425462356,0.24912810385207995,0.21906008368604812,0.2791944728902006,0.046063084107986416,0.04395206488888613,0.048134140690273636,0.5304817691025734,0.5241575147990406,0.5365615492015838,0.19459826564788818,0.19002596332728863,0.19884752629995348,0.5300438823270699,0.5116508616176993,0.5486196147898902,0.3276024904426624,0.2947349065714267,0.3617092854921989,0.4040548610160905,0.3813155321698582,0.4294692392182751,0.108,0.072,0.144,0.0,0.0,0.0,0.0,0.0,0.0,0.152254201137013,0.12298666929770598,0.18855754997465252,0.38193326747895306,0.3109205385197369,0.4545360745475979,0.2872482943649233,0.2351584293894974,0.3444756857099009,0.236,0.18,0.288,0.025093595373697326,0.019094812527442325,0.03209923591604712,0.06725878580026046,0.03589729335893689,0.10448882139996223,0.029854536298662426,0.013302740244567395,0.048761414692457754,0.012,-0.008,0.032,0.020857246043585142,0.007889153344630154,0.035921314367469204,False
mediation_aware_recourse,False,1.0,2.0,0.5,250,0.17745557189130567,0.14038582146900677,0.21573708571636732,0.2654279521631729,0.23505021128364537,0.29598304715467616,0.045378997420381456,0.04328310529649328,0.04755970663270072,0.5313386668961048,0.5251305903443038,0.5374299169937073,0.19459826564788818,0.19002596332728863,0.19884752629995348,0.5300438823270699,0.5116508616176993,0.5486196147898902,0.3410152110262957,0.30779900320456544,0.37442197462726917,0.41550790464478743,0.3906900710598961,0.4396185954396691,0.104,0.0719,0.144,0.0,0.0,0.0,0.0,0.0,0.0,0.13933716651589845,0.11019279068133137,0.17381546594340666,0.3566283426777329,0.2853082494176531,0.4315345726630273,0.26287854866687943,0.20881950599449578,0.31677426375202145,0.22,0.168,0.272,0.024845752392437918,0.01847721518163431,0.03194146700443028,0.041953860999040304,0.009398778002373506,0.0777379906197919,0.01425478559359908,-0.0022983065880835055,0.03239654461387544,0.008,-0.008,0.028,0.007940211422470608,-0.005013636032072416,0.020977400267797076,False
mediation_aware_recourse,False,1.0,5.0,0.5,250,0.13086612058248193,0.09841958704069412,0.16495070638918563,0.3180950591501461,0.2831239419287186,0.35089152188150574,0.04311632061933636,0.04078519990137177,0.045565098336633775,0.5365198663988112,0.5298365658105493,0.5428892260690927,0.19459826564788818,0.19002596332728863,0.19884752629995348,0.5300438823270699,0.5116508616176993,0.5486196147898902,0.3847000751076238,0.3533351012852713,0.41541756191930784,0.44466754662380187,0.4230878798519728,0.46787403494116087,0.108,0.076,0.148,0.0,0.0,0.0,0.0,0.0,0.0,0.10868694134797272,0.08056666242038209,0.1420684364215407,0.27421089473071214,0.21102905800576896,0.34126660245011387,0.20505272293833599,0.15193836287895465,0.25715689133376185,0.168,0.124,0.216,0.018328432935736706,0.012447472924895476,0.023849975308311146,-0.04046358694798047,-0.09364669071847667,0.012279875709220558,-0.03233466571522468,-0.060938083329303276,-0.004869821230950563,0.012,-0.008,0.032,-0.022710013745455112,-0.04407517973504978,-0.002363473650272912,False
transport_anchor_only,False,3.0,0.0,0.5,250,0.5320845523593598,0.49344335810306367,0.5700493363398477,0.023097224537188446,0.017797896912289602,0.02860070565400422,0.0432053398402313,0.040887538882949194,0.04551988564606055,0.5023084601304532,0.497311564556545,0.5076750214483441,0.19459826564788818,0.19002596332728863,0.19884752629995348,0.5300438823270699,0.5116508616176993,0.5486196147898902,0.05208952658467362,0.02486901949976034,0.07733886925440449,0.21214152808819176,0.19549186930031648,0.22860380930130478,0.344,0.288,0.404,0.0,0.0,0.0,0.0,0.0,0.0,0.35530961447516207,0.32361033509797593,0.38664048193202133,0.9017260111446185,0.8482832703783615,0.9522438747552489,0.6703399969738995,0.6337929117150699,0.7061402317177358,0.604,0.54,0.664,0.06132237063361715,0.05257788185135624,0.07048125915169313,0.016026258249784653,0.008637394836150933,0.024997035541445816,0.0018354644775390625,0.0009631358623504639,0.0028055518209934233,0.004,-0.016,0.028,0.0016643260025727415,-0.0011159730813528749,0.004939991655814316,False
mediation_aware_recourse,False,3.0,0.21929316641925986,0.5,250,0.5320546708820039,0.49344261106612974,0.5699972092641182,0.023110312896814908,0.017811193711698366,0.0286140654736688,0.04305156983260498,0.04076256925834785,0.04532957910674353,0.5023014435415268,0.49733497451406117,0.5076847006823063,0.19459826564788818,0.19002596332728863,0.19884752629995348,0.5300438823270699,0.5116508616176993,0.5486196147898902,0.051111216921081115,0.023931913886087605,0.076752842772509,0.2120182647202488,0.1953724214394094,0.2286742237455554,0.34,0.284,0.4,0.0,0.0,0.0,0.0,0.0,0.0,0.3546169716958436,0.3231242121088156,0.38610228820954806,0.9035717256150835,0.850085381607267,0.9552704764950345,0.6690332320013892,0.6330424984047325,0.7050475407257656,0.608,0.544,0.668,0.062157846855072606,0.05300525646751954,0.07115991049849714,0.01787197272024965,0.010257766230131003,0.027588238630648874,0.0018055830001831054,0.0009318006038665772,0.0027774504363536835,0.0,-0.02,0.024,0.0009716832232543302,-0.002120514173182684,0.004380128416642859,True
mediation_aware_recourse,False,3.0,0.5,0.5,250,0.53171958978154,0.4930360021132307,0.5699101707351991,0.02323143122933413,0.017987864852298065,0.028697821181310517,0.042969680223277774,0.04072384786243283,0.045242591280096986,0.5023004513411522,0.49733349109120967,0.507683733286941,0.19459826564788818,0.19002596332728863,0.19884752629995348,0.5300438823270699,0.5116508616176993,0.5486196147898902,0.0507553881597125,0.023463487653105748,0.07653083510293918,0.21166561298210337,0.19492652774420038,0.22856087039740303,0.34,0.284,0.4,0.0,0.0,0.0,0.0,0.0,0.0,0.354447450221287,0.3230938931924824,0.3859073545960214,0.9042430450534031,0.8507591313147908,0.9561951469222946,0.6687134066431333,0.6325198301389752,0.7048064063628516,0.612,0.548,0.668,0.062420521973035215,0.053148409142621346,0.07145716431546406,0.018543292158569313,0.010729447951554607,0.028322213536852762,0.0014705018997192383,0.0003450927257537842,0.0025418700337409973,0.0,-0.02,0.024,0.0008021617486977446,-0.002339374260570807,0.004158321617300837,False
mediation_aware_recourse,False,3.0,1.0,0.5,250,0.5347281697807484,0.4953731583715213,0.5728872296768371,0.022565833718433903,0.017640502145646057,0.027643818135407165,0.04248318310354955,0.04023571890067175,0.044775210862594436,0.5010402811684609,0.49587448344052426,0.5065862291725337,0.19459826564788818,0.19002596332728863,0.19884752629995348,0.5300438823270699,0.5116508616176993,0.5486196147898902,0.04615722973011677,0.01993299879588672,0.07096899976474558,0.20903452111227006,0.1915770300353707,0.225336823143839,0.332,0.276,0.392,0.0,0.0,0.0,0.0,0.0,0.0,0.35648255281577906,0.3257505738817633,0.3875907724948036,0.9129180974083295,0.8621836837983511,0.9642862466001004,0.6725529049608145,0.6357868312346354,0.7087509824581564,0.628,0.5679,0.688,0.06370204989058707,0.0548469786424578,0.07277252523240824,0.027218344513495696,0.0155557237491872,0.03970807964135242,0.004479081898927689,0.001015615624189377,0.010570819914340971,-0.008,-0.032,0.016,0.0028372643431897496,-0.00181128860918772,0.007472085476513629,False
mediation_aware_recourse,False,3.0,2.0,0.5,250,0.5393624775303179,0.499097623939038,0.5769183908638429,0.021676243707436895,0.01703772672666482,0.026566038864560403,0.04156741349258712,0.03931202272733294,0.04382705105630853,0.4998746594202519,0.4947649939086318,0.5054161114454985,0.19459826564788818,0.19002596332728863,0.19884752629995348,0.5300438823270699,0.5116508616176993,0.5486196147898902,0.037746185441617355,0.011295208870280009,0.06328233244658166,0.20659254602067828,0.18965923090063985,0.22288226795808802,0.328,0.272,0.388,0.0,0.0,0.0,0.0,0.0,0.0,0.35653378645546163,0.325833694460929,0.38865827805851705,0.9287866784238713,0.8755648945982952,0.9772321119389155,0.6726495642024184,0.6359313562134455,0.7084933684484597,0.648,0.588,0.704,0.06788195521499552,0.05897148072537281,0.07723983470057033,0.04308692552903748,0.027893381812603597,0.059898427372173345,0.009113389648497104,0.0025621987521648407,0.017842869682051243,-0.012,-0.036,0.016,0.0028884979828723055,-0.002883265871890668,0.009160409037162892,False
mediation_aware_recourse,False,3.0,5.0,0.5,250,0.5512542331708246,0.5113455642135815,0.5885118480293997,0.020770343280908907,0.016998092189247856,0.02512811875788006,0.0394311110960073,0.037249702822997464,0.041740276918937766,0.4964550497908592,0.49148327342796916,0.5018698291826547,0.19459826564788818,0.19002596332728863,0.19884752629995348,0.5300438823270699,0.5116508616176993,0.5486196147898902,0.01982584201666933,-0.00633220517272931,0.04636767611088289,0.19810129551226477,0.18159049780544168,0.2144841003265231,0.316,0.2639,0.376,0.0,0.0,0.0,0.0,0.0,0.0,0.3598801905883204,0.32934807655886317,0.39046336222320244,0.9625958478576769,0.9126276300751092,0.9981094898657373,0.6789630115309055,0.6426968028979464,0.7139072633317619,0.688,0.632,0.7440999999999999,0.07516892486104013,0.06649272913393875,0.08392438986746825,0.07689609496284311,0.04951601479014703,0.10303090722927191,0.021005145289003848,0.009152881705760956,0.0353343021960929,-0.024,-0.056,0.012,0.0062349021157310945,-0.0016602034673011625,0.01554169073748977,False
transport_anchor_only,False,10.0,0.0,0.5,250,0.607938004472293,0.5746504391363821,0.6384632032573921,0.006978836489015911,0.005630845606988287,0.008535968094584165,0.04286149697404934,0.04057005438232719,0.045210313795206965,0.499892119076252,0.4946254649994076,0.5053724331627846,0.19459826564788818,0.19002596332728863,0.19884752629995348,0.5300438823270699,0.5116508616176993,0.5486196147898902,0.0237851797200864,0.001342974144465196,0.04513336915932888,0.1923134651173488,0.17825727372328046,0.2065262434535394,0.476,0.416,0.54,0.0,0.0,0.0,0.0,0.0,0.0,0.38308773548257896,0.3553174551976292,0.41178576041170967,0.9551260178390107,0.9122962381823607,0.9941471102483099,0.7227472068929381,0.6923148091578648,0.7539308178020044,0.6,0.536,0.66,0.061585483562202274,0.05277831267730219,0.07042619485584453,0.011241306798539519,0.002212621722890565,0.022197570438505124,0.0010100290775299072,-0.0001342606544494629,0.0026906532168388363,0.004,-0.012,0.02,0.0032357299327440458,-0.00021200515460795697,0.007359336692293698,False
mediation_aware_recourse,False,10.0,0.21929316641925986,0.5,250,0.6077741129184142,0.5746493664911948,0.6384577249702298,0.007010123499919116,0.005662302036535203,0.008556103862662924,0.0425692850785334,0.04037215813976584,0.044953056711791485,0.4996271156947613,0.4942964952090025,0.5051124031976462,0.19459826564788818,0.19002596332728863,0.19884752629995348,0.5300438823270699,0.5116508616176993,0.5486196147898902,0.02146222136288056,-0.0009666330271917931,0.04284109440581832,0.1906987075844525,0.1764243857760964,0.20500892192459785,0.468,0.404,0.532,0.0,0.0,0.0,0.0,0.0,0.0,0.38435274464130725,0.35723791928478266,0.4129615794159049,0.9595085952720476,0.9171672924728668,0.9963858098000358,0.7251338190224367,0.6947622575505554,0.7565299347398426,0.608,0.544,0.668,0.062114458161441066,0.05310059708693882,0.07127018385625897,0.015623884231576346,0.004880979046882181,0.027268459142620605,0.0008461375236511231,-0.00034249606132507324,0.0025128153026103967,-0.004,-0.024,0.016,0.004500739091472321,0.00032660338647334743,0.009302626687458532,True
mediation_aware_recourse,False,10.0,0.5,0.5,250,0.6070449619079009,0.5736458402067423,0.6379059203751851,0.007098588334565305,0.005752261411301845,0.00862342925658511,0.04230317679983912,0.03997677357084204,0.04463572240580154,0.4994880582566261,0.49422706484347584,0.5050594471758664,0.19459826564788818,0.19002596332728863,0.19884752629995348,0.5300438823270699,0.5116508616176993,0.5486196147898902,0.019419603957637796,-0.0029391731920662923,0.04116267911501693,0.19014408778511613,0.17557849743986595,0.20450443241360478,0.472,0.408,0.536,0.0,0.0,0.0,0.0,0.0,0.0,0.3839734964699664,0.3568645810836375,0.41269908185412363,0.9633622713040678,0.9217678249721776,0.9978480274776791,0.7244183156764198,0.6934852059221539,0.7555430898683311,0.62,0.556,0.6760999999999999,0.06332539094973283,0.05458415323721487,0.0725573603443403,0.019477560263596594,0.0065423707956762805,0.03203690968487101,0.00011698651313781739,-0.0020469500243663788,0.0021984914958477013,0.0,-0.02,0.02,0.00412149092013154,-0.0001878053732707423,0.009033460396960126,False
mediation_aware_recourse,False,10.0,1.0,0.5,250,0.6070371324801818,0.5736079270750284,0.6379552715575089,0.007134803201353104,0.0058050240648623765,0.008659507125268112,0.04205854234843428,0.03971790040606877,0.04446423569556777,0.4991819184098244,0.49389020327194927,0.5046913355138123,0.19459826564788818,0.19002596332728863,0.19884752629995348,0.5300438823270699,0.5116508616176993,0.5486196147898902,0.01779892104596578,-0.004991365560736687,0.040367558083984866,0.18954254026728584,0.17527599426927395,0.20396457970781737,0.464,0.404,0.528,0.0,0.0,0.0,0.0,0.0,0.0,0.38329915145100246,0.35613218615507586,0.4120359174541696,0.9664199104273734,0.9229755770820287,0.9983093446438801,0.7231460719218019,0.6914848017124224,0.7543149857088475,0.632,0.568,0.688,0.06447290491505087,0.05581746367949102,0.07329161875489092,0.022535199386902183,0.006620286831752967,0.03555350197983053,0.00010915708541870118,-0.0020433782279491424,0.0021949919819831843,-0.008,-0.032,0.016,0.00344714590116753,-0.000979855158502602,0.008474258966827942,False
mediation_aware_recourse,False,10.0,2.0,0.5,250,0.6122557609463111,0.5792541073065484,0.6432453774309019,0.006827881227826399,0.005513560383775411,0.008185456220342101,0.04113223749346986,0.03891721598990414,0.043392032504743556,0.49756261785244943,0.4924396780605674,0.5029783883284747,0.19459826564788818,0.19002596332728863,0.19884752629995348,0.5300438823270699,0.5116508616176993,0.5486196147898902,0.009227217343392567,-0.013050680990898159,0.030988739828597116,0.18470598483617384,0.17052638228844594,0.198150299555783,0.472,0.412,0.536,0.0,0.0,0.0,0.0,0.0,0.0,0.3860425888518556,0.35853427977100977,0.41513709938928367,0.9825915973166561,0.941807093751431,0.9992203158266063,0.7283219403589747,0.6975494132835424,0.7579124950362518,0.652,0.588,0.708,0.06738703806591087,0.058222145279532705,0.07611590816027955,0.038706886276184904,-0.004352434413622204,0.05741421872656623,0.005327785551548004,0.0002612767398357391,0.012004097665846347,0.0,-0.028,0.028,0.0061905833020207005,-0.0002298280617752924,0.012764326233219029,False
mediation_aware_recourse,False,10.0,5.0,0.5,250,0.6223616507435218,0.5898280274838209,0.6518453324804315,0.006778330272635145,0.005543730413834114,0.00808731743613717,0.039081384138701374,0.036961952124595514,0.04146279659472232,0.49306895660805705,0.4877958545428693,0.4982004022293985,0.19459826564788818,0.19002596332728863,0.19884752629995348,0.5300438823270699,0.5116508616176993,0.5486196147898902,-0.007971894036953107,-0.029079907162261977,0.012437580066060144,0.17546157561328266,0.16216829248063405,0.18939932860278025,0.468,0.408,0.536,0.0,0.0,0.0,0.0,0.0,0.0,0.39077065149348356,0.3639111326638203,0.4197217783285555,0.9849599357661599,0.9474979383486622,0.9991421511529258,0.7372420747087386,0.7067797730601714,0.7669660995923837,0.712,0.656,0.764,0.07362256243526974,0.06497605760491336,0.08280298938693738,0.0410752247256887,-0.03437053453816019,0.08722401671045346,0.015433675348758698,0.006491660062968731,0.026620783457159992,-0.004,-0.04,0.028,0.010918645943648634,0.002575666748406968,0.020222376078795526,False
transport_anchor_only,False,30.0,0.0,0.5,250,0.6803308248827233,0.6433426773276646,0.7184214512082049,0.0027391231834504835,0.002052750553193884,0.003419404760556071,0.042431544364767974,0.04026389414557667,0.04490936550929285,0.49797012793612483,0.49301611148680446,0.5033125196212589,0.19459826564788818,0.19002596332728863,0.19884752629995348,0.5300438823270699,0.5116508616176993,0.5486196147898902,0.011251897408516651,-0.009185980562057676,0.032536525579454384,0.19284484317448383,0.1806106334192262,0.20647764096193444,0.636,0.572,0.696,0.0,0.0,0.0,0.0,0.0,0.0,0.38733969667178075,0.3600244292152575,0.4149644250095904,0.9787717625206481,0.9369497757463102,0.998892445751519,0.730769110986113,0.7034132058665183,0.758950623998965,0.592,0.528,0.652,0.06572614412338626,0.05626933446041398,0.0752013840268635,0.010101703041127341,-0.009187968317935747,0.01996404859537226,-0.0004387502670288086,-0.0024306074857711794,0.0008499981939792628,-0.008,-0.024,0.004,0.0029033743467205843,-0.0007777566452519813,0.007216903031294106,False
mediation_aware_recourse,False,30.0,0.21929316641925986,0.5,250,0.6803908374616876,0.6434017019238788,0.7184629133971641,0.002743456130162212,0.002062817882065573,0.003427503454447085,0.042139397509711886,0.039918056900786286,0.04453143508001221,0.49765547595453263,0.492798592337054,0.5029347266383052,0.19459826564788818,0.19002596332728863,0.19884752629995348,0.5300438823270699,0.5116508616176993,0.5486196147898902,0.009262393527377339,-0.011262115057356378,0.03070252717457601,0.19227412702652688,0.1799817212455483,0.20582089446363352,0.636,0.572,0.6960999999999998,0.0,0.0,0.0,0.0,0.0,0.0,0.38713475726338775,0.35958422812262986,0.4146766154304262,0.982525232652979,0.9408331311149295,0.9988894976154953,0.7303824648701476,0.7027441321859146,0.7583845517916589,0.6,0.536,0.66,0.06682336576815243,0.05737039101018223,0.07657890115350442,0.01385517317345819,-0.013058940973366823,0.02387032984112329,-0.0003787376880645752,-0.002394476300477982,0.0008905950784683223,-0.008,-0.024,0.008,0.002698434938327556,-0.0009937270121120544,0.007230415837125536,True
mediation_aware_recourse,False,30.0,0.5,0.5,250,0.6815039658853784,0.6449265550565207,0.7204575529262424,0.0027104703863560856,0.0020293969671735254,0.0034002203969639923,0.04199767109141335,0.039838184146617224,0.044356332600200186,0.4974977303347588,0.492676618930161,0.5026203131111086,0.19459826564788818,0.19002596332728863,0.19884752629995348,0.5300438823270699,0.5116508616176993,0.5486196147898902,0.008235719628354829,-0.01278768207620047,0.029986351504714417,0.19283060696239535,0.18082009874215763,0.20628244145411137,0.636,0.572,0.6960999999999998,0.0,0.0,0.0,0.0,0.0,0.0,0.386131414892948,0.35891828590013836,0.41382178962629307,0.9844621928429826,0.942248313606462,0.9992421087087361,0.7284895227876262,0.7009127617822036,0.7566810224272933,0.604,0.54,0.664,0.06783837390288358,0.058390523171193,0.07778982902875074,0.015792133363461858,-0.015268875447203026,0.026093851292327122,0.0007343907356262207,-0.002795557606220245,0.005710644763708114,-0.008,-0.024,0.008,0.0016950925678877516,-0.002414096188660084,0.006360048331236835,False
mediation_aware_recourse,False,30.0,1.0,0.5,250,0.6884950285265222,0.6498840118384223,0.7288905559306731,0.0025076546883459993,0.0018703250725009082,0.003201849212259706,0.04130193291075715,0.039002001086031766,0.04373288464561576,0.49669527307653427,0.4919442881730616,0.5018080964445889,0.19459826564788818,0.19002596332728863,0.19884752629995348,0.5300438823270699,0.5116508616176993,0.5486196147898902,0.002862494605967487,-0.018586272447084072,0.023985860076009256,0.1932218835112571,0.18098197519632417,0.20652586652746052,0.644,0.58,0.7040999999999998,0.0,0.0,0.0,0.0,0.0,0.0,0.3843289393101238,0.35675665001021734,0.41240252705368313,0.994599513924394,0.9501928714924421,0.9992675355872073,0.7250889070217945,0.6967249299275453,0.7533508626474298,0.616,0.552,0.676,0.07142622420548934,0.061214356007039,0.08182000296704836,0.025929454444873268,-0.025749383995698684,0.03871304183313897,0.00772545337677002,-0.00010896006822586055,0.018105135005712508,0.0,-0.024,0.02,-0.00010738301493644875,-0.005159252412326429,0.005195260732726907,False
mediation_aware_recourse,False,30.0,2.0,0.5,250,0.6942456918070092,0.6537364844265859,0.7352142450325423,0.002356016721151905,0.0017536816126642056,0.0029585351849053445,0.04065704755583311,0.03836175659092356,0.04316876482564241,0.4961160476481914,0.49140771159047486,0.5012395663056135,0.19459826564788818,0.19002596332728863,0.19884752629995348,0.5300438823270699,0.5116508616176993,0.5486196147898902,-0.0026346442460056956,-0.024919810818018653,0.018783704850258095,0.19255449475188444,0.17936122073988328,0.2055336022597222,0.648,0.584,0.7080999999999998,0.0,0.0,0.0,0.0,0.0,0.0,0.38363131876428513,0.3561129607257295,0.4110542536096779,0.9950293846720035,0.9510252190731173,0.9991901990757242,0.7237727508145464,0.6949263167415967,0.7525639182141557,0.628,0.564,0.684,0.07452360390439525,0.06394493022013283,0.08518947414993665,0.02635932519248274,-0.03728216760178844,0.04997425589533378,0.01347611665725708,0.0023815556168556213,0.027534617030620573,0.004,-0.020099999999999996,0.032,-0.0008050035607750719,-0.006710717165289792,0.004985778372766143,False
mediation_aware_recourse,False,30.0,5.0,0.5,250,0.7080471773752943,0.6674021154803922,0.7489181839095196,0.002248586383541249,0.0016517290455488713,0.002852413930032877,0.03791537315196203,0.035778895006680696,0.04020301426160681,0.4926938976557254,0.4877725872620821,0.49790482354608173,0.19459826564788818,0.19002596332728863,0.19884752629995348,0.5300438823270699,0.5116508616176993,0.5486196147898902,-0.02508655884132442,-0.046598518505862205,-0.004289707096767209,0.18295602513725945,0.17173287606354132,0.19574787790478365,0.648,0.584,0.704,0.0,0.0,0.0,0.0,0.0,0.0,0.38706712957617856,0.3602662145550939,0.41402798587537687,0.952670788820001,0.9144391287334986,0.9904717549274162,0.7302548760242724,0.7030136838865416,0.7576362955785914,0.696,0.636,0.756,0.08403165579610793,0.07364729133067598,0.09427962987064176,-0.015999270659519782,-0.07748770815945927,0.05974512655313006,0.02727760222554207,0.011979625407606363,0.044764156305789934,0.004,-0.032,0.04,0.002630807251118294,-0.004985893088362368,0.010623332532668714,False
transport_anchor_only,False,0.0,0.0,1.0,250,1.3710455844375246e-05,5.6294638245049105e-06,2.4347412960798914e-05,0.4649054453122832,0.4295620572592503,0.5004390559868395,0.040191656855556424,0.03752288964611589,0.042970660843158405,0.564991742716074,0.5573534065838098,0.5719339482468783,0.19459826564788818,0.19002596332728863,0.19884752629995348,0.5300438823270699,0.5116508616176993,0.5486196147898902,0.5299726157737109,0.5109742035423464,0.5478174383140955,0.5509789815074475,0.5352936895228926,0.5664655446446384,0.052,0.027900000000000005,0.08,0.0,0.0,0.0,0.0,0.0,0.0,7.1266553359002e-05,2.1827699742762177e-05,0.00012820317279219664,0.00013445406264500637,4.050873757848739e-05,0.0002449296477403356,0.00013445406264500637,3.9970913892808935e-05,0.00024846284550585074,0.0,0.0,0.0,0.0,0.0,0.0,0.00013445406264500637,4.2897243326850415e-05,0.00024657204399146647,1.3710455844375246e-05,5.6294638245049105e-06,2.4347412960798914e-05,0.0,0.0,0.0,7.1266553359002e-05,2.2887235618707375e-05,0.00013062577090519292,False
mediation_aware_recourse,False,0.0,0.21929316641925986,1.0,250,1.1026684535863751e-05,3.55901929999618e-06,2.090984964564768e-05,0.4649616990225095,0.4296352615899269,0.5004792741307488,0.04018795243567015,0.03751736691822013,0.04296185084395527,0.5649948647716047,0.5573536045779228,0.5719371483537972,0.19459826564788818,0.19002596332728863,0.19884752629995348,0.5300438823270699,0.5116508616176993,0.5486196147898902,0.5299988904188809,0.5109917563248719,0.5478435033681437,0.550999419986995,0.5353316229766529,0.5664940575065498,0.052,0.027900000000000005,0.08,0.0,0.0,0.0,0.0,0.0,0.0,4.499190818901999e-05,1.0307725860682037e-05,9.123762841411273e-05,8.488336473466696e-05,1.9881840254640238e-05,0.00017889879333285447,8.488336473466696e-05,2.0209718537916865e-05,0.00016713661546220726,0.0,0.0,0.0,0.0,0.0,0.0,8.488336473466696e-05,2.218839346759538e-05,0.00016837480358696254,1.1026684535863751e-05,3.55901929999618e-06,2.090984964564768e-05,0.0,0.0,0.0,4.499190818901999e-05,1.1519811607331078e-05,8.893820967554665e-05,True
mediation_aware_recourse,False,0.0,0.5,1.0,250,5.677769825524592e-06,1.247468701080834e-06,1.1905448654306383e-05,0.4650186426287998,0.42963814186598126,0.5005084321133411,0.04018473655487645,0.03751617630238654,0.04295923458037493,0.5650012585618497,0.5573599564309358,0.5719390681085408,0.19459826564788818,0.19002596332728863,0.19884752629995348,0.5300438823270699,0.5116508616176993,0.5486196147898902,0.5300257542816293,0.5110588575346768,0.5478576997273507,0.5510225941109893,0.5353540183951002,0.5665160576782202,0.052,0.027900000000000005,0.08,0.0,0.0,0.0,0.0,0.0,0.0,1.812804544066826e-05,3.8081406452258215e-06,4.183430065233393e-05,3.420102758466825e-05,6.6849238433475126e-06,7.380982730416095e-05,3.420102758466825e-05,5.9663143395088936e-06,7.817924475816973e-05,0.0,0.0,0.0,0.0,0.0,0.0,3.420102758466825e-05,6.939144045772783e-06,7.557013939048784e-05,5.677769825524592e-06,1.247468701080834e-06,1.1905448654306383e-05,0.0,0.0,0.0,1.812804544066826e-05,3.748040104746353e-06,3.975857463408896e-05,False
mediation_aware_recourse,False,0.0,1.0,1.0,250,4.29645681697366e-06,4.1633871816202373e-07,1.0420023038750514e-05,0.46504570915259075,0.42966026086585785,0.5005477464538575,0.040183180929881435,0.03751555769902038,0.042957342374573694,0.5650036701538563,0.5573627105523586,0.5719433626404822,0.19459826564788818,0.19002596332728863,0.19884752629995348,0.5300438823270699,0.5116508616176993,0.5486196147898902,0.5300385097310272,0.5110765862021113,0.5478667992330525,0.5510331354438112,0.5353618754543326,0.5665426914062046,0.052,0.027900000000000005,0.08,0.0,0.0,0.0,0.0,0.0,0.0,5.372596042747979e-06,8.905134837846385e-07,1.1181670815313237e-05,1.0136134425575705e-05,1.673679088723401e-06,2.087939262565563e-05,1.0136134425575705e-05,2.0721808617396586e-06,2.1353609861962658e-05,0.0,0.0,0.0,0.0,0.0,0.0,1.0136134425575705e-05,2.138439166271544e-06,2.1408168108619228e-05,4.29645681697366e-06,4.1633871816202373e-07,1.0420023038750514e-05,0.0,0.0,0.0,5.372596042747979e-06,1.1287553342535395e-06,1.1351882930684276e-05,False
mediation_aware_recourse,False,0.0,2.0,1.0,250,1.0617962730066211e-06,7.396538876491832e-09,2.9870962566860723e-06,0.46505517934380464,0.42966966737876133,0.500558103592402,0.040182183636224916,0.037514770678312284,0.04295635092575684,0.5650081710674763,0.5573631995083331,0.5719465777221739,0.19459826564788818,0.19002596332728863,0.19884752629995348,0.5300438823270699,0.5116508616176993,0.5486196147898902,0.5300427461798058,0.5110816342957898,0.5478721229530211,0.5510370043270318,0.5353630627267862,0.5665458851093135,0.052,0.027900000000000005,0.08,0.0,0.0,0.0,0.0,0.0,0.0,1.1361472640301073e-06,2.0284876651288642e-08,2.9841013112347206e-06,2.143496608320028e-06,3.818300227664828e-08,5.857533042802343e-06,2.143496608320028e-06,3.820646540531048e-08,5.971451006794859e-06,0.0,0.0,0.0,0.0,0.0,0.0,2.143496608320028e-06,3.815267926310373e-08,6.034026017054383e-06,1.0617962730066211e-06,7.396538876491832e-09,2.9870962566860723e-06,0.0,0.0,0.0,1.1361472640301073e-06,2.0284876651288642e-08,3.2041453975946156e-06,False
mediation_aware_recourse,False,0.0,5.0,1.0,250,2.133616985702247e-07,0.0,6.178954790811985e-07,0.46505700436127073,0.42967500555484966,0.5005599742353047,0.04018196069145761,0.03751475953107392,0.04295635092575684,0.5650095056512356,0.5573645674566865,0.5719479790351212,0.19459826564788818,0.19002596332728863,0.19884752629995348,0.5300438823270699,0.5116508616176993,0.5486196147898902,0.5300435472161553,0.5110824153062304,0.5478721229530211,0.5510377653115638,0.5353638237113183,0.5665466270692321,0.052,0.027900000000000005,0.08,0.0,0.0,0.0,0.0,0.0,0.0,3.351109146314535e-07,0.0,8.861836706536061e-07,6.322323976570843e-07,0.0,1.7726433163278708e-06,6.322323976570843e-07,0.0,1.727154583694434e-06,0.0,0.0,0.0,0.0,0.0,0.0,6.322323976570843e-07,0.0,1.8854028910664226e-06,2.133616985702247e-07,0.0,6.178954790811985e-07,0.0,0.0,0.0,3.351109146314535e-07,0.0,9.857793523237116e-07,False
transport_anchor_only,False,1.0,0.0,1.0,250,0.24162736930468465,0.20084828765174076,0.2834789088730945,0.20627456369660735,0.17994629768977297,0.23344585959308362,0.04670006634996041,0.04480437140709081,0.04880662878729373,0.5225399059813023,0.5164477537017524,0.5286537542924524,0.19459826564788818,0.19002596332728863,0.19884752629995348,0.5300438823270699,0.5116508616176993,0.5486196147898902,0.2850008569284133,0.25100494634088805,0.31826194222882687,0.3687344678738723,0.3446118784444524,0.39239859250467135,0.112,0.076,0.152,0.0,0.0,0.0,0.0,0.0,0.0,0.18831296079015408,0.15565704592758234,0.22569411962467834,0.4623070533761011,0.39216690660605763,0.5382314754074355,0.3552780572872517,0.29827572583570805,0.4082750349358214,0.288,0.23190000000000002,0.3440999999999999,0.02836503230425126,0.022079833790443152,0.035517065238426994,0.1476325716974085,0.10061645539542521,0.19733958089998455,0.07842658300697804,0.0521304396212101,0.1064834049610421,0.016,-0.008,0.04,0.05691600569672626,0.03617439270266585,0.0785658144676751,False
mediation_aware_recourse,False,1.0,0.21929316641925986,1.0,250,0.23823540510752583,0.19787321908414707,0.27793177823041443,0.20987745307102165,0.18363643049375936,0.23728852916978826,0.04635885616709258,0.04445750415306569,0.04849055568130095,0.522367254433155,0.5161074077673973,0.5284819298718213,0.19459826564788818,0.19002596332728863,0.19884752629995348,0.5300438823270699,0.5116508616176993,0.5486196147898902,0.28657786823606146,0.25219912372937475,0.3205471797987196,0.37093991009931027,0.34723655720182706,0.39413914598284094,0.112,0.076,0.152,0.0,0.0,0.0,0.0,0.0,0.0,0.18572076768757245,0.15388405381493586,0.22297300941606027,0.45933180668383755,0.38947902815933455,0.5333674379774492,0.35038753182509363,0.29258856931145194,0.4060558096145937,0.292,0.236,0.352,0.028872623201718003,0.022512570670858288,0.03638897141341734,0.14465732500514494,0.09591853856236619,0.19509903438150664,0.07503461880981922,0.048188857192359866,0.10336200617589056,0.016,-0.008,0.04,0.05432381259414463,0.03317755006889776,0.07502986585240987,True
mediation_aware_recourse,False,1.0,0.5,1.0,250,0.2383539768657961,0.1979308855808068,0.2780473856947279,0.209676751581726,0.1832919539538704,0.2370023874439911,0.046189909614316536,0.0442124256235448,0.04833867507457626,0.5225041400475502,0.5164050259076773,0.5285601906344772,0.19459826564788818,0.19002596332728863,0.19884752629995348,0.5300438823270699,0.5116508616176993,0.5486196147898902,0.2852009094497935,0.25012628640073076,0.31917835159108726,0.37111151690094846,0.34749627588371446,0.39436254598622067,0.112,0.076,0.152,0.0,0.0,0.0,0.0,0.0,0.0,0.18504425912788774,0.15319214800546763,0.22243438816865313,0.46192962703830087,0.3905632916259747,0.5370234639388193,0.3491112062561339,0.29143000984910616,0.40458486597167975,0.296,0.24,0.356,0.029899356874694347,0.02328518302825568,0.037428818652956594,0.14725514535960826,0.09850618237443311,0.19785323316081874,0.07515319056808949,0.04849050358626991,0.10336497046984731,0.016,-0.008,0.04,0.053647304034459935,0.03252930022620958,0.0741342121815242,False
mediation_aware_recourse,False,1.0,1.0,1.0,250,0.2336912481128552,0.19187859283455924,0.27455974311871845,0.2143784786531178,0.18787930494023225,0.24192889394037778,0.046038061019054076,0.04405835832826873,0.04817269858155043,0.5225808114752769,0.5165574697272836,0.5285780159572899,0.19459826564788818,0.19002596332728863,0.19884752629995348,0.5300438823270699,0.5116508616176993,0.5486196147898902,0.2888597625025028,0.2537683757563875,0.3230885490221421,0.37402429221780165,0.35138114527846365,0.39726213321040144,0.112,0.076,0.152,0.0,0.0,0.0,0.0,0.0,0.0,0.18173439868148894,0.14948413331010982,0.21994128826950415,0.4550267022528176,0.38275994867516866,0.5289250036349505,0.3428667035710593,0.28696477530264697,0.39896717730013764,0.288,0.23190000000000002,0.3480999999999999,0.02972486057153909,0.023021877827646756,0.0371571308946611,0.140352220574125,0.0927432311274059,0.19006759264876374,0.07049046181514859,0.044681350334640595,0.0977761235455051,0.016,-0.008,0.04,0.05033744358806114,0.029537913932874874,0.07108710171701191,False
mediation_aware_recourse,False,1.0,2.0,1.0,250,0.23772985217863107,0.19529499088934407,0.2811842326950078,0.21319543061092003,0.18716418113216815,0.24089078918041873,0.04544204004516916,0.043341970251019234,0.04751202690868055,0.5206868771829606,0.5147692277123392,0.5269102643912912,0.19459826564788818,0.19002596332728863,0.19884752629995348,0.5300438823270699,0.5116508616176993,0.5486196147898902,0.2831290432657445,0.24909897537451398,0.31620874779368846,0.3694704797024992,0.3451602490565148,0.39355663145857084,0.116,0.08,0.156,0.0,0.0,0.0,0.0,0.0,0.0,0.1857807222444038,0.15336618347028488,0.22386281341119713,0.46583848487654766,0.3901738353176473,0.5371005026526626,0.35050064426508276,0.2942070506686159,0.4046991498730609,0.296,0.236,0.356,0.030567058408460832,0.023939934916554884,0.03840484120654899,0.15116400319785506,0.10151798883718853,0.19857450843758867,0.07452906588092446,0.04687017278037965,0.10042903168834745,0.02,-0.008,0.048,0.05438376715097597,0.032825995984210155,0.07508105245481687,False
mediation_aware_recourse,False,1.0,5.0,1.0,250,0.2425630665340891,0.19725647406998223,0.2873344855116907,0.21733344364807586,0.18971970006096536,0.24945403607305106,0.043580727823117546,0.04140288754707236,0.046053701852233335,0.518495046885252,0.5121417382102965,0.5249507487630666,0.19459826564788818,0.19002596332728863,0.19884752629995348,0.5300438823270699,0.5116508616176993,0.5486196147898902,0.2744013493315913,0.24064062932467165,0.310013560842203,0.36335717846992177,0.34107176281844676,0.38894517799541084,0.144,0.104,0.188,0.0,0.0,0.0,0.0,0.0,0.0,0.19101683769237804,0.15884497587635865,0.227332437579085,0.4823044685906427,0.4110478040070534,0.557249633717053,0.36037928945382813,0.3023091883994915,0.4143496790639312,0.312,0.252,0.372,0.032312847651550285,0.02546267416244672,0.03980998368058316,0.16762998691195008,0.11042980785924314,0.22776799938003156,0.0793622802363825,0.04806295810378652,0.11296534687031089,0.048,0.012,0.084,0.05961988259895021,0.03491036762604226,0.08531855500029019,False
transport_anchor_only,False,3.0,0.0,1.0,250,0.5363877018509083,0.49672924601613344,0.5750715320334188,0.022461229144086794,0.0174841124981441,0.02754871008890313,0.042724680349105114,0.04047883571257705,0.04497439269106896,0.4990848742911816,0.4940164100408971,0.5044809633482575,0.19459826564788818,0.19002596332728863,0.19884752629995348,0.5300438823270699,0.5116508616176993,0.5486196147898902,0.04805760863428758,0.021568536592569954,0.07279359779419886,0.20910859723015482,0.1918561399815941,0.22534092932425948,0.328,0.276,0.384,0.0,0.0,0.0,0.0,0.0,0.0,0.3568887765059004,0.3267569645486118,0.3879606996901219,0.9093327736879093,0.8584442418935995,0.9605894227721224,0.6733193012982988,0.6366304358363051,0.709357670178551,0.616,0.556,0.6760999999999999,0.06254874859344096,0.053781017581941946,0.0715143198043012,0.0236330207930755,0.01322502263722109,0.03443848097820559,0.0061386139690876,0.0024007467567920683,0.01267331811189651,-0.012,-0.036,0.012,0.0032434880333111304,-0.001435609721487135,0.00814205864632647,False
mediation_aware_recourse,False,3.0,0.21929316641925986,1.0,250,0.5365053878841572,0.4969646180826312,0.575306305235147,0.022470222040173113,0.01748461245297876,0.027575357895777045,0.042611971641048386,0.040343245317647596,0.044875281436021576,0.49896207224082945,0.4939645386100829,0.5044294235379279,0.19459826564788818,0.19002596332728863,0.19884752629995348,0.5300438823270699,0.5116508616176993,0.5486196147898902,0.04739572263384831,0.02116405541709567,0.07229332442977081,0.2090683848898332,0.19164625996876591,0.2254514794506703,0.328,0.276,0.384,0.0,0.0,0.0,0.0,0.0,0.0,0.3566423268627545,0.32616348675081525,0.38783718788501015,0.9105815118065975,0.8595251724937008,0.9623663044808651,0.6728543404688974,0.6363161883337254,0.7091508793579713,0.62,0.56,0.684,0.06300291641523358,0.0542154811574685,0.07185735109815898,0.024881758911763696,0.014276106577552919,0.035919652027311406,0.006256300002336502,0.002476271826028824,0.012904407733678817,-0.012,-0.036,0.012,0.0029970383901652023,-0.0016115792863372828,0.007833247866213656,True
mediation_aware_recourse,False,3.0,0.5,1.0,250,0.5365264597950155,0.4970203883734575,0.5753146639685278,0.022671775934319214,0.017789138778143553,0.027749281685244313,0.04235222354593856,0.040079399117659294,0.04469169761272152,0.4984303840670586,0.4932445797594606,0.504003004304403,0.19459826564788818,0.19002596332728863,0.19884752629995348,0.5300438823270699,0.5116508616176993,0.5486196147898902,0.046059920954200646,0.019513877764734545,0.07116975762367585,0.20834522627681323,0.19129708949361843,0.22466164613577547,0.328,0.276,0.384,0.0,0.0,0.0,0.0,0.0,0.0,0.3567236933869433,0.32601186155106554,0.388368015107269,0.913101683671959,0.8617078461033033,0.964655704276055,0.6730078495025864,0.6367610455375006,0.7092637379409302,0.628,0.5679,0.688,0.063630133992963,0.0547286445329076,0.07257683681297342,0.02740193077712516,0.015522248130500372,0.03974007087024119,0.0062773719131946565,0.002545966982841492,0.01277586839795112,-0.012,-0.036,0.012,0.0030784049143540246,-0.0014690119173254405,0.0076098764997206015,False
mediation_aware_recourse,False,3.0,1.0,1.0,250,0.5402164939460927,0.5008596321869045,0.577972373442816,0.02203835488953527,0.01731740460562526,0.027241007659592278,0.04166885554161739,0.03934122400185982,0.04402860091884092,0.49720823465061187,0.49206546117237815,0.5028487949778675,0.19459826564788818,0.19002596332728863,0.19884752629995348,0.5300438823270699,0.5116508616176993,0.5486196147898902,0.04004945260577268,0.013648282537645906,0.06543014026589745,0.2053800721316804,0.18811057268650289,0.22197158358438193,0.32,0.264,0.38,0.0,0.0,0.0,0.0,0.0,0.0,0.3575650786627986,0.32698351813336785,0.3900884447130834,0.9244412511093568,0.8714936423908699,0.9731964723773789,0.67459523746028,0.6381280680350456,0.7108320086181505,0.644,0.584,0.704,0.06621467552924937,0.0572129657947325,0.07499042164157829,0.038741498214522996,0.02389261025646575,0.05510533688701703,0.009967406064271926,0.003576895189285278,0.01854144330546259,-0.02,-0.048,0.008,0.003919790190209256,-0.0017907873961437277,0.010492239628516456,False
mediation_aware_recourse,False,3.0,2.0,1.0,250,0.546812713075953,0.5065984607108417,0.58278855486276,0.020699917550034377,0.01643932521081179,0.02538255541932827,0.04076610756842214,0.038474637989821654,0.04301007108827822,0.4960064588472842,0.4910966519987404,0.5012669973308086,0.19459826564788818,0.19002596332728863,0.19884752629995348,0.5300438823270699,0.5116508616176993,0.5486196147898902,0.030679075787354244,0.004224670494615473,0.05641073708531155,0.20052043077927362,0.18379378896768478,0.21676094751365976,0.324,0.268,0.384,0.0,0.0,0.0,0.0,0.0,0.0,0.3602343986436323,0.32962544238362235,0.39165999068007457,0.9421197436471432,0.889191225708417,0.9882447186988991,0.6796312732864358,0.6425412098940021,0.7134957171616305,0.66,0.6,0.716,0.06956520394804168,0.060789481952606306,0.07888067261852516,0.05641999075230941,0.03697486513287484,0.07728422373678796,0.016563625194132327,0.007025616014003753,0.028243009242787952,-0.016,-0.04409999999999999,0.016,0.006589110171043059,-0.0007525922935272023,0.015418639152470413,False
mediation_aware_recourse,False,3.0,5.0,1.0,250,0.5655952995726838,0.5268100463701645,0.6017663520678646,0.019007575151029226,0.015364437164535042,0.022863242002454993,0.038370048844485,0.03612041895249382,0.040650674681719824,0.49165150665497775,0.4866849095822752,0.49708833931175467,0.19459826564788818,0.19002596332728863,0.19884752629995348,0.5300438823270699,0.5116508616176993,0.5486196147898902,0.008935342240274183,-0.014947849909762261,0.03410925627698089,0.18768231483921713,0.17185724851254136,0.20325598079484217,0.312,0.256,0.372,0.0,0.0,0.0,0.0,0.0,0.0,0.36915855653459984,0.33944419965527833,0.4000607394641627,0.9831422594653012,0.9362374253740186,0.9991912799197542,0.6964679130223526,0.6609675180049417,0.7301888488742445,0.704,0.644,0.76,0.07597499177609797,0.06753341762205987,0.08463686335712292,0.09744250657046738,0.04128761157704881,0.12585760805074614,0.035346211690863126,0.019416520345663595,0.05331087497824336,-0.028,-0.064,0.008,0.015513268062010562,0.003655411970275074,0.027911188282726766,False
transport_anchor_only,False,10.0,0.0,1.0,250,0.6097193527007475,0.5755844752070262,0.6412524549007416,0.006985835001631186,0.005610215617491625,0.008514365044701985,0.04222679184703213,0.039991158995796576,0.044469325662347285,0.4975361333279609,0.4920792025651574,0.5031266302192747,0.19459826564788818,0.19002596332728863,0.19884752629995348,0.5300438823270699,0.5116508616176993,0.5486196147898902,0.01895831464162336,-0.0034434801537231133,0.03981378609441965,0.18818110667334612,0.17379391916268624,0.20218699569991314,0.46,0.4,0.524,0.0,0.0,0.0,0.0,0.0,0.0,0.385877368748574,0.3590500036546384,0.414566145030662,0.9642325564472323,0.9221729111387291,0.9977253922144318,0.7280102301236706,0.6961291920053173,0.7590663730877528,0.624,0.56,0.6800999999999999,0.06260409946843631,0.05404986349775829,0.07148562126807133,0.020347845406761045,0.005836453758694499,0.03545041817833178,0.002791377305984497,0.00020427733659744268,0.006075090998411178,-0.012,-0.04,0.012,0.006025363198739031,0.0011281329051543371,0.011977226311456559,False
mediation_aware_recourse,False,10.0,0.21929316641925986,1.0,250,0.6094949083114043,0.5755766360284063,0.6408109774140408,0.007006639388411324,0.005613772942409302,0.00853565634033747,0.04212506911331151,0.0398896811029027,0.044438048055552536,0.4975668113648891,0.492099448187834,0.5031570519824982,0.19459826564788818,0.19002596332728863,0.19884752629995348,0.5300438823270699,0.5116508616176993,0.5486196147898902,0.01824157103084114,-0.004852475774258904,0.03950440402853814,0.18865685286264886,0.17439368835847505,0.20277436308326469,0.46,0.4,0.524,0.0,0.0,0.0,0.0,0.0,0.0,0.3851606251377917,0.35804876184029655,0.413926555322791,0.9655847909219242,0.9229756683696356,0.9977095877553636,0.7266579956489787,0.6947491396400085,0.7577608426497086,0.624,0.56,0.6800999999999999,0.06332084307921852,0.0544386949246966,0.07205644997504995,0.02170007988145295,0.0066770662337772265,0.036652300645756704,0.002566932916641235,4.985841512680054e-05,0.0058244974672794336,-0.012,-0.04,0.012,0.005308619587956812,0.0004295986018648027,0.011043476200435207,True
mediation_aware_recourse,False,10.0,0.5,1.0,250,0.6091188154006377,0.5750414039165946,0.6408727976177586,0.007115725103076569,0.005713130151833052,0.008618015768943955,0.04182588931440705,0.0394730402864668,0.044164262650613725,0.49696667750287055,0.49153981926670076,0.5025665669476868,0.19459826564788818,0.19002596332728863,0.19884752629995348,0.5300438823270699,0.5116508616176993,0.5486196147898902,0.016131327844778366,-0.005886603517804088,0.037587724873059135,0.1883469167003952,0.17421431318865907,0.2021279320475555,0.46,0.4,0.5200999999999999,0.0,0.0,0.0,0.0,0.0,0.0,0.3842194649047665,0.3570749432359144,0.41311796286550695,0.9695660522031564,0.9278465476956005,0.9984015135593154,0.7248823686407142,0.6935461388680232,0.7558306067358678,0.636,0.572,0.692,0.06484654478876255,0.05610986688746693,0.0738428476392378,0.025681341162685167,0.0068166698026666415,0.04099281959433459,0.002190840005874634,-0.00100123410820961,0.005793476468324661,-0.012,-0.04,0.016,0.004367459354931569,-0.0005736681005729577,0.010382011466350134,False
mediation_aware_recourse,False,10.0,1.0,1.0,250,0.6143285803580657,0.5806487358816433,0.6454653236407786,0.006784300558325753,0.005469118616285404,0.008178661248529975,0.04095988739203164,0.038686710549811994,0.04328230049586092,0.49570062858128544,0.4902299524984062,0.5012369453879058,0.19459826564788818,0.19002596332728863,0.19884752629995348,0.5300438823270699,0.5116508616176993,0.5486196147898902,0.007945474102865013,-0.013522493943646654,0.029859179094972366,0.1832408126635592,0.16915653916852788,0.19707991322674903,0.464,0.404,0.528,0.0,0.0,0.0,0.0,0.0,0.0,0.3875766885932552,0.35992970725977635,0.4165962750746127,0.9850097805714091,0.9438691576728893,0.999263590169073,0.7312162285350109,0.700713412293114,0.7613762025725967,0.66,0.596,0.72,0.06726085981547485,0.05820603678282619,0.07568712528339445,0.04112506953093786,-0.0037940838437700323,0.060167929151096256,0.007400604963302612,0.0014907281160354616,0.015318153792619704,-0.008,-0.04,0.024,0.007724683043420311,0.0005437910259463563,0.015476484471744687,False
mediation_aware_recourse,False,10.0,2.0,1.0,250,0.6169944988274947,0.5835989851985359,0.6491027642879869,0.006760858894166789,0.005453139575462636,0.00815697235240759,0.04041388382314808,0.03810590693370454,0.042713740770363426,0.4940865617957115,0.48870344669288995,0.49940844214244484,0.19459826564788818,0.19002596332728863,0.19884752629995348,0.5300438823270699,0.5116508616176993,0.5486196147898902,0.003804229082436036,-0.017662387628985365,0.025105162238356387,0.1804530154149786,0.1671584212063078,0.19403062785153458,0.46,0.4,0.524,0.0,0.0,0.0,0.0,0.0,0.0,0.38924794711036714,0.3624716154775793,0.4183293601241569,0.9928228035276359,0.9520073675556355,0.9992825387896919,0.7343692854286676,0.7030940807642175,0.7639316780207378,0.668,0.6079,0.724,0.06849585306713339,0.05961361470709491,0.07718822181446847,0.04893809248716463,-0.01175068601070626,0.06785066469917964,0.01006652343273163,0.003151904898881912,0.018597561495006083,-0.012,-0.044,0.02,0.009395941560532197,0.0014035766878776057,0.018041402354151675,False
mediation_aware_recourse,False,10.0,5.0,1.0,250,0.6303252590009942,0.5971104407377308,0.6612827126235002,0.006699211560784181,0.00554462009887538,0.007995139239929765,0.03815519821990719,0.03623257541933644,0.0403796342773057,0.48993852298498153,0.484897420519638,0.4951459461078942,0.19459826564788818,0.19002596332728863,0.19884752629995348,0.5300438823270699,0.5116508616176993,0.5486196147898902,-0.015736506231157295,-0.03608033431895432,0.004946006841314867,0.17009609981980356,0.15746008916570203,0.18375098210662186,0.46,0.4,0.524,0.0,0.0,0.0,0.0,0.0,0.0,0.3941710078335861,0.36715362430634685,0.4227469468567151,0.9703109369698434,0.9342102222331566,0.9978465178348537,0.7436573102269258,0.7142372981154661,0.7709833332317083,0.732,0.676,0.7840999999999999,0.0758046903623206,0.06692105456509648,0.08455663958649902,0.02642622592937216,-0.044894428492144874,0.09159022599864591,0.023397283606231212,0.012002428369224072,0.03743516601305455,-0.012,-0.048,0.024,0.01431900228375112,0.004977491608047707,0.025304514673333885,False
transport_anchor_only,False,30.0,0.0,1.0,250,0.6862754123518243,0.6487913932486903,0.7263232779327781,0.002603564715828326,0.0019447488148745316,0.0032532223648848147,0.04201644023308858,0.03995325037182094,0.04446817108688329,0.49546067734813687,0.4902534591829478,0.5007217333917797,0.19459826564788818,0.19002596332728863,0.19884752629995348,0.5300438823270699,0.5116508616176993,0.5486196147898902,0.008060713703649327,-0.012339393359623339,0.028476321309638238,0.19144967868208618,0.17926601698804603,0.2051125473470445,0.628,0.564,0.688,0.0,0.0,0.0,0.0,0.0,0.0,0.38707081732442883,0.3598972075991856,0.41464281301868205,0.984792365363675,0.943119813696667,0.999274901577539,0.730261833463785,0.7026511030183402,0.7587541683671055,0.6,0.536,0.6560999999999999,0.06745617564949587,0.05782294626977774,0.07718330328080468,0.016122305884154198,-0.015508422094351774,0.026955512995850806,0.005505837202072143,-0.00010906314849853516,0.013955577665567398,-0.016,-0.04,0.004,0.00263449499936866,-0.0017183945284505325,0.007438270425874392,False
mediation_aware_recourse,False,30.0,0.21929316641925986,1.0,250,0.6871131971189752,0.6496090117553248,0.7281300724584608,0.002581742928037322,0.0019203108434695357,0.003237185474866025,0.041769655065700635,0.03956208957559314,0.04416672889017274,0.4952945200321674,0.49015395107236504,0.500549263658601,0.19459826564788818,0.19002596332728863,0.19884752629995348,0.5300438823270699,0.5116508616176993,0.5486196147898902,0.006118702096962489,-0.014929641598293054,0.026894881256142648,0.19144196760246482,0.1792267933140247,0.2050679056349808,0.636,0.572,0.696,0.0,0.0,0.0,0.0,0.0,0.0,0.3861727047610579,0.3586524559623797,0.4141208839295589,0.9884562348496518,0.9457687963571249,0.9990334322842453,0.7285674217493663,0.7010627716889476,0.7573179597895954,0.608,0.544,0.668,0.06887623773452478,0.05887939601703795,0.07925529697784686,0.019786175370131054,-0.019961202492348458,0.031715631031440955,0.006343621969223023,0.0004430864572525025,0.015017098450660706,-0.008,-0.032,0.012,0.0017363824359976736,-0.0027315571394143385,0.0067701666977126145,True
mediation_aware_recourse,False,30.0,0.5,1.0,250,0.686602971107699,0.649139255217649,0.7264988464735681,0.0026028478117251304,0.0019333689487640263,0.0032694035559287593,0.04164583025753839,0.03936591487728867,0.04402604374689992,0.49521421934747695,0.49011277836802003,0.5005166052857458,0.19459826564788818,0.19002596332728863,0.19884752629995348,0.5300438823270699,0.5116508616176993,0.5486196147898902,0.005414172371031318,-0.015628601926431226,0.02624272562415885,0.19167201664381361,0.17945884403106388,0.20541866661404998,0.636,0.572,0.696,0.0,0.0,0.0,0.0,0.0,0.0,0.38549150656370945,0.3581216666962461,0.41343492928546594,0.9897854261664878,0.9479873398893958,0.9993532197152061,0.7272822485400128,0.69976214460814,0.7554798830860544,0.612,0.5479,0.6680999999999999,0.0695691016961646,0.05955924353204738,0.07982399632787637,0.021115366686967008,-0.02117523821809312,0.03330586169460641,0.005833395957946777,-0.00028986778259277327,0.01466131485700607,-0.008,-0.032,0.012,0.0010551842386492065,-0.0034316077678808463,0.0061786958543808505,False
mediation_aware_recourse,False,30.0,1.0,1.0,250,0.6932133186170831,0.6540276709256694,0.7337252347510308,0.0024152627830113667,0.0017966009635503064,0.003063396835101204,0.04109452835398333,0.03883431695244425,0.04343590480832128,0.4946543563518524,0.4896389805119156,0.4999543756352961,0.19459826564788818,0.19002596332728863,0.19884752629995348,0.5300438823270699,0.5116508616176993,0.5486196147898902,0.0006217237389470167,-0.020744445440144123,0.022152751029097546,0.1919568849996007,0.17984977827232212,0.2048951209561887,0.644,0.58,0.704,0.0,0.0,0.0,0.0,0.0,0.0,0.3842274065310091,0.35696801130263156,0.4118287279593017,0.9988270334595365,0.9535136368899032,0.9992487878225546,0.7248973516006303,0.6966270516982889,0.7530622560401404,0.62,0.5559000000000001,0.6760999999999999,0.07259737602855691,0.06235478907240965,0.08276186386242111,0.03015697398001571,-0.03110737594639388,0.04346861814912193,0.012443743467330933,0.0030966298043727876,0.024967110508680345,0.0,-0.024,0.024,-0.00020891579405108284,-0.0052323463244762156,0.00539033897873697,False
mediation_aware_recourse,False,30.0,2.0,1.0,250,0.7003902167687193,0.6587023430727422,0.740771580595686,0.002262867531190936,0.0016748361000379196,0.0028805894145411065,0.03981681942581247,0.037539006636183696,0.04213731213160377,0.4941064544372558,0.4889514352950156,0.4994845716590821,0.19459826564788818,0.19002596332728863,0.19884752629995348,0.5300438823270699,0.5116508616176993,0.5486196147898902,-0.009863588927891808,-0.03161008824794555,0.01160940236032539,0.188277995136411,0.17570154030374463,0.20111125840697677,0.652,0.588,0.712,0.0,0.0,0.0,0.0,0.0,0.0,0.3866882572449928,0.359304956943193,0.41430825256815995,0.9813909956198582,0.943333161056054,0.999248158645109,0.7295400817519144,0.7015797712142448,0.7578494779130249,0.652,0.588,0.7080999999999998,0.0766096070049845,0.06619854485665998,0.08686261948051623,0.012720936140337424,-0.0516290758223261,0.061303687752387884,0.019620641618967056,0.006697658163309098,0.035711402648687364,0.008,-0.024,0.04,0.002251934919932532,-0.003940520145704985,0.008863320321535086,False
mediation_aware_recourse,False,30.0,5.0,1.0,250,0.7179318286785856,0.674813130257791,0.7606692354636034,0.0020926526906266934,0.0015785535904167063,0.0026651601020326997,0.037241550181307106,0.035038016846302145,0.03958858306616685,0.490398665300846,0.48549022806442976,0.49540606495565176,0.19459826564788818,0.19002596332728863,0.19884752629995348,0.5300438823270699,0.5116508616176993,0.5486196147898902,-0.030201299525803738,-0.05078298000889702,-0.009327206433539022,0.17983903660003486,0.16815983694900904,0.19304918219567635,0.648,0.584,0.708,0.0,0.0,0.0,0.0,0.0,0.0,0.3891272427124405,0.3625031405514161,0.41619189143812946,0.9430211336593304,0.9067939623749839,0.9816715396020584,0.7341415601365715,0.7073639469630265,0.7614309299895882,0.716,0.656,0.776,0.08555896957021662,0.07492027034099129,0.09565715467440662,-0.025648925820190405,-0.08368569785514045,0.04836673690171354,0.037162253528833386,0.019656495975703,0.058739668431878084,0.004,-0.0321,0.044,0.004690920387380239,-0.0033048644836656217,0.013857409263022398,False
transport_anchor_only,False,0.0,0.0,2.0,250,0.00304927177369882,2.0507183062500192e-05,0.009084916467554705,0.46124331988385087,0.42576689937762907,0.49735685711340544,0.040260883249783844,0.037544651482695875,0.043041973560457254,0.563302153371334,0.5556576728057682,0.5703064268756688,0.19459826564788818,0.19002596332728863,0.19884752629995348,0.5300438823270699,0.5116508616176993,0.5486196147898902,0.5262944713671839,0.5072346588815303,0.5452160051037389,0.5476895585847879,0.5322222487210214,0.5631953825728212,0.052,0.027900000000000005,0.08,0.0,0.0,0.0,0.0,0.0,0.0,0.0034200790954859546,7.700327621658573e-05,0.010008965222394039,0.00707377461546177,0.00015037235270077553,0.021005448950714368,0.006452445183351085,0.00014879940002266722,0.018934527525514028,0.004,0.0,0.012,0.00016466593220003213,0.0,0.0004939977966000964,0.00707377461546177,0.000161890814233559,0.020816240677088108,0.00304927177369882,2.0507183062500192e-05,0.009084916467554705,0.0,0.0,0.0,0.0034200790954859546,8.56579210709643e-05,0.01000920214237154,False
mediation_aware_recourse,False,0.0,0.21929316641925986,2.0,250,0.0030492028181824935,2.0395477821671194e-05,0.009084847512038379,0.4612459193813796,0.42576956386259607,0.4973594566109343,0.040260741050132894,0.037544640817722054,0.043041692716146635,0.5633021882281304,0.5556576745486079,0.5703064608610452,0.19459826564788818,0.19002596332728863,0.19884752629995348,0.5300438823270699,0.5116508616176993,0.5486196147898902,0.5262957000161228,0.5072346588815303,0.5452160665361859,0.5476904063525556,0.5322239230623629,0.5631954249612096,0.052,0.027900000000000005,0.08,0.0,0.0,0.0,0.0,0.0,0.0,0.0034188504465470252,7.577462727765646e-05,0.010008934506170564,0.007071456601840831,0.00014810468274927547,0.021000644064008787,0.0064501271697298135,0.00014574577967071123,0.01893219798037841,0.004,0.0,0.012,0.00016466593220003213,0.0,0.0004939977966000964,0.007071456601840831,0.0001605097116309795,0.020816181918849826,0.0030492028181824935,2.0395477821671194e-05,0.009084847512038379,0.0,0.0,0.0,0.0034188504465470252,8.401014504847761e-05,0.010007973493432612,True
mediation_aware_recourse,False,0.0,0.5,2.0,250,0.0030492028181824935,2.0395477821671194e-05,0.009084847512038379,0.4612459193813796,0.42576956386259607,0.4973594566109343,0.040260741050132894,0.037544640817722054,0.043041692716146635,0.5633021882281304,0.5556576745486079,0.5703064608610452,0.19459826564788818,0.19002596332728863,0.19884752629995348,0.5300438823270699,0.5116508616176993,0.5486196147898902,0.5262957000161228,0.5072346588815303,0.5452160665361859,0.5476904063525556,0.5322239230623629,0.5631954249612096,0.052,0.027900000000000005,0.08,0.0,0.0,0.0,0.0,0.0,0.0,0.0034188504465470252,7.577462727765646e-05,0.010008934506170564,0.007071456601840831,0.00014810468274927547,0.021000644064008787,0.0064501271697298135,0.00014574577967071123,0.01893219798037841,0.004,0.0,0.012,0.00016466593220003213,0.0,0.0004939977966000964,0.007071456601840831,0.0001605097116309795,0.020816181918849826,0.0030492028181824935,2.0395477821671194e-05,0.009084847512038379,0.0,0.0,0.0,0.0034188504465470252,8.401014504847761e-05,0.010007973493432612,False
mediation_aware_recourse,False,0.0,1.0,2.0,250,0.00303673350065128,1.299958334261646e-05,0.009067588714181797,0.4614124796556809,0.42584602281570993,0.4973594566109343,0.04025322426720251,0.03753579571953073,0.043027013359853504,0.5633109281167983,0.5556739754003107,0.5703185538471222,0.19459826564788818,0.19002596332728863,0.19884752629995348,0.5300438823270699,0.5116508616176993,0.5486196147898902,0.5263752217618083,0.5073303700023722,0.5452795497309886,0.5477623618858385,0.5323606553353475,0.5632501911439232,0.052,0.027900000000000005,0.08,0.0,0.0,0.0,0.0,0.0,0.0,0.003339328700861599,3.611434977491551e-05,0.009905431540215105,0.00692142799414075,6.769238965166902e-05,0.020747945624155908,0.006300098562030065,7.343902266608582e-05,0.018767992112429972,0.004,0.0,0.012,0.00016466593220003213,0.0,0.0004939977966000964,0.00692142799414075,7.471888253912651e-05,0.02065723689423717,0.00303673350065128,1.299958334261646e-05,0.009067588714181797,0.0,0.0,0.0,0.003339328700861599,3.9164371504170546e-05,0.009887770790797966,False
mediation_aware_recourse,False,0.0,2.0,2.0,250,0.0030271245164371977,6.156716181988032e-06,0.009056717938641873,0.4615309193179555,0.4260004213179554,0.49743590448408037,0.04024540135155979,0.037532776793761595,0.043019677742083914,0.5633206625447272,0.5556861686557352,0.570334092495489,0.19459826564788818,0.19002596332728863,0.19884752629995348,0.5300438823270699,0.5116508616176993,0.5486196147898902,0.5264305301351242,0.5073935210149376,0.54534169740869,0.5478102867700971,0.5324277607137744,0.5633272187621944,0.052,0.027900000000000005,0.08,0.0,0.0,0.0,0.0,0.0,0.0,0.0032840203275456724,5.404683073943139e-06,0.009828708472608153,0.006817081212374121,1.1263400886826758e-05,0.020640273883518117,0.0061957517802634365,1.1712984826120487e-05,0.018695215374223632,0.004,0.0,0.012,0.00016466593220003213,0.0,0.0004939977966000964,0.006817081212374121,1.3530981117104712e-05,0.020557818178908994,0.0030271245164371977,6.156716181988032e-06,0.009056717938641873,0.0,0.0,0.0,0.0032840203275456724,7.096155834069218e-06,0.00982920132256528,False
mediation_aware_recourse,False,0.0,5.0,2.0,250,0.006035903746091663,6.80223498027317e-06,0.015075174046285429,0.4608397025008644,0.42491690263869236,0.49673592205451567,0.04003723050819564,0.03739989975820157,0.04281135576895468,0.56221042658782,0.5544619182194471,0.5691854446864903,0.19459826564788818,0.19002596332728863,0.19884752629995348,0.5300438823270699,0.5116508616176993,0.5486196147898902,0.5239830759760071,0.5052831936603093,0.5431116780293977,0.5454021836342231,0.528868115888806,0.561093735176478,0.052,0.027900000000000005,0.08,0.0,0.0,0.0,0.0,0.0,0.0,0.00573147448666271,2.371213682919449e-06,0.01472705412988427,0.011434536937684814,3.607964231400196e-06,0.029495127641565266,0.010813207505574018,3.487478329500249e-06,0.028615607864308987,0.004,0.0,0.012,0.00016466593220003213,0.0,0.0004939977966000964,0.011434536937684814,3.9620447310401156e-06,0.02954798511451426,0.006035903746091663,6.80223498027317e-06,0.015075174046285429,0.0,0.0,0.0,0.00573147448666271,2.1517882571815195e-06,0.014727287298172635,False
transport_anchor_only,False,1.0,0.0,2.0,250,0.32320234492546523,0.2793604868224073,0.37029477677009676,0.14712679177113774,0.12540323579488558,0.170648751096957,0.04583957831325685,0.043783245487465386,0.04802672535082034,0.507790558465004,0.5018443705179692,0.5136015412792266,0.19459826564788818,0.19002596332728863,0.19884752629995348,0.5300438823270699,0.5116508616176993,0.5486196147898902,0.21354689257558607,0.18115668034018506,0.24685979441428096,0.3077218539451959,0.2850666272987894,0.3323040821170256,0.14,0.1,0.184,0.0,0.0,0.0,0.0,0.0,0.0,0.2501213277100816,0.21357360257806549,0.28829697096941076,0.5971146923948187,0.5271462022329012,0.6698449671101884,0.4718879625814477,0.4202068880197277,0.5244265283134089,0.368,0.304,0.432,0.033187831020701115,0.02657796843707287,0.04044777405541136,0.2824402107161261,0.21875987039747474,0.35425367564194826,0.16000155862775864,0.12269388739211717,0.20117855215915043,0.044,0.008,0.08009999999999991,0.1187243726166538,0.0898910661909444,0.14955290570536914,False
mediation_aware_recourse,False,1.0,0.21929316641925986,2.0,250,0.3228121763182303,0.27925364289602306,0.36954073263133436,0.1472793414079287,0.1254096548384168,0.17083725656626197,0.04568911775956964,0.043632582578934306,0.047972121221842745,0.5079180521669389,0.5019757031946838,0.5137293924826264,0.19459826564788818,0.19002596332728863,0.19884752629995348,0.5300438823270699,0.5116508616176993,0.5486196147898902,0.21258629224780226,0.17999998877121806,0.24590682752085777,0.3079036208785434,0.285252575221044,0.3323732990684833,0.14,0.1,0.184,0.0,0.0,0.0,0.0,0.0,0.0,0.24973259354914468,0.2131814052834405,0.28815319345022256,0.5989269957904667,0.5279419926041098,0.6699720378158268,0.4711545626236361,0.41942719683890667,0.5234099551268303,0.376,0.312,0.44,0.03386249826506153,0.027402610694371658,0.04093702850624365,0.2842525141117741,0.2206905960817014,0.35641223315551884,0.15961139002052369,0.12230735882565641,0.20058686059600003,0.044,0.008,0.08009999999999991,0.1183356384557168,0.0895139485995092,0.14946438103685708,True
mediation_aware_recourse,False,1.0,0.5,2.0,250,0.3196826423158368,0.27514551075316784,0.36722137788706505,0.1496271663432744,0.12734538166185505,0.17385107760003593,0.04538812327627613,0.043326031050495255,0.047638783091003556,0.5083665542547703,0.5025950495979786,0.5142332973032953,0.19459826564788818,0.19002596332728863,0.19884752629995348,0.5300438823270699,0.5116508616176993,0.5486196147898902,0.2130193469693689,0.18029622544934104,0.24532069529696363,0.31016565320378553,0.2876994151077403,0.3344781589894268,0.144,0.104,0.188,0.0,0.0,0.0,0.0,0.0,0.0,0.24650953282671198,0.21028805614381388,0.28412623595556363,0.5981099790565589,0.5244717237673958,0.6705118565307594,0.46507381944387827,0.412613735191484,0.5164878680945464,0.376,0.312,0.44,0.035257501265494526,0.02854777731929529,0.043001003911906095,0.28343549737786633,0.2200071395041046,0.3541101057263088,0.1564818560181302,0.11904950200891326,0.19772636505562113,0.048,0.012,0.084,0.11511257773328418,0.0860335083735163,0.14642165542780677,False
mediation_aware_recourse,False,1.0,1.0,2.0,250,0.3158511700381955,0.2685018560080562,0.3631324327976902,0.1535482136420782,0.13104581918825534,0.17924337271285853,0.045131220918472124,0.04298159926140949,0.047330556002905796,0.5084104436013699,0.5026926421439053,0.5142475766457678,0.19459826564788818,0.19002596332728863,0.19884752629995348,0.5300438823270699,0.5116508616176993,0.5486196147898902,0.21522845602450252,0.1822845205488767,0.24915274248601962,0.31172848048109886,0.2876688397714855,0.33592504493666814,0.144,0.104,0.188,0.0,0.0,0.0,0.0,0.0,0.0,0.24450521931692556,0.20720681475422048,0.28112929011355753,0.5939421938433143,0.5226709827000964,0.6663515214466118,0.4612924089293623,0.40931399285808107,0.5146899630382361,0.376,0.312,0.43609999999999993,0.03515510349282092,0.028305212643169153,0.04299582792671509,0.27926771216462165,0.21473570488256355,0.3520366187613855,0.1526503837404889,0.11554070423966332,0.1936114378475773,0.048,0.012,0.084,0.11310826422349775,0.08390493567589757,0.14439239767387652,False
mediation_aware_recourse,False,1.0,2.0,2.0,250,0.3199618391928693,0.2727148989175957,0.3655635155932754,0.15249326525926063,0.13039417925370603,0.17870717864729074,0.04462208956273358,0.042487549876665684,0.04681370465481354,0.50724826912117,0.5015105678954661,0.5134117176865339,0.19459826564788818,0.19002596332728863,0.19884752629995348,0.5300438823270699,0.5116508616176993,0.5486196147898902,0.20963654770235107,0.17747911233502828,0.2439714944061088,0.3090897064890504,0.28499059731553805,0.33452275914058915,0.144,0.104,0.188,0.0,0.0,0.0,0.0,0.0,0.0,0.24668345832657929,0.21112205040475845,0.2832986644234026,0.6044920907643032,0.5317006853665257,0.6737665392541439,0.4654019535959105,0.4123417854331443,0.5194291791414944,0.384,0.32,0.448,0.03686193814906979,0.030157311299740572,0.04443288252282349,0.2898176090856106,0.2280053146255412,0.35837289025832125,0.15676105289516273,0.12032366661995912,0.19732381835272825,0.048,0.012,0.084,0.11528650323315147,0.08773179911633258,0.14639433757654882,False
mediation_aware_recourse,False,1.0,5.0,2.0,250,0.3450799735797068,0.2984420730245129,0.3883766664564349,0.14904583353860698,0.1246950120468642,0.17513484076371297,0.041856993083520436,0.03950092955024907,0.044271748924731166,0.5019165414383412,0.4961323662453115,0.5081996170048892,0.19459826564788818,0.19002596332728863,0.19884752629995348,0.5300438823270699,0.5116508616176993,0.5486196147898902,0.1842558818047678,0.1523461328304966,0.2164160927378862,0.29256210152133477,0.26997840158514425,0.3144716601054782,0.172,0.128,0.2160999999999999,0.0,0.0,0.0,0.0,0.0,0.0,0.26168659557860696,0.2254007119898535,0.29678507414047445,0.6523761749766399,0.5845147462166977,0.7224381524070829,0.4937074161288596,0.43900601868727657,0.5446749697278487,0.436,0.376,0.5000999999999999,0.04205070247184757,0.034791782758436994,0.05029880131561357,0.3377016932979473,0.2661408863014336,0.4044350646167298,0.1818791872820002,0.13989575025523807,0.22201603115886392,0.076,0.036,0.11609999999999991,0.1302896404851792,0.09995289984303114,0.1616074146634414,False
transport_anchor_only,False,3.0,0.0,2.0,250,0.5461166629163199,0.5064109362783958,0.5833571643161806,0.02245286225319539,0.017478150792271028,0.027542768622950266,0.04136740075657103,0.03905726610590359,0.04378287842579445,0.4925289172990322,0.48766521225494747,0.497937439204961,0.19459826564788818,0.19002596332728863,0.19884752629995348,0.5300438823270699,0.5116508616176993,0.5486196147898902,0.03798643827132706,0.011493131387597123,0.062091986486174616,0.19996783484511862,0.18315557866153365,0.21611474272248646,0.308,0.256,0.368,0.0,0.0,0.0,0.0,0.0,0.0,0.3626053392923847,0.3315669212275666,0.3933992904616184,0.9283334087273041,0.8776661596071462,0.9780032502325906,0.6841043758498371,0.6471663148659936,0.7204814513215667,0.636,0.576,0.696,0.0647260523816791,0.055982332770763546,0.07363243088238858,0.04263365583247025,0.023470532894715193,0.06358561013238238,0.01586757503449917,0.0052414184726774695,0.028125177254155274,-0.032,-0.064,9.999999999990905e-05,0.008960050819795444,0.0011766358461692572,0.018556093142908694,False
mediation_aware_recourse,False,3.0,0.21929316641925986,2.0,250,0.5461166629163199,0.5064109362783958,0.5833571643161806,0.02245286225319539,0.017478150792271028,0.027542768622950266,0.04136740075657103,0.03905726610590359,0.04378287842579445,0.4925289172990322,0.48766521225494747,0.497937439204961,0.19459826564788818,0.19002596332728863,0.19884752629995348,0.5300438823270699,0.5116508616176993,0.5486196147898902,0.03798643827132706,0.011493131387597123,0.062091986486174616,0.19996783484511862,0.18315557866153365,0.21611474272248646,0.308,0.256,0.368,0.0,0.0,0.0,0.0,0.0,0.0,0.3626053392923847,0.3315669212275666,0.3933992904616184,0.9283334087273041,0.8776661596071462,0.9780032502325906,0.6841043758498371,0.6471663148659936,0.7204814513215667,0.636,0.576,0.696,0.0647260523816791,0.055982332770763546,0.07363243088238858,0.04263365583247025,0.023470532894715193,0.06358561013238238,0.01586757503449917,0.0052414184726774695,0.028125177254155274,-0.032,-0.064,9.999999999990905e-05,0.008960050819795444,0.0011766358461692572,0.018556093142908694,True
mediation_aware_recourse,False,3.0,0.5,2.0,250,0.5489629150075489,0.5078269801093047,0.5872198874867637,0.021575221573244527,0.016909381357474523,0.026143230258019085,0.04123784524898502,0.038993644776172,0.04361069794599481,0.49244792864227294,0.48758959346948266,0.49779336816573744,0.19459826564788818,0.19002596332728863,0.19884752629995348,0.5300438823270699,0.5116508616176993,0.5486196147898902,0.03581086027088363,0.009828322269532067,0.059945972313261535,0.1990122973644114,0.1817312950404045,0.21501181097112765,0.308,0.256,0.368,0.0,0.0,0.0,0.0,0.0,0.0,0.36378784819409477,0.3326240178900573,0.3944339106949142,0.9324379330374271,0.8827948200086134,0.9811969917507947,0.686335340004198,0.6514609115629226,0.7221646004177276,0.636,0.576,0.696,0.0652225869310458,0.05631390533171647,0.07419662987652184,0.04673818014259323,0.027807961366003255,0.06765503320626284,0.01871382712572813,0.007163553271628916,0.03242546175066382,-0.032,-0.064,9.999999999990905e-05,0.010142559721505445,0.0016687522754034558,0.02012697242876686,False
mediation_aware_recourse,False,3.0,1.0,2.0,250,0.5529481745507219,0.5126885153801762,0.5906932892514378,0.021690220642972064,0.017064589265195114,0.0264585665141913,0.040227662796013114,0.03798829469191466,0.04251225391701944,0.4906729893541336,0.485580527093637,0.4962549965342999,0.19459826564788818,0.19002596332728863,0.19884752629995348,0.5300438823270699,0.5116508616176993,0.5486196147898902,0.027706785806371648,0.0010405491937023074,0.053769068865325474,0.1936954869958891,0.177176819011074,0.21027793896293814,0.316,0.264,0.376,0.0,0.0,0.0,0.0,0.0,0.0,0.36667056559832717,0.33684300757522617,0.3981481375364763,0.9477273736568195,0.8973654268418906,0.993000615684525,0.6917739791439923,0.6570589267003909,0.7257464465776687,0.664,0.608,0.724,0.06783326546118557,0.05925107560749005,0.07632630109250509,0.06202762076198565,0.03674389539605157,0.0872885318073145,0.022699086668901147,0.009136077869823202,0.03838544236407616,-0.024,-0.056,0.012,0.013025277125737913,0.0035366729868255985,0.0247134312784234,False
mediation_aware_recourse,False,3.0,2.0,2.0,250,0.5556832732405165,0.5161079828887377,0.5928459384579109,0.02098541094766698,0.01668031221915401,0.0255622349546775,0.0398256597734044,0.03758823292411162,0.04205672594799753,0.49064232546496384,0.4856679508488953,0.4962593724259079,0.19459826564788818,0.19002596332728863,0.19884752629995348,0.5300438823270699,0.5116508616176993,0.5486196147898902,0.023621230908038974,-0.002121651278028254,0.04847854210662263,0.19252775278253323,0.17664512309036706,0.20894682628148875,0.312,0.2599,0.372,0.0,0.0,0.0,0.0,0.0,0.0,0.36640874778058874,0.3363960533061889,0.39805625837970054,0.9554353296101941,0.9071629916130634,0.996383615761505,0.6912800241593804,0.6547206178400714,0.7251880440011403,0.672,0.6159,0.728,0.07000695181922115,0.061144029411355265,0.07879849189436691,0.06973557671536024,0.045181899719805935,0.09430880772895511,0.025434185358695686,0.013207075970363804,0.040478369853412736,-0.028,-0.064,0.008,0.012763459307999436,0.003033820780762007,0.024304315675584026,False
mediation_aware_recourse,False,3.0,5.0,2.0,250,0.5774904237771407,0.5405494548009941,0.6142254925008863,0.0184540210344349,0.014859093737402233,0.02210636321051191,0.037503938889679525,0.03530803919421133,0.039791359291638004,0.48737879146647456,0.4821611741913974,0.49277867541380527,0.19459826564788818,0.19002596332728863,0.19884752629995348,0.5300438823270699,0.5116508616176993,0.5486196147898902,0.001212068105052201,-0.022150387662654713,0.025036280215189086,0.1807279816822445,0.16639378845499966,0.1958972597116105,0.324,0.268,0.384,0.0,0.0,0.0,0.0,0.0,0.0,0.374586947471106,0.3456403391097413,0.4054869754424993,0.9977132683812313,0.9489504937826065,0.9994005114638588,0.7067093121168458,0.6740937563957347,0.7389718470215401,0.72,0.66,0.7720999999999999,0.07712243337545586,0.06840806235217067,0.08566811814433238,0.11201351548639749,0.03099727733032353,0.14093891712898152,0.04724133589531993,0.028756749461406432,0.06937694196982629,-0.016,-0.056,0.028,0.02094165899851672,0.009108514198636718,0.034984194388097786,False
transport_anchor_only,False,10.0,0.0,2.0,250,0.6197586114788428,0.5866598451128462,0.6505983538299799,0.006714801184799291,0.00547263230835236,0.00806483090219847,0.04093228157750977,0.03867185005759139,0.04314333054393912,0.49240558443284027,0.4870140837413967,0.49757385288166406,0.19459826564788818,0.19002596332728863,0.19884752629995348,0.5300438823270699,0.5116508616176993,0.5486196147898902,0.0076964984638161595,-0.013166647834133335,0.028545103906327394,0.1808522256742314,0.16745257239714395,0.1947079434435483,0.452,0.392,0.516,0.0,0.0,0.0,0.0,0.0,0.0,0.3912227393002324,0.36368953972475637,0.4199298058176422,0.9854795070362364,0.9429364950094604,0.9990761644035879,0.7380949999510109,0.7068979511619959,0.7670820698867002,0.652,0.588,0.708,0.0655623222815107,0.056790283127921684,0.07411396166669776,0.04159479599576521,-0.004490282158752909,0.06096698048650798,0.012830636084079743,0.004744671986997128,0.0223995696246624,-0.02,-0.052,0.012,0.011370733750397445,0.003252533206596162,0.02046545090286469,False
mediation_aware_recourse,False,10.0,0.21929316641925986,2.0,250,0.6197586114788428,0.5866598451128462,0.6505983538299799,0.006714801184799291,0.00547263230835236,0.00806483090219847,0.04093228157750977,0.03867185005759139,0.04314333054393912,0.49240558443284027,0.4870140837413967,0.49757385288166406,0.19459826564788818,0.19002596332728863,0.19884752629995348,0.5300438823270699,0.5116508616176993,0.5486196147898902,0.0076964984638161595,-0.013166647834133335,0.028545103906327394,0.1808522256742314,0.16745257239714395,0.1947079434435483,0.452,0.392,0.516,0.0,0.0,0.0,0.0,0.0,0.0,0.3912227393002324,0.36368953972475637,0.4199298058176422,0.9854795070362364,0.9429364950094604,0.9990761644035879,0.7380949999510109,0.7068979511619959,0.7670820698867002,0.652,0.588,0.708,0.0655623222815107,0.056790283127921684,0.07411396166669776,0.04159479599576521,-0.004490282158752909,0.06096698048650798,0.012830636084079743,0.004744671986997128,0.0223995696246624,-0.02,-0.052,0.012,0.011370733750397445,0.003252533206596162,0.02046545090286469,True
mediation_aware_recourse,False,10.0,0.5,2.0,250,0.6187654967689886,0.5853342471896904,0.6499685246572131,0.006805172993069922,0.005540820690190515,0.008154368047312361,0.04068937747441215,0.03832251902542123,0.04297574874980056,0.4924968801910877,0.4871658043327868,0.49766500376091,0.19459826564788818,0.19002596332728863,0.19884752629995348,0.5300438823270699,0.5116508616176993,0.5486196147898902,0.00575037605055536,-0.015045385190676275,0.02656466748956524,0.18074014097475777,0.16782655555271858,0.19460323925814527,0.452,0.392,0.516,0.0,0.0,0.0,0.0,0.0,0.0,0.39026690819065457,0.36251539563171464,0.4188421120701969,0.989151132118893,0.948251680024095,0.9993615102305597,0.7362916943352922,0.705243273846088,0.765599737891692,0.656,0.5959,0.716,0.06701329904293003,0.05801229393155815,0.07592189479221245,0.045266421078421826,-0.008881272845075072,0.06426751622150563,0.011837521374225616,0.003220490337908268,0.021419493924081323,-0.02,-0.052,0.012,0.010414902640819613,0.0024458387350047,0.019398258604994563,False
mediation_aware_recourse,False,10.0,1.0,2.0,250,0.621275358834304,0.5879582320448244,0.652584184594336,0.006893823188005053,0.0055567815866155714,0.008233433184698725,0.04000659255498245,0.037734248512539335,0.04228933758550147,0.49103619251656533,0.48588194564802045,0.4962725737620711,0.19459826564788818,0.19002596332728863,0.19884752629995348,0.5300438823270699,0.5116508616176993,0.5486196147898902,0.00016986712008407068,-0.02042603250671324,0.021300536528675806,0.17681035903997067,0.1634001270629483,0.18991128058440732,0.452,0.392,0.5120999999999999,0.0,0.0,0.0,0.0,0.0,0.0,0.3929203028473243,0.36625051844368883,0.42221388778068875,0.999679522534364,0.9578383028732133,0.9992673219336198,0.7412976848676617,0.7113820918791461,0.7699545517802289,0.676,0.616,0.732,0.0684768561798308,0.059258203562540405,0.07706914230912473,0.05579481149389276,-0.017140458686481657,0.07563442966652911,0.014347383439540864,0.0056685181349515916,0.024995451089739797,-0.02,-0.056,0.012,0.013068297297489356,0.004425617085321682,0.022898742953097788,False
mediation_aware_recourse,False,10.0,2.0,2.0,250,0.6240884213829413,0.5898814062133432,0.6550706106355181,0.006845712583174116,0.00553901824742591,0.008124987441061592,0.03934759806826535,0.037252233407194135,0.041568904204700795,0.4903639490835666,0.4851039665156603,0.4956617777439713,0.19459826564788818,0.19002596332728863,0.19884752629995348,0.5300438823270699,0.5116508616176993,0.5486196147898902,-0.005267128357354737,-0.025380372355604155,0.015289611169100626,0.1748928247268347,0.16186756031789298,0.1883781921104532,0.452,0.392,0.516,0.0,0.0,0.0,0.0,0.0,0.0,0.3928050984725045,0.36623853329518674,0.4220007293002959,0.9900628447323451,0.9527427221740217,0.9992622272538594,0.741080336118509,0.7112306285062338,0.7708732995739522,0.692,0.636,0.7480999999999999,0.07125295610596012,0.062479665237384026,0.08040895279321846,0.046178133691873846,-0.02809939643132132,0.08490824897155042,0.017160445988178254,0.008310890002548695,0.02786820940673351,-0.02,-0.056,0.016,0.012953092922669513,0.0043143397273049475,0.023063731533239172,False
mediation_aware_recourse,False,10.0,5.0,2.0,250,0.634928424150683,0.6028945635803277,0.6663865679653128,0.007070158991843014,0.005879749342002012,0.008451948607174525,0.037312956940157925,0.035285548593278364,0.039640155000501456,0.4872799846625328,0.48210135273492327,0.4926675290637493,0.19459826564788818,0.19002596332728863,0.19884752629995348,0.5300438823270699,0.5116508616176993,0.5486196147898902,-0.021993907599587584,-0.04251383159063454,-0.0015811173043509595,0.16598143774032986,0.15382712301618987,0.17887647359788417,0.448,0.388,0.512,0.0,0.0,0.0,0.0,0.0,0.0,0.39605212328515893,0.368664384001609,0.42477337866807463,0.9585054967467468,0.9234624642233639,0.9943769851247319,0.747206290819465,0.717637899273088,0.7744050158297265,0.744,0.688,0.796,0.07799283332074931,0.06907715286202232,0.08676384065242641,0.014620785706275563,-0.05608316465144923,0.08884641605912556,0.028000448755919935,0.015466140769422055,0.04293137349635363,-0.024,-0.064,0.016,0.016200117735323975,0.005822502169172493,0.026981854415420573,False
transport_anchor_only,False,30.0,0.0,2.0,250,0.697061163247563,0.6581400992998621,0.7368258710866561,0.002394186477772509,0.0017729842284748768,0.003045370427148573,0.04085294763315567,0.03855998892467585,0.043162553255347125,0.49261844312906267,0.48769268382244707,0.4978049862851501,0.19459826564788818,0.19002596332728863,0.19884752629995348,0.5300438823270699,0.5116508616176993,0.5486196147898902,-0.002523565406293584,-0.023216478264755442,0.017734327822514658,0.18695068295048842,0.1747184475998515,0.1998634986327331,0.64,0.58,0.7,0.0,0.0,0.0,0.0,0.0,0.0,0.38947189206678223,0.3617567211706294,0.4166984200938384,0.9952389500370907,0.9519881594320609,0.9993755965906379,0.7347917881003934,0.7072187882855654,0.762880173623769,0.628,0.564,0.688,0.07154777783329067,0.061834156243480584,0.0814184355709205,0.026568890557569946,-0.03575442512184031,0.04998732064258828,0.016291588097810745,0.006037561523914338,0.028918744438886642,-0.004,-0.036,0.028,0.005035569741721991,-0.00041099500552261616,0.010975942548525212,False
mediation_aware_recourse,False,30.0,0.21929316641925986,2.0,250,0.6971006825575605,0.6581430632481119,0.736827847052156,0.0023927721495595514,0.001770226288459609,0.003042166599914082,0.04075938622182537,0.038482845791949646,0.04301118360316089,0.4926293525612354,0.4877055215177894,0.49781466472352154,0.19459826564788818,0.19002596332728863,0.19884752629995348,0.5300438823270699,0.5116508616176993,0.5486196147898902,-0.003124521186385354,-0.023952167081034707,0.017131195510310965,0.187051392427792,0.1748328311673425,0.20007414802064358,0.644,0.584,0.7040999999999998,0.0,0.0,0.0,0.0,0.0,0.0,0.38893524553334513,0.36157813790933474,0.41651876603744653,0.9941051650805446,0.9517723672602979,0.9994202999432077,0.733779331299494,0.706931480547283,0.7622427264880145,0.632,0.568,0.692,0.0721165789900551,0.06232474788758161,0.08205889833017448,0.0254351056010238,-0.037461369672025124,0.05084161642049919,0.016331107407808305,0.006086860096454621,0.0289582637488842,0.0,-0.032,0.028,0.004498923208284912,-0.0010210496752346653,0.01050358276328513,True
mediation_aware_recourse,False,30.0,0.5,2.0,250,0.6979908021101728,0.6590807042077417,0.7384820965826512,0.002392826538781545,0.0017702276481901588,0.0030423256883884125,0.040468002268594885,0.038071396643481525,0.04280466849697599,0.49224908093595504,0.4872183626681745,0.4974370265422404,0.19459826564788818,0.19002596332728863,0.19884752629995348,0.5300438823270699,0.5116508616176993,0.5486196147898902,-0.005045940325586141,-0.026138294519889426,0.015383808497195383,0.18672075656410142,0.1747831151703003,0.20003842601211044,0.644,0.584,0.7040999999999998,0.0,0.0,0.0,0.0,0.0,0.0,0.38865962373093194,0.36133114741787387,0.4163974415437615,0.9904801460901071,0.9510977228878192,0.9993320395507101,0.7332593332170652,0.7059629963142401,0.7615274542881577,0.636,0.5719,0.696,0.07321509946086212,0.06311486615254916,0.08366198967895169,0.021810086610586366,-0.041534484850027024,0.05345858185055927,0.017221226960420607,0.006738848942518234,0.02990595746487379,0.0,-0.032,0.028,0.004223301405871655,-0.0015712496163193621,0.01045915685428244,False
mediation_aware_recourse,False,30.0,1.0,2.0,250,0.7033279696116224,0.6641111212518066,0.7435868222648279,0.0023360198846746477,0.001725544262617627,0.002957844427968498,0.03982333930471455,0.037466110586112704,0.042124618124784075,0.49069214822101587,0.4854040408306778,0.49596078546774985,0.19459826564788818,0.19002596332728863,0.19884752629995348,0.5300438823270699,0.5116508616176993,0.5486196147898902,-0.01058779520321896,-0.031122292234825096,0.009964958878507279,0.18291215294695937,0.17094134466029298,0.19621734063715435,0.648,0.588,0.708,0.0,0.0,0.0,0.0,0.0,0.0,0.3920118984683593,0.3646484497101963,0.41998303034676027,0.9800246818117493,0.9417145670617961,0.998985859810992,0.7395838562409134,0.7130975863087401,0.7655601962786796,0.652,0.588,0.708,0.07430988953096479,0.06429913823181752,0.0846517093480559,0.011354622332228503,-0.05009830267096168,0.06238522980313854,0.022558394461870194,0.011094328565150498,0.0368985113069415,0.004,-0.028,0.032099999999999906,0.0075755761432991205,0.0009405847422215831,0.014830364573900252,False
mediation_aware_recourse,False,30.0,2.0,2.0,250,0.7119810299286619,0.6689897558254655,0.7527542313406477,0.002234154951450743,0.0016771401963947773,0.0028663547365994123,0.03841274454259033,0.03619437005196095,0.04065093289103145,0.48897208051252355,0.4839491885000587,0.4940401864662945,0.19459826564788818,0.19002596332728863,0.19884752629995348,0.5300438823270699,0.5116508616176993,0.5486196147898902,-0.021312038271174234,-0.0419345681503287,-0.0006961666934415659,0.1800489752449921,0.168909199556019,0.19317536524334705,0.64,0.576,0.696,0.0,0.0,0.0,0.0,0.0,0.0,0.3916620880288084,0.3649893673276057,0.4186504582448492,0.9597919361362925,0.9214977457937202,0.9953709092960985,0.7389238911866707,0.7133948565102235,0.7650715896000094,0.688,0.6279,0.744,0.0798469162847179,0.0694710963835242,0.09019623374840643,-0.00887812334322824,-0.06935643013601332,0.06417408876465103,0.031211454778909683,0.015601073748618364,0.05035010116398335,-0.004,-0.044,0.036,0.0072257657037481495,-2.287195589640985e-05,0.015650865072398486,False
mediation_aware_recourse,False,30.0,5.0,2.0,250,0.7274557605395093,0.6823482435446,0.768996541398298,0.002047379741646355,0.0015659463360522272,0.0025805176615177217,0.036586981740060025,0.03440606077492652,0.03900528408907935,0.48714654580807687,0.48207083822610974,0.49245566422451736,0.19459826564788818,0.19002596332728863,0.19884752629995348,0.5300438823270699,0.5116508616176993,0.5486196147898902,-0.03473720723578134,-0.05571056635994754,-0.014276884043737755,0.179436377800591,0.16752234900207147,0.19220811591031978,0.636,0.576,0.696,0.0,0.0,0.0,0.0,0.0,0.0,0.3879065458749868,0.3618222583530048,0.41501957088711844,0.9344635257683319,0.898458040173203,0.9727004569668459,0.7318385492385032,0.7049391382623988,0.7583311505873566,0.728,0.668,0.784,0.08843727184393226,0.0778210558787977,0.09844952546626423,-0.03420653371118887,-0.09129308273953328,0.038364115617452184,0.046686185389757155,0.026634538838267326,0.06931135642528534,-0.008,-0.056,0.036,0.0034702235499265736,-0.004841130924608352,0.012702877127761976,False
transport_anchor_only,False,0.0,0.0,5.0,250,0.12120564097312217,0.08542007372962356,0.1545114572351385,0.355964160042761,0.31890774573455427,0.3951660443454502,0.0409191746087509,0.038582391264239096,0.043500402659464574,0.5318898752555847,0.5248722937541308,0.538969132712239,0.19459826564788818,0.19002596332728863,0.19884752629995348,0.5300438823270699,0.5116508616176993,0.5486196147898902,0.41027717630036636,0.38077272666386,0.4386813685588175,0.4464854043044193,0.4217430196635393,0.46820534302753836,0.092,0.06,0.128,0.0,0.0,0.0,0.0,0.0,0.0,0.10667879747962919,0.07648784963669417,0.14034574761575733,0.2259562085706709,0.16755673650128175,0.2848921455656057,0.2012640859305337,0.14623211119106158,0.25304803950029986,0.128,0.088,0.172,0.006543954273537178,0.004386275835518143,0.008875355024255028,0.2259562085706709,0.1627276931886493,0.28504801800225993,0.12120564097312217,0.08542007372962356,0.1545114572351385,0.04,0.02,0.06409999999999991,0.10667879747962919,0.075988177765114,0.13613190189819277,False
mediation_aware_recourse,False,0.0,0.21929316641925986,5.0,250,0.12116346767690903,0.08541961535116885,0.15442816497511755,0.35611864547952754,0.31906995544315914,0.3951660443454502,0.0409077307311666,0.038571233483594404,0.04350011656252496,0.5318985818252563,0.5248986311273874,0.5389861105230986,0.19459826564788818,0.19002596332728863,0.19884752629995348,0.5300438823270699,0.5116508616176993,0.5486196147898902,0.4103486970799576,0.38080608540796673,0.4386816842527163,0.44654648036289607,0.42186364487903094,0.4682068699290003,0.092,0.06,0.128,0.0,0.0,0.0,0.0,0.0,0.0,0.10660727670003807,0.07648248557822483,0.1402044940760649,0.22582127487560166,0.16714715886853995,0.28489176298726904,0.2011291522354648,0.14622871970159143,0.2527807436226402,0.128,0.088,0.172,0.006543954273537178,0.004386275835518143,0.008875355024255028,0.22582127487560166,0.16258467379534589,0.2849137247402504,0.12116346767690903,0.08541961535116885,0.15442816497511755,0.04,0.02,0.06409999999999991,0.10660727670003807,0.07591844500501267,0.1360603811186016,True
mediation_aware_recourse,False,0.0,0.5,5.0,250,0.12106465437036877,0.08541613653697301,0.15434804156446422,0.3563404362350134,0.3190947941402553,0.39584560579473876,0.04079537622490437,0.03845967105269661,0.04340284586488797,0.5319287052686215,0.5249429165944041,0.5390064382577479,0.19459826564788818,0.19002596332728863,0.19884752629995348,0.5300438823270699,0.5116508616176993,0.5486196147898902,0.4098326371251325,0.38011371801211874,0.43840200841636107,0.4467329279250499,0.422050976797829,0.4682289859692063,0.092,0.06,0.128,0.0,0.0,0.0,0.0,0.0,0.0,0.10590757374414153,0.07616476472952174,0.13901690809519995,0.2267948922911247,0.1680273976504192,0.28553939687918517,0.1998090672779239,0.14540133104429995,0.2514792606594854,0.128,0.088,0.172,0.007151835728897949,0.0047298300821067875,0.009679395213743633,0.2267948922911247,0.1634595618335502,0.28576821923892676,0.12106465437036877,0.08541613653697301,0.15434804156446422,0.04,0.02,0.06409999999999991,0.10590757374414153,0.0751618517698906,0.13484113537987907,False
mediation_aware_recourse,False,0.0,1.0,5.0,250,0.1269600393320643,0.09308606477687711,0.1627208439845526,0.3545430028564507,0.31713775172558595,0.39391305792399256,0.04049900610177917,0.03819959103101258,0.04305470655674738,0.5307999620742798,0.5239721578319311,0.5379006681692542,0.19459826564788818,0.19002596332728863,0.19884752629995348,0.5300438823270699,0.5116508616176993,0.5486196147898902,0.40549311033253205,0.3749690741300368,0.434880480046254,0.44274494259740993,0.41614291068241277,0.46429920151639265,0.088,0.056,0.124,0.0,0.0,0.0,0.0,0.0,0.0,0.1098783973528758,0.08063731414842959,0.14312258111769408,0.23498200082551335,0.17596950514830326,0.2958774189585916,0.2073005670218716,0.1533535877254558,0.26000160518758253,0.132,0.092,0.176,0.0073361873208310615,0.0049052680914636665,0.009883670378520108,0.23498200082551335,0.17352473533574533,0.2936597187498785,0.1269600393320643,0.09308606477687711,0.1627208439845526,0.036,0.012,0.064,0.1098783973528758,0.0800603594574466,0.140014468285342,False
mediation_aware_recourse,False,0.0,2.0,5.0,250,0.12692250979105937,0.09071358605082554,0.1600106608418584,0.3567164717360205,0.31844310088170935,0.39575309912966955,0.04015155376655252,0.03777217178875247,0.042697353084960685,0.5309313923735618,0.5242252900962293,0.5384359180572272,0.19459826564788818,0.19002596332728863,0.19884752629995348,0.5300438823270699,0.5116508616176993,0.5486196147898902,0.4052836440083997,0.37557372351906965,0.43346342782631697,0.44272902422931054,0.41822747460606846,0.46478690610829604,0.088,0.056,0.124,0.0,0.0,0.0,0.0,0.0,0.0,0.1098373569066932,0.08140674036700464,0.14353289812459114,0.2353771875847921,0.17626973513176417,0.29645176930854794,0.2072231386285801,0.1530033703769498,0.26014477516245776,0.136,0.096,0.18,0.007461440705988509,0.004994559577426128,0.009940344870905171,0.2353771875847921,0.17167373036850087,0.2934809802878776,0.12692250979105937,0.09071358605082554,0.1600106608418584,0.036,0.012,0.064,0.1098373569066932,0.07924257739814494,0.1394573047869826,False
mediation_aware_recourse,False,0.0,5.0,5.0,250,0.14166429338558054,0.10525996707488337,0.17788149428539,0.3660171068090418,0.3278190673312361,0.40725664577176157,0.03794346518334255,0.03543453534899702,0.04045539267660154,0.5295793123540878,0.5222449457580507,0.5374683043028831,0.19459826564788818,0.19002596332728863,0.19884752629995348,0.5300438823270699,0.5116508616176993,0.5486196147898902,0.39737728939530903,0.36613307078252466,0.42708059713605595,0.43802782165555754,0.4117289946050531,0.4622360867767355,0.096,0.064,0.132,0.0,0.0,0.0,0.0,0.0,0.0,0.11375630091499472,0.08588848339031278,0.14796075947383802,0.25029360276607693,0.18853110034783013,0.3149816007909709,0.2146167604379592,0.158873106826527,0.26576376085844977,0.168,0.124,0.216,0.009455146008383085,0.006624337720722576,0.012712176254085177,0.25029360276607693,0.18416903108841964,0.312197860697258,0.14166429338558054,0.10525996707488337,0.17788149428539,0.044,0.016,0.076,0.11375630091499472,0.08287540582550887,0.1448242449366804,False
transport_anchor_only,False,1.0,0.0,5.0,250,0.4563890063670428,0.41265505907878114,0.49887210647441044,0.08215038484258452,0.0673703802146945,0.0972139243226797,0.042784845678900535,0.04062748275569041,0.04501942764037947,0.48792408639883994,0.4828139681813538,0.49350482172299626,0.19459826564788818,0.19002596332728863,0.19884752629995348,0.5300438823270699,0.5116508616176993,0.5486196147898902,0.11624005560461004,0.08806542157356456,0.14472348040766894,0.22336989322630613,0.2027978039326219,0.2445398919104082,0.184,0.14,0.232,0.0,0.0,0.0,0.0,0.0,0.0,0.33456335810681287,0.3001492354779242,0.37006109850447094,0.7806972979401681,0.7229558727183582,0.8359677213959875,0.6311993577549991,0.5821015963612832,0.6752745361698911,0.476,0.416,0.544,0.03962023430782349,0.032853922094370484,0.047167915504387536,0.46602281626147546,0.3946263034588827,0.5390672786322477,0.29318822006933626,0.24814631569110787,0.3421974221597891,0.088,0.04,0.1320999999999999,0.20316640301338507,0.170507158472987,0.23685217353858232,False
mediation_aware_recourse,False,1.0,0.21929316641925986,5.0,250,0.45940158199341613,0.4157740743651438,0.501056129548136,0.0817061239748975,0.06718131390929034,0.09688707747189,0.0425180275482587,0.04038753582009014,0.04481134592559229,0.4874165139448643,0.48240888132413035,0.4928640943736016,0.19459826564788818,0.19002596332728863,0.19884752629995348,0.5300438823270699,0.5116508616176993,0.5486196147898902,0.11352258012375448,0.08555346726478646,0.14249582894528798,0.2218527853376953,0.20125796874611304,0.24334277473949373,0.184,0.14,0.232,0.0,0.0,0.0,0.0,0.0,0.0,0.33589809473768023,0.30110291799020356,0.37161356424165376,0.7858241856780755,0.7304800123968109,0.841605783164524,0.6337175202607286,0.5859715985566514,0.6767324461530915,0.48,0.42,0.544,0.04031160373281763,0.03358248397952384,0.04772579582383264,0.47114970399938294,0.3977220704872388,0.5425128728287886,0.2962007956957095,0.25066026067925995,0.3445184948744558,0.088,0.04,0.1320999999999999,0.20450113964425237,0.17246891918643403,0.23783242576766037,True
mediation_aware_recourse,False,1.0,0.5,5.0,250,0.4585270582345279,0.41490055330826453,0.49990093358435567,0.08238004093888256,0.0674802340756361,0.09777593992667036,0.042451788722241805,0.04031494778180537,0.04477289436738785,0.4874625831489563,0.48244188546386957,0.4930077074620068,0.19459826564788818,0.19002596332728863,0.19884752629995348,0.5300438823270699,0.5116508616176993,0.5486196147898902,0.11334110227776768,0.08553757317141769,0.1423297071636329,0.22205793480490024,0.20151575687717097,0.24359834243846107,0.184,0.14,0.232,0.0,0.0,0.0,0.0,0.0,0.0,0.33546905211335376,0.30074488739276867,0.37136523122010756,0.7861665683600341,0.7308231532868605,0.8432125332831616,0.6329080728948938,0.5851047947919209,0.6765204257995817,0.484,0.424,0.548,0.040616863967974266,0.03375934343141641,0.04809316526386719,0.47149208668134146,0.3978173484537396,0.5432312023289264,0.29532627193682126,0.24980311047579307,0.3436637175011463,0.088,0.04,0.1320999999999999,0.20407209701992587,0.17202561449869144,0.23761282702177647,False
mediation_aware_recourse,False,1.0,1.0,5.0,250,0.46130681096585113,0.4178701549010306,0.5032757412553209,0.08184228843783739,0.06683108852223107,0.09719309372381346,0.04195121225780537,0.039760072580596065,0.04434940588092409,0.4870966464588642,0.4820946320828617,0.4925713315964222,0.19459826564788818,0.19002596332728863,0.19884752629995348,0.5300438823270699,0.5116508616176993,0.5486196147898902,0.10865244644370346,0.08018982504697708,0.13770356093426822,0.2215132531864033,0.20055532278193683,0.2432167023241327,0.18,0.136,0.228,0.0,0.0,0.0,0.0,0.0,0.0,0.33515856096069124,0.30218353569883555,0.37076550822391335,0.7950123563983365,0.738268468556716,0.8519798519964331,0.6323222890324345,0.5864022450123694,0.674995057986957,0.496,0.436,0.56,0.0431164374613376,0.03603861589349421,0.05086250125019758,0.48033787471964384,0.40812355123381316,0.5498312200344441,0.2981060246681445,0.25335527498843147,0.3444303552273486,0.084,0.036,0.1280999999999999,0.20376160586726347,0.1714938123913708,0.23716209071859953,False
mediation_aware_recourse,False,1.0,2.0,5.0,250,0.4601635089759679,0.41608375378183204,0.503282170973218,0.08425439410895325,0.06929017969324934,0.1016406501378577,0.04074288460155324,0.03860004216184241,0.04311504564397474,0.48721861219644547,0.48218885894168617,0.49271159451856017,0.19459826564788818,0.19002596332728863,0.19884752629995348,0.5300438823270699,0.5116508616176993,0.5486196147898902,0.10152147031788607,0.07333473378726978,0.13023539437933984,0.2221210438281449,0.20132856744914823,0.24366435789820037,0.184,0.14,0.232,0.0,0.0,0.0,0.0,0.0,0.0,0.3333401505084646,0.29868538708486886,0.37005183400069946,0.8084659144217025,0.749963185401641,0.8649910795207475,0.6288916099644237,0.5822665197851329,0.6711992876773939,0.536,0.4759,0.604,0.04759113075035964,0.040256759393129594,0.055502204195963,0.49379143274300985,0.4254525484404645,0.5632674155885864,0.29696272267826135,0.25182298098446626,0.3426251855748182,0.088,0.044,0.136,0.20194319541503677,0.17012222655779444,0.23462223864805462,False
mediation_aware_recourse,False,1.0,5.0,5.0,250,0.5088760145302826,0.4640238527376702,0.5518863412800786,0.07307406009412375,0.05865227514312022,0.08890123904725587,0.03809041538967541,0.035883476220224,0.04026901285715949,0.4815982837090492,0.4767737355383098,0.4866862411189556,0.19459826564788818,0.19002596332728863,0.19884752629995348,0.5300438823270699,0.5116508616176993,0.5486196147898902,0.06557773550540351,0.03937553314220409,0.09293745448977524,0.1977633122744844,0.17956223602227148,0.21629297047743706,0.192,0.148,0.244,0.0,0.0,0.0,0.0,0.0,0.0,0.3560938451633155,0.3254867525664119,0.39057899700217863,0.8762786673105342,0.8203803232337048,0.9248228533003818,0.6718195550148497,0.6302221282689622,0.7114036913042303,0.608,0.548,0.672,0.05418615082917546,0.04675056274551755,0.06231273525061724,0.5616041856318416,0.49028827607471137,0.6347670361446717,0.34567522823257607,0.30174208045037376,0.39248558973864567,0.096,0.048,0.144,0.22469689006988766,0.1935339102281079,0.25575837148888403,False
transport_anchor_only,False,3.0,0.0,5.0,250,0.5855497203776613,0.5465125109105371,0.6221848845921224,0.020223177130896098,0.016296732996427622,0.024384860706102275,0.03946698692537101,0.037344838183066074,0.04182196201650889,0.4822674106528759,0.47751114247238635,0.48734906681199075,0.19459826564788818,0.19002596332728863,0.19884752629995348,0.5300438823270699,0.5116508616176993,0.5486196147898902,0.01751187824297935,-0.004905284313124302,0.03952359619701118,0.17250224509203077,0.15765014536726638,0.18808183735764358,0.28,0.224,0.332,0.0,0.0,0.0,0.0,0.0,0.0,0.3875134892363306,0.3593361040519741,0.419694543067057,0.9669614557834413,0.9250079037853938,0.9974546830404312,0.7310969943375569,0.698602804710507,0.7614441789614997,0.656,0.6,0.716,0.06250925742388001,0.05433829811710444,0.07046176944443197,0.08126170288860746,0.04734301444130516,0.11554037112375665,0.055300632495840545,0.03569760539587587,0.0785358756024405,-0.06,-0.108,-0.012,0.033868200763741294,0.020806128089711176,0.05001688072311014,False
mediation_aware_recourse,False,3.0,0.21929316641925986,5.0,250,0.5884446099707856,0.5492391130748904,0.6255406364129623,0.019874148033671574,0.015809495292245408,0.024078825338418007,0.039285653342262326,0.03711211195688875,0.04159471865673141,0.4819035682766437,0.4772432333537757,0.4868148986203373,0.19459826564788818,0.19002596332728863,0.19884752629995348,0.5300438823270699,0.5116508616176993,0.5486196147898902,0.015345975968271357,-0.006723984239885726,0.03769213800251299,0.17107804482172856,0.1565147202912949,0.18549003618863394,0.284,0.232,0.34,0.0,0.0,0.0,0.0,0.0,0.0,0.38875924473827217,0.36001808881302033,0.4213428273351244,0.9710477255186921,0.9283420514620901,0.9980078153927341,0.733447281820307,0.7000954893884856,0.7647161367385397,0.66,0.604,0.72,0.06296933081026322,0.05486554482415233,0.07113155406444607,0.08534797262385829,0.04860452287778687,0.120316878888492,0.05819552208896493,0.03825051392912865,0.08212399190465366,-0.056,-0.104,-0.008,0.0351139562656829,0.021823866563919263,0.050227466673125956,True
mediation_aware_recourse,False,3.0,0.5,5.0,250,0.5884290967890993,0.5492088623706018,0.625525511060818,0.01991185421221831,0.015884215424556064,0.024078972635431344,0.039208079006378925,0.03705339467887917,0.04151640376910649,0.48189073307085034,0.47720569037683,0.4868148986203373,0.19459826564788818,0.19002596332728863,0.19884752629995348,0.5300438823270699,0.5116508616176993,0.5486196147898902,0.01484775301248271,-0.007005302135358509,0.03718136510864489,0.17068609032445312,0.1560787965924292,0.1854285036595509,0.284,0.232,0.34,0.0,0.0,0.0,0.0,0.0,0.0,0.3891616133529955,0.3607142325382502,0.42174939218609875,0.9719876910053257,0.9299142933288609,0.9984531402078975,0.7342064050328168,0.7012635552520347,0.7650627796733155,0.664,0.608,0.724,0.06301725798079592,0.05488355482301159,0.0711327522437094,0.08628793811049185,0.04859564887843809,0.12251109158857446,0.058180008907278535,0.038234612917900083,0.08209335337082302,-0.056,-0.104,-0.008,0.03551632488040612,0.022141311936241283,0.051316295497471354,False
mediation_aware_recourse,False,3.0,1.0,5.0,250,0.5946352424332872,0.555613915004558,0.6317033685534028,0.019956383855042885,0.016010501968083027,0.024142059051535117,0.03825109066814105,0.036095621417227094,0.040495681749767566,0.48078466984915735,0.47605111713351017,0.48563436645185953,0.19459826564788818,0.19002596332728863,0.19884752629995348,0.5300438823270699,0.5116508616176993,0.5486196147898902,0.007190328101460229,-0.014588831948085539,0.029618277316873262,0.167249058366292,0.15311017075328984,0.18225882233079982,0.284,0.228,0.34,0.0,0.0,0.0,0.0,0.0,0.0,0.3902365397692587,0.3623012712557749,0.4213107263780996,0.9864344663881559,0.9452072909203139,0.9992283685258113,0.7362344001707739,0.7043949029834979,0.7649795293230133,0.688,0.632,0.744,0.06630850722817554,0.05829429373547647,0.07505590875692267,0.10073471349332208,0.04460422301224026,0.13566322795133817,0.06438615455146646,0.0436115791350152,0.08897077030334767,-0.056,-0.104,-0.008,0.03659125129666936,0.023059461911350897,0.051206632920681165,False
mediation_aware_recourse,False,3.0,2.0,5.0,250,0.5982230513105169,0.5603260036097839,0.6359608364061918,0.020095180370754053,0.01620134444092562,0.02424048979710681,0.03742564272732698,0.0352271979709947,0.039660587484964586,0.48023774758768084,0.475708446649903,0.48532243659415236,0.19459826564788818,0.19002596332728863,0.19884752629995348,0.5300438823270699,0.5116508616176993,0.5486196147898902,0.0007583929526862723,-0.021222416260706423,0.022954201648878736,0.16476591832106924,0.15094291748057995,0.1796158303637266,0.284,0.228,0.344,0.0,0.0,0.0,0.0,0.0,0.0,0.39093959766855085,0.3625575540001197,0.4230122919199705,0.9985691883672788,0.9541635573671403,0.9995147352342202,0.737560814686126,0.7071966030087513,0.7663995490266103,0.712,0.656,0.768,0.06917294585291643,0.06103986871814369,0.07827375040951755,0.11286943547244499,0.03488102620496701,0.14403303030081402,0.06797396342869615,0.04678317609541119,0.09302089582331247,-0.056,-0.104,-0.008,0.03729430919596154,0.02353630579389725,0.05247287023447012,False
mediation_aware_recourse,False,3.0,5.0,5.0,250,0.6363158430168405,0.6039266013143119,0.6697322749592131,0.018096219169692094,0.0149978503328368,0.021256919947517296,0.033840929069486526,0.03195358604543973,0.035735585721572094,0.47659044845223425,0.47245430808749794,0.48117364967946413,0.19459826564788818,0.19002596332728863,0.19884752629995348,0.5300438823270699,0.5116508616176993,0.5486196147898902,-0.033954516359769406,-0.05288402022782764,-0.013961238148886364,0.14732373806637714,0.13495515143768386,0.16073261674098535,0.292,0.24,0.352,0.0,0.0,0.0,0.0,0.0,0.0,0.40326576350013227,0.37617913649373697,0.43300047004128195,0.9359401787438849,0.9015170570116622,0.9715717156475075,0.7608158059096177,0.7333871559964501,0.786225644765782,0.796,0.744,0.844,0.08036631759335353,0.07220306330355385,0.08883517467012257,0.050240425849051085,-0.024098610563107144,0.12856243972485124,0.10606675513501977,0.08064798465210625,0.13748981223970477,-0.048,-0.096,0.0,0.04962047502754301,0.03423270601258489,0.06728812629667043,False
transport_anchor_only,False,10.0,0.0,5.0,250,0.6442118783602491,0.611223678100179,0.6760817581955343,0.007330505994510151,0.006063069949680103,0.008856561122726187,0.03827415393671954,0.03608645477442182,0.04064982083136368,0.4834624540467262,0.4787110299799264,0.48854036098449233,0.19459826564788818,0.19002596332728863,0.19884752629995348,0.5300438823270699,0.5116508616176993,0.5486196147898902,-0.013847210102998605,-0.03327076815458971,0.005104668559457897,0.16452704591290052,0.15182977123199531,0.1769449338615369,0.424,0.368,0.488,0.0,0.0,0.0,0.0,0.0,0.0,0.4006636075273634,0.3734226455466495,0.42912998620697457,0.9738753515233405,0.9411211364501815,0.9985328846815,0.755906484135457,0.7269109573793081,0.7826684696870915,0.712,0.652,0.768,0.07161374245135259,0.06328717826456136,0.08004362474811214,0.029990640482869257,-0.03861334932399608,0.09162019491745022,0.03728390296548605,0.02411496271304786,0.05299497337974608,-0.048,-0.092,-0.004,0.02081160197752843,0.010992952164460895,0.032094163549125566,False
mediation_aware_recourse,False,10.0,0.21929316641925986,5.0,250,0.6419157412657515,0.6090640070764115,0.6729055574058788,0.007407667929413166,0.006135851368854899,0.008896264989705817,0.0380494869773731,0.035911984999041004,0.040418961457844745,0.48377087033820154,0.47876752112434506,0.4890835953913272,0.19459826564788818,0.19002596332728863,0.19884752629995348,0.5300438823270699,0.5116508616176993,0.5486196147898902,-0.015415182117679014,-0.03435187088769961,0.0035171548361397965,0.16373006606938303,0.15074388840570735,0.1762275728824137,0.424,0.364,0.488,0.0,0.0,0.0,0.0,0.0,0.0,0.40061567198640385,0.37340295398545476,0.4292818779211512,0.9709171586888218,0.9370477102952742,0.9978321884324453,0.7558160472064445,0.7269427252240447,0.7820600941578635,0.724,0.664,0.78,0.07242169622917255,0.06435688800053843,0.08082249447667558,0.027032447648350555,-0.041500928392165695,0.09381409407807571,0.03498776587098837,0.022236001901328562,0.050281865474395455,-0.048,-0.092,-0.004,0.020763666436568917,0.010868136622760847,0.032249781856975974,True
mediation_aware_recourse,False,10.0,0.5,5.0,250,0.6412689910540357,0.6079388599963393,0.6726183964772383,0.00752763366015329,0.006249655301897269,0.009011013000990336,0.03792018141142827,0.035777884764281676,0.040226130707312166,0.4836681507792473,0.47867820516762133,0.4889064936445772,0.19459826564788818,0.19002596332728863,0.19884752629995348,0.5300438823270699,0.5116508616176993,0.5486196147898902,-0.016414394433925165,-0.03506533140546932,0.00258202221605263,0.16314656625502463,0.15052754637513843,0.1757890291154033,0.424,0.364,0.488,0.0,0.0,0.0,0.0,0.0,0.0,0.40060675097384063,0.3733321149755198,0.4292355232092005,0.9690320085162374,0.9362915327611869,0.9975751374881184,0.7557992165007981,0.7267619225675165,0.7823275390856326,0.728,0.668,0.7840999999999999,0.07292576289357722,0.06481149821016767,0.08160023371106039,0.02514729747576616,-0.04415577829696012,0.09338175292426852,0.034341015659272674,0.02138441720753908,0.05019290026053786,-0.048,-0.092,-0.004,0.020754745424005735,0.010983994718656064,0.03223716847281765,False
mediation_aware_recourse,False,10.0,1.0,5.0,250,0.6403351810583845,0.6079803695689654,0.6713563737502322,0.007644457565115962,0.006368530385237111,0.00918366046598801,0.03767890442430131,0.03553810819720503,0.04001593219196812,0.4836615352795124,0.4786431672159314,0.48900283673029543,0.19459826564788818,0.19002596332728863,0.19884752629995348,0.5300438823270699,0.5116508616176993,0.5486196147898902,-0.017949737834175403,-0.03741428818810824,0.0012411891986497442,0.16328724121778088,0.15094759981242856,0.17585662062412485,0.428,0.3719,0.492,0.0,0.0,0.0,0.0,0.0,0.0,0.39939784866766936,0.3716382379913033,0.42815380828535954,0.9661353740083367,0.9317438100596219,0.9973389871857099,0.7535184575929433,0.7248462700071288,0.7803143311129794,0.732,0.672,0.792,0.07429788574678801,0.06564000817496474,0.08317071920995422,0.022250662967865487,-0.048085750935971686,0.09218522222557132,0.033407205663621424,0.020311019079387187,0.049271097216755155,-0.044,-0.088,0.0,0.019545843117834402,0.009399397461930652,0.030980632194192993,False
mediation_aware_recourse,False,10.0,2.0,5.0,250,0.6427966123232618,0.6107069583835546,0.6743442059983499,0.0077177347102701434,0.006445843951226255,0.009242543533148002,0.03728294640029175,0.035159197736068674,0.03969750189822728,0.4831187555131912,0.478441092807728,0.48838484443935753,0.19459826564788818,0.19002596332728863,0.19884752629995348,0.5300438823270699,0.5116508616176993,0.5486196147898902,-0.021067971847532813,-0.04006736454434515,-0.0018791853075912082,0.1620093097813844,0.1491789467216105,0.17482377702423657,0.424,0.364,0.488,0.0,0.0,0.0,0.0,0.0,0.0,0.4002859895038547,0.3729102495453641,0.4290799604334897,0.9602524006973963,0.9257344006743897,0.9951531820569458,0.7551940562854256,0.7286341520414058,0.7805421686301449,0.74,0.6839000000000001,0.796,0.07541293233537402,0.06659951740137486,0.08403416762568038,0.016367689656925033,-0.052571890851136574,0.08779342435000256,0.035868636928498746,0.021229811046645047,0.052032271161675456,-0.048,-0.092,0.0,0.02043398395401979,0.01013824421308903,0.03192964847172919,False
mediation_aware_recourse,False,10.0,5.0,5.0,250,0.6719360395977274,0.6422330686574337,0.702243901700899,0.00779141569160466,0.006518257309501924,0.009209202540784988,0.03416224644522837,0.032351101970943034,0.036245985878175076,0.47957287873744964,0.47501107503508927,0.4847046320497096,0.19459826564788818,0.19002596332728863,0.19884752629995348,0.5300438823270699,0.5116508616176993,0.5486196147898902,-0.0483158004353836,-0.06649144872606387,-0.03028654774915596,0.1498788268982273,0.13861010801013912,0.16207952917036406,0.412,0.352,0.476,0.0,0.0,0.0,0.0,0.0,0.0,0.4056394723138766,0.3792704655331706,0.43318859756163075,0.9088456596777212,0.8786553986230013,0.940405066630916,0.7652941309934256,0.7412261901466669,0.7895280699357965,0.808,0.756,0.856,0.0863601052242885,0.07779994714359971,0.09485005728797921,-0.035039051362749984,-0.09770821984282649,0.03408191942431566,0.0650080642029643,0.04609382291529328,0.08766147735454141,-0.06,-0.108,-0.012,0.025787466764041603,0.013748571437928216,0.039266884523482475,False
transport_anchor_only,False,30.0,0.0,5.0,250,0.7314010325083509,0.6878060260668862,0.7728544801184907,0.002102445223937262,0.0016201887560787886,0.0026275679203123523,0.038151732261362654,0.03569890888593903,0.040544011401691414,0.4843900564775467,0.4793967814503611,0.4896238620270729,0.19459826564788818,0.19002596332728863,0.19884752629995348,0.5300438823270699,0.5116508616176993,0.5486196147898902,-0.02298377522973594,-0.043669117307240074,-0.0026513139707345255,0.17811809212281837,0.16653065695810557,0.19054309390137456,0.616,0.552,0.68,0.0,0.0,0.0,0.0,0.0,0.0,0.3938787666071074,0.3676120289213465,0.4209197143082501,0.9566379765976555,0.921414185664999,0.9933167320049661,0.7431059573366791,0.7174326701851873,0.7690349459833026,0.688,0.628,0.744,0.07957444547484924,0.06984822617122315,0.0889024242647876,-0.012032082881865303,-0.06983232054821678,0.06003295721770883,0.05063145735859871,0.030529526203870772,0.07232251053899527,-0.028,-0.072,0.02,0.009442444282047182,0.0020078680208974694,0.018189409595798255,False
mediation_aware_recourse,False,30.0,0.21929316641925986,5.0,250,0.7314010325083509,0.6878060260668862,0.7728544801184907,0.002102445223937262,0.0016201887560787886,0.0026275679203123523,0.038151732261362654,0.03569890888593903,0.040544011401691414,0.4843900564775467,0.4793967814503611,0.4896238620270729,0.19459826564788818,0.19002596332728863,0.19884752629995348,0.5300438823270699,0.5116508616176993,0.5486196147898902,-0.02298377522973594,-0.043669117307240074,-0.0026513139707345255,0.17811809212281837,0.16653065695810557,0.19054309390137456,0.616,0.552,0.68,0.0,0.0,0.0,0.0,0.0,0.0,0.3938787666071074,0.3676120289213465,0.4209197143082501,0.9566379765976555,0.921414185664999,0.9933167320049661,0.7431059573366791,0.7174326701851873,0.7690349459833026,0.688,0.628,0.744,0.07957444547484924,0.06984822617122315,0.0889024242647876,-0.012032082881865303,-0.06983232054821678,0.06003295721770883,0.05063145735859871,0.030529526203870772,0.07232251053899527,-0.028,-0.072,0.02,0.009442444282047182,0.0020078680208974694,0.018189409595798255,True
mediation_aware_recourse,False,30.0,0.5,5.0,250,0.7320620413431898,0.6881822017993312,0.7735629816139349,0.002102445223937262,0.0016201887560787886,0.0026275679203123523,0.03799545467872589,0.03565558104273331,0.04034712865102163,0.4842698220255375,0.47930082499738336,0.4894875961442411,0.19459826564788818,0.19002596332728863,0.19884752629995348,0.5300438823270699,0.5116508616176993,0.5486196147898902,-0.02395489653713502,-0.04466760776058624,-0.0037750143426296427,0.1783995768346392,0.16658288228680365,0.1908429117386911,0.616,0.552,0.68,0.0,0.0,0.0,0.0,0.0,0.0,0.39305710987980935,0.3667897896296238,0.420011617200897,0.9548058239405292,0.9196225281596461,0.9914404528962547,0.7415557899737604,0.7162864254035678,0.7679690208355757,0.692,0.6359,0.748,0.08047083449219784,0.07046934095773384,0.08979941117720351,-0.013864235538991632,-0.07141866585471755,0.05827737216488887,0.05129246619343757,0.030529526203870772,0.07431993815228344,-0.028,-0.072,0.02,0.008620787554749074,0.00127786346403692,0.017367213947293618,False
mediation_aware_recourse,False,30.0,1.0,5.0,250,0.7321015606531873,0.6881822017993312,0.7735659455621847,0.002100015365189134,0.0016198357072500415,0.0026223271382196135,0.03786143088874021,0.03556329130854435,0.04021310009468519,0.4842948347365856,0.4793236836997508,0.489526279706025,0.19459826564788818,0.19002596332728863,0.19884752629995348,0.5300438823270699,0.5116508616176993,0.5486196147898902,-0.024801327019670912,-0.046077755968170125,-0.005096097658314125,0.17874165824345667,0.16701733555199616,0.19119236345893206,0.624,0.564,0.688,0.0,0.0,0.0,0.0,0.0,0.0,0.3922749886439282,0.3654794396159243,0.4192858236273338,0.9532089175130467,0.9166373489358992,0.9896832849724407,0.7400802117019248,0.7146126924655695,0.7665835336960992,0.696,0.6399,0.752,0.08128511035140638,0.07122714601585423,0.09078281423468261,-0.015461141966474079,-0.07337793511575845,0.05553353375865405,0.05133198550343514,0.030607576841115952,0.07440395475402474,-0.02,-0.064,0.024,0.007838666318867878,0.0003390300952942045,0.016704651672565955,False
mediation_aware_recourse,False,30.0,2.0,5.0,250,0.7360302847037092,0.6941447691168635,0.7778171172829111,0.002132441206194045,0.0016350257598964173,0.002665904234974087,0.03719593773163116,0.034862977827820524,0.039572379525858514,0.4835067112138271,0.47856127822769284,0.48881932655135396,0.19459826564788818,0.19002596332728863,0.19884752629995348,0.5300438823270699,0.5116508616176993,0.5486196147898902,-0.029943469760920313,-0.051260069434381536,-0.01039898942086191,0.1774529997131906,0.1658837080195506,0.19010834373508934,0.624,0.564,0.6840999999999999,0.0,0.0,0.0,0.0,0.0,0.0,0.39186743463308205,0.3659704441030458,0.4195220513628828,0.9435075646388777,0.9082017008221509,0.9803943438038765,0.7393113055331436,0.7150269013515603,0.7650769935987998,0.708,0.652,0.764,0.0840599587274541,0.07412087419963226,0.09386558896758118,-0.025162494840643035,-0.08350695532185846,0.047991565299139644,0.05526070955395698,0.03420633225813508,0.07936080940291285,-0.02,-0.068,0.028,0.007431112308021821,-0.00038848137564359054,0.017231025339674345,False
mediation_aware_recourse,False,30.0,5.0,5.0,250,0.7792469907114282,0.7362461158846971,0.8222982150510185,0.0018276580333481112,0.0013668541831196284,0.002321023913186301,0.03329689398152702,0.03130480940126053,0.035603289148945304,0.4795190437040329,0.4744987773942828,0.4847819171965242,0.19459826564788818,0.19002596332728863,0.19884752629995348,0.5300438823270699,0.5116508616176993,0.5486196147898902,-0.062043334506933646,-0.0806888105889053,-0.043387013162351724,0.1692412703968493,0.15909406327840278,0.18060229446032008,0.652,0.592,0.712,0.0,0.0,0.0,0.0,0.0,0.0,0.39138863542556135,0.36585312405900733,0.4177655874644342,0.8829467963396866,0.8523225469596711,0.9199904858288541,0.7384079855940121,0.7163260640992268,0.7615313101663305,0.788,0.732,0.836,0.10034929070422113,0.09004497894004022,0.11080070550826317,-0.08572326313983414,-0.13958586636716241,-0.02001317239642709,0.09847741556167602,0.0714932185664773,0.12703307353332638,0.008,-0.048,0.064,0.00695231310050111,-0.0026524467488064757,0.018467639245479964,False
transport_anchor_only,False,0.0,0.0,10.0,250,0.46533201231927024,0.41787186070346904,0.5107240712571443,0.13300120205900112,0.11011654967867429,0.1577226956102926,0.038847539173387506,0.036668824830521224,0.04100415651484503,0.4830564114277363,0.4783788117736161,0.48833898598667386,0.19459826564788818,0.19002596332728863,0.19884752629995348,0.5300438823270699,0.5116508616176993,0.5486196147898902,0.13549409092074108,0.1082164782709536,0.16471594981801332,0.2256193454994032,0.20483090531257825,0.24955110463074126,0.152,0.112,0.1960999999999999,0.0,0.0,0.0,0.0,0.0,0.0,0.32842530550438925,0.29612918341101696,0.3646079040302092,0.7443719370443882,0.6807659146190209,0.8018213271055618,0.619619085239683,0.5745526419789433,0.6670898292244277,0.448,0.388,0.512,0.0330622429509698,0.026925257028971104,0.039090720546840256,0.7443719370443882,0.6816567411218933,0.8031999273291262,0.46533201231927024,0.41787186070346904,0.5107240712571443,0.1,0.06,0.152,0.32842530550438925,0.2950295125615143,0.3622256992473652,False
mediation_aware_recourse,False,0.0,0.21929316641925986,10.0,250,0.46829859414816244,0.4222882159496375,0.5129593089968723,0.13285250471829307,0.10996536175239072,0.15755039956322603,0.03861455506562729,0.03640386142106803,0.04072171086776832,0.4827620885431766,0.4779750072533309,0.48796577755178805,0.19459826564788818,0.19002596332728863,0.19884752629995348,0.5300438823270699,0.5116508616176993,0.5486196147898902,0.1330508552240833,0.10591845138390914,0.1624102132137497,0.2244281484608535,0.20323619378574995,0.2491446742459417,0.156,0.116,0.2,0.0,0.0,0.0,0.0,0.0,0.0,0.3294682595184698,0.2975615594199068,0.36527378067583743,0.7489814340655239,0.6873519389686437,0.8069736933517754,0.6215867600848328,0.5765277901899031,0.6686806737815721,0.456,0.396,0.52,0.033762383792258426,0.027588018545774397,0.03987420823499077,0.7489814340655239,0.686454891036061,0.8096846250850325,0.46829859414816244,0.4222882159496375,0.5129593089968723,0.104,0.06,0.152,0.3294682595184698,0.29631708281010305,0.3624196303537119,True
mediation_aware_recourse,False,0.0,0.5,10.0,250,0.4681510266375576,0.422960035280995,0.5125620434006327,0.13485166445528854,0.11174600525277373,0.1596346103482094,0.038096565887572396,0.03602301450183783,0.040172071849976274,0.4827941804068089,0.47815452260152097,0.4880766399781049,0.19459826564788818,0.19002596332728863,0.19884752629995348,0.5300438823270699,0.5116508616176993,0.5486196147898902,0.13074911356403507,0.10284231863788536,0.1613758468850825,0.22480961231939628,0.20343408969581597,0.248836488483282,0.16,0.12,0.204,0.0,0.0,0.0,0.0,0.0,0.0,0.32870649772891863,0.2953244954036362,0.36459435182697525,0.7533239833086975,0.6922033474659888,0.809882508899181,0.6201495926823777,0.5746965238054168,0.6670119230856312,0.472,0.408,0.536,0.03529413551705812,0.028976791382664527,0.041728187523397346,0.7533239833086975,0.6906594416755879,0.811778876925004,0.4681510266375576,0.422960035280995,0.5125620434006327,0.108,0.064,0.1560999999999999,0.32870649772891863,0.29548594603685313,0.3607530114603003,False
mediation_aware_recourse,False,0.0,1.0,10.0,250,0.4622294771124457,0.4164877066652411,0.5074754406930433,0.14023710135244877,0.11598951759328642,0.16725065462918048,0.03785498767035608,0.0357244543121312,0.04002546262477791,0.4834080998959541,0.4787787160864353,0.4887117319585859,0.19459826564788818,0.19002596332728863,0.19884752629995348,0.5300438823270699,0.5116508616176993,0.5486196147898902,0.13520479646465594,0.10724198766683235,0.16595942347904175,0.22874685771564113,0.20743961130915178,0.2524254856082346,0.16,0.12,0.204,0.0,0.0,0.0,0.0,0.0,0.0,0.3241227835550673,0.2910049354305632,0.36002949137102197,0.7449177304508041,0.6809924527291497,0.8026824108202194,0.6115017913838754,0.5620243163358166,0.6574879678254705,0.464,0.4,0.528,0.03535815115367335,0.02923601405298028,0.04138906394870634,0.7449177304508041,0.6804113514805594,0.8039996941566875,0.4622294771124457,0.4164877066652411,0.5074754406930433,0.108,0.064,0.1560999999999999,0.3241227835550673,0.2905826015328112,0.3571206949702942,False
mediation_aware_recourse,False,0.0,2.0,10.0,250,0.4709623601854423,0.42407525597869533,0.5154118048032175,0.14066204232075455,0.11605605665446217,0.16779545091768142,0.03680926705596487,0.034697200177976596,0.03901115492168201,0.4826838834776878,0.47789202649678586,0.48813296370287534,0.19459826564788818,0.19002596332728863,0.19884752629995348,0.5300438823270699,0.5116508616176993,0.5486196147898902,0.1267312305221357,0.09863374896464239,0.15945683381454093,0.22606125612357614,0.20452134988857856,0.25150735431656007,0.16,0.116,0.208,0.0,0.0,0.0,0.0,0.0,0.0,0.325546482524392,0.2929937328665447,0.36147343270721205,0.760904267084938,0.6964854637229453,0.8190388009324195,0.6141877934618054,0.5655046442312871,0.6599214918497909,0.492,0.432,0.556,0.03888308464027117,0.032294617134104524,0.04524727009853831,0.760904267084938,0.7007541333683474,0.8211145664960673,0.4709623601854423,0.42407525597869533,0.5154118048032175,0.108,0.06,0.16,0.325546482524392,0.29187323113075875,0.3573769533111273,False
mediation_aware_recourse,False,0.0,5.0,10.0,250,0.4910599623985931,0.4464050541959525,0.5358372454437522,0.14270711525114987,0.11613743102771165,0.17068531317664226,0.03463300919966242,0.03258868153299122,0.036745020179360884,0.4814111026279926,0.4767545664748848,0.4869309956684828,0.19459826564788818,0.19002596332728863,0.19884752629995348,0.5300438823270699,0.5116508616176993,0.5486196147898902,0.11086218362692657,0.08087392322009883,0.14112067432806416,0.21863476876253857,0.19590118876792972,0.24405531181906234,0.168,0.124,0.216,0.0,0.0,0.0,0.0,0.0,0.0,0.3312216649872142,0.29700050814256745,0.36591529341598567,0.7908433861358715,0.7241184015749321,0.8521345377638977,0.6248947983948806,0.5741689148066361,0.6712152962908213,0.54,0.48,0.604,0.04398001685646457,0.03746800732944595,0.05060972768510104,0.7908433861358715,0.7292443353228875,0.8496560271200135,0.4910599623985931,0.4464050541959525,0.5358372454437522,0.116,0.068,0.168,0.3312216649872142,0.2983138008850808,0.36172823728128245,False
transport_anchor_only,False,1.0,0.0,10.0,250,0.5944059389527852,0.5558626961110038,0.6352582635065989,0.05011689503278126,0.040794086172691445,0.061247721645983966,0.03826369926985188,0.03623319731336188,0.04030535502503201,0.4730000786554813,0.46898205563456413,0.4772793751791179,0.19459826564788818,0.19002596332728863,0.19884752629995348,0.5300438823270699,0.5116508616176993,0.5486196147898902,0.03732246049660195,0.01613862901069698,0.05861100895654949,0.15902966716531636,0.1443555830678478,0.17626250320273598,0.192,0.144,0.244,0.0,0.0,0.0,0.0,0.0,0.0,0.3964011747434089,0.36752753814641587,0.4276861783519694,0.9295860932631769,0.8842531495149015,0.9708105628111656,0.7478648239520755,0.7136982206981962,0.7796983616604077,0.576,0.516,0.632,0.048160123543529575,0.040670449383795375,0.0556844059299616,0.6149116115844843,0.5448983957592135,0.6922590550164314,0.4312051526550786,0.3867990619441407,0.4796016035163717,0.096,0.044,0.1520999999999999,0.265004219649981,0.2355813163886998,0.29727742336439916,False
mediation_aware_recourse,False,1.0,0.21929316641925986,10.0,250,0.5965439908202702,0.5589000375267243,0.6370983512443699,0.05033592665898699,0.04082425420609459,0.0613031611900008,0.038088712698552185,0.03603800571242107,0.04005039063495862,0.47276551660466193,0.4687066601081967,0.47704865508406763,0.19459826564788818,0.19002596332728863,0.19884752629995348,0.5300438823270699,0.5116508616176993,0.5486196147898902,0.035701242199351786,0.014700571665788606,0.05669803366751685,0.15777487656459288,0.14333418786695332,0.17470837947106116,0.196,0.148,0.248,0.0,0.0,0.0,0.0,0.0,0.0,0.3974867030641558,0.36922339235913076,0.4282328725730539,0.9326447424643194,0.886481198307684,0.9735168796534049,0.749912821027301,0.7163390333937648,0.7806374151948253,0.58,0.52,0.636,0.04842796853178119,0.04111268513670678,0.055850270154602324,0.6179702607856268,0.5469804005372271,0.6938479338002972,0.4333432045225636,0.389724537127254,0.48076006532727333,0.1,0.044,0.156,0.26608974797072793,0.23617845028824838,0.29785411630543923,True
mediation_aware_recourse,False,1.0,0.5,10.0,250,0.5994379760917241,0.5611810283566212,0.6390962135059083,0.04978529014074005,0.04030879745300482,0.060657081095909095,0.03770321172142442,0.035658115971317114,0.039703588163561315,0.47254448822784423,0.4684601522247076,0.47694282237239477,0.19459826564788818,0.19002596332728863,0.19884752629995348,0.5300438823270699,0.5116508616176993,0.5486196147898902,0.03164256729320924,0.010843821155001194,0.05308083867398772,0.155963868527838,0.14116755464886163,0.17276204922421726,0.196,0.148,0.248,0.0,0.0,0.0,0.0,0.0,0.0,0.3986691141671361,0.36981396747246825,0.4289036844967036,0.9403019856501545,0.8958471919194495,0.9809796219068225,0.7521436006710337,0.7192124702302388,0.7828500251674263,0.596,0.536,0.652,0.04986610043336232,0.04263863681987692,0.057316396654074016,0.6256275039714619,0.5545071587717668,0.7000569677313007,0.4362371897940175,0.39113946313136405,0.48222728876360343,0.1,0.044,0.156,0.2672721590737082,0.23761626546266876,0.2992054269715389,False
mediation_aware_recourse,False,1.0,1.0,10.0,250,0.6015042139586025,0.564086177081825,0.6414081812328257,0.048648767653911566,0.03982114411020413,0.05896914879898231,0.03749648783077177,0.035443349464826066,0.03953183658955396,0.47246655591797826,0.4684284292558253,0.4769387222710192,0.19459826564788818,0.19002596332728863,0.19884752629995348,0.5300438823270699,0.5116508616176993,0.5486196147898902,0.028583491747308856,0.00820079312990114,0.050921853040086854,0.1546923978203799,0.1404217855724906,0.17113139419528564,0.196,0.148,0.248,0.0,0.0,0.0,0.0,0.0,0.0,0.39954107114577275,0.3711708625303883,0.42966514230002884,0.9460733484521738,0.9018716397827212,0.9872599992948702,0.7537886663112756,0.7203672141257677,0.7837753646203919,0.604,0.544,0.66,0.050959659716994184,0.04371005401635157,0.05832931086380509,0.6313988667734812,0.5589994601238525,0.7054874013517852,0.438303427660896,0.39304736959114817,0.48550967648100773,0.1,0.044,0.156,0.2681441160523449,0.23837018618339142,0.30029216562285527,False
mediation_aware_recourse,False,1.0,2.0,10.0,250,0.615728138833862,0.5773548610496165,0.6546160196818332,0.04734531078935804,0.038362091398870465,0.05774329332518354,0.03619432768128354,0.03414339476202476,0.03813883176601523,0.4713795281019211,0.46744677365381715,0.4757791409974993,0.19459826564788818,0.19002596332728863,0.19884752629995348,0.5300438823270699,0.5116508616176993,0.5486196147898902,0.015769950561573248,-0.004341448923589176,0.03708589096962777,0.14888014342186925,0.13504853767775257,0.16477772415440156,0.2,0.152,0.252,0.0,0.0,0.0,0.0,0.0,0.0,0.40365467941778393,0.3764809419977376,0.43435317265716683,0.9702478396838807,0.9259047743715254,0.9983259871059483,0.761549548776235,0.7290137914801549,0.790910370320518,0.636,0.58,0.6920999999999998,0.05530962617385639,0.047929441380040634,0.06263825787516916,0.6555733580051881,0.5823744657858922,0.7293559453630062,0.4525273525361554,0.4064592135329425,0.501466514773648,0.104,0.048,0.164,0.27225772432435613,0.2432839778436773,0.3055595126132984,False
mediation_aware_recourse,False,1.0,5.0,10.0,250,0.6396085410900414,0.6061306168146664,0.6749703027217882,0.04057490359312388,0.0322968399257755,0.04983166874261633,0.03432122036379838,0.03234847750651531,0.036219630834031555,0.4703326026406288,0.46636376832125187,0.4745390608415961,0.19459826564788818,0.19002596332728863,0.19884752629995348,0.5300438823270699,0.5116508616176993,0.5486196147898902,-0.008287255435857207,-0.027489133989175938,0.012316755995547645,0.13921226349745727,0.12560160631566253,0.1535208726971932,0.216,0.168,0.268,0.0,0.0,0.0,0.0,0.0,0.0,0.4111495701836079,0.38304978393625044,0.44029541361792063,0.9843649635206176,0.9499877644768608,0.9992713521993842,0.7756896813496341,0.7476993196379418,0.8016413620325441,0.704,0.648,0.76,0.06359078378965964,0.055975386169119616,0.07161903807521207,0.669690481841925,0.5889620392497553,0.740658364623637,0.4764077547923348,0.4314366632202759,0.5249349615326597,0.12,0.064,0.18,0.27975261509018007,0.2504723765692166,0.31200669354197874,False
transport_anchor_only,False,3.0,0.0,10.0,250,0.6594556989008561,0.6280467273770133,0.691707819102332,0.02168990807590148,0.017624503031855206,0.02571650915394664,0.03555328421259466,0.03365974035479803,0.03756839415302492,0.47127226739954947,0.4672203189182043,0.4756628700573026,0.19459826564788818,0.19002596332728863,0.19884752629995348,0.5300438823270699,0.5116508616176993,0.5486196147898902,-0.01999545670513769,-0.03665921915693866,-0.0035520788201212875,0.13682648296970018,0.12503185209614123,0.14997862787845737,0.26,0.212,0.316,0.0,0.0,0.0,0.0,0.0,0.0,0.4184840170946411,0.3925282426421083,0.4462623394605192,0.9622758466386765,0.9313303079379035,0.9947530550744986,0.7895271147312487,0.7646700058540585,0.8125982807697922,0.724,0.668,0.7760999999999999,0.06577766096878329,0.058091615510625076,0.07392044152683824,0.07657609374384267,0.00914344015138336,0.15319063020064033,0.12920661101903533,0.09987518320303643,0.1633156785693354,-0.08,-0.136,-0.028,0.06483872862205177,0.04929189683503485,0.0828233989735724,False
mediation_aware_recourse,False,3.0,0.21929316641925986,10.0,250,0.6593873786265031,0.6280302175968653,0.6916711834430694,0.021804029117032078,0.017727479851478965,0.025751636361791813,0.035386141759215714,0.0334922473297432,0.037364592329449844,0.4712475532665253,0.4672104410287976,0.4756434713864982,0.19459826564788818,0.19002596332728863,0.19884752629995348,0.5300438823270699,0.5116508616176993,0.5486196147898902,-0.020888396687013838,-0.03777335185762775,-0.004418890020092166,0.13636906537081583,0.12453366417714634,0.14925263409109937,0.26,0.212,0.316,0.0,0.0,0.0,0.0,0.0,0.0,0.41835696913441744,0.3931077843879874,0.44563611664407204,0.9605911937039877,0.9286301014102188,0.9932497202479756,0.7892874214445988,0.7644248406853866,0.8121358778186692,0.724,0.668,0.7760999999999999,0.06628765493983317,0.05832543781580279,0.07435052230939454,0.07489144080915389,0.007696692730002959,0.15136155774114252,0.1291382907446823,0.09980645257454598,0.16324862429763742,-0.08,-0.136,-0.028,0.06471168066182814,0.049025605946267745,0.08257511208543601,True
mediation_aware_recourse,False,3.0,0.5,10.0,250,0.6616969601446763,0.6310301207609476,0.6922091223899508,0.022317906095357658,0.018244192717456195,0.026338593729710008,0.03510866923255852,0.03313744425229476,0.03704694033903652,0.47087153862142567,0.4668008779283464,0.4751479518169403,0.19459826564788818,0.19002596332728863,0.19884752629995348,0.5300438823270699,0.5116508616176993,0.5486196147898902,-0.022808786082946775,-0.038554368857604916,-0.005823576820397166,0.13489570032934733,0.1234936967274888,0.14764681052433576,0.256,0.2079,0.312,0.0,0.0,0.0,0.0,0.0,0.0,0.4193789887263357,0.39381114062565126,0.4465624606399721,0.9569681174645228,0.926678147170021,0.9881118124461147,0.7912156006501229,0.7656945980977421,0.8138934814968887,0.732,0.68,0.784,0.0667368398418405,0.05878556510573834,0.07477223802213102,0.07126836456968899,0.002145660774150035,0.14855505135622996,0.13144787226285554,0.10082380962449679,0.164908565228364,-0.084,-0.14,-0.032,0.06573370025374642,0.0501428012368225,0.08330158945422676,False
mediation_aware_recourse,False,3.0,1.0,10.0,250,0.6622560965353623,0.6313788535766071,0.693237507870607,0.02192951724117534,0.01801080513508747,0.025863927962030762,0.035014484423716394,0.033074968956017636,0.03695724345729429,0.47093977422666544,0.46689009517220853,0.47518562138347026,0.19459826564788818,0.19002596332728863,0.19884752629995348,0.5300438823270699,0.5116508616176993,0.5486196147898902,-0.024027657293485553,-0.04030375966090749,-0.006897633156069086,0.1350868141572986,0.1237459109725575,0.14783611918332396,0.256,0.2079,0.312,0.0,0.0,0.0,0.0,0.0,0.0,0.41913934764287475,0.3935521597185839,0.4464563564708949,0.9546685508603625,0.9235422208698616,0.9865080101916799,0.7907634850962014,0.7654144088161265,0.8136030070801474,0.74,0.6879,0.7920999999999999,0.06746609598884039,0.05961105489517638,0.07552626725876081,0.06896879796552868,0.0005466263181679342,0.14589626242780995,0.13200700865354156,0.10128211895287095,0.16602330525894796,-0.084,-0.14,-0.032,0.06549405917028545,0.05001909147076058,0.0830524281866554,False
mediation_aware_recourse,False,3.0,2.0,10.0,250,0.6722945893341675,0.6430212907291483,0.7025266205331311,0.02074471129991679,0.017215158112839427,0.024543718798642124,0.03417618530843968,0.03221163427742484,0.03609096432216041,0.47039903828668594,0.4664011666987836,0.4746478994032979,0.19459826564788818,0.19002596332728863,0.19884752629995348,0.5300438823270699,0.5116508616176993,0.5486196147898902,-0.032670465742679004,-0.0480651419213856,-0.016209917579871273,0.1316046845673185,0.1201235340523644,0.1433108355455928,0.252,0.2039,0.308,0.0,0.0,0.0,0.0,0.0,0.0,0.4212041311290398,0.3959881690615455,0.4481743746732615,0.9383627151788929,0.9078801313515057,0.9694915601777448,0.794658980459906,0.7708545846016167,0.8170780283156049,0.76,0.7119,0.8120999999999999,0.07075510847035457,0.06266383648192334,0.0786776701010864,0.05266296228405909,-0.012438069586213334,0.12558887232784452,0.1420455014523468,0.10984242824111279,0.17743762957316064,-0.088,-0.144,-0.032,0.06755884265645054,0.05167100569649504,0.08601066343835756,False
mediation_aware_recourse,False,3.0,5.0,10.0,250,0.6896517497235909,0.6626540868049953,0.7169175560762873,0.019001883535998375,0.015851426701620666,0.022688775249456145,0.031967870948627415,0.030153984487406405,0.03362804331673597,0.46990660138344764,0.46586266359044315,0.4742451792200923,0.19459826564788818,0.19002596332728863,0.19884752629995348,0.5300438823270699,0.5116508616176993,0.5486196147898902,-0.05368530888407872,-0.06863459510713366,-0.03840544168137365,0.12636502079817358,0.11595156904960237,0.13741557145224487,0.252,0.2039,0.308,0.0,0.0,0.0,0.0,0.0,0.0,0.42258140493597646,0.39801956944055966,0.4491297580939267,0.898715350418946,0.8727092431053525,0.9262744847354919,0.7972573951437808,0.774338051301627,0.8182415541906779,0.82,0.772,0.868,0.08057389313758612,0.07228504014098677,0.08880543406636977,0.013015597524112188,-0.05052199104417553,0.07988997857451158,0.15940266184177015,0.12747769846367735,0.1961657172814681,-0.088,-0.144,-0.032,0.06893611646338718,0.053055773615414206,0.08655901534255449,False
transport_anchor_only,False,10.0,0.0,10.0,250,0.7026715552220121,0.672527709377394,0.7337091629735659,0.00855622610188009,0.007080773062548851,0.01010848284342787,0.03519022126307513,0.03326429609642444,0.03716207407486562,0.4737648081974983,0.4696335056094468,0.47834167949702744,0.19459826564788818,0.19002596332728863,0.19884752629995348,0.5300438823270699,0.5116508616176993,0.5486196147898902,-0.040938868684678935,-0.05770261667897367,-0.024051626252397346,0.1428648928954126,0.13227221020957372,0.15420184482029145,0.388,0.328,0.452,0.0,0.0,0.0,0.0,0.0,0.0,0.4166488474577757,0.39229728360044724,0.44254793523960423,0.922763246497736,0.8948403546035383,0.9543235317611919,0.7860648171780567,0.7625244720244531,0.8059829183276856,0.768,0.716,0.8160999999999998,0.07716695177698663,0.06947777320927793,0.08545686904941929,-0.021121464542735224,-0.08467489192756919,0.043268301733627286,0.09574357982724906,0.07219362936988473,0.12388333444390444,-0.084,-0.14,-0.032,0.03679684190794072,0.02505036345249585,0.05068373371307928,False
mediation_aware_recourse,False,10.0,0.21929316641925986,10.0,250,0.7053827812084928,0.6745030218394473,0.7356049492472783,0.008530209687929833,0.0070708397336398205,0.010058131320112173,0.03488737372324248,0.03297017760901935,0.036820691888650836,0.47352041299676895,0.4693442040524125,0.47822024403739566,0.19459826564788818,0.19002596332728863,0.19884752629995348,0.5300438823270699,0.5116508616176993,0.5486196147898902,-0.04371299259527883,-0.0602828685655221,-0.027057163289979095,0.1418410187531253,0.13165323932214526,0.1528960993545437,0.388,0.328,0.452,0.0,0.0,0.0,0.0,0.0,0.0,0.4172236972454527,0.3936760309551378,0.442946674836488,0.9175294837790332,0.8876061904032584,0.9472359508701581,0.7871493496230937,0.7651398945697606,0.8068645609010456,0.776,0.724,0.824,0.07826658883844802,0.07064695655164407,0.08636131888903521,-0.02635522726143802,-0.08868012181534989,0.037510499332333865,0.09845480581372976,0.0744660282023251,0.12642682385537773,-0.084,-0.14,-0.032,0.03737169169561781,0.0253628599524484,0.05121514238311158,True
mediation_aware_recourse,False,10.0,0.5,10.0,250,0.7083953568348661,0.6794384585672989,0.7368369980843971,0.008591100393865205,0.007138451179287019,0.010106874974681362,0.03471867804115467,0.03278195889265491,0.03668720051597821,0.4731653937952518,0.4689646466941535,0.47776585698686846,0.19459826564788818,0.19002596332728863,0.19884752629995348,0.5300438823270699,0.5116508616176993,0.5486196147898902,-0.04529165537878296,-0.06083972076485545,-0.029261193204935167,0.14052472316979686,0.1305544070860873,0.1515374105266,0.384,0.324,0.444,0.0,0.0,0.0,0.0,0.0,0.0,0.41831057842716657,0.3947911995538439,0.4438320440162022,0.9145511213525614,0.8856574638104334,0.9426135064387517,0.789199899054854,0.76765998706627,0.8081817006070269,0.78,0.728,0.828,0.07851247963934319,0.07098495040936419,0.08666440262401377,-0.029333589687909778,-0.0910315300624091,0.033667395536199705,0.10146738144010306,0.07541435756292193,0.12976945359185338,-0.088,-0.144,-0.03590000000000009,0.03845857287733161,0.02601073091727599,0.05294240632196212,False
mediation_aware_recourse,False,10.0,1.0,10.0,250,0.7091025392422453,0.6796773189387051,0.737712511691451,0.008557376199810295,0.0071060659366604904,0.010100111494484846,0.03467285486155152,0.03276655714074906,0.03663687373799305,0.47313269404673575,0.46893474816008207,0.47771569956862925,0.19459826564788818,0.19002596332728863,0.19884752629995348,0.5300438823270699,0.5116508616176993,0.5486196147898902,-0.04561455187960301,-0.061300582183287794,-0.02985470803608676,0.14050681797010184,0.1305544070860873,0.15153696289660762,0.384,0.324,0.444,0.0,0.0,0.0,0.0,0.0,0.0,0.4179876819263465,0.39446830305302377,0.44354754382064343,0.9139419331106325,0.8850489374381257,0.9421980776747992,0.788590710812925,0.7667390960358724,0.808018305558585,0.78,0.728,0.828,0.07883537614016324,0.07146553783113235,0.08667703178908062,-0.029942777929838682,-0.09146313329839717,0.033054851536257854,0.1021745638474822,0.07681016213558614,0.13026401783525943,-0.088,-0.144,-0.03590000000000009,0.03813567637651155,0.02585476477646488,0.05259944725688769,False
mediation_aware_recourse,False,10.0,2.0,10.0,250,0.7220121847400441,0.6927971106086858,0.7537745330462232,0.007958670025354967,0.006655680904556683,0.009269114944411749,0.03363052316470733,0.03179767123349874,0.035532271943123465,0.4726107200932503,0.4683136305627227,0.47714439208440185,0.19459826564788818,0.19002596332728863,0.19884752629995348,0.5300438823270699,0.5116508616176993,0.5486196147898902,-0.05413545437416914,-0.06911583671456312,-0.0380640097262613,0.14119039043087248,0.13115218590205674,0.15217464292568492,0.388,0.328,0.448,0.0,0.0,0.0,0.0,0.0,0.0,0.41486309787793585,0.39184120199016537,0.43960349746863847,0.8978660896216811,0.8700994842341325,0.9262287755690685,0.7826957572956941,0.7617623253171363,0.8028678085128526,0.812,0.76,0.856,0.08465811941165163,0.07669687754090983,0.09313542043591241,-0.046018621418790095,-0.10734315894939847,0.01581581311326768,0.11508420934528113,0.08910877045374364,0.14407815237231553,-0.084,-0.144,-0.028,0.03501109232810087,0.02186837577956972,0.049943102135105916,False
mediation_aware_recourse,False,10.0,5.0,10.0,250,0.7638340874323621,0.7332299450291321,0.7947961247205735,0.008214133956510149,0.006804306555178225,0.009587376883224594,0.03021350239025174,0.028586523039677774,0.03183426929833379,0.4694043389470577,0.46534232395037417,0.4737270259403527,0.19459826564788818,0.19002596332728863,0.19884752629995348,0.5300438823270699,0.5116508616176993,0.5486196147898902,-0.0823960644350786,-0.09404877089073878,-0.0687712445197197,0.1316668968607898,0.12298542949413331,0.14111982717730123,0.384,0.3279,0.448,0.0,0.0,0.0,0.0,0.0,0.0,0.4163669219858209,0.39450418661405695,0.44063741148740626,0.8445485983663611,0.820708638845745,0.8692847043360002,0.7855329263641924,0.766602288080456,0.8040276548611487,0.896,0.856,0.932,0.09803651238816383,0.08957289224034964,0.10660707518962778,-0.09933611267411013,-0.15152937136477548,-0.042780531897761244,0.15690611203759908,0.12410311609450728,0.1924612536009401,-0.088,-0.152,-0.02790000000000009,0.036514916435985964,0.022935736131641404,0.05212927447888955,False
transport_anchor_only,False,30.0,0.0,10.0,250,0.8142551524648443,0.7743959654156352,0.8552107930280733,0.0021956188849164347,0.0016960025107382083,0.0027804152667745092,0.03410931702197461,0.03195216908995489,0.036237818663671865,0.4731892744011879,0.4685903342658758,0.4781328888689279,0.19459826564788818,0.19002596332728863,0.19884752629995348,0.5300438823270699,0.5116508616176993,0.5486196147898902,-0.05858508645986154,-0.07548726784934146,-0.04172700765227083,0.15843189959130394,0.14851699911260707,0.16892508509021745,0.592,0.5279,0.656,0.0,0.0,0.0,0.0,0.0,0.0,0.40573274137976956,0.3820714120836519,0.4311430664924365,0.8894712524505454,0.8624676085747817,0.9189821208630167,0.7654700957937051,0.7435985451302312,0.785545960515637,0.788,0.7359,0.84,0.09144811370358095,0.08243697704652109,0.10036677006508993,-0.07919880702897542,-0.12983597127523333,-0.019876724474553138,0.13348557731509209,0.1015551845036447,0.1677455379001796,-0.052,-0.112,9.999999999990905e-05,0.021296419054709366,0.011001401112122347,0.032813516283710716,False
mediation_aware_recourse,False,30.0,0.21929316641925986,10.0,250,0.8142551524648443,0.7743959654156352,0.8552107930280733,0.0021956188849164347,0.0016960025107382083,0.0027804152667745092,0.03410931702197461,0.03195216908995489,0.036237818663671865,0.4731892744011879,0.4685903342658758,0.4781328888689279,0.19459826564788818,0.19002596332728863,0.19884752629995348,0.5300438823270699,0.5116508616176993,0.5486196147898902,-0.05858508645986154,-0.07548726784934146,-0.04172700765227083,0.15843189959130394,0.14851699911260707,0.16892508509021745,0.592,0.5279,0.656,0.0,0.0,0.0,0.0,0.0,0.0,0.40573274137976956,0.3820714120836519,0.4311430664924365,0.8894712524505454,0.8624676085747817,0.9189821208630167,0.7654700957937051,0.7435985451302312,0.785545960515637,0.788,0.7359,0.84,0.09144811370358095,0.08243697704652109,0.10036677006508993,-0.07919880702897542,-0.12983597127523333,-0.019876724474553138,0.13348557731509209,0.1015551845036447,0.1677455379001796,-0.052,-0.112,9.999999999990905e-05,0.021296419054709366,0.011001401112122347,0.032813516283710716,True
mediation_aware_recourse,False,30.0,0.5,10.0,250,0.8154772133836523,0.7762672987928847,0.8566988419052214,0.0021650888261614824,0.001650780832125296,0.002751415211529798,0.03394212809925941,0.03181974774796449,0.03603400510339607,0.47316445357608794,0.4685797995689273,0.47810828640396597,0.19459826564788818,0.19002596332728863,0.19884752629995348,0.5300438823270699,0.5116508616176993,0.5486196147898902,-0.05985696984789639,-0.07699093303779089,-0.04294637546398712,0.15845802443304033,0.14854241484753436,0.16888298796586348,0.596,0.532,0.6560999999999999,0.0,0.0,0.0,0.0,0.0,0.0,0.4051301298140725,0.38135211490009735,0.4300705214361617,0.8870716711508786,0.8592067427430317,0.9170345373619062,0.7643331869720214,0.7427769329933874,0.784572103276818,0.792,0.7399,0.844,0.09238536118044695,0.08355158090430677,0.10121777480404452,-0.08159838832864219,-0.13311611494521938,-0.023005575690337756,0.13470763823390006,0.10259162407293915,0.16912033931687473,-0.048,-0.108,0.008,0.020693807489012214,0.010707806063490845,0.03190155976944572,False
mediation_aware_recourse,False,30.0,1.0,10.0,250,0.8166063592443242,0.7771831777874614,0.8578320161547978,0.002205081256663896,0.0016932661388675424,0.002799450975917056,0.033560441583752564,0.03139993919049577,0.03558823286299344,0.4729639364671707,0.46837378529546264,0.4778777658731342,0.19459826564788818,0.19002596332728863,0.19884752629995348,0.5300438823270699,0.5116508616176993,0.5486196147898902,-0.062311740060231116,-0.07912010326775495,-0.045418483246089075,0.15833766112621908,0.14837581155565782,0.1686998166850713,0.596,0.532,0.66,0.0,0.0,0.0,0.0,0.0,0.0,0.40330626779109646,0.37908740937084623,0.42847859452472764,0.8824404126943948,0.854041772309145,0.9128849529226092,0.760892222773041,0.7399980532848908,0.7807099087844478,0.796,0.744,0.848,0.09452467729810232,0.08582504571534368,0.10370512657332058,-0.08622964678512601,-0.13725190723511674,-0.02656992598209976,0.13583678409457206,0.10413166046589613,0.17044285774230955,-0.048,-0.108,0.008,0.01886994546603622,0.009200513362579432,0.030226504032154697,False
mediation_aware_recourse,False,30.0,2.0,10.0,250,0.8274015539297834,0.7893677940512076,0.8685598164964701,0.0021543055009512306,0.001677205865461701,0.002736358287896221,0.03234405141853412,0.03036531757708875,0.034333622194137416,0.4722085118443966,0.4677413464994073,0.4771159978864909,0.19459826564788818,0.19002596332728863,0.19884752629995348,0.5300438823270699,0.5116508616176993,0.5486196147898902,-0.07216669965783423,-0.08818414392734313,-0.05542492739301205,0.15580708393437956,0.14607964125028058,0.16591172810965074,0.608,0.5479,0.6720999999999999,0.0,0.0,0.0,0.0,0.0,0.0,0.40217350008018543,0.3784935343009616,0.4269572047187654,0.8638476887215483,0.8366373941188109,0.893508867773295,0.7587551021521259,0.7383349731759307,0.7773720132660843,0.828,0.78,0.8720999999999999,0.1000185409523594,0.09111731965154472,0.10939122864957129,-0.10482237075797252,-0.15277914528804334,-0.04832229337819382,0.1466319787800312,0.11339026382863522,0.18318885888904332,-0.036,-0.096,0.024,0.01773717775512516,0.007529840724557039,0.02982793957522395,False
mediation_aware_recourse,False,30.0,5.0,10.0,250,0.8733931228527799,0.830532965387986,0.9164475049143425,0.0019024504276257694,0.0014479641128483543,0.00239624559199628,0.029212701041928007,0.027400018661680785,0.03106470258141035,0.4694112439265251,0.4651923007768274,0.4741716390006661,0.19459826564788818,0.19002596332728863,0.19884752629995348,0.5300438823270699,0.5116508616176993,0.5486196147898902,-0.09614554468818735,-0.1108371705066285,-0.08179580711274445,0.15477594396130206,0.1455366322002003,0.16415678796769984,0.636,0.576,0.7000999999999998,0.0,0.0,0.0,0.0,0.0,0.0,0.39658349165148077,0.37340887446400417,0.4198266255330286,0.8186083305667519,0.7925841724962869,0.8470042923389266,0.7482087896389759,0.7283431103669878,0.7662600174532084,0.88,0.84,0.916,0.11480296768188827,0.10526139790170423,0.12443213697324773,-0.15006172891276892,-0.19554788183761868,-0.09355127882511918,0.19262354770302773,0.1564869015686214,0.2320689866706729,-0.008,-0.068,0.056,0.01214716932642055,0.0009555732869091622,0.025159914964933992,False
ordinary_actionable_recourse,True,0.0,0.0,0.0,250,0.6622698061056436,0.6435131532576867,0.6795235682077706,0.06982054477362262,0.06232288308009052,0.07701683343006906,0.04937736274721456,0.04813397304984769,0.0506298628986676,0.5217808670654297,0.5168581159510316,0.5266651748520791,0.19459826564788818,0.19002596332728863,0.19884752629995348,0.5300438823270699,0.5116508616176993,0.5486196147898902,0.12614552918932354,0.11051489616007107,0.14073261946201487,0.18364173324492306,0.17224177363322324,0.19516414335523805,0.196,0.148,0.244,1.0,1.0,1.0,0.0,0.0,0.0,0.38038316911810816,0.36076794362269143,0.4013779156362842,0.7620092724483443,0.7338331458317346,0.7899915679549795,0.7176446739618968,0.6956283108624461,0.7403855661393143,0.18,0.136,0.228,0.011757592009819157,0.008281776436175071,0.01648420055385709,0.0,0.0,0.0,0.0,0.0,0.0,0.0,0.0,0.0,0.0,0.0,0.0,False
distribution_constrained_recourse,False,10.0,0.0,0.0,250,0.760861982345581,0.7317506755828858,0.7976536457419395,0.04560466965530197,0.04126579695278327,0.05074891375269329,0.03721976075629994,0.03606611722741979,0.03837899471138848,0.5002932199296951,0.49587390232338907,0.5050728790483178,0.19459826564788818,0.19002596332728863,0.19884752629995348,0.5300438823270699,0.5116508616176993,0.5486196147898902,0.0006642694253108323,-0.006840908316965867,0.008897002121690225,0.07608073763758255,0.07147126392546645,0.08167254447646553,0.068,0.04,0.104,0.988,0.972,1.0,0.012,0.0,0.028,0.4841644391008153,0.4654402624114743,0.5048474040886253,0.9987467652255612,0.9820852322328063,0.9998380989844932,0.913442179494972,0.9024552256701869,0.9228948685337759,0.548,0.484,0.6080999999999999,0.02260758690047193,0.019028456982811633,0.026104317747085954,0.2367374927772169,0.2028119431827219,0.26123030680576464,0.09859217623993755,0.062474200902413575,0.14030135048376394,-0.012,-0.028,0.0,0.10378126998270715,0.09154757987588351,0.11641085668297455,False
