method,is_ordinary_actionable_baseline,eta,lambda_invariance,rho_anchor,n,cost,cost_lo,cost_hi,shortfall,shortfall_lo,shortfall_hi,direct_effect,direct_effect_lo,direct_effect_hi,transport,transport_lo,transport_hi,pre_recourse_mediated_prediction_disparity,pre_recourse_mediated_prediction_disparity_lo,pre_recourse_mediated_prediction_disparity_hi,pre_recourse_factual_mediated_prediction_disparity,pre_recourse_factual_mediated_prediction_disparity_lo,pre_recourse_factual_mediated_prediction_disparity_hi,post_recourse_mediated_prediction_disparity,post_recourse_mediated_prediction_disparity_lo,post_recourse_mediated_prediction_disparity_hi,outcome_wasserstein,outcome_wasserstein_lo,outcome_wasserstein_hi,feasible_rate,feasible_rate_lo,feasible_rate_hi,constraint_feasible_rate,constraint_feasible_rate_lo,constraint_feasible_rate_hi,constraint_abstention_rate,constraint_abstention_rate_lo,constraint_abstention_rate_hi,mean_absolute_gap_reduction,mean_absolute_gap_reduction_lo,mean_absolute_gap_reduction_hi,factual_mediated_prediction_disparity_closure,factual_mediated_prediction_disparity_closure_lo,factual_mediated_prediction_disparity_closure_hi,recipient_level_closure,recipient_level_closure_lo,recipient_level_closure_hi,overshoot_rate,overshoot_rate_lo,overshoot_rate_hi,overshoot_magnitude,overshoot_magnitude_lo,overshoot_magnitude_hi,factual_closure_gain_vs_actionable_baseline,factual_closure_gain_vs_actionable_baseline_lo,factual_closure_gain_vs_actionable_baseline_hi,cost_difference_vs_actionable_baseline,cost_difference_vs_actionable_baseline_lo,cost_difference_vs_actionable_baseline_hi,feasibility_difference_vs_actionable_baseline,feasibility_difference_vs_actionable_baseline_lo,feasibility_difference_vs_actionable_baseline_hi,paired_absolute_gap_gain_vs_actionable_baseline,paired_absolute_gap_gain_vs_actionable_baseline_lo,paired_absolute_gap_gain_vs_actionable_baseline_hi,is_effect_ratio_heuristic
soft_objective_recourse,False,0.0,0.0,0.0,142,0.0,0.0,0.0,0.3071688734729525,0.26652193275136005,0.3507233787852694,0.060434114279776394,0.053874198090888455,0.06786939847991395,0.1869644093558962,0.17569743827217096,0.1992265106648854,-0.006249998551858983,-0.009727709924041386,-0.0025818991907675505,0.1503058040488354,0.12789289713312516,0.17428603235658416,0.1503058040488354,0.12811662458985204,0.17328898137973123,0.21941573588971153,0.20606237135410252,0.23430750699599867,0.1056338028169014,0.056338028169014086,0.15492957746478872,0.0,0.0,0.0,0.0,0.0,0.0,0.0,0.0,0.0,0.0,0.0,0.0,0.0,0.0,0.0,0.0,0.0,0.0,0.0,0.0,0.0,0.0,0.0,0.0,0.0,0.0,0.0,0.0,0.0,0.0,0.0,0.0,0.0,False
direct_invariance_only,False,0.0,0.5,0.0,142,0.0,0.0,0.0,0.3071688734729525,0.26652193275136005,0.3507233787852694,0.060434114279776394,0.053874198090888455,0.06786939847991395,0.1869644093558962,0.17569743827217096,0.1992265106648854,-0.006249998551858983,-0.009727709924041386,-0.0025818991907675505,0.1503058040488354,0.12789289713312516,0.17428603235658416,0.1503058040488354,0.12811662458985204,0.17328898137973123,0.21941573588971153,0.20606237135410252,0.23430750699599867,0.1056338028169014,0.056338028169014086,0.15492957746478872,0.0,0.0,0.0,0.0,0.0,0.0,0.0,0.0,0.0,0.0,0.0,0.0,0.0,0.0,0.0,0.0,0.0,0.0,0.0,0.0,0.0,0.0,0.0,0.0,0.0,0.0,0.0,0.0,0.0,0.0,0.0,0.0,0.0,False
direct_invariance_only,False,0.0,1.0,0.0,142,0.0,0.0,0.0,0.3071688734729525,0.26652193275136005,0.3507233787852694,0.060434114279776394,0.053874198090888455,0.06786939847991395,0.1869644093558962,0.17569743827217096,0.1992265106648854,-0.006249998551858983,-0.009727709924041386,-0.0025818991907675505,0.1503058040488354,0.12789289713312516,0.17428603235658416,0.1503058040488354,0.12811662458985204,0.17328898137973123,0.21941573588971153,0.20606237135410252,0.23430750699599867,0.1056338028169014,0.056338028169014086,0.15492957746478872,0.0,0.0,0.0,0.0,0.0,0.0,0.0,0.0,0.0,0.0,0.0,0.0,0.0,0.0,0.0,0.0,0.0,0.0,0.0,0.0,0.0,0.0,0.0,0.0,0.0,0.0,0.0,0.0,0.0,0.0,0.0,0.0,0.0,False
direct_invariance_only,False,0.0,2.0,0.0,142,0.0,0.0,0.0,0.3071688734729525,0.26652193275136005,0.3507233787852694,0.060434114279776394,0.053874198090888455,0.06786939847991395,0.1869644093558962,0.17569743827217096,0.1992265106648854,-0.006249998551858983,-0.009727709924041386,-0.0025818991907675505,0.1503058040488354,0.12789289713312516,0.17428603235658416,0.1503058040488354,0.12811662458985204,0.17328898137973123,0.21941573588971153,0.20606237135410252,0.23430750699599867,0.1056338028169014,0.056338028169014086,0.15492957746478872,0.0,0.0,0.0,0.0,0.0,0.0,0.0,0.0,0.0,0.0,0.0,0.0,0.0,0.0,0.0,0.0,0.0,0.0,0.0,0.0,0.0,0.0,0.0,0.0,0.0,0.0,0.0,0.0,0.0,0.0,0.0,0.0,0.0,False
direct_invariance_only,False,0.0,5.0,0.0,142,0.0,0.0,0.0,0.3071688734729525,0.26652193275136005,0.3507233787852694,0.060434114279776394,0.053874198090888455,0.06786939847991395,0.1869644093558962,0.17569743827217096,0.1992265106648854,-0.006249998551858983,-0.009727709924041386,-0.0025818991907675505,0.1503058040488354,0.12789289713312516,0.17428603235658416,0.1503058040488354,0.12811662458985204,0.17328898137973123,0.21941573588971153,0.20606237135410252,0.23430750699599867,0.1056338028169014,0.056338028169014086,0.15492957746478872,0.0,0.0,0.0,0.0,0.0,0.0,0.0,0.0,0.0,0.0,0.0,0.0,0.0,0.0,0.0,0.0,0.0,0.0,0.0,0.0,0.0,0.0,0.0,0.0,0.0,0.0,0.0,0.0,0.0,0.0,0.0,0.0,0.0,False
direct_invariance_only,False,0.0,24.520863415390647,0.0,142,0.04343471497717038,0.022994559415629213,0.06472633737073817,0.30439932350541504,0.26333518748656964,0.34883776824973833,0.05762471021218619,0.051283113413792054,0.06438700657003414,0.18655055296987716,0.17502594186067408,0.1990928832402217,-0.006249998551858983,-0.009727709924041386,-0.0025818991907675505,0.1503058040488354,0.12789289713312516,0.17428603235658416,0.13470714636356898,0.11130741337432302,0.15892118636426897,0.21463446711760642,0.20046788446352531,0.23006010010933448,0.14788732394366197,0.09154929577464789,0.2112676056338028,0.0,0.0,0.0,0.0,0.0,0.0,0.007645147367262505,0.0009225055208088648,0.015259430053788166,0.10377947667408971,0.05312247648854636,0.1688382628379053,0.04502423605069206,0.0045060681309025685,0.09007115032997319,0.035211267605633804,0.007042253521126761,0.07042253521126761,0.0028741859214406616,0.0004323611796741754,0.006008688517859284,0.10377947667408971,0.05321453326910856,0.16282987698654552,0.04343471497717038,0.022994559415629213,0.06472633737073817,0.04225352112676056,0.014084507042253521,0.07746478873239436,0.007645147367262505,0.0005437891090839682,0.014431683378110466,True
soft_objective_recourse,False,1.0,0.0,0.0,142,0.0,0.0,0.0,0.3071688734729525,0.26652193275136005,0.3507233787852694,0.060434114279776394,0.053874198090888455,0.06786939847991395,0.1869644093558962,0.17569743827217096,0.1992265106648854,-0.006249998551858983,-0.009727709924041386,-0.0025818991907675505,0.1503058040488354,0.12789289713312516,0.17428603235658416,0.1503058040488354,0.12811662458985204,0.17328898137973123,0.21941573588971153,0.20606237135410252,0.23430750699599867,0.1056338028169014,0.056338028169014086,0.15492957746478872,0.0,0.0,0.0,0.0,0.0,0.0,0.0,0.0,0.0,0.0,0.0,0.0,0.0,0.0,0.0,0.0,0.0,0.0,0.0,0.0,0.0,0.0,0.0,0.0,0.0,0.0,0.0,0.0,0.0,0.0,0.0,0.0,0.0,False
direct_invariance_only,False,1.0,0.5,0.0,142,0.0,0.0,0.0,0.3071688734729525,0.26652193275136005,0.3507233787852694,0.060434114279776394,0.053874198090888455,0.06786939847991395,0.1869644093558962,0.17569743827217096,0.1992265106648854,-0.006249998551858983,-0.009727709924041386,-0.0025818991907675505,0.1503058040488354,0.12789289713312516,0.17428603235658416,0.1503058040488354,0.12811662458985204,0.17328898137973123,0.21941573588971153,0.20606237135410252,0.23430750699599867,0.1056338028169014,0.056338028169014086,0.15492957746478872,0.0,0.0,0.0,0.0,0.0,0.0,0.0,0.0,0.0,0.0,0.0,0.0,0.0,0.0,0.0,0.0,0.0,0.0,0.0,0.0,0.0,0.0,0.0,0.0,0.0,0.0,0.0,0.0,0.0,0.0,0.0,0.0,0.0,False
direct_invariance_only,False,1.0,1.0,0.0,142,0.0,0.0,0.0,0.3071688734729525,0.26652193275136005,0.3507233787852694,0.060434114279776394,0.053874198090888455,0.06786939847991395,0.1869644093558962,0.17569743827217096,0.1992265106648854,-0.006249998551858983,-0.009727709924041386,-0.0025818991907675505,0.1503058040488354,0.12789289713312516,0.17428603235658416,0.1503058040488354,0.12811662458985204,0.17328898137973123,0.21941573588971153,0.20606237135410252,0.23430750699599867,0.1056338028169014,0.056338028169014086,0.15492957746478872,0.0,0.0,0.0,0.0,0.0,0.0,0.0,0.0,0.0,0.0,0.0,0.0,0.0,0.0,0.0,0.0,0.0,0.0,0.0,0.0,0.0,0.0,0.0,0.0,0.0,0.0,0.0,0.0,0.0,0.0,0.0,0.0,0.0,False
direct_invariance_only,False,1.0,2.0,0.0,142,0.0,0.0,0.0,0.3071688734729525,0.26652193275136005,0.3507233787852694,0.060434114279776394,0.053874198090888455,0.06786939847991395,0.1869644093558962,0.17569743827217096,0.1992265106648854,-0.006249998551858983,-0.009727709924041386,-0.0025818991907675505,0.1503058040488354,0.12789289713312516,0.17428603235658416,0.1503058040488354,0.12811662458985204,0.17328898137973123,0.21941573588971153,0.20606237135410252,0.23430750699599867,0.1056338028169014,0.056338028169014086,0.15492957746478872,0.0,0.0,0.0,0.0,0.0,0.0,0.0,0.0,0.0,0.0,0.0,0.0,0.0,0.0,0.0,0.0,0.0,0.0,0.0,0.0,0.0,0.0,0.0,0.0,0.0,0.0,0.0,0.0,0.0,0.0,0.0,0.0,0.0,False
direct_invariance_only,False,1.0,5.0,0.0,142,0.0,0.0,0.0,0.3071688734729525,0.26652193275136005,0.3507233787852694,0.060434114279776394,0.053874198090888455,0.06786939847991395,0.1869644093558962,0.17569743827217096,0.1992265106648854,-0.006249998551858983,-0.009727709924041386,-0.0025818991907675505,0.1503058040488354,0.12789289713312516,0.17428603235658416,0.1503058040488354,0.12811662458985204,0.17328898137973123,0.21941573588971153,0.20606237135410252,0.23430750699599867,0.1056338028169014,0.056338028169014086,0.15492957746478872,0.0,0.0,0.0,0.0,0.0,0.0,0.0,0.0,0.0,0.0,0.0,0.0,0.0,0.0,0.0,0.0,0.0,0.0,0.0,0.0,0.0,0.0,0.0,0.0,0.0,0.0,0.0,0.0,0.0,0.0,0.0,0.0,0.0,False
direct_invariance_only,False,1.0,24.520863415390647,0.0,142,0.04915312058489087,0.027740562843604828,0.07288123654647612,0.3022480390861001,0.2611842971977214,0.34509435769852614,0.05742102099293974,0.05123716979681082,0.06413574653880959,0.1866962461526825,0.17529173760342592,0.19909574001778282,-0.006249998551858983,-0.009727709924041386,-0.0025818991907675505,0.1503058040488354,0.12789289713312516,0.17428603235658416,0.1329279955686398,0.10936996253259795,0.1569785064302752,0.21410868759916332,0.19997826496658444,0.22939190013659788,0.15492957746478872,0.09859154929577464,0.21830985915492956,0.0,0.0,0.0,0.0,0.0,0.0,0.00866256465374584,0.0015663066695273764,0.016643426168552588,0.11561635021458938,0.062069341594836354,0.1817969698835137,0.05101606771437428,0.009585933905215964,0.09965818139653027,0.04225352112676056,0.014084507042253521,0.07746478873239436,0.003040750891389981,0.0005984924366356621,0.006237629958441558,0.11561635021458938,0.05969272529508206,0.17894460583103272,0.04915312058489087,0.027740562843604828,0.07288123654647612,0.04929577464788732,0.02112676056338028,0.08450704225352113,0.00866256465374584,0.0012402364748044753,0.016440098680241006,True
soft_objective_recourse,False,3.0,0.0,0.0,142,0.22666065709691652,0.1872414123844093,0.26607990180942376,0.18440066068105296,0.14781921860092964,0.22486653045659333,0.07219823112737545,0.06568089839969565,0.07890434378666253,0.18022758857360188,0.1694873514097674,0.19171907348173534,-0.006249998551858983,-0.009727709924041386,-0.0025818991907675505,0.1503058040488354,0.12789289713312516,0.17428603235658416,0.08648039523879407,0.06629303418112997,0.10900944357370616,0.1951164587427744,0.1838097349936126,0.20703777621835998,0.16901408450704225,0.1056338028169014,0.22552816901408435,0.0,0.0,0.0,0.0,0.0,0.0,0.04762572307192104,0.03598376212930175,0.05987541119922214,0.42463702059904496,0.35176180648896305,0.5103901241355189,0.2804801130266342,0.21416021992925985,0.33528190776026784,0.09859154929577464,0.04929577464788732,0.14788732394366197,0.00544640988531247,0.002451594331314866,0.008615944975278747,0.0,0.0,0.0,0.0,0.0,0.0,0.0,0.0,0.0,0.0,0.0,0.0,False
direct_invariance_only,False,3.0,0.5,0.0,142,0.22666065709691652,0.1872414123844093,0.26607990180942376,0.18440066068105296,0.14781921860092964,0.22486653045659333,0.07219823112737545,0.06568089839969565,0.07890434378666253,0.18022758857360188,0.1694873514097674,0.19171907348173534,-0.006249998551858983,-0.009727709924041386,-0.0025818991907675505,0.1503058040488354,0.12789289713312516,0.17428603235658416,0.08648039523879407,0.06629303418112997,0.10900944357370616,0.1951164587427744,0.1838097349936126,0.20703777621835998,0.16901408450704225,0.1056338028169014,0.22552816901408435,0.0,0.0,0.0,0.0,0.0,0.0,0.04762572307192104,0.03598376212930175,0.05987541119922214,0.42463702059904496,0.35176180648896305,0.5103901241355189,0.2804801130266342,0.21416021992925985,0.33528190776026784,0.09859154929577464,0.04929577464788732,0.14788732394366197,0.00544640988531247,0.002451594331314866,0.008615944975278747,0.0,0.0,0.0,0.0,0.0,0.0,0.0,0.0,0.0,0.0,0.0,0.0,False
direct_invariance_only,False,3.0,1.0,0.0,142,0.22337572003754091,0.1871592889579249,0.26279496475004815,0.18553106360872026,0.14857416888043076,0.2264254471155959,0.07208788341147379,0.06562155744021522,0.07884651404398847,0.18046798428494326,0.16972952254527543,0.191964361403015,-0.006249998551858983,-0.009727709924041386,-0.0025818991907675505,0.1503058040488354,0.12789289713312516,0.17428603235658416,0.08699042294961466,0.06641126589285551,0.10915635620230729,0.19545504222958493,0.18394587134852233,0.20759125498564862,0.16901408450704225,0.1056338028169014,0.22552816901408435,0.0,0.0,0.0,0.0,0.0,0.0,0.047115695361100454,0.03510744903682613,0.059317754232652585,0.4212437536919674,0.34838392292136755,0.5086755344294193,0.2774764288670962,0.21088684081919107,0.3328212873094122,0.09859154929577464,0.04929577464788732,0.14788732394366197,0.00544640988531247,0.002451594331314866,0.008615944975278747,-0.00339326690707753,-0.011566995437530219,0.0,-0.0032849370593756016,-0.009854811178126805,0.0,0.0,0.0,0.0,-0.0005100277108205876,-0.0015300831324617627,0.0,False
direct_invariance_only,False,3.0,2.0,0.0,142,0.2069510347406629,0.1708167270875313,0.24637027945317014,0.19157080184405959,0.1548155563555553,0.23462160096411974,0.07107675126688161,0.0645728776165822,0.07776079861066815,0.1805576558001864,0.16994359677421375,0.19221658129048286,-0.006249998551858983,-0.009727709924041386,-0.0025818991907675505,0.1503058040488354,0.12789289713312516,0.17428603235658416,0.09025695822923116,0.06986629131027092,0.11194078668191187,0.19587251994319418,0.1841975062629503,0.2080273777758883,0.1619718309859155,0.09859154929577464,0.21830985915492956,0.0,0.0,0.0,0.0,0.0,0.0,0.04621582714394784,0.034830984944136625,0.05861278432486972,0.3995111579330227,0.3217446111453589,0.4816756111228511,0.2721768738582433,0.2113674910378438,0.3285078109340757,0.09859154929577464,0.04929577464788732,0.14788732394366197,0.00544640988531247,0.002451594331314866,0.008615944975278747,-0.025125862666022236,-0.04760513248693975,-0.007008772517487583,-0.01970962235625361,-0.03613430765313162,-0.006569874118751203,-0.007042253521126761,-0.02112676056338028,0.0,-0.0014098959279731965,-0.005135966989565904,0.0013623399555053508,False
direct_invariance_only,False,3.0,5.0,0.0,142,0.1905263494437849,0.15439204179065327,0.22666065709691652,0.19842506777232802,0.15888897113397088,0.24200644005667157,0.06972837074279366,0.06324705334452414,0.07641370825594107,0.180858087065704,0.16995605117763815,0.1925853624664457,-0.006249998551858983,-0.009727709924041386,-0.0025818991907675505,0.1503058040488354,0.12789289713312516,0.17428603235658416,0.09190002317264886,0.07169086610845907,0.11451311661586375,0.19644287271379218,0.18502934261220738,0.20869507538194237,0.16901408450704225,0.1056338028169014,0.2323943661971831,0.0,0.0,0.0,0.0,0.0,0.0,0.045248599539340385,0.034216750166575674,0.05734177352991742,0.38857967758324286,0.3158250080720165,0.4723899713761668,0.2664806221193857,0.20218217822561188,0.3230589218363355,0.1056338028169014,0.056338028169014086,0.15492957746478872,0.005662590475149558,0.002618997381396697,0.008683564655587705,-0.0360573430158021,-0.06949911968494346,-0.0006114338458008768,-0.03613430765313162,-0.05912886706876083,-0.013139748237502406,0.0,-0.02112676056338028,0.02112676056338028,-0.0023771235325806576,-0.007101531624531662,0.001934572271215663,False
direct_invariance_only,False,3.0,24.520863415390647,0.0,142,0.11229745477018221,0.08259684438751617,0.14673184922988144,0.2710415840568677,0.23066196642081502,0.31668316428615173,0.05776571087591665,0.05181815743046275,0.06423509177214033,0.18448284617297248,0.1731584573676154,0.19674775377090828,-0.006249998551858983,-0.009727709924041386,-0.0025818991907675505,0.1503058040488354,0.12789289713312516,0.17428603235658416,0.11352036408030651,0.09049512682561305,0.13706378585226098,0.2061617761297466,0.19264553815002458,0.22070750359783742,0.19718309859154928,0.13380281690140844,0.2605633802816901,0.0,0.0,0.0,0.0,0.0,0.0,0.02312845605569826,0.012831343833724378,0.03353055333193968,0.24473732203033915,0.17027345744488634,0.3313646963380944,0.13620941689089883,0.07946206358147287,0.19570806670069749,0.08450704225352113,0.04225352112676056,0.13380281690140844,0.005511620934580413,0.002291865290050775,0.009587442455157427,-0.1798996985687058,-0.2740085535167046,-0.08477651539331284,-0.1143632023267343,-0.16680428192124402,-0.06748306498351235,0.028169014084507043,-0.02112676056338028,0.07746478873239436,-0.02449726701622278,-0.03741771528418635,-0.011688883264194911,True
soft_objective_recourse,False,10.0,0.0,0.0,142,0.9200291662988528,0.7344724232776904,1.1120408875684085,0.06582793761307085,0.0464019699625566,0.09050669260323047,0.0829404200178007,0.0769372344836855,0.08894570689635273,0.17984755939755923,0.17113771533917094,0.18943147936862118,-0.006249998551858983,-0.009727709924041386,-0.0025818991907675505,0.1503058040488354,0.12789289713312516,0.17428603235658416,0.010528492465825148,-0.009484621059989007,0.031697266840074255,0.18732539519962763,0.17955036067346627,0.19547153297319358,0.4084507042253521,0.33098591549295775,0.49295774647887325,0.0,0.0,0.0,0.0,0.0,0.0,0.06665674400266627,0.04880032220225729,0.0848738541774137,0.9299528548983753,0.8096497176373726,0.9964734346472471,0.3925586822823043,0.30957748321490175,0.46508920974860357,0.3591549295774648,0.2746478873239437,0.43661971830985913,0.025076191190262914,0.018391098260459763,0.03188611814148829,0.0,0.0,0.0,0.0,0.0,0.0,0.0,0.0,0.0,0.0,0.0,0.0,False
direct_invariance_only,False,10.0,0.5,0.0,142,0.9175956975406324,0.7320541945036868,1.109607418810188,0.0660762415385582,0.04657316675908129,0.09093800144611111,0.08279922479947269,0.07681796138312562,0.08871775762453465,0.17992622824167143,0.17113771533917094,0.18945493942974878,-0.006249998551858983,-0.009727709924041386,-0.0025818991907675505,0.1503058040488354,0.12789289713312516,0.17428603235658416,0.010702018796558112,-0.009248490984433554,0.03187079317080722,0.1873644443578415,0.17958940983168015,0.19551155836036277,0.4084507042253521,0.33098591549295775,0.49295774647887325,0.0,0.0,0.0,0.0,0.0,0.0,0.06648321767193331,0.048706837132914176,0.08449786206589303,0.928798366341988,0.808562317148739,0.9955278581363102,0.3915367411606213,0.3080600700955549,0.4637307359838122,0.3591549295774648,0.2746478873239437,0.43661971830985913,0.025076191190262914,0.018391098260459763,0.03188611814148829,-0.0011544885563873342,-0.003570574008367344,0.0024116535161782704,-0.002433468758220404,-0.007300406274661212,0.0,0.0,0.0,0.0,-0.00017352633073296344,-0.0005205789921988904,0.0,False
direct_invariance_only,False,10.0,1.0,0.0,142,0.9175956975406324,0.7320541945036868,1.109607418810188,0.0660762415385582,0.04657316675908129,0.09093800144611111,0.08279922479947269,0.07681796138312562,0.08871775762453465,0.17992622824167143,0.17113771533917094,0.18945493942974878,-0.006249998551858983,-0.009727709924041386,-0.0025818991907675505,0.1503058040488354,0.12789289713312516,0.17428603235658416,0.010702018796558112,-0.009248490984433554,0.03187079317080722,0.1873644443578415,0.17958940983168015,0.19551155836036277,0.4084507042253521,0.33098591549295775,0.49295774647887325,0.0,0.0,0.0,0.0,0.0,0.0,0.06648321767193331,0.048706837132914176,0.08449786206589303,0.928798366341988,0.808562317148739,0.9955278581363102,0.3915367411606213,0.3080600700955549,0.4637307359838122,0.3591549295774648,0.2746478873239437,0.43661971830985913,0.025076191190262914,0.018391098260459763,0.03188611814148829,-0.0011544885563873342,-0.003570574008367344,0.0024116535161782704,-0.002433468758220404,-0.007300406274661212,0.0,0.0,0.0,0.0,-0.00017352633073296344,-0.0005205789921988904,0.0,False
direct_invariance_only,False,10.0,2.0,0.0,142,0.9077408863625056,0.7286148233942582,1.0981135303338228,0.06715431263749029,0.047349349314897836,0.09209658721802937,0.0821672374854835,0.07616410495706794,0.08811446573145845,0.17989482745493243,0.17116121649261162,0.1894847347534441,-0.006249998551858983,-0.009727709924041386,-0.0025818991907675505,0.1503058040488354,0.12789289713312516,0.17428603235658416,0.010714261727014058,-0.008580602256869766,0.032418296760289185,0.18688464180822156,0.17909844820795442,0.19520743345237718,0.4084507042253521,0.33098591549295775,0.49295774647887325,0.0,0.0,0.0,0.0,0.0,0.0,0.06761055174742786,0.04955532906747515,0.08565467482327786,0.9287169128643035,0.811326319047457,0.996268887395783,0.39817590102043054,0.31622967095019916,0.46987344214542714,0.352112676056338,0.2746478873239437,0.4295774647887324,0.024506402687287668,0.017987001466919,0.031115486803399005,-0.0012359420340718463,-0.023145470152214354,0.02322544718027056,-0.012288279936347209,-0.03358292615329715,0.0032849370593756016,0.0,-0.02112676056338028,0.02112676056338028,0.0009538077447615879,-0.0008578754161340249,0.003896893277554445,False
direct_invariance_only,False,10.0,5.0,0.0,142,0.8781764528281252,0.7114565765668809,1.0588700251784962,0.07083709391070084,0.04996502088304137,0.0968518855338785,0.08038589863342718,0.07459400901702089,0.08634716718864273,0.18007848617301583,0.17107355432681076,0.1895809289555507,-0.006249998551858983,-0.009727709924041386,-0.0025818991907675505,0.1503058040488354,0.12789289713312516,0.17428603235658416,0.010247504154981022,-0.008884822753008823,0.031141455218353313,0.18603828502195874,0.17759482946961916,0.1947431992528612,0.4084507042253521,0.33098591549295775,0.4860915492957745,0.0,0.0,0.0,0.0,0.0,0.0,0.06869649328291416,0.05097839008282188,0.08765608189876756,0.931822299080004,0.8201412709534125,0.9975487348461793,0.40457128958290023,0.32087286836002654,0.473418250542307,0.352112676056338,0.2746478873239437,0.4295774647887324,0.023982508921287428,0.01749167918214496,0.03066920834842702,0.00186944418162871,-0.034777006662111955,0.03691500275859868,-0.04185271347072762,-0.11657306103849074,0.002554404504702125,0.0,-0.028169014084507043,0.028169014084507043,0.00203974928024789,-0.002573236500398374,0.007309904194791132,False
direct_invariance_only,False,10.0,24.520863415390647,0.0,142,0.7927680842473473,0.6572159328458594,0.945596392631111,0.08647565438713826,0.061279576303253716,0.11740503504767383,0.07538782565159277,0.06988303163449583,0.08116356388626383,0.18024496565367415,0.17086872538757192,0.19005747974605383,-0.006249998551858983,-0.009727709924041386,-0.0025818991907675505,0.1503058040488354,0.12789289713312516,0.17428603235658416,0.00993838906288147,-0.011216370451828123,0.03141635751325479,0.1868251691738301,0.1777238988342685,0.19724385297049205,0.4084507042253521,0.33098591549295775,0.4859154929577465,0.0,0.0,0.0,0.0,0.0,0.0,0.06705786773121693,0.04919004780765046,0.08523115848623951,0.9338788736351631,0.8157539797105416,0.9957492503822356,0.39492100292469434,0.30896694725490303,0.46355538037265986,0.3732394366197183,0.2887323943661972,0.4507042253521127,0.02667503321254757,0.01949639957870396,0.0335463802395782,0.003926018736787773,-0.06328434880008946,0.07024139440946052,-0.1272610820515055,-0.25539189155252884,-0.02139127261831729,0.0,-0.04929577464788732,0.04929577464788732,0.00040112372855065576,-0.010228719177957571,0.01046030101904147,True
soft_objective_recourse,False,30.0,0.0,0.0,142,1.8246060494385974,1.440113972940705,2.219927101807905,0.010442909010699098,0.006153993025212221,0.015553600881511058,0.08780658979650954,0.08214412477444595,0.09375042455192183,0.18684950902043657,0.17786983712969845,0.1962245908795371,-0.006249998551858983,-0.009727709924041386,-0.0025818991907675505,0.1503058040488354,0.12789289713312516,0.17428603235658416,-0.041277019070907375,-0.06002586821330265,-0.02132443324465987,0.19114104991903347,0.18459400146953844,0.19811800224318912,0.6971830985915493,0.6126760563380281,0.7676056338028169,0.0,0.0,0.0,0.0,0.0,0.0,0.06165022877845126,0.03821063802223391,0.08531858240660857,0.7253797394444184,0.5496200194697465,0.8676816146883153,0.3630740284989522,0.2475101632700033,0.45389120056849475,0.4859154929577465,0.4014084507042254,0.5563380281690141,0.051706391845790435,0.039931772329228024,0.06327481774062338,0.0,0.0,0.0,0.0,0.0,0.0,0.0,0.0,0.0,0.0,0.0,0.0,False
direct_invariance_only,False,30.0,0.5,0.0,142,1.8270395173573157,1.4412225469894393,2.2199879385058727,0.01036282072604542,0.006108152268218322,0.015474149973039895,0.08766743267925692,0.08200819853850654,0.09353446053262328,0.18667117045414003,0.17778020199550043,0.19622216787333538,-0.006249998551858983,-0.009727709924041386,-0.0025818991907675505,0.1503058040488354,0.12789289713312516,0.17428603235658416,-0.04141655942084084,-0.06020769037201371,-0.02154350082954051,0.19108201960068932,0.1844930493765671,0.19811354606316103,0.704225352112676,0.6197183098591549,0.7746478873239436,0.0,0.0,0.0,0.0,0.0,0.0,0.06178976912838473,0.03821063802223391,0.08555413357073992,0.724451363119788,0.5495946262271575,0.8656094389317187,0.3638958174524136,0.2475141303723386,0.4544062615054807,0.4859154929577465,0.4014084507042254,0.5563380281690141,0.051706391845790435,0.039931772329228024,0.06327481774062338,-0.0009283763246303867,-0.002931909078019118,0.0,0.0024334679187183648,0.0,0.007300403756155095,0.007042253521126761,0.0,0.02112676056338028,0.00013954034993346307,0.0,0.0004186210498003892,False
direct_invariance_only,False,30.0,1.0,0.0,142,1.8246060485990954,1.4403315391129172,2.218825956040495,0.010445384912087883,0.006119293735270769,0.015532724769182608,0.087603886572408,0.08188172558348783,0.09353446053262328,0.18679453629318257,0.1777849194040618,0.19634487257260355,-0.006249998551858983,-0.009727709924041386,-0.0025818991907675505,0.1503058040488354,0.12789289713312516,0.17428603235658416,-0.04121907286241021,-0.06009228997142382,-0.02114852771267925,0.1911421037060668,0.1845456926074981,0.19814439234936704,0.6971830985915493,0.6126760563380281,0.7676056338028169,0.0,0.0,0.0,0.0,0.0,0.0,0.061592282569954096,0.038013967205311215,0.08528359853465792,0.7257652615396153,0.5510622310380242,0.8692665537397483,0.3627327683970488,0.2475141303723386,0.4529468964219134,0.4859154929577465,0.4014084507042254,0.5563380281690141,0.051706391845790435,0.039931772329228024,0.06327481774062338,0.0003855220951969329,-0.002697709645721505,0.003986243656419333,-8.395020390900088e-10,-0.007300406274661212,0.007300403756155095,0.0,-0.02112676056338028,0.02112676056338028,-5.794620849716831e-05,-0.0005924596752918942,0.0004186210498003892,False
direct_invariance_only,False,30.0,2.0,0.0,142,1.8246060485990954,1.4403315391129172,2.218825956040495,0.010445384912087883,0.006119293735270769,0.015532724769182608,0.087603886572408,0.08188172558348783,0.09353446053262328,0.18679453629318257,0.1777849194040618,0.19634487257260355,-0.006249998551858983,-0.009727709924041386,-0.0025818991907675505,0.1503058040488354,0.12789289713312516,0.17428603235658416,-0.04121907286241021,-0.06009228997142382,-0.02114852771267925,0.1911421037060668,0.1845456926074981,0.19814439234936704,0.6971830985915493,0.6126760563380281,0.7676056338028169,0.0,0.0,0.0,0.0,0.0,0.0,0.061592282569954096,0.038013967205311215,0.08528359853465792,0.7257652615396153,0.5510622310380242,0.8692665537397483,0.3627327683970488,0.2475141303723386,0.4529468964219134,0.4859154929577465,0.4014084507042254,0.5563380281690141,0.051706391845790435,0.039931772329228024,0.06327481774062338,0.0003855220951969329,-0.002697709645721505,0.003986243656419333,-8.395020390900088e-10,-0.007300406274661212,0.007300403756155095,0.0,-0.02112676056338028,0.02112676056338028,-5.794620849716831e-05,-0.0005924596752918942,0.0004186210498003892,False
direct_invariance_only,False,30.0,5.0,0.0,142,1.7958930827362436,1.4201697820561452,2.1708888726335176,0.011482038338419417,0.006156831533766129,0.018091094866394992,0.08693328216462068,0.08135131779061237,0.09282462301755874,0.18667211722005422,0.17800532029263952,0.19579142004387023,-0.006249998551858983,-0.009727709924041386,-0.0025818991907675505,0.1503058040488354,0.12789289713312516,0.17428603235658416,-0.04263709558987282,-0.061750112253595404,-0.02374438839951452,0.18987358712755192,0.18332582792370994,0.19713804944707605,0.6901408450704225,0.6056338028169014,0.7605633802816901,0.0,0.0,0.0,0.0,0.0,0.0,0.06410602146995739,0.040550962239372684,0.08777005566926803,0.7163310102381693,0.5456829668712685,0.8612773247114129,0.37753682228464325,0.2635782107559212,0.4668716749629788,0.49295774647887325,0.4084507042253521,0.5704225352112676,0.051513934849013746,0.03996904565834663,0.06289030609940979,-0.009048729206249106,-0.03369322571717405,0.009915446227184129,-0.028712966702353786,-0.0918603270563861,0.005839341962841195,-0.007042253521126761,-0.035211267605633804,0.014084507042253521,0.0024557926915061306,0.000110161283486326,0.005541603073057994,False
direct_invariance_only,False,30.0,24.520863415390647,0.0,142,1.7746014580340452,1.413257645621476,2.150584894917171,0.01342492980856291,0.007321273745365545,0.021232932171141593,0.08434435336942404,0.0789149952003024,0.09005793494920075,0.18680330704320486,0.17781042243668838,0.19602297794121917,-0.006249998551858983,-0.009727709924041386,-0.0025818991907675505,0.1503058040488354,0.12789289713312516,0.17428603235658416,-0.049990429529841514,-0.06825923526685843,-0.03139371067600351,0.18829759280177646,0.18152562327093844,0.1956196627331616,0.6971830985915493,0.6197183098591549,0.7676056338028169,0.0,0.0,0.0,0.0,0.0,0.0,0.06585712744001772,0.042386055896452196,0.08961763590652967,0.6674085219383858,0.48738534347484386,0.8129110702612383,0.3878495350105463,0.2722963467874975,0.48269691786354796,0.528169014084507,0.44366197183098594,0.6056338028169014,0.05338082494030536,0.04259868692344343,0.06441264585919784,-0.05797121750603251,-0.11502137570033019,-0.008297483513785514,-0.05000459140455219,-0.14857097142179249,0.0288521646141586,0.0,-0.04225352112676056,0.04225352112676056,0.004206898661566452,-0.0023323523589003255,0.010756104793661913,True
transport_anchor_only,False,0.0,0.0,0.1,142,0.0,0.0,0.0,0.3071688734729525,0.26652193275136005,0.3507233787852694,0.060434114279776394,0.053874198090888455,0.06786939847991395,0.1869644093558962,0.17569743827217096,0.1992265106648854,-0.006249998551858983,-0.009727709924041386,-0.0025818991907675505,0.1503058040488354,0.12789289713312516,0.17428603235658416,0.1503058040488354,0.12811662458985204,0.17328898137973123,0.21941573588971153,0.20606237135410252,0.23430750699599867,0.1056338028169014,0.056338028169014086,0.15492957746478872,0.0,0.0,0.0,0.0,0.0,0.0,0.0,0.0,0.0,0.0,0.0,0.0,0.0,0.0,0.0,0.0,0.0,0.0,0.0,0.0,0.0,0.0,0.0,0.0,0.0,0.0,0.0,0.0,0.0,0.0,0.0,0.0,0.0,False
mediation_aware_recourse,False,0.0,0.5,0.1,142,0.0,0.0,0.0,0.3071688734729525,0.26652193275136005,0.3507233787852694,0.060434114279776394,0.053874198090888455,0.06786939847991395,0.1869644093558962,0.17569743827217096,0.1992265106648854,-0.006249998551858983,-0.009727709924041386,-0.0025818991907675505,0.1503058040488354,0.12789289713312516,0.17428603235658416,0.1503058040488354,0.12811662458985204,0.17328898137973123,0.21941573588971153,0.20606237135410252,0.23430750699599867,0.1056338028169014,0.056338028169014086,0.15492957746478872,0.0,0.0,0.0,0.0,0.0,0.0,0.0,0.0,0.0,0.0,0.0,0.0,0.0,0.0,0.0,0.0,0.0,0.0,0.0,0.0,0.0,0.0,0.0,0.0,0.0,0.0,0.0,0.0,0.0,0.0,0.0,0.0,0.0,False
mediation_aware_recourse,False,0.0,1.0,0.1,142,0.0,0.0,0.0,0.3071688734729525,0.26652193275136005,0.3507233787852694,0.060434114279776394,0.053874198090888455,0.06786939847991395,0.1869644093558962,0.17569743827217096,0.1992265106648854,-0.006249998551858983,-0.009727709924041386,-0.0025818991907675505,0.1503058040488354,0.12789289713312516,0.17428603235658416,0.1503058040488354,0.12811662458985204,0.17328898137973123,0.21941573588971153,0.20606237135410252,0.23430750699599867,0.1056338028169014,0.056338028169014086,0.15492957746478872,0.0,0.0,0.0,0.0,0.0,0.0,0.0,0.0,0.0,0.0,0.0,0.0,0.0,0.0,0.0,0.0,0.0,0.0,0.0,0.0,0.0,0.0,0.0,0.0,0.0,0.0,0.0,0.0,0.0,0.0,0.0,0.0,0.0,False
mediation_aware_recourse,False,0.0,2.0,0.1,142,0.0,0.0,0.0,0.3071688734729525,0.26652193275136005,0.3507233787852694,0.060434114279776394,0.053874198090888455,0.06786939847991395,0.1869644093558962,0.17569743827217096,0.1992265106648854,-0.006249998551858983,-0.009727709924041386,-0.0025818991907675505,0.1503058040488354,0.12789289713312516,0.17428603235658416,0.1503058040488354,0.12811662458985204,0.17328898137973123,0.21941573588971153,0.20606237135410252,0.23430750699599867,0.1056338028169014,0.056338028169014086,0.15492957746478872,0.0,0.0,0.0,0.0,0.0,0.0,0.0,0.0,0.0,0.0,0.0,0.0,0.0,0.0,0.0,0.0,0.0,0.0,0.0,0.0,0.0,0.0,0.0,0.0,0.0,0.0,0.0,0.0,0.0,0.0,0.0,0.0,0.0,False
mediation_aware_recourse,False,0.0,5.0,0.1,142,0.0,0.0,0.0,0.3071688734729525,0.26652193275136005,0.3507233787852694,0.060434114279776394,0.053874198090888455,0.06786939847991395,0.1869644093558962,0.17569743827217096,0.1992265106648854,-0.006249998551858983,-0.009727709924041386,-0.0025818991907675505,0.1503058040488354,0.12789289713312516,0.17428603235658416,0.1503058040488354,0.12811662458985204,0.17328898137973123,0.21941573588971153,0.20606237135410252,0.23430750699599867,0.1056338028169014,0.056338028169014086,0.15492957746478872,0.0,0.0,0.0,0.0,0.0,0.0,0.0,0.0,0.0,0.0,0.0,0.0,0.0,0.0,0.0,0.0,0.0,0.0,0.0,0.0,0.0,0.0,0.0,0.0,0.0,0.0,0.0,0.0,0.0,0.0,0.0,0.0,0.0,False
mediation_aware_recourse,False,0.0,24.520863415390647,0.1,142,0.04586818373539078,0.024555272986771355,0.06874483139582083,0.30439932350541504,0.26333518748656964,0.34883776824973833,0.05752571067497344,0.051244235665104554,0.0642524218809804,0.1864258551559118,0.17485958669430843,0.19895881355145484,-0.006249998551858983,-0.009727709924041386,-0.0025818991907675505,0.1503058040488354,0.12789289713312516,0.17428603235658416,0.1344222726798813,0.11074478784903989,0.15855052732652655,0.2145406256488223,0.20023471909200502,0.2298747632084857,0.14788732394366197,0.09154929577464789,0.2112676056338028,0.0,0.0,0.0,0.0,0.0,0.0,0.007930021050950172,0.0009225055208088648,0.016009031157468403,0.10567477064154773,0.053157232429229574,0.17180194733799714,0.04670193032692105,0.004662269177627807,0.09324309893741384,0.035211267605633804,0.007042253521126761,0.07042253521126761,0.0028741859214406616,0.0004323611796741754,0.006008688517859284,0.10567477064154773,0.053743592894145584,0.1673874908887451,0.04586818373539078,0.024555272986771355,0.06874483139582083,0.04225352112676056,0.014084507042253521,0.07746478873239436,0.007930021050950172,0.0005788654456256141,0.014972980834648639,True
transport_anchor_only,False,1.0,0.0,0.1,142,0.0,0.0,0.0,0.3071688734729525,0.26652193275136005,0.3507233787852694,0.060434114279776394,0.053874198090888455,0.06786939847991395,0.1869644093558962,0.17569743827217096,0.1992265106648854,-0.006249998551858983,-0.009727709924041386,-0.0025818991907675505,0.1503058040488354,0.12789289713312516,0.17428603235658416,0.1503058040488354,0.12811662458985204,0.17328898137973123,0.21941573588971153,0.20606237135410252,0.23430750699599867,0.1056338028169014,0.056338028169014086,0.15492957746478872,0.0,0.0,0.0,0.0,0.0,0.0,0.0,0.0,0.0,0.0,0.0,0.0,0.0,0.0,0.0,0.0,0.0,0.0,0.0,0.0,0.0,0.0,0.0,0.0,0.0,0.0,0.0,0.0,0.0,0.0,0.0,0.0,0.0,False
mediation_aware_recourse,False,1.0,0.5,0.1,142,0.0,0.0,0.0,0.3071688734729525,0.26652193275136005,0.3507233787852694,0.060434114279776394,0.053874198090888455,0.06786939847991395,0.1869644093558962,0.17569743827217096,0.1992265106648854,-0.006249998551858983,-0.009727709924041386,-0.0025818991907675505,0.1503058040488354,0.12789289713312516,0.17428603235658416,0.1503058040488354,0.12811662458985204,0.17328898137973123,0.21941573588971153,0.20606237135410252,0.23430750699599867,0.1056338028169014,0.056338028169014086,0.15492957746478872,0.0,0.0,0.0,0.0,0.0,0.0,0.0,0.0,0.0,0.0,0.0,0.0,0.0,0.0,0.0,0.0,0.0,0.0,0.0,0.0,0.0,0.0,0.0,0.0,0.0,0.0,0.0,0.0,0.0,0.0,0.0,0.0,0.0,False
mediation_aware_recourse,False,1.0,1.0,0.1,142,0.0,0.0,0.0,0.3071688734729525,0.26652193275136005,0.3507233787852694,0.060434114279776394,0.053874198090888455,0.06786939847991395,0.1869644093558962,0.17569743827217096,0.1992265106648854,-0.006249998551858983,-0.009727709924041386,-0.0025818991907675505,0.1503058040488354,0.12789289713312516,0.17428603235658416,0.1503058040488354,0.12811662458985204,0.17328898137973123,0.21941573588971153,0.20606237135410252,0.23430750699599867,0.1056338028169014,0.056338028169014086,0.15492957746478872,0.0,0.0,0.0,0.0,0.0,0.0,0.0,0.0,0.0,0.0,0.0,0.0,0.0,0.0,0.0,0.0,0.0,0.0,0.0,0.0,0.0,0.0,0.0,0.0,0.0,0.0,0.0,0.0,0.0,0.0,0.0,0.0,0.0,False
mediation_aware_recourse,False,1.0,2.0,0.1,142,0.0,0.0,0.0,0.3071688734729525,0.26652193275136005,0.3507233787852694,0.060434114279776394,0.053874198090888455,0.06786939847991395,0.1869644093558962,0.17569743827217096,0.1992265106648854,-0.006249998551858983,-0.009727709924041386,-0.0025818991907675505,0.1503058040488354,0.12789289713312516,0.17428603235658416,0.1503058040488354,0.12811662458985204,0.17328898137973123,0.21941573588971153,0.20606237135410252,0.23430750699599867,0.1056338028169014,0.056338028169014086,0.15492957746478872,0.0,0.0,0.0,0.0,0.0,0.0,0.0,0.0,0.0,0.0,0.0,0.0,0.0,0.0,0.0,0.0,0.0,0.0,0.0,0.0,0.0,0.0,0.0,0.0,0.0,0.0,0.0,0.0,0.0,0.0,0.0,0.0,0.0,False
mediation_aware_recourse,False,1.0,5.0,0.1,142,0.0,0.0,0.0,0.3071688734729525,0.26652193275136005,0.3507233787852694,0.060434114279776394,0.053874198090888455,0.06786939847991395,0.1869644093558962,0.17569743827217096,0.1992265106648854,-0.006249998551858983,-0.009727709924041386,-0.0025818991907675505,0.1503058040488354,0.12789289713312516,0.17428603235658416,0.1503058040488354,0.12811662458985204,0.17328898137973123,0.21941573588971153,0.20606237135410252,0.23430750699599867,0.1056338028169014,0.056338028169014086,0.15492957746478872,0.0,0.0,0.0,0.0,0.0,0.0,0.0,0.0,0.0,0.0,0.0,0.0,0.0,0.0,0.0,0.0,0.0,0.0,0.0,0.0,0.0,0.0,0.0,0.0,0.0,0.0,0.0,0.0,0.0,0.0,0.0,0.0,0.0,False
mediation_aware_recourse,False,1.0,24.520863415390647,0.1,142,0.05158658934311128,0.029443496969384208,0.0763023474371769,0.3022480390861001,0.2611842971977214,0.34509435769852614,0.05732202145572699,0.05123716979681082,0.06394982847162115,0.18657154833871714,0.17508797838173354,0.1990608966264419,-0.006249998551858983,-0.009727709924041386,-0.0025818991907675505,0.1503058040488354,0.12789289713312516,0.17428603235658416,0.13264312188495214,0.10908548135677694,0.15669480965826924,0.21401484613037916,0.19988676953451986,0.22930558255102,0.15492957746478872,0.09859154929577464,0.21830985915492956,0.0,0.0,0.0,0.0,0.0,0.0,0.008947438337433507,0.0016117771956282606,0.017154435299231968,0.11751164418204718,0.06237162368009852,0.18477538855744977,0.05269376199060338,0.010153908702141527,0.10432339235945247,0.04225352112676056,0.014084507042253521,0.07746478873239436,0.003040750891389981,0.0005984924366356621,0.006237629958441558,0.11751164418204718,0.06114508524648388,0.1815871751504344,0.05158658934311128,0.029443496969384208,0.0763023474371769,0.04929577464788732,0.02112676056338028,0.08450704225352113,0.008947438337433507,0.0013979439059613457,0.01683897255382067,True
transport_anchor_only,False,3.0,0.0,0.1,142,0.22666065709691652,0.1872414123844093,0.26607990180942376,0.18440066068105296,0.14781921860092964,0.22486653045659333,0.07219823112737545,0.06568089839969565,0.07890434378666253,0.18022758857360188,0.1694873514097674,0.19171907348173534,-0.006249998551858983,-0.009727709924041386,-0.0025818991907675505,0.1503058040488354,0.12789289713312516,0.17428603235658416,0.08648039523879407,0.06629303418112997,0.10900944357370616,0.1951164587427744,0.1838097349936126,0.20703777621835998,0.16901408450704225,0.1056338028169014,0.22552816901408435,0.0,0.0,0.0,0.0,0.0,0.0,0.04762572307192104,0.03598376212930175,0.05987541119922214,0.42463702059904496,0.35176180648896305,0.5103901241355189,0.2804801130266342,0.21416021992925985,0.33528190776026784,0.09859154929577464,0.04929577464788732,0.14788732394366197,0.00544640988531247,0.002451594331314866,0.008615944975278747,0.0,0.0,0.0,0.0,0.0,0.0,0.0,0.0,0.0,0.0,0.0,0.0,False
mediation_aware_recourse,False,3.0,0.5,0.1,142,0.22666065709691652,0.1872414123844093,0.26607990180942376,0.18440066068105296,0.14781921860092964,0.22486653045659333,0.07219823112737545,0.06568089839969565,0.07890434378666253,0.18022758857360188,0.1694873514097674,0.19171907348173534,-0.006249998551858983,-0.009727709924041386,-0.0025818991907675505,0.1503058040488354,0.12789289713312516,0.17428603235658416,0.08648039523879407,0.06629303418112997,0.10900944357370616,0.1951164587427744,0.1838097349936126,0.20703777621835998,0.16901408450704225,0.1056338028169014,0.22552816901408435,0.0,0.0,0.0,0.0,0.0,0.0,0.04762572307192104,0.03598376212930175,0.05987541119922214,0.42463702059904496,0.35176180648896305,0.5103901241355189,0.2804801130266342,0.21416021992925985,0.33528190776026784,0.09859154929577464,0.04929577464788732,0.14788732394366197,0.00544640988531247,0.002451594331314866,0.008615944975278747,0.0,0.0,0.0,0.0,0.0,0.0,0.0,0.0,0.0,0.0,0.0,0.0,False
mediation_aware_recourse,False,3.0,1.0,0.1,142,0.22666065709691652,0.1872414123844093,0.26607990180942376,0.18440066068105296,0.14781921860092964,0.22486653045659333,0.07219823112737545,0.06568089839969565,0.07890434378666253,0.18022758857360188,0.1694873514097674,0.19171907348173534,-0.006249998551858983,-0.009727709924041386,-0.0025818991907675505,0.1503058040488354,0.12789289713312516,0.17428603235658416,0.08648039523879407,0.06629303418112997,0.10900944357370616,0.1951164587427744,0.1838097349936126,0.20703777621835998,0.16901408450704225,0.1056338028169014,0.22552816901408435,0.0,0.0,0.0,0.0,0.0,0.0,0.04762572307192104,0.03598376212930175,0.05987541119922214,0.42463702059904496,0.35176180648896305,0.5103901241355189,0.2804801130266342,0.21416021992925985,0.33528190776026784,0.09859154929577464,0.04929577464788732,0.14788732394366197,0.00544640988531247,0.002451594331314866,0.008615944975278747,0.0,0.0,0.0,0.0,0.0,0.0,0.0,0.0,0.0,0.0,0.0,0.0,False
mediation_aware_recourse,False,3.0,2.0,0.1,142,0.2069510347406629,0.1708167270875313,0.24637027945317014,0.19157080184405959,0.1548155563555553,0.23462160096411974,0.07107675126688161,0.0645728776165822,0.07776079861066815,0.1805576558001864,0.16994359677421375,0.19221658129048286,-0.006249998551858983,-0.009727709924041386,-0.0025818991907675505,0.1503058040488354,0.12789289713312516,0.17428603235658416,0.09025695822923116,0.06986629131027092,0.11194078668191187,0.19587251994319418,0.1841975062629503,0.2080273777758883,0.1619718309859155,0.09859154929577464,0.21830985915492956,0.0,0.0,0.0,0.0,0.0,0.0,0.04621582714394784,0.034830984944136625,0.05861278432486972,0.3995111579330227,0.3217446111453589,0.4816756111228511,0.2721768738582433,0.2113674910378438,0.3285078109340757,0.09859154929577464,0.04929577464788732,0.14788732394366197,0.00544640988531247,0.002451594331314866,0.008615944975278747,-0.025125862666022236,-0.04760513248693975,-0.007008772517487583,-0.01970962235625361,-0.03613430765313162,-0.006569874118751203,-0.007042253521126761,-0.02112676056338028,0.0,-0.0014098959279731965,-0.005135966989565904,0.0013623399555053508,False
mediation_aware_recourse,False,3.0,5.0,0.1,142,0.1905263494437849,0.15439204179065327,0.22666065709691652,0.19842506777232802,0.15888897113397088,0.24200644005667157,0.06972837074279366,0.06324705334452414,0.07641370825594107,0.180858087065704,0.16995605117763815,0.1925853624664457,-0.006249998551858983,-0.009727709924041386,-0.0025818991907675505,0.1503058040488354,0.12789289713312516,0.17428603235658416,0.09190002317264886,0.07169086610845907,0.11451311661586375,0.19644287271379218,0.18502934261220738,0.20869507538194237,0.16901408450704225,0.1056338028169014,0.2323943661971831,0.0,0.0,0.0,0.0,0.0,0.0,0.045248599539340385,0.034216750166575674,0.05734177352991742,0.38857967758324286,0.3158250080720165,0.4723899713761668,0.2664806221193857,0.20218217822561188,0.3230589218363355,0.1056338028169014,0.056338028169014086,0.15492957746478872,0.005662590475149558,0.002618997381396697,0.008683564655587705,-0.0360573430158021,-0.06949911968494346,-0.0006114338458008768,-0.03613430765313162,-0.05912886706876083,-0.013139748237502406,0.0,-0.02112676056338028,0.02112676056338028,-0.0023771235325806576,-0.007101531624531662,0.001934572271215663,False
mediation_aware_recourse,False,3.0,24.520863415390647,0.1,142,0.11473092352840263,0.08370240331220795,0.14929847101300536,0.2710415840568677,0.23066196642081502,0.31668316428615173,0.0576667113387039,0.051716308349179445,0.0641969332310804,0.18435814835900713,0.17284421432837668,0.1967063673968676,-0.006249998551858983,-0.009727709924041386,-0.0025818991907675505,0.1503058040488354,0.12789289713312516,0.17428603235658416,0.11323549039661884,0.09002840217386543,0.13678057133023377,0.20606793466096243,0.19255143939149993,0.22067091264797892,0.19718309859154928,0.13380281690140844,0.2605633802816901,0.0,0.0,0.0,0.0,0.0,0.0,0.023413329739385928,0.012831343833724378,0.03381273526777054,0.24663261599779707,0.17101843447177179,0.33352186234817605,0.13788711116712793,0.08017364699296203,0.1981474041175486,0.08450704225352113,0.04225352112676056,0.13380281690140844,0.005511620934580413,0.002291865290050775,0.009587442455157427,-0.1780044046012479,-0.2740085535167046,-0.07994857018268293,-0.11192973356851389,-0.1652192582599294,-0.06261915106483752,0.028169014084507043,-0.02112676056338028,0.07746478873239436,-0.024212393332535113,-0.03707947455162943,-0.01146836893265726,True
transport_anchor_only,False,10.0,0.0,0.1,142,0.9200291662988528,0.7344724232776904,1.1120408875684085,0.06582793761307085,0.0464019699625566,0.09050669260323047,0.0829404200178007,0.0769372344836855,0.08894570689635273,0.17984755939755923,0.17113771533917094,0.18943147936862118,-0.006249998551858983,-0.009727709924041386,-0.0025818991907675505,0.1503058040488354,0.12789289713312516,0.17428603235658416,0.010528492465825148,-0.009484621059989007,0.031697266840074255,0.18732539519962763,0.17955036067346627,0.19547153297319358,0.4084507042253521,0.33098591549295775,0.49295774647887325,0.0,0.0,0.0,0.0,0.0,0.0,0.06665674400266627,0.04880032220225729,0.0848738541774137,0.9299528548983753,0.8096497176373726,0.9964734346472471,0.3925586822823043,0.30957748321490175,0.46508920974860357,0.3591549295774648,0.2746478873239437,0.43661971830985913,0.025076191190262914,0.018391098260459763,0.03188611814148829,0.0,0.0,0.0,0.0,0.0,0.0,0.0,0.0,0.0,0.0,0.0,0.0,False
mediation_aware_recourse,False,10.0,0.5,0.1,142,0.9175956975406324,0.7320541945036868,1.109607418810188,0.0660762415385582,0.04657316675908129,0.09093800144611111,0.08279922479947269,0.07681796138312562,0.08871775762453465,0.17992622824167143,0.17113771533917094,0.18945493942974878,-0.006249998551858983,-0.009727709924041386,-0.0025818991907675505,0.1503058040488354,0.12789289713312516,0.17428603235658416,0.010702018796558112,-0.009248490984433554,0.03187079317080722,0.1873644443578415,0.17958940983168015,0.19551155836036277,0.4084507042253521,0.33098591549295775,0.49295774647887325,0.0,0.0,0.0,0.0,0.0,0.0,0.06648321767193331,0.048706837132914176,0.08449786206589303,0.928798366341988,0.808562317148739,0.9955278581363102,0.3915367411606213,0.3080600700955549,0.4637307359838122,0.3591549295774648,0.2746478873239437,0.43661971830985913,0.025076191190262914,0.018391098260459763,0.03188611814148829,-0.0011544885563873342,-0.003570574008367344,0.0024116535161782704,-0.002433468758220404,-0.007300406274661212,0.0,0.0,0.0,0.0,-0.00017352633073296344,-0.0005205789921988904,0.0,False
mediation_aware_recourse,False,10.0,1.0,0.1,142,0.9101743551207261,0.7287692632893442,1.1021860763902815,0.06682958611300294,0.04717600784251388,0.09175137981352671,0.0826961998499825,0.07671405576484304,0.08860424976815587,0.17963154525649103,0.17076091293284906,0.18943037209866193,-0.006249998551858983,-0.009727709924041386,-0.0025818991907675505,0.1503058040488354,0.12789289713312516,0.17428603235658416,0.01172739435249651,-0.007637435894354548,0.03331918879608873,0.18724997651284483,0.17940487245537676,0.19534693794735397,0.4014084507042254,0.323943661971831,0.4859154929577465,0.0,0.0,0.0,0.0,0.0,0.0,0.0665974191219454,0.048734518960380634,0.08468925614028014,0.9219764371262323,0.8055493420544669,0.9954311199891992,0.3922093028256448,0.3084990629882632,0.4648999292650571,0.352112676056338,0.2746478873239437,0.4295774647887324,0.024506402687287668,0.017987001466919,0.031115486803399005,-0.007976417772142974,-0.022056527842109486,0.01697086760322424,-0.009854811178126805,-0.029564433534380416,0.0,-0.007042253521126761,-0.02112676056338028,0.0,-5.932488072086388e-05,-0.0005205789921988904,0.0003426043500362987,False
mediation_aware_recourse,False,10.0,2.0,0.1,142,0.9101743551207261,0.729602466959139,1.100661894511169,0.06686121351282362,0.046981510777078885,0.09179183908436499,0.08241726721728772,0.07634097197893219,0.08835754566137272,0.17982180307273854,0.17101881894733356,0.18941143195171062,-0.006249998551858983,-0.009727709924041386,-0.0025818991907675505,0.1503058040488354,0.12789289713312516,0.17428603235658416,0.01052047044668399,-0.008928804413061327,0.03204153414002396,0.1867679764910824,0.17898469952374377,0.1950907777445292,0.4084507042253521,0.33098591549295775,0.49295774647887325,0.0,0.0,0.0,0.0,0.0,0.0,0.06780434302775792,0.04994056583119845,0.08568718691002315,0.9300062262182116,0.8135862907696199,0.9964542724108095,0.39931718763414703,0.3183744538769236,0.47076478519464243,0.352112676056338,0.2746478873239437,0.4295774647887324,0.024506402687287668,0.017987001466919,0.031115486803399005,5.337131983629284e-05,-0.021570008134033317,0.024375547989560462,-0.009854811178126805,-0.031267370136690814,0.0041364053605308,0.0,-0.02112676056338028,0.02112676056338028,0.001147599025091655,-0.0005092629270864205,0.0040665677801089385,False
mediation_aware_recourse,False,10.0,5.0,0.1,142,0.8781764528281252,0.7114565765668809,1.0588700251784962,0.07083709391070084,0.04996502088304137,0.0968518855338785,0.08038589863342718,0.07459400901702089,0.08634716718864273,0.18007848617301583,0.17107355432681076,0.1895809289555507,-0.006249998551858983,-0.009727709924041386,-0.0025818991907675505,0.1503058040488354,0.12789289713312516,0.17428603235658416,0.010247504154981022,-0.008884822753008823,0.031141455218353313,0.18603828502195874,0.17759482946961916,0.1947431992528612,0.4084507042253521,0.33098591549295775,0.4860915492957745,0.0,0.0,0.0,0.0,0.0,0.0,0.06869649328291416,0.05097839008282188,0.08765608189876756,0.931822299080004,0.8201412709534125,0.9975487348461793,0.40457128958290023,0.32087286836002654,0.473418250542307,0.352112676056338,0.2746478873239437,0.4295774647887324,0.023982508921287428,0.01749167918214496,0.03066920834842702,0.00186944418162871,-0.034777006662111955,0.03691500275859868,-0.04185271347072762,-0.11657306103849074,0.002554404504702125,0.0,-0.028169014084507043,0.028169014084507043,0.00203974928024789,-0.002573236500398374,0.007309904194791132,False
mediation_aware_recourse,False,10.0,24.520863415390647,0.1,142,0.8000684905220086,0.6655039842384801,0.9505059011385474,0.08635796522590476,0.06105323906620623,0.11728126336886008,0.07513888748231488,0.06968405367183486,0.08090607554317307,0.1798486883354159,0.17045045483861762,0.1897734750265544,-0.006249998551858983,-0.009727709924041386,-0.0025818991907675505,0.1503058040488354,0.12789289713312516,0.17428603235658416,0.00923172374006728,-0.011699031029736072,0.03067114810839715,0.18654318730602643,0.17723242591352623,0.1968494380253406,0.4154929577464789,0.33098591549295775,0.49295774647887325,0.0,0.0,0.0,0.0,0.0,0.0,0.06776453305403111,0.04957475417136202,0.08599338569927593,0.9385803908339572,0.8192561119008839,0.9976846509506454,0.39908273647602766,0.3120738741775592,0.4691419268660554,0.3732394366197183,0.2887323943661972,0.4507042253521127,0.02667503321254757,0.01949639957870396,0.0335463802395782,0.008627535935581854,-0.06127329849145567,0.07518291622937494,-0.1199606757768443,-0.2454191666935951,-0.015815095734638226,0.007042253521126761,-0.04929577464788732,0.06338028169014084,0.001107789051364845,-0.009616940439691846,0.011161257401371086,True
transport_anchor_only,False,30.0,0.0,0.1,142,1.8246060494385974,1.440113972940705,2.219927101807905,0.010442909010699098,0.006153993025212221,0.015553600881511058,0.08780658979650954,0.08214412477444595,0.09375042455192183,0.18684950902043657,0.17786983712969845,0.1962245908795371,-0.006249998551858983,-0.009727709924041386,-0.0025818991907675505,0.1503058040488354,0.12789289713312516,0.17428603235658416,-0.041277019070907375,-0.06002586821330265,-0.02132443324465987,0.19114104991903347,0.18459400146953844,0.19811800224318912,0.6971830985915493,0.6126760563380281,0.7676056338028169,0.0,0.0,0.0,0.0,0.0,0.0,0.06165022877845126,0.03821063802223391,0.08531858240660857,0.7253797394444184,0.5496200194697465,0.8676816146883153,0.3630740284989522,0.2475101632700033,0.45389120056849475,0.4859154929577465,0.4014084507042254,0.5563380281690141,0.051706391845790435,0.039931772329228024,0.06327481774062338,0.0,0.0,0.0,0.0,0.0,0.0,0.0,0.0,0.0,0.0,0.0,0.0,False
mediation_aware_recourse,False,30.0,0.5,0.1,142,1.8270395173573157,1.4412225469894393,2.2199879385058727,0.01036282072604542,0.006108152268218322,0.015474149973039895,0.08766743267925692,0.08200819853850654,0.09353446053262328,0.18667117045414003,0.17778020199550043,0.19622216787333538,-0.006249998551858983,-0.009727709924041386,-0.0025818991907675505,0.1503058040488354,0.12789289713312516,0.17428603235658416,-0.04141655942084084,-0.06020769037201371,-0.02154350082954051,0.19108201960068932,0.1844930493765671,0.19811354606316103,0.704225352112676,0.6197183098591549,0.7746478873239436,0.0,0.0,0.0,0.0,0.0,0.0,0.06178976912838473,0.03821063802223391,0.08555413357073992,0.724451363119788,0.5495946262271575,0.8656094389317187,0.3638958174524136,0.2475141303723386,0.4544062615054807,0.4859154929577465,0.4014084507042254,0.5563380281690141,0.051706391845790435,0.039931772329228024,0.06327481774062338,-0.0009283763246303867,-0.002931909078019118,0.0,0.0024334679187183648,0.0,0.007300403756155095,0.007042253521126761,0.0,0.02112676056338028,0.00013954034993346307,0.0,0.0004186210498003892,False
mediation_aware_recourse,False,30.0,1.0,0.1,142,1.8246060485990954,1.4403315391129172,2.218825956040495,0.010445384912087883,0.006119293735270769,0.015532724769182608,0.087603886572408,0.08188172558348783,0.09353446053262328,0.18679453629318257,0.1777849194040618,0.19634487257260355,-0.006249998551858983,-0.009727709924041386,-0.0025818991907675505,0.1503058040488354,0.12789289713312516,0.17428603235658416,-0.04121907286241021,-0.06009228997142382,-0.02114852771267925,0.1911421037060668,0.1845456926074981,0.19814439234936704,0.6971830985915493,0.6126760563380281,0.7676056338028169,0.0,0.0,0.0,0.0,0.0,0.0,0.061592282569954096,0.038013967205311215,0.08528359853465792,0.7257652615396153,0.5510622310380242,0.8692665537397483,0.3627327683970488,0.2475141303723386,0.4529468964219134,0.4859154929577465,0.4014084507042254,0.5563380281690141,0.051706391845790435,0.039931772329228024,0.06327481774062338,0.0003855220951969329,-0.002697709645721505,0.003986243656419333,-8.395020390900088e-10,-0.007300406274661212,0.007300403756155095,0.0,-0.02112676056338028,0.02112676056338028,-5.794620849716831e-05,-0.0005924596752918942,0.0004186210498003892,False
mediation_aware_recourse,False,30.0,2.0,0.1,142,1.8246060485990954,1.4403315391129172,2.218825956040495,0.010445384912087883,0.006119293735270769,0.015532724769182608,0.087603886572408,0.08188172558348783,0.09353446053262328,0.18679453629318257,0.1777849194040618,0.19634487257260355,-0.006249998551858983,-0.009727709924041386,-0.0025818991907675505,0.1503058040488354,0.12789289713312516,0.17428603235658416,-0.04121907286241021,-0.06009228997142382,-0.02114852771267925,0.1911421037060668,0.1845456926074981,0.19814439234936704,0.6971830985915493,0.6126760563380281,0.7676056338028169,0.0,0.0,0.0,0.0,0.0,0.0,0.061592282569954096,0.038013967205311215,0.08528359853465792,0.7257652615396153,0.5510622310380242,0.8692665537397483,0.3627327683970488,0.2475141303723386,0.4529468964219134,0.4859154929577465,0.4014084507042254,0.5563380281690141,0.051706391845790435,0.039931772329228024,0.06327481774062338,0.0003855220951969329,-0.002697709645721505,0.003986243656419333,-8.395020390900088e-10,-0.007300406274661212,0.007300403756155095,0.0,-0.02112676056338028,0.02112676056338028,-5.794620849716831e-05,-0.0005924596752918942,0.0004186210498003892,False
mediation_aware_recourse,False,30.0,5.0,0.1,142,1.7958930827362436,1.4201697820561452,2.1708888726335176,0.011482038338419417,0.006156831533766129,0.018091094866394992,0.08693328216462068,0.08135131779061237,0.09282462301755874,0.18667211722005422,0.17800532029263952,0.19579142004387023,-0.006249998551858983,-0.009727709924041386,-0.0025818991907675505,0.1503058040488354,0.12789289713312516,0.17428603235658416,-0.04263709558987282,-0.061750112253595404,-0.02374438839951452,0.18987358712755192,0.18332582792370994,0.19713804944707605,0.6901408450704225,0.6056338028169014,0.7605633802816901,0.0,0.0,0.0,0.0,0.0,0.0,0.06410602146995739,0.040550962239372684,0.08777005566926803,0.7163310102381693,0.5456829668712685,0.8612773247114129,0.37753682228464325,0.2635782107559212,0.4668716749629788,0.49295774647887325,0.4084507042253521,0.5704225352112676,0.051513934849013746,0.03996904565834663,0.06289030609940979,-0.009048729206249106,-0.03369322571717405,0.009915446227184129,-0.028712966702353786,-0.0918603270563861,0.005839341962841195,-0.007042253521126761,-0.035211267605633804,0.014084507042253521,0.0024557926915061306,0.000110161283486326,0.005541603073057994,False
mediation_aware_recourse,False,30.0,24.520863415390647,0.1,142,1.7770349267922656,1.415751951098652,2.1565226237276494,0.01342492980856291,0.007321273745365545,0.021232932171141593,0.0842453538322113,0.07885135390441603,0.09000749910433947,0.1866786092292395,0.17772933089441048,0.19595187983230772,-0.006249998551858983,-0.009727709924041386,-0.0025818991907675505,0.1503058040488354,0.12789289713312516,0.17428603235658416,-0.05027530321352918,-0.06838489678019369,-0.031887340474821314,0.1882037513329923,0.18143178180215427,0.1956166604370515,0.6971830985915493,0.6197183098591549,0.7676056338028169,0.0,0.0,0.0,0.0,0.0,0.0,0.06614200112370539,0.04260906300664892,0.09024102618576775,0.6655132279709279,0.4851394581957661,0.8128711252356965,0.3895272292867753,0.2739836212572894,0.4845040019722554,0.528169014084507,0.44366197183098594,0.6056338028169014,0.05338082494030536,0.04259868692344343,0.06441264585919784,-0.059866511473490425,-0.11568424031730075,-0.008786877677271631,-0.04757112264633179,-0.1461192361905541,0.03114945637193364,0.0,-0.04225352112676056,0.04225352112676056,0.004491772345254119,-0.0023201274698678876,0.01137041904451981,True
transport_anchor_only,False,0.0,0.0,0.5,142,0.0,0.0,0.0,0.3071688734729525,0.26652193275136005,0.3507233787852694,0.060434114279776394,0.053874198090888455,0.06786939847991395,0.1869644093558962,0.17569743827217096,0.1992265106648854,-0.006249998551858983,-0.009727709924041386,-0.0025818991907675505,0.1503058040488354,0.12789289713312516,0.17428603235658416,0.1503058040488354,0.12811662458985204,0.17328898137973123,0.21941573588971153,0.20606237135410252,0.23430750699599867,0.1056338028169014,0.056338028169014086,0.15492957746478872,0.0,0.0,0.0,0.0,0.0,0.0,0.0,0.0,0.0,0.0,0.0,0.0,0.0,0.0,0.0,0.0,0.0,0.0,0.0,0.0,0.0,0.0,0.0,0.0,0.0,0.0,0.0,0.0,0.0,0.0,0.0,0.0,0.0,False
mediation_aware_recourse,False,0.0,0.5,0.5,142,0.0,0.0,0.0,0.3071688734729525,0.26652193275136005,0.3507233787852694,0.060434114279776394,0.053874198090888455,0.06786939847991395,0.1869644093558962,0.17569743827217096,0.1992265106648854,-0.006249998551858983,-0.009727709924041386,-0.0025818991907675505,0.1503058040488354,0.12789289713312516,0.17428603235658416,0.1503058040488354,0.12811662458985204,0.17328898137973123,0.21941573588971153,0.20606237135410252,0.23430750699599867,0.1056338028169014,0.056338028169014086,0.15492957746478872,0.0,0.0,0.0,0.0,0.0,0.0,0.0,0.0,0.0,0.0,0.0,0.0,0.0,0.0,0.0,0.0,0.0,0.0,0.0,0.0,0.0,0.0,0.0,0.0,0.0,0.0,0.0,0.0,0.0,0.0,0.0,0.0,0.0,False
mediation_aware_recourse,False,0.0,1.0,0.5,142,0.0,0.0,0.0,0.3071688734729525,0.26652193275136005,0.3507233787852694,0.060434114279776394,0.053874198090888455,0.06786939847991395,0.1869644093558962,0.17569743827217096,0.1992265106648854,-0.006249998551858983,-0.009727709924041386,-0.0025818991907675505,0.1503058040488354,0.12789289713312516,0.17428603235658416,0.1503058040488354,0.12811662458985204,0.17328898137973123,0.21941573588971153,0.20606237135410252,0.23430750699599867,0.1056338028169014,0.056338028169014086,0.15492957746478872,0.0,0.0,0.0,0.0,0.0,0.0,0.0,0.0,0.0,0.0,0.0,0.0,0.0,0.0,0.0,0.0,0.0,0.0,0.0,0.0,0.0,0.0,0.0,0.0,0.0,0.0,0.0,0.0,0.0,0.0,0.0,0.0,0.0,False
mediation_aware_recourse,False,0.0,2.0,0.5,142,0.0,0.0,0.0,0.3071688734729525,0.26652193275136005,0.3507233787852694,0.060434114279776394,0.053874198090888455,0.06786939847991395,0.1869644093558962,0.17569743827217096,0.1992265106648854,-0.006249998551858983,-0.009727709924041386,-0.0025818991907675505,0.1503058040488354,0.12789289713312516,0.17428603235658416,0.1503058040488354,0.12811662458985204,0.17328898137973123,0.21941573588971153,0.20606237135410252,0.23430750699599867,0.1056338028169014,0.056338028169014086,0.15492957746478872,0.0,0.0,0.0,0.0,0.0,0.0,0.0,0.0,0.0,0.0,0.0,0.0,0.0,0.0,0.0,0.0,0.0,0.0,0.0,0.0,0.0,0.0,0.0,0.0,0.0,0.0,0.0,0.0,0.0,0.0,0.0,0.0,0.0,False
mediation_aware_recourse,False,0.0,5.0,0.5,142,0.0,0.0,0.0,0.3071688734729525,0.26652193275136005,0.3507233787852694,0.060434114279776394,0.053874198090888455,0.06786939847991395,0.1869644093558962,0.17569743827217096,0.1992265106648854,-0.006249998551858983,-0.009727709924041386,-0.0025818991907675505,0.1503058040488354,0.12789289713312516,0.17428603235658416,0.1503058040488354,0.12811662458985204,0.17328898137973123,0.21941573588971153,0.20606237135410252,0.23430750699599867,0.1056338028169014,0.056338028169014086,0.15492957746478872,0.0,0.0,0.0,0.0,0.0,0.0,0.0,0.0,0.0,0.0,0.0,0.0,0.0,0.0,0.0,0.0,0.0,0.0,0.0,0.0,0.0,0.0,0.0,0.0,0.0,0.0,0.0,0.0,0.0,0.0,0.0,0.0,0.0,False
mediation_aware_recourse,False,0.0,24.520863415390647,0.5,142,0.04586818373539078,0.024555272986771355,0.06874483139582083,0.30439932350541504,0.26333518748656964,0.34883776824973833,0.05752571067497344,0.051244235665104554,0.0642524218809804,0.1864258551559118,0.17485958669430843,0.19895881355145484,-0.006249998551858983,-0.009727709924041386,-0.0025818991907675505,0.1503058040488354,0.12789289713312516,0.17428603235658416,0.1344222726798813,0.11074478784903989,0.15855052732652655,0.2145406256488223,0.20023471909200502,0.2298747632084857,0.14788732394366197,0.09154929577464789,0.2112676056338028,0.0,0.0,0.0,0.0,0.0,0.0,0.007930021050950172,0.0009225055208088648,0.016009031157468403,0.10567477064154773,0.053157232429229574,0.17180194733799714,0.04670193032692105,0.004662269177627807,0.09324309893741384,0.035211267605633804,0.007042253521126761,0.07042253521126761,0.0028741859214406616,0.0004323611796741754,0.006008688517859284,0.10567477064154773,0.053743592894145584,0.1673874908887451,0.04586818373539078,0.024555272986771355,0.06874483139582083,0.04225352112676056,0.014084507042253521,0.07746478873239436,0.007930021050950172,0.0005788654456256141,0.014972980834648639,True
transport_anchor_only,False,1.0,0.0,0.5,142,0.0,0.0,0.0,0.3071688734729525,0.26652193275136005,0.3507233787852694,0.060434114279776394,0.053874198090888455,0.06786939847991395,0.1869644093558962,0.17569743827217096,0.1992265106648854,-0.006249998551858983,-0.009727709924041386,-0.0025818991907675505,0.1503058040488354,0.12789289713312516,0.17428603235658416,0.1503058040488354,0.12811662458985204,0.17328898137973123,0.21941573588971153,0.20606237135410252,0.23430750699599867,0.1056338028169014,0.056338028169014086,0.15492957746478872,0.0,0.0,0.0,0.0,0.0,0.0,0.0,0.0,0.0,0.0,0.0,0.0,0.0,0.0,0.0,0.0,0.0,0.0,0.0,0.0,0.0,0.0,0.0,0.0,0.0,0.0,0.0,0.0,0.0,0.0,0.0,0.0,0.0,False
mediation_aware_recourse,False,1.0,0.5,0.5,142,0.0,0.0,0.0,0.3071688734729525,0.26652193275136005,0.3507233787852694,0.060434114279776394,0.053874198090888455,0.06786939847991395,0.1869644093558962,0.17569743827217096,0.1992265106648854,-0.006249998551858983,-0.009727709924041386,-0.0025818991907675505,0.1503058040488354,0.12789289713312516,0.17428603235658416,0.1503058040488354,0.12811662458985204,0.17328898137973123,0.21941573588971153,0.20606237135410252,0.23430750699599867,0.1056338028169014,0.056338028169014086,0.15492957746478872,0.0,0.0,0.0,0.0,0.0,0.0,0.0,0.0,0.0,0.0,0.0,0.0,0.0,0.0,0.0,0.0,0.0,0.0,0.0,0.0,0.0,0.0,0.0,0.0,0.0,0.0,0.0,0.0,0.0,0.0,0.0,0.0,0.0,False
mediation_aware_recourse,False,1.0,1.0,0.5,142,0.0,0.0,0.0,0.3071688734729525,0.26652193275136005,0.3507233787852694,0.060434114279776394,0.053874198090888455,0.06786939847991395,0.1869644093558962,0.17569743827217096,0.1992265106648854,-0.006249998551858983,-0.009727709924041386,-0.0025818991907675505,0.1503058040488354,0.12789289713312516,0.17428603235658416,0.1503058040488354,0.12811662458985204,0.17328898137973123,0.21941573588971153,0.20606237135410252,0.23430750699599867,0.1056338028169014,0.056338028169014086,0.15492957746478872,0.0,0.0,0.0,0.0,0.0,0.0,0.0,0.0,0.0,0.0,0.0,0.0,0.0,0.0,0.0,0.0,0.0,0.0,0.0,0.0,0.0,0.0,0.0,0.0,0.0,0.0,0.0,0.0,0.0,0.0,0.0,0.0,0.0,False
mediation_aware_recourse,False,1.0,2.0,0.5,142,0.0,0.0,0.0,0.3071688734729525,0.26652193275136005,0.3507233787852694,0.060434114279776394,0.053874198090888455,0.06786939847991395,0.1869644093558962,0.17569743827217096,0.1992265106648854,-0.006249998551858983,-0.009727709924041386,-0.0025818991907675505,0.1503058040488354,0.12789289713312516,0.17428603235658416,0.1503058040488354,0.12811662458985204,0.17328898137973123,0.21941573588971153,0.20606237135410252,0.23430750699599867,0.1056338028169014,0.056338028169014086,0.15492957746478872,0.0,0.0,0.0,0.0,0.0,0.0,0.0,0.0,0.0,0.0,0.0,0.0,0.0,0.0,0.0,0.0,0.0,0.0,0.0,0.0,0.0,0.0,0.0,0.0,0.0,0.0,0.0,0.0,0.0,0.0,0.0,0.0,0.0,False
mediation_aware_recourse,False,1.0,5.0,0.5,142,0.0,0.0,0.0,0.3071688734729525,0.26652193275136005,0.3507233787852694,0.060434114279776394,0.053874198090888455,0.06786939847991395,0.1869644093558962,0.17569743827217096,0.1992265106648854,-0.006249998551858983,-0.009727709924041386,-0.0025818991907675505,0.1503058040488354,0.12789289713312516,0.17428603235658416,0.1503058040488354,0.12811662458985204,0.17328898137973123,0.21941573588971153,0.20606237135410252,0.23430750699599867,0.1056338028169014,0.056338028169014086,0.15492957746478872,0.0,0.0,0.0,0.0,0.0,0.0,0.0,0.0,0.0,0.0,0.0,0.0,0.0,0.0,0.0,0.0,0.0,0.0,0.0,0.0,0.0,0.0,0.0,0.0,0.0,0.0,0.0,0.0,0.0,0.0,0.0,0.0,0.0,False
mediation_aware_recourse,False,1.0,24.520863415390647,0.5,142,0.05243805785414199,0.030276701772506808,0.07788435071182082,0.3019692925080447,0.2611827318202442,0.34484068794359624,0.05730133192797362,0.05121347199843436,0.06378739944980545,0.18633353702304228,0.1747821912143222,0.19893225628921998,-0.006249998551858983,-0.009727709924041386,-0.0025818991907675505,0.1503058040488354,0.12789289713312516,0.17428603235658416,0.13199309797459086,0.10898348203414238,0.15603874387927877,0.2139781466124474,0.19980591654961002,0.2293045707092863,0.1619718309859155,0.1056338028169014,0.22535211267605634,0.0,0.0,0.0,0.0,0.0,0.0,0.0089818172051873,0.0016029142945165368,0.017291853529676583,0.12183632022815705,0.06513648461192957,0.18714901129124514,0.052896227970988585,0.010436748217497252,0.10394444008710145,0.04929577464788732,0.02112676056338028,0.09154929577464789,0.0035628751969673266,0.0008164581278680076,0.007000614477085395,0.12183632022815705,0.0636544321081201,0.18750950101590205,0.05243805785414199,0.030276701772506808,0.07788435071182082,0.056338028169014086,0.02112676056338028,0.09154929577464789,0.0089818172051873,0.0014011292337951526,0.01688078011215572,True
transport_anchor_only,False,3.0,0.0,0.5,142,0.22666065709691652,0.1872414123844093,0.26607990180942376,0.18440066068105296,0.14781921860092964,0.22486653045659333,0.07219823112737545,0.06568089839969565,0.07890434378666253,0.18022758857360188,0.1694873514097674,0.19171907348173534,-0.006249998551858983,-0.009727709924041386,-0.0025818991907675505,0.1503058040488354,0.12789289713312516,0.17428603235658416,0.08648039523879407,0.06629303418112997,0.10900944357370616,0.1951164587427744,0.1838097349936126,0.20703777621835998,0.16901408450704225,0.1056338028169014,0.22552816901408435,0.0,0.0,0.0,0.0,0.0,0.0,0.04762572307192104,0.03598376212930175,0.05987541119922214,0.42463702059904496,0.35176180648896305,0.5103901241355189,0.2804801130266342,0.21416021992925985,0.33528190776026784,0.09859154929577464,0.04929577464788732,0.14788732394366197,0.00544640988531247,0.002451594331314866,0.008615944975278747,0.0,0.0,0.0,0.0,0.0,0.0,0.0,0.0,0.0,0.0,0.0,0.0,False
mediation_aware_recourse,False,3.0,0.5,0.5,142,0.22666065709691652,0.1872414123844093,0.26607990180942376,0.18440066068105296,0.14781921860092964,0.22486653045659333,0.07219823112737545,0.06568089839969565,0.07890434378666253,0.18022758857360188,0.1694873514097674,0.19171907348173534,-0.006249998551858983,-0.009727709924041386,-0.0025818991907675505,0.1503058040488354,0.12789289713312516,0.17428603235658416,0.08648039523879407,0.06629303418112997,0.10900944357370616,0.1951164587427744,0.1838097349936126,0.20703777621835998,0.16901408450704225,0.1056338028169014,0.22552816901408435,0.0,0.0,0.0,0.0,0.0,0.0,0.04762572307192104,0.03598376212930175,0.05987541119922214,0.42463702059904496,0.35176180648896305,0.5103901241355189,0.2804801130266342,0.21416021992925985,0.33528190776026784,0.09859154929577464,0.04929577464788732,0.14788732394366197,0.00544640988531247,0.002451594331314866,0.008615944975278747,0.0,0.0,0.0,0.0,0.0,0.0,0.0,0.0,0.0,0.0,0.0,0.0,False
mediation_aware_recourse,False,3.0,1.0,0.5,142,0.22337572003754091,0.1839564753250337,0.26279496475004815,0.1855707458207305,0.14900449430963522,0.22609603442776371,0.07203254805431819,0.06555530693362348,0.07870357563410899,0.1800369692118095,0.1691074998542107,0.19159568143754915,-0.006249998551858983,-0.009727709924041386,-0.0025818991907675505,0.1503058040488354,0.12789289713312516,0.17428603235658416,0.08698259627210422,0.0668841233096597,0.10914447044717593,0.19488279383347537,0.18346834962771758,0.20691354516257607,0.16901408450704225,0.1056338028169014,0.22552816901408435,0.0,0.0,0.0,0.0,0.0,0.0,0.048127924105231194,0.03664637194211844,0.06045694667714792,0.42129582538380905,0.3451875901881919,0.5059746205832926,0.2834377038724931,0.21751420796661264,0.3375176223673874,0.09859154929577464,0.04929577464788732,0.14788732394366197,0.00544640988531247,0.002451594331314866,0.008615944975278747,-0.0033411952152359037,-0.011687367201384368,0.0,-0.0032849370593756016,-0.009854811178126805,0.0,0.0,0.0,0.0,0.0005022010333101515,0.0,0.0015066030999304543,False
mediation_aware_recourse,False,3.0,2.0,0.5,142,0.2168058459187897,0.1806715382656581,0.25622509063129695,0.18803135232186655,0.15206150090400603,0.2288371131138902,0.07159358062322291,0.06533818288876767,0.07820221879880246,0.17978325021833602,0.16893836503997098,0.1915760768046209,-0.006249998551858983,-0.009727709924041386,-0.0025818991907675505,0.1503058040488354,0.12789289713312516,0.17428603235658416,0.0881629314168658,0.0682460438335498,0.11021064310531381,0.19434935272454848,0.18304774279978692,0.20653819483819805,0.16901408450704225,0.1056338028169014,0.22552816901408435,0.0,0.0,0.0,0.0,0.0,0.0,0.0483098539563132,0.037327557462464335,0.06049760573766601,0.41344293405848076,0.3363917261284501,0.4962837789051004,0.2845091354834598,0.22171075725139847,0.33889265675200064,0.09859154929577464,0.04929577464788732,0.14788732394366197,0.00544640988531247,0.002451594331314866,0.008615944975278747,-0.011194086540564196,-0.027037505140668525,0.0,-0.009854811178126805,-0.022994559415629213,0.0,0.0,0.0,0.0,0.0006841308843921608,-0.0009984052936795732,0.0027245299916871836,False
mediation_aware_recourse,False,3.0,5.0,0.5,142,0.1905263494437849,0.15439204179065327,0.22666065709691652,0.19842506777232802,0.15888897113397088,0.24200644005667157,0.06972837074279366,0.06324705334452414,0.07641370825594107,0.180858087065704,0.16995605117763815,0.1925853624664457,-0.006249998551858983,-0.009727709924041386,-0.0025818991907675505,0.1503058040488354,0.12789289713312516,0.17428603235658416,0.09190002317264886,0.07169086610845907,0.11451311661586375,0.19644287271379218,0.18502934261220738,0.20869507538194237,0.16901408450704225,0.1056338028169014,0.2323943661971831,0.0,0.0,0.0,0.0,0.0,0.0,0.045248599539340385,0.034216750166575674,0.05734177352991742,0.38857967758324286,0.3158250080720165,0.4723899713761668,0.2664806221193857,0.20218217822561188,0.3230589218363355,0.1056338028169014,0.056338028169014086,0.15492957746478872,0.005662590475149558,0.002618997381396697,0.008683564655587705,-0.0360573430158021,-0.06949911968494346,-0.0006114338458008768,-0.03613430765313162,-0.05912886706876083,-0.013139748237502406,0.0,-0.02112676056338028,0.02112676056338028,-0.0023771235325806576,-0.007101531624531662,0.001934572271215663,False
mediation_aware_recourse,False,3.0,24.520863415390647,0.5,142,0.11473092352840263,0.08370240331220795,0.14929847101300536,0.2710415840568677,0.23066196642081502,0.31668316428615173,0.0576667113387039,0.051716308349179445,0.0641969332310804,0.18435814835900713,0.17284421432837668,0.1967063673968676,-0.006249998551858983,-0.009727709924041386,-0.0025818991907675505,0.1503058040488354,0.12789289713312516,0.17428603235658416,0.11323549039661884,0.09002840217386543,0.13678057133023377,0.20606793466096243,0.19255143939149993,0.22067091264797892,0.19718309859154928,0.13380281690140844,0.2605633802816901,0.0,0.0,0.0,0.0,0.0,0.0,0.023413329739385928,0.012831343833724378,0.03381273526777054,0.24663261599779707,0.17101843447177179,0.33352186234817605,0.13788711116712793,0.08017364699296203,0.1981474041175486,0.08450704225352113,0.04225352112676056,0.13380281690140844,0.005511620934580413,0.002291865290050775,0.009587442455157427,-0.1780044046012479,-0.2740085535167046,-0.07994857018268293,-0.11192973356851389,-0.1652192582599294,-0.06261915106483752,0.028169014084507043,-0.02112676056338028,0.07746478873239436,-0.024212393332535113,-0.03707947455162943,-0.01146836893265726,True
transport_anchor_only,False,10.0,0.0,0.5,142,0.9126078238789465,0.7327725110706729,1.104619545148502,0.06658128218751558,0.04712846103898237,0.09134833040371745,0.08283739506831052,0.07684954693147414,0.08893411686630841,0.1795528764123788,0.17076091293284906,0.18929795842932565,-0.006249998551858983,-0.009727709924041386,-0.0025818991907675505,0.1503058040488354,0.12789289713312516,0.17428603235658416,0.011553868021763546,-0.007812053168481084,0.033071492714676215,0.187210927354631,0.1793384499363027,0.19534596171839863,0.4014084507042254,0.323943661971831,0.4859154929577465,0.0,0.0,0.0,0.0,0.0,0.0,0.06677094545267837,0.04880032220225729,0.08494344139865166,0.9231309256826196,0.806446139478351,0.9962505676714911,0.39323124394732767,0.3095955752010389,0.4658178915149923,0.352112676056338,0.2746478873239437,0.4295774647887324,0.024506402687287668,0.017987001466919,0.031115486803399005,-0.006821929215755751,-0.020537559008057534,0.015260684830860592,-0.007421342419906401,-0.022264027259719203,0.0,-0.007042253521126761,-0.02112676056338028,0.0,0.00011420145001209958,0.0,0.0003426043500362987,False
mediation_aware_recourse,False,10.0,0.5,0.5,142,0.9126078238789465,0.7327725110706729,1.104619545148502,0.06658128218751558,0.04712846103898237,0.09134833040371745,0.08283739506831052,0.07684954693147414,0.08893411686630841,0.1795528764123788,0.17076091293284906,0.18929795842932565,-0.006249998551858983,-0.009727709924041386,-0.0025818991907675505,0.1503058040488354,0.12789289713312516,0.17428603235658416,0.011553868021763546,-0.007812053168481084,0.033071492714676215,0.187210927354631,0.1793384499363027,0.19534596171839863,0.4014084507042254,0.323943661971831,0.4859154929577465,0.0,0.0,0.0,0.0,0.0,0.0,0.06677094545267837,0.04880032220225729,0.08494344139865166,0.9231309256826196,0.806446139478351,0.9962505676714911,0.39323124394732767,0.3095955752010389,0.4658178915149923,0.352112676056338,0.2746478873239437,0.4295774647887324,0.024506402687287668,0.017987001466919,0.031115486803399005,-0.006821929215755751,-0.020537559008057534,0.015260684830860592,-0.007421342419906401,-0.022264027259719203,0.0,-0.007042253521126761,-0.02112676056338028,0.0,0.00011420145001209958,0.0,0.0003426043500362987,False
mediation_aware_recourse,False,10.0,1.0,0.5,142,0.9134592921801017,0.7328874040185146,1.1039285683243627,0.06652521247595129,0.04695152481362013,0.09144743802157085,0.08247714648416764,0.07646558515655374,0.08835754566137272,0.17946337869154735,0.17050258127268528,0.189048816189782,-0.006249998551858983,-0.009727709924041386,-0.0025818991907675505,0.1503058040488354,0.12789289713312516,0.17428603235658416,0.010382409666625547,-0.008964163642114317,0.03201000007577765,0.18665310117855513,0.17888729604666326,0.19501942358360444,0.4084507042253521,0.33098591549295775,0.49295774647887325,0.0,0.0,0.0,0.0,0.0,0.0,0.06794240380781637,0.04998970979654139,0.08582436443621319,0.9309247588120267,0.8144004968318446,0.9966356886032,0.4001302630206742,0.3191896648392177,0.47113996510562806,0.352112676056338,0.2746478873239437,0.4295774647887324,0.024506402687287668,0.017987001466919,0.031115486803399005,0.0009719039136514285,-0.020706444786369998,0.024891613065978545,-0.006569874118751203,-0.026279496475004813,0.007421342419906401,0.0,-0.02112676056338028,0.02112676056338028,0.0012856598051500991,-0.0003470526614659269,0.004149155507624989,False
mediation_aware_recourse,False,10.0,2.0,0.5,142,0.9134592921801017,0.7328874040185146,1.1039285683243627,0.06652521247595129,0.04695152481362013,0.09144743802157085,0.08247714648416764,0.07646558515655374,0.08835754566137272,0.17946337869154735,0.17050258127268528,0.189048816189782,-0.006249998551858983,-0.009727709924041386,-0.0025818991907675505,0.1503058040488354,0.12789289713312516,0.17428603235658416,0.010382409666625547,-0.008964163642114317,0.03201000007577765,0.18665310117855513,0.17888729604666326,0.19501942358360444,0.4084507042253521,0.33098591549295775,0.49295774647887325,0.0,0.0,0.0,0.0,0.0,0.0,0.06794240380781637,0.04998970979654139,0.08582436443621319,0.9309247588120267,0.8144004968318446,0.9966356886032,0.4001302630206742,0.3191896648392177,0.47113996510562806,0.352112676056338,0.2746478873239437,0.4295774647887324,0.024506402687287668,0.017987001466919,0.031115486803399005,0.0009719039136514285,-0.020706444786369998,0.024891613065978545,-0.006569874118751203,-0.026279496475004813,0.007421342419906401,0.0,-0.02112676056338028,0.02112676056338028,0.0012856598051500991,-0.0003470526614659269,0.004149155507624989,False
mediation_aware_recourse,False,10.0,5.0,0.5,142,0.8748915157687496,0.7066139528291746,1.0554877241889775,0.07118773838164101,0.05064780042624809,0.09740675958004635,0.08035171159188932,0.07455982197548301,0.08631191475900597,0.17992595389940091,0.1708588325011898,0.18948984121020548,-0.006249998551858983,-0.009727709924041386,-0.0025818991907675505,0.1503058040488354,0.12789289713312516,0.17428603235658416,0.011274848972827616,-0.007953774017399884,0.03208040564097987,0.18569182365535902,0.17742585038327002,0.19453316956227418,0.4014084507042254,0.323943661971831,0.4788732394366197,0.0,0.0,0.0,0.0,0.0,0.0,0.06972383810076076,0.05200603959793356,0.08846208113835939,0.9249872681618846,0.808387912365496,0.9969127381048195,0.41062158702808127,0.3273416216620492,0.47948669390943305,0.352112676056338,0.2746478873239437,0.4295774647887324,0.023982508921287428,0.01749167918214496,0.03066920834842702,-0.004965586736490724,-0.0420508365646632,0.03429119330530955,-0.04513765053010323,-0.12142475845528321,-0.000690981719485507,-0.007042253521126761,-0.035211267605633804,0.02112676056338028,0.0030670940980944833,-0.0019858796306898895,0.008660064703247077,False
mediation_aware_recourse,False,10.0,24.520863415390647,0.5,142,0.796783553462633,0.6611165124293363,0.9463907818664127,0.0867500405916026,0.06159421833048404,0.11767340299319212,0.07511764598197081,0.06966334320899939,0.08088459360682156,0.179488815078643,0.1703359232526797,0.18940376712582094,-0.006249998551858983,-0.009727709924041386,-0.0025818991907675505,0.1503058040488354,0.12789289713312516,0.17428603235658416,0.009735656666084074,-0.011074239129699032,0.031292232435563914,0.18609057792482084,0.17655020237097382,0.19624713251998316,0.4084507042253521,0.33098591549295775,0.4859154929577465,0.0,0.0,0.0,0.0,0.0,0.0,0.0682684659800479,0.0500866836356655,0.08663237419727086,0.9352276731581111,0.8159170055643032,0.997283731825518,0.40205052688277043,0.31468528128702156,0.47190473580696723,0.3732394366197183,0.2887323943661972,0.4507042253521127,0.02667503321254757,0.01949639957870396,0.0335463802395782,0.005274818259735747,-0.06342646219940562,0.07392594208790765,-0.12324561283621989,-0.24724304995066682,-0.01969740698245211,0.0,-0.056338028169014086,0.056338028169014086,0.0016117219773816392,-0.009113007513675052,0.011757958284251286,True
transport_anchor_only,False,30.0,0.0,0.5,142,1.8270395173573157,1.4412225469894393,2.2199879385058727,0.01036282072604542,0.006108152268218322,0.015474149973039895,0.08766743267925692,0.08200819853850654,0.09353446053262328,0.18667117045414003,0.17778020199550043,0.19622216787333538,-0.006249998551858983,-0.009727709924041386,-0.0025818991907675505,0.1503058040488354,0.12789289713312516,0.17428603235658416,-0.04141655942084084,-0.06020769037201371,-0.02154350082954051,0.19108201960068932,0.1844930493765671,0.19811354606316103,0.704225352112676,0.6197183098591549,0.7746478873239436,0.0,0.0,0.0,0.0,0.0,0.0,0.06178976912838473,0.03821063802223391,0.08555413357073992,0.724451363119788,0.5495946262271575,0.8656094389317187,0.3638958174524136,0.2475141303723386,0.4544062615054807,0.4859154929577465,0.4014084507042254,0.5563380281690141,0.051706391845790435,0.039931772329228024,0.06327481774062338,-0.0009283763246303867,-0.002931909078019118,0.0,0.0024334679187183648,0.0,0.007300403756155095,0.007042253521126761,0.0,0.02112676056338028,0.00013954034993346307,0.0,0.0004186210498003892,False
mediation_aware_recourse,False,30.0,0.5,0.5,142,1.8270395173573157,1.4412225469894393,2.2199879385058727,0.01036282072604542,0.006108152268218322,0.015474149973039895,0.08766743267925692,0.08200819853850654,0.09353446053262328,0.18667117045414003,0.17778020199550043,0.19622216787333538,-0.006249998551858983,-0.009727709924041386,-0.0025818991907675505,0.1503058040488354,0.12789289713312516,0.17428603235658416,-0.04141655942084084,-0.06020769037201371,-0.02154350082954051,0.19108201960068932,0.1844930493765671,0.19811354606316103,0.704225352112676,0.6197183098591549,0.7746478873239436,0.0,0.0,0.0,0.0,0.0,0.0,0.06178976912838473,0.03821063802223391,0.08555413357073992,0.724451363119788,0.5495946262271575,0.8656094389317187,0.3638958174524136,0.2475141303723386,0.4544062615054807,0.4859154929577465,0.4014084507042254,0.5563380281690141,0.051706391845790435,0.039931772329228024,0.06327481774062338,-0.0009283763246303867,-0.002931909078019118,0.0,0.0024334679187183648,0.0,0.007300403756155095,0.007042253521126761,0.0,0.02112676056338028,0.00013954034993346307,0.0,0.0004186210498003892,False
mediation_aware_recourse,False,30.0,1.0,0.5,142,1.8270395173573157,1.4412225469894393,2.2199879385058727,0.01036282072604542,0.006108152268218322,0.015474149973039895,0.08766743267925692,0.08200819853850654,0.09353446053262328,0.18667117045414003,0.17778020199550043,0.19622216787333538,-0.006249998551858983,-0.009727709924041386,-0.0025818991907675505,0.1503058040488354,0.12789289713312516,0.17428603235658416,-0.04141655942084084,-0.06020769037201371,-0.02154350082954051,0.19108201960068932,0.1844930493765671,0.19811354606316103,0.704225352112676,0.6197183098591549,0.7746478873239436,0.0,0.0,0.0,0.0,0.0,0.0,0.06178976912838473,0.03821063802223391,0.08555413357073992,0.724451363119788,0.5495946262271575,0.8656094389317187,0.3638958174524136,0.2475141303723386,0.4544062615054807,0.4859154929577465,0.4014084507042254,0.5563380281690141,0.051706391845790435,0.039931772329228024,0.06327481774062338,-0.0009283763246303867,-0.002931909078019118,0.0,0.0024334679187183648,0.0,0.007300403756155095,0.007042253521126761,0.0,0.02112676056338028,0.00013954034993346307,0.0,0.0004186210498003892,False
mediation_aware_recourse,False,30.0,2.0,0.5,142,1.795041614225213,1.4173582628946488,2.169364692066127,0.01143987644726122,0.006119293735270769,0.018030031838677296,0.08752860412211486,0.081854052390431,0.09345917808233013,0.18647294796723438,0.17769975522926576,0.19567425376298386,-0.006249998551858983,-0.009727709924041386,-0.0025818991907675505,0.1503058040488354,0.12789289713312516,0.17428603235658416,-0.04075946826750124,-0.059790306826922254,-0.020888180199118568,0.19088509012636745,0.18425511786121462,0.19798099375212347,0.6971830985915493,0.6126760563380281,0.7676056338028169,0.0,0.0,0.0,0.0,0.0,0.0,0.06205188716486306,0.03846512137990917,0.08574636282635406,0.7288230582615545,0.5524341145820365,0.8707909968457422,0.36543949787878194,0.24939013713528796,0.45475640969561654,0.4859154929577465,0.4014084507042254,0.5563380281690141,0.05124678725088146,0.039459947517640155,0.06278177101532338,0.0034433188171361095,-0.001804675868866909,0.011774759152448265,-0.029564435213384494,-0.09356024065907571,0.0048669358374367295,0.0,-0.02112676056338028,0.02112676056338028,0.0004016583864118012,-0.0003949731168612628,0.0015183541346603716,False
mediation_aware_recourse,False,30.0,5.0,0.5,142,1.7983265512845885,1.4277070414222461,2.1733223411818625,0.011406605932074534,0.006096541981252146,0.018089209056236375,0.08689998730387487,0.08126990578439033,0.09276289332815459,0.18664487815973624,0.17799996308973629,0.19573770402908813,-0.006249998551858983,-0.009727709924041386,-0.0025818991907675505,0.1503058040488354,0.12789289713312516,0.17428603235658416,-0.04288028107142784,-0.061975197738010274,-0.02378499287797112,0.18976397536321163,0.18331065581196387,0.197094021090285,0.6971830985915493,0.6126760563380281,0.7607394366197181,0.0,0.0,0.0,0.0,0.0,0.0,0.06434920695151242,0.04079173387054512,0.08800114539228905,0.7147130721745399,0.5453113132730844,0.8579066267321812,0.37896900403335887,0.2639196532436213,0.4681554400099139,0.49295774647887325,0.4084507042253521,0.5704225352112676,0.051513934849013746,0.03996904565834663,0.06289030609940979,-0.010666667269878416,-0.035528250625341734,0.00866569302039095,-0.02627949815400889,-0.09041148002298785,0.0097368969568904,0.0,-0.028169014084507043,0.028169014084507043,0.002698978173061156,0.00038872798248915607,0.005866171364528192,False
mediation_aware_recourse,False,30.0,24.520863415390647,0.5,142,1.779468395550486,1.4229611635785286,2.157061170235696,0.01342492980856291,0.007321273745365545,0.021232932171141593,0.0841483783344148,0.07875369812138903,0.08995778798847132,0.18656162225899284,0.1775673948473214,0.19583230556924544,-0.006249998551858983,-0.009727709924041386,-0.0025818991907675505,0.1503058040488354,0.12789289713312516,0.17428603235658416,-0.0506425152572108,-0.06860106005792467,-0.03196170277841075,0.18813459927917944,0.18133670538094906,0.1955485302600026,0.6971830985915493,0.6197183098591549,0.7676056338028169,0.0,0.0,0.0,0.0,0.0,0.0,0.0663711411065199,0.042815816012853884,0.09077450653905389,0.6630701284112974,0.4819621079966013,0.8082483083746348,0.39087669348665066,0.27547210821517526,0.4861208581467466,0.5352112676056338,0.45774647887323944,0.6126760563380281,0.05344986097073891,0.04260041282420427,0.06441689660956322,-0.06230961103312094,-0.11708217477423866,-0.011204897171569304,-0.04513765388811138,-0.14370100718568748,0.03443136834342715,0.0,-0.04225352112676056,0.04225352112676056,0.004720912328068639,-0.0020909874870533676,0.011395383531778628,True
transport_anchor_only,False,0.0,0.0,1.0,142,0.0,0.0,0.0,0.3071688734729525,0.26652193275136005,0.3507233787852694,0.060434114279776394,0.053874198090888455,0.06786939847991395,0.1869644093558962,0.17569743827217096,0.1992265106648854,-0.006249998551858983,-0.009727709924041386,-0.0025818991907675505,0.1503058040488354,0.12789289713312516,0.17428603235658416,0.1503058040488354,0.12811662458985204,0.17328898137973123,0.21941573588971153,0.20606237135410252,0.23430750699599867,0.1056338028169014,0.056338028169014086,0.15492957746478872,0.0,0.0,0.0,0.0,0.0,0.0,0.0,0.0,0.0,0.0,0.0,0.0,0.0,0.0,0.0,0.0,0.0,0.0,0.0,0.0,0.0,0.0,0.0,0.0,0.0,0.0,0.0,0.0,0.0,0.0,0.0,0.0,0.0,False
mediation_aware_recourse,False,0.0,0.5,1.0,142,0.0,0.0,0.0,0.3071688734729525,0.26652193275136005,0.3507233787852694,0.060434114279776394,0.053874198090888455,0.06786939847991395,0.1869644093558962,0.17569743827217096,0.1992265106648854,-0.006249998551858983,-0.009727709924041386,-0.0025818991907675505,0.1503058040488354,0.12789289713312516,0.17428603235658416,0.1503058040488354,0.12811662458985204,0.17328898137973123,0.21941573588971153,0.20606237135410252,0.23430750699599867,0.1056338028169014,0.056338028169014086,0.15492957746478872,0.0,0.0,0.0,0.0,0.0,0.0,0.0,0.0,0.0,0.0,0.0,0.0,0.0,0.0,0.0,0.0,0.0,0.0,0.0,0.0,0.0,0.0,0.0,0.0,0.0,0.0,0.0,0.0,0.0,0.0,0.0,0.0,0.0,False
mediation_aware_recourse,False,0.0,1.0,1.0,142,0.0,0.0,0.0,0.3071688734729525,0.26652193275136005,0.3507233787852694,0.060434114279776394,0.053874198090888455,0.06786939847991395,0.1869644093558962,0.17569743827217096,0.1992265106648854,-0.006249998551858983,-0.009727709924041386,-0.0025818991907675505,0.1503058040488354,0.12789289713312516,0.17428603235658416,0.1503058040488354,0.12811662458985204,0.17328898137973123,0.21941573588971153,0.20606237135410252,0.23430750699599867,0.1056338028169014,0.056338028169014086,0.15492957746478872,0.0,0.0,0.0,0.0,0.0,0.0,0.0,0.0,0.0,0.0,0.0,0.0,0.0,0.0,0.0,0.0,0.0,0.0,0.0,0.0,0.0,0.0,0.0,0.0,0.0,0.0,0.0,0.0,0.0,0.0,0.0,0.0,0.0,False
mediation_aware_recourse,False,0.0,2.0,1.0,142,0.0,0.0,0.0,0.3071688734729525,0.26652193275136005,0.3507233787852694,0.060434114279776394,0.053874198090888455,0.06786939847991395,0.1869644093558962,0.17569743827217096,0.1992265106648854,-0.006249998551858983,-0.009727709924041386,-0.0025818991907675505,0.1503058040488354,0.12789289713312516,0.17428603235658416,0.1503058040488354,0.12811662458985204,0.17328898137973123,0.21941573588971153,0.20606237135410252,0.23430750699599867,0.1056338028169014,0.056338028169014086,0.15492957746478872,0.0,0.0,0.0,0.0,0.0,0.0,0.0,0.0,0.0,0.0,0.0,0.0,0.0,0.0,0.0,0.0,0.0,0.0,0.0,0.0,0.0,0.0,0.0,0.0,0.0,0.0,0.0,0.0,0.0,0.0,0.0,0.0,0.0,False
mediation_aware_recourse,False,0.0,5.0,1.0,142,0.0,0.0,0.0,0.3071688734729525,0.26652193275136005,0.3507233787852694,0.060434114279776394,0.053874198090888455,0.06786939847991395,0.1869644093558962,0.17569743827217096,0.1992265106648854,-0.006249998551858983,-0.009727709924041386,-0.0025818991907675505,0.1503058040488354,0.12789289713312516,0.17428603235658416,0.1503058040488354,0.12811662458985204,0.17328898137973123,0.21941573588971153,0.20606237135410252,0.23430750699599867,0.1056338028169014,0.056338028169014086,0.15492957746478872,0.0,0.0,0.0,0.0,0.0,0.0,0.0,0.0,0.0,0.0,0.0,0.0,0.0,0.0,0.0,0.0,0.0,0.0,0.0,0.0,0.0,0.0,0.0,0.0,0.0,0.0,0.0,0.0,0.0,0.0,0.0,0.0,0.0,False
mediation_aware_recourse,False,0.0,24.520863415390647,1.0,142,0.04586818373539078,0.024555272986771355,0.06874483139582083,0.30439932350541504,0.26333518748656964,0.34883776824973833,0.05752571067497344,0.051244235665104554,0.0642524218809804,0.1864258551559118,0.17485958669430843,0.19895881355145484,-0.006249998551858983,-0.009727709924041386,-0.0025818991907675505,0.1503058040488354,0.12789289713312516,0.17428603235658416,0.1344222726798813,0.11074478784903989,0.15855052732652655,0.2145406256488223,0.20023471909200502,0.2298747632084857,0.14788732394366197,0.09154929577464789,0.2112676056338028,0.0,0.0,0.0,0.0,0.0,0.0,0.007930021050950172,0.0009225055208088648,0.016009031157468403,0.10567477064154773,0.053157232429229574,0.17180194733799714,0.04670193032692105,0.004662269177627807,0.09324309893741384,0.035211267605633804,0.007042253521126761,0.07042253521126761,0.0028741859214406616,0.0004323611796741754,0.006008688517859284,0.10567477064154773,0.053743592894145584,0.1673874908887451,0.04586818373539078,0.024555272986771355,0.06874483139582083,0.04225352112676056,0.014084507042253521,0.07746478873239436,0.007930021050950172,0.0005788654456256141,0.014972980834648639,True
transport_anchor_only,False,1.0,0.0,1.0,142,0.0,0.0,0.0,0.3071688734729525,0.26652193275136005,0.3507233787852694,0.060434114279776394,0.053874198090888455,0.06786939847991395,0.1869644093558962,0.17569743827217096,0.1992265106648854,-0.006249998551858983,-0.009727709924041386,-0.0025818991907675505,0.1503058040488354,0.12789289713312516,0.17428603235658416,0.1503058040488354,0.12811662458985204,0.17328898137973123,0.21941573588971153,0.20606237135410252,0.23430750699599867,0.1056338028169014,0.056338028169014086,0.15492957746478872,0.0,0.0,0.0,0.0,0.0,0.0,0.0,0.0,0.0,0.0,0.0,0.0,0.0,0.0,0.0,0.0,0.0,0.0,0.0,0.0,0.0,0.0,0.0,0.0,0.0,0.0,0.0,0.0,0.0,0.0,0.0,0.0,0.0,False
mediation_aware_recourse,False,1.0,0.5,1.0,142,0.0,0.0,0.0,0.3071688734729525,0.26652193275136005,0.3507233787852694,0.060434114279776394,0.053874198090888455,0.06786939847991395,0.1869644093558962,0.17569743827217096,0.1992265106648854,-0.006249998551858983,-0.009727709924041386,-0.0025818991907675505,0.1503058040488354,0.12789289713312516,0.17428603235658416,0.1503058040488354,0.12811662458985204,0.17328898137973123,0.21941573588971153,0.20606237135410252,0.23430750699599867,0.1056338028169014,0.056338028169014086,0.15492957746478872,0.0,0.0,0.0,0.0,0.0,0.0,0.0,0.0,0.0,0.0,0.0,0.0,0.0,0.0,0.0,0.0,0.0,0.0,0.0,0.0,0.0,0.0,0.0,0.0,0.0,0.0,0.0,0.0,0.0,0.0,0.0,0.0,0.0,False
mediation_aware_recourse,False,1.0,1.0,1.0,142,0.0,0.0,0.0,0.3071688734729525,0.26652193275136005,0.3507233787852694,0.060434114279776394,0.053874198090888455,0.06786939847991395,0.1869644093558962,0.17569743827217096,0.1992265106648854,-0.006249998551858983,-0.009727709924041386,-0.0025818991907675505,0.1503058040488354,0.12789289713312516,0.17428603235658416,0.1503058040488354,0.12811662458985204,0.17328898137973123,0.21941573588971153,0.20606237135410252,0.23430750699599867,0.1056338028169014,0.056338028169014086,0.15492957746478872,0.0,0.0,0.0,0.0,0.0,0.0,0.0,0.0,0.0,0.0,0.0,0.0,0.0,0.0,0.0,0.0,0.0,0.0,0.0,0.0,0.0,0.0,0.0,0.0,0.0,0.0,0.0,0.0,0.0,0.0,0.0,0.0,0.0,False
mediation_aware_recourse,False,1.0,2.0,1.0,142,0.0,0.0,0.0,0.3071688734729525,0.26652193275136005,0.3507233787852694,0.060434114279776394,0.053874198090888455,0.06786939847991395,0.1869644093558962,0.17569743827217096,0.1992265106648854,-0.006249998551858983,-0.009727709924041386,-0.0025818991907675505,0.1503058040488354,0.12789289713312516,0.17428603235658416,0.1503058040488354,0.12811662458985204,0.17328898137973123,0.21941573588971153,0.20606237135410252,0.23430750699599867,0.1056338028169014,0.056338028169014086,0.15492957746478872,0.0,0.0,0.0,0.0,0.0,0.0,0.0,0.0,0.0,0.0,0.0,0.0,0.0,0.0,0.0,0.0,0.0,0.0,0.0,0.0,0.0,0.0,0.0,0.0,0.0,0.0,0.0,0.0,0.0,0.0,0.0,0.0,0.0,False
mediation_aware_recourse,False,1.0,5.0,1.0,142,0.0,0.0,0.0,0.3071688734729525,0.26652193275136005,0.3507233787852694,0.060434114279776394,0.053874198090888455,0.06786939847991395,0.1869644093558962,0.17569743827217096,0.1992265106648854,-0.006249998551858983,-0.009727709924041386,-0.0025818991907675505,0.1503058040488354,0.12789289713312516,0.17428603235658416,0.1503058040488354,0.12811662458985204,0.17328898137973123,0.21941573588971153,0.20606237135410252,0.23430750699599867,0.1056338028169014,0.056338028169014086,0.15492957746478872,0.0,0.0,0.0,0.0,0.0,0.0,0.0,0.0,0.0,0.0,0.0,0.0,0.0,0.0,0.0,0.0,0.0,0.0,0.0,0.0,0.0,0.0,0.0,0.0,0.0,0.0,0.0,0.0,0.0,0.0,0.0,0.0,0.0,False
mediation_aware_recourse,False,1.0,24.520863415390647,1.0,142,0.05487152640248688,0.03185870348882507,0.07958426418858514,0.3015141508109133,0.26044974546932,0.34482793732952904,0.05722465999686802,0.05102113517965387,0.06373939163110573,0.18616337335270616,0.17444924377342205,0.1985846318276118,-0.006249998551858983,-0.009727709924041386,-0.0025818991907675505,0.1503058040488354,0.12789289713312516,0.17428603235658416,0.13172719116047235,0.10875145419972987,0.15577283706516026,0.21373531962554693,0.199569160237382,0.22906707771365614,0.1619718309859155,0.1056338028169014,0.22535211267605634,0.0,0.0,0.0,0.0,0.0,0.0,0.009247724019305808,0.0017263507076971968,0.017598494420378977,0.12360542565825816,0.06602843468339786,0.18903915990893175,0.054462221481803796,0.01304494310304871,0.10475176968679331,0.04929577464788732,0.02112676056338028,0.09154929577464789,0.0035628751969673266,0.0008164581278680076,0.007000614477085395,0.12360542565825816,0.0650291110348996,0.1898156709321373,0.05487152640248688,0.03185870348882507,0.07958426418858514,0.056338028169014086,0.02112676056338028,0.09154929577464789,0.009247724019305808,0.0017412518006815038,0.01715942862587915,True
transport_anchor_only,False,3.0,0.0,1.0,142,0.22994559415629212,0.1905263494437849,0.26936483886879936,0.18337336119631648,0.14680354004384769,0.22384122558672662,0.07228478793264695,0.06588891212316886,0.07891113861418053,0.18001552770010462,0.16905134245075568,0.19151618703478343,-0.006249998551858983,-0.009727709924041386,-0.0025818991907675505,0.1503058040488354,0.12789289713312516,0.17428603235658416,0.08601002387282713,0.06537910144461292,0.108415409813071,0.1947801426586262,0.18351569730666645,0.2067032046613241,0.16901408450704225,0.1056338028169014,0.22552816901408435,0.0,0.0,0.0,0.0,0.0,0.0,0.04809609443788797,0.03655954307915879,0.06021323022629383,0.4277664497581086,0.3537823259368353,0.5143869606521869,0.2832502507879374,0.21673612592427535,0.3368742086439415,0.09859154929577464,0.04929577464788732,0.14788732394366197,0.00544640988531247,0.002451594331314866,0.008615944975278747,0.003129429159063668,0.0,0.010386593547391552,0.0032849370593756016,0.0,0.009854811178126805,0.0,0.0,0.0,0.0004703713659669312,0.0,0.0014111140979007936,False
mediation_aware_recourse,False,3.0,0.5,1.0,142,0.2200907829781653,0.1838743518985493,0.25951002769067255,0.18679175557385028,0.15099250055639676,0.22732350132624868,0.07183477207755959,0.06537387714176897,0.07850579965735038,0.1797511628413564,0.16893836503997098,0.19154318724321684,-0.006249998551858983,-0.009727709924041386,-0.0025818991907675505,0.1503058040488354,0.12789289713312516,0.17428603235658416,0.08766372877002603,0.06747012069238953,0.10981318401566273,0.19437192992615498,0.18309289720299995,0.2065387592682382,0.16901408450704225,0.1056338028169014,0.22552816901408435,0.0,0.0,0.0,0.0,0.0,0.0,0.04880905660315299,0.03760143118766202,0.060996808384505795,0.4167641806996124,0.34031329814657124,0.5002646226819565,0.2874490680614361,0.2247876506553886,0.3419602582837126,0.09859154929577464,0.04929577464788732,0.14788732394366197,0.00544640988531247,0.002451594331314866,0.008615944975278747,-0.007872839899432549,-0.021559707580856406,0.0,-0.006569874118751203,-0.01642468529687801,0.0,0.0,0.0,0.0,0.0011833335312319473,0.0,0.003051408012987859,False
mediation_aware_recourse,False,3.0,1.0,1.0,142,0.2200907829781653,0.1838743518985493,0.25951002769067255,0.18679175557385028,0.15099250055639676,0.22732350132624868,0.07183477207755959,0.06537387714176897,0.07850579965735038,0.1797511628413564,0.16893836503997098,0.19154318724321684,-0.006249998551858983,-0.009727709924041386,-0.0025818991907675505,0.1503058040488354,0.12789289713312516,0.17428603235658416,0.08766372877002603,0.06747012069238953,0.10981318401566273,0.19437192992615498,0.18309289720299995,0.2065387592682382,0.16901408450704225,0.1056338028169014,0.22552816901408435,0.0,0.0,0.0,0.0,0.0,0.0,0.04880905660315299,0.03760143118766202,0.060996808384505795,0.4167641806996124,0.34031329814657124,0.5002646226819565,0.2874490680614361,0.2247876506553886,0.3419602582837126,0.09859154929577464,0.04929577464788732,0.14788732394366197,0.00544640988531247,0.002451594331314866,0.008615944975278747,-0.007872839899432549,-0.021559707580856406,0.0,-0.006569874118751203,-0.01642468529687801,0.0,0.0,0.0,0.0,0.0011833335312319473,0.0,0.003051408012987859,False
mediation_aware_recourse,False,3.0,2.0,1.0,142,0.2168058459187897,0.1806715382656581,0.25622509063129695,0.18803135232186655,0.15206150090400603,0.2288371131138902,0.07159358062322291,0.06533818288876767,0.07820221879880246,0.17978325021833602,0.16893836503997098,0.1915760768046209,-0.006249998551858983,-0.009727709924041386,-0.0025818991907675505,0.1503058040488354,0.12789289713312516,0.17428603235658416,0.0881629314168658,0.0682460438335498,0.11021064310531381,0.19434935272454848,0.18304774279978692,0.20653819483819805,0.16901408450704225,0.1056338028169014,0.22552816901408435,0.0,0.0,0.0,0.0,0.0,0.0,0.0483098539563132,0.037327557462464335,0.06049760573766601,0.41344293405848076,0.3363917261284501,0.4962837789051004,0.2845091354834598,0.22171075725139847,0.33889265675200064,0.09859154929577464,0.04929577464788732,0.14788732394366197,0.00544640988531247,0.002451594331314866,0.008615944975278747,-0.011194086540564196,-0.027037505140668525,0.0,-0.009854811178126805,-0.022994559415629213,0.0,0.0,0.0,0.0,0.0006841308843921608,-0.0009984052936795732,0.0027245299916871836,False
mediation_aware_recourse,False,3.0,5.0,1.0,142,0.1839564753250337,0.14782216767190207,0.2200907829781653,0.20131388222667532,0.16144977190439969,0.24439200474552705,0.06937348174954384,0.06293858036392329,0.07600251805811176,0.18047331543770476,0.16968417385846657,0.1922199860416318,-0.006249998551858983,-0.009727709924041386,-0.0025818991907675505,0.1503058040488354,0.12789289713312516,0.17428603235658416,0.0935823651109363,0.07345049835964512,0.1159958424794317,0.1957354073140534,0.1843040388701713,0.20789095794922888,0.1619718309859155,0.09859154929577464,0.21830985915492956,0.0,0.0,0.0,0.0,0.0,0.0,0.04583039879798889,0.03525609689777796,0.0576587799162617,0.3773868833399757,0.30936160906755694,0.45821177848972,0.26990698735436847,0.20901859674653953,0.3255665632980092,0.09859154929577464,0.04929577464788732,0.14788732394366197,0.005446520069955101,0.0024486117747048257,0.008391596675968503,-0.047250137259069236,-0.08770847828765772,-0.009313259987509856,-0.04270418177188282,-0.06569874118751204,-0.01970962235625361,-0.007042253521126761,-0.035211267605633804,0.014084507042253521,-0.001795324273932148,-0.0068781572931879,0.0031069897154582197,False
mediation_aware_recourse,False,3.0,24.520863415390647,1.0,142,0.11716439375575159,0.08514822796511819,0.1517167001385504,0.2726845915468646,0.2318563611102356,0.3178769404409637,0.057380440198934415,0.051423328247537814,0.06384801634285651,0.183934778928267,0.1724480332846058,0.19622468880110994,-0.006249998551858983,-0.009727709924041386,-0.0025818991907675505,0.1503058040488354,0.12789289713312516,0.17428603235658416,0.11349196645470572,0.09091909427103967,0.13730229202487415,0.20554494358631978,0.19196810579261558,0.21999728169780997,0.19718309859154928,0.13380281690140844,0.26073943661971816,0.0,0.0,0.0,0.0,0.0,0.0,0.024209356276502073,0.013493093246148086,0.03455407845223664,0.24492625435920368,0.16860801627472602,0.3329727889511224,0.1425751158566393,0.08568599371502957,0.2021210002267009,0.08450704225352113,0.04225352112676056,0.13380281690140844,0.004985369636978902,0.0019299315157490717,0.008810963723021493,-0.17971076623984128,-0.27946514260161254,-0.07955822176524907,-0.10949626334116493,-0.16193734126716433,-0.061067627118506905,0.028169014084507043,-0.02112676056338028,0.07746478873239436,-0.023416366795418968,-0.03669948325505559,-0.010603669550742063,True
transport_anchor_only,False,10.0,0.0,1.0,142,0.9126078238789465,0.7327725110706729,1.104619545148502,0.06658128218751558,0.04712846103898237,0.09134833040371745,0.08283739506831052,0.07684954693147414,0.08893411686630841,0.1795528764123788,0.17076091293284906,0.18929795842932565,-0.006249998551858983,-0.009727709924041386,-0.0025818991907675505,0.1503058040488354,0.12789289713312516,0.17428603235658416,0.011553868021763546,-0.007812053168481084,0.033071492714676215,0.187210927354631,0.1793384499363027,0.19534596171839863,0.4014084507042254,0.323943661971831,0.4859154929577465,0.0,0.0,0.0,0.0,0.0,0.0,0.06677094545267837,0.04880032220225729,0.08494344139865166,0.9231309256826196,0.806446139478351,0.9962505676714911,0.39323124394732767,0.3095955752010389,0.4658178915149923,0.352112676056338,0.2746478873239437,0.4295774647887324,0.024506402687287668,0.017987001466919,0.031115486803399005,-0.006821929215755751,-0.020537559008057534,0.015260684830860592,-0.007421342419906401,-0.022264027259719203,0.0,-0.007042253521126761,-0.02112676056338028,0.0,0.00011420145001209958,0.0,0.0003426043500362987,False
mediation_aware_recourse,False,10.0,0.5,1.0,142,0.9158927609383221,0.736190599754033,1.1056497723231433,0.06627690855046393,0.04680417971816701,0.09094687978881347,0.08261834170249566,0.0765568461449502,0.08863999039511865,0.17938470984743515,0.17042989481738963,0.18891087864468775,-0.006249998551858983,-0.009727709924041386,-0.0025818991907675505,0.1503058040488354,0.12789289713312516,0.17428603235658416,0.010208883335892583,-0.00915530053111659,0.03172432892155689,0.18661405202034126,0.17882911081875438,0.1949406558856644,0.4084507042253521,0.33098591549295775,0.49295774647887325,0.0,0.0,0.0,0.0,0.0,0.0,0.06811593013854933,0.05012880778464843,0.0861257780415439,0.9320792473684141,0.815390968735866,0.997078693009229,0.4011522041423571,0.319762226663794,0.47258880027238087,0.352112676056338,0.2746478873239437,0.4295774647887324,0.024506402687287668,0.017987001466919,0.031115486803399005,0.0021263924700387626,-0.01980450748198722,0.026402381009227684,-0.0041364053605308,-0.022264027259719203,0.009854811178126805,0.0,-0.02112676056338028,0.02112676056338028,0.0014591861358830627,0.0,0.004263356957637089,False
mediation_aware_recourse,False,10.0,1.0,1.0,142,0.9134592921801017,0.7328874040185146,1.1039285683243627,0.06652521247595129,0.04695152481362013,0.09144743802157085,0.08247714648416764,0.07646558515655374,0.08835754566137272,0.17946337869154735,0.17050258127268528,0.189048816189782,-0.006249998551858983,-0.009727709924041386,-0.0025818991907675505,0.1503058040488354,0.12789289713312516,0.17428603235658416,0.010382409666625547,-0.008964163642114317,0.03201000007577765,0.18665310117855513,0.17888729604666326,0.19501942358360444,0.4084507042253521,0.33098591549295775,0.49295774647887325,0.0,0.0,0.0,0.0,0.0,0.0,0.06794240380781637,0.04998970979654139,0.08582436443621319,0.9309247588120267,0.8144004968318446,0.9966356886032,0.4001302630206742,0.3191896648392177,0.47113996510562806,0.352112676056338,0.2746478873239437,0.4295774647887324,0.024506402687287668,0.017987001466919,0.031115486803399005,0.0009719039136514285,-0.020706444786369998,0.024891613065978545,-0.006569874118751203,-0.026279496475004813,0.007421342419906401,0.0,-0.02112676056338028,0.02112676056338028,0.0012856598051500991,-0.0003470526614659269,0.004149155507624989,False
mediation_aware_recourse,False,10.0,2.0,1.0,142,0.9036044810019749,0.7254690808624449,1.0966038517549004,0.06753657128609403,0.0483126421209792,0.09245168246118954,0.08239544005933362,0.07638387873171973,0.08835754566137272,0.17932771687601376,0.17046555107166475,0.18893309555545518,-0.006249998551858983,-0.009727709924041386,-0.0025818991907675505,0.1503058040488354,0.12789289713312516,0.17428603235658416,0.011504958632966163,-0.007841614675773701,0.032552983411128666,0.18660270381436853,0.1788548593130848,0.19496902621941786,0.4014084507042254,0.3308098591549296,0.4790492957746477,0.0,0.0,0.0,0.0,0.0,0.0,0.06804922204727018,0.0500965280359952,0.08592851221968066,0.923456324885311,0.8076086061505064,0.9967477735023283,0.40075934306277805,0.3198309321640158,0.4711553384970786,0.34507042253521125,0.2676056338028169,0.4225352112676056,0.02389171908439045,0.017393209213312243,0.030582258971014492,-0.006496530013064272,-0.031757677769514145,0.02403012118714017,-0.01642468529687801,-0.0435769367805669,0.0041576920680596605,-0.007042253521126761,-0.028169014084507043,0.014084507042253521,0.0013924780446039119,-0.0002604519082626826,0.004263356957637089,False
mediation_aware_recourse,False,10.0,5.0,1.0,142,0.90445594930313,0.7247507682988341,1.095788911441472,0.0678347712251502,0.04862126719573854,0.09291434437036514,0.08122883423585707,0.0753839698302048,0.08690112898959189,0.17930971865188067,0.17050020455583895,0.18875536182523647,-0.006249998551858983,-0.009727709924041386,-0.0025818991907675505,0.1503058040488354,0.12789289713312516,0.17428603235658416,0.010036926664097208,-0.009273667731912622,0.03004818476972654,0.18471405376096478,0.17638638796824896,0.1927260685094491,0.4014084507042254,0.323943661971831,0.4788732394366197,0.0,0.0,0.0,0.0,0.0,0.0,0.07096176040949116,0.05280973553513243,0.08954553381198832,0.9332232928221711,0.8216554682630374,0.9978339711445179,0.4179120293914772,0.3370918346288295,0.48631631164494177,0.352112676056338,0.2746478873239437,0.4295774647887324,0.023982508921287428,0.01749167918214496,0.03066920834842702,0.003270437923795777,-0.02829687509334539,0.03771786861316323,-0.01557321699572281,-0.045137649087209096,0.009124279651843327,-0.007042253521126761,-0.035211267605633804,0.02112676056338028,0.004305016406824891,0.00018729443701220232,0.009413823474880675,False
mediation_aware_recourse,False,10.0,24.520863415390647,1.0,142,0.7869287422845062,0.6522220104040815,0.9421905162573699,0.08812624677805833,0.06192152896817302,0.11906405402950836,0.07496720984000975,0.06944344881167767,0.0807579307013493,0.17919290341226987,0.16985891749557683,0.18940010499121718,-0.006249998551858983,-0.009727709924041386,-0.0025818991907675505,0.1503058040488354,0.12789289713312516,0.17428603235658416,0.010348541740800294,-0.010181610582684967,0.031793158202314035,0.18563353598858953,0.17617660368086516,0.19578028204436349,0.4084507042253521,0.33098591549295775,0.4859154929577465,0.0,0.0,0.0,0.0,0.0,0.0,0.06888135105476413,0.05075498954852072,0.08729567631134684,0.9311500856118771,0.8130961058436285,0.9962252535436245,0.40565996447113306,0.31816960475882855,0.47680312438585803,0.3732394366197183,0.2887323943661972,0.4507042253521127,0.02606214813783135,0.018903888709528343,0.03259864022404375,0.0011972307135017513,-0.06554009356631141,0.07046875765516616,-0.1331004240143467,-0.2570978611287936,-0.03039763553566498,0.0,-0.056338028169014086,0.056338028169014086,0.0022246070520978577,-0.008602863826959486,0.011992144025862215,True
transport_anchor_only,False,30.0,0.0,1.0,142,1.7974750829834334,1.4197308949339138,2.1718589975433034,0.011357312261218756,0.006109060756337475,0.017948430173203973,0.08759215022896377,0.08194788731896961,0.09345917808233013,0.18634958212819178,0.17747328708171317,0.19562990684368314,-0.006249998551858983,-0.009727709924041386,-0.0025818991907675505,0.1503058040488354,0.12789289713312516,0.17428603235658416,-0.04095695482593187,-0.05998757685416601,-0.0210856667575492,0.19082500602098998,0.18416792755710898,0.1979225630498406,0.704225352112676,0.6197183098591549,0.7746478873239436,0.0,0.0,0.0,0.0,0.0,0.0,0.06224937372329369,0.03875723275369112,0.08606786499600069,0.7275091598417273,0.5506367313923585,0.8684251050943089,0.36660254693414673,0.25178973713676683,0.45693390268856987,0.4859154929577465,0.4014084507042254,0.5563380281690141,0.05124678725088146,0.039459947517640155,0.06278177101532338,0.002129420397308901,-0.002206110491875013,0.00996858507166338,-0.02713096645516409,-0.08869330312164736,0.007300403756155095,0.007042253521126761,0.0,0.02112676056338028,0.0005991449448424326,0.0,0.0016613829933421682,False
mediation_aware_recourse,False,30.0,0.5,1.0,142,1.7974750829834334,1.4197308949339138,2.1718589975433034,0.011357312261218756,0.006109060756337475,0.017948430173203973,0.08759215022896377,0.08194788731896961,0.09345917808233013,0.18634958212819178,0.17747328708171317,0.19562990684368314,-0.006249998551858983,-0.009727709924041386,-0.0025818991907675505,0.1503058040488354,0.12789289713312516,0.17428603235658416,-0.04095695482593187,-0.05998757685416601,-0.0210856667575492,0.19082500602098998,0.18416792755710898,0.1979225630498406,0.704225352112676,0.6197183098591549,0.7746478873239436,0.0,0.0,0.0,0.0,0.0,0.0,0.06224937372329369,0.03875723275369112,0.08606786499600069,0.7275091598417273,0.5506367313923585,0.8684251050943089,0.36660254693414673,0.25178973713676683,0.45693390268856987,0.4859154929577465,0.4014084507042254,0.5563380281690141,0.05124678725088146,0.039459947517640155,0.06278177101532338,0.002129420397308901,-0.002206110491875013,0.00996858507166338,-0.02713096645516409,-0.08869330312164736,0.007300403756155095,0.007042253521126761,0.0,0.02112676056338028,0.0005991449448424326,0.0,0.0016613829933421682,False
mediation_aware_recourse,False,30.0,1.0,1.0,142,1.7974750829834334,1.4197308949339138,2.1718589975433034,0.011357312261218756,0.006109060756337475,0.017948430173203973,0.08759215022896377,0.08194788731896961,0.09345917808233013,0.18634958212819178,0.17747328708171317,0.19562990684368314,-0.006249998551858983,-0.009727709924041386,-0.0025818991907675505,0.1503058040488354,0.12789289713312516,0.17428603235658416,-0.04095695482593187,-0.05998757685416601,-0.0210856667575492,0.19082500602098998,0.18416792755710898,0.1979225630498406,0.704225352112676,0.6197183098591549,0.7746478873239436,0.0,0.0,0.0,0.0,0.0,0.0,0.06224937372329369,0.03875723275369112,0.08606786499600069,0.7275091598417273,0.5506367313923585,0.8684251050943089,0.36660254693414673,0.25178973713676683,0.45693390268856987,0.4859154929577465,0.4014084507042254,0.5563380281690141,0.05124678725088146,0.039459947517640155,0.06278177101532338,0.002129420397308901,-0.002206110491875013,0.00996858507166338,-0.02713096645516409,-0.08869330312164736,0.007300403756155095,0.007042253521126761,0.0,0.02112676056338028,0.0005991449448424326,0.0,0.0016613829933421682,False
mediation_aware_recourse,False,30.0,2.0,1.0,142,1.7974750829834334,1.4197308949339138,2.1718589975433034,0.011357312261218756,0.006109060756337475,0.017948430173203973,0.08759215022896377,0.08194788731896961,0.09345917808233013,0.18634958212819178,0.17747328708171317,0.19562990684368314,-0.006249998551858983,-0.009727709924041386,-0.0025818991907675505,0.1503058040488354,0.12789289713312516,0.17428603235658416,-0.04095695482593187,-0.05998757685416601,-0.0210856667575492,0.19082500602098998,0.18416792755710898,0.1979225630498406,0.704225352112676,0.6197183098591549,0.7746478873239436,0.0,0.0,0.0,0.0,0.0,0.0,0.06224937372329369,0.03875723275369112,0.08606786499600069,0.7275091598417273,0.5506367313923585,0.8684251050943089,0.36660254693414673,0.25178973713676683,0.45693390268856987,0.4859154929577465,0.4014084507042254,0.5563380281690141,0.05124678725088146,0.039459947517640155,0.06278177101532338,0.002129420397308901,-0.002206110491875013,0.00996858507166338,-0.02713096645516409,-0.08869330312164736,0.007300403756155095,0.007042253521126761,0.0,0.02112676056338028,0.0005991449448424326,0.0,0.0016613829933421682,False
mediation_aware_recourse,False,30.0,5.0,1.0,142,1.797475082773558,1.4243589805780161,2.1725857728751192,0.011406605932074534,0.006096541981252146,0.018089209056236375,0.08709459604931549,0.08159142039768712,0.09282716615519053,0.18649960950261832,0.1776380165622181,0.19571382914661065,-0.006249998551858983,-0.009727709924041386,-0.0025818991907675505,0.1503058040488354,0.12789289713312516,0.17428603235658416,-0.04164310355841274,-0.06073802022499517,-0.021968722225389863,0.19003187328727889,0.18361699468896128,0.19723838719913514,0.6971830985915493,0.6126760563380281,0.7607394366197181,0.0,0.0,0.0,0.0,0.0,0.0,0.06364632463476187,0.040208105500262804,0.08752138188410498,0.722944141632198,0.5550631758068455,0.8685894973817352,0.3748295495761761,0.2624191823804358,0.4647210270645692,0.4859154929577465,0.4014084507042254,0.5563380281690141,0.05124678725088146,0.039459947517640155,0.06278177101532338,-0.002435597812220358,-0.020405724855725702,0.011606892183427185,-0.0271309666650396,-0.0912629485497592,0.009003340993338908,0.0,-0.028169014084507043,0.028169014084507043,0.001996095856310616,0.0,0.004710492908849682,False
mediation_aware_recourse,False,30.0,24.520863415390647,1.0,142,1.762192241952453,1.4097811226378865,2.1300573123120508,0.014247384709371647,0.007343600737586827,0.023172067756384186,0.08386743268076803,0.07851615196067684,0.08960578178750796,0.18596996231433094,0.17703096415746974,0.19518865152270895,-0.006249998551858983,-0.009727709924041386,-0.0025818991907675505,0.1503058040488354,0.12789289713312516,0.17428603235658416,-0.051601098981541645,-0.06958527598582523,-0.032994407630512416,0.18748033110465542,0.18082947476782582,0.19468169389702675,0.704225352112676,0.6267605633802817,0.7746478873239436,0.0,0.0,0.0,0.0,0.0,0.0,0.06764381234599671,0.043804861280516215,0.09150502181900533,0.6566925721326364,0.48197661308054435,0.7987025934461732,0.39837178122642414,0.2782680886817402,0.49103073177961964,0.528169014084507,0.44366197183098594,0.5985915492957746,0.05329281721316593,0.04226707549582066,0.06431201804481762,-0.06868716731178193,-0.13031760053233915,-0.01432211903612528,-0.06241380748614459,-0.20048759752281115,0.04088030297991256,0.007042253521126761,-0.035211267605633804,0.04929577464788732,0.0059935835675454475,-0.0009825111143815684,0.01336794376740573,True
transport_anchor_only,False,0.0,0.0,2.0,142,0.0,0.0,0.0,0.3071688734729525,0.26652193275136005,0.3507233787852694,0.060434114279776394,0.053874198090888455,0.06786939847991395,0.1869644093558962,0.17569743827217096,0.1992265106648854,-0.006249998551858983,-0.009727709924041386,-0.0025818991907675505,0.1503058040488354,0.12789289713312516,0.17428603235658416,0.1503058040488354,0.12811662458985204,0.17328898137973123,0.21941573588971153,0.20606237135410252,0.23430750699599867,0.1056338028169014,0.056338028169014086,0.15492957746478872,0.0,0.0,0.0,0.0,0.0,0.0,0.0,0.0,0.0,0.0,0.0,0.0,0.0,0.0,0.0,0.0,0.0,0.0,0.0,0.0,0.0,0.0,0.0,0.0,0.0,0.0,0.0,0.0,0.0,0.0,0.0,0.0,0.0,False
mediation_aware_recourse,False,0.0,0.5,2.0,142,0.0,0.0,0.0,0.3071688734729525,0.26652193275136005,0.3507233787852694,0.060434114279776394,0.053874198090888455,0.06786939847991395,0.1869644093558962,0.17569743827217096,0.1992265106648854,-0.006249998551858983,-0.009727709924041386,-0.0025818991907675505,0.1503058040488354,0.12789289713312516,0.17428603235658416,0.1503058040488354,0.12811662458985204,0.17328898137973123,0.21941573588971153,0.20606237135410252,0.23430750699599867,0.1056338028169014,0.056338028169014086,0.15492957746478872,0.0,0.0,0.0,0.0,0.0,0.0,0.0,0.0,0.0,0.0,0.0,0.0,0.0,0.0,0.0,0.0,0.0,0.0,0.0,0.0,0.0,0.0,0.0,0.0,0.0,0.0,0.0,0.0,0.0,0.0,0.0,0.0,0.0,False
mediation_aware_recourse,False,0.0,1.0,2.0,142,0.0,0.0,0.0,0.3071688734729525,0.26652193275136005,0.3507233787852694,0.060434114279776394,0.053874198090888455,0.06786939847991395,0.1869644093558962,0.17569743827217096,0.1992265106648854,-0.006249998551858983,-0.009727709924041386,-0.0025818991907675505,0.1503058040488354,0.12789289713312516,0.17428603235658416,0.1503058040488354,0.12811662458985204,0.17328898137973123,0.21941573588971153,0.20606237135410252,0.23430750699599867,0.1056338028169014,0.056338028169014086,0.15492957746478872,0.0,0.0,0.0,0.0,0.0,0.0,0.0,0.0,0.0,0.0,0.0,0.0,0.0,0.0,0.0,0.0,0.0,0.0,0.0,0.0,0.0,0.0,0.0,0.0,0.0,0.0,0.0,0.0,0.0,0.0,0.0,0.0,0.0,False
mediation_aware_recourse,False,0.0,2.0,2.0,142,0.0,0.0,0.0,0.3071688734729525,0.26652193275136005,0.3507233787852694,0.060434114279776394,0.053874198090888455,0.06786939847991395,0.1869644093558962,0.17569743827217096,0.1992265106648854,-0.006249998551858983,-0.009727709924041386,-0.0025818991907675505,0.1503058040488354,0.12789289713312516,0.17428603235658416,0.1503058040488354,0.12811662458985204,0.17328898137973123,0.21941573588971153,0.20606237135410252,0.23430750699599867,0.1056338028169014,0.056338028169014086,0.15492957746478872,0.0,0.0,0.0,0.0,0.0,0.0,0.0,0.0,0.0,0.0,0.0,0.0,0.0,0.0,0.0,0.0,0.0,0.0,0.0,0.0,0.0,0.0,0.0,0.0,0.0,0.0,0.0,0.0,0.0,0.0,0.0,0.0,0.0,False
mediation_aware_recourse,False,0.0,5.0,2.0,142,0.0,0.0,0.0,0.3071688734729525,0.26652193275136005,0.3507233787852694,0.060434114279776394,0.053874198090888455,0.06786939847991395,0.1869644093558962,0.17569743827217096,0.1992265106648854,-0.006249998551858983,-0.009727709924041386,-0.0025818991907675505,0.1503058040488354,0.12789289713312516,0.17428603235658416,0.1503058040488354,0.12811662458985204,0.17328898137973123,0.21941573588971153,0.20606237135410252,0.23430750699599867,0.1056338028169014,0.056338028169014086,0.15492957746478872,0.0,0.0,0.0,0.0,0.0,0.0,0.0,0.0,0.0,0.0,0.0,0.0,0.0,0.0,0.0,0.0,0.0,0.0,0.0,0.0,0.0,0.0,0.0,0.0,0.0,0.0,0.0,0.0,0.0,0.0,0.0,0.0,0.0,False
mediation_aware_recourse,False,0.0,24.520863415390647,2.0,142,0.04830165249361119,0.025406741539777167,0.07289647586958507,0.3043985979657778,0.26333518748656964,0.34883773197275647,0.05745480066611314,0.05128535143768703,0.0638929115011501,0.18595282561167586,0.1743509125194027,0.19824966866711038,-0.006249998551858983,-0.009727709924041386,-0.0025818991907675505,0.1503058040488354,0.12789289713312516,0.17428603235658416,0.13403186498498412,0.11090106541408934,0.15830025250997237,0.21359643552275243,0.19951868814553794,0.22880983845266176,0.15492957746478872,0.09859154929577464,0.21830985915492956,0.0,0.0,0.0,0.0,0.0,0.0,0.010224001298488026,0.003224401149741361,0.018873330866786796,0.10827219325851023,0.055322235319319,0.17604004282403263,0.06021176907810699,0.018615741690478155,0.10976001454895606,0.035211267605633804,0.007042253521126761,0.07042253521126761,0.0019223996451203252,0.0002863581331682877,0.004295874628382667,0.10827219325851023,0.053223760288040683,0.1653109311922035,0.04830165249361119,0.025406741539777167,0.07289647586958507,0.04929577464788732,0.02112676056338028,0.08450704225352113,0.010224001298488026,0.0029051981026857673,0.017614361323731044,True
transport_anchor_only,False,1.0,0.0,2.0,142,0.0,0.0,0.0,0.3071688734729525,0.26652193275136005,0.3507233787852694,0.060434114279776394,0.053874198090888455,0.06786939847991395,0.1869644093558962,0.17569743827217096,0.1992265106648854,-0.006249998551858983,-0.009727709924041386,-0.0025818991907675505,0.1503058040488354,0.12789289713312516,0.17428603235658416,0.1503058040488354,0.12811662458985204,0.17328898137973123,0.21941573588971153,0.20606237135410252,0.23430750699599867,0.1056338028169014,0.056338028169014086,0.15492957746478872,0.0,0.0,0.0,0.0,0.0,0.0,0.0,0.0,0.0,0.0,0.0,0.0,0.0,0.0,0.0,0.0,0.0,0.0,0.0,0.0,0.0,0.0,0.0,0.0,0.0,0.0,0.0,0.0,0.0,0.0,0.0,0.0,0.0,False
mediation_aware_recourse,False,1.0,0.5,2.0,142,0.0,0.0,0.0,0.3071688734729525,0.26652193275136005,0.3507233787852694,0.060434114279776394,0.053874198090888455,0.06786939847991395,0.1869644093558962,0.17569743827217096,0.1992265106648854,-0.006249998551858983,-0.009727709924041386,-0.0025818991907675505,0.1503058040488354,0.12789289713312516,0.17428603235658416,0.1503058040488354,0.12811662458985204,0.17328898137973123,0.21941573588971153,0.20606237135410252,0.23430750699599867,0.1056338028169014,0.056338028169014086,0.15492957746478872,0.0,0.0,0.0,0.0,0.0,0.0,0.0,0.0,0.0,0.0,0.0,0.0,0.0,0.0,0.0,0.0,0.0,0.0,0.0,0.0,0.0,0.0,0.0,0.0,0.0,0.0,0.0,0.0,0.0,0.0,0.0,0.0,0.0,False
mediation_aware_recourse,False,1.0,1.0,2.0,142,0.0,0.0,0.0,0.3071688734729525,0.26652193275136005,0.3507233787852694,0.060434114279776394,0.053874198090888455,0.06786939847991395,0.1869644093558962,0.17569743827217096,0.1992265106648854,-0.006249998551858983,-0.009727709924041386,-0.0025818991907675505,0.1503058040488354,0.12789289713312516,0.17428603235658416,0.1503058040488354,0.12811662458985204,0.17328898137973123,0.21941573588971153,0.20606237135410252,0.23430750699599867,0.1056338028169014,0.056338028169014086,0.15492957746478872,0.0,0.0,0.0,0.0,0.0,0.0,0.0,0.0,0.0,0.0,0.0,0.0,0.0,0.0,0.0,0.0,0.0,0.0,0.0,0.0,0.0,0.0,0.0,0.0,0.0,0.0,0.0,0.0,0.0,0.0,0.0,0.0,0.0,False
mediation_aware_recourse,False,1.0,2.0,2.0,142,0.0,0.0,0.0,0.3071688734729525,0.26652193275136005,0.3507233787852694,0.060434114279776394,0.053874198090888455,0.06786939847991395,0.1869644093558962,0.17569743827217096,0.1992265106648854,-0.006249998551858983,-0.009727709924041386,-0.0025818991907675505,0.1503058040488354,0.12789289713312516,0.17428603235658416,0.1503058040488354,0.12811662458985204,0.17328898137973123,0.21941573588971153,0.20606237135410252,0.23430750699599867,0.1056338028169014,0.056338028169014086,0.15492957746478872,0.0,0.0,0.0,0.0,0.0,0.0,0.0,0.0,0.0,0.0,0.0,0.0,0.0,0.0,0.0,0.0,0.0,0.0,0.0,0.0,0.0,0.0,0.0,0.0,0.0,0.0,0.0,0.0,0.0,0.0,0.0,0.0,0.0,False
mediation_aware_recourse,False,1.0,5.0,2.0,142,0.0,0.0,0.0,0.3071688734729525,0.26652193275136005,0.3507233787852694,0.060434114279776394,0.053874198090888455,0.06786939847991395,0.1869644093558962,0.17569743827217096,0.1992265106648854,-0.006249998551858983,-0.009727709924041386,-0.0025818991907675505,0.1503058040488354,0.12789289713312516,0.17428603235658416,0.1503058040488354,0.12811662458985204,0.17328898137973123,0.21941573588971153,0.20606237135410252,0.23430750699599867,0.1056338028169014,0.056338028169014086,0.15492957746478872,0.0,0.0,0.0,0.0,0.0,0.0,0.0,0.0,0.0,0.0,0.0,0.0,0.0,0.0,0.0,0.0,0.0,0.0,0.0,0.0,0.0,0.0,0.0,0.0,0.0,0.0,0.0,0.0,0.0,0.0,0.0,0.0,0.0,False
mediation_aware_recourse,False,1.0,24.520863415390647,2.0,142,0.057304995160707285,0.0327284338188843,0.08373892990950964,0.301513425271276,0.26044974546932,0.3448279010525472,0.057153749988007714,0.051061332292041524,0.06355386075012805,0.18569034380847022,0.1739976377029654,0.19783371868215396,-0.006249998551858983,-0.009727709924041386,-0.0025818991907675505,0.1503058040488354,0.12789289713312516,0.17428603235658416,0.13133678346557517,0.10825501417505069,0.15554719517912557,0.21279112949947707,0.19878574542110805,0.22807302709151403,0.16901408450704225,0.11267605633802817,0.2323943661971831,0.0,0.0,0.0,0.0,0.0,0.0,0.011541704266843662,0.004294070076774544,0.020212718251515438,0.12620284827522066,0.06756976556775839,0.1952128968630908,0.06797206023298963,0.024422615233561592,0.1206722203453983,0.04929577464788732,0.014084507042253521,0.09154929577464789,0.0026110889206469898,0.000531765105019153,0.005320857381316977,0.12620284827522066,0.06805654432591952,0.19299028852812294,0.057304995160707285,0.0327284338188843,0.08373892990950964,0.06338028169014084,0.028169014084507043,0.1056338028169014,0.011541704266843662,0.003859057004602862,0.019371111029890222,True
transport_anchor_only,False,3.0,0.0,2.0,142,0.22337572003754091,0.1839564753250337,0.26279496475004815,0.1857644560891138,0.15005556981433446,0.22645086626141842,0.07192132888283108,0.06553149091860305,0.0785418424207691,0.17953910196785916,0.16891786825008026,0.19138362056405192,-0.006249998551858983,-0.009727709924041386,-0.0025818991907675505,0.1503058040488354,0.12789289713312516,0.17428603235658416,0.08719335740405909,0.06718897749079575,0.10867503161843813,0.1940356138420068,0.1825897303042871,0.2062012394934476,0.16901408450704225,0.1056338028169014,0.22552816901408435,0.0,0.0,0.0,0.0,0.0,0.0,0.04927942796911992,0.0382237984405332,0.06149904843629666,0.4198936098586761,0.3443740011824352,0.5024478799344062,0.2902192058227392,0.2247953567860178,0.3438512916324694,0.09859154929577464,0.04929577464788732,0.14788732394366197,0.00544640988531247,0.002451594331314866,0.008615944975278747,-0.004743410740368881,-0.019210339499832838,0.006453798657039681,-0.0032849370593756016,-0.013139748237502406,0.006569874118751203,0.0,0.0,0.0,0.0016537048971988785,0.0,0.0036975278768321155,False
mediation_aware_recourse,False,3.0,0.5,2.0,142,0.22337572003754091,0.1839564753250337,0.26279496475004815,0.1857644560891138,0.15005556981433446,0.22645086626141842,0.07192132888283108,0.06553149091860305,0.0785418424207691,0.17953910196785916,0.16891786825008026,0.19138362056405192,-0.006249998551858983,-0.009727709924041386,-0.0025818991907675505,0.1503058040488354,0.12789289713312516,0.17428603235658416,0.08719335740405909,0.06718897749079575,0.10867503161843813,0.1940356138420068,0.1825897303042871,0.2062012394934476,0.16901408450704225,0.1056338028169014,0.22552816901408435,0.0,0.0,0.0,0.0,0.0,0.0,0.04927942796911992,0.0382237984405332,0.06149904843629666,0.4198936098586761,0.3443740011824352,0.5024478799344062,0.2902192058227392,0.2247953567860178,0.3438512916324694,0.09859154929577464,0.04929577464788732,0.14788732394366197,0.00544640988531247,0.002451594331314866,0.008615944975278747,-0.004743410740368881,-0.019210339499832838,0.006453798657039681,-0.0032849370593756016,-0.013139748237502406,0.006569874118751203,0.0,0.0,0.0,0.0016537048971988785,0.0,0.0036975278768321155,False
mediation_aware_recourse,False,3.0,1.0,2.0,142,0.22337572003754091,0.1839564753250337,0.26279496475004815,0.1857644560891138,0.15005556981433446,0.22645086626141842,0.07192132888283108,0.06553149091860305,0.0785418424207691,0.17953910196785916,0.16891786825008026,0.19138362056405192,-0.006249998551858983,-0.009727709924041386,-0.0025818991907675505,0.1503058040488354,0.12789289713312516,0.17428603235658416,0.08719335740405909,0.06718897749079575,0.10867503161843813,0.1940356138420068,0.1825897303042871,0.2062012394934476,0.16901408450704225,0.1056338028169014,0.22552816901408435,0.0,0.0,0.0,0.0,0.0,0.0,0.04927942796911992,0.0382237984405332,0.06149904843629666,0.4198936098586761,0.3443740011824352,0.5024478799344062,0.2902192058227392,0.2247953567860178,0.3438512916324694,0.09859154929577464,0.04929577464788732,0.14788732394366197,0.00544640988531247,0.002451594331314866,0.008615944975278747,-0.004743410740368881,-0.019210339499832838,0.006453798657039681,-0.0032849370593756016,-0.013139748237502406,0.006569874118751203,0.0,0.0,0.0,0.0016537048971988785,0.0,0.0036975278768321155,False
mediation_aware_recourse,False,3.0,2.0,2.0,142,0.2168058459187897,0.1805894148391737,0.25622509063129695,0.18817621742335844,0.15152605108287134,0.22889710917124445,0.07183187175542116,0.0653577868951301,0.07846768234797398,0.17926176802688082,0.16869263333801898,0.1911441511164109,-0.006249998551858983,-0.009727709924041386,-0.0025818991907675505,0.1503058040488354,0.12789289713312516,0.17428603235658416,0.08859376223679159,0.06896477684601617,0.10998910097339727,0.19354305973335523,0.1821719285433187,0.20584768688438038,0.1619718309859155,0.1056338028169014,0.22535211267605634,0.0,0.0,0.0,0.0,0.0,0.0,0.049711023522934446,0.03855495940054386,0.061590194905465336,0.41057657222600086,0.33716028048864155,0.4892386150186322,0.2927609828689981,0.2320478176503645,0.3458634771528024,0.09859154929577464,0.04929577464788732,0.14788732394366197,0.00544640988531247,0.002451594331314866,0.008615944975278747,-0.014060448373044099,-0.03703588508722608,0.0029491621720686605,-0.009854811178126805,-0.026279496475004813,0.0032849370593756016,-0.007042253521126761,-0.028169014084507043,0.0,0.0020853004510134037,-0.00046660824560783277,0.005304484037866054,False
mediation_aware_recourse,False,3.0,5.0,2.0,142,0.1905263494437849,0.15110710473127767,0.22674278052340083,0.19882682238666105,0.15943417745366903,0.24246449194009037,0.06968774723912209,0.06331213293761068,0.07656555337319806,0.18006444807238703,0.16926615768846806,0.1917133727755852,-0.006249998551858983,-0.009727709924041386,-0.0025818991907675505,0.1503058040488354,0.12789289713312516,0.17428603235658416,0.09249596783078053,0.07242782682796914,0.11435719807501095,0.1950680143898353,0.18323221986810678,0.20725208637468406,0.1619718309859155,0.09859154929577464,0.21830985915492956,0.0,0.0,0.0,0.0,0.0,0.0,0.04691679607814466,0.03617710384054923,0.058386096980055445,0.3846147963738782,0.3151900472560529,0.46680375757526626,0.2763050599142278,0.21675110980463183,0.33049544551058635,0.09859154929577464,0.04929577464788732,0.14788732394366197,0.005446520069955101,0.0024486117747048257,0.008391596675968503,-0.04002222422516677,-0.07690181655542361,-0.0021507432986814456,-0.03613430765313162,-0.05912886706876083,-0.013139748237502406,-0.007042253521126761,-0.035211267605633804,0.014084507042253521,-0.0007089269937763751,-0.0054266397788805855,0.004160946242931023,False
mediation_aware_recourse,False,3.0,24.520863415390647,2.0,142,0.1228827995733476,0.08856934061877325,0.15646874931916382,0.2710209608497754,0.22953028721393834,0.31621572708474915,0.057387564318175883,0.051331592099019656,0.06372751305306093,0.18334218355096846,0.17181479153223336,0.19542044370518255,-0.006249998551858983,-0.009727709924041386,-0.0025818991907675505,0.1503058040488354,0.12789289713312516,0.17428603235658416,0.11230912329760236,0.09047496538005874,0.13591736314660854,0.2042199821700014,0.19098597147787139,0.21898517880306745,0.20422535211267606,0.14084507042253522,0.2746478873239437,0.0,0.0,0.0,0.0,0.0,0.0,0.02729577198624611,0.016830366886627507,0.03843444833059756,0.2527958317490365,0.1793236797511879,0.3409811767072777,0.16075181053503595,0.10040392736749129,0.2211271564955297,0.08450704225352113,0.04225352112676056,0.13380281690140844,0.004033583360658565,0.0013826439760520424,0.007404700519753174,-0.17184118885000843,-0.2755436569116159,-0.06535072868098321,-0.10377785752356893,-0.15694947065392012,-0.0534948712398469,0.035211267605633804,-0.014084507042253521,0.09154929577464789,-0.02032995108567493,-0.03389353093651819,-0.006999670651177286,True
transport_anchor_only,False,10.0,0.0,2.0,142,0.9051864812491646,0.7247507706389461,1.095495262946671,0.0675554204155022,0.04876394135431505,0.09228038002907389,0.08247692258635038,0.07642127355481958,0.08841089300653884,0.17817788659441916,0.16996674920703359,0.18749367984650142,-0.006249998551858983,-0.009727709924041386,-0.0025818991907675505,0.1503058040488354,0.12789289713312516,0.17428603235658416,0.012516957773289211,-0.007173679690335838,0.03319579432915212,0.18541954051959,0.17779138839561787,0.19349652457061797,0.3873239436619718,0.30985915492957744,0.4647887323943662,0.0,0.0,0.0,0.0,0.0,0.0,0.0700997783946739,0.05164159767487099,0.08795535147032688,0.9167233903407858,0.8014440141385412,0.9943461526296865,0.41283559595701214,0.33382981219954183,0.48131531644050213,0.34507042253521125,0.2676056338028169,0.4225352112676056,0.02389171908439045,0.017393209213312243,0.030582258971014492,-0.013229464557589554,-0.03910459185975927,0.030647022436986145,-0.014842685049688312,-0.045258586680595306,0.009003342667096098,-0.02112676056338028,-0.056338028169014086,0.007042253521126761,0.0034430343920076397,0.00044210792952020404,0.00722527562207739,False
mediation_aware_recourse,False,10.0,0.5,2.0,142,0.8953316700710378,0.7164840040544809,1.0907249601111866,0.06860572099685669,0.04888749744375827,0.09359966639796612,0.08242993901523066,0.07635610500534236,0.0883650409634894,0.17786193108229847,0.1696959954975042,0.1870970250487747,-0.006249998551858983,-0.009727709924041386,-0.0025818991907675505,0.1503058040488354,0.12789289713312516,0.17428603235658416,0.013144171783621882,-0.005835226037815003,0.0334238914707282,0.18495187688769746,0.17724563366411628,0.19304661723685573,0.3873239436619718,0.30985915492957744,0.4647887323943662,0.0,0.0,0.0,0.0,0.0,0.0,0.07072699240500659,0.0528695976669887,0.08835709723053684,0.912550470909618,0.7981518429170622,0.9947859890549423,0.41652942032676155,0.33949759283970365,0.483476070283469,0.34507042253521125,0.2676056338028169,0.4225352112676056,0.02389171908439045,0.017393209213312243,0.030582258971014492,-0.017402383988757264,-0.043910715225705756,0.03384159243737635,-0.024697496227815117,-0.06170455888963081,0.004866937096689788,-0.02112676056338028,-0.056338028169014086,0.007042253521126761,0.0040702484023403115,0.0009634387902390789,0.008052964377361284,False
mediation_aware_recourse,False,10.0,1.0,2.0,142,0.8953316700710378,0.7164840040544809,1.0907249601111866,0.06860572099685669,0.04888749744375827,0.09359966639796612,0.08242993901523066,0.07635610500534236,0.0883650409634894,0.17786193108229847,0.1696959954975042,0.1870970250487747,-0.006249998551858983,-0.009727709924041386,-0.0025818991907675505,0.1503058040488354,0.12789289713312516,0.17428603235658416,0.013144171783621882,-0.005835226037815003,0.0334238914707282,0.18495187688769746,0.17724563366411628,0.19304661723685573,0.3873239436619718,0.30985915492957744,0.4647887323943662,0.0,0.0,0.0,0.0,0.0,0.0,0.07072699240500659,0.0528695976669887,0.08835709723053684,0.912550470909618,0.7981518429170622,0.9947859890549423,0.41652942032676155,0.33949759283970365,0.483476070283469,0.34507042253521125,0.2676056338028169,0.4225352112676056,0.02389171908439045,0.017393209213312243,0.030582258971014492,-0.017402383988757264,-0.043910715225705756,0.03384159243737635,-0.024697496227815117,-0.06170455888963081,0.004866937096689788,-0.02112676056338028,-0.056338028169014086,0.007042253521126761,0.0040702484023403115,0.0009634387902390789,0.008052964377361284,False
mediation_aware_recourse,False,10.0,2.0,2.0,142,0.8928982013128173,0.7147627989066319,1.0882945201136696,0.06885402492234405,0.04928702068790584,0.0937022980774792,0.08228874379690264,0.0762169320333067,0.08828660551930817,0.1779405999264107,0.16976549784770945,0.1871409192707547,-0.006249998551858983,-0.009727709924041386,-0.0025818991907675505,0.1503058040488354,0.12789289713312516,0.17428603235658416,0.013317698114354846,-0.005621516682260053,0.03360175595972948,0.18499092604591133,0.17732275575158862,0.19308664262402492,0.3873239436619718,0.30985915492957744,0.4647887323943662,0.0,0.0,0.0,0.0,0.0,0.0,0.07055346607427362,0.0526926140058261,0.08805826438892579,0.9113959823532308,0.7973794036377556,0.9953056673164091,0.4155074792050787,0.3385271633229506,0.48189335530299904,0.34507042253521125,0.2676056338028169,0.4225352112676056,0.02389171908439045,0.017393209213312243,0.030582258971014492,-0.018556872545144487,-0.045676391416164225,0.0348931508442919,-0.02713096498603552,-0.0633078460542249,0.002433468343716272,-0.02112676056338028,-0.056338028169014086,0.007042253521126761,0.003896722071607348,0.0007720838025422164,0.007887585917618912,False
mediation_aware_recourse,False,10.0,5.0,2.0,142,0.8970346054140951,0.7164809757030346,1.0915794501999314,0.06875389898327035,0.04922531096553299,0.09371047967546423,0.08137396130133683,0.07551585919236843,0.08723077954409618,0.17773152809992365,0.16922005773653132,0.18675962473208987,-0.006249998551858983,-0.009727709924041386,-0.0025818991907675505,0.1503058040488354,0.12789289713312516,0.17428603235658416,0.01099465913336042,-0.007945959832729168,0.03158918402065902,0.1836752417420601,0.17571487516757842,0.19144174278447812,0.4014084507042254,0.323943661971831,0.4788732394366197,0.0,0.0,0.0,0.0,0.0,0.0,0.07230725551260189,0.05432693783954626,0.09096873449751923,0.9268514000311779,0.8162448148361129,0.9971363975879219,0.4258359955647021,0.34952744985364625,0.49361714295323145,0.352112676056338,0.2746478873239437,0.4295774647887324,0.02417634385572353,0.01767783398464532,0.03072452061927654,-0.003101454867197373,-0.036288766076742515,0.03498776046582053,-0.02299456088475778,-0.061562336666483274,0.009003340363712378,-0.007042253521126761,-0.04225352112676056,0.028169014084507043,0.005650511509935621,0.0011279295028095515,0.010925547143732995,False
mediation_aware_recourse,False,10.0,24.520863415390647,2.0,142,0.7950806160208205,0.6582005549694451,0.950366701668417,0.08780495801442106,0.06171936654603817,0.11861551447023808,0.0748216723367362,0.06935032771008326,0.08056497512857469,0.17829922068112053,0.1692463780637446,0.1879032430274001,-0.006249998551858983,-0.009727709924041386,-0.0025818991907675505,0.1503058040488354,0.12789289713312516,0.17428603235658416,0.0097605083400095,-0.00993343216012901,0.030932965025987837,0.18456764026551548,0.17497307456170313,0.19468740192826503,0.4154929577464789,0.3380281690140845,0.49295774647887325,0.0,0.0,0.0,0.0,0.0,0.0,0.07124179656761633,0.05291139823974858,0.08942102734393007,0.9350623324110742,0.8217147599627548,0.9963031498661664,0.41956123423743563,0.3339784433588541,0.4895049339862982,0.3732394366197183,0.2887323943661972,0.4507042253521127,0.02517594208180065,0.018238693181897553,0.03154669279678607,0.005109477512698857,-0.0612089965312558,0.07567218579453541,-0.12494855027803232,-0.24953730999374055,-0.022318084412057695,0.007042253521126761,-0.04929577464788732,0.06338028169014084,0.004585052564950056,-0.005690622824231083,0.014573143670519052,True
transport_anchor_only,False,30.0,0.0,2.0,142,1.7974750829834334,1.4197308949339138,2.1718589975433034,0.011357312261218756,0.006109060756337475,0.017948430173203973,0.08759215022896377,0.08194788731896961,0.09345917808233013,0.18634958212819178,0.17747328708171317,0.19562990684368314,-0.006249998551858983,-0.009727709924041386,-0.0025818991907675505,0.1503058040488354,0.12789289713312516,0.17428603235658416,-0.04095695482593187,-0.05998757685416601,-0.0210856667575492,0.19082500602098998,0.18416792755710898,0.1979225630498406,0.704225352112676,0.6197183098591549,0.7746478873239436,0.0,0.0,0.0,0.0,0.0,0.0,0.06224937372329369,0.03875723275369112,0.08606786499600069,0.7275091598417273,0.5506367313923585,0.8684251050943089,0.36660254693414673,0.25178973713676683,0.45693390268856987,0.4859154929577465,0.4014084507042254,0.5563380281690141,0.05124678725088146,0.039459947517640155,0.06278177101532338,0.002129420397308901,-0.002206110491875013,0.00996858507166338,-0.02713096645516409,-0.08869330312164736,0.007300403756155095,0.007042253521126761,0.0,0.02112676056338028,0.0005991449448424326,0.0,0.0016613829933421682,False
mediation_aware_recourse,False,30.0,0.5,2.0,142,1.7974750829834334,1.4197308949339138,2.1718589975433034,0.011357312261218756,0.006109060756337475,0.017948430173203973,0.08759215022896377,0.08194788731896961,0.09345917808233013,0.18634958212819178,0.17747328708171317,0.19562990684368314,-0.006249998551858983,-0.009727709924041386,-0.0025818991907675505,0.1503058040488354,0.12789289713312516,0.17428603235658416,-0.04095695482593187,-0.05998757685416601,-0.0210856667575492,0.19082500602098998,0.18416792755710898,0.1979225630498406,0.704225352112676,0.6197183098591549,0.7746478873239436,0.0,0.0,0.0,0.0,0.0,0.0,0.06224937372329369,0.03875723275369112,0.08606786499600069,0.7275091598417273,0.5506367313923585,0.8684251050943089,0.36660254693414673,0.25178973713676683,0.45693390268856987,0.4859154929577465,0.4014084507042254,0.5563380281690141,0.05124678725088146,0.039459947517640155,0.06278177101532338,0.002129420397308901,-0.002206110491875013,0.00996858507166338,-0.02713096645516409,-0.08869330312164736,0.007300403756155095,0.007042253521126761,0.0,0.02112676056338028,0.0005991449448424326,0.0,0.0016613829933421682,False
mediation_aware_recourse,False,30.0,1.0,2.0,142,1.7974750829834334,1.4197308949339138,2.1718589975433034,0.011357312261218756,0.006109060756337475,0.017948430173203973,0.08759215022896377,0.08194788731896961,0.09345917808233013,0.18634958212819178,0.17747328708171317,0.19562990684368314,-0.006249998551858983,-0.009727709924041386,-0.0025818991907675505,0.1503058040488354,0.12789289713312516,0.17428603235658416,-0.04095695482593187,-0.05998757685416601,-0.0210856667575492,0.19082500602098998,0.18416792755710898,0.1979225630498406,0.704225352112676,0.6197183098591549,0.7746478873239436,0.0,0.0,0.0,0.0,0.0,0.0,0.06224937372329369,0.03875723275369112,0.08606786499600069,0.7275091598417273,0.5506367313923585,0.8684251050943089,0.36660254693414673,0.25178973713676683,0.45693390268856987,0.4859154929577465,0.4014084507042254,0.5563380281690141,0.05124678725088146,0.039459947517640155,0.06278177101532338,0.002129420397308901,-0.002206110491875013,0.00996858507166338,-0.02713096645516409,-0.08869330312164736,0.007300403756155095,0.007042253521126761,0.0,0.02112676056338028,0.0005991449448424326,0.0,0.0016613829933421682,False
mediation_aware_recourse,False,30.0,2.0,2.0,142,1.7974750829834334,1.4197308949339138,2.1718589975433034,0.011357312261218756,0.006109060756337475,0.017948430173203973,0.08759215022896377,0.08194788731896961,0.09345917808233013,0.18634958212819178,0.17747328708171317,0.19562990684368314,-0.006249998551858983,-0.009727709924041386,-0.0025818991907675505,0.1503058040488354,0.12789289713312516,0.17428603235658416,-0.04095695482593187,-0.05998757685416601,-0.0210856667575492,0.19082500602098998,0.18416792755710898,0.1979225630498406,0.704225352112676,0.6197183098591549,0.7746478873239436,0.0,0.0,0.0,0.0,0.0,0.0,0.06224937372329369,0.03875723275369112,0.08606786499600069,0.7275091598417273,0.5506367313923585,0.8684251050943089,0.36660254693414673,0.25178973713676683,0.45693390268856987,0.4859154929577465,0.4014084507042254,0.5563380281690141,0.05124678725088146,0.039459947517640155,0.06278177101532338,0.002129420397308901,-0.002206110491875013,0.00996858507166338,-0.02713096645516409,-0.08869330312164736,0.007300403756155095,0.007042253521126761,0.0,0.02112676056338028,0.0005991449448424326,0.0,0.0016613829933421682,False
mediation_aware_recourse,False,30.0,5.0,2.0,142,1.7983265512845885,1.4243589805780161,2.172628346300671,0.011364444040916336,0.006055263697471417,0.01800593932119893,0.08723336699563013,0.08159515109490341,0.09317859350900415,0.1863574158365318,0.17756876709232622,0.19551457055568905,-0.006249998551858983,-0.009727709924041386,-0.0025818991907675505,0.1503058040488354,0.12789289713312516,0.17428603235658416,-0.041998504647906394,-0.061117640890600816,-0.021990671321015124,0.19017799638887267,0.183745941744509,0.1972798767711026,0.704225352112676,0.6197183098591549,0.7676056338028169,0.0,0.0,0.0,0.0,0.0,0.0,0.06329092354526822,0.03983643630545744,0.08718770016443876,0.7205796215676357,0.5497631810579012,0.8622509938619941,0.37273650129635405,0.2583897613941142,0.46233390717036416,0.4859154929577465,0.4014084507042254,0.5563380281690141,0.05124678725088146,0.039459947517640155,0.06278177101532338,-0.004800117876782695,-0.022351980180909854,0.008510829564860404,-0.02627949815400889,-0.09029356666748792,0.00973387274523856,0.007042253521126761,-0.014084507042253521,0.028169014084507043,0.0016406947668169585,-0.00019096842061885644,0.0043816650601130125,False
mediation_aware_recourse,False,30.0,24.520863415390647,2.0,142,1.7613407736512976,1.4089236074245313,2.1275933607363364,0.014247384709371647,0.007343600737586827,0.023172067756384186,0.08392287885219278,0.07857245536337436,0.089868119261949,0.18567616624556518,0.17650434910975607,0.19489475884146884,-0.006249998551858983,-0.009727709924041386,-0.0025818991907675505,0.1503058040488354,0.12789289713312516,0.17428603235658416,-0.050723308933452824,-0.06839513765831648,-0.03195700755893765,0.18713792699264545,0.18035660464880318,0.19427021674695588,0.704225352112676,0.6267605633802817,0.7746478873239436,0.0,0.0,0.0,0.0,0.0,0.0,0.06866959485054856,0.04480985047912199,0.09291653395827178,0.6625325997592717,0.48871383966092175,0.8022313767427226,0.4044128778074244,0.29310794130805373,0.4958778802661822,0.528169014084507,0.44366197183098594,0.6056338028169014,0.05234103093684559,0.040832633556614456,0.06339799248101846,-0.06284713968514666,-0.12274908005572176,-0.010829149100938872,-0.06326527578729979,-0.19978983160370672,0.04101950697810715,0.007042253521126761,-0.035211267605633804,0.04929577464788732,0.007019366072097295,0.0003802231473612114,0.014193662038256583,True
transport_anchor_only,False,0.0,0.0,5.0,142,0.0,0.0,0.0,0.3071688734729525,0.26652193275136005,0.3507233787852694,0.060434114279776394,0.053874198090888455,0.06786939847991395,0.1869644093558962,0.17569743827217096,0.1992265106648854,-0.006249998551858983,-0.009727709924041386,-0.0025818991907675505,0.1503058040488354,0.12789289713312516,0.17428603235658416,0.1503058040488354,0.12811662458985204,0.17328898137973123,0.21941573588971153,0.20606237135410252,0.23430750699599867,0.1056338028169014,0.056338028169014086,0.15492957746478872,0.0,0.0,0.0,0.0,0.0,0.0,0.0,0.0,0.0,0.0,0.0,0.0,0.0,0.0,0.0,0.0,0.0,0.0,0.0,0.0,0.0,0.0,0.0,0.0,0.0,0.0,0.0,0.0,0.0,0.0,0.0,0.0,0.0,False
mediation_aware_recourse,False,0.0,0.5,5.0,142,0.0,0.0,0.0,0.3071688734729525,0.26652193275136005,0.3507233787852694,0.060434114279776394,0.053874198090888455,0.06786939847991395,0.1869644093558962,0.17569743827217096,0.1992265106648854,-0.006249998551858983,-0.009727709924041386,-0.0025818991907675505,0.1503058040488354,0.12789289713312516,0.17428603235658416,0.1503058040488354,0.12811662458985204,0.17328898137973123,0.21941573588971153,0.20606237135410252,0.23430750699599867,0.1056338028169014,0.056338028169014086,0.15492957746478872,0.0,0.0,0.0,0.0,0.0,0.0,0.0,0.0,0.0,0.0,0.0,0.0,0.0,0.0,0.0,0.0,0.0,0.0,0.0,0.0,0.0,0.0,0.0,0.0,0.0,0.0,0.0,0.0,0.0,0.0,0.0,0.0,0.0,False
mediation_aware_recourse,False,0.0,1.0,5.0,142,0.0,0.0,0.0,0.3071688734729525,0.26652193275136005,0.3507233787852694,0.060434114279776394,0.053874198090888455,0.06786939847991395,0.1869644093558962,0.17569743827217096,0.1992265106648854,-0.006249998551858983,-0.009727709924041386,-0.0025818991907675505,0.1503058040488354,0.12789289713312516,0.17428603235658416,0.1503058040488354,0.12811662458985204,0.17328898137973123,0.21941573588971153,0.20606237135410252,0.23430750699599867,0.1056338028169014,0.056338028169014086,0.15492957746478872,0.0,0.0,0.0,0.0,0.0,0.0,0.0,0.0,0.0,0.0,0.0,0.0,0.0,0.0,0.0,0.0,0.0,0.0,0.0,0.0,0.0,0.0,0.0,0.0,0.0,0.0,0.0,0.0,0.0,0.0,0.0,0.0,0.0,False
mediation_aware_recourse,False,0.0,2.0,5.0,142,0.0,0.0,0.0,0.3071688734729525,0.26652193275136005,0.3507233787852694,0.060434114279776394,0.053874198090888455,0.06786939847991395,0.1869644093558962,0.17569743827217096,0.1992265106648854,-0.006249998551858983,-0.009727709924041386,-0.0025818991907675505,0.1503058040488354,0.12789289713312516,0.17428603235658416,0.1503058040488354,0.12811662458985204,0.17328898137973123,0.21941573588971153,0.20606237135410252,0.23430750699599867,0.1056338028169014,0.056338028169014086,0.15492957746478872,0.0,0.0,0.0,0.0,0.0,0.0,0.0,0.0,0.0,0.0,0.0,0.0,0.0,0.0,0.0,0.0,0.0,0.0,0.0,0.0,0.0,0.0,0.0,0.0,0.0,0.0,0.0,0.0,0.0,0.0,0.0,0.0,0.0,False
mediation_aware_recourse,False,0.0,5.0,5.0,142,0.0,0.0,0.0,0.3071688734729525,0.26652193275136005,0.3507233787852694,0.060434114279776394,0.053874198090888455,0.06786939847991395,0.1869644093558962,0.17569743827217096,0.1992265106648854,-0.006249998551858983,-0.009727709924041386,-0.0025818991907675505,0.1503058040488354,0.12789289713312516,0.17428603235658416,0.1503058040488354,0.12811662458985204,0.17328898137973123,0.21941573588971153,0.20606237135410252,0.23430750699599867,0.1056338028169014,0.056338028169014086,0.15492957746478872,0.0,0.0,0.0,0.0,0.0,0.0,0.0,0.0,0.0,0.0,0.0,0.0,0.0,0.0,0.0,0.0,0.0,0.0,0.0,0.0,0.0,0.0,0.0,0.0,0.0,0.0,0.0,0.0,0.0,0.0,0.0,0.0,0.0,False
mediation_aware_recourse,False,0.0,24.520863415390647,5.0,142,0.05316858959030098,0.030294965270539403,0.07859661591724611,0.30384603163725893,0.2622326785252548,0.34873543610979973,0.05729525634677897,0.05112943544485409,0.06389083969144438,0.1856471014082292,0.17401098806319207,0.19775393577314423,-0.006249998551858983,-0.009727709924041386,-0.0025818991907675505,0.1503058040488354,0.12789289713312516,0.17428603235658416,0.13367580971352652,0.11046601677851253,0.1579356663270106,0.21329147345983276,0.19910095694052668,0.22858048198378847,0.15492957746478872,0.09859154929577464,0.21830985915492956,0.0,0.0,0.0,0.0,0.0,0.0,0.010580056569945644,0.003472271283537569,0.019586240961937836,0.11064106566307763,0.05699367875216382,0.17875977284685596,0.06230867000350282,0.02010404825663323,0.11295254034678935,0.035211267605633804,0.007042253521126761,0.07042253521126761,0.0019223996451203252,0.0002863581331682877,0.004295874628382667,0.11064106566307763,0.05637292627263189,0.16842382820396978,0.05316858959030098,0.030294965270539403,0.07859661591724611,0.04929577464788732,0.02112676056338028,0.08450704225352113,0.010580056569945644,0.0032075392790663414,0.017842452060168892,True
transport_anchor_only,False,1.0,0.0,5.0,142,0.01970962235625361,0.006569874118751203,0.03613430765313162,0.2923276201939919,0.25027294341002554,0.3339218115302878,0.06163770352608301,0.05495176839602875,0.06905114951832088,0.18556444956418217,0.17418689117876227,0.1977650559404559,-0.006249998551858983,-0.009727709924041386,-0.0025818991907675505,0.1503058040488354,0.12789289713312516,0.17428603235658416,0.14322711655896314,0.1217690647573171,0.16491301299768016,0.21417500324632555,0.20182970073611908,0.2280466819677885,0.1056338028169014,0.056338028169014086,0.15492957746478872,0.0,0.0,0.0,0.0,0.0,0.0,0.007078687489872247,0.0020733140671337154,0.014000759580710401,0.04709523717109643,0.01558146753787656,0.08873098233384688,0.04168820837095388,0.013135330411471826,0.07334622932303676,0.0,0.0,0.0,0.0,0.0,0.0,0.04709523717109643,0.016788119964484937,0.08253730129736007,0.01970962235625361,0.006569874118751203,0.03613430765313162,0.0,0.0,0.0,0.007078687489872247,0.002375080919181797,0.013115948181546908,False
mediation_aware_recourse,False,1.0,0.5,5.0,142,0.01642468529687801,0.0032849370593756016,0.03284937059375602,0.2946522208586545,0.25266559001740435,0.33856231237066464,0.0613822779998603,0.05460454393178225,0.06890586022300724,0.18576666486270274,0.17444927974193064,0.19810780014978294,-0.006249998551858983,-0.009727709924041386,-0.0025818991907675505,0.1503058040488354,0.12789289713312516,0.17428603235658416,0.14426170418065198,0.12311469496647552,0.1662991949514499,0.21487324300766464,0.20271238138308442,0.22865078595729257,0.1056338028169014,0.056338028169014086,0.15492957746478872,0.0,0.0,0.0,0.0,0.0,0.0,0.006044099868183404,0.001267512814259865,0.012268012644014727,0.04021201913280503,0.008695568220785797,0.07887832322560125,0.03559525619405923,0.007467040777445313,0.06533057871748697,0.0,0.0,0.0,0.0,0.0,0.0,0.04021201913280503,0.00896961234583662,0.07657575095549991,0.01642468529687801,0.0032849370593756016,0.03284937059375602,0.0,0.0,0.0,0.006044099868183404,0.001276249931731694,0.011815299529214975,False
mediation_aware_recourse,False,1.0,1.0,5.0,142,0.01642468529687801,0.0032849370593756016,0.03284937059375602,0.2946522208586545,0.25266559001740435,0.33856231237066464,0.0613822779998603,0.05460454393178225,0.06890586022300724,0.18576666486270274,0.17444927974193064,0.19810780014978294,-0.006249998551858983,-0.009727709924041386,-0.0025818991907675505,0.1503058040488354,0.12789289713312516,0.17428603235658416,0.14426170418065198,0.12311469496647552,0.1662991949514499,0.21487324300766464,0.20271238138308442,0.22865078595729257,0.1056338028169014,0.056338028169014086,0.15492957746478872,0.0,0.0,0.0,0.0,0.0,0.0,0.006044099868183404,0.001267512814259865,0.012268012644014727,0.04021201913280503,0.008695568220785797,0.07887832322560125,0.03559525619405923,0.007467040777445313,0.06533057871748697,0.0,0.0,0.0,0.0,0.0,0.0,0.04021201913280503,0.00896961234583662,0.07657575095549991,0.01642468529687801,0.0032849370593756016,0.03284937059375602,0.0,0.0,0.0,0.006044099868183404,0.001276249931731694,0.011815299529214975,False
mediation_aware_recourse,False,1.0,2.0,5.0,142,0.009854811178126805,0.0,0.022994559415629213,0.29920905429712485,0.2580041365042119,0.3432329882828282,0.06093160024988399,0.05431276339132496,0.06823124692309647,0.1863117153743203,0.17492487912892662,0.19848307117911607,-0.006249998551858983,-0.009727709924041386,-0.0025818991907675505,0.1503058040488354,0.12789289713312516,0.17428603235658416,0.1465746373410376,0.1255223839858573,0.16835201642685896,0.21694719133223078,0.20436905484770845,0.23137435375205667,0.1056338028169014,0.056338028169014086,0.15492957746478872,0.0,0.0,0.0,0.0,0.0,0.0,0.0037311667077977893,0.0,0.008729846229855443,0.02482383652054798,0.0,0.05696048925247551,0.021973798872175876,0.0,0.047371144121675285,0.0,0.0,0.0,0.0,0.0,0.0,0.02482383652054798,0.0,0.058567974977378985,0.009854811178126805,0.0,0.022994559415629213,0.0,0.0,0.0,0.0037311667077977893,0.0,0.008804420245365359,False
mediation_aware_recourse,False,1.0,5.0,5.0,142,0.0,0.0,0.0,0.3071688734729525,0.26652193275136005,0.3507233787852694,0.060434114279776394,0.053874198090888455,0.06786939847991395,0.1869644093558962,0.17569743827217096,0.1992265106648854,-0.006249998551858983,-0.009727709924041386,-0.0025818991907675505,0.1503058040488354,0.12789289713312516,0.17428603235658416,0.1503058040488354,0.12811662458985204,0.17328898137973123,0.21941573588971153,0.20606237135410252,0.23430750699599867,0.1056338028169014,0.056338028169014086,0.15492957746478872,0.0,0.0,0.0,0.0,0.0,0.0,0.0,0.0,0.0,0.0,0.0,0.0,0.0,0.0,0.0,0.0,0.0,0.0,0.0,0.0,0.0,0.0,0.0,0.0,0.0,0.0,0.0,0.0,0.0,0.0,0.0,0.0,0.0,False
mediation_aware_recourse,False,1.0,24.520863415390647,5.0,142,0.06545686931677268,0.03844684085375826,0.09430600939397239,0.30083296311573243,0.25974871770701774,0.34481033969303254,0.05689262151455795,0.05077970105380764,0.06334512078918149,0.1853152714197485,0.17376492904398608,0.19757069880011635,-0.006249998551858983,-0.009727709924041386,-0.0025818991907675505,0.1503058040488354,0.12789289713312516,0.17428603235658416,0.12965772104200343,0.10670753779466932,0.15427986379437358,0.2120518983772654,0.1980246982981736,0.2272396735757963,0.176056338028169,0.11267605633802817,0.23943661971830985,0.0,0.0,0.0,0.0,0.0,0.0,0.012933522672720358,0.005147553025416925,0.021674460681601306,0.13737382356920336,0.07674206261737365,0.20789754915112046,0.07616883623160964,0.03130304861581574,0.12848742145509492,0.056338028169014086,0.02112676056338028,0.09859154929577464,0.0027547109294945088,0.0006957318581325907,0.005464558046258671,0.13737382356920336,0.07676146977868481,0.20552107383040025,0.06545686931677268,0.03844684085375826,0.09430600939397239,0.07042253521126761,0.035211267605633804,0.11267605633802817,0.012933522672720358,0.005085378921997379,0.02076536144693972,True
transport_anchor_only,False,3.0,0.0,5.0,142,0.24466734264098422,0.205248097928477,0.2840865873587384,0.18154915789483297,0.14702363226720144,0.22201972748087326,0.07240271299395343,0.06609619850338712,0.07912928586609294,0.1770900490435776,0.166869603353006,0.18820456628569626,-0.006249998551858983,-0.009727709924041386,-0.0025818991907675505,0.1503058040488354,0.12789289713312516,0.17428603235658416,0.08435386658029657,0.06423242450429416,0.10491583419071746,0.19111503156616916,0.1804355573233112,0.20288684277681465,0.176056338028169,0.11267605633802817,0.23943661971830985,0.0,0.0,0.0,0.0,0.0,0.0,0.05332013875455924,0.042219753758850655,0.065218960319344,0.4387850348554111,0.3675589233878829,0.520085589346368,0.31401598925627305,0.25751724388928526,0.3675423163106559,0.11267605633802817,0.06338028169014084,0.1619718309859155,0.005761800097747588,0.0028116144134964745,0.00897218160016436,0.014148014256366137,-0.01574562176519598,0.044611532917742565,0.018006685544067706,-0.005009160783719008,0.04258324520688661,0.007042253521126761,-0.02112676056338028,0.035211267605633804,0.0056944156826381955,0.0024803709022333505,0.00979233961290037,False
mediation_aware_recourse,False,3.0,0.5,5.0,142,0.24466734264098422,0.205248097928477,0.2840865873587384,0.18154915789483297,0.14702363226720144,0.22201972748087326,0.07240271299395343,0.06609619850338712,0.07912928586609294,0.1770900490435776,0.166869603353006,0.18820456628569626,-0.006249998551858983,-0.009727709924041386,-0.0025818991907675505,0.1503058040488354,0.12789289713312516,0.17428603235658416,0.08435386658029657,0.06423242450429416,0.10491583419071746,0.19111503156616916,0.1804355573233112,0.20288684277681465,0.176056338028169,0.11267605633802817,0.23943661971830985,0.0,0.0,0.0,0.0,0.0,0.0,0.05332013875455924,0.042219753758850655,0.065218960319344,0.4387850348554111,0.3675589233878829,0.520085589346368,0.31401598925627305,0.25751724388928526,0.3675423163106559,0.11267605633802817,0.06338028169014084,0.1619718309859155,0.005761800097747588,0.0028116144134964745,0.00897218160016436,0.014148014256366137,-0.01574562176519598,0.044611532917742565,0.018006685544067706,-0.005009160783719008,0.04258324520688661,0.007042253521126761,-0.02112676056338028,0.035211267605633804,0.0056944156826381955,0.0024803709022333505,0.00979233961290037,False
mediation_aware_recourse,False,3.0,1.0,5.0,142,0.24138240558160862,0.20196316107373002,0.27921965004692617,0.1829295662087454,0.1481739950536842,0.22252092820028183,0.07213050319852543,0.06563637359986003,0.07909782412429142,0.17695415265718256,0.1667358705968522,0.18806390795931044,-0.006249998551858983,-0.009727709924041386,-0.0025818991907675505,0.1503058040488354,0.12789289713312516,0.17428603235658416,0.08490796583953877,0.06512066746117467,0.10534381404204267,0.190940834845836,0.18018507807223702,0.20281686222766734,0.176056338028169,0.11267605633802817,0.23943661971830985,0.0,0.0,0.0,0.0,0.0,0.0,0.05387423801380144,0.04283222206737059,0.06558223161124953,0.43509855539609377,0.36469409238749556,0.5164559035397837,0.31727922208164205,0.2621002800415025,0.3708657396054347,0.11267605633802817,0.06338028169014084,0.1619718309859155,0.005761800097747588,0.0028116144134964745,0.00897218160016436,0.01046153479704881,-0.021300209608285655,0.04118813636050707,0.014721748484692104,-0.009854811178126805,0.04100124495969692,0.007042253521126761,-0.02112676056338028,0.035211267605633804,0.006248514941880401,0.0027562085152144583,0.010408555464425557,False
mediation_aware_recourse,False,3.0,2.0,5.0,142,0.24138240558160862,0.20196316107373002,0.27921965004692617,0.1829295662087454,0.1481739950536842,0.22252092820028183,0.07213050319852543,0.06563637359986003,0.07909782412429142,0.17695415265718256,0.1667358705968522,0.18806390795931044,-0.006249998551858983,-0.009727709924041386,-0.0025818991907675505,0.1503058040488354,0.12789289713312516,0.17428603235658416,0.08490796583953877,0.06512066746117467,0.10534381404204267,0.190940834845836,0.18018507807223702,0.20281686222766734,0.176056338028169,0.11267605633802817,0.23943661971830985,0.0,0.0,0.0,0.0,0.0,0.0,0.05387423801380144,0.04283222206737059,0.06558223161124953,0.43509855539609377,0.36469409238749556,0.5164559035397837,0.31727922208164205,0.2621002800415025,0.3708657396054347,0.11267605633802817,0.06338028169014084,0.1619718309859155,0.005761800097747588,0.0028116144134964745,0.00897218160016436,0.01046153479704881,-0.021300209608285655,0.04118813636050707,0.014721748484692104,-0.009854811178126805,0.04100124495969692,0.007042253521126761,-0.02112676056338028,0.035211267605633804,0.006248514941880401,0.0027562085152144583,0.010408555464425557,False
mediation_aware_recourse,False,3.0,5.0,5.0,142,0.20938450328900782,0.1708167270875313,0.24880374800151503,0.19394277539891255,0.15641469215108475,0.23557737256649514,0.07023839262956885,0.06379629871250511,0.07687141263536112,0.17805442743073327,0.1675865544485007,0.1895587896882281,-0.006249998551858983,-0.009727709924041386,-0.0025818991907675505,0.1503058040488354,0.12789289713312516,0.17428603235658416,0.08984865570886874,0.07036716817340381,0.11054791303705686,0.19162231291454074,0.1805597983934477,0.203618120292705,0.16901408450704225,0.1056338028169014,0.2323943661971831,0.0,0.0,0.0,0.0,0.0,0.0,0.05122165628512141,0.04068679663444488,0.06302054259716205,0.4022276366674683,0.33581914211593955,0.4777487178796631,0.30165748712238427,0.24091768348133435,0.35257377972000287,0.07746478873239436,0.035211267605633804,0.11971830985915492,0.004617746027422623,0.0017688622199733492,0.007404742227263853,-0.022409383931576654,-0.06139907526795045,0.015238355421541415,-0.017276153807908718,-0.04270418177188282,0.007321692357810431,0.0,-0.02112676056338028,0.02112676056338028,0.0035959332132003675,-0.0002793428238848565,0.00793466511195604,False
mediation_aware_recourse,False,3.0,24.520863415390647,5.0,142,0.1318861424503192,0.09587276988256146,0.1694845388053169,0.2648980651103275,0.2245271029396796,0.3094553520824288,0.05791398105014798,0.05188193450760569,0.06430712044337422,0.18222492614087646,0.17093545366209786,0.1944667191583523,-0.006249998551858983,-0.009727709924041386,-0.0025818991907675505,0.1503058040488354,0.12789289713312516,0.17428603235658416,0.10989642313773364,0.08734953107941949,0.1336695721589396,0.20224572313431335,0.18903707139163514,0.2165107319789355,0.19718309859154928,0.13380281690140844,0.2676056338028169,0.0,0.0,0.0,0.0,0.0,0.0,0.03132034166597984,0.021224043038214596,0.043006475179285644,0.26884777448762043,0.18932422468452356,0.3518071540830311,0.1844535348521793,0.1243725939306735,0.2465321594384889,0.07746478873239436,0.035211267605633804,0.1267605633802817,0.0034419503849996646,0.0010704818955609497,0.006289152108447651,-0.15578924611142453,-0.2577333836678015,-0.05501451877850446,-0.09477451464659731,-0.1463641259451987,-0.046333663611554776,0.028169014084507043,-0.02112676056338028,0.07746478873239436,-0.016305381405941198,-0.029570081366986873,-0.002983163604119297,True
transport_anchor_only,False,10.0,0.0,5.0,142,0.9000776691336028,0.7203602682169474,1.0937953473868924,0.06859528934451896,0.04939906090812784,0.09303002279304283,0.0828495741310254,0.07678048711427501,0.08887185087479967,0.17655973695218563,0.16840340350054975,0.18566128480632924,-0.006249998551858983,-0.009727709924041386,-0.0025818991907675505,0.1503058040488354,0.12789289713312516,0.17428603235658416,0.013156616981600372,-0.006824971104539197,0.0335280919014673,0.18427517408996977,0.17667891810853756,0.19242695417667535,0.39436619718309857,0.30985915492957744,0.47183098591549294,0.0,0.0,0.0,0.0,0.0,0.0,0.07208454653515782,0.054378967099285254,0.08990569225197632,0.9124676717252669,0.8012099416882853,0.9964516691988043,0.4245244052068774,0.3466985722453468,0.49069851382105545,0.33098591549295775,0.2535211267605634,0.4084507042253521,0.023206719420325587,0.016640226028754677,0.029685603533412368,-0.01748518317310843,-0.049569105570152525,0.035697399388808365,-0.019951497165250107,-0.05939202756738998,0.01620107336153445,-0.014084507042253521,-0.056338028169014086,0.028169014084507043,0.00542780253249155,0.001612619331604998,0.009904180152315489,False
mediation_aware_recourse,False,10.0,0.5,5.0,142,0.9074990115535091,0.7252454729147361,1.1022195866987319,0.06778226708862144,0.04823456716159699,0.0924870616061167,0.08274480301729391,0.07669507838313429,0.08871847363451206,0.17670451729895084,0.16848817053688211,0.18587508763606383,-0.006249998551858983,-0.009727709924041386,-0.0025818991907675505,0.1503058040488354,0.12789289713312516,0.17428603235658416,0.012061356238915886,-0.006969396798858341,0.03208434519843316,0.1842667971944279,0.1766627870094569,0.19241857728113346,0.4014084507042254,0.323943661971831,0.4788732394366197,0.0,0.0,0.0,0.0,0.0,0.0,0.07213648757569387,0.054399436605359675,0.08995763329251237,0.9197545542885551,0.8066958086919903,0.995278803799162,0.42483029933258487,0.3476717580110912,0.49129313530958696,0.3380281690140845,0.2605633802816901,0.40862676056338015,0.023728379271399806,0.01718309399947314,0.030269377552707432,-0.010198300609820188,-0.03976662155488361,0.03240781005196476,-0.012530154745343705,-0.05050357686172069,0.021049747600311964,-0.007042253521126761,-0.04929577464788732,0.035211267605633804,0.005479743573027597,0.0016950594497398593,0.009944779787894705,False
mediation_aware_recourse,False,10.0,1.0,5.0,142,0.9066475430424784,0.7243940044037054,1.0988988595057119,0.06783057035694659,0.04833005182445049,0.09257430856601452,0.08265602231865198,0.07658550718038436,0.08867639681639176,0.17679174663280375,0.16856185255218034,0.18599265426191824,-0.006249998551858983,-0.009727709924041386,-0.0025818991907675505,0.1503058040488354,0.12789289713312516,0.17428603235658416,0.012832413676758888,-0.006355223255100804,0.033530563955575646,0.18460721564905483,0.1769907661336638,0.1927441046156307,0.39436619718309857,0.31690140845070425,0.47183098591549294,0.0,0.0,0.0,0.0,0.0,0.0,0.07136543013785086,0.05360854325002768,0.08918962099550055,0.914624629714302,0.8033047213568363,0.9953676353752142,0.42028934408053253,0.342822027532035,0.4853934911390875,0.3380281690140845,0.2605633802816901,0.40862676056338015,0.023728379271399806,0.01718309399947314,0.030269377552707432,-0.015328225184073285,-0.044040266030584155,0.033914620245461574,-0.013381623256374413,-0.051097929724295374,0.0200803648890324,-0.014084507042253521,-0.04947183098591548,0.02112676056338028,0.004708686135184597,0.001330890737369027,0.008963729677275873,False
mediation_aware_recourse,False,10.0,2.0,5.0,142,0.9083504806941664,0.7302904228771657,1.1014434549800107,0.0676111658694039,0.04847008373955606,0.09252096721508972,0.0822673347634329,0.07630136892540564,0.08800982272934535,0.1770172049969155,0.16885291968577237,0.18619364696869656,-0.006249998551858983,-0.009727709924041386,-0.0025818991907675505,0.1503058040488354,0.12789289713312516,0.17428603235658416,0.011273445587762644,-0.007776170090155701,0.03130965129354259,0.18404410820342862,0.17629356531064272,0.1922529013844479,0.4014084507042254,0.323943661971831,0.4788732394366197,0.0,0.0,0.0,0.0,0.0,0.0,0.07204264782788888,0.0538553555882995,0.08988878054045875,0.9249966050273094,0.813523700682376,0.9959848744799049,0.4242776529605605,0.3474643276172461,0.49343815386808637,0.34507042253521125,0.2676056338028169,0.4225352112676056,0.024169254470878924,0.017678600696610734,0.030805654414522817,-0.00495624987106591,-0.03473471518114135,0.03284666311972723,-0.011678685604686469,-0.05012854889140163,0.02093183401919586,-0.007042253521126761,-0.04225352112676056,0.028169014084507043,0.0053859038252226064,0.0015731613820707294,0.009971018723199065,False
mediation_aware_recourse,False,10.0,5.0,5.0,142,0.8977651365206275,0.7186931227766712,1.0907249562284895,0.06906175529453117,0.04965535458964362,0.09381259032853052,0.08122059949476954,0.07531331587372951,0.0870020840920403,0.17692579959514837,0.16873946531496484,0.18599849166742094,-0.006249998551858983,-0.009727709924041386,-0.0025818991907675505,0.1503058040488354,0.12789289713312516,0.17428603235658416,0.011696044513037508,-0.007412785631407735,0.031947361247640256,0.18386257761479421,0.17600814552648766,0.19193228624198538,0.39436619718309857,0.30985915492957744,0.47183098591549294,0.0,0.0,0.0,0.0,0.0,0.0,0.07251807661648367,0.05463067771683277,0.0916756221185058,0.9221850108380554,0.8127042748154708,0.9962889632686492,0.42707757518241973,0.3517133922889737,0.4958918574465046,0.352112676056338,0.2746478873239437,0.4295774647887324,0.024146294824674095,0.01769740812375512,0.03072734365475849,-0.0077678440603199395,-0.04138160755405264,0.037486850307136554,-0.022264029778225322,-0.06436780816547467,0.009733870845865196,-0.014084507042253521,-0.056338028169014086,0.028169014084507043,0.005861332613817403,0.0010651094314288085,0.01137345946118445,False
mediation_aware_recourse,False,10.0,24.520863415390647,5.0,142,0.7958111458680999,0.6621977597999741,0.9412789457962966,0.08899684502205378,0.062701851029841,0.11890512184357979,0.07456964752833609,0.06912550319668273,0.08044777172158511,0.1765808579664975,0.16772342193347045,0.18610856786978044,-0.006249998551858983,-0.009727709924041386,-0.0025818991907675505,0.1503058040488354,0.12789289713312516,0.17428603235658416,0.008819725311977762,-0.010862656472854212,0.02926232856370404,0.1828665966894084,0.17364262588046867,0.1926334065903391,0.4225352112676056,0.34507042253521125,0.5,0.0,0.0,0.0,0.0,0.0,0.0,0.07291061528236933,0.05475816827818332,0.09103329159306282,0.9413214588232922,0.8289743637853787,0.9965895035006016,0.429389336186209,0.350105925914435,0.496088536648256,0.3591549295774648,0.2746478873239437,0.43661971830985913,0.024811924238440017,0.01811834479826437,0.03128010786440171,0.011368603924916898,-0.05861299782802572,0.08416199143337103,-0.12421802043075293,-0.2466274072744057,-0.020663762769438866,0.014084507042253521,-0.04225352112676056,0.07042253521126761,0.00625387127970306,-0.003926715340045556,0.017022634979704736,True
transport_anchor_only,False,30.0,0.0,5.0,142,1.7523374309842015,1.3842609690213707,2.129042941484023,0.012980105801367424,0.007112807507666064,0.02043379302805578,0.08750991302896553,0.08184117472822397,0.09338809399747512,0.18544944018090556,0.17655646300179437,0.19483993744538844,-0.006249998551858983,-0.009727709924041386,-0.0025818991907675505,0.1503058040488354,0.12789289713312516,0.17428603235658416,-0.04084077613874221,-0.05986495948278568,-0.02168655249906678,0.1893022312763685,0.18306625937693752,0.1962806521022223,0.6971830985915493,0.6124999999999999,0.7676056338028169,0.0,0.0,0.0,0.0,0.0,0.0,0.06434194630825184,0.04172318250688554,0.08795912285191072,0.7282821086172244,0.5509653928275784,0.8625196590596999,0.3789262442407296,0.26563128708373174,0.4679586814243067,0.4859154929577465,0.4014084507042254,0.5563380281690141,0.05075742787038776,0.039190768508214346,0.06196641859559106,0.002902369172806063,-0.01616727771348217,0.02058037041225966,-0.07226861845439589,-0.16511961472496178,0.0032849364297490723,0.0,-0.02112676056338028,0.02112676056338028,0.0026917175298005764,0.0004893593804937013,0.005640486761612792,False
mediation_aware_recourse,False,30.0,0.5,5.0,142,1.751485962473171,1.3825580319993094,2.1265098226637065,0.012980105801367424,0.007112807507666064,0.02043379302805578,0.08749462296845208,0.08184079247671114,0.09335751387644821,0.18562075779926332,0.17668390362457914,0.1948906641746456,-0.006249998551858983,-0.009727709924041386,-0.0025818991907675505,0.1503058040488354,0.12789289713312516,0.17428603235658416,-0.03985257918985797,-0.05859431459922606,-0.019970021016476026,0.18988534500212476,0.18338235433069616,0.19686410234636842,0.6971830985915493,0.6124999999999999,0.7676056338028169,0.0,0.0,0.0,0.0,0.0,0.0,0.06335374935936759,0.040224220101314954,0.08732986441406775,0.7348566847298219,0.565081466229584,0.8719074451814616,0.3731064986486876,0.2592366678601652,0.4620954766302063,0.4859154929577465,0.4014084507042254,0.5563380281690141,0.05075742787038776,0.039190768508214346,0.06196641859559106,0.009476945285403549,-0.000881186397289438,0.024534618095968914,-0.07312008696542659,-0.16515916468391956,0.0024334679187183648,0.0,-0.02112676056338028,0.02112676056338028,0.0017035205809163376,0.00013954034993346307,0.0037271054068081814,False
mediation_aware_recourse,False,30.0,1.0,5.0,142,1.751485962473171,1.3825580319993094,2.1265098226637065,0.012980105801367424,0.007112807507666064,0.02043379302805578,0.08749462296845208,0.08184079247671114,0.09335751387644821,0.18562075779926332,0.17668390362457914,0.1948906641746456,-0.006249998551858983,-0.009727709924041386,-0.0025818991907675505,0.1503058040488354,0.12789289713312516,0.17428603235658416,-0.03985257918985797,-0.05859431459922606,-0.019970021016476026,0.18988534500212476,0.18338235433069616,0.19686410234636842,0.6971830985915493,0.6124999999999999,0.7676056338028169,0.0,0.0,0.0,0.0,0.0,0.0,0.06335374935936759,0.040224220101314954,0.08732986441406775,0.7348566847298219,0.565081466229584,0.8719074451814616,0.3731064986486876,0.2592366678601652,0.4620954766302063,0.4859154929577465,0.4014084507042254,0.5563380281690141,0.05075742787038776,0.039190768508214346,0.06196641859559106,0.009476945285403549,-0.000881186397289438,0.024534618095968914,-0.07312008696542659,-0.16515916468391956,0.0024334679187183648,0.0,-0.02112676056338028,0.02112676056338028,0.0017035205809163376,0.00013954034993346307,0.0037271054068081814,False
mediation_aware_recourse,False,30.0,2.0,5.0,142,1.7547708995325464,1.3914883216659368,2.1314338366068166,0.01290467339502254,0.0070021499735368805,0.020413166037957432,0.08719938584196736,0.08171967195583062,0.09310569677396979,0.1855052256685607,0.17653062075940548,0.19483754800702557,-0.006249998551858983,-0.009727709924041386,-0.0025818991907675505,0.1503058040488354,0.12789289713312516,0.17428603235658416,-0.041091615570263126,-0.06015972316422513,-0.021092328670578944,0.18917825126462998,0.18305363318881243,0.1961224551711323,0.704225352112676,0.6197183098591549,0.7746478873239436,0.0,0.0,0.0,0.0,0.0,0.0,0.06459278573977276,0.04117893057180123,0.08843349254506469,0.726613248035903,0.5563026582507951,0.866996810941059,0.3804035020662597,0.2663300289697381,0.4684150256381217,0.4859154929577465,0.4014084507042254,0.5563380281690141,0.05075742787038776,0.039190768508214346,0.06196641859559106,0.0012335085914846333,-0.017816422843546408,0.018651619566863887,-0.069835149906051,-0.16424685802677988,0.005718404348467437,0.007042253521126761,-0.014084507042253521,0.028169014084507043,0.002942556961321495,0.0007386852947758956,0.0058734178621794135,False
mediation_aware_recourse,False,30.0,5.0,5.0,142,1.7383462133961665,1.3803451514422473,2.114936219969056,0.013498786259704913,0.0073859067712451374,0.02104304652713554,0.08705637142272063,0.08157642271736978,0.09294832608544491,0.1852950442302535,0.1763564664619087,0.19455183206821303,-0.006249998551858983,-0.009727709924041386,-0.0025818991907675505,0.1503058040488354,0.12789289713312516,0.17428603235658416,-0.040164621468161195,-0.058506189339177714,-0.020390446678223744,0.18881739219460428,0.18232145681766743,0.19571573393926037,0.6971830985915493,0.6126760563380281,0.7676056338028169,0.0,0.0,0.0,0.0,0.0,0.0,0.06551977984187468,0.04211836674670413,0.08923941814852222,0.7327806353032686,0.5669190657799424,0.8737199236540963,0.3858628083772617,0.272438609147823,0.47696257836943023,0.4859154929577465,0.4014084507042254,0.5563380281690141,0.04983043376828583,0.038517378727105304,0.061230205613332735,0.007400895858850287,-0.01580152392496883,0.02906965686720453,-0.08625983604243104,-0.1881141741563317,-0.00912428173485776,0.0,-0.028169014084507043,0.028169014084507043,0.0038695510634234255,0.00116970424186176,0.0075838305239736194,False
mediation_aware_recourse,False,30.0,24.520863415390647,5.0,142,1.7432131502829806,1.3861121792136364,2.107735468420974,0.015085551520468483,0.008104927071803053,0.02404043795672101,0.08379805140512091,0.07840723783879631,0.0894880155075184,0.18441613647264773,0.17544336642637118,0.1937878255491875,-0.006249998551858983,-0.009727709924041386,-0.0025818991907675505,0.1503058040488354,0.12789289713312516,0.17428603235658416,-0.05105707710477668,-0.06845572741151275,-0.032308436649471105,0.18553229489737572,0.17880774884975623,0.19269044891306739,0.6830985915492958,0.5985915492957746,0.7605633802816901,0.0,0.0,0.0,0.0,0.0,0.0,0.0714316537315157,0.0481927187168892,0.09528799625310364,0.6603120057280829,0.49152630247991486,0.798307630846792,0.4206793518292463,0.3134504758630197,0.5099191923988584,0.528169014084507,0.44366197183098594,0.6056338028169014,0.051741901837604146,0.04026264060865825,0.06265487829354448,-0.06506773371633545,-0.12859588365350522,-0.006976024157800607,-0.08139289915561676,-0.22363284197701536,0.032000923550254856,-0.014084507042253521,-0.06338028169014084,0.035211267605633804,0.009781424953064449,0.0027564228053244067,0.01747906487959791,True
transport_anchor_only,False,0.0,0.0,10.0,142,0.022994559415629213,0.006569874118751203,0.03941924471250722,0.30290101762388794,0.2632195813660051,0.34370264436157655,0.06082012855880697,0.05432447001180598,0.06817580722010051,0.1845071616674393,0.1741618778477882,0.1956000048262745,-0.006249998551858983,-0.009727709924041386,-0.0025818991907675505,0.1503058040488354,0.12789289713312516,0.17428603235658416,0.1483648530614208,0.12680990556910843,0.171107170104482,0.2175699330663676,0.20435539101177996,0.23195595254324058,0.1056338028169014,0.056338028169014086,0.15492957746478872,0.0,0.0,0.0,0.0,0.0,0.0,0.001940950987414575,0.0006181360963522128,0.0036332023756342445,0.012913346891008648,0.004062514190301342,0.024580704685674696,0.011430758783590345,0.0036780567870147054,0.02092472818968337,0.0,0.0,0.0,0.0,0.0,0.0,0.012913346891008648,0.0037846044148070303,0.023298101909051246,0.022994559415629213,0.006569874118751203,0.03941924471250722,0.0,0.0,0.0,0.001940950987414575,0.0005339183300261347,0.0035222353433376884,False
mediation_aware_recourse,False,0.0,0.5,10.0,142,0.022994559415629213,0.006569874118751203,0.03941924471250722,0.30290101762388794,0.2632195813660051,0.34370264436157655,0.06082012855880697,0.05432447001180598,0.06817580722010051,0.1845071616674393,0.1741618778477882,0.1956000048262745,-0.006249998551858983,-0.009727709924041386,-0.0025818991907675505,0.1503058040488354,0.12789289713312516,0.17428603235658416,0.1483648530614208,0.12680990556910843,0.171107170104482,0.2175699330663676,0.20435539101177996,0.23195595254324058,0.1056338028169014,0.056338028169014086,0.15492957746478872,0.0,0.0,0.0,0.0,0.0,0.0,0.001940950987414575,0.0006181360963522128,0.0036332023756342445,0.012913346891008648,0.004062514190301342,0.024580704685674696,0.011430758783590345,0.0036780567870147054,0.02092472818968337,0.0,0.0,0.0,0.0,0.0,0.0,0.012913346891008648,0.0037846044148070303,0.023298101909051246,0.022994559415629213,0.006569874118751203,0.03941924471250722,0.0,0.0,0.0,0.001940950987414575,0.0005339183300261347,0.0035222353433376884,False
mediation_aware_recourse,False,0.0,1.0,10.0,142,0.022994559415629213,0.006569874118751203,0.03941924471250722,0.30290101762388794,0.2632195813660051,0.34370264436157655,0.06082012855880697,0.05432447001180598,0.06817580722010051,0.1845071616674393,0.1741618778477882,0.1956000048262745,-0.006249998551858983,-0.009727709924041386,-0.0025818991907675505,0.1503058040488354,0.12789289713312516,0.17428603235658416,0.1483648530614208,0.12680990556910843,0.171107170104482,0.2175699330663676,0.20435539101177996,0.23195595254324058,0.1056338028169014,0.056338028169014086,0.15492957746478872,0.0,0.0,0.0,0.0,0.0,0.0,0.001940950987414575,0.0006181360963522128,0.0036332023756342445,0.012913346891008648,0.004062514190301342,0.024580704685674696,0.011430758783590345,0.0036780567870147054,0.02092472818968337,0.0,0.0,0.0,0.0,0.0,0.0,0.012913346891008648,0.0037846044148070303,0.023298101909051246,0.022994559415629213,0.006569874118751203,0.03941924471250722,0.0,0.0,0.0,0.001940950987414575,0.0005339183300261347,0.0035222353433376884,False
mediation_aware_recourse,False,0.0,2.0,10.0,142,0.01642468529687801,0.0032849370593756016,0.029564433534380416,0.3042702492274029,0.26425322884510105,0.34600347713895246,0.060629638384135674,0.054043652380908455,0.06800468269092831,0.1851878257931818,0.17464662711026732,0.19648363915547518,-0.006249998551858983,-0.009727709924041386,-0.0025818991907675505,0.1503058040488354,0.12789289713312516,0.17428603235658416,0.14895422357908436,0.127345834837728,0.1713670944932743,0.21814367966011533,0.20497146446754808,0.23258447564418694,0.1056338028169014,0.056338028169014086,0.15492957746478872,0.0,0.0,0.0,0.0,0.0,0.0,0.0013515804697510222,0.0002503952713237262,0.0029627678981444363,0.00899220411549706,0.0017596162374539565,0.019249502679802563,0.007959804460036968,0.0014528964572927878,0.016581619405404577,0.0,0.0,0.0,0.0,0.0,0.0,0.00899220411549706,0.0009616796049763205,0.01900929668450498,0.01642468529687801,0.0032849370593756016,0.029564433534380416,0.0,0.0,0.0,0.0013515804697510222,0.0001380607800584444,0.0029056672013404077,False
mediation_aware_recourse,False,0.0,5.0,10.0,142,0.006569874118751203,0.0,0.01642468529687801,0.3069070134784134,0.26621884336354024,0.3507194748751714,0.060084986618497004,0.053815653005903456,0.0672873747364526,0.18640608603720654,0.1753312266720328,0.19824638905969968,-0.006249998551858983,-0.009727709924041386,-0.0025818991907675505,0.1503058040488354,0.12789289713312516,0.17428603235658416,0.14877748617928632,0.12646923680907823,0.1715327714950266,0.21845564726156405,0.20500858568630023,0.23320465517289196,0.1056338028169014,0.056338028169014086,0.15492957746478872,0.0,0.0,0.0,0.0,0.0,0.0,0.0015283178695490662,0.0,0.004584953608647199,0.010168056245203339,0.0,0.030767842692023324,0.009000656392017636,0.0,0.028722349166966376,0.0,0.0,0.0,0.0,0.0,0.0,0.010168056245203339,0.0,0.031202860590186565,0.006569874118751203,0.0,0.01642468529687801,0.0,0.0,0.0,0.0015283178695490662,0.0,0.004452908123043222,False
mediation_aware_recourse,False,0.0,24.520863415390647,10.0,142,0.07762421268812368,0.046595690457124105,0.10938326633522208,0.30190195017297505,0.2597160945003721,0.34630918743115074,0.05678227992439774,0.050785260960381,0.06323713237734538,0.18405857347301754,0.1726951868944482,0.1959348899006249,-0.006249998551858983,-0.009727709924041386,-0.0025818991907675505,0.1503058040488354,0.12789289713312516,0.17428603235658416,0.12995644231182588,0.10684840465882714,0.15386389286231092,0.21099043264978526,0.19661908955030916,0.22624206802023175,0.176056338028169,0.11267605633802817,0.23943661971830985,0.0,0.0,0.0,0.0,0.0,0.0,0.014973939934246977,0.007348598114831347,0.024165746165623125,0.13538640018450565,0.07780002551423913,0.21246175322698718,0.0881853774454876,0.041390418577572946,0.1435611343318321,0.04225352112676056,0.014084507042253521,0.07746478873239436,0.0015851416638199712,0.00035791413884767346,0.0030734324119460416,0.13538640018450565,0.07766561160582407,0.20181036347106457,0.07762421268812368,0.046595690457124105,0.10938326633522208,0.07042253521126761,0.035211267605633804,0.11267605633802817,0.014973939934246977,0.006711140154323107,0.023390017077326773,True
transport_anchor_only,False,1.0,0.0,10.0,142,0.13139748237502408,0.09526317472189245,0.16753179002815569,0.24190790510513413,0.20269924435817022,0.2840719328747249,0.06663621222259293,0.060102122116991334,0.07383543131741839,0.17740184352886232,0.16795433920987407,0.18744427923904514,-0.006249998551858983,-0.009727709924041386,-0.0025818991907675505,0.1503058040488354,0.12789289713312516,0.17428603235658416,0.1172269384940745,0.09834797027533952,0.136666088427981,0.19756243071079413,0.18679560049685065,0.2093620617284446,0.11971830985915492,0.07042253521126761,0.176056338028169,0.0,0.0,0.0,0.0,0.0,0.0,0.03307886555476088,0.02331374571724257,0.04309991998401221,0.22007710057565932,0.16846637195922962,0.27430680876138475,0.19480993360628318,0.14637188313161797,0.24306626780157892,0.0,0.0,0.0,0.0,0.0,0.0,0.22007710057565932,0.17084915707751833,0.2725742703919005,0.13139748237502408,0.09526317472189245,0.16753179002815569,0.014084507042253521,0.0,0.035211267605633804,0.03307886555476088,0.023620700940463535,0.04352860103007143,False
mediation_aware_recourse,False,1.0,0.5,10.0,142,0.12482760825627287,0.09197823766251685,0.16096191590940448,0.24560726528436366,0.2060211351587319,0.28982012366849774,0.0660816315089313,0.059731312355839866,0.07317169339750225,0.1777043813498507,0.16821112011038988,0.18764522100400896,-0.006249998551858983,-0.009727709924041386,-0.0025818991907675505,0.1503058040488354,0.12789289713312516,0.17428603235658416,0.11879932833179621,0.1000146537756836,0.13823014137689285,0.19834531343102613,0.1876348133388395,0.20985754522711075,0.11971830985915492,0.07042253521126761,0.176056338028169,0.0,0.0,0.0,0.0,0.0,0.0,0.03150647571703918,0.022003532051515413,0.04167683052528701,0.2096158289855694,0.1557073094868273,0.26162412559964326,0.18554972607641307,0.1358444007917841,0.2341897292771219,0.0,0.0,0.0,0.0,0.0,0.0,0.2096158289855694,0.16262234900581402,0.2627948198247348,0.12482760825627287,0.09197823766251685,0.16096191590940448,0.014084507042253521,0.0,0.035211267605633804,0.03150647571703918,0.02237497591938246,0.041958710122328824,False
mediation_aware_recourse,False,1.0,1.0,10.0,142,0.12397613974524216,0.09110548243871038,0.15928026560011882,0.24697621544482004,0.20867637978787992,0.2900352942639253,0.06582584552152056,0.05945142978461276,0.07288382174840695,0.1776733844860199,0.16813894491577128,0.18775714290691234,-0.006249998551858983,-0.009727709924041386,-0.0025818991907675505,0.1503058040488354,0.12789289713312516,0.17428603235658416,0.11961816476894097,0.1002277897854506,0.13931368212543532,0.19868898823640874,0.18789979699452433,0.2106026393863074,0.11971830985915492,0.07042253521126761,0.176056338028169,0.0,0.0,0.0,0.0,0.0,0.0,0.030687639279894426,0.02144574939706166,0.04110708208164384,0.2041680258064007,0.15045375461631275,0.2544513541011446,0.1807273880282566,0.134057938174208,0.22690813129531032,0.0,0.0,0.0,0.0,0.0,0.0,0.2041680258064007,0.15530106522025236,0.25701277165851993,0.12397613974524216,0.09110548243871038,0.15928026560011882,0.014084507042253521,0.0,0.035211267605633804,0.030687639279894426,0.02127260523323547,0.04102683009737185,False
mediation_aware_recourse,False,1.0,2.0,10.0,142,0.10426651738898855,0.07470208385460814,0.13796735649377528,0.260031188247909,0.22092560560140811,0.3034195792716993,0.06444731716748694,0.058073143095670035,0.07158606268963973,0.17856412521725254,0.169128772519319,0.18885861146701022,-0.006249998551858983,-0.009727709924041386,-0.0025818991907675505,0.1503058040488354,0.12789289713312516,0.17428603235658416,0.12573997964951353,0.10706015483305699,0.1455013362126766,0.20182130440853166,0.19106438284793795,0.21377166905922612,0.11971830985915492,0.07042253521126761,0.176056338028169,0.0,0.0,0.0,0.0,0.0,0.0,0.02456582439932185,0.016178817466609704,0.03456501009034543,0.1634389606893707,0.11574372673688971,0.20889041898417404,0.14467444816972352,0.10192087996458206,0.18653206981096826,0.0,0.0,0.0,0.0,0.0,0.0,0.1634389606893707,0.12112047025561333,0.21428355862979184,0.10426651738898855,0.07470208385460814,0.13796735649377528,0.014084507042253521,0.0,0.035211267605633804,0.02456582439932185,0.01648405173557325,0.03449944401763275,False
mediation_aware_recourse,False,1.0,5.0,10.0,142,0.07385061534357742,0.04840130066682755,0.10343633559073359,0.2784194285181207,0.23668730055887094,0.31931640575574316,0.06151868854190262,0.054999511435785346,0.068956715536212,0.1808738093298506,0.17068221440971632,0.19193588334699754,-0.006249998551858983,-0.009727709924041386,-0.0025818991907675505,0.1503058040488354,0.12789289713312516,0.17428603235658416,0.13319422574845,0.11288430295084459,0.15327100791102669,0.20687454376835376,0.19513803106611494,0.21947465245709852,0.11971830985915492,0.07042253521126761,0.176056338028169,0.0,0.0,0.0,0.0,0.0,0.0,0.017111578300385406,0.009981279753961823,0.025541668762387313,0.11384509339922577,0.07023036691443241,0.15988336852116317,0.1007744787099274,0.06089830985039033,0.14179807152387885,0.0,0.0,0.0,0.0,0.0,0.0,0.11384509339922577,0.0721977007426195,0.1587011969114827,0.07385061534357742,0.04840130066682755,0.10343633559073359,0.014084507042253521,0.0,0.035211267605633804,0.017111578300385406,0.010275247742251402,0.02537775017504751,False
mediation_aware_recourse,False,1.0,24.520863415390647,10.0,142,0.08833049237728119,0.056453525175301125,0.12119510158581631,0.2973506232382546,0.2565058885850537,0.3400876227818744,0.05680446798952533,0.05081671435044895,0.0632385279734055,0.1831832906152581,0.1718457762958666,0.1945352688455788,-0.006249998551858983,-0.009727709924041386,-0.0025818991907675505,0.1503058040488354,0.12789289713312516,0.17428603235658416,0.12650194152874847,0.10463547476265632,0.1491103502351161,0.2088537571350322,0.19511462107501454,0.22393326025193025,0.19014084507042253,0.1267605633802817,0.2536971830985914,0.0,0.0,0.0,0.0,0.0,0.0,0.018095310777425766,0.009779251846943943,0.027662960156588486,0.1583695498036316,0.09538153227809594,0.2320160577041171,0.10656793188084457,0.05588355855529596,0.16484274497309095,0.04929577464788732,0.020950704225352123,0.08450704225352113,0.0017517066337692905,0.0005028749855471329,0.003240513985215777,0.1583695498036316,0.09726913471476498,0.23060090068040934,0.08833049237728119,0.056453525175301125,0.12119510158581631,0.08450704225352113,0.04225352112676056,0.13380281690140844,0.018095310777425766,0.009497317068383727,0.027304754753820073,True
transport_anchor_only,False,3.0,0.0,10.0,142,0.2927271230539805,0.24685894053586774,0.3377468645310318,0.17537428711501646,0.140864761787611,0.21397324492499023,0.07329042219150235,0.06688755580788137,0.08001939832875636,0.17310262741652174,0.16391428416122641,0.18318353579794996,-0.006249998551858983,-0.009727709924041386,-0.0025818991907675505,0.1503058040488354,0.12789289713312516,0.17428603235658416,0.08029481936508501,0.06157225780582554,0.10022348359253415,0.18785766775096752,0.17743559011391324,0.19881511162469015,0.19014084507042253,0.1267605633802817,0.2535211267605634,0.0,0.0,0.0,0.0,0.0,0.0,0.058487384488255204,0.04786800033819508,0.06958518602006451,0.46579029417256124,0.39802467220632753,0.5440988862858849,0.3444472262841034,0.2904883927884548,0.39295072180697144,0.11267605633802817,0.06338028169014084,0.1619718309859155,0.005761800097747588,0.0028116144134964745,0.00897218160016436,0.04115327357351628,0.007358026470940388,0.075122230190359,0.06606646595706403,0.032607497867773956,0.10207983600631566,0.02112676056338028,-0.007042253521126761,0.056338028169014086,0.010861661416334165,0.0067752914280224015,0.015646487133393824,False
mediation_aware_recourse,False,3.0,0.5,10.0,142,0.29029365429576015,0.24442547136839007,0.33519245439117223,0.1761506995264913,0.14153709852359664,0.2147496573364651,0.07317891470353369,0.06678308919334495,0.08001332596783907,0.1731153936890509,0.1639270504337556,0.1831838549547632,-0.006249998551858983,-0.009727709924041386,-0.0025818991907675505,0.1503058040488354,0.12789289713312516,0.17428603235658416,0.0806272718268381,0.06188298883703603,0.10022348359253415,0.18796428821213595,0.17751985643970333,0.1988951995472463,0.19014084507042253,0.1267605633802817,0.2535211267605634,0.0,0.0,0.0,0.0,0.0,0.0,0.05815493202650211,0.04722421412474253,0.06938478011821567,0.46357845369270145,0.39364400714261555,0.5428191756777326,0.34248932836604606,0.28866379016136196,0.3914709610904247,0.11267605633802817,0.06338028169014084,0.1619718309859155,0.005761800097747588,0.0028116144134964745,0.00897218160016436,0.0389414330936565,0.0050711293312848404,0.07247173339902718,0.06363299719884362,0.03175300560681753,0.09952845738702257,0.02112676056338028,-0.007042253521126761,0.056338028169014086,0.010529208954581072,0.006409571839916244,0.01529056351225246,False
mediation_aware_recourse,False,3.0,1.0,10.0,142,0.28700871555738044,0.24199200137715104,0.33131316128436106,0.17766710171397304,0.14320151927605482,0.21562977504037634,0.07279313843644841,0.06653406403066826,0.0796275497007538,0.173020733642816,0.16378122840640724,0.18320299441414611,-0.006249998551858983,-0.009727709924041386,-0.0025818991907675505,0.1503058040488354,0.12789289713312516,0.17428603235658416,0.08116931846024285,0.06219789679358962,0.10050894308599158,0.18785328484199362,0.17731282478777535,0.19891699672110938,0.19718309859154928,0.13362676056338027,0.2676056338028169,0.0,0.0,0.0,0.0,0.0,0.0,0.05804502620348628,0.04694202128522308,0.06913112146307675,0.4599721615948352,0.39193924530062846,0.5372224256801031,0.34184206475148193,0.2880133774121323,0.3916732860424203,0.1056338028169014,0.056338028169014086,0.15492957746478872,0.00554572969255313,0.0025152986842981524,0.008658633129277699,0.03533514099579027,-0.00031088613055732734,0.06930793055437162,0.06034805846046394,0.027737537372699926,0.09709498532850977,0.028169014084507043,0.0,0.06338028169014084,0.010419303131565241,0.006168771682071014,0.015258586897947627,False
mediation_aware_recourse,False,3.0,2.0,10.0,142,0.29029365261675605,0.24428929387998413,0.3361800990054305,0.1773490116629802,0.14267207886236655,0.21514568575985835,0.07194008032830668,0.06584618573116374,0.07860676708670569,0.17292155518673116,0.16363343558812016,0.1830215033012587,-0.006249998551858983,-0.009727709924041386,-0.0025818991907675505,0.1503058040488354,0.12789289713312516,0.17428603235658416,0.07915264567438986,0.05974342298733307,0.09851417112046143,0.18700710980687288,0.17668221549619756,0.1981441427102414,0.20422535211267606,0.13380281690140844,0.2746478873239437,0.0,0.0,0.0,0.0,0.0,0.0,0.0596293378096651,0.0488486541677791,0.07164054541507552,0.4733892934122982,0.40522606578571985,0.5510615515918571,0.3511724826371986,0.29702143664875735,0.4011446396708821,0.11267605633802817,0.06338028169014084,0.1621478873239435,0.005761910282390218,0.0027460919509471305,0.008939701659788545,0.04875227281325323,0.00693056643290653,0.09240385005004796,0.06363299551983954,0.031635093421373564,0.1013615190772943,0.035211267605633804,0.0,0.07746478873239436,0.012003614737744063,0.0072610703080525285,0.01768522003114643,False
mediation_aware_recourse,False,3.0,5.0,10.0,142,0.27557190371231294,0.23200101334024484,0.31985808552150996,0.184686143843221,0.1478276223626355,0.22452203256773276,0.06977120807892839,0.06378829336502183,0.07644103001934333,0.17298458531463934,0.16351925049549923,0.18293422681865382,-0.006249998551858983,-0.009727709924041386,-0.0025818991907675505,0.1503058040488354,0.12789289713312516,0.17428603235658416,0.07949003314887973,0.06127853998914361,0.09909558499782857,0.18555712031351376,0.17518888970219829,0.19665804601908976,0.20422535211267606,0.13380281690140844,0.2746478873239437,0.0,0.0,0.0,0.0,0.0,0.0,0.060949498420240174,0.04962046945624998,0.07309349500639757,0.4711446197842575,0.40326058071609067,0.5482775433488929,0.35894724747821183,0.3022622686288742,0.4116682477320683,0.09154929577464789,0.04225352112676056,0.13380281690140844,0.004933136239857741,0.0020862400216955534,0.007876597260925131,0.04650759918521252,-0.007834262536676656,0.10270961806763287,0.04891124661539642,0.011315875280071313,0.08822781847606241,0.035211267605633804,0.0,0.07746478873239436,0.013323775348319133,0.006932615873758013,0.02074551517471776,False
mediation_aware_recourse,False,3.0,24.520863415390647,10.0,142,0.1923551383152814,0.1496387381631304,0.23591078798430906,0.25036461651325226,0.2097258839074155,0.2939851179823909,0.05869005428968181,0.05285267056831697,0.0650790114159053,0.17741502026541975,0.16743564688613713,0.18805299305571282,-0.006249998551858983,-0.009727709924041386,-0.0025818991907675505,0.1503058040488354,0.12789289713312516,0.17428603235658416,0.10204258818231837,0.0818751380595208,0.12360062154508392,0.1957368259417208,0.18372658240633138,0.2091115351926345,0.20422535211267606,0.14084507042253522,0.2676056338028169,0.0,0.0,0.0,0.0,0.0,0.0,0.041180185212845534,0.030087971423660785,0.05285528239361207,0.32110014760864436,0.24588720075353349,0.40789900150351804,0.24252068541855643,0.1828203430422018,0.3112740164329692,0.07042253521126761,0.028169014084507043,0.11267605633802817,0.0024389460892744468,0.0007944771836341266,0.004453649371862411,-0.1035368729904006,-0.21477313846110802,0.003622990086452628,-0.034305518781635125,-0.08749539336897957,0.022408140288062484,0.035211267605633804,-0.014084507042253521,0.08450704225352113,-0.006445537859075506,-0.020023335216068465,0.008160312289477018,True
transport_anchor_only,False,10.0,0.0,10.0,142,0.9178424781896699,0.7288859155553747,1.1173333629598499,0.06888674661307267,0.04980262873668066,0.0914340073583831,0.08242054538092983,0.07647803185415836,0.0881366217240009,0.1738578505691648,0.16590442906566696,0.18256558849489396,-0.006249998551858983,-0.009727709924041386,-0.0025818991907675505,0.1503058040488354,0.12789289713312516,0.17428603235658416,0.012377838984551564,-0.00637651156555389,0.03227563367723684,0.18105202639573845,0.17333304191957405,0.18918457615539974,0.39436619718309857,0.31690140845070425,0.47183098591549294,0.0,0.0,0.0,0.0,0.0,0.0,0.07817655707329092,0.06050104604981525,0.09645210866501529,0.9176489619753478,0.8126708761403304,0.9944895798790138,0.46040181963929827,0.3883627747225097,0.5259277435166168,0.34507042253521125,0.2676056338028169,0.4225352112676056,0.02254985787079368,0.016226368720157886,0.029025660930070238,-0.01230389292302747,-0.053444692910494106,0.04873952935794675,-0.0021866881091829756,-0.05474870094740895,0.05098794540783889,-0.014084507042253521,-0.07746478873239436,0.04929577464788732,0.011519813070624647,0.005478926962503875,0.01812448461579395,False
mediation_aware_recourse,False,10.0,0.5,10.0,142,0.9178424781896699,0.7288859155553747,1.1173333629598499,0.06888674661307267,0.04980262873668066,0.0914340073583831,0.08242054538092983,0.07647803185415836,0.0881366217240009,0.1738578505691648,0.16590442906566696,0.18256558849489396,-0.006249998551858983,-0.009727709924041386,-0.0025818991907675505,0.1503058040488354,0.12789289713312516,0.17428603235658416,0.012377838984551564,-0.00637651156555389,0.03227563367723684,0.18105202639573845,0.17333304191957405,0.18918457615539974,0.39436619718309857,0.31690140845070425,0.47183098591549294,0.0,0.0,0.0,0.0,0.0,0.0,0.07817655707329092,0.06050104604981525,0.09645210866501529,0.9176489619753478,0.8126708761403304,0.9944895798790138,0.46040181963929827,0.3883627747225097,0.5259277435166168,0.34507042253521125,0.2676056338028169,0.4225352112676056,0.02254985787079368,0.016226368720157886,0.029025660930070238,-0.01230389292302747,-0.053444692910494106,0.04873952935794675,-0.0021866881091829756,-0.05474870094740895,0.05098794540783889,-0.014084507042253521,-0.07746478873239436,0.04929577464788732,0.011519813070624647,0.005478926962503875,0.01812448461579395,False
mediation_aware_recourse,False,10.0,1.0,10.0,142,0.9055541982533226,0.7207279898908356,1.1033809550473808,0.0703014869925002,0.05126800415381579,0.09290985180143739,0.08227191448316608,0.07636805548345749,0.08812601814820419,0.17368479504166914,0.1655399378004348,0.18251808195860242,-0.006249998551858983,-0.009727709924041386,-0.0025818991907675505,0.1503058040488354,0.12789289713312516,0.17428603235658416,0.013145675043195066,-0.005142589911005237,0.03265586880455449,0.18078079533166397,0.17292645432058767,0.1889732773858237,0.39436619718309857,0.31690140845070425,0.47183098591549294,0.0,0.0,0.0,0.0,0.0,0.0,0.07862275681445297,0.06102032077918485,0.09660067760228166,0.9125404695688002,0.8108709299892793,0.9940191541190992,0.46302960449507025,0.39274632823481187,0.5271820996771582,0.34507042253521125,0.2676056338028169,0.4225352112676056,0.02254985787079368,0.016226368720157886,0.029025660930070238,-0.01741238532957512,-0.06268331397020321,0.05131636100890316,-0.014474968045530185,-0.07617347925691538,0.04209949167471536,-0.014084507042253521,-0.07746478873239436,0.04929577464788732,0.011966012811786692,0.00587123088197599,0.01856982080843037,False
mediation_aware_recourse,False,10.0,2.0,10.0,142,0.9031207294951022,0.7167277581937296,1.1009474817873306,0.07045856474990576,0.05142900885515649,0.09306692955884295,0.08216862697941317,0.07631621571179006,0.08801207957054737,0.17378746823980493,0.16574528419670642,0.1826319108526944,-0.006249998551858983,-0.009727709924041386,-0.0025818991907675505,0.1503058040488354,0.12789289713312516,0.17428603235658416,0.01330275280060063,-0.005096369939134784,0.032952808982915645,0.18086365715475936,0.17300994609236148,0.18913902321819076,0.39436619718309857,0.31690140845070425,0.47183098591549294,0.0,0.0,0.0,0.0,0.0,0.0,0.0784656790570474,0.0607909580253222,0.09659675065834653,0.9114954150654191,0.8091059275396439,0.9936395698671258,0.46210453324555767,0.3917417205536305,0.5257387544273076,0.34507042253521125,0.2676056338028169,0.4225352112676056,0.02254985787079368,0.016226368720157886,0.029025660930070238,-0.018457439832956224,-0.06326177591294932,0.05066954219503346,-0.01690843680375059,-0.07944317671509696,0.039056428600574886,-0.014084507042253521,-0.07746478873239436,0.04929577464788732,0.01180893505438113,0.005651069315097911,0.01837286878127972,False
mediation_aware_recourse,False,10.0,5.0,10.0,142,0.893265918946602,0.7120540772577827,1.0934082312063431,0.07200318386017436,0.05256035778619034,0.09689731680801217,0.08132990599203278,0.07560316436648579,0.08713170752965543,0.1736068565993102,0.165520507559189,0.18233459573326538,-0.006249998551858983,-0.009727709924041386,-0.0025818991907675505,0.1503058040488354,0.12789289713312516,0.17428603235658416,0.013495514851430771,-0.004296951506181922,0.032896090432686695,0.18065147269904142,0.17287464219950216,0.18905468113764196,0.3873239436619718,0.3028169014084507,0.4647887323943662,0.0,0.0,0.0,0.0,0.0,0.0,0.07849126896807845,0.06090321518992349,0.09643358384639444,0.910212949281413,0.8074737265212328,0.9944339173579984,0.4622552388028779,0.3903365769387712,0.5257306252120648,0.34507042253521125,0.2676056338028169,0.4225352112676056,0.022440681889863083,0.016219366682877004,0.028962298007813136,-0.01973990561696226,-0.0679453223684495,0.05143970025882779,-0.026763247352250864,-0.08565024004225999,0.024095831837662507,-0.02112676056338028,-0.08450704225352113,0.04225352112676056,0.01183452496541218,0.005298103843356522,0.018821312643220307,False
mediation_aware_recourse,False,10.0,24.520863415390647,10.0,142,0.7921633970149806,0.6560168896605012,0.9450282293201332,0.0914762515417287,0.06559447656634827,0.12053531446087527,0.07457582450563639,0.06917153747529316,0.08060681134344301,0.17370740576983898,0.16535256107976143,0.18262248450995122,-0.006249998551858983,-0.009727709924041386,-0.0025818991907675505,0.1503058040488354,0.12789289713312516,0.17428603235658416,0.010281798469138816,-0.008826940344699042,0.030688106094185305,0.1802955723387963,0.17069638412071614,0.1901837130522513,0.4295774647887324,0.35193661971830986,0.5070422535211268,0.0,0.0,0.0,0.0,0.0,0.0,0.07838907906077278,0.061075505944178765,0.09606948471234612,0.9315941354746475,0.8166220140169281,0.9959995439843664,0.46165341619730826,0.38250971808802636,0.5265294410836004,0.36619718309859156,0.2887323943661972,0.44383802816901397,0.02272472257765246,0.016462524578919713,0.02913797968919848,0.0016412805762722193,-0.06707598349912644,0.07635092018546265,-0.12786576928387225,-0.24857826498927366,-0.01884720326519349,0.02112676056338028,-0.04225352112676056,0.08450704225352113,0.011732335058106502,0.0011106051878452723,0.022530873545484855,True
transport_anchor_only,False,30.0,0.0,10.0,142,1.6889512230392913,1.3302979967596245,2.0511549593749603,0.015542916848625936,0.008716600110203447,0.02421498013739015,0.0876351266469754,0.08206935746621498,0.09341578414322625,0.18365900448475364,0.17507019839096516,0.1933540388062911,-0.006249998551858983,-0.009727709924041386,-0.0025818991907675505,0.1503058040488354,0.12789289713312516,0.17428603235658416,-0.03695714001504468,-0.055255109197656874,-0.01706994292654202,0.18756458284930183,0.18122476833527024,0.1943282455172452,0.676056338028169,0.5985915492957746,0.7535211267605634,0.0,0.0,0.0,0.0,0.0,0.0,0.06807331229284616,0.04490200393295414,0.09152507331602695,0.7541203398703282,0.5866427083448499,0.8862536081698632,0.4009012167051328,0.2924482034672879,0.4875992916577106,0.4788732394366197,0.39436619718309857,0.5492957746478874,0.04694992681624184,0.03669230066449709,0.05739553782196951,0.028740600425909868,-0.007379979083832508,0.06757372988619843,-0.13565482639930618,-0.2816987198003581,-0.024679233427618606,-0.02112676056338028,-0.06338028169014084,0.014084507042253521,0.006423083514394894,0.0009904183526064309,0.011899635744031885,False
mediation_aware_recourse,False,30.0,0.5,10.0,142,1.686517754281071,1.330001326986182,2.049131660284081,0.015613324415515845,0.008818576164858441,0.024333388027800638,0.08746332318430215,0.08198082655615789,0.093243980680553,0.18369375350294817,0.1750715753478938,0.193388106156263,-0.006249998551858983,-0.009727709924041386,-0.0025818991907675505,0.1503058040488354,0.12789289713312516,0.17428603235658416,-0.03688673244815477,-0.055117814442221545,-0.01706642254819753,0.18754079321051725,0.1812232555229935,0.19421227102817043,0.676056338028169,0.5985915492957746,0.7535211267605634,0.0,0.0,0.0,0.0,0.0,0.0,0.06814371985973607,0.04497241149984405,0.0915937206937446,0.7545887686667774,0.5866562900904545,0.8867359239849175,0.40131586494657556,0.29289741715296164,0.48790619167537497,0.4788732394366197,0.39436619718309857,0.5492957746478874,0.04687951924935193,0.036623653286779426,0.05724313513074122,0.029209029222359018,-0.00685843022780952,0.06771594771192799,-0.13808829515752657,-0.2816987198003581,-0.026397411178954895,-0.02112676056338028,-0.06338028169014084,0.014084507042253521,0.006493491081284805,0.001103073125049262,0.011904745892634693,False
mediation_aware_recourse,False,30.0,1.0,10.0,142,1.686517754281071,1.330001326986182,2.049131660284081,0.015613324415515845,0.008818576164858441,0.024333388027800638,0.08746332318430215,0.08198082655615789,0.093243980680553,0.18369375350294817,0.1750715753478938,0.193388106156263,-0.006249998551858983,-0.009727709924041386,-0.0025818991907675505,0.1503058040488354,0.12789289713312516,0.17428603235658416,-0.03688673244815477,-0.055117814442221545,-0.01706642254819753,0.18754079321051725,0.1812232555229935,0.19421227102817043,0.676056338028169,0.5985915492957746,0.7535211267605634,0.0,0.0,0.0,0.0,0.0,0.0,0.06814371985973607,0.04497241149984405,0.0915937206937446,0.7545887686667774,0.5866562900904545,0.8867359239849175,0.40131586494657556,0.29289741715296164,0.48790619167537497,0.4788732394366197,0.39436619718309857,0.5492957746478874,0.04687951924935193,0.036623653286779426,0.05724313513074122,0.029209029222359018,-0.00685843022780952,0.06771594771192799,-0.13808829515752657,-0.2816987198003581,-0.026397411178954895,-0.02112676056338028,-0.06338028169014084,0.014084507042253521,0.006493491081284805,0.001103073125049262,0.011904745892634693,False
mediation_aware_recourse,False,30.0,2.0,10.0,142,1.6873692227921016,1.331088621389698,2.0499953450871184,0.01556785866408281,0.008771905722752422,0.024332251384014816,0.087271258969542,0.0818507280148251,0.09312537066166249,0.1837759730734036,0.17515447345068197,0.193399471576225,-0.006249998551858983,-0.009727709924041386,-0.0025818991907675505,0.1503058040488354,0.12789289713312516,0.17428603235658416,-0.03804933363702935,-0.05615894888121058,-0.018961663431369926,0.18662667113861306,0.18018779099926116,0.1932606316574056,0.6830985915492958,0.6056338028169014,0.7535211267605634,0.0,0.0,0.0,0.0,0.0,0.0,0.06930632104861065,0.045523692235271904,0.09243614032641577,0.7468538631770543,0.5821574073045852,0.873461424724821,0.40816272189335634,0.30388692941031314,0.49067907675589245,0.4788732394366197,0.39436619718309857,0.5492957746478874,0.04687951924935193,0.036623653286779426,0.05724313513074122,0.021474123732635908,-0.010713411365218242,0.05634677210432232,-0.13723682664649586,-0.2816987198003581,-0.026261229944271117,-0.014084507042253521,-0.04929577464788732,0.02112676056338028,0.007656092270159386,0.0032800695111214273,0.012849128306646583,False
mediation_aware_recourse,False,30.0,5.0,10.0,142,1.6882206910932567,1.3302378903812087,2.048601161237334,0.01566500101290958,0.008885465630553138,0.024332251384014816,0.08675655817062082,0.08116074806525253,0.09246511261542917,0.18359657606993204,0.17482794345019848,0.19322018740532543,-0.006249998551858983,-0.009727709924041386,-0.0025818991907675505,0.1503058040488354,0.12789289713312516,0.17428603235658416,-0.03937507819541743,-0.05666687947133897,-0.02036752376810346,0.18577362715299436,0.17924997472635662,0.19223636085089968,0.6830985915492958,0.6056338028169014,0.7535211267605634,0.0,0.0,0.0,0.0,0.0,0.0,0.07077312125811275,0.047722447723884814,0.09450313158031605,0.7380335480416698,0.5718400227417637,0.8680141609783258,0.41680108498817714,0.3084254587371589,0.5033925798854829,0.4788732394366197,0.39436619718309857,0.5492957746478874,0.046808991423794924,0.0366218900911405,0.057174370500823135,0.012653808597251404,-0.02742383612655127,0.04957163522216751,-0.13638535834534068,-0.2832807202993984,-0.024576562233793904,-0.014084507042253521,-0.04929577464788732,0.02112676056338028,0.009122892479661485,0.004345292117918881,0.014687832641664525,False
mediation_aware_recourse,False,30.0,24.520863415390647,10.0,142,1.675569601881672,1.338884473450377,2.0326347838772434,0.018303244466512974,0.009786800888012833,0.029314554881461907,0.08350155135275612,0.07812650594860315,0.08937180911938489,0.18150243601223953,0.17273232558995766,0.19110824733189885,-0.006249998551858983,-0.009727709924041386,-0.0025818991907675505,0.1503058040488354,0.12789289713312516,0.17428603235658416,-0.04738320934940392,-0.06420877136709824,-0.030825537005045887,0.18266366938620962,0.17597191668515466,0.18968542950291967,0.676056338028169,0.5985915492957746,0.7464788732394366,0.0,0.0,0.0,0.0,0.0,0.0,0.07728039423449778,0.05399676279663305,0.10069167432375252,0.6847546264147671,0.5203222752444316,0.8144264807052584,0.45512408655511205,0.35116341790079336,0.5386632740569172,0.5140845070422535,0.4295774647887324,0.5915492957746479,0.04698059770842673,0.03647134934984882,0.057201755285577874,-0.040625113029651216,-0.10768620857066653,0.023242820676801848,-0.1490364475569255,-0.3511327593154471,0.011928493382645322,-0.02112676056338028,-0.07042253521126761,0.028169014084507043,0.01563016545604652,0.007856586588625338,0.023739938978368128,True
ordinary_actionable_recourse,True,0.0,0.0,0.0,142,2.9204496447469146,2.3730647108452003,3.5279678744382004,0.013585107007496794,0.0,0.031142648257000347,0.08451600016002923,0.07885435427945683,0.09052746841342936,0.2010843838027246,0.19052587563408094,0.21161822340508019,-0.006249998551858983,-0.009727709924041386,-0.0025818991907675505,0.1503058040488354,0.12789289713312516,0.17428603235658416,-0.11607211450455894,-0.13736771292669672,-0.09541642042532773,0.2126962980664086,0.20295406090594095,0.22305607889176995,0.9788732394366197,0.9507042253521126,1.0,0.9788732394366197,0.9507042253521126,1.0,0.02112676056338028,0.0,0.04929577464788732,0.02229193925962482,-0.006380676376489056,0.0513203489449872,0.2277602635567798,-0.03195224394802699,0.42076991187607304,0.13128295466885465,-0.03639256521272879,0.27528886663745517,0.6197183098591549,0.5422535211267606,0.6901408450704225,0.09529147181712405,0.07830041571402213,0.11209735517770471,0.0,0.0,0.0,0.0,0.0,0.0,0.0,0.0,0.0,0.0,0.0,0.0,False
distribution_constrained_recourse,False,10.0,0.0,0.0,142,0.026037622505510356,0.0,0.06509405626377589,0.30622905723645655,0.26544381478197976,0.3495024244235435,0.060213284737522334,0.05370930927890864,0.06745202328622812,0.18606609552923783,0.17467873288961258,0.1983793978605577,-0.006249998551858983,-0.009727709924041386,-0.0025818991907675505,0.1503058040488354,0.12789289713312516,0.17428603235658416,0.14667579660218366,0.12528220636468435,0.16923771392895093,0.21667417092412763,0.20304900782232327,0.23175587908572085,0.11971830985915492,0.07042253521126761,0.176056338028169,0.014084507042253521,0.0,0.035211267605633804,0.9859154929577465,0.9647887323943662,1.0,0.0036300074466517275,0.0,0.009188062078516248,0.02415081353393589,0.0,0.06238505606399278,0.02137804600650095,0.0,0.055235871236992244,0.0,0.0,0.0,0.0,0.0,0.0,-0.20360945002284392,-0.39138373096866375,0.05405043627158441,-2.8944120222414043,-3.51604504550112,-2.3278439102405812,-0.9647887323943662,-0.9929577464788732,-0.9295774647887324,-0.01866193181297309,-0.04629423239819286,0.009743237516409905,False
