method,is_ordinary_actionable_baseline,eta,lambda_invariance,rho_anchor,n,cost,cost_lo,cost_hi,shortfall,shortfall_lo,shortfall_hi,direct_effect,direct_effect_lo,direct_effect_hi,transport,transport_lo,transport_hi,pre_recourse_mediated_prediction_disparity,pre_recourse_mediated_prediction_disparity_lo,pre_recourse_mediated_prediction_disparity_hi,pre_recourse_factual_mediated_prediction_disparity,pre_recourse_factual_mediated_prediction_disparity_lo,pre_recourse_factual_mediated_prediction_disparity_hi,post_recourse_mediated_prediction_disparity,post_recourse_mediated_prediction_disparity_lo,post_recourse_mediated_prediction_disparity_hi,outcome_wasserstein,outcome_wasserstein_lo,outcome_wasserstein_hi,feasible_rate,feasible_rate_lo,feasible_rate_hi,constraint_feasible_rate,constraint_feasible_rate_lo,constraint_feasible_rate_hi,constraint_abstention_rate,constraint_abstention_rate_lo,constraint_abstention_rate_hi,mean_absolute_gap_reduction,mean_absolute_gap_reduction_lo,mean_absolute_gap_reduction_hi,factual_mediated_prediction_disparity_closure,factual_mediated_prediction_disparity_closure_lo,factual_mediated_prediction_disparity_closure_hi,recipient_level_closure,recipient_level_closure_lo,recipient_level_closure_hi,overshoot_rate,overshoot_rate_lo,overshoot_rate_hi,overshoot_magnitude,overshoot_magnitude_lo,overshoot_magnitude_hi,factual_closure_gain_vs_actionable_baseline,factual_closure_gain_vs_actionable_baseline_lo,factual_closure_gain_vs_actionable_baseline_hi,cost_difference_vs_actionable_baseline,cost_difference_vs_actionable_baseline_lo,cost_difference_vs_actionable_baseline_hi,feasibility_difference_vs_actionable_baseline,feasibility_difference_vs_actionable_baseline_lo,feasibility_difference_vs_actionable_baseline_hi,paired_absolute_gap_gain_vs_actionable_baseline,paired_absolute_gap_gain_vs_actionable_baseline_lo,paired_absolute_gap_gain_vs_actionable_baseline_hi,is_effect_ratio_heuristic
soft_objective_recourse,False,0.0,0.0,0.0,250,0.0,0.0,0.0,0.41173972633917627,0.3805604223739986,0.4440507454667903,0.03358116501382362,0.0309500730373572,0.03615459481095681,0.5216250830903053,0.5142508287639678,0.5291880764284255,0.10470017027854919,0.10063755249679088,0.10864784452915192,0.4129737669159376,0.39514813032880713,0.4312936027669542,0.4129737669159376,0.39620867535901527,0.4303135093216834,0.4511275354418694,0.4384508039580053,0.46428489534969175,0.056,0.032,0.084,0.0,0.0,0.0,0.0,0.0,0.0,0.0,0.0,0.0,0.0,0.0,0.0,0.0,0.0,0.0,0.0,0.0,0.0,0.0,0.0,0.0,0.0,0.0,0.0,0.0,0.0,0.0,0.0,0.0,0.0,0.0,0.0,0.0,False
direct_invariance_only,False,0.0,0.29109799228495314,0.0,250,2.5603038375265895e-06,0.0,7.322124614438499e-06,0.4117393198148367,0.38055561372094593,0.4440507454667903,0.03357006026972961,0.03094917816072075,0.03612446466560775,0.521622308172226,0.514247092560643,0.5291852793570876,0.10470017027854919,0.10063755249679088,0.10864784452915192,0.4129737669159376,0.39514813032880713,0.4312936027669542,0.4129680112817208,0.39619745187229255,0.430313365430828,0.4511226431527851,0.43844591166892105,0.4642847730424647,0.056,0.032,0.084,0.0,0.0,0.0,0.0,0.0,0.0,5.7556342167919276e-06,0.0,1.726690265037578e-05,1.3937045589607067e-05,0.0,4.2662106516713756e-05,1.3937045589607067e-05,0.0,4.3258930285164364e-05,0.0,0.0,0.0,0.0,0.0,0.0,1.3937045589607067e-05,0.0,4.315400704186512e-05,2.5603038375265895e-06,0.0,7.322124614438499e-06,0.0,0.0,0.0,5.7556342167919276e-06,0.0,1.726690265037578e-05,True
direct_invariance_only,False,0.0,0.5,0.0,250,7.846078195143492e-06,0.0,2.151108399266377e-05,0.41176551024556834,0.38055561372094593,0.4440507454667903,0.033555193962355796,0.03093837272032701,0.036123319993545434,0.5216195818438529,0.5142442980740607,0.5291852111988783,0.10470017027854919,0.10063755249679088,0.10864784452915192,0.4129737669159376,0.39514813032880713,0.4312936027669542,0.4129736733433997,0.39620863444410837,0.43031888594096496,0.45112776416741396,0.43845103268354985,0.4642898940570935,0.056,0.032,0.084,0.0,0.0,0.0,0.0,0.0,0.0,9.357253787478647e-08,-1.6986185036751424e-05,1.726690265037578e-05,2.2658228060468133e-07,-4.068106263440674e-05,4.1353606937888364e-05,2.2658228060468133e-07,-4.0836376971981056e-05,4.194971938128178e-05,0.0,0.0,0.0,0.0,0.0,0.0,2.2658228060468133e-07,-4.127378543914428e-05,4.1624464968109676e-05,7.846078195143492e-06,0.0,2.151108399266377e-05,0.0,0.0,0.0,9.357253787478647e-08,-1.6986185036751424e-05,1.726690265037578e-05,False
direct_invariance_only,False,0.0,1.0,0.0,250,9.080467309104279e-05,1.0318239172920584e-05,0.00021498502113099675,0.4116024062555214,0.3805555024457546,0.44388801488464513,0.03346744824722758,0.030821624115269168,0.03602068966294899,0.5216002798929215,0.5142334303871692,0.5291618421536208,0.10470017027854919,0.10063755249679088,0.10864784452915192,0.4129737669159376,0.39514813032880713,0.4312936027669542,0.41284824849081214,0.3960198692009873,0.4301554434873634,0.4510285064047633,0.4383639373269842,0.46419092560800174,0.056,0.032,0.084,0.0,0.0,0.0,0.0,0.0,0.0,0.0001255184251254442,-1.8936708869484538e-05,0.00038319996039926893,0.00030393801054928726,-5.6159372359215756e-05,0.0009511027124280228,0.00030393801054928726,-7.062644602869317e-05,0.0008625114246812302,0.0,0.0,0.0,0.0,0.0,0.0,0.00030393801054928726,-5.9062319001357276e-05,0.0009315463536265775,9.080467309104279e-05,1.0318239172920584e-05,0.00021498502113099675,0.0,0.0,0.0,0.0001255184251254442,-2.4072465330215714e-05,0.0003916079594041548,False
direct_invariance_only,False,0.0,2.0,0.0,250,0.00017235247726785018,3.4586100255546626e-05,0.0003496091952285496,0.411352350731048,0.3802926642097003,0.44364421074828353,0.03342206279831659,0.030785120772533127,0.03600402601717015,0.5215937624289989,0.5142283366444111,0.5291550384829461,0.10470017027854919,0.10063755249679088,0.10864784452915192,0.4129737669159376,0.39514813032880713,0.4312936027669542,0.41269799893220604,0.3960009648749637,0.4300072042399438,0.4509498683468362,0.4383154462315493,0.46418052691906947,0.06,0.036,0.092,0.0,0.0,0.0,0.0,0.0,0.0,0.0002757679837315516,1.8236453004606548e-06,0.000662499093540683,0.0006677615040563412,-1.387623532417273e-06,0.0016275036762997686,0.0006677615040563412,-2.4103066477820716e-06,0.0016498850297592144,0.0,0.0,0.0,0.0,0.0,0.0,0.0006677615040563412,-5.4605404015136923e-08,0.001632873042167146,0.00017235247726785018,3.4586100255546626e-05,0.0003496091952285496,0.004,0.0,0.016,0.0002757679837315516,-2.333251679246118e-08,0.000669904883726429,False
direct_invariance_only,False,0.0,5.0,0.0,250,0.0044812387845595365,0.0023443927953077947,0.006771120857783534,0.4075384412396537,0.37635128196547823,0.4399060111644593,0.03215473991472159,0.029667086196600287,0.034757803947327484,0.5215075204327106,0.5141477650336325,0.5290433704533696,0.10470017027854919,0.10063755249679088,0.10864784452915192,0.4129737669159376,0.39514813032880713,0.4312936027669542,0.40824087129138764,0.39042613213573213,0.42589906112215653,0.4484269943561062,0.4352005984430402,0.4616705847035558,0.084,0.052,0.12,0.0,0.0,0.0,0.0,0.0,0.0,0.004732895624549906,0.0025057105280211246,0.007362634268325512,0.011460523654795218,0.005875858554488622,0.01862242028026617,0.011460523654795218,0.005904468499776191,0.017994815596097245,0.0,0.0,0.0,0.0,0.0,0.0,0.011460523654795218,0.005656961175155068,0.017812341622440945,0.0044812387845595365,0.0023443927953077947,0.006771120857783534,0.028,0.012,0.052,0.004732895624549906,0.002356433237850746,0.007294576796428874,False
soft_objective_recourse,False,1.0,0.0,0.0,250,0.10089406687021256,0.07437916974602268,0.1290465121042449,0.29270179351747083,0.26164542895953624,0.32335876349845155,0.033778113939916914,0.03117255230452112,0.03643837440164043,0.513767775758028,0.5080336308649003,0.5195267800029457,0.10470017027854919,0.10063755249679088,0.10864784452915192,0.4129737669159376,0.39514813032880713,0.4312936027669542,0.32727900274727,0.3031738334476932,0.35113605757862293,0.39162682993543496,0.37618904245925294,0.40605510380182097,0.076,0.044,0.108,0.0,0.0,0.0,0.0,0.0,0.0,0.07424458555736005,0.05583334643332498,0.0944592635767104,0.2075065561878925,0.15304016540703796,0.2640489836661324,0.17978039165008963,0.13393723208235844,0.22833035275543562,0.076,0.044,0.112,0.005725089305653754,0.002988502090604751,0.009202845107767277,0.0,0.0,0.0,0.0,0.0,0.0,0.0,0.0,0.0,0.0,0.0,0.0,False
direct_invariance_only,False,1.0,0.29109799228495314,0.0,250,0.10381025511026383,0.0766830613297876,0.13069005217617374,0.28978864086194744,0.2578975230384908,0.3201468715369406,0.03375545691715901,0.031162929070320977,0.03641571737888252,0.5137179740395547,0.5080208395035088,0.5195267800029457,0.10470017027854919,0.10063755249679088,0.10864784452915192,0.4129737669159376,0.39514813032880713,0.4312936027669542,0.32518061549517546,0.3007788960778005,0.34908580650710236,0.38985752902395426,0.37412471090359434,0.40475308544163663,0.076,0.044,0.108,0.0,0.0,0.0,0.0,0.0,0.0,0.07634297280945462,0.0576152111670753,0.09772612008117201,0.2125877197391881,0.15951421273824196,0.2687091651484777,0.18486155520138547,0.13890285538240427,0.2337732513201079,0.076,0.044,0.112,0.005725089305653754,0.002988502090604751,0.009202845107767277,0.00508116355129562,0.0,0.015527680083848638,0.0029161882400512693,0.0,0.008748564720153808,0.0,0.0,0.0,0.002098387252094566,0.0,0.006295161756283698,True
direct_invariance_only,False,1.0,0.5,0.0,250,0.1052519060075283,0.07807201927290298,0.13258642577575522,0.28840966863421397,0.2559475996046107,0.31938544922573214,0.03362053593433542,0.03101499535607994,0.036306436195288984,0.5137219395306111,0.5079973907993018,0.5194951574623643,0.10470017027854919,0.10063755249679088,0.10864784452915192,0.4129737669159376,0.39514813032880713,0.4312936027669542,0.32437838418974035,0.2998289326054366,0.3480446073541221,0.3893771195980985,0.3734019258910278,0.4044734752505428,0.08,0.048,0.112,0.0,0.0,0.0,0.0,0.0,0.0,0.07714520411488972,0.05822465396043356,0.09894554458105877,0.21453029180962768,0.1614163988933802,0.27037088335659093,0.18680412727182494,0.14046193116537964,0.23600608500627088,0.076,0.044,0.112,0.005725089305653754,0.002988502090604751,0.009202845107767277,0.007023735621735194,0.0004280813895107177,0.018438564962128007,0.00435783913731575,0.000341548353433609,0.011076365089416505,0.004,0.0,0.012,0.002900618557529671,0.00017607814107556253,0.007566043002559398,False
direct_invariance_only,False,1.0,1.0,0.0,250,0.10456801616586744,0.07725262270583771,0.1322393032054417,0.2892596246465904,0.25675589072205485,0.31991677908318233,0.033382896801980776,0.03083047734715007,0.035967851512193304,0.5140727250125408,0.5081820487344028,0.5198422596585334,0.10470017027854919,0.10063755249679088,0.10864784452915192,0.4129737669159376,0.39514813032880713,0.4312936027669542,0.3248715166579653,0.3003281187242878,0.34817134642396674,0.38978971967828957,0.3740695069531745,0.40480044942819565,0.08,0.048,0.112,0.0,0.0,0.0,0.0,0.0,0.0,0.07665207164666471,0.05804886349642937,0.09857174018911097,0.21333619061548248,0.15970883355934856,0.2691679094145232,0.18561002607767962,0.14030225925051412,0.2344005013914581,0.076,0.044,0.112,0.005725089305653754,0.002988502090604751,0.009202845107767277,0.005829634427589991,-0.0015426868208209764,0.017443223978486962,0.003673949295654893,-0.0008965751356910913,0.010739223934710026,0.004,0.0,0.012,0.0024074860893046513,-0.0006452586798367189,0.0072463479477204865,False
direct_invariance_only,False,1.0,2.0,0.0,250,0.12019317039154703,0.09126288815191946,0.1489189023859464,0.27525149416140504,0.24430766153083505,0.30429649788364704,0.03218464007093381,0.029596990971153786,0.03470009136963455,0.5128846848814487,0.5070453627287925,0.5184443823547422,0.10470017027854919,0.10063755249679088,0.10864784452915192,0.4129737669159376,0.39514813032880713,0.4312936027669542,0.30752123550380556,0.28122404566336845,0.33388890031328156,0.3825969159240326,0.36748610801845816,0.39702006859000394,0.104,0.068,0.144,0.0,0.0,0.0,0.0,0.0,0.0,0.08445698648444797,0.06553309585277727,0.10639808147340306,0.2553492252053805,0.19349674477176107,0.32081912576508154,0.20450932541107292,0.15699007405105858,0.25441573499418496,0.104,0.068,0.148,0.01049777246384203,0.005941081586538001,0.015919334753688646,0.047842669017488015,0.015576262088957227,0.0839452231647889,0.019299103521334474,0.005388869417225942,0.035267488070124815,0.028,0.008,0.052,0.010212400927087912,0.0023188222384115478,0.019210079822757888,False
direct_invariance_only,False,1.0,5.0,0.0,250,0.1730494778226712,0.1384193931192276,0.2073008716053795,0.234251721754661,0.2032958072627718,0.26317048904294826,0.028664153389214825,0.026115118776510078,0.03130014257283241,0.510774663475275,0.5054557849641621,0.5159634990049184,0.10470017027854919,0.10063755249679088,0.10864784452915192,0.4129737669159376,0.39514813032880713,0.4312936027669542,0.2586576708876365,0.23015981027521726,0.2850848854393491,0.3571140679697146,0.3405966326297164,0.3732833568839072,0.148,0.10790000000000001,0.192,0.0,0.0,0.0,0.0,0.0,0.0,0.11221667351855041,0.08929489203276887,0.13553121890890454,0.373670456553994,0.29799464641943013,0.4489633634075792,0.27172833363382276,0.21892607603606742,0.32188114299217013,0.168,0.124,0.22,0.0210497112548753,0.014423012659405958,0.028466079077233603,0.1661639003661015,0.10576516030221851,0.22846463688864416,0.07215541095245863,0.04508861096064793,0.10126586040793481,0.072,0.04,0.108,0.03797208796119034,0.023109819236145118,0.05373220548540562,False
soft_objective_recourse,False,3.0,0.0,0.0,250,0.4876359173543751,0.44858372638844884,0.5246190353366547,0.02044674086635466,0.0152199420056926,0.026557666667716348,0.025897375013964385,0.023181626219074578,0.028862383264357853,0.5020925668835641,0.4974158229570985,0.506891815098852,0.10470017027854919,0.10063755249679088,0.10864784452915192,0.4129737669159376,0.39514813032880713,0.4312936027669542,0.012940695923566335,-0.011368002789826567,0.036514830053109466,0.2335208665778106,0.22169990918859805,0.2445260329151238,0.384,0.32,0.448,0.0,0.0,0.0,0.0,0.0,0.0,0.24971025958796633,0.2267577595137247,0.27466348445307115,0.9686646054537394,0.9111950165439322,0.9983906752529761,0.6046637331295571,0.5625794123975203,0.6435499460801554,0.5,0.44,0.564,0.07516140570220245,0.06381986229258171,0.08848369212634344,0.0,0.0,0.0,0.0,0.0,0.0,0.0,0.0,0.0,0.0,0.0,0.0,False
direct_invariance_only,False,3.0,0.29109799228495314,0.0,250,0.4876771998135373,0.4490058381861774,0.5250693256174447,0.020437810652973818,0.015212202061576544,0.026657164731720577,0.025720751074376956,0.023011802658468646,0.028683234214792398,0.5020622495365142,0.4974227209451616,0.506828199715048,0.10470017027854919,0.10063755249679088,0.10864784452915192,0.4129737669159376,0.39514813032880713,0.4312936027669542,0.01288734741064945,-0.011497428960893336,0.036349165334467304,0.23342321647176534,0.22168950433734239,0.2442868828983546,0.384,0.32,0.448,0.0,0.0,0.0,0.0,0.0,0.0,0.2497040019905191,0.22729914384555688,0.274507833714024,0.9687937868138905,0.9102271016611386,0.9986484333730435,0.6046485805994243,0.5626598815474201,0.642312946584149,0.5,0.44,0.564,0.07519120875738451,0.06383507459867951,0.08853788673793604,0.00012918136015105386,-0.0031170071412156275,0.003445948642901342,4.1282459162175657e-05,-0.001236539812758565,0.0013498837351799012,0.0,-0.012,0.012,-6.2575974472594e-06,-0.001483580834299315,0.0014626490604763651,True
direct_invariance_only,False,3.0,0.5,0.0,250,0.4877134363381192,0.44907649940911215,0.5251055621420266,0.020430863502984425,0.015211525404256722,0.026643444110491517,0.025686378222154617,0.023008280683838242,0.028655580245983015,0.502365713853836,0.49746422733733053,0.5071316640323698,0.10470017027854919,0.10063755249679088,0.10864784452915192,0.4129737669159376,0.39514813032880713,0.4312936027669542,0.013016073895002936,-0.011284381859330454,0.03640547182157953,0.23357192018121867,0.22187156110005285,0.24443305404351937,0.384,0.32,0.448,0.0,0.0,0.0,0.0,0.0,0.0,0.24957527550616562,0.22704812720106757,0.2743596440240858,0.9684820806120298,0.9096077061575989,0.9986653509378448,0.6043368743975636,0.562400461831839,0.6421165801353073,0.5,0.44,0.564,0.07519120875738451,0.06383507459867951,0.08853788673793604,-0.00018252484170966365,-0.003538573637932305,0.0033554898149325023,7.751898374408484e-05,-0.0011854758583474904,0.0013599473079666496,0.0,-0.012,0.012,-0.0001349840818007424,-0.0016225633650089446,0.001257224422561725,False
direct_invariance_only,False,3.0,1.0,0.0,250,0.49089590582158416,0.45276591703477315,0.5281753189314157,0.01951490874982292,0.014785342289515658,0.025710664263891406,0.025112467127158502,0.022533626839271792,0.027969398649101813,0.5025510191118717,0.49747615342860824,0.5073339995993197,0.10470017027854919,0.10063755249679088,0.10864784452915192,0.4129737669159376,0.39514813032880713,0.4312936027669542,0.00857947804144207,-0.014506390225092805,0.03160344308573579,0.23217016099284712,0.22083845488946596,0.24304973071463765,0.38,0.3199,0.444,0.0,0.0,0.0,0.0,0.0,0.0,0.24939408438769045,0.22682658912671883,0.2734562824413807,0.9792251258342314,0.9200853363484155,0.9985124499395295,0.6038981271138599,0.5633632482868358,0.6407916413316621,0.516,0.456,0.58,0.07750010224340254,0.06592832408291294,0.09066638800606643,0.010560520380491933,-0.013421090378336957,0.020435835151840536,0.003259988467209041,-0.0009886758042732253,0.009967561129061499,-0.004,-0.024,0.016,-0.00031617520027593036,-0.0032274115521910424,0.0024314128523986065,False
direct_invariance_only,False,3.0,2.0,0.0,250,0.49308107349369673,0.4555015250475379,0.5298593618262559,0.019010742989012158,0.014275188379287974,0.02519181897622914,0.024646494177590867,0.022121895198426233,0.02720153083404004,0.5023463324453831,0.49731071962952017,0.5071461183454812,0.10470017027854919,0.10063755249679088,0.10864784452915192,0.4129737669159376,0.39514813032880713,0.4312936027669542,0.005545001060475984,-0.017333365701461077,0.027814867504452525,0.23144608678239292,0.22025631772823948,0.24249802501911558,0.392,0.328,0.456,0.0,0.0,0.0,0.0,0.0,0.0,0.24976094662037793,0.22718665329091994,0.27357336326581755,0.986572994449779,0.9271118916440781,0.9986354681706153,0.6047864698176284,0.5655388230434226,0.6406865381608426,0.52,0.46,0.5800999999999998,0.07883390961754183,0.06737854362715674,0.09233806674453843,0.017908388996039526,-0.022269637851584832,0.03073030879614984,0.005445156139321625,0.00012152119183447217,0.013172896609827876,0.008,-0.016,0.032,5.068703241155226e-05,-0.003244958317413806,0.0033272324665229165,False
direct_invariance_only,False,3.0,5.0,0.0,250,0.500787564206461,0.4630288857799722,0.5372152180315927,0.018141640601535457,0.013451677313037659,0.024016510153330214,0.02308943939991654,0.020839570225124567,0.025468151087123796,0.503184619582653,0.4981713010905325,0.5079596463178038,0.10470017027854919,0.10063755249679088,0.10864784452915192,0.4129737669159376,0.39514813032880713,0.4312936027669542,-0.0017522056226804432,-0.024191719679619018,0.02068539090259398,0.2289892157446836,0.21818289785984116,0.23939400617639464,0.404,0.34,0.472,0.0,0.0,0.0,0.0,0.0,0.0,0.25096384883274503,0.22797242539207124,0.27691099419904963,0.9957571018717102,0.9372649947618356,0.9991117735505239,0.6076992509885737,0.5675102701591119,0.644792463259981,0.544,0.48,0.608,0.08188106185293648,0.07033944922850134,0.09487510686753406,0.027092496417970735,-0.04150383964746017,0.05292763330179063,0.013151646852085832,0.003717032395012211,0.02470564747659955,0.02,-0.012,0.052,0.0012535892447786939,-0.0037184792071356006,0.006366628394438949,False
soft_objective_recourse,False,10.0,0.0,0.0,250,0.5644938276559115,0.5277207090903073,0.5981036480816081,0.0038548510825164874,0.0028870100037475077,0.004858097323072507,0.02391150056855476,0.021466362459084728,0.026727583372209048,0.5006922300219536,0.49598362010676866,0.505398182852751,0.10470017027854919,0.10063755249679088,0.10864784452915192,0.4129737669159376,0.39514813032880713,0.4312936027669542,-0.029742427590949718,-0.05099557120900273,-0.008731322009521444,0.2202433681216549,0.2109741480845568,0.22979134532471218,0.544,0.484,0.6040999999999999,0.0,0.0,0.0,0.0,0.0,0.0,0.2625343314999714,0.24073981287910576,0.28660890037683645,0.9279798622245081,0.8798007384932814,0.9802982898414729,0.6357167271436186,0.6002665467066709,0.669888578991339,0.576,0.52,0.64,0.09009093150345793,0.07812271980735021,0.10295892106055964,0.0,0.0,0.0,0.0,0.0,0.0,0.0,0.0,0.0,0.0,0.0,0.0,False
direct_invariance_only,False,10.0,0.29109799228495314,0.0,250,0.5660766844153404,0.5300081312352791,0.5997476450560615,0.0037005405995446986,0.002706640022510113,0.004677840845512116,0.023591721246829355,0.02125162709008959,0.026301553629400717,0.5004903615002632,0.49576189852435587,0.5051810317855239,0.10470017027854919,0.10063755249679088,0.10864784452915192,0.4129737669159376,0.39514813032880713,0.4312936027669542,-0.031376427765123345,-0.05264297070796847,-0.01072950813636224,0.2199217568733702,0.21060053519127184,0.2294541077069842,0.552,0.492,0.616,0.0,0.0,0.0,0.0,0.0,0.0,0.26342719392956687,0.24161264550779696,0.2875142114239018,0.9240231940168002,0.8762192144462201,0.9748391463748841,0.6378787589749946,0.6021710922392819,0.6715256224215544,0.576,0.52,0.64,0.090461500375747,0.07846341490628722,0.10313940121481764,-0.003956668207707903,-0.0088557067446735,-7.025922860249341e-05,0.001582856759428978,3.678798675537109e-07,0.004522923213243484,0.008,0.0,0.02,0.000892862429595455,-0.0008575852010227733,0.003097386850144158,True
direct_invariance_only,False,10.0,0.5,0.0,250,0.5661741429455578,0.5300277271528728,0.5998255076686851,0.0036925199655896256,0.002704219496056215,0.004665161551542139,0.023554331600349504,0.021243439234814525,0.026275839750814087,0.5007327546184063,0.4959284060812592,0.5053256137944997,0.10470017027854919,0.10063755249679088,0.10864784452915192,0.4129737669159376,0.39514813032880713,0.4312936027669542,-0.031231823198863067,-0.05249594790734029,-0.010465433770210177,0.22004124626555144,0.21082246825979234,0.22953711956309636,0.556,0.496,0.62,0.0,0.0,0.0,0.0,0.0,0.0,0.2635894314679819,0.2417758292169552,0.28776841137514353,0.9243733483797278,0.8768049691957099,0.975412246810753,0.6382716108978337,0.6026212639770032,0.6718919172698758,0.576,0.52,0.64,0.09030807932340935,0.07830880493897222,0.10300448555143137,-0.003606513844780279,-0.008588698958298377,0.0003704093188960226,0.001680315289646387,2.0904339104890823e-05,0.004600854228157549,0.012,0.0,0.028,0.0010550999680104796,-0.0007125537928756156,0.00321952113102457,False
direct_invariance_only,False,10.0,1.0,0.0,250,0.5688162738718092,0.5346004695911892,0.6016649603592231,0.003447942465554145,0.0026430715997247133,0.004279531547088575,0.02327235871063199,0.02091804389995032,0.025961253926084074,0.500726827713728,0.4958096442778111,0.5053375648400843,0.10470017027854919,0.10063755249679088,0.10864784452915192,0.4129737669159376,0.39514813032880713,0.4312936027669542,-0.033326243314716605,-0.05445843879329951,-0.012230255529197239,0.2189671974360943,0.20969883659260322,0.22882449312675057,0.556,0.5,0.62,0.0,0.0,0.0,0.0,0.0,0.0,0.2644457732540355,0.24211091227654793,0.2887879709691525,0.9193017910953645,0.870733385671361,0.9702460211061568,0.6403452094037355,0.6054349868768388,0.6735365157517165,0.58,0.52,0.644,0.09092711848830934,0.079035405854453,0.10376971638670068,-0.00867807112914365,-0.02162594983348537,-0.0005377295496746872,0.0043224462158977985,4.0995319187641144e-05,0.011240180396754295,0.012,-0.004,0.028,0.0019114417540640758,-0.00034320461309591367,0.0047818114858902555,False
direct_invariance_only,False,10.0,2.0,0.0,250,0.5688692325986922,0.5346443233330734,0.6017842883693054,0.0034501939627469367,0.002658718233278606,0.00428241594004914,0.02321598989627754,0.020838286909372627,0.025923350084463746,0.5007126801102161,0.49580921100807196,0.5053341871232451,0.10470017027854919,0.10063755249679088,0.10864784452915192,0.4129737669159376,0.39514813032880713,0.4312936027669542,-0.03406049550151406,-0.0554249082966104,-0.0128450024172958,0.2188945253805838,0.20962567744869298,0.2287546525511967,0.556,0.5,0.62,0.0,0.0,0.0,0.0,0.0,0.0,0.2637158245575491,0.2418024945809721,0.2873860737047041,0.9175238278308191,0.8670658511193785,0.9681244204695565,0.6385776668744907,0.6035161715272586,0.6713780718893894,0.58,0.52,0.644,0.09165921892995126,0.0798154345341498,0.10480213192415973,-0.010456034393689029,-0.0240871796655311,-0.0010303573546599307,0.004375404942780733,8.228639401495458e-05,0.011245041006896645,0.012,-0.008,0.032,0.001181493057577702,-0.0019405054276927292,0.004410391734576242,False
direct_invariance_only,False,10.0,5.0,0.0,250,0.5705985125936568,0.5363247988606803,0.6042253968841396,0.0037753875168870634,0.002932451965049436,0.004674814940585233,0.021834955878462042,0.019683601867208928,0.024283186371434846,0.501601404733181,0.4967297383523703,0.5063431473692477,0.10470017027854919,0.10063755249679088,0.10864784452915192,0.4129737669159376,0.39514813032880713,0.4312936027669542,-0.04011478850650603,-0.061432614911848225,-0.018529539894111755,0.21681718249225151,0.20796219344002928,0.2265465717119575,0.532,0.472,0.596,0.0,0.0,0.0,0.0,0.0,0.0,0.2633401984241674,0.2416405615097455,0.2870494586925118,0.9028635915397707,0.8556831032524894,0.9533888267973237,0.6376681027242376,0.6028262839408929,0.671059591450913,0.596,0.5399,0.6560999999999999,0.09487417849913811,0.08283818237668965,0.1068904709996816,-0.02511627068473743,-0.04487280342823882,-0.007918422883988337,0.006104684937745333,-0.00040772885931655747,0.014380280581582338,-0.012,-0.044,0.02,0.0008058669241959658,-0.004050936437626108,0.006048047536771556,False
soft_objective_recourse,False,30.0,0.0,0.0,250,0.5958220117427409,0.5597318601548671,0.6287875865915791,0.0019282983721898392,0.0014386988453705253,0.0024689931984128327,0.024018351026312,0.021773255174151962,0.0265284829808734,0.5008635395851134,0.4960426908539295,0.5056332129234195,0.10470017027854919,0.10063755249679088,0.10864784452915192,0.4129737669159376,0.39514813032880713,0.4312936027669542,-0.028471073414458627,-0.04990008596436425,-0.007235831272600174,0.22501675446278593,0.21626269442948823,0.23404907670770245,0.672,0.616,0.728,0.0,0.0,0.0,0.0,0.0,0.0,0.26341079463735684,0.2415967785402231,0.28633877774170496,0.9310583971783999,0.8818208496152855,0.9806509993079672,0.6378390487233422,0.6064422566458293,0.6695780635692568,0.556,0.496,0.624,0.08901702284651968,0.07735937110352613,0.10214696502479584,0.0,0.0,0.0,0.0,0.0,0.0,0.0,0.0,0.0,0.0,0.0,0.0,False
direct_invariance_only,False,30.0,0.29109799228495314,0.0,250,0.5949026716090738,0.5595310713219457,0.6276323108111509,0.001959320290816872,0.001456927803205972,0.00249344560442977,0.023618431882063175,0.02135725575337335,0.026159733253342084,0.5007631918001174,0.4958541198840261,0.5053796100278616,0.10470017027854919,0.10063755249679088,0.10864784452915192,0.4129737669159376,0.39514813032880713,0.4312936027669542,-0.03240816801279004,-0.05344770544933263,-0.01090873901246256,0.2252463697589096,0.21630389687702953,0.23415476465747442,0.668,0.6119,0.728,0.0,0.0,0.0,0.0,0.0,0.0,0.2620320979202912,0.24055432048907377,0.28503020594937906,0.9215248749216876,0.8726333987612249,0.970124222750098,0.6345005879601765,0.6017513034491772,0.666297822690306,0.564,0.504,0.6280999999999999,0.09167491850421818,0.07977847280791511,0.1047407900181864,-0.009533522256712335,-0.019255748772390228,-0.002103994440921062,-0.0009193401336669922,-0.00256555962562561,1.2494444847106916e-06,-0.004,-0.012,0.0,-0.001378696717065576,-0.003225525427676111,0.00048071944129551847,True
direct_invariance_only,False,30.0,0.5,0.0,250,0.5949026716090738,0.5595310713219457,0.6276323108111509,0.001959320290816872,0.001456927803205972,0.00249344560442977,0.023618431882063175,0.02135725575337335,0.026159733253342084,0.5007631918001174,0.4958541198840261,0.5053796100278616,0.10470017027854919,0.10063755249679088,0.10864784452915192,0.4129737669159376,0.39514813032880713,0.4312936027669542,-0.03240816801279004,-0.05344770544933263,-0.01090873901246256,0.2252463697589096,0.21630389687702953,0.23415476465747442,0.668,0.6119,0.728,0.0,0.0,0.0,0.0,0.0,0.0,0.2620320979202912,0.24055432048907377,0.28503020594937906,0.9215248749216876,0.8726333987612249,0.970124222750098,0.6345005879601765,0.6017513034491772,0.666297822690306,0.564,0.504,0.6280999999999999,0.09167491850421818,0.07977847280791511,0.1047407900181864,-0.009533522256712335,-0.019255748772390228,-0.002103994440921062,-0.0009193401336669922,-0.00256555962562561,1.2494444847106916e-06,-0.004,-0.012,0.0,-0.001378696717065576,-0.003225525427676111,0.00048071944129551847,False
direct_invariance_only,False,30.0,1.0,0.0,250,0.5975465537048876,0.5628849288226105,0.6297486634094268,0.0018797396126264995,0.0013956812214548113,0.002412639078847009,0.02330998308973703,0.021087237726426816,0.02587384972968753,0.5008503977520465,0.4959729172495842,0.5055890504144729,0.10470017027854919,0.10063755249679088,0.10864784452915192,0.4129737669159376,0.39514813032880713,0.4312936027669542,-0.034538210640896086,-0.05465852738066279,-0.013213202700834512,0.22395178678953395,0.21540669373808075,0.2327760344558513,0.672,0.612,0.732,0.0,0.0,0.0,0.0,0.0,0.0,0.2633739473921175,0.24233263779694308,0.28600008498272783,0.9163670591020217,0.8674293765910167,0.9650112007232114,0.6377498245444929,0.6048311936130703,0.6688012585190971,0.568,0.504,0.632,0.09206901508235808,0.08015666655836724,0.10521015343802378,-0.014691338076378235,-0.025589840754539905,-0.004961452625810676,0.001724541962146759,-0.0016053036093711852,0.006007508832216263,0.0,-0.012,0.012,-3.684724523933913e-05,-0.002432745028058971,0.0031367322149082042,False
direct_invariance_only,False,30.0,2.0,0.0,250,0.5975184861160815,0.5628942159057595,0.6297467343050986,0.0018854507944049339,0.001407111002395207,0.0024152889047037987,0.023210592810443124,0.020984102963342032,0.025780461254052332,0.501007773705244,0.4962478773123443,0.5057346318643868,0.10470017027854919,0.10063755249679088,0.10864784452915192,0.4129737669159376,0.39514813032880713,0.4312936027669542,-0.03431073829540869,-0.054509527115329734,-0.012971885484881656,0.22407819418581626,0.2155348191291327,0.23285778152765563,0.668,0.612,0.728,0.0,0.0,0.0,0.0,0.0,0.0,0.263605723227916,0.24243388947322708,0.2864795373335748,0.9169178745864679,0.868443259261831,0.9653963740155592,0.6383110607642397,0.6057233047561177,0.668955698304949,0.568,0.504,0.632,0.09183939099171513,0.0797323939944458,0.10521468787762853,-0.014140522591931992,-0.02550805640283558,-0.00417666494269002,0.0016964743733406066,-0.0016319327652454375,0.005963850554823875,-0.004,-0.016,0.008,0.00019492859055913914,-0.0023549023934791593,0.0034235745629016476,False
direct_invariance_only,False,30.0,5.0,0.0,250,0.6010710470713675,0.565498311101552,0.6339082201457582,0.0019030432688031884,0.001421638015622934,0.002431767646288359,0.022022664320223612,0.01986411877547454,0.024608143405381915,0.5013794003455638,0.49651861199101804,0.506223058303833,0.10470017027854919,0.10063755249679088,0.10864784452915192,0.4129737669159376,0.39514813032880713,0.4312936027669542,-0.040238472218931606,-0.06068962173086962,-0.018848077616185486,0.2221144962371636,0.21345578732884418,0.23128703059902989,0.66,0.6,0.72,0.0,0.0,0.0,0.0,0.0,0.0,0.26403618846027244,0.2426918263191874,0.2874736272053241,0.9025640962150453,0.853885414746672,0.952329232741279,0.6393534156711174,0.6073650073902974,0.6719017475538488,0.58,0.516,0.6440999999999999,0.09458802533729833,0.08236245732701752,0.10786601625595899,-0.02849430096335459,-0.04757142318050722,-0.012055937158156105,0.005249035328626633,0.0005552770912647248,0.01022836800292134,-0.012,-0.032,0.008,0.0006253938229156732,-0.003128632655886667,0.004805841398196643,False
transport_anchor_only,False,0.0,0.0,0.1,250,0.0,0.0,0.0,0.41173972633917627,0.3805604223739986,0.4440507454667903,0.03358116501382362,0.0309500730373572,0.03615459481095681,0.5216250830903053,0.5142508287639678,0.5291880764284255,0.10470017027854919,0.10063755249679088,0.10864784452915192,0.4129737669159376,0.39514813032880713,0.4312936027669542,0.4129737669159376,0.39620867535901527,0.4303135093216834,0.4511275354418694,0.4384508039580053,0.46428489534969175,0.056,0.032,0.084,0.0,0.0,0.0,0.0,0.0,0.0,0.0,0.0,0.0,0.0,0.0,0.0,0.0,0.0,0.0,0.0,0.0,0.0,0.0,0.0,0.0,0.0,0.0,0.0,0.0,0.0,0.0,0.0,0.0,0.0,0.0,0.0,0.0,False
mediation_aware_recourse,False,0.0,0.29109799228495314,0.1,250,2.5603038375265895e-06,0.0,7.322124614438499e-06,0.4117393198148367,0.38055561372094593,0.4440507454667903,0.03357006026972961,0.03094917816072075,0.03612446466560775,0.521622308172226,0.514247092560643,0.5291852793570876,0.10470017027854919,0.10063755249679088,0.10864784452915192,0.4129737669159376,0.39514813032880713,0.4312936027669542,0.4129680112817208,0.39619745187229255,0.430313365430828,0.4511226431527851,0.43844591166892105,0.4642847730424647,0.056,0.032,0.084,0.0,0.0,0.0,0.0,0.0,0.0,5.7556342167919276e-06,0.0,1.726690265037578e-05,1.3937045589607067e-05,0.0,4.2662106516713756e-05,1.3937045589607067e-05,0.0,4.3258930285164364e-05,0.0,0.0,0.0,0.0,0.0,0.0,1.3937045589607067e-05,0.0,4.315400704186512e-05,2.5603038375265895e-06,0.0,7.322124614438499e-06,0.0,0.0,0.0,5.7556342167919276e-06,0.0,1.726690265037578e-05,True
mediation_aware_recourse,False,0.0,0.5,0.1,250,7.846078195143492e-06,0.0,2.151108399266377e-05,0.41176551024556834,0.38055561372094593,0.4440507454667903,0.033555193962355796,0.03093837272032701,0.036123319993545434,0.5216195818438529,0.5142442980740607,0.5291852111988783,0.10470017027854919,0.10063755249679088,0.10864784452915192,0.4129737669159376,0.39514813032880713,0.4312936027669542,0.4129736733433997,0.39620863444410837,0.43031888594096496,0.45112776416741396,0.43845103268354985,0.4642898940570935,0.056,0.032,0.084,0.0,0.0,0.0,0.0,0.0,0.0,9.357253787478647e-08,-1.6986185036751424e-05,1.726690265037578e-05,2.2658228060468133e-07,-4.068106263440674e-05,4.1353606937888364e-05,2.2658228060468133e-07,-4.0836376971981056e-05,4.194971938128178e-05,0.0,0.0,0.0,0.0,0.0,0.0,2.2658228060468133e-07,-4.127378543914428e-05,4.1624464968109676e-05,7.846078195143492e-06,0.0,2.151108399266377e-05,0.0,0.0,0.0,9.357253787478647e-08,-1.6986185036751424e-05,1.726690265037578e-05,False
mediation_aware_recourse,False,0.0,1.0,0.1,250,9.080467309104279e-05,1.0318239172920584e-05,0.00021498502113099675,0.4116024062555214,0.3805555024457546,0.44388801488464513,0.03346744824722758,0.030821624115269168,0.03602068966294899,0.5216002798929215,0.5142334303871692,0.5291618421536208,0.10470017027854919,0.10063755249679088,0.10864784452915192,0.4129737669159376,0.39514813032880713,0.4312936027669542,0.41284824849081214,0.3960198692009873,0.4301554434873634,0.4510285064047633,0.4383639373269842,0.46419092560800174,0.056,0.032,0.084,0.0,0.0,0.0,0.0,0.0,0.0,0.0001255184251254442,-1.8936708869484538e-05,0.00038319996039926893,0.00030393801054928726,-5.6159372359215756e-05,0.0009511027124280228,0.00030393801054928726,-7.062644602869317e-05,0.0008625114246812302,0.0,0.0,0.0,0.0,0.0,0.0,0.00030393801054928726,-5.9062319001357276e-05,0.0009315463536265775,9.080467309104279e-05,1.0318239172920584e-05,0.00021498502113099675,0.0,0.0,0.0,0.0001255184251254442,-2.4072465330215714e-05,0.0003916079594041548,False
mediation_aware_recourse,False,0.0,2.0,0.1,250,0.00017235247726785018,3.4586100255546626e-05,0.0003496091952285496,0.411352350731048,0.3802926642097003,0.44364421074828353,0.03342206279831659,0.030785120772533127,0.03600402601717015,0.5215937624289989,0.5142283366444111,0.5291550384829461,0.10470017027854919,0.10063755249679088,0.10864784452915192,0.4129737669159376,0.39514813032880713,0.4312936027669542,0.41269799893220604,0.3960009648749637,0.4300072042399438,0.4509498683468362,0.4383154462315493,0.46418052691906947,0.06,0.036,0.092,0.0,0.0,0.0,0.0,0.0,0.0,0.0002757679837315516,1.8236453004606548e-06,0.000662499093540683,0.0006677615040563412,-1.387623532417273e-06,0.0016275036762997686,0.0006677615040563412,-2.4103066477820716e-06,0.0016498850297592144,0.0,0.0,0.0,0.0,0.0,0.0,0.0006677615040563412,-5.4605404015136923e-08,0.001632873042167146,0.00017235247726785018,3.4586100255546626e-05,0.0003496091952285496,0.004,0.0,0.016,0.0002757679837315516,-2.333251679246118e-08,0.000669904883726429,False
mediation_aware_recourse,False,0.0,5.0,0.1,250,0.0044812387845595365,0.0023443927953077947,0.006771120857783534,0.4075384412396537,0.37635128196547823,0.4399060111644593,0.03215473991472159,0.029667086196600287,0.034757803947327484,0.5215075204327106,0.5141477650336325,0.5290433704533696,0.10470017027854919,0.10063755249679088,0.10864784452915192,0.4129737669159376,0.39514813032880713,0.4312936027669542,0.40824087129138764,0.39042613213573213,0.42589906112215653,0.4484269943561062,0.4352005984430402,0.4616705847035558,0.084,0.052,0.12,0.0,0.0,0.0,0.0,0.0,0.0,0.004732895624549906,0.0025057105280211246,0.007362634268325512,0.011460523654795218,0.005875858554488622,0.01862242028026617,0.011460523654795218,0.005904468499776191,0.017994815596097245,0.0,0.0,0.0,0.0,0.0,0.0,0.011460523654795218,0.005656961175155068,0.017812341622440945,0.0044812387845595365,0.0023443927953077947,0.006771120857783534,0.028,0.012,0.052,0.004732895624549906,0.002356433237850746,0.007294576796428874,False
transport_anchor_only,False,1.0,0.0,0.1,250,0.10089406687021256,0.07437662019813433,0.12841691739112138,0.2927075381011728,0.2604173663668885,0.3222594048224683,0.03377589283424267,0.031169006192126623,0.03643431259766253,0.5136467081305981,0.5079698713935912,0.519496041822362,0.10470017027854919,0.10063755249679088,0.10864784452915192,0.4129737669159376,0.39514813032880713,0.4312936027669542,0.32782245500187496,0.3025482229998335,0.35144994423313625,0.3908010167438439,0.37507571058264066,0.4057607984213471,0.076,0.044,0.108,0.0,0.0,0.0,0.0,0.0,0.0,0.07541014351913941,0.05668238187676008,0.09656210939172245,0.206190607577734,0.15286108535027318,0.26250902678669175,0.18260274516296204,0.13674768796728748,0.23158901690440087,0.072,0.044,0.108,0.004870584197461613,0.0024895156751008358,0.0076141092221454765,-0.0013159486101584905,-0.019003820359467283,0.01488425367001695,0.0,-0.008748564720153808,0.008748564720153808,0.0,0.0,0.0,0.0011655579617793456,-0.0027984878709456608,0.006295161756283698,False
mediation_aware_recourse,False,1.0,0.29109799228495314,0.1,250,0.10381025511026383,0.0766830613297876,0.13069005217617374,0.28978864086194744,0.2578975230384908,0.3201468715369406,0.03375545691715901,0.031162929070320977,0.03641571737888252,0.5137179740395547,0.5080208395035088,0.5195267800029457,0.10470017027854919,0.10063755249679088,0.10864784452915192,0.4129737669159376,0.39514813032880713,0.4312936027669542,0.32518061549517546,0.3007788960778005,0.34908580650710236,0.38985752902395426,0.37412471090359434,0.40475308544163663,0.076,0.044,0.108,0.0,0.0,0.0,0.0,0.0,0.0,0.07634297280945462,0.0576152111670753,0.09772612008117201,0.2125877197391881,0.15951421273824196,0.2687091651484777,0.18486155520138547,0.13890285538240427,0.2337732513201079,0.076,0.044,0.112,0.005725089305653754,0.002988502090604751,0.009202845107767277,0.00508116355129562,0.0,0.015527680083848638,0.0029161882400512693,0.0,0.008748564720153808,0.0,0.0,0.0,0.002098387252094566,0.0,0.006295161756283698,True
mediation_aware_recourse,False,1.0,0.5,0.1,250,0.10467966416478157,0.07770060332203284,0.13206308890050278,0.28897074452979066,0.2563116867685755,0.3193704698632657,0.033676226021813346,0.03109847017131071,0.036347490527684136,0.5135131854937077,0.5078057569671333,0.5193252046503187,0.10470017027854919,0.10063755249679088,0.10864784452915192,0.4129737669159376,0.39514813032880713,0.4312936027669542,0.3240814999252543,0.298995825651469,0.347884747557409,0.3893924684815266,0.3734080877573624,0.4043475737973438,0.076,0.044,0.108,0.0,0.0,0.0,0.0,0.0,0.0,0.07668086776733264,0.057946490795991464,0.09855190368327907,0.215249185570612,0.16075059020692403,0.2711844578213393,0.18567975476985044,0.13986816941355348,0.23464640734662334,0.08,0.048,0.116,0.006105699611675275,0.003382042293312913,0.009827472364064865,0.007742629382719524,0.0004322701077349417,0.01988036370845696,0.0037855972945690154,8.510780334472657e-05,0.010321825031191107,0.0,0.0,0.0,0.002436282209972594,-7.250815361783136e-05,0.006998913213390587,False
mediation_aware_recourse,False,1.0,1.0,0.1,250,0.11336545216478408,0.08476439453456551,0.1414187629803084,0.2808919624059596,0.24928416380104113,0.31076463506429,0.03306098410112449,0.03043234050821242,0.035662421351455545,0.5116030366454124,0.5060911599621595,0.5169228093729198,0.10470017027854919,0.10063755249679088,0.10864784452915192,0.4129737669159376,0.39514813032880713,0.4312936027669542,0.314633619052015,0.288765479358073,0.3390726860843628,0.3852377574634965,0.3696242022804754,0.3997702813717003,0.092,0.06,0.128,0.0,0.0,0.0,0.0,0.0,0.0,0.08118202558282439,0.06183022514716602,0.10330059408738894,0.238126863597949,0.17872226998341112,0.30268520022934575,0.19657913428517937,0.1494794723339395,0.24518337774806515,0.092,0.06,0.132,0.00857906114054909,0.004379184915338118,0.013642048170011153,0.030620307410056502,0.007138308823400691,0.06094987612828679,0.01247138529457152,0.002528767415927723,0.02503880225070752,0.016,0.004,0.036,0.0069374400254643385,0.0008557634044337565,0.015255536429938588,False
mediation_aware_recourse,False,1.0,2.0,0.1,250,0.12319446643494303,0.09236246163224715,0.15265811035685328,0.27246774795756107,0.24141534777187737,0.3015790134070517,0.032083504037927355,0.029532429514643826,0.03464784932048631,0.511668888674736,0.5060084371557475,0.5171384928244411,0.10470017027854919,0.10063755249679088,0.10864784452915192,0.4129737669159376,0.39514813032880713,0.4312936027669542,0.30394933593413836,0.27697321021754123,0.3300674513553818,0.3799506139986134,0.3650099696789445,0.3944640342981525,0.112,0.076,0.1520999999999999,0.0,0.0,0.0,0.0,0.0,0.0,0.087053881557746,0.06712718608246751,0.1092628173522135,0.2639984418283682,0.19804991926464793,0.3303805640356457,0.21079760636579659,0.1621211386982536,0.2615305991959765,0.112,0.076,0.156,0.010985274712026604,0.006486398999196162,0.016322326672971125,0.05649188564047569,0.020813551787058276,0.09576594549733182,0.02230039956473047,0.006922103843009973,0.04032381424565246,0.036,0.012,0.06,0.012809296000385943,0.004064433642881694,0.023807550194115425,False
mediation_aware_recourse,False,1.0,5.0,0.1,250,0.174616486318002,0.1387162836962103,0.20958260063442866,0.23228431398728047,0.20157950736219402,0.26233901315814734,0.02874992884941296,0.026261928592872144,0.03133030541905364,0.5103210092504025,0.5048778677670479,0.5155527307005884,0.10470017027854919,0.10063755249679088,0.10864784452915192,0.4129737669159376,0.39514813032880713,0.4312936027669542,0.2565899862030832,0.2288434420337287,0.28394902874247485,0.35526387537873155,0.3384700147667476,0.3722738599742506,0.152,0.108,0.196,0.0,0.0,0.0,0.0,0.0,0.0,0.11397821213272293,0.09193640816409512,0.1368696505150578,0.3786772750257692,0.3029261825209725,0.4532950304594029,0.27599383123994814,0.22489853998572623,0.3278316232778993,0.172,0.128,0.224,0.02120278429006576,0.01461870148104687,0.028758410820044635,0.1711707188378767,0.10915026588714255,0.23403478576112302,0.07372241944778943,0.046035964523034635,0.10250577202429995,0.076,0.044,0.112,0.039733626575362876,0.02385733079199479,0.05603782395099802,False
transport_anchor_only,False,3.0,0.0,0.1,250,0.4875845770128071,0.44848232921385206,0.5246164683195762,0.020465241709280657,0.01523121952937705,0.026588091087036303,0.02589979576120966,0.023165675093475387,0.028870986431931738,0.5018113694560528,0.49709289736534357,0.5066607198909581,0.10470017027854919,0.10063755249679088,0.10864784452915192,0.4129737669159376,0.39514813032880713,0.4312936027669542,0.012563533145146891,-0.011590590104949958,0.03618300162379572,0.23347570826395572,0.22168678633915898,0.2444583803742816,0.384,0.32,0.448,0.0,0.0,0.0,0.0,0.0,0.0,0.2493330968095469,0.2263762015494097,0.2741693842235308,0.9695778905305037,0.9121359301145696,0.9982903229130852,0.6037504480527929,0.5619202495414707,0.6423547599329094,0.5,0.44,0.564,0.07553856848062188,0.06425387766774501,0.08896194115617266,0.0009132850767642475,-0.0013644132694269867,0.00233922263142802,-5.134034156799316e-05,-0.00015402102470397948,0.0,0.0,0.0,0.0,-0.00037716277841944203,-0.0009918317297620072,0.0,False
mediation_aware_recourse,False,3.0,0.29109799228495314,0.1,250,0.4880447557894513,0.44901374357703605,0.5253904415585333,0.020314193583892182,0.015185961519433515,0.026503082221814803,0.025790377085228914,0.023056256417494644,0.02875476547097859,0.5018132767808436,0.49709289736534357,0.5066528776202261,0.10470017027854919,0.10063755249679088,0.10864784452915192,0.4129737669159376,0.39514813032880713,0.4312936027669542,0.012053645732986435,-0.012054341465765724,0.0356669863746971,0.23328209521544188,0.22150180656181132,0.2441174791728691,0.388,0.324,0.452,0.0,0.0,0.0,0.0,0.0,0.0,0.24984298422170736,0.22715973347881266,0.2741724935142264,0.9708125631731954,0.9134031898669717,0.9981863713949063,0.6049851206954846,0.5631708539898468,0.6431766929309253,0.5,0.44,0.564,0.07553856848062188,0.06425387766774501,0.08896194115617266,0.002147957719455973,-0.0031291829656236864,0.005108321908572335,0.00040883843507617714,-0.00013299212045967578,0.0013595074256882072,0.004,0.0,0.012,0.00013272463374101572,-0.0007543255568388841,0.0013514666500417168,True
mediation_aware_recourse,False,3.0,0.5,0.1,250,0.48767675993125886,0.44900582718912047,0.5250684678470018,0.020437810652973818,0.015212202061576544,0.026657164731720577,0.025730417539056895,0.023023766776672294,0.028693041060985892,0.5019778147470951,0.49719682047615044,0.5067437649256289,0.10470017027854919,0.10063755249679088,0.10864784452915192,0.4129737669159376,0.39514813032880713,0.4312936027669542,0.012744877337859603,-0.01168628445026021,0.036345686480450105,0.23347917282077407,0.22175616337365803,0.24439812167589245,0.384,0.32,0.448,0.0,0.0,0.0,0.0,0.0,0.0,0.24956153191772923,0.22702132720361667,0.27450282529294523,0.9691387725834559,0.9104305224444436,0.9985763809004915,0.6043035948298587,0.5623025477559046,0.6420628285364572,0.5,0.44,0.564,0.07533367883017436,0.06393408148398562,0.08879618984308059,0.0004741671297164851,-0.00306299038071462,0.0037363948289132337,4.0842576883733274e-05,-0.0012369796950370074,0.0013489929735660553,0.0,-0.012,0.012,-0.00014872767023710765,-0.0016110072762678946,0.001183426319538244,False
mediation_aware_recourse,False,3.0,1.0,0.1,250,0.490944777100347,0.4528479912299197,0.5282859641328453,0.019503209653952844,0.014771333597795503,0.02571075669196331,0.02512609303003254,0.02250655454029509,0.02797448592234778,0.5020668582265376,0.497291802467823,0.5068194309598685,0.10470017027854919,0.10063755249679088,0.10864784452915192,0.4129737669159376,0.39514813032880713,0.4312936027669542,0.007734462314702225,-0.015201152446568979,0.03070978958812242,0.2324384164704235,0.22113856336358706,0.24327594247558132,0.38,0.3199,0.444,0.0,0.0,0.0,0.0,0.0,0.0,0.24880652162965755,0.22647678015261155,0.2728953120914636,0.9812712987256728,0.9213371574549738,0.998865246347336,0.60247536662614,0.5620013850817431,0.6395367207927435,0.516,0.456,0.58,0.0782163914857889,0.06672034556790364,0.09190594751485323,0.012606693271933311,-0.016205852057189923,0.02336650720236137,0.0033088597459718584,-0.0008980933447834105,0.010020534814125853,-0.004,-0.024,0.016,-0.0009037379583088088,-0.004043725116950745,0.002053583236782088,False
mediation_aware_recourse,False,3.0,2.0,0.1,250,0.4927031565913931,0.4554965933397645,0.5295454275095369,0.019175363241936,0.014440075114096604,0.02532207007934354,0.02459218842787483,0.022101002101785533,0.027193970601273397,0.5022172293670177,0.49729695859051354,0.5070981229351341,0.10470017027854919,0.10063755249679088,0.10864784452915192,0.4129737669159376,0.39514813032880713,0.4312936027669542,0.005488191380656398,-0.01744868028050177,0.027892195946161706,0.23126618288562623,0.2201934621255728,0.2422714764863245,0.388,0.324,0.452,0.0,0.0,0.0,0.0,0.0,0.0,0.24933301351051124,0.22635550273908064,0.2730245997018963,0.9867105568916837,0.9265631196597351,0.9988336850723647,0.6037502463474005,0.5643434605288581,0.6406571856800298,0.524,0.464,0.584,0.07907628101238497,0.06772275401464986,0.09270198639186213,0.018045951437944296,-0.02233246841654899,0.03123801819035431,0.00506723923701793,-0.0004136066329898313,0.012908362108073192,0.004,-0.024,0.028,-0.0003772460774551194,-0.003789826211199304,0.002887400406948678,False
mediation_aware_recourse,False,3.0,5.0,0.1,250,0.5008726720098057,0.4630505088453414,0.5372981981398538,0.018179046648707002,0.013562025152193704,0.024054222453347287,0.02305118580438056,0.020801858380093786,0.02542989749158782,0.5030502945916653,0.49803723308081627,0.5076993655702293,0.10470017027854919,0.10063755249679088,0.10864784452915192,0.4129737669159376,0.39514813032880713,0.4312936027669542,-0.002485751073675163,-0.025032854380512903,0.019993256793307938,0.22906198390248908,0.2183600858628746,0.23940050078154482,0.404,0.34,0.472,0.0,0.0,0.0,0.0,0.0,0.0,0.25053381080941706,0.22769165236560462,0.2764491348231175,0.9939808499405698,0.9346579707666557,0.9989347776255548,0.6066579305518316,0.5669844960262697,0.6435036110411393,0.548,0.4879,0.612,0.08246285359009783,0.07098210410974677,0.09563176309042139,0.02531624448683034,-0.04328600296683198,0.05564801365323278,0.013236754655430559,0.003886174768500496,0.024790755279944274,0.02,-0.012,0.052,0.0008235512214507172,-0.0040347496253209094,0.0061815465897154,False
transport_anchor_only,False,10.0,0.0,0.1,250,0.5644938276559115,0.5277207090903073,0.5981036480816081,0.0038548510825164874,0.0028870100037475077,0.004858097323072507,0.02384686277844211,0.021415152014396623,0.026646615158853706,0.5004675273423195,0.49575820209162824,0.5051748784492494,0.10470017027854919,0.10063755249679088,0.10864784452915192,0.4129737669159376,0.39514813032880713,0.4312936027669542,-0.03025546653602865,-0.051339619964908115,-0.009067285466154089,0.22064435016199768,0.21147989564809308,0.2301328555818892,0.544,0.484,0.6040999999999999,0.0,0.0,0.0,0.0,0.0,0.0,0.26202129255489254,0.2402395049833497,0.28604876994716066,0.9267375582667766,0.8789358484393339,0.9789145928218886,0.6344744231858872,0.5988245569460764,0.6691914842247567,0.576,0.52,0.64,0.09060397044853685,0.07854811581211335,0.10341109748143398,-0.0012423039577315054,-0.003301659813592184,0.0,0.0,0.0,0.0,0.0,0.0,0.0,-0.0005130389450789328,-0.001366843707264878,0.0,False
mediation_aware_recourse,False,10.0,0.29109799228495314,0.1,250,0.5660762445330619,0.5300076693588868,0.599747205173783,0.0037005405995446986,0.002706640022510113,0.004677840845512116,0.02360138771150929,0.02125186875170659,0.026301795291017716,0.500405926710844,0.49568271434264777,0.5050969877988816,0.10470017027854919,0.10063755249679088,0.10864784452915192,0.4129737669159376,0.39514813032880713,0.4312936027669542,-0.03151889783791319,-0.052747926255814225,-0.010799296367057917,0.2199777132223789,0.21070965007183884,0.22949902075712836,0.552,0.492,0.616,0.0,0.0,0.0,0.0,0.0,0.0,0.26328472385677704,0.2412789269830514,0.2873334902021518,0.9236782082472348,0.8761212772591731,0.9746575320563138,0.6375337732054289,0.6017907202654514,0.6708537706822246,0.576,0.52,0.64,0.09060397044853685,0.07854811581211335,0.10341109748143398,-0.004301653977273334,-0.009256265195137855,-0.00041564081432772515,0.0015824168771505355,0.0,0.004522194850444794,0.008,0.0,0.02,0.0007503923568056068,-0.0009518918301667438,0.002936946446909607,True
mediation_aware_recourse,False,10.0,0.5,0.1,250,0.5660963429100812,0.5300272652764805,0.5997477076332084,0.003698982208890796,0.002704219496056215,0.004677762925979421,0.02359037127383624,0.02125186875170659,0.026301795291017716,0.5004009959046841,0.49568271434264777,0.5050969877988816,0.10470017027854919,0.10063755249679088,0.10864784452915192,0.4129737669159376,0.39514813032880713,0.4312936027669542,-0.03152771432399057,-0.05274814666796616,-0.010799296367057917,0.21997333257953008,0.21070526942898998,0.2294946401142795,0.556,0.496,0.62,0.0,0.0,0.0,0.0,0.0,0.0,0.2632935403428544,0.24130493561697966,0.2873339310264557,0.923656859467279,0.8761013065059314,0.9746340477829853,0.6375551219853848,0.6018028564505347,0.6708537706822246,0.576,0.52,0.64,0.09060397044853685,0.07854811581211335,0.10341109748143398,-0.0043230027572290775,-0.009274985132570477,-0.0004296709009689343,0.0016025152541697025,3.678798675537109e-07,0.0045225535333156585,0.012,0.0,0.028,0.0007592088428829839,-0.0009346996823158583,0.00294554252083505,False
mediation_aware_recourse,False,10.0,1.0,0.1,250,0.568738913718611,0.5345250434418208,0.6016630263553933,0.0034544047088553155,0.0026474797621291245,0.004282579615728691,0.023298731919438792,0.020940970502132936,0.02598762713489088,0.5004795037894249,0.49577779002771377,0.5052427825021863,0.10470017027854919,0.10063755249679088,0.10864784452915192,0.4129737669159376,0.39514813032880713,0.4312936027669542,-0.033479664367054254,-0.054623962952842914,-0.012537097633872533,0.2188433274010642,0.20946385558451563,0.22872754477972132,0.556,0.5,0.62,0.0,0.0,0.0,0.0,0.0,0.0,0.26429235220169783,0.24198840071156166,0.28833154333844807,0.9189302879524811,0.8703535386233803,0.9700942440629591,0.6399737062608521,0.6047976322269282,0.672936634286129,0.58,0.52,0.644,0.09108053954064699,0.07918882690679065,0.10401416927990231,-0.009049574272027017,-0.021704829890162154,-0.0008633915796066067,0.004245086062699556,-2.3644427210092544e-05,0.011162419278919698,0.012,-0.004,0.028,0.0017580207017264284,-0.00048587201212582057,0.0046641780290509706,False
mediation_aware_recourse,False,10.0,2.0,0.1,250,0.5688692325986922,0.5346443233330734,0.6017842883693054,0.0034501939627469367,0.002658718233278606,0.00428241594004914,0.02321598989627754,0.020838286909372627,0.025923350084463746,0.5007126801102161,0.49580921100807196,0.5053341871232451,0.10470017027854919,0.10063755249679088,0.10864784452915192,0.4129737669159376,0.39514813032880713,0.4312936027669542,-0.03406049550151406,-0.0554249082966104,-0.0128450024172958,0.2188945253805838,0.20962567744869298,0.2287546525511967,0.556,0.5,0.62,0.0,0.0,0.0,0.0,0.0,0.0,0.2637158245575491,0.2418024945809721,0.2873860737047041,0.9175238278308191,0.8670658511193785,0.9681244204695565,0.6385776668744907,0.6035161715272586,0.6713780718893894,0.58,0.52,0.644,0.09165921892995126,0.0798154345341498,0.10480213192415973,-0.010456034393689029,-0.0240871796655311,-0.0010303573546599307,0.004375404942780733,8.228639401495458e-05,0.011245041006896645,0.012,-0.008,0.032,0.001181493057577702,-0.0019405054276927292,0.004410391734576242,False
mediation_aware_recourse,False,10.0,5.0,0.1,250,0.5705985125936568,0.5363247988606803,0.6042253968841396,0.0037753875168870634,0.002932451965049436,0.004674814940585233,0.021834955878462042,0.019683601867208928,0.024283186371434846,0.501601404733181,0.4967297383523703,0.5063431473692477,0.10470017027854919,0.10063755249679088,0.10864784452915192,0.4129737669159376,0.39514813032880713,0.4312936027669542,-0.04011478850650603,-0.061432614911848225,-0.018529539894111755,0.21681718249225151,0.20796219344002928,0.2265465717119575,0.532,0.472,0.596,0.0,0.0,0.0,0.0,0.0,0.0,0.2633401984241674,0.2416405615097455,0.2870494586925118,0.9028635915397707,0.8556831032524894,0.9533888267973237,0.6376681027242376,0.6028262839408929,0.671059591450913,0.596,0.5399,0.6560999999999999,0.09487417849913811,0.08283818237668965,0.1068904709996816,-0.02511627068473743,-0.04487280342823882,-0.007918422883988337,0.006104684937745333,-0.00040772885931655747,0.014380280581582338,-0.012,-0.044,0.02,0.0008058669241959658,-0.004050936437626108,0.006048047536771556,False
transport_anchor_only,False,30.0,0.0,0.1,250,0.5949018638469279,0.5595306924450211,0.6276307764862664,0.001959320290816872,0.001456927803205972,0.00249344560442977,0.023674825976141466,0.021427704755083626,0.026199759306963694,0.5004080279695987,0.4953092366028547,0.505077988273412,0.10470017027854919,0.10063755249679088,0.10864784452915192,0.4129737669159376,0.39514813032880713,0.4312936027669542,-0.031942082314352735,-0.05307677598232381,-0.01044057512327785,0.22469225883335925,0.2158992707615693,0.23326044799948983,0.668,0.6119,0.728,0.0,0.0,0.0,0.0,0.0,0.0,0.26249818361872856,0.24086183532099417,0.2854422894121906,0.9226534834091419,0.8744703989173639,0.9713907958551596,0.6356291964476308,0.6030368979176385,0.6676159414579637,0.564,0.504,0.6280999999999999,0.09120883280578088,0.0789601102283053,0.10430950714733023,-0.008404913769258004,-0.01796329556680607,-0.0013568682501941115,-0.0009201478958129883,-0.0025663673877716064,0.0,-0.004,-0.012,0.0,-0.000912611018628263,-0.0025789082480813827,0.0007606380180466425,False
mediation_aware_recourse,False,30.0,0.29109799228495314,0.1,250,0.5949022317267955,0.5595310603248886,0.6276318709288724,0.001959320290816872,0.001456927803205972,0.00249344560442977,0.02367126214635423,0.021422725408126835,0.026192542551644545,0.5004071418392657,0.4953083567198396,0.505077102143079,0.10470017027854919,0.10063755249679088,0.10864784452915192,0.4129737669159376,0.39514813032880713,0.4312936027669542,-0.031942082314352735,-0.05307677598232381,-0.01044057512327785,0.22469225883335925,0.2158992707615693,0.23326044799948983,0.668,0.6119,0.728,0.0,0.0,0.0,0.0,0.0,0.0,0.26249818361872856,0.24086183532099417,0.2854422894121906,0.9226534834091419,0.8744703989173639,0.9713907958551596,0.6356291964476308,0.6030368979176385,0.6676159414579637,0.564,0.504,0.6280999999999999,0.09120883280578088,0.0789601102283053,0.10430950714733023,-0.008404913769258004,-0.01796329556680607,-0.0013568682501941115,-0.0009197800159454346,-0.002565999507904053,7.357597351074218e-07,-0.004,-0.012,0.0,-0.000912611018628263,-0.0025789082480813827,0.0007606380180466425,True
mediation_aware_recourse,False,30.0,0.5,0.1,250,0.5949022317267955,0.5595310603248886,0.6276318709288724,0.001959320290816872,0.001456927803205972,0.00249344560442977,0.02364287283900066,0.021396033548829182,0.0261891992041234,0.5005233046472072,0.495568326301825,0.5052134185479938,0.10470017027854919,0.10063755249679088,0.10864784452915192,0.4129737669159376,0.39514813032880713,0.4312936027669542,-0.032246579453347614,-0.053489541471685866,-0.010911876610291927,0.22499625987994926,0.2163539009876575,0.23371183367329162,0.668,0.6119,0.728,0.0,0.0,0.0,0.0,0.0,0.0,0.2621936864797337,0.24052387770511993,0.2851733065342657,0.9219161553670514,0.8734188799151559,0.9708523452005697,0.6348918684055402,0.6016124418515414,0.6663753076549294,0.564,0.504,0.6280999999999999,0.09151332994477573,0.0793663240208639,0.10456137899254357,-0.009142241811348484,-0.0186939525992367,-0.001811936211140805,-0.0009197800159454346,-0.002565999507904053,7.357597351074218e-07,-0.004,-0.012,0.0,-0.0012171081576231447,-0.0029911703795137776,0.0004989134603382465,False
mediation_aware_recourse,False,30.0,1.0,0.1,250,0.5975465537048876,0.5628849288226105,0.6297486634094268,0.0018797396126264995,0.0013956812214548113,0.002412639078847009,0.023324757581994583,0.02109146693212585,0.02588075041179726,0.5006949453885555,0.49577977433521747,0.5053841475727021,0.10470017027854919,0.10063755249679088,0.10864784452915192,0.4129737669159376,0.39514813032880713,0.4312936027669542,-0.03423415200866381,-0.05462349994204676,-0.01313360990157157,0.2236457205615649,0.21512024944244426,0.23267399630183896,0.672,0.612,0.732,0.0,0.0,0.0,0.0,0.0,0.0,0.26367800602434976,0.2428936016631095,0.2863054676959517,0.9171033253169509,0.8688475215378941,0.9657275438404014,0.6384860907594222,0.6051829314655566,0.6695380702918402,0.568,0.504,0.632,0.09176495645012579,0.07985293476983431,0.10482240483957106,-0.013955071861448953,-0.024821970679395226,-0.00417066316376735,0.001724541962146759,-0.0016053036093711852,0.006007508832216263,0.0,-0.012,0.012,0.00026721138699294024,-0.0021301209909014435,0.0034078056989961347,False
mediation_aware_recourse,False,30.0,2.0,0.1,250,0.5975184861160815,0.5628942159057595,0.6297467343050986,0.0018854507944049339,0.001407111002395207,0.0024152889047037987,0.023210592810443124,0.020984102963342032,0.025780461254052332,0.501007773705244,0.4962478773123443,0.5057346318643868,0.10470017027854919,0.10063755249679088,0.10864784452915192,0.4129737669159376,0.39514813032880713,0.4312936027669542,-0.03431073829540869,-0.054509527115329734,-0.012971885484881656,0.22407819418581626,0.2155348191291327,0.23285778152765563,0.668,0.612,0.728,0.0,0.0,0.0,0.0,0.0,0.0,0.263605723227916,0.24243388947322708,0.2864795373335748,0.9169178745864679,0.868443259261831,0.9653963740155592,0.6383110607642397,0.6057233047561177,0.668955698304949,0.568,0.504,0.632,0.09183939099171513,0.0797323939944458,0.10521468787762853,-0.014140522591931992,-0.02550805640283558,-0.00417666494269002,0.0016964743733406066,-0.0016319327652454375,0.005963850554823875,-0.004,-0.016,0.008,0.00019492859055913914,-0.0023549023934791593,0.0034235745629016476,False
mediation_aware_recourse,False,30.0,5.0,0.1,250,0.6010710470713675,0.565498311101552,0.6339082201457582,0.0019030432688031884,0.001421638015622934,0.002431767646288359,0.022022664320223612,0.01986411877547454,0.024608143405381915,0.5013794003455638,0.49651861199101804,0.506223058303833,0.10470017027854919,0.10063755249679088,0.10864784452915192,0.4129737669159376,0.39514813032880713,0.4312936027669542,-0.040238472218931606,-0.06068962173086962,-0.018848077616185486,0.2221144962371636,0.21345578732884418,0.23128703059902989,0.66,0.6,0.72,0.0,0.0,0.0,0.0,0.0,0.0,0.26403618846027244,0.2426918263191874,0.2874736272053241,0.9025640962150453,0.853885414746672,0.952329232741279,0.6393534156711174,0.6073650073902974,0.6719017475538488,0.58,0.516,0.6440999999999999,0.09458802533729833,0.08236245732701752,0.10786601625595899,-0.02849430096335459,-0.04757142318050722,-0.012055937158156105,0.005249035328626633,0.0005552770912647248,0.01022836800292134,-0.012,-0.032,0.008,0.0006253938229156732,-0.003128632655886667,0.004805841398196643,False
transport_anchor_only,False,0.0,0.0,0.5,250,1.5929218789096922e-06,0.0,3.6753816872078455e-06,0.41174139570306906,0.38055958861063127,0.4440488510008958,0.03357760118403639,0.03094917816072075,0.03615103098116957,0.5216215809001923,0.5142489370436728,0.5291835877891898,0.10470017027854919,0.10063755249679088,0.10864784452915192,0.4129737669159376,0.39514813032880713,0.4312936027669542,0.4129728196829903,0.39620860431654426,0.43031251472708876,0.45112690079579476,0.43845018517808254,0.46428427656976895,0.056,0.032,0.084,0.0,0.0,0.0,0.0,0.0,0.0,9.472329472328678e-07,0.0,3.788931788931471e-06,2.293687936583133e-06,0.0,6.996775077150463e-06,2.293687936583133e-06,0.0,7.115498087292837e-06,0.0,0.0,0.0,0.0,0.0,0.0,2.293687936583133e-06,0.0,7.137841985629944e-06,1.5929218789096922e-06,0.0,3.6753816872078455e-06,0.0,0.0,0.0,9.472329472328678e-07,0.0,2.8416988416986033e-06,False
mediation_aware_recourse,False,0.0,0.29109799228495314,0.5,250,9.071013511857018e-06,4.399891186039895e-07,2.2624386594543462e-05,0.41176361577967385,0.3805555189976512,0.4440488510008958,0.033555193962355796,0.03093837272032701,0.036123319993545434,0.5216169657840728,0.5142417233083785,0.5291816308432341,0.10470017027854919,0.10063755249679088,0.10864784452915192,0.4129737669159376,0.39514813032880713,0.4312936027669542,0.4129727261104525,0.39620856340163735,0.43031789134637033,0.45112712952133927,0.43845041390362705,0.4642892752771707,0.056,0.032,0.084,0.0,0.0,0.0,0.0,0.0,0.0,1.0408054851076542e-06,-1.5947718865090635e-05,1.7360475188250568e-05,2.52027021696577e-06,-3.786463966051756e-05,4.180008208434504e-05,2.52027021696577e-06,-3.8467500528860386e-05,4.353891259288589e-05,0.0,0.0,0.0,0.0,0.0,0.0,2.52027021696577e-06,-3.951760543272065e-05,4.348127353513975e-05,9.071013511857018e-06,4.399891186039895e-07,2.2624386594543462e-05,0.0,0.0,0.0,1.0408054851076542e-06,-1.6038952089518554e-05,1.821413559760865e-05,True
mediation_aware_recourse,False,0.0,0.5,0.5,250,9.071013511857018e-06,4.399891186039895e-07,2.2624386594543462e-05,0.41176361577967385,0.3805555189976512,0.4440488510008958,0.033555193962355796,0.03093837272032701,0.036123319993545434,0.5216169657840728,0.5142417233083785,0.5291816308432341,0.10470017027854919,0.10063755249679088,0.10864784452915192,0.4129737669159376,0.39514813032880713,0.4312936027669542,0.4129727261104525,0.39620856340163735,0.43031789134637033,0.45112712952133927,0.43845041390362705,0.4642892752771707,0.056,0.032,0.084,0.0,0.0,0.0,0.0,0.0,0.0,1.0408054851076542e-06,-1.5947718865090635e-05,1.7360475188250568e-05,2.52027021696577e-06,-3.786463966051756e-05,4.180008208434504e-05,2.52027021696577e-06,-3.8467500528860386e-05,4.353891259288589e-05,0.0,0.0,0.0,0.0,0.0,0.0,2.52027021696577e-06,-3.951760543272065e-05,4.348127353513975e-05,9.071013511857018e-06,4.399891186039895e-07,2.2624386594543462e-05,0.0,0.0,0.0,1.0408054851076542e-06,-1.6038952089518554e-05,1.821413559760865e-05,False
mediation_aware_recourse,False,0.0,1.0,0.5,250,9.202960840775631e-05,1.0688025799026945e-05,0.0002157714339904487,0.411600511789627,0.3805554077224599,0.4438861204187507,0.03346744824722758,0.030821624115269168,0.03602068966294899,0.5215976638331413,0.5142333649856746,0.5291582617979764,0.10470017027854919,0.10063755249679088,0.10864784452915192,0.4129737669159376,0.39514813032880713,0.4312936027669542,0.4128473012578649,0.3960170985446166,0.4301544488927688,0.45102787175868864,0.43836269976713854,0.4641902433634714,0.056,0.032,0.084,0.0,0.0,0.0,0.0,0.0,0.0,0.00012646565807267706,-1.8841985574761256e-05,0.00038319996039926893,0.0003062316984857594,-5.504988916383846e-05,0.0009533101065358567,0.0003062316984857594,-6.410629452633931e-05,0.0008650409464598016,0.0,0.0,0.0,0.0,0.0,0.0,0.0003062316984857594,-5.709481245345094e-05,0.0009315463536265775,9.202960840775631e-05,1.0688025799026945e-05,0.0002157714339904487,0.0,0.0,0.0,0.00012646565807267706,-2.355367578342096e-05,0.0003944022965984918,False
mediation_aware_recourse,False,0.0,2.0,0.5,250,0.00017357741258456372,3.497241312506958e-05,0.0003504333887365646,0.41135045626515354,0.38028892263955877,0.44364231628238904,0.03342206279831659,0.030785120772533127,0.03600402601717015,0.5215911463692189,0.5142276391495525,0.5291514581273019,0.10470017027854919,0.10063755249679088,0.10864784452915192,0.4129737669159376,0.39514813032880713,0.4312936027669542,0.4126970516992588,0.39599819421859306,0.43000625700699663,0.4509492337007615,0.4383148274516265,0.46417984467453927,0.06,0.036,0.092,0.0,0.0,0.0,0.0,0.0,0.0,0.00027671521667878453,2.800386203734868e-06,0.0006625227743643638,0.0006700551919927022,-1.0615493469257028e-06,0.0016308907228438474,0.0006700551919927022,3.0683185958947037e-07,0.0016546184253682888,0.0,0.0,0.0,0.0,0.0,0.0,0.0006700551919927022,2.2046232253769584e-06,0.001632873042167146,0.00017357741258456372,3.497241312506958e-05,0.0003504333887365646,0.004,0.0,0.016,0.00027671521667878453,9.418147190917946e-07,0.000670828435849981,False
mediation_aware_recourse,False,0.0,5.0,0.5,250,0.004482023730757646,0.0023444320426177,0.006772651502869847,0.4075384412396537,0.37635128196547823,0.4399060111644593,0.03215473991472159,0.029667086196600287,0.034757803947327484,0.5215058686687947,0.5141461545638144,0.5290417186894535,0.10470017027854919,0.10063755249679088,0.10864784452915192,0.4129737669159376,0.39514813032880713,0.4312936027669542,0.40824087129138764,0.39042613213573213,0.42589906112215653,0.4484269943561062,0.4352005984430402,0.4616705847035558,0.084,0.052,0.12,0.0,0.0,0.0,0.0,0.0,0.0,0.004732895624549906,0.0025057105280211246,0.007362634268325512,0.011460523654795218,0.005875858554488622,0.01862242028026617,0.011460523654795218,0.005904468499776191,0.017994815596097245,0.0,0.0,0.0,0.0,0.0,0.0,0.011460523654795218,0.005656961175155068,0.017812341622440945,0.004482023730757646,0.0023444320426177,0.006772651502869847,0.028,0.012,0.052,0.004732895624549906,0.002356433237850746,0.007294576796428874,False
transport_anchor_only,False,1.0,0.0,0.5,250,0.11131277927343035,0.08399076112870534,0.13968272561808115,0.2831487225171769,0.25270485730729064,0.3133064594768156,0.03357338444077601,0.030937102956148616,0.036221978883950214,0.5104217591485978,0.5051257627276003,0.5158619861612499,0.10470017027854919,0.10063755249679088,0.10864784452915192,0.4129737669159376,0.39514813032880713,0.4312936027669542,0.3156657309756895,0.2897034860941622,0.33865480591901204,0.38577913068138026,0.37097990789961577,0.40036016543249214,0.088,0.056,0.124,0.0,0.0,0.0,0.0,0.0,0.0,0.07962882184062693,0.06136393707039493,0.10041893757099943,0.23562764450376228,0.17699344432817363,0.3005689335085696,0.19281811151175543,0.14822240477762877,0.23909336240594614,0.088,0.056,0.128,0.008839607049810603,0.0048075842810984945,0.014048649243443248,0.02812108831586979,-0.002020402080676394,0.06375614743482659,0.010418712403217796,-0.003662913226324599,0.027008491551838227,0.012,0.0,0.028,0.0053842362832668715,-0.0034704218942574307,0.01589776110383664,False
mediation_aware_recourse,False,1.0,0.29109799228495314,0.5,250,0.11364504997205221,0.08600923527577833,0.1419274660148556,0.2806864002774373,0.24859348498914535,0.31027401628008444,0.033385634030793226,0.030737134580706916,0.03605990299435615,0.5107102068016529,0.5054001865601957,0.5161462806012272,0.10470017027854919,0.10063755249679088,0.10864784452915192,0.4129737669159376,0.39514813032880713,0.4312936027669542,0.31351798238433887,0.2864056270305299,0.3373871593196729,0.3844145890577422,0.36990922367669105,0.3992146118457351,0.092,0.06,0.128,0.0,0.0,0.0,0.0,0.0,0.0,0.08151594119071007,0.0625245978417203,0.1031413770724828,0.2408283346284399,0.18118148387390298,0.3059018887650599,0.19738769801158573,0.1518076097076104,0.24489114474182927,0.092,0.06,0.1280999999999999,0.008969921670444306,0.004859633099292113,0.014111723123921447,0.0333217784405474,0.004294913389711963,0.06870636368485757,0.012750983101839666,0.00017176587543071945,0.02797023857573367,0.016,0.004,0.032,0.007271355633350002,-0.0003419842240736361,0.01675844288856494,True
mediation_aware_recourse,False,1.0,0.5,0.5,250,0.1170039911098429,0.08853275685303233,0.14631511115268803,0.27742097805735966,0.24548737794557973,0.3070711628905765,0.03326125458207211,0.030645504440833173,0.03587522600655953,0.5106199270532131,0.5053100820583523,0.51606350704813,0.10470017027854919,0.10063755249679088,0.10864784452915192,0.4129737669159376,0.39514813032880713,0.4312936027669542,0.31091201259298495,0.28486466335570065,0.33659904271660956,0.38262389513478684,0.3673713564726333,0.3974157050582035,0.092,0.06,0.128,0.0,0.0,0.0,0.0,0.0,0.0,0.08369364944515899,0.06434110202012677,0.10520198765009205,0.2471385896618652,0.187018312615964,0.31258068860573235,0.20266093430141585,0.15792355880979506,0.25133844466375366,0.096,0.064,0.136,0.009184052438896799,0.005031684895091499,0.014435757104139782,0.039632033473972705,0.009136746182387925,0.07617126910950976,0.016109924239630345,0.0019073865512546034,0.033183636158012085,0.016,0.004,0.032,0.009449063887798932,0.0008470713451742474,0.019849365058705,False
mediation_aware_recourse,False,1.0,1.0,0.5,250,0.12369487576012034,0.09359336525533872,0.15175565333908744,0.27136105738845373,0.23974419345225664,0.30075689483676593,0.032987206234021245,0.03036808331339404,0.03549210523524151,0.509731026866436,0.5046314608415603,0.514999272895205,0.10470017027854919,0.10063755249679088,0.10864784452915192,0.4129737669159376,0.39514813032880713,0.4312936027669542,0.3044896286944089,0.27898760427748576,0.33020319562883876,0.37832078086336673,0.3626843071726687,0.3938568901238909,0.096,0.06390000000000001,0.132,0.0,0.0,0.0,0.0,0.0,0.0,0.08823189592409346,0.06772029388075959,0.10959309645841811,0.26269014381151023,0.20157637296073908,0.32695661157292777,0.2136501225804337,0.16714772826266847,0.2618332074571591,0.104,0.068,0.144,0.010126121148717632,0.005388548095457299,0.015583653616743237,0.05518358762361775,0.01791093213016731,0.0951226716692732,0.022800808889907785,0.007343302966283229,0.04020817133114906,0.02,0.004,0.04,0.0139873103667334,0.003466349225143867,0.025858611913165033,False
mediation_aware_recourse,False,1.0,2.0,0.5,250,0.14192375381861347,0.10700224032398546,0.17149679237200033,0.2558227568685288,0.22584808709673915,0.285358275714079,0.031552852592310505,0.028909758043009187,0.03404621891322778,0.5085643177621365,0.5033932820652842,0.5138211296441197,0.10470017027854919,0.10063755249679088,0.10864784452915192,0.4129737669159376,0.39514813032880713,0.4312936027669542,0.28348215914633434,0.255661072998183,0.3116370790183375,0.36886679106702686,0.3519940376238009,0.3846775173343049,0.124,0.088,0.1640999999999999,0.0,0.0,0.0,0.0,0.0,0.0,0.09770755012463045,0.07689735802853818,0.11922694671611729,0.3135589186127694,0.24449459356472536,0.38508498875132396,0.23659505264536396,0.18851489041922026,0.2872891297828755,0.136,0.096,0.184,0.01589202882248637,0.010037441759803091,0.022402916497520853,0.10605236242487692,0.05809213293399211,0.15781776283576024,0.04102968694840092,0.021377241303672783,0.06374818021868413,0.048,0.024,0.076,0.02346296456727039,0.011009275864304275,0.03861691346509087,False
mediation_aware_recourse,False,1.0,5.0,0.5,250,0.1840708471435355,0.1466281378739863,0.21901533236878312,0.22400363852217983,0.19421523182947328,0.25345415491711576,0.028766391580031105,0.026182086049199138,0.031325130865486224,0.5065913623402118,0.5017967838487863,0.5116017251525281,0.10470017027854919,0.10063755249679088,0.10864784452915192,0.4129737669159376,0.39514813032880713,0.4312936027669542,0.24486648973493755,0.21648483315119604,0.2729671073324246,0.34734904740270384,0.3314525467864112,0.36247067879841066,0.16,0.11590000000000002,0.208,0.0,0.0,0.0,0.0,0.0,0.0,0.1205265038337905,0.09797447793063652,0.14451519274865327,0.4070652681801431,0.33125753472815417,0.4823564788899803,0.29185026626237054,0.24060807582768057,0.34316681769819873,0.192,0.148,0.248,0.02379038667360478,0.01682393234112567,0.03156008068786938,0.19955871199225061,0.1350724498919542,0.2658030822859313,0.08317678027332295,0.05505099193423666,0.11327745576434535,0.084,0.048,0.124,0.04628191827643044,0.028679090731553405,0.0645516749235414,False
transport_anchor_only,False,3.0,0.0,0.5,250,0.48513443279545754,0.4468549013481708,0.5229780671232147,0.0213843163927853,0.01607672178467439,0.027918571587454262,0.026014757358243712,0.023275802399138814,0.028909289284392098,0.5007984395377636,0.4959818696658612,0.5054306655463934,0.10470017027854919,0.10063755249679088,0.10864784452915192,0.4129737669159376,0.39514813032880713,0.4312936027669542,0.010489062721241766,-0.012910938297884873,0.03456525515556458,0.23425448423233614,0.22249872450988722,0.24524237509435884,0.392,0.328,0.456,0.0,0.0,0.0,0.0,0.0,0.0,0.24639343386450768,0.22287775133759397,0.2717846480791765,0.9746011404076016,0.9152598454128611,0.998698654386385,0.5966321679572011,0.5543008756020621,0.6353548829681634,0.504,0.4479,0.568,0.07804563516509407,0.06684316102557067,0.09168201462283959,0.005936534953862149,-0.01059731532580933,0.01585437795927099,-0.002501484558917582,-0.00800726817159448,0.0004931404973613098,0.008,0.0,0.02,-0.0033168257234586994,-0.006525701830476632,-0.0009544349070627033,False
mediation_aware_recourse,False,3.0,0.29109799228495314,0.5,250,0.4881860903231427,0.44915507811072747,0.5255083063368918,0.020349514472483492,0.015207235391508967,0.0265148606706083,0.025792985759504467,0.023092742506553677,0.0287427536360644,0.500971930375576,0.496149507435745,0.505621236070764,0.10470017027854919,0.10063755249679088,0.10864784452915192,0.4129737669159376,0.39514813032880713,0.4312936027669542,0.008624340984338726,-0.014615044703334235,0.03163987746325857,0.23335103438965718,0.22161188746438312,0.24419123702726062,0.396,0.332,0.45609999999999995,0.0,0.0,0.0,0.0,0.0,0.0,0.24752391275058644,0.2242333855114601,0.27232568394466306,0.9791164919536057,0.9202367480261,0.9988137467646055,0.5993695788453579,0.5572779033969727,0.6378548166501055,0.508,0.452,0.572,0.07841275659050619,0.06723378975750398,0.09182444984667325,0.01045188649986628,-0.014342985938711575,0.019326230321409156,0.0005501729687675833,-0.0003083756279433146,0.0016605431139469146,0.012,0.0,0.028,-0.0021863468373798972,-0.005197880392549014,0.00010975591858051623,True
mediation_aware_recourse,False,3.0,0.5,0.5,250,0.48818389806430784,0.44915294065836353,0.5255083063368918,0.020363051809170293,0.015207272966686001,0.02651537826796016,0.02573538244616426,0.023028957808664173,0.028662407731320064,0.5009504943518639,0.496149507435745,0.5055881263971329,0.10470017027854919,0.10063755249679088,0.10864784452915192,0.4129737669159376,0.39514813032880713,0.4312936027669542,0.007629560779090153,-0.015767338157854874,0.03050146042947652,0.23325976857632127,0.22160521390572493,0.24409927163607217,0.392,0.328,0.45209999999999995,0.0,0.0,0.0,0.0,0.0,0.0,0.2469786221289632,0.22368265636363996,0.27177861077546206,0.9815253137358645,0.9204123268024833,0.9986491168684534,0.5980491787005849,0.5566672123538184,0.6365471033485725,0.512,0.456,0.5720999999999998,0.0791827920039421,0.06780585415341099,0.09269022221628806,0.012860708282125044,-0.016729740187835972,0.02289610158782297,0.0005479807099327445,-0.00031051308030728247,0.0016583508551120758,0.008,-0.004,0.024,-0.0027316374590031236,-0.005886466208663575,-0.00012054257170061636,False
mediation_aware_recourse,False,3.0,1.0,0.5,250,0.4879266427932307,0.4490008563446114,0.5256322980736615,0.02052655370862621,0.015272500582615232,0.026702787760483807,0.02540211038374021,0.022795333906008245,0.028224841086455156,0.5009964554934502,0.49621346176487197,0.5056278397745609,0.10470017027854919,0.10063755249679088,0.10864784452915192,0.4129737669159376,0.39514813032880713,0.4312936027669542,0.00692944070562488,-0.016639747662548107,0.030089244811252705,0.23304764979886453,0.2213138533398205,0.24368679607365806,0.388,0.324,0.448,0.0,0.0,0.0,0.0,0.0,0.0,0.24616875710129177,0.22362049920681595,0.2702646756083783,0.9832206274084344,0.9240953099374013,0.9984407357632753,0.5960881218670735,0.5553951790563642,0.6344388520908145,0.516,0.46,0.58,0.07993778455451046,0.06863257321333488,0.09366514882950076,0.014556021954694964,-0.018860416747525165,0.025437069041378452,0.00029072543885558846,-0.0010747164815198631,0.0017013075156137342,0.004,-0.016,0.024,-0.0035415024866745828,-0.007210124271839031,-0.0004421060789172996,False
mediation_aware_recourse,False,3.0,2.0,0.5,250,0.4928704632529989,0.4555471524313325,0.5296133425493491,0.019184988159554613,0.014434109724170004,0.025365739000891556,0.02465278004517054,0.02213028918072383,0.02725026077499669,0.5012464825954437,0.49653800762920375,0.5059872455212295,0.10470017027854919,0.10063755249679088,0.10864784452915192,0.4129737669159376,0.39514813032880713,0.4312936027669542,0.0032611132252986673,-0.019399982675248593,0.025760549029893134,0.23045570999072357,0.21917271572124014,0.24165231694129005,0.388,0.324,0.452,0.0,0.0,0.0,0.0,0.0,0.0,0.24873372382699807,0.2258989776913175,0.27262506828521216,0.9921033404866065,0.9304231654513844,0.9993227601731886,0.6022990895633059,0.562133861613314,0.638691845805456,0.532,0.472,0.596,0.08048946493182042,0.06920769679594352,0.09387391214203901,0.023438735032867086,-0.027605192140808567,0.035960314454687885,0.005234545898623764,-0.0002855068232864141,0.013001738677429965,0.004,-0.024,0.028,-0.0009765357609682901,-0.00472633347930231,0.002554860219636119,False
mediation_aware_recourse,False,3.0,5.0,0.5,250,0.5042185346964397,0.46631914059844715,0.5402321803773884,0.01741828078445657,0.01290144358490775,0.023041561370873737,0.02303357656994317,0.020747394892457693,0.02538898113341434,0.5002314845657349,0.49534425453416114,0.5048117612335264,0.10470017027854919,0.10063755249679088,0.10864784452915192,0.4129737669159376,0.39514813032880713,0.4312936027669542,-0.010998310524310734,-0.03343120051812139,0.01100978632127723,0.2276228501253674,0.21697434350778488,0.23783360058954034,0.412,0.348,0.48,0.0,0.0,0.0,0.0,0.0,0.0,0.2486721574087327,0.2262837967856951,0.27369352494586946,0.9733680165535805,0.9167636729338031,0.9986961900028248,0.602150008863277,0.5628728575815315,0.6401717724259652,0.572,0.516,0.636,0.08764996001575781,0.07579649013558187,0.10070887032032369,0.0047034110998410705,-0.0637909165763747,0.069810606757663,0.016582617342064624,0.005274818899392266,0.029829923312735613,0.028,-0.008,0.068,-0.0010381021792336754,-0.006608129451273486,0.005728763635537705,False
transport_anchor_only,False,10.0,0.0,0.5,250,0.5657855431586504,0.5289010540943593,0.5998404948597773,0.0037468916591716023,0.0027700283830519932,0.00471606266341415,0.02381366823992798,0.021317049660634524,0.02663969073791981,0.4997772022972107,0.4950925123580933,0.5043560736564695,0.10470017027854919,0.10063755249679088,0.10864784452915192,0.4129737669159376,0.39514813032880713,0.4312936027669542,-0.031460175582072,-0.05326292539545787,-0.010706358971455388,0.22035926326878508,0.2110763657037186,0.2296642372909386,0.54,0.48,0.604,0.0,0.0,0.0,0.0,0.0,0.0,0.2620652995338411,0.24047634709931487,0.2858177738684267,0.9238204019179846,0.8755344411176109,0.9762188691867172,0.634580984382927,0.5991499814634994,0.6676945060603796,0.576,0.52,0.64,0.09118432148208425,0.07889655029623457,0.10432441823422448,-0.004159460306523477,-0.010535026868201796,0.0016603554260800919,0.0012917155027389526,-0.0009123130857944489,0.004515806555747986,-0.004,-0.02,0.008,-0.00046903196613033303,-0.002650451691805168,0.0017235123493813342,False
mediation_aware_recourse,False,10.0,0.29109799228495314,0.5,250,0.5660296028740704,0.5299039801413192,0.5998409973192028,0.0037262649556317634,0.0027496359234203027,0.004695847263897415,0.023640114528707783,0.021295752126678242,0.026344447543063663,0.4997651612529755,0.49507310445811753,0.5043486480937301,0.10470017027854919,0.10063755249679088,0.10864784452915192,0.4129737669159376,0.39514813032880713,0.4312936027669542,-0.031884038456218435,-0.05328358936105823,-0.011282241868480813,0.22008751419269526,0.21071642032625448,0.22939675934162643,0.548,0.488,0.6120999999999999,0.0,0.0,0.0,0.0,0.0,0.0,0.26248916240798753,0.2408502169574623,0.28607242362035573,0.9227940343660895,0.8741365174623473,0.9752606437125132,0.6356073519348221,0.6005641870467695,0.6681636402175609,0.576,0.52,0.64,0.09118432148208425,0.07889655029623457,0.10432441823422448,-0.00518582785841859,-0.012033755442371164,0.0010456151990880617,0.0015357752181589604,-0.0007107644405215978,0.004812562603410333,0.004,-0.012099999999999994,0.024,-4.516909198390095e-05,-0.0023102128851142764,0.002385142717371897,True
mediation_aware_recourse,False,10.0,0.5,0.5,250,0.5687568416036666,0.5341339183230884,0.60128506432157,0.003466146652878953,0.0026855892801595977,0.004296354104437032,0.02346019012002136,0.021087049993484062,0.02610592201960863,0.49963965452337267,0.4949061412795842,0.504348465798372,0.10470017027854919,0.10063755249679088,0.10864784452915192,0.4129737669159376,0.39514813032880713,0.4312936027669542,-0.03395730056376766,-0.055846284125244824,-0.013349101082073144,0.21910422018961123,0.20970669382849857,0.22898343372522398,0.552,0.492,0.616,0.0,0.0,0.0,0.0,0.0,0.0,0.26336666220234545,0.24133896509360328,0.28694948126713443,0.9177737103803018,0.8692243596062335,0.9671009686159925,0.6377321837392997,0.6028207904796483,0.6698084343998959,0.58,0.524,0.6400999999999999,0.09178220263867991,0.07961412902543383,0.10490642449763589,-0.010206151844206368,-0.024119693278416378,-0.0006496380542436902,0.004263013947755099,-0.00013091513868421312,0.011242117897700514,0.008,-0.012,0.028,0.0008323307023740017,-0.0016018280057801578,0.0038464293075986715,False
mediation_aware_recourse,False,10.0,1.0,0.5,250,0.5689664961732924,0.5343755787569098,0.6015677446829155,0.003439782327294954,0.0026475532726072683,0.004271303962735034,0.02340986012398173,0.02103344922090424,0.026070210042413642,0.49984358511114124,0.4950789096434474,0.5046706365390062,0.10470017027854919,0.10063755249679088,0.10864784452915192,0.4129737669159376,0.39514813032880713,0.4312936027669542,-0.034567855066365186,-0.05607241320912085,-0.014054000895262965,0.21893956031568182,0.20946980285802397,0.22884007402636297,0.56,0.5039,0.624,0.0,0.0,0.0,0.0,0.0,0.0,0.26344278472234145,0.24178965413469727,0.2869382841465635,0.9162952762725929,0.8678742252489506,0.9668252670903454,0.6379165114765419,0.6027994745515709,0.6699853676878469,0.584,0.528,0.648,0.09204941862998064,0.07998995657252274,0.10494113442438716,-0.011684585951915238,-0.02505164523352269,-0.0024810644073550198,0.004472668517380953,4.029530854895713e-05,0.011613361272681503,0.016,0.0,0.036,0.0009084532223700121,-0.00153086325446336,0.0039238559852229765,False
mediation_aware_recourse,False,10.0,2.0,0.5,250,0.5692486156858504,0.5346561814858578,0.6017435752348974,0.003465071986902917,0.002675101418526528,0.004305078007101466,0.02308540984959329,0.020775482370647677,0.02579321377941663,0.49968351542019845,0.49497115257390734,0.5043223793430329,0.10470017027854919,0.10063755249679088,0.10864784452915192,0.4129737669159376,0.39514813032880713,0.4312936027669542,-0.03771063700015867,-0.05935964016731323,-0.016471743114877438,0.21711590501151762,0.20779930276296107,0.22682168933133962,0.552,0.496,0.616,0.0,0.0,0.0,0.0,0.0,0.0,0.26412331389765364,0.24215874904714513,0.2881866778123579,0.9086851514037335,0.8618362755938652,0.958700628981187,0.6395643865471412,0.6053461782554763,0.6715233455708373,0.588,0.532,0.652,0.0932805450092213,0.08152294749309445,0.10609008956790959,-0.019294710820774608,-0.034826421530883674,-0.006583114209177671,0.004754788029938936,0.0002130571679212153,0.011875911942217494,0.008,-0.012,0.032,0.001588982397682227,-0.002248260231101427,0.005719726362246278,False
mediation_aware_recourse,False,10.0,5.0,0.5,250,0.5708764421381056,0.5368676602059044,0.6046240885649807,0.003745565960600524,0.0028904034379586907,0.004634659331195577,0.021932588874010252,0.019852256797477624,0.02439036694988056,0.4998804365072251,0.49514366475910543,0.504386819895351,0.10470017027854919,0.10063755249679088,0.10864784452915192,0.4129737669159376,0.39514813032880713,0.4312936027669542,-0.044444539529706235,-0.06590723298086591,-0.023090250137276988,0.21681566398531554,0.2078318830247254,0.22665145206899262,0.536,0.476,0.6,0.0,0.0,0.0,0.0,0.0,0.0,0.261105151988917,0.23891993375259435,0.2851086945354628,0.8923792669408149,0.8431671149188495,0.9423053250538481,0.632256024247821,0.5976309971368425,0.664122810445214,0.608,0.552,0.668,0.0981565772283634,0.08604395866383917,0.11085107611319862,-0.03560059528369319,-0.05961215841441143,-0.017669293828923537,0.006382614482194186,-1.1987712699919885e-05,0.014988959898520256,-0.008,-0.036,0.02,-0.0014291795110544338,-0.0060695258585656804,0.0032728217327982175,False
transport_anchor_only,False,30.0,0.0,0.5,250,0.5965328054763377,0.5600738614293748,0.6288401117851026,0.0019097588036421885,0.0014274350620133978,0.002461499262628671,0.023729011501245224,0.021490516484605815,0.026236527250544723,0.5000754575605392,0.4951232660217405,0.5047309645353675,0.10470017027854919,0.10063755249679088,0.10864784452915192,0.4129737669159376,0.39514813032880713,0.4312936027669542,-0.03133992203723006,-0.05247078017889271,-0.009870446855224745,0.22513648510246176,0.21643450116230306,0.2339179042507757,0.672,0.612,0.732,0.0,0.0,0.0,0.0,0.0,0.0,0.26196167443258717,0.24032476675385717,0.2847861179737254,0.9241115912246082,0.8759938588110684,0.9716241697349536,0.6343300602091526,0.6017985296185564,0.6664847513794645,0.56,0.5,0.628,0.09117600726029022,0.0789991481496023,0.10431019463568099,-0.006946805953791713,-0.016841149862318747,0.0011053327617797258,0.0007107937335968017,-0.002371932405233383,0.004929734605550766,0.0,-0.012,0.012,-0.0014491202047696302,-0.0033498040316404932,0.0003929315771296337,False
mediation_aware_recourse,False,30.0,0.29109799228495314,0.5,250,0.596610165629536,0.5600777294370346,0.6289174719383008,0.0019032965603410176,0.0014204038626526158,0.0024551376063621745,0.02370263829243842,0.02146626902754029,0.026195967303379853,0.5003227814848422,0.495306247710979,0.5049782884596705,0.10470017027854919,0.10063755249679088,0.10864784452915192,0.4129737669159376,0.39514813032880713,0.4312936027669542,-0.031186500984892413,-0.052321194652863494,-0.009808372937069132,0.22526035513749185,0.21655748449570084,0.2341479511073016,0.672,0.612,0.732,0.0,0.0,0.0,0.0,0.0,0.0,0.26211509548492484,0.2404450378439401,0.28491335948783136,0.9244830943674915,0.8765360588554817,0.971722316717203,0.6347015633520359,0.6021885405298608,0.6664937070598762,0.56,0.5,0.628,0.09102258620795257,0.07867659815474343,0.10419054536874868,-0.0065753028109083456,-0.016603662161947225,0.0014489172692627255,0.000788153886795044,-0.0023121011435985567,0.004930093288421631,0.0,-0.012,0.012,-0.0012956991524319828,-0.0031458377621271997,0.0005022792528379772,True
mediation_aware_recourse,False,30.0,0.5,0.5,250,0.5949022317267955,0.5595310603248886,0.6276318709288724,0.001959320290816872,0.001456927803205972,0.00249344560442977,0.02367126214635423,0.021422725408126835,0.026192542551644545,0.5004071418392657,0.4953083567198396,0.505077102143079,0.10470017027854919,0.10063755249679088,0.10864784452915192,0.4129737669159376,0.39514813032880713,0.4312936027669542,-0.031942082314352735,-0.05307677598232381,-0.01044057512327785,0.22469225883335925,0.2158992707615693,0.23326044799948983,0.668,0.6119,0.728,0.0,0.0,0.0,0.0,0.0,0.0,0.26249818361872856,0.24086183532099417,0.2854422894121906,0.9226534834091419,0.8744703989173639,0.9713907958551596,0.6356291964476308,0.6030368979176385,0.6676159414579637,0.564,0.504,0.6280999999999999,0.09120883280578088,0.0789601102283053,0.10430950714733023,-0.008404913769258004,-0.01796329556680607,-0.0013568682501941115,-0.0009197800159454346,-0.002565999507904053,7.357597351074218e-07,-0.004,-0.012,0.0,-0.000912611018628263,-0.0025789082480813827,0.0007606380180466425,False
mediation_aware_recourse,False,30.0,1.0,0.5,250,0.5965840404964984,0.5621896658893675,0.6291118859471753,0.001908468901193602,0.001427409039510082,0.0024413318965777146,0.023488175665712974,0.021279779209606543,0.026009254812483226,0.5003650341081619,0.4952756865563512,0.5050381479413628,0.10470017027854919,0.10063755249679088,0.10864784452915192,0.4129737669159376,0.39514813032880713,0.4312936027669542,-0.033036096436764334,-0.053880483557729446,-0.011664186216698357,0.22387843021469964,0.21553589379520854,0.2327857128415126,0.672,0.612,0.732,0.0,0.0,0.0,0.0,0.0,0.0,0.2635921977411402,0.24244004613871278,0.28644498340140906,0.9200043705355043,0.8718108967445939,0.9681278121241189,0.6382783093212684,0.6058280598370122,0.6687993343796242,0.564,0.504,0.6280999999999999,0.09120883280578088,0.0789601102283053,0.10430950714733023,-0.011054026642895565,-0.02202137612488111,-0.002531030176576887,0.0007620287537574768,-0.002177846908569336,0.00485171788930893,0.0,-0.012,0.012,0.00018140310378334011,-0.002172122440483827,0.0032821903411036956,False
mediation_aware_recourse,False,30.0,2.0,0.5,250,0.5978740993477404,0.5630969604786485,0.6299620100909843,0.0018851326616621691,0.0014045851843203113,0.002412750829618032,0.023119584793968025,0.02095018551487872,0.025709018459834206,0.5002766995854377,0.49536196714518077,0.5049724058157504,0.10470017027854919,0.10063755249679088,0.10864784452915192,0.4129737669159376,0.39514813032880713,0.4312936027669542,-0.036548379773517034,-0.05745515235167616,-0.015585426265312861,0.22191250180724797,0.21334587263629,0.2311878815956432,0.672,0.612,0.732,0.0,0.0,0.0,0.0,0.0,0.0,0.26518708936860225,0.24412147232958392,0.28851035141351844,0.9114995123141645,0.8642801767028541,0.9575307810179116,0.6421402776960943,0.6097283560534063,0.673609406001593,0.572,0.508,0.636,0.09216752866042617,0.08041838922198984,0.10516987160251892,-0.019558884864235404,-0.03314738655006057,-0.007631365613296582,0.0020520876049995424,-0.0012245286703109742,0.006344701118767261,0.0,-0.012,0.012,0.0017762947312454102,-0.0012379898678820634,0.0055975974404453436,False
mediation_aware_recourse,False,30.0,5.0,0.5,250,0.6006542711295187,0.5656278217861429,0.6334604493516497,0.0019155744010801899,0.0014326027687864994,0.0024426199880640534,0.022065895719446324,0.019911600424745157,0.02464459912479473,0.5006499952697754,0.4957076117225528,0.5052331273224354,0.10470017027854919,0.10063755249679088,0.10864784452915192,0.4129737669159376,0.39514813032880713,0.4312936027669542,-0.04235954031986261,-0.06291205532704876,-0.021282088065161985,0.22199103502764342,0.2134206914575776,0.23120279113328646,0.66,0.6,0.72,0.0,0.0,0.0,0.0,0.0,0.0,0.26308619258278704,0.24109173911869808,0.2864284177101271,0.8974280118657391,0.848211144300211,0.9465500583527118,0.6370530374059795,0.604566813231819,0.668871996705437,0.584,0.5239,0.648,0.09612355732650656,0.08414798349333731,0.10931395883683855,-0.03363038531266083,-0.056764174721537115,-0.016286652299582385,0.004832259386777878,0.0004457409113645554,0.009867180410027501,-0.012,-0.032,0.008,-0.0003246020545697814,-0.0042520700640576465,0.0036607765054217406,False
transport_anchor_only,False,0.0,0.0,1.0,250,4.998937220079824e-06,7.849461981095373e-07,1.1004686947126175e-05,0.41175586899976063,0.38055958861063127,0.4440488510008958,0.03357890680863316,0.03094924344195059,0.03615230396515142,0.5216170359983444,0.5142462268920005,0.5291694404348254,0.10470017027854919,0.10063755249679088,0.10864784452915192,0.4129737669159376,0.39514813032880713,0.4312936027669542,0.4129807091436345,0.39623168098892847,0.43031251472708876,0.4511328178912779,0.4384561022735657,0.464284424497156,0.056,0.032,0.084,0.0,0.0,0.0,0.0,0.0,0.0,-6.942227696944858e-06,-2.3668381932533178e-05,2.8416988416986033e-06,-1.6810335796257903e-05,-5.893390941100751e-05,4.8225867979895256e-06,-1.6810335796257903e-05,-5.7794311059633505e-05,6.803789434148277e-06,0.0,0.0,0.0,0.0,0.0,0.0,-1.6810335796257903e-05,-7.099047196371667e-05,6.829314735887215e-06,4.998937220079824e-06,7.849461981095373e-07,1.1004686947126175e-05,0.0,0.0,0.0,-6.942227696944858e-06,-2.966337668224517e-05,2.8416988416986033e-06,False
mediation_aware_recourse,False,0.0,0.29109799228495314,1.0,250,1.247702885302715e-05,2.5440380508371166e-06,2.6470391054317585e-05,0.4117780890763655,0.3805555189976512,0.4440488510008958,0.03355649958695256,0.03093837272032701,0.03612713894549097,0.521612420882225,0.5142390131567062,0.5291674834888697,0.10470017027854919,0.10063755249679088,0.10864784452915192,0.4129737669159376,0.39514813032880713,0.4312936027669542,0.4129806155710966,0.3962316400740216,0.43031789134637033,0.4511330466168224,0.4384563309991102,0.4642894232045578,0.056,0.032,0.084,0.0,0.0,0.0,0.0,0.0,0.0,-6.8486551590700715e-06,-2.933044361145032e-05,1.340573432804959e-05,-1.6583753515764244e-05,-7.433511156839656e-05,3.255371617899571e-05,-1.6583753515764244e-05,-6.894558775547566e-05,3.390213557664388e-05,0.0,0.0,0.0,0.0,0.0,0.0,-1.6583753515764244e-05,-7.621247109220741e-05,3.5468612813263615e-05,1.247702885302715e-05,2.5440380508371166e-06,2.6470391054317585e-05,0.0,0.0,0.0,-6.8486551590700715e-06,-3.1570327360062985e-05,1.5137254322978114e-05,True
mediation_aware_recourse,False,0.0,0.5,1.0,250,2.1098770288517697e-05,3.729566077527125e-06,4.749823413440026e-05,0.4118005244299071,0.38058487265008134,0.4440497737171516,0.033542347125806005,0.03091282093428358,0.03610553097527872,0.5216104844942092,0.5142369707004487,0.529163707532239,0.10470017027854919,0.10063755249679088,0.10864784452915192,0.4129737669159376,0.39514813032880713,0.4312936027669542,0.4129847570172942,0.3962326252153208,0.430329621480541,0.45113711517401794,0.43847013556766734,0.46429901128853235,0.056,0.032,0.084,0.0,0.0,0.0,0.0,0.0,0.0,-1.0990101356621817e-05,-4.166120966623077e-05,1.340573432804959e-05,-2.6612105264334218e-05,-9.986929710434356e-05,3.107741169638412e-05,-2.6612105264334218e-05,-0.00010259818640810936,3.3184896745200306e-05,0.0,0.0,0.0,0.0,0.0,0.0,-2.6612105264334218e-05,-9.997062802477585e-05,3.043685526335215e-05,2.1098770288517697e-05,3.729566077527125e-06,4.749823413440026e-05,0.0,0.0,0.0,-1.0990101356621817e-05,-4.166354897967764e-05,1.2552073918691508e-05,False
mediation_aware_recourse,False,0.0,1.0,1.0,250,9.409993709414266e-05,1.2393007832724835e-05,0.00021973790239935624,0.411600511789627,0.3805554077224599,0.4438861204187507,0.03346744824722758,0.030821624115269168,0.03602068966294899,0.5215949536814689,0.5142332972318828,0.5291476922064542,0.10470017027854919,0.10063755249679088,0.10864784452915192,0.4129737669159376,0.39514813032880713,0.4312936027669542,0.4128473012578649,0.3960170985446166,0.4301544488927688,0.45102787175868864,0.43836269976713854,0.4641902433634714,0.056,0.032,0.084,0.0,0.0,0.0,0.0,0.0,0.0,0.00012646565807267706,-1.8841985574761256e-05,0.00038319996039926893,0.0003062316984857594,-5.504988916383846e-05,0.0009533101065358567,0.0003062316984857594,-6.410629452633931e-05,0.0008650409464598016,0.0,0.0,0.0,0.0,0.0,0.0,0.0003062316984857594,-5.709481245345094e-05,0.0009315463536265775,9.409993709414266e-05,1.2393007832724835e-05,0.00021973790239935624,0.0,0.0,0.0,0.00012646565807267706,-2.355367578342096e-05,0.0003944022965984918,False
mediation_aware_recourse,False,0.0,2.0,1.0,250,0.00017564774127095005,3.6524231603834775e-05,0.00035457404610933735,0.41135045626515354,0.38028892263955877,0.44364231628238904,0.03342206279831659,0.030785120772533127,0.03600402601717015,0.5215884362175465,0.5142249289978802,0.5291408885357797,0.10470017027854919,0.10063755249679088,0.10864784452915192,0.4129737669159376,0.39514813032880713,0.4312936027669542,0.4126970516992588,0.39599819421859306,0.43000625700699663,0.4509492337007615,0.4383148274516265,0.46417984467453927,0.06,0.036,0.092,0.0,0.0,0.0,0.0,0.0,0.0,0.00027671521667878453,2.800386203734868e-06,0.0006625227743643638,0.0006700551919927022,-1.0615493469257028e-06,0.0016308907228438474,0.0006700551919927022,3.0683185958947037e-07,0.0016546184253682888,0.0,0.0,0.0,0.0,0.0,0.0,0.0006700551919927022,2.2046232253769584e-06,0.001632873042167146,0.00017564774127095005,3.6524231603834775e-05,0.00035457404610933735,0.004,0.0,0.016,0.00027671521667878453,9.418147190917946e-07,0.000670828435849981,False
mediation_aware_recourse,False,0.0,5.0,1.0,250,0.004600315330899321,0.002493551827655756,0.006892182742927981,0.4074216204825434,0.3762842727294789,0.43990309064553157,0.03213320720013036,0.029644738787025695,0.034751366612636884,0.5214910646631717,0.514119022111684,0.5290075660827279,0.10470017027854919,0.10063755249679088,0.10864784452915192,0.4129737669159376,0.39514813032880713,0.4312936027669542,0.40817169455553687,0.3903228649274487,0.425895602285364,0.44837212777817875,0.43519648344969564,0.46161571812562835,0.084,0.052,0.12,0.0,0.0,0.0,0.0,0.0,0.0,0.004802072360400705,0.002612776245791984,0.007410165399337303,0.011628032444439107,0.006017063849490198,0.018806100303542933,0.011628032444439107,0.006073142188869593,0.017994815596097245,0.0,0.0,0.0,0.0,0.0,0.0,0.011628032444439107,0.0058533731939461875,0.01791746901509064,0.004600315330899321,0.002493551827655756,0.006892182742927981,0.028,0.012,0.052,0.004802072360400705,0.0024295026105475076,0.00736420031145131,False
transport_anchor_only,False,1.0,0.0,1.0,250,0.1294907711404958,0.09650470214652741,0.16092059742285927,0.2672967660876147,0.23689216511481068,0.2976052874846523,0.033326214391274436,0.030631615588029765,0.03593417804361999,0.5067882571392059,0.5020235252174794,0.5118110324997365,0.10470017027854919,0.10063755249679088,0.10864784452915192,0.4129737669159376,0.39514813032880713,0.4312936027669542,0.2966545287023356,0.26954918858460064,0.32265112855771394,0.37341550805719365,0.3569632051559938,0.39026550022399653,0.096,0.06,0.136,0.0,0.0,0.0,0.0,0.0,0.0,0.09101863758202236,0.07049592803788826,0.11262623614341752,0.281662535328253,0.2196026331057543,0.34525053231761277,0.2203981096953057,0.1737844798294261,0.27185679417280617,0.124,0.084,0.16809999999999992,0.012650300315789799,0.0074863402988984045,0.018341135286808304,0.07415597914036054,0.028275798599191392,0.12046269433747003,0.028596704270283227,0.007703337205968273,0.0504499417865125,0.02,0.004,0.04,0.01677405202466232,0.002972902217459387,0.03205110266769342,False
mediation_aware_recourse,False,1.0,0.29109799228495314,1.0,250,0.13293482008163118,0.09927907419281401,0.16367976271554216,0.2643931788704902,0.2338952536944079,0.2940630884225827,0.03316373820979808,0.03050557999212124,0.03577649872859799,0.50627324036932,0.5015638120378018,0.5112432907281219,0.10470017027854919,0.10063755249679088,0.10864784452915192,0.4129737669159376,0.39514813032880713,0.4312936027669542,0.2934509211047515,0.266504804165336,0.31815150415206706,0.37135475848294647,0.35496162511494456,0.387571220270106,0.1,0.064,0.14,0.0,0.0,0.0,0.0,0.0,0.0,0.09327915265684322,0.07254357642436897,0.11555751854533633,0.2894199471888379,0.22509104773841634,0.3543014493510923,0.22587185949714472,0.17965094545066432,0.2755671041971488,0.128,0.088,0.172,0.01312184657717142,0.00760097206547839,0.019073403585722657,0.08191339100094541,0.03452781413025498,0.1307786547087387,0.03204075321141863,0.010618534934961645,0.053897136862290786,0.024,0.008,0.044,0.019034567099483174,0.003868014146767184,0.034795331989276125,True
mediation_aware_recourse,False,1.0,0.5,1.0,250,0.1358802304524579,0.102334958071867,0.16688030317037192,0.2618172091730167,0.2320434231151462,0.29188216141888074,0.03299068160809125,0.030355607866944155,0.03561610889519688,0.5059725758135319,0.5013562850527703,0.5108879403060139,0.10470017027854919,0.10063755249679088,0.10864784452915192,0.4129737669159376,0.39514813032880713,0.4312936027669542,0.29033947383507586,0.2630337923335278,0.3148416492008374,0.3693561781179927,0.3531172657025596,0.3851487491558722,0.104,0.068,0.144,0.0,0.0,0.0,0.0,0.0,0.0,0.09529084264175854,0.07421021986185722,0.11776574631783214,0.29695419638077025,0.23173502353793626,0.36248760699516347,0.23074308896999596,0.18262442768348597,0.28331985829173784,0.132,0.092,0.18,0.013671725219551569,0.00800917583712758,0.019802194847190153,0.08944764019287776,0.04115730970247983,0.1424124489420651,0.03498616358224536,0.013294784903118853,0.05849639119040365,0.028,0.008,0.052,0.021046257084398477,0.005766856656073466,0.038115136800685984,False
mediation_aware_recourse,False,1.0,1.0,1.0,250,0.1509825596177252,0.11517098854642682,0.18346302598860492,0.2485068888612325,0.21937618081088492,0.27708820776096155,0.03223464084886923,0.02957016253201118,0.03482944589224807,0.5048056791207791,0.5002316292946101,0.50977229650141,0.10470017027854919,0.10063755249679088,0.10864784452915192,0.4129737669159376,0.39514813032880713,0.4312936027669542,0.2752267302476163,0.24971803075609636,0.3018745740780202,0.3599717426229748,0.34334871423589114,0.37536252105588824,0.12,0.084,0.164,0.0,0.0,0.0,0.0,0.0,0.0,0.10467309672827613,0.08290519491873567,0.1283729359724674,0.3335491203158196,0.2675438855389812,0.4070700705058376,0.2534618542721694,0.20213216435302583,0.3035418270344232,0.16,0.116,0.212,0.016536969970022575,0.010730592839898653,0.023283847872235527,0.12604256412792714,0.07041594175061529,0.1807167631100287,0.05008849274751265,0.026268249066988936,0.0745340157688217,0.044,0.02,0.072,0.030428511170916068,0.014900404574190793,0.047657312637114514,False
mediation_aware_recourse,False,1.0,2.0,1.0,250,0.16400385318056215,0.12915725821492963,0.19750043882933968,0.2376872380199025,0.20752863145099132,0.2661256127259836,0.03106178302586511,0.02846883684309074,0.03361386561673361,0.5044863474247455,0.49987812856909036,0.509463384103769,0.10470017027854919,0.10063755249679088,0.10864784452915192,0.4129737669159376,0.39514813032880713,0.4312936027669542,0.2605738140033248,0.23337608875393642,0.2873289303653958,0.35284190032300566,0.33601057321600414,0.3701318493873813,0.144,0.1,0.188,0.0,0.0,0.0,0.0,0.0,0.0,0.11188734933830943,0.08835189814348006,0.1352238049401499,0.3690305901285842,0.2979894566810254,0.4442124076817139,0.27093088787183073,0.22128547875096918,0.32162029543499965,0.18,0.132,0.232,0.02025630178715167,0.013849942472296713,0.027386469251461962,0.1615240339406917,0.09779579775481098,0.2239068492136091,0.0631097863103496,0.03534040567010088,0.09125145826109655,0.068,0.04,0.1,0.03764276378094938,0.01999078276442109,0.05520274748560386,False
mediation_aware_recourse,False,1.0,5.0,1.0,250,0.18921598883450497,0.15104962235780986,0.22512425788189286,0.22030650685587216,0.19067123254167834,0.24889805917615637,0.028797192859777755,0.026270928712905997,0.031327380964963666,0.5043514102909565,0.49954486551021926,0.5092803920546531,0.10470017027854919,0.10063755249679088,0.10864784452915192,0.4129737669159376,0.39514813032880713,0.4312936027669542,0.2373306800840217,0.20904724393918062,0.26518079525589894,0.3414798747040312,0.32428296860225825,0.3568113616082186,0.164,0.1199,0.212,0.0,0.0,0.0,0.0,0.0,0.0,0.12445963775916721,0.10127766869693738,0.14939247915862874,0.42531293971432516,0.34937281564897577,0.5029516754586485,0.30137419790274833,0.25255160937265037,0.3522744783299853,0.216,0.168,0.272,0.025591724536374334,0.018292787862586302,0.032899973396551006,0.21780638352643267,0.15137383757667966,0.2807627517665603,0.08832192196429242,0.05849004958667938,0.11828469393128034,0.088,0.052,0.128,0.05021505220180714,0.03189487457996421,0.0695503558430605,False
transport_anchor_only,False,3.0,0.0,1.0,250,0.485765599492006,0.4473371246800991,0.52381932554401,0.02155654452094577,0.016209418299045035,0.028069318911548874,0.02651931072542471,0.02376794219613769,0.02946513045817482,0.4990241548082828,0.4942233399082303,0.5035271471178114,0.10470017027854919,0.10063755249679088,0.10864784452915192,0.4129737669159376,0.39514813032880713,0.4312936027669542,0.008988218904760226,-0.014548776606820276,0.03247902538213624,0.23181770799008675,0.22024628150716247,0.2431999438804222,0.38,0.3199,0.444,0.0,0.0,0.0,0.0,0.0,0.0,0.24685410580392791,0.22370209128621002,0.2721820202077322,0.9782353756465364,0.9191195676275123,0.9987558747232576,0.597747667236636,0.557563003984991,0.633831345382346,0.52,0.46,0.58,0.07856572110362472,0.06725075707387462,0.0919935255370761,0.009570770192796951,-0.014838474292255346,0.021891058064524047,-0.0018703178623691202,-0.007454460877180099,0.0013262071065837516,-0.004,-0.02,0.012,-0.0028561537840384537,-0.007029343214639746,0.0009576958951045532,False
mediation_aware_recourse,False,3.0,0.29109799228495314,1.0,250,0.4862649595467374,0.4477294893259183,0.5245300893318606,0.02130617226787347,0.015951659388802924,0.027816544143339225,0.026086383223497406,0.023401589180121134,0.028968102132794025,0.49936160246443745,0.4945992672856689,0.5039414003724634,0.10470017027854919,0.10063755249679088,0.10864784452915192,0.4129737669159376,0.39514813032880713,0.4312936027669542,0.007069820364775129,-0.01642604011471831,0.030401957176607593,0.23289628102749738,0.22121727367205446,0.2442539762001633,0.392,0.328,0.456,0.0,0.0,0.0,0.0,0.0,0.0,0.245949559629796,0.22252352682806517,0.2704551184268118,0.9828807034946261,0.9241087906239328,0.9986460466557044,0.5955573436698705,0.554365118570656,0.6328444615096813,0.52,0.46,0.58,0.07997719346068323,0.0684687649124685,0.09375461550800242,0.014216098040886638,-0.0193131337543309,0.0259646342409851,-0.001370957807637751,-0.00709854885020759,0.002153834998956881,0.008,-0.008,0.024,-0.0037606999581703718,-0.007286778972976949,-0.0004823790424771094,True
mediation_aware_recourse,False,3.0,0.5,1.0,250,0.4862627672879025,0.4477252144211903,0.5245258144271326,0.02131970960456027,0.01595267468905443,0.02784615866626551,0.026028779910157198,0.023341664431304653,0.0289350269054784,0.49934016644072526,0.49457836716254955,0.5039199643487513,0.10470017027854919,0.10063755249679088,0.10864784452915192,0.4129737669159376,0.39514813032880713,0.4312936027669542,0.0060750401595265555,-0.017755352685737472,0.02958936913220215,0.23280501521416153,0.22103474204538276,0.24414599767734327,0.388,0.324,0.44809999999999994,0.0,0.0,0.0,0.0,0.0,0.0,0.24540426900817278,0.2222657790825444,0.2699127532884964,0.9852895252768848,0.9254253493032094,0.9988192570992964,0.5942369435250976,0.5538810680573892,0.6310942910199439,0.524,0.464,0.5840999999999998,0.08074722887411913,0.06929711856669618,0.09423015332334903,0.0166249198231454,-0.021816441652198093,0.028168893031295997,-0.0013731500664725899,-0.007098603656678461,0.0021516975465929135,0.004,-0.012099999999999994,0.02,-0.004305990579793598,-0.007795263181630312,-0.000860000283135195,False
mediation_aware_recourse,False,3.0,1.0,1.0,250,0.4906683970009908,0.45147419645045883,0.5277204696633853,0.020148152025074445,0.01499195771687393,0.026306622526992826,0.025153123480651095,0.022593671349118924,0.027852167344246104,0.4991783256921768,0.4943537015837729,0.5034088372202933,0.10470017027854919,0.10063755249679088,0.10864784452915192,0.4129737669159376,0.39514813032880713,0.4312936027669542,0.00011448802470364684,-0.02269401534593275,0.023072571301748848,0.2308171713635091,0.21909212093221384,0.24149422520953623,0.4,0.336,0.464,0.0,0.0,0.0,0.0,0.0,0.0,0.24619530257216746,0.2238405042675049,0.2705016203647644,0.9997227716773425,0.9334929111517657,0.9990475474071896,0.5961524006978427,0.556432154558243,0.6334427205901373,0.536,0.48,0.596,0.08333198815953324,0.07169413073370662,0.0968505235260078,0.031058166223603023,-0.036305462346220375,0.04358904066142379,0.003032479646615684,0.0007407878485275433,0.00668738945503719,0.016,-0.008,0.044,-0.0035149570157988943,-0.007926076263435453,0.0009533669543778211,False
mediation_aware_recourse,False,3.0,2.0,1.0,250,0.4949675762662664,0.4570388156353496,0.5322822252487996,0.018955915986572435,0.01417606824161614,0.025192433173360326,0.02455879941190211,0.022084176270600688,0.027142015249724365,0.4994595191321373,0.49459508168291444,0.5038781393227995,0.10470017027854919,0.10063755249679088,0.10864784452915192,0.4129737669159376,0.39514813032880713,0.4312936027669542,-0.0027145116439013417,-0.02565981123192045,0.01947869014355807,0.22960685820352145,0.21790688363309302,0.24008008633838307,0.4,0.336,0.464,0.0,0.0,0.0,0.0,0.0,0.0,0.24671235937697997,0.2241990396747447,0.27127617174236013,0.9934269150697558,0.9335539572702968,0.9989883735860046,0.5974044337474813,0.5594145049582514,0.6331201315953474,0.548,0.492,0.608,0.08448795959142946,0.07297158241715994,0.09794542881382028,0.02476230961601633,-0.04513755703727684,0.05244722616699196,0.007331658911891282,0.0012425587210338563,0.015422451482061292,0.016,-0.012099999999999994,0.044,-0.0029979002109863807,-0.007982955735780319,0.001987189030176667,False
mediation_aware_recourse,False,3.0,5.0,1.0,250,0.5132536716214964,0.4748194006413716,0.5498446499069323,0.01577301853374811,0.01147328887885057,0.02099361529191178,0.02267972804103842,0.020434331887417223,0.025116056680104623,0.49719281877160076,0.4926363963457167,0.5014911914266228,0.10470017027854919,0.10063755249679088,0.10864784452915192,0.4129737669159376,0.39514813032880713,0.4312936027669542,-0.020893041291821943,-0.04264810834422655,0.001033901296617562,0.22436893482456818,0.21368643987820082,0.23474188515565725,0.424,0.3599,0.492,0.0,0.0,0.0,0.0,0.0,0.0,0.24935321709468128,0.22688098695807957,0.2748782105370644,0.9494083087944063,0.8961924813723392,0.9960963324862633,0.6037991685448585,0.5667181626523138,0.6406111514196497,0.592,0.532,0.656,0.09225679555653911,0.08015750181142361,0.10570414068144499,-0.01925629665933315,-0.08863338214875002,0.07198801843259378,0.0256177542671212,0.011480065673679927,0.04211532902126491,0.04,0.0,0.08,-0.0003570424932850653,-0.0068500024300189805,0.006713863745511114,False
transport_anchor_only,False,10.0,0.0,1.0,250,0.5617210655249655,0.5254423223637045,0.5954419147808104,0.004306302543168773,0.0031501898951704797,0.005567303221868222,0.02438697432734521,0.02196128268814778,0.027065159868863736,0.4978665466902256,0.493289037497443,0.502382209594959,0.10470017027854919,0.10063755249679088,0.10864784452915192,0.4129737669159376,0.39514813032880713,0.4312936027669542,-0.029856174612359947,-0.051738687976527295,-0.009215600665807544,0.2202729879581042,0.21094470284428002,0.22949696272802975,0.536,0.4799,0.596,0.0,0.0,0.0,0.0,0.0,0.0,0.26158438244134,0.23954742259245404,0.28610875181810946,0.9277044282126586,0.8796947069367038,0.9758499963271166,0.6334164622485248,0.5993192815060546,0.6673612780785193,0.576,0.52,0.64,0.09062277954347875,0.07877952261725513,0.10307576288111271,-0.0002754340118494847,-0.012404553296319594,0.013960981689403703,-0.002772762130945921,-0.011415608399827033,0.0035298387018032357,-0.008,-0.028,0.016,-0.0009499490586314143,-0.004016112337890379,0.002013463696245878,False
mediation_aware_recourse,False,10.0,0.29109799228495314,1.0,250,0.5667787492908537,0.5315044130710885,0.600172578672599,0.003771300754827504,0.0028110619927045662,0.004921031038317581,0.023775466092981857,0.021432558571536007,0.026359222115019565,0.49824152958130835,0.4936145404511571,0.5027995714154719,0.10470017027854919,0.10063755249679088,0.10864784452915192,0.4129737669159376,0.39514813032880713,0.4312936027669542,-0.03266354919877004,-0.054228543582865385,-0.011724880957838912,0.21918934997330697,0.2095690789433511,0.22857677523711623,0.548,0.488,0.608,0.0,0.0,0.0,0.0,0.0,0.0,0.2631259926598611,0.24121531080840447,0.2874472574677907,0.920906479259689,0.8724663230376025,0.9711118212380323,0.6371494117528813,0.6026392235786775,0.6695137685231918,0.58,0.524,0.644,0.09125566172742328,0.07956748616704354,0.10389467318045097,-0.007073382964819075,-0.024804754821794773,0.008234573941874103,0.0022849216349422933,-0.00606412460571155,0.010749414732400328,0.004,-0.02,0.02809999999999991,0.0005916611598896377,-0.0026612889654278626,0.003960063484711165,True
mediation_aware_recourse,False,10.0,0.5,1.0,250,0.569627562943846,0.5351053439431824,0.6022760663466528,0.0034745067820079346,0.0027023995439054197,0.004298246364617154,0.02345818761104522,0.021091449542132983,0.02615786119533282,0.4984996995205879,0.4937956640127063,0.5029910821948825,0.10470017027854919,0.10063755249679088,0.10864784452915192,0.4129737669159376,0.39514813032880713,0.4312936027669542,-0.03631055186782459,-0.058048727145066426,-0.015032544275469536,0.21815322090596062,0.20915435521150905,0.22735649755350404,0.552,0.492,0.616,0.0,0.0,0.0,0.0,0.0,0.0,0.2636136734867157,0.24155340435978992,0.287661830193094,0.912075403387025,0.8671679910146413,0.9613378830039297,0.6383303120083541,0.6039755854061714,0.6709737396227529,0.588,0.532,0.652,0.09283532264852323,0.08091723649792265,0.10571449575393592,-0.01590445883748315,-0.032465781410520804,-0.0020437918133253664,0.005133735287934542,0.0005395639056339861,0.01248827607734129,0.008,-0.012,0.032,0.001079341986744273,-0.0020856476970028785,0.004943853745534771,False
mediation_aware_recourse,False,10.0,1.0,1.0,250,0.569313497249037,0.534710082556773,0.6019478549241088,0.003480567296080664,0.0026953147130130903,0.004301173617248918,0.02337786476859351,0.021034161697022644,0.02607181694633398,0.4988108531043529,0.49401897978958487,0.5034630755486429,0.10470017027854919,0.10063755249679088,0.10864784452915192,0.4129737669159376,0.39514813032880713,0.4312936027669542,-0.0365976483445732,-0.05728201058845068,-0.015325628756851253,0.2175602897951573,0.20863075886348242,0.22659328679833585,0.552,0.4959,0.616,0.0,0.0,0.0,0.0,0.0,0.0,0.26414565065432966,0.24238108099482863,0.2882925122323886,0.9113802103753899,0.864589717875712,0.9606483894137285,0.639618474139297,0.6051794651159477,0.6723831727748983,0.592,0.536,0.6520999999999999,0.09271288230309056,0.0808484018507306,0.10548043771848986,-0.01659965184911827,-0.03304201199588791,-0.00373235839440641,0.004819669593125582,0.0003056344334036112,0.011924267157446593,0.008,-0.012,0.032,0.0016113191543582156,-0.001512356087765413,0.0054238043871787395,False
mediation_aware_recourse,False,10.0,2.0,1.0,250,0.5693804025091231,0.5347381973379292,0.6019129234837368,0.0035102750005762398,0.0027245548989982132,0.004331302454694253,0.023096323159315573,0.02073431115170064,0.025759457189792997,0.49884025710392,0.49413596423735023,0.5033707171230793,0.10470017027854919,0.10063755249679088,0.10864784452915192,0.4129737669159376,0.39514813032880713,0.4312936027669542,-0.03961096326968815,-0.06156102088364103,-0.01871751845042275,0.2169834895543426,0.20801791881781048,0.22653071902442018,0.548,0.488,0.612,0.0,0.0,0.0,0.0,0.0,0.0,0.2631925378396935,0.24162350754282833,0.2872360345350367,0.9040835848593959,0.858884491256797,0.9533024504549641,0.6373105483314327,0.6033133445381851,0.6695528461698415,0.596,0.536,0.656,0.09469609617296612,0.08294853064211677,0.10733060867977229,-0.02389627736511224,-0.04165571117917524,-0.00939059097271949,0.004886574853211641,0.00028996203914284706,0.011948727521579713,0.004,-0.02,0.028,0.0006582063397220444,-0.0036087941510637373,0.005279962663854228,False
mediation_aware_recourse,False,10.0,5.0,1.0,250,0.571026774469763,0.5367372425478883,0.6047556839601136,0.003777413361415575,0.002931169889013105,0.004673203195387777,0.02196235278342483,0.019866495024685467,0.024373984511155272,0.4990140963082313,0.49430200727298856,0.503637745864141,0.10470017027854919,0.10063755249679088,0.10864784452915192,0.4129737669159376,0.39514813032880713,0.4312936027669542,-0.047187719322597035,-0.06842412506149023,-0.025922999348380885,0.21678654039069778,0.20781648675840764,0.22644106365264227,0.532,0.472,0.596,0.0,0.0,0.0,0.0,0.0,0.0,0.25979658879113127,0.23799455808864015,0.28291794113461166,0.8857367631968684,0.8363586423288893,0.9359941450832492,0.6290873890883579,0.5947258966692245,0.6606669898528491,0.616,0.556,0.676,0.10018244872370166,0.08823266920487906,0.11309379771320577,-0.042243099027639675,-0.06567508366375965,-0.023665497388553735,0.006532946813851595,2.337043667212133e-05,0.015168659172486507,-0.012,-0.04,0.01609999999999991,-0.0027377427088401862,-0.007908159304350374,0.002571884092259408,False
transport_anchor_only,False,30.0,0.0,1.0,250,0.5973497979976237,0.5608653631370515,0.6298339788238518,0.001896793481625347,0.0014070482840268556,0.002435511709699483,0.02389933918840013,0.02166043036857455,0.026401782714202477,0.49946639961719513,0.4946713906664491,0.5040799259305239,0.10470017027854919,0.10063755249679088,0.10864784452915192,0.4129737669159376,0.39514813032880713,0.4312936027669542,-0.02934482233442823,-0.05051611115457758,-0.007682940244471544,0.22492508705943134,0.21645034205624544,0.2336294357468627,0.676,0.616,0.7320999999999999,0.0,0.0,0.0,0.0,0.0,0.0,0.26325968237103853,0.24182799349233913,0.2860832648924478,0.9289426479711447,0.8821760879172675,0.9783641363763769,0.6374731362164854,0.6052832689034233,0.6675737089584213,0.556,0.496,0.62,0.08952945343966362,0.077628509013304,0.10211180499949021,-0.002115749207255213,-0.014543055488619852,0.011012894470358383,0.0015277862548828125,-0.0016165345430374147,0.005623615920543671,0.004,-0.008,0.016,-0.0001511122663182831,-0.0035207097091133933,0.00368568559812624,False
mediation_aware_recourse,False,30.0,0.29109799228495314,1.0,250,0.5972925682403147,0.5607494728785007,0.6297209500531665,0.001896793481625347,0.0014070482840268556,0.002435511709699483,0.02380890452212775,0.02157672372993022,0.02633317194214435,0.4995468215680122,0.4947572825811624,0.5041693386924089,0.10470017027854919,0.10063755249679088,0.10864784452915192,0.4129737669159376,0.39514813032880713,0.4312936027669542,-0.029703405549536106,-0.051004742531761724,-0.007848994959883858,0.22517318575582146,0.2166974622416778,0.23385502860586646,0.676,0.616,0.7320999999999999,0.0,0.0,0.0,0.0,0.0,0.0,0.2629010991559307,0.2414657130802573,0.28586928554023605,0.9280743525881576,0.8815038370627535,0.9775535372583108,0.6366048408334983,0.6047706339641681,0.666736130345134,0.556,0.496,0.62,0.08988803665477149,0.07799651808642351,0.10282000684932828,-0.002984044590242263,-0.015232361882929016,0.010110855880593706,0.0014705564975738526,-0.001674567723274231,0.005565224921703339,0.004,-0.008,0.016,-0.0005096954814261634,-0.0037833616575364305,0.003253647455182114,True
mediation_aware_recourse,False,30.0,0.5,1.0,250,0.5969055285789072,0.5601640319201164,0.6292264831329696,0.0019098801358551842,0.0014275563942263937,0.0024616236281469915,0.02366413925688277,0.021467435163427855,0.026212308874495178,0.49960420041084286,0.4947009831945062,0.5043170174139977,0.10470017027854919,0.10063755249679088,0.10864784452915192,0.4129737669159376,0.39514813032880713,0.4312936027669542,-0.033767737318432425,-0.05538577088775008,-0.013058069718426846,0.2246753728931764,0.2158802018644802,0.23355420651999423,0.672,0.612,0.732,0.0,0.0,0.0,0.0,0.0,0.0,0.26174215424332603,0.2407284523896112,0.28472299051174965,0.9182327304453071,0.870532400146381,0.966094544702566,0.6337985005633655,0.6019241897084735,0.6653592371383067,0.564,0.504,0.628,0.09249967499552199,0.08070249602954771,0.10543654319860737,-0.012825666733092822,-0.025298085388334435,-0.0023658636543679285,0.0010835168361663819,-0.0019531407535076143,0.005421723109483716,0.0,-0.012,0.012,-0.0016686403940308246,-0.004062815109634923,0.0010999368920463026,False
mediation_aware_recourse,False,30.0,1.0,1.0,250,0.5986829596497119,0.5633804107099771,0.6307899427397177,0.001859028746231914,0.0013767020237720376,0.0024011806126549304,0.02345897252073737,0.021265753090779597,0.026000645882050533,0.49948366547918316,0.4945951644789279,0.5041516098956108,0.10470017027854919,0.10063755249679088,0.10864784452915192,0.4129737669159376,0.39514813032880713,0.4312936027669542,-0.035480502396748256,-0.055689961731325885,-0.014828109951309523,0.22413010260341035,0.21556342254443894,0.23307143683616166,0.676,0.616,0.736,0.0,0.0,0.0,0.0,0.0,0.0,0.26222172090014445,0.24083345956608193,0.28537400701344334,0.914085336069372,0.8663982434264259,0.960771493137135,0.6349597526700062,0.6025081797342057,0.6652909906888401,0.564,0.504,0.628,0.09311627420627068,0.08123981767924345,0.10605314240935607,-0.016973061109027854,-0.030949579337451984,-0.0049011875266834265,0.002860947906970978,-0.001199822986125946,0.008259328886866566,0.004,-0.008,0.016,-0.0011890737372123675,-0.004602789973545254,0.002714356287072557,False
mediation_aware_recourse,False,30.0,2.0,1.0,250,0.598137170407921,0.5631217500504107,0.6300589272433892,0.0018863231881406659,0.0014021172487787969,0.002420038614250197,0.023213319746044656,0.02103594193600298,0.025768560669727523,0.4995893088748455,0.4946183307232678,0.5041493024464488,0.10470017027854919,0.10063755249679088,0.10864784452915192,0.4129737669159376,0.39514813032880713,0.4312936027669542,-0.03807746849532974,-0.05904129710081399,-0.017485108022641745,0.22234462867577473,0.21378833442464276,0.2314815135713323,0.672,0.612,0.732,0.0,0.0,0.0,0.0,0.0,0.0,0.26365800064678957,0.24179286590466598,0.28697803712947345,0.9077968831296721,0.8610352652639138,0.9540598419364418,0.6384376485116019,0.6056247608356721,0.6688749160340157,0.572,0.508,0.636,0.09369661738223889,0.08169243062342452,0.10662025682045782,-0.023261514048727783,-0.03665648495513836,-0.01051744874457353,0.0023151586651802064,-0.0009435006797313691,0.006694654488563537,0.0,-0.012,0.012,0.00024720600943270665,-0.00348851274564609,0.004350892616396113,False
mediation_aware_recourse,False,30.0,5.0,1.0,250,0.6006837085522712,0.5657610116371885,0.6329229435180314,0.001938556106891756,0.0014541331583820068,0.002481357046383365,0.021991622319456765,0.019844942512812505,0.024545976850665042,0.5000485564653874,0.495145735757947,0.5047251216555237,0.10470017027854919,0.10063755249679088,0.10864784452915192,0.4129737669159376,0.39514813032880713,0.4312936027669542,-0.0457182217388586,-0.06602389123413124,-0.02518569805496807,0.22119776908088587,0.21267422827803897,0.2304171010902458,0.656,0.6,0.716,0.0,0.0,0.0,0.0,0.0,0.0,0.2626735387745898,0.2413373523035932,0.2862621949969067,0.8892950947458977,0.8414370294295692,0.9387311415843284,0.6360538121736388,0.6020998155808829,0.6677496131808375,0.596,0.532,0.66,0.09800922494010317,0.08579689038870236,0.11140960433522273,-0.04176330243250215,-0.0659475590790353,-0.023138139025098058,0.004861696809530258,0.00028047458529472356,0.010022696196287869,-0.016,-0.04,0.004,-0.0007372558627670174,-0.004885909452295014,0.0034358627884397037,False
transport_anchor_only,False,0.0,0.0,2.0,250,2.3869609536632198e-05,4.258589275832492e-06,5.4848368768580255e-05,0.411789022512898,0.3805751419023697,0.44407940734214674,0.03355933292028589,0.030943968553660342,0.03612990144549097,0.5216064707114697,0.5142268798163294,0.5291674834888697,0.10470017027854919,0.10063755249679088,0.10864784452915192,0.4129737669159376,0.39514813032880713,0.4312936027669542,0.41298749895602954,0.3962492854325964,0.43032480907505866,0.4511389388041374,0.43846713542356336,0.46429493870439703,0.056,0.032,0.084,0.0,0.0,0.0,0.0,0.0,0.0,-1.3732040091990249e-05,-3.965722611989549e-05,1.0593810855211939e-05,-3.3251603835493526e-05,-0.00010023988273673012,2.361723332321707e-05,-3.3251603835493526e-05,-9.361256296613885e-05,2.5170301565741164e-05,0.0,0.0,0.0,0.0,0.0,0.0,-3.3251603835493526e-05,-9.848438074587794e-05,2.658268263002472e-05,2.3869609536632198e-05,4.258589275832492e-06,5.4848368768580255e-05,0.0,0.0,0.0,-1.3732040091990249e-05,-4.0988614238625615e-05,1.0665038991283787e-05,False
mediation_aware_recourse,False,0.0,0.29109799228495314,2.0,250,3.379374436917715e-05,7.839977385447128e-06,6.94995269521314e-05,0.41181683264175545,0.3805884966075159,0.44405348942034406,0.03354365275040277,0.0309128535748985,0.036106803959260574,0.5216027209653855,0.514219505441004,0.5291601297693967,0.10470017027854919,0.10063755249679088,0.10864784452915192,0.4129737669159376,0.39514813032880713,0.4312936027669542,0.4129935639355168,0.396255747760584,0.43033051600167993,0.4511437937592911,0.43847685222743005,0.4642991592159194,0.056,0.032,0.084,0.0,0.0,0.0,0.0,0.0,0.0,-1.979701957917146e-05,-5.14599391156006e-05,7.699378203811285e-06,-4.7937717029933324e-05,-0.00013443072140993938,1.6826173160039402e-05,-4.7937717029933324e-05,-0.00013008778915890029,2.7158811754965363e-05,0.0,0.0,0.0,0.0,0.0,0.0,-4.7937717029933324e-05,-0.00012899892984921112,2.02167756365501e-05,3.379374436917715e-05,7.839977385447128e-06,6.94995269521314e-05,0.0,0.0,0.0,-1.979701957917146e-05,-5.336248192604831e-05,8.463418143592747e-06,True
mediation_aware_recourse,False,0.0,0.5,2.0,250,6.0928961931495e-05,1.1717156339000212e-05,0.00013230515171671866,0.41177547298386935,0.38055728851049564,0.44405245542889693,0.03351469356858195,0.030904812196307908,0.03607712079789421,0.5215948085322379,0.5142129585923015,0.5291443049031019,0.10470017027854919,0.10063755249679088,0.10864784452915192,0.4129737669159376,0.39514813032880713,0.4312936027669542,0.41295840451566324,0.3962205898370503,0.4302653544048422,0.45111215028142293,0.4384760611404834,0.4642675157380513,0.056,0.032,0.084,0.0,0.0,0.0,0.0,0.0,0.0,1.5362400274318454e-05,-4.223619307826627e-05,9.866171908370749e-05,3.719945794400381e-05,-0.00011552498751791208,0.0002496694051623726,3.719945794400381e-05,-0.00010640409494923064,0.00026642886795691097,0.0,0.0,0.0,0.0,0.0,0.0,3.719945794400381e-05,-0.00011160570905113242,0.00024248213054918193,6.0928961931495e-05,1.1717156339000212e-05,0.00013230515171671866,0.0,0.0,0.0,1.5362400274318454e-05,-4.6046004534592034e-05,0.00010124848870868951,False
mediation_aware_recourse,False,0.0,1.0,2.0,250,0.00012689328819396906,3.29907513470971e-05,0.0002585590481801773,0.4116152616108214,0.3805572495507293,0.44388831669105544,0.033457737434151306,0.03081990354247197,0.036020092578631924,0.5215822593464852,0.5142030969799817,0.5291389370971442,0.10470017027854919,0.10063755249679088,0.10864784452915192,0.4129737669159376,0.39514813032880713,0.4312936027669542,0.41284729169001005,0.3960104423982134,0.43014652692783034,0.451030169701113,0.43837283955009765,0.4641820160019351,0.06,0.036,0.092,0.0,0.0,0.0,0.0,0.0,0.0,0.0001264752259275046,-2.231632483153228e-05,0.00038317127367069165,0.00030625486667612556,-5.5599005012640924e-05,0.0009661225482616414,0.00030625486667612556,-7.282637300771167e-05,0.0008722884074760205,0.0,0.0,0.0,0.0,0.0,0.0,0.00030625486667612556,-7.526663604996986e-05,0.0009232639211784742,0.00012689328819396906,3.29907513470971e-05,0.0002585590481801773,0.004,0.0,0.016,0.0001264752259275046,-3.0818996421730406e-05,0.00037772838894660477,False
mediation_aware_recourse,False,0.0,2.0,2.0,250,0.00037498156269430183,0.00014047946003993276,0.0006812234021592303,0.4107003264701136,0.3798695512253325,0.4436442861365007,0.03335297234534025,0.030754559292328485,0.03593631497777094,0.5215511366739272,0.5141794879441857,0.5291011431687594,0.10470017027854919,0.10063755249679088,0.10864784452915192,0.4129737669159376,0.39514813032880713,0.4312936027669542,0.41233744157525065,0.39532515652723166,0.4296915336226085,0.4508159708998931,0.4381211100684522,0.4640698250219807,0.06,0.036,0.092,0.0,0.0,0.0,0.0,0.0,0.0,0.0006363253406869254,7.073795057384881e-05,0.0015706017481696873,0.0015408371951540767,0.00018480270427792544,0.0034861089429720354,0.0015408371951540767,0.00022614052578417978,0.0033322712303636565,0.0,0.0,0.0,0.0,0.0,0.0,0.0015408371951540767,0.00019324929209929564,0.0035111558819416687,0.00037498156269430183,0.00014047946003993276,0.0006812234021592303,0.004,0.0,0.016,0.0006363253406869254,8.061652999697966e-05,0.0014372728427448562,False
mediation_aware_recourse,False,0.0,5.0,2.0,250,0.004941432042396627,0.002799797930740169,0.0073788145863058156,0.4072829717744061,0.37614730119676715,0.43977795344409143,0.032074261847346505,0.029559757558614803,0.03469246283591769,0.5214656255617142,0.5140884384285808,0.5290065905665875,0.10470017027854919,0.10063755249679088,0.10864784452915192,0.4129737669159376,0.39514813032880713,0.4312936027669542,0.4080728975250763,0.39029042554000515,0.42580016970180384,0.4483008450750387,0.43505821568590647,0.4614773703432445,0.084,0.052,0.12,0.0,0.0,0.0,0.0,0.0,0.0,0.004900869390861295,0.0026731090879871452,0.007494315805844161,0.01186726563156959,0.006267787393223245,0.018885860766254602,0.01186726563156959,0.0063766576689000655,0.018233392626984302,0.0,0.0,0.0,0.0,0.0,0.0,0.01186726563156959,0.006079802107467511,0.018146442494356717,0.004941432042396627,0.002799797930740169,0.0073788145863058156,0.028,0.012,0.052,0.004900869390861295,0.0025493550093180395,0.007494093284736136,False
transport_anchor_only,False,1.0,0.0,2.0,250,0.17081173977587605,0.13388507349479042,0.20534148399835686,0.23817678738469403,0.21026554148076224,0.2649091349390925,0.03391850230924875,0.031298454494807136,0.036599417647974246,0.4983096419875623,0.4937232394286693,0.503265647805667,0.10470017027854919,0.10063755249679088,0.10864784452915192,0.4129737669159376,0.39514813032880713,0.4312936027669542,0.26279697570232124,0.2360824600302746,0.2883682212662538,0.3442229894728027,0.32671949722618027,0.3612909455249159,0.116,0.076,0.16,0.0,0.0,0.0,0.0,0.0,0.0,0.11786427077591904,0.0948825335029366,0.14039750278166652,0.36364729008122554,0.29868960899378716,0.4312761545996562,0.2854037719057124,0.2333429225276469,0.3363317914018054,0.176,0.128,0.228,0.016156260218848643,0.010492006446127553,0.022387479220954694,0.15614073389333305,0.09896063042820277,0.21633975316942824,0.06991767290566349,0.04374413148455351,0.09719942851824744,0.04,0.02,0.068,0.04361968521855897,0.02541791779868524,0.06343184379304537,False
mediation_aware_recourse,False,1.0,0.29109799228495314,2.0,250,0.16760441833321238,0.13114633946165996,0.2017981576328282,0.24032166031411573,0.21168280156264022,0.2678800657632716,0.033559476879086066,0.03092896277044775,0.036186560287912284,0.49885947642946243,0.49444881692860126,0.5038091834533632,0.10470017027854919,0.10063755249679088,0.10864784452915192,0.4129737669159376,0.39514813032880713,0.4312936027669542,0.26444883200511415,0.2371360681027891,0.2898069650272071,0.34601584249527145,0.3291695749935743,0.36312004695449873,0.116,0.076,0.16,0.0,0.0,0.0,0.0,0.0,0.0,0.11618266962337623,0.09209507985410764,0.13860003614662897,0.35964738394886053,0.29213036476013293,0.4289527826256154,0.28133183977040765,0.22889202398083328,0.33210125911264105,0.176,0.128,0.224,0.0161711326437236,0.010544888361013941,0.022227994522301703,0.15214082776096804,0.09599442159039824,0.21116418079781654,0.06671035146299982,0.040442834423316525,0.09425688455317868,0.04,0.02,0.068,0.041938084066016165,0.024032348165939355,0.062125241605764145,True
mediation_aware_recourse,False,1.0,0.5,2.0,250,0.17040693929378176,0.13399704182023414,0.2050740124217351,0.23734766870964,0.20830850554894947,0.26519940544666465,0.033118332172259894,0.030375180815802566,0.03572882582351142,0.49903388449883457,0.4945551759311676,0.5038642330146311,0.10470017027854919,0.10063755249679088,0.10864784452915192,0.4129737669159376,0.39514813032880713,0.4312936027669542,0.2596658872133495,0.23248939930045978,0.28608752875192905,0.34581057665060505,0.3291210550655062,0.36207644801932104,0.124,0.084,0.168,0.0,0.0,0.0,0.0,0.0,0.0,0.11610235174372147,0.0930629938282209,0.13846701854598617,0.3712290997258296,0.3013172315996489,0.4449503452637819,0.28113735313205646,0.22905812629996727,0.3311613498889166,0.184,0.136,0.23209999999999992,0.018602763979433293,0.012508012083247772,0.0257414591244941,0.16372254353793714,0.10509091348018999,0.2239572651813411,0.06951287242356921,0.04262805778492475,0.09795909146730555,0.048,0.024,0.076,0.04185776618636143,0.02380253000165824,0.061963148036420376,False
mediation_aware_recourse,False,1.0,1.0,2.0,250,0.17326786366768648,0.1370494087148356,0.20794763992945517,0.23385049338097713,0.20500479157673285,0.26065158988164944,0.03262584481361435,0.029930500072843026,0.03530789309105138,0.4995304570293426,0.4950556656336725,0.5044717228998066,0.10470017027854919,0.10063755249679088,0.10864784452915192,0.4129737669159376,0.39514813032880713,0.4312936027669542,0.255077907923825,0.22731979125482715,0.28167107099271343,0.3460620952561105,0.3296902532095864,0.3621193956559751,0.132,0.092,0.176,0.0,0.0,0.0,0.0,0.0,0.0,0.11544162349298513,0.09306903225914508,0.13789042916982835,0.3823387140816935,0.3104461012960389,0.4586730901932687,0.2795374252342855,0.23026401970676658,0.3285142317099672,0.188,0.14,0.236,0.02122711774956372,0.014661393328512285,0.028612582180403138,0.17483215789380102,0.11250696101115616,0.2392490274924626,0.07237379679747391,0.044947739872823876,0.10163059018560743,0.056,0.028,0.088,0.041197037935625076,0.02340966533950556,0.06064682370594813,False
mediation_aware_recourse,False,1.0,2.0,2.0,250,0.18691508821689057,0.15009765667059255,0.22411805033194104,0.2224109762256672,0.19363726404267756,0.2506984765144071,0.031020326152967407,0.028446969963901225,0.03358087929725657,0.49957132355427747,0.4951128257518649,0.5043492680047035,0.10470017027854919,0.10063755249679088,0.10864784452915192,0.4129737669159376,0.39514813032880713,0.4312936027669542,0.23836787759834782,0.20984608367265464,0.26554291354918186,0.33860850838092466,0.32161666782963044,0.35525087387359505,0.16,0.116,0.208,0.0,0.0,0.0,0.0,0.0,0.0,0.12319172087195011,0.10039953012228543,0.14607266647935174,0.4228014060591202,0.3472617004644452,0.4982819815494009,0.2983039862118564,0.24865004868981477,0.34811043982351103,0.22,0.168,0.276,0.025707084222819827,0.018379793686790918,0.03355379931451509,0.2152948498712277,0.14952259333914555,0.27962301325465794,0.08602102134667802,0.057464159096984074,0.11701083760819601,0.084,0.052,0.12,0.048947135314590065,0.03032058946113213,0.0694272186876609,False
mediation_aware_recourse,False,1.0,5.0,2.0,250,0.21263251571089495,0.17050407807919984,0.2509306742340923,0.2060635140507447,0.17812465763256366,0.23341139934077557,0.02843329774235142,0.025852679053125525,0.031098519264710744,0.499299721155405,0.49478655976127384,0.5040930265396059,0.10470017027854919,0.10063755249679088,0.10864784452915192,0.4129737669159376,0.39514813032880713,0.4312936027669542,0.21261777067472618,0.18270395226561711,0.24116463905239072,0.3268351173474482,0.30969254018431364,0.3426593065546794,0.18,0.132,0.232,0.0,0.0,0.0,0.0,0.0,0.0,0.1351066487239232,0.11175216421000517,0.1600111304516728,0.4851542937883381,0.40664867958664686,0.5630159139682595,0.32715552305632223,0.276752911276783,0.3755910173830612,0.256,0.2,0.31209999999999993,0.032624673758644085,0.025081874087267364,0.04084804222755533,0.2776477376004456,0.20439329668564354,0.3493002928803687,0.11173844884068239,0.0782692557293165,0.14618383258649556,0.104,0.068,0.144,0.060862063166563146,0.040112994014535164,0.08332535811376772,False
transport_anchor_only,False,3.0,0.0,2.0,250,0.4982496551303193,0.45888427858194336,0.5357561574622524,0.02027660716874067,0.015348105248445085,0.02633648136127956,0.026831129170709976,0.024117042737349634,0.0297018468313187,0.4932246884279251,0.48890116726593974,0.4975834843551815,0.10470017027854919,0.10063755249679088,0.10864784452915192,0.4129737669159376,0.39514813032880713,0.4312936027669542,-0.00696615700652956,-0.028825216608786567,0.014742816656997877,0.22422953120980832,0.21321399813035008,0.23520955827433088,0.368,0.3039,0.432,0.0,0.0,0.0,0.0,0.0,0.0,0.24829172798097796,0.22548272606434908,0.27337845074307643,0.9831317203062258,0.9288289626924707,0.998850774316043,0.6012288137215231,0.5631045612778124,0.6376160029597454,0.572,0.512,0.632,0.0858240979707446,0.07470201590271647,0.09933628930218583,0.014467114852486307,-0.05483416405255864,0.06331086958474509,0.010613737775944173,0.00048281415402889253,0.02345434638580773,-0.016,-0.048,0.016,-0.001418531606988447,-0.007465820916104083,0.004840151170261175,False
mediation_aware_recourse,False,3.0,0.29109799228495314,2.0,250,0.4986089259115979,0.45926375060575086,0.5359850713130087,0.020067960578931305,0.015190666828120944,0.0261750782836144,0.0263947976076925,0.023685336271228197,0.029330916729547022,0.4933900952231884,0.48915318798897267,0.49766352452968354,0.10470017027854919,0.10063755249679088,0.10864784452915192,0.4129737669159376,0.39514813032880713,0.4312936027669542,-0.009524115339276313,-0.03181295547027948,0.012587321260558445,0.22471823082590828,0.21338638228414655,0.2358971517038519,0.384,0.32,0.448,0.0,0.0,0.0,0.0,0.0,0.0,0.24769966307838553,0.22448931735448605,0.2729969636328508,0.9769377231624135,0.9219093801679968,0.9986916194602595,0.5997951514649255,0.5623145538382489,0.636614230679271,0.576,0.5199,0.636,0.08739910958841418,0.07608331589634185,0.10102174602244117,0.008273117708674005,-0.06188602035422665,0.06525322645765527,0.010973008557222783,0.0007666541226441042,0.02381489673068281,0.0,-0.028,0.028,-0.0020105965095808206,-0.007785601759372343,0.004365717205649014,True
mediation_aware_recourse,False,3.0,0.5,2.0,250,0.4985238181082532,0.45926375060575086,0.5358703867483884,0.020027840102641817,0.015086073568567658,0.0260961528265943,0.026229315223154637,0.023513689396390786,0.029216010546947464,0.49353115138149256,0.4892574350238919,0.4977999547568262,0.10470017027854919,0.10063755249679088,0.10864784452915192,0.4129737669159376,0.39514813032880713,0.4312936027669542,-0.010002774812279312,-0.031989748261778146,0.011914508148843744,0.22501564595037488,0.21371375953356445,0.23589848058625434,0.384,0.32,0.448,0.0,0.0,0.0,0.0,0.0,0.0,0.24722100360538252,0.22368810875946257,0.27215596472045295,0.975778667766286,0.9206140944796695,0.9985355388498601,0.598636096068798,0.5615062738646822,0.6357580443234638,0.576,0.5199,0.636,0.08787776906141719,0.07668742471399347,0.10126034209139873,0.007114062312546521,-0.06271628454869856,0.06585616876562954,0.010887900753878056,0.0006705869782483206,0.023812769035599195,0.0,-0.028,0.028,-0.0024892559825838213,-0.007984070463505898,0.003764903627485752,False
mediation_aware_recourse,False,3.0,1.0,2.0,250,0.49892995875235646,0.46067976177074016,0.5363838063845644,0.020048112713451992,0.015166264488306897,0.02613159363281804,0.02557168596376672,0.023005450525646617,0.028460457147183205,0.49356084813976286,0.4892995316853344,0.49783120212638976,0.10470017027854919,0.10063755249679088,0.10864784452915192,0.4129737669159376,0.39514813032880713,0.4312936027669542,-0.012386958074497068,-0.03498997428261833,0.00921590466196731,0.22453583456370213,0.21350708814067826,0.2353838042870278,0.388,0.328,0.452,0.0,0.0,0.0,0.0,0.0,0.0,0.2465695846145342,0.2240271404679219,0.27169341509944495,0.9700054602329777,0.9152913274805968,0.9983237076777235,0.5970587101837015,0.5604190597174539,0.6325642108062592,0.584,0.528,0.6440999999999999,0.0893955701879502,0.07829756612463441,0.10273473127978303,0.0013408547792382874,-0.06796810945509664,0.06941161451337194,0.011294041397981345,0.0010140329286223281,0.02408559433564078,0.004,-0.028,0.04,-0.0031406749734321174,-0.009144610850021098,0.003174640776608312,False
mediation_aware_recourse,False,3.0,2.0,2.0,250,0.49999811916518955,0.4611114304699004,0.5367203576558269,0.01976963542379409,0.01481902070317346,0.02583262368319345,0.024659203339307694,0.02210904011498645,0.027300722508204957,0.4941061550662517,0.4898379845251858,0.498381645135063,0.10470017027854919,0.10063755249679088,0.10864784452915192,0.4129737669159376,0.39514813032880713,0.4312936027669542,-0.014642792731176335,-0.03658202648930727,0.007520784240380664,0.22573484742989883,0.21454150720672113,0.23667737050942209,0.404,0.344,0.468,0.0,0.0,0.0,0.0,0.0,0.0,0.2455186837155254,0.22314845076914114,0.2697901877377038,0.9645430438825986,0.9091004618952948,0.9975123536649533,0.5945139943126261,0.5560066530683653,0.6311909167126563,0.592,0.5359,0.652,0.09104893796579423,0.07938587474357008,0.1051629736169407,-0.004121561571140853,-0.07317808215951128,0.07166451427674936,0.01236220181081444,0.0017545284221880137,0.025990289577562355,0.02,-0.008,0.052,-0.004191575872440912,-0.010047971448039032,0.0018747842132463928,False
mediation_aware_recourse,False,3.0,5.0,2.0,250,0.5144494573823758,0.47575365169845896,0.5513812151012593,0.016639648328444466,0.01245607093583754,0.021746242297078656,0.022778478369811152,0.02052914011428315,0.025175117112799794,0.4944085579276085,0.4901519537489414,0.49860005540215374,0.10470017027854919,0.10063755249679088,0.10864784452915192,0.4129737669159376,0.39514813032880713,0.4312936027669542,-0.0266947854387573,-0.04877299216767183,-0.005309514854569356,0.22347822586747804,0.21262016038490075,0.2343088052338445,0.416,0.352,0.484,0.0,0.0,0.0,0.0,0.0,0.0,0.24545774954955663,0.22350349233391176,0.2690154452039649,0.9353596097928634,0.8819615685290487,0.9872374175462268,0.5943664445870737,0.5575834067601786,0.6292380932435536,0.616,0.5599000000000001,0.676,0.0971054014025691,0.0847693799722982,0.11022124360885599,-0.03330499566087608,-0.10240795956020542,0.06723515515946978,0.026813540028000717,0.01269540667179972,0.04352878435004823,0.032,-0.008,0.072,-0.004252510038409704,-0.011195601078856478,0.003255215002490681,False
transport_anchor_only,False,10.0,0.0,2.0,250,0.5664340294189751,0.5310076178031974,0.600401997075323,0.0041051027141268724,0.0030967486443168163,0.005272877073539368,0.024060284998860218,0.02170101145921474,0.026737071342081056,0.49618565134334564,0.49178687145472166,0.5005413035128415,0.10470017027854919,0.10063755249679088,0.10864784452915192,0.4129737669159376,0.39514813032880713,0.4312936027669542,-0.03765253132731416,-0.05985997106839322,-0.016224690836152137,0.21783730842974455,0.20886040293351005,0.22737707537143714,0.532,0.4719,0.592,0.0,0.0,0.0,0.0,0.0,0.0,0.2622295081135463,0.24052504925562637,0.28570739518286536,0.9088258520426106,0.8642091590393419,0.958367169112814,0.634978609105997,0.6016705790853749,0.6666082416651912,0.592,0.532,0.656,0.09419839506485275,0.08227743970078742,0.10687185773848322,-0.01915401018189755,-0.040218937436358036,-0.0008498687244236906,0.0019402017630636692,-0.007927772335428743,0.011694776438549161,-0.012,-0.036,0.016,-0.0003048233864251637,-0.005114783270023328,0.004537562319940087,False
mediation_aware_recourse,False,10.0,0.29109799228495314,2.0,250,0.566657990757376,0.5311139199001714,0.600407596108783,0.004086034401240937,0.003078157039253029,0.005259896916881044,0.023897747725313067,0.02162045899347774,0.026504801442286643,0.4961785411052704,0.49177282873452305,0.5005340155188143,0.10470017027854919,0.10063755249679088,0.10864784452915192,0.4129737669159376,0.39514813032880713,0.4312936027669542,-0.03806757771538321,-0.05987034722809495,-0.016554572782003844,0.2175699399965036,0.2086419584117322,0.22712447584478168,0.536,0.4759,0.5960999999999999,0.0,0.0,0.0,0.0,0.0,0.0,0.2626445545016153,0.2405354254153281,0.2857177713425671,0.9078208332706712,0.8633736035417499,0.9571405157321092,0.6359836278779365,0.60288943897717,0.6666937668936056,0.592,0.532,0.656,0.09419839506485275,0.08227743970078742,0.10687185773848322,-0.02015902895383692,-0.040775516330190796,-0.0018709510008708924,0.00216416310146451,-0.007485448692087083,0.011932080252189189,-0.008,-0.036,0.02,0.0001102230016438912,-0.004785738450564266,0.0049526087080091425,True
mediation_aware_recourse,False,10.0,0.5,2.0,250,0.566657990757376,0.5311139199001714,0.600407596108783,0.004086034401240937,0.003078157039253029,0.005259896916881044,0.023897747725313067,0.02162045899347774,0.026504801442286643,0.4961785411052704,0.49177282873452305,0.5005340155188143,0.10470017027854919,0.10063755249679088,0.10864784452915192,0.4129737669159376,0.39514813032880713,0.4312936027669542,-0.03806757771538321,-0.05987034722809495,-0.016554572782003844,0.2175699399965036,0.2086419584117322,0.22712447584478168,0.536,0.4759,0.5960999999999999,0.0,0.0,0.0,0.0,0.0,0.0,0.2626445545016153,0.2405354254153281,0.2857177713425671,0.9078208332706712,0.8633736035417499,0.9571405157321092,0.6359836278779365,0.60288943897717,0.6666937668936056,0.592,0.532,0.656,0.09419839506485275,0.08227743970078742,0.10687185773848322,-0.02015902895383692,-0.040775516330190796,-0.0018709510008708924,0.00216416310146451,-0.007485448692087083,0.011932080252189189,-0.008,-0.036,0.02,0.0001102230016438912,-0.004785738450564266,0.0049526087080091425,False
mediation_aware_recourse,False,10.0,1.0,2.0,250,0.5664964264072477,0.5310731063170359,0.5999875442122109,0.004118210906284605,0.0031039710296211814,0.005307990608371899,0.023785487909512605,0.02147448995192316,0.026416161351522135,0.49613885783147804,0.4916710820462168,0.5005083408870519,0.10470017027854919,0.10063755249679088,0.10864784452915192,0.4129737669159376,0.39514813032880713,0.4312936027669542,-0.03819592184073093,-0.06034725235154634,-0.016441747819939366,0.21770761838439728,0.20884006598336996,0.22729273076607256,0.532,0.4719,0.596,0.0,0.0,0.0,0.0,0.0,0.0,0.2617008229582067,0.24031904545258742,0.28537984126848964,0.9075100529363507,0.8607179998146182,0.958981477050828,0.6336984184554195,0.601177747780347,0.6666317251750401,0.584,0.528,0.648,0.0947344328992309,0.08231614413450794,0.10731895544503296,-0.020469809288157448,-0.041682486141744565,-0.00022991585220885445,0.002002598751336336,-0.0076847963845357295,0.011831162190064788,-0.012,-0.04,0.016,-0.0008335085417647435,-0.0059964865808124395,0.0044879510675194115,False
mediation_aware_recourse,False,10.0,2.0,2.0,250,0.5686007178463042,0.5337682995806449,0.6023669287052937,0.0039043869745193816,0.002956652157948004,0.00507584190712394,0.023400663875953527,0.021080919035981048,0.02603025563062863,0.49643350227952,0.49199451495006086,0.5010171540316283,0.10470017027854919,0.10063755249679088,0.10864784452915192,0.4129737669159376,0.39514813032880713,0.4312936027669542,-0.04086910886871102,-0.06284835001942671,-0.019141803486476094,0.21791816761941699,0.20910877638379352,0.22732282877929771,0.536,0.476,0.6,0.0,0.0,0.0,0.0,0.0,0.0,0.26012556276242105,0.2382822162060614,0.2837397579110513,0.9010370339648472,0.8544071744271492,0.9510802461513743,0.629883986832923,0.5968920831477087,0.6614035981897183,0.592,0.5359,0.6520999999999999,0.09685865651111378,0.08475002992574278,0.10959790615379925,-0.026942828259660878,-0.04900795972198821,-0.006178572551350775,0.004106890190392733,-0.004152196985483169,0.012783918704930688,-0.008,-0.036,0.02,-0.002408768737550395,-0.007879842059516855,0.0032891803547568607,False
mediation_aware_recourse,False,10.0,5.0,2.0,250,0.5725372887291014,0.5381321124942973,0.6064698457172141,0.00406839311970785,0.003162961829646078,0.0049748244702720115,0.02175835315002305,0.019677438476106437,0.02414903770185264,0.4969170255255699,0.4923393964780688,0.5013237546335995,0.10470017027854919,0.10063755249679088,0.10864784452915192,0.4129737669159376,0.39514813032880713,0.4312936027669542,-0.05267847486252589,-0.07446210581180512,-0.030950371836699016,0.2160187717511575,0.20708255812508397,0.22549083628762803,0.512,0.4519,0.576,0.0,0.0,0.0,0.0,0.0,0.0,0.2573727480614276,0.23527636309752137,0.2808634220840641,0.8724411110760728,0.8245880712999295,0.9212903495968633,0.6232181525317488,0.5888653831049109,0.6555944583415081,0.628,0.572,0.688,0.10413974685851791,0.09173583626300913,0.11690513621705743,-0.05553875114843532,-0.08191561610538649,-0.03195481730614355,0.008043461073189973,0.0004600323863327503,0.017607400717586277,-0.032,-0.064,0.008,-0.005161583438543784,-0.011233161163484297,0.0005927263676682821,False
transport_anchor_only,False,30.0,0.0,2.0,250,0.5966918298341334,0.56075203151498,0.6294695581985638,0.002015243067047211,0.0014993731525590167,0.0025537619553868563,0.023981689980943,0.021778057505253804,0.026548831951630276,0.49754588818359374,0.4929334163125695,0.5021527091474474,0.10470017027854919,0.10063755249679088,0.10864784452915192,0.4129737669159376,0.39514813032880713,0.4312936027669542,-0.032346533282942666,-0.05333275679386642,-0.010810574560664959,0.2223742669385698,0.21367676216559678,0.2314216885243583,0.664,0.608,0.724,0.0,0.0,0.0,0.0,0.0,0.0,0.264700253823355,0.243609640222001,0.28733172082529257,0.9216741210355694,0.8783288646127716,0.9710257840317158,0.6409614242573326,0.6094023264458029,0.6695931149629004,0.572,0.512,0.6360999999999999,0.0903100231877626,0.0783270162755034,0.1028693413181546,-0.009384276142830439,-0.028744585640181584,0.009354249646063465,0.0008698180913925171,-0.004164079478383064,0.00616871156990528,-0.008,-0.028,0.016,0.0012894591859981825,-0.0033358712542610114,0.006265003259288483,False
mediation_aware_recourse,False,30.0,0.29109799228495314,2.0,250,0.5966918298341334,0.56075203151498,0.6294695581985638,0.002015243067047211,0.0014993731525590167,0.0025537619553868563,0.023981689980943,0.021778057505253804,0.026548831951630276,0.49754588818359374,0.4929334163125695,0.5021527091474474,0.10470017027854919,0.10063755249679088,0.10864784452915192,0.4129737669159376,0.39514813032880713,0.4312936027669542,-0.032346533282942666,-0.05333275679386642,-0.010810574560664959,0.2223742669385698,0.21367676216559678,0.2314216885243583,0.664,0.608,0.724,0.0,0.0,0.0,0.0,0.0,0.0,0.264700253823355,0.243609640222001,0.28733172082529257,0.9216741210355694,0.8783288646127716,0.9710257840317158,0.6409614242573326,0.6094023264458029,0.6695931149629004,0.572,0.512,0.6360999999999999,0.0903100231877626,0.0783270162755034,0.1028693413181546,-0.009384276142830439,-0.028744585640181584,0.009354249646063465,0.0008698180913925171,-0.004164079478383064,0.00616871156990528,-0.008,-0.028,0.016,0.0012894591859981825,-0.0033358712542610114,0.006265003259288483,True
mediation_aware_recourse,False,30.0,0.5,2.0,250,0.5983736386038363,0.5631235607765614,0.6305739868357778,0.0019643916774239405,0.0014673740528635248,0.0024970960131145232,0.023798603500301746,0.02161592204785188,0.026361988370500553,0.49750378045248983,0.49285130623691686,0.5021527091474474,0.10470017027854919,0.10063755249679088,0.10864784452915192,0.4129737669159376,0.39514813032880713,0.4312936027669542,-0.033440547405354265,-0.05429788036468676,-0.012961746254861068,0.22156043831991018,0.21326224266346452,0.23050838479839028,0.668,0.612,0.728,0.0,0.0,0.0,0.0,0.0,0.0,0.2657942679457666,0.24456283245549726,0.2887181107225676,0.919025008161932,0.872932964988947,0.9672090132250953,0.6436105371309702,0.6119153024976393,0.6723170509482739,0.572,0.512,0.6360999999999999,0.0903100231877626,0.0783270162755034,0.1028693413181546,-0.012033389016467888,-0.031702197251399195,0.007908966175704295,0.0025516268610954284,-0.0032262937799096107,0.008698285122215746,-0.004,-0.024,0.02,0.0023834733084097857,-0.002751866243417598,0.007632867100349527,False
mediation_aware_recourse,False,30.0,1.0,2.0,250,0.5999008470512927,0.5641156490543857,0.6323226746586151,0.0018945717961025485,0.0014103347309883216,0.0024224110099770983,0.023572371157462316,0.02141143848873482,0.02616281154758,0.49787785344481467,0.4932565926800847,0.5023851776505768,0.10470017027854919,0.10063755249679088,0.10864784452915192,0.4129737669159376,0.39514813032880713,0.4312936027669542,-0.03511433553131143,-0.05573699924393812,-0.014614900312067825,0.2218889161383134,0.21364706162872985,0.23065663902529113,0.672,0.6159,0.732,0.0,0.0,0.0,0.0,0.0,0.0,0.265224697841692,0.24389935098778132,0.2877929976266387,0.9149719949682443,0.8684728571944001,0.9621183338789936,0.6422313451587338,0.6109794680021496,0.6717770564426399,0.572,0.512,0.6360999999999999,0.09143170230277851,0.07977682903523789,0.10390935308192274,-0.01608640221015556,-0.03378090502020144,0.0012600596839711252,0.0040788353085517886,-0.0005885424986481665,0.009749561119079587,0.0,-0.02,0.02,0.0018139032043351304,-0.003288745744364165,0.00710518197469395,False
mediation_aware_recourse,False,30.0,2.0,2.0,250,0.5991480334736407,0.5638346591050737,0.6314300022755749,0.0019190502830409848,0.0014254548358796813,0.0024460822136221504,0.023358617901674806,0.02117371166591913,0.02590035947902495,0.4980295770070553,0.4932675018698394,0.5026370160291612,0.10470017027854919,0.10063755249679088,0.10864784452915192,0.4129737669159376,0.39514813032880713,0.4312936027669542,-0.03780292328919151,-0.058131665836659435,-0.016815076056385544,0.22213915348436566,0.21364331824526867,0.23115179158579593,0.672,0.612,0.732,0.0,0.0,0.0,0.0,0.0,0.0,0.2639266424684409,0.2428196146957866,0.28694826641946325,0.9084616837250913,0.8615448145269075,0.9551939848541874,0.6390881542898685,0.605938839895371,0.6691351609240899,0.576,0.516,0.64,0.0934250238683441,0.08157678884958705,0.10625803710782021,-0.022596713453308603,-0.0397286245011198,-0.006247439235469508,0.003326021730899811,-0.001156302559375763,0.008973340474069117,0.0,-0.016099999999999996,0.02,0.0005158478310840486,-0.003857813637987355,0.005219261650646385,False
mediation_aware_recourse,False,30.0,5.0,2.0,250,0.6074370888508857,0.5711181189651601,0.6412398146275431,0.001854424241118643,0.0014025577229172014,0.002364011388345307,0.021882747589826976,0.01978850719672117,0.024497694509927167,0.4976538660113811,0.49293908842653034,0.5022883942623436,0.10470017027854919,0.10063755249679088,0.10864784452915192,0.4129737669159376,0.39514813032880713,0.4312936027669542,-0.05041246072809614,-0.07079328338899951,-0.029863349365661547,0.22040421318496362,0.21184086666063612,0.22951925342493207,0.66,0.604,0.716,0.0,0.0,0.0,0.0,0.0,0.0,0.2614980137986289,0.24070603277046201,0.2839552797135261,0.8779281766380145,0.8304341182652838,0.9266692898765548,0.6332073239215164,0.5996979098155732,0.6647851008966965,0.616,0.5559000000000001,0.6760999999999999,0.10094410692270243,0.0886826488138615,0.11376335174013487,-0.05313022054038541,-0.07944101335424658,-0.031045897294206384,0.01161507710814476,0.0030173765294253824,0.021818496786057948,-0.012,-0.04,0.016,-0.0019127808387279966,-0.007275211972039787,0.0032816147532969842,False
transport_anchor_only,False,0.0,0.0,5.0,250,0.04496357147999879,0.02423231646984932,0.066204053348783,0.3748992405225487,0.3441064323550074,0.40608076476697463,0.03370433301878465,0.031121371716377137,0.03641145991130483,0.5086345637328625,0.5029500475602329,0.5141578944374978,0.10470017027854919,0.10063755249679088,0.10864784452915192,0.4129737669159376,0.39514813032880713,0.4312936027669542,0.3768698282441333,0.3562261417872592,0.39756404758489666,0.42053342340518196,0.4061266173165545,0.43606321315766955,0.072,0.044,0.108,0.0,0.0,0.0,0.0,0.0,0.0,0.03116608094304359,0.01680194997966219,0.04839662106699437,0.0874242907519921,0.0483162921609067,0.13088070400024177,0.07546745929115539,0.04059221791402523,0.11448888004666037,0.028,0.008,0.04809999999999991,0.0024689288643803754,0.00048183354515264474,0.0051074625088438535,0.0874242907519921,0.048197634638594986,0.13008244045347328,0.04496357147999879,0.02423231646984932,0.066204053348783,0.016,0.003900000000000006,0.032099999999999906,0.03116608094304359,0.016371117063420284,0.04773150055663908,False
mediation_aware_recourse,False,0.0,0.29109799228495314,5.0,250,0.044991322812828,0.02423423451846247,0.06627475812519547,0.3747195580840204,0.34406079661503974,0.40578274642728,0.03363593988943958,0.03106689826511642,0.036381088055448395,0.5086315353937149,0.5029590622070492,0.5141581287722587,0.10470017027854919,0.10063755249679088,0.10864784452915192,0.4129737669159376,0.39514813032880713,0.4312936027669542,0.3767457904601965,0.35619802317633475,0.3975415995838625,0.42043740231986576,0.4060681859891187,0.4358901770683112,0.072,0.044,0.108,0.0,0.0,0.0,0.0,0.0,0.0,0.03129011872698026,0.017019954725020738,0.04849413714911475,0.087724643447184,0.04887085737225397,0.13090633080837294,0.07576781198634719,0.04067279729009159,0.11505800317061549,0.028,0.008,0.04809999999999991,0.0024689288643803754,0.00048183354515264474,0.0051074625088438535,0.087724643447184,0.04847059257207174,0.13062278384546333,0.044991322812828,0.02423423451846247,0.06627475812519547,0.016,0.003900000000000006,0.032099999999999906,0.03129011872698026,0.01645420721938868,0.048066708044946976,True
mediation_aware_recourse,False,0.0,0.5,5.0,250,0.044962100696953715,0.02423423451846247,0.06621752958553694,0.37475310940903156,0.34406079661503974,0.40578274642728,0.033630909523886615,0.03104715408032101,0.03637473290822708,0.5086377971596717,0.5029836396384298,0.5141581287722587,0.10470017027854919,0.10063755249679088,0.10864784452915192,0.4129737669159376,0.39514813032880713,0.4312936027669542,0.3767698034304697,0.3562173606610344,0.39754280023237615,0.420455104424086,0.4060858880933389,0.43590743661992587,0.072,0.044,0.108,0.0,0.0,0.0,0.0,0.0,0.0,0.03126610575670716,0.01698998531930548,0.04846952385458482,0.08766649696864981,0.048814726893286677,0.1308518750872859,0.07570966550781322,0.04061471508681658,0.11493944290868548,0.028,0.008,0.04809999999999991,0.0024689288643803754,0.00048183354515264474,0.0051074625088438535,0.08766649696864981,0.048352176498957955,0.13062135951770038,0.044962100696953715,0.02423423451846247,0.06621752958553694,0.016,0.003900000000000006,0.032099999999999906,0.03126610575670716,0.01643036082832324,0.04806610772069015,False
mediation_aware_recourse,False,0.0,1.0,5.0,250,0.04505069397622719,0.02445480495726806,0.06621752958553694,0.37462449298956574,0.3439321801955739,0.4056541300078142,0.03360482020823336,0.030998386387519578,0.036350094133380986,0.508625134355545,0.5029584492260695,0.5141577372306942,0.10470017027854919,0.10063755249679088,0.10864784452915192,0.4129737669159376,0.39514813032880713,0.4312936027669542,0.3766924505629101,0.35606265492591527,0.3973919621406351,0.4204036974535649,0.4060833177448129,0.4358033375046206,0.072,0.044,0.108,0.0,0.0,0.0,0.0,0.0,0.0,0.031343458624266685,0.01699191914099447,0.04846952385458482,0.08785380394491915,0.048814726893286677,0.13122279057938263,0.07589697248408234,0.04061471508681658,0.11531219588616175,0.028,0.008,0.04809999999999991,0.0024689288643803754,0.00048183354515264474,0.0051074625088438535,0.08785380394491915,0.04855231780266944,0.13132979307264164,0.04505069397622719,0.02445480495726806,0.06621752958553694,0.016,0.003900000000000006,0.032099999999999906,0.031343458624266685,0.016507713695882765,0.04814539440993866,False
mediation_aware_recourse,False,0.0,2.0,5.0,250,0.045606605831417256,0.027165639099002877,0.06915850558093224,0.37524860072616384,0.3441025085227865,0.40649129353464764,0.03303850600950777,0.03050428153343277,0.0358881217343681,0.5086929914448262,0.5031280080284656,0.5142324142238318,0.10470017027854919,0.10063755249679088,0.10864784452915192,0.4129737669159376,0.39514813032880713,0.4312936027669542,0.3750911161341947,0.3539289109692483,0.39612275984055306,0.4207022034851556,0.40592476239769226,0.4364602771233624,0.084,0.052,0.1200999999999999,0.0,0.0,0.0,0.0,0.0,0.0,0.031449709882267016,0.017506452220228,0.04823279724390532,0.09173137331372927,0.05095629809219301,0.13677841426566553,0.07615425579482082,0.041173678652450155,0.11650388681874146,0.036,0.016,0.064,0.0032164704497379317,0.0007831046784601836,0.006409638685926753,0.09173137331372927,0.05296947710996403,0.13658186087732196,0.045606605831417256,0.027165639099002877,0.06915850558093224,0.028,0.008,0.04809999999999991,0.031449709882267016,0.017375570659898233,0.04814613323959472,False
mediation_aware_recourse,False,0.0,5.0,5.0,250,0.05457014272350352,0.03448074685446336,0.07875326888286653,0.36997329448912664,0.33836419267660695,0.40189661295328244,0.031057577148869704,0.02848392558068108,0.033637869499683164,0.5082943458437921,0.5028509336249172,0.5138078550696075,0.10470017027854919,0.10063755249679088,0.10864784452915192,0.4129737669159376,0.39514813032880713,0.4312936027669542,0.3661199788138377,0.34387528907818976,0.3890408080288456,0.41718580434935154,0.4016662525178235,0.43265887264019826,0.108,0.07590000000000001,0.148,0.0,0.0,0.0,0.0,0.0,0.0,0.0364952243568909,0.02217441393274946,0.053934450482117036,0.11345463527139055,0.06927836515323821,0.1627280930224999,0.08837177390088247,0.053831143076780365,0.12746349890957737,0.048,0.024,0.08,0.005179281872604483,0.0018986505255872376,0.009436610592083852,0.11345463527139055,0.07145356297860957,0.1614741362480312,0.05457014272350352,0.03448074685446336,0.07875326888286653,0.052,0.028,0.08,0.0364952243568909,0.02220789858272913,0.05308083064009892,False
transport_anchor_only,False,1.0,0.0,5.0,250,0.27493767380301143,0.23479416942315873,0.31416940135954063,0.17608421959750056,0.15367841755557973,0.20023895822098375,0.034855700134359395,0.03219477418419813,0.037485238811233244,0.48599669048142435,0.4818698720320046,0.49021643259596226,0.10470017027854919,0.10063755249679088,0.10864784452915192,0.4129737669159376,0.39514813032880713,0.4312936027669542,0.19488690264091682,0.1704552970126461,0.2183071157461534,0.2821009030629381,0.26357715580044083,0.30082741689671727,0.14,0.1,0.188,0.0,0.0,0.0,0.0,0.0,0.0,0.18206225002789445,0.1560336283983091,0.21091655777678958,0.528088904783662,0.46037708029668833,0.5975960631880384,0.44085669505722846,0.38192414572837513,0.4972617474980286,0.224,0.168,0.28,0.018012307123563148,0.012913758033697658,0.024449004721945174,0.3205823485957695,0.25121578863507243,0.39178721755793716,0.17404360693279886,0.13583473020684905,0.21193093340476188,0.064,0.032,0.1,0.1078176644705344,0.0827042920500388,0.13335108839393342,False
mediation_aware_recourse,False,1.0,0.29109799228495314,5.0,250,0.27215668193582676,0.23124900463178202,0.31266295400478555,0.1770861885151614,0.15440459901436368,0.20156003315522708,0.034667747123111395,0.03201221817669299,0.037248929397555766,0.48636190605688095,0.48212104111971854,0.4907289918027878,0.10470017027854919,0.10063755249679088,0.10864784452915192,0.4129737669159376,0.39514813032880713,0.4312936027669542,0.1961559547638499,0.17141214086856627,0.2197750120046367,0.2843342178606187,0.26594637126825177,0.30302781602205436,0.144,0.104,0.192,0.0,0.0,0.0,0.0,0.0,0.0,0.17959704427538672,0.15360082406465161,0.2088734307608914,0.5250159441634021,0.45490992133293295,0.5936393720036709,0.434887294698175,0.37721608860786493,0.49149641279653894,0.224,0.168,0.28,0.018610383938350458,0.01322374223761092,0.025275018114554564,0.31750938797550965,0.24745420529741535,0.3879757442939783,0.17126261506561422,0.13313525119663536,0.20898267474008023,0.068,0.036,0.1,0.10535245871802668,0.07974335343913865,0.1301483205009099,True
mediation_aware_recourse,False,1.0,0.5,5.0,250,0.27319701829139376,0.23283824288672475,0.31356578962802595,0.17595198046629346,0.1535109719506536,0.20023277878345758,0.03449092128640512,0.03181097581983476,0.03711496687027343,0.486396268483162,0.482199511470139,0.4907808170510054,0.10470017027854919,0.10063755249679088,0.10864784452915192,0.4129737669159376,0.39514813032880713,0.4312936027669542,0.19507169320380838,0.1701634398979396,0.2189716620176647,0.28403228655277224,0.26624700645977223,0.30281023723541456,0.144,0.104,0.192,0.0,0.0,0.0,0.0,0.0,0.0,0.17995859178564905,0.15404867040906284,0.20944727596968257,0.5276414415845547,0.45670064047725706,0.5981118353487874,0.4357627680071997,0.37680668851751653,0.4916670476215996,0.228,0.172,0.284,0.018971740963240082,0.013550950210164284,0.025592826891979805,0.32013488539666224,0.2504600114680113,0.3903171052699114,0.1723029514211812,0.1345331086472157,0.21058331718710252,0.068,0.036,0.1,0.10571400622828898,0.08013156325259449,0.13079966952826944,False
mediation_aware_recourse,False,1.0,1.0,5.0,250,0.2702683244362124,0.22969156160728307,0.3107086495275842,0.17786115751730153,0.1538067589443858,0.20138668620078037,0.03358164492745577,0.030972766115670205,0.03619641538985536,0.4867298242673874,0.4825891743862331,0.4910797780890345,0.10470017027854919,0.10063755249679088,0.10864784452915192,0.4129737669159376,0.39514813032880713,0.4312936027669542,0.19304265673834758,0.16807357161920528,0.21737606052562544,0.28578417376751225,0.26756332008354383,0.3047332511748138,0.148,0.108,0.196,0.0,0.0,0.0,0.0,0.0,0.0,0.17733333068158957,0.15177970231356144,0.2060876350386401,0.532554674888969,0.4626351342462017,0.6035123267666173,0.42940579980637483,0.3693487802820027,0.4876304914313841,0.24,0.1879,0.296,0.021298889748000198,0.015356718397093138,0.028197689414114574,0.3250481187010765,0.25210967094483744,0.3998952870612642,0.16937425756599986,0.13126443703410914,0.20719211003370147,0.072,0.04,0.1040999999999999,0.10308874512422955,0.07785610654857313,0.12859152944368354,False
mediation_aware_recourse,False,1.0,2.0,5.0,250,0.2819427471194067,0.23958651882269189,0.32542776302117854,0.17037429666375004,0.14656718556564657,0.19333900882082083,0.03181128387346623,0.02918731181002179,0.03438029373652534,0.4864090502989293,0.48207297180227043,0.490619076728642,0.10470017027854919,0.10063755249679088,0.10864784452915192,0.4129737669159376,0.39514813032880713,0.4312936027669542,0.17860219882674347,0.15221694186365445,0.20497619059431946,0.2824478232479252,0.26438629894301335,0.3005029181229884,0.18,0.13590000000000002,0.228,0.0,0.0,0.0,0.0,0.0,0.0,0.181190415021545,0.15597856488174294,0.20972375146091576,0.5675216850684401,0.49754531916362754,0.6388990950724897,0.4387455803177617,0.3814334008392022,0.4941173515950105,0.268,0.212,0.324,0.026590576533824538,0.020056516231892422,0.03398221080138613,0.36001512888054765,0.2863108789011296,0.43504611296992746,0.18104868024919415,0.14173611637301367,0.21958469441294434,0.104,0.068,0.144,0.106945829464185,0.08179391535936417,0.13230594825233377,False
mediation_aware_recourse,False,1.0,5.0,5.0,250,0.32475654929463055,0.28244090717246145,0.36810139767721123,0.1479245951407304,0.12481323610623628,0.17316414636183206,0.02702660008059911,0.024578352839579966,0.029529894374259933,0.4859169999830723,0.4815741907688201,0.49035739819042085,0.10470017027854919,0.10063755249679088,0.10864784452915192,0.4129737669159376,0.39514813032880713,0.4312936027669542,0.12942222746970686,0.10137939074549394,0.15677940675146385,0.2705849775172495,0.25317110878576005,0.28824397814910035,0.248,0.196,0.3,0.0,0.0,0.0,0.0,0.0,0.0,0.1907630400446495,0.16575602942822634,0.2182376091291095,0.6866090830993359,0.6108213457179923,0.7608276442661261,0.4619253214780592,0.41143676946569685,0.5117194628161397,0.372,0.312,0.436,0.0463942497007906,0.038085547907550185,0.05563302416927047,0.4791025269114434,0.3977418924508106,0.5574784942223723,0.22386248242441797,0.18513263713933847,0.26614061594949306,0.172,0.128,0.22,0.11651845448728947,0.09246043202054033,0.1421389404401747,False
transport_anchor_only,False,3.0,0.0,5.0,250,0.5220455840015784,0.4835128687347053,0.5596231860879343,0.023253609361130075,0.018676535638603078,0.028083314234287365,0.029164085492219237,0.02648594506620665,0.032071394116128416,0.4838728258550167,0.4794644770482957,0.4876440905358076,0.10470017027854919,0.10063755249679088,0.10864784452915192,0.4129737669159376,0.39514813032880713,0.4312936027669542,-0.008510084216419907,-0.029817902006025878,0.012677394311288833,0.20614549552963007,0.19398565589663083,0.2181167974132964,0.336,0.276,0.396,0.0,0.0,0.0,0.0,0.0,0.0,0.2633620698050377,0.24078686267837798,0.28811821017524514,0.9793931602969054,0.9288118744614176,0.9986690077471077,0.6377210634268837,0.6001714912806656,0.6719943867439473,0.588,0.528,0.648,0.0790608906636599,0.06797687697402169,0.09095317085762245,0.010728554843165927,-0.05781495588057138,0.07054509703014004,0.03440966664720327,0.01741481928448193,0.05333461124356835,-0.048,-0.088,-0.004,0.01365181021707132,0.0043179921014756565,0.02350014463345334,False
mediation_aware_recourse,False,3.0,0.29109799228495314,5.0,250,0.5214865426206962,0.4830845746571896,0.5586940015265951,0.022978106671930454,0.018448456554506037,0.027736111472254195,0.028686860412381006,0.026005579605160534,0.031581640745130146,0.4841640894701481,0.4798556711082577,0.488020422252816,0.10470017027854919,0.10063755249679088,0.10864784452915192,0.4129737669159376,0.39514813032880713,0.4312936027669542,-0.010037926479032937,-0.03151508749509293,0.011640406398523094,0.20650130649116674,0.19466474792903174,0.21812787353886806,0.336,0.27590000000000003,0.4,0.0,0.0,0.0,0.0,0.0,0.0,0.2623961295230074,0.23996095159599065,0.2868932809098316,0.9756935493651436,0.9234620086364145,0.9989717272168334,0.6353820764029768,0.5982459362210869,0.6690687446226776,0.596,0.536,0.656,0.08030778193598158,0.06941396823011305,0.09218300338232495,0.007028943911404184,-0.06148401896441773,0.07096469518295265,0.033850625266321,0.01705052721654065,0.05217708224996456,-0.048,-0.092,-0.004,0.012685869935041004,0.0033400397655748084,0.022308037367388407,True
mediation_aware_recourse,False,3.0,0.5,5.0,250,0.521251009860076,0.4828718201848213,0.5583885400358122,0.022523996838735415,0.018008770572294826,0.027342573883012217,0.028406348079061484,0.025668530525449516,0.03138041195833297,0.48450535510444637,0.4802324919212282,0.4884657989654958,0.10470017027854919,0.10063755249679088,0.10864784452915192,0.4129737669159376,0.39514813032880713,0.4312936027669542,-0.01206108599537439,-0.034442483021549244,0.009497890713946881,0.20780783286472035,0.196044633048273,0.21961667419226094,0.344,0.28,0.408,0.0,0.0,0.0,0.0,0.0,0.0,0.2606164053859005,0.23837797457601517,0.2853082732432145,0.9707945468656621,0.9185559659585745,0.9984213715922141,0.6310725432566036,0.5949235550290377,0.6642593251734301,0.6,0.536,0.66,0.08220922376270573,0.07134770195657118,0.09406141586811673,0.0021299414119226867,-0.06642250832347332,0.07387725646581977,0.03361509250570088,0.01683443687488325,0.051935661170328946,-0.04,-0.08,0.004,0.01090614579793412,0.001979326154900448,0.020100208321140064,False
mediation_aware_recourse,False,3.0,1.0,5.0,250,0.5194366080248728,0.4814538082842948,0.556607388610905,0.021766256081744102,0.01723718421090125,0.02653709228616633,0.02740047512202138,0.024785763195984432,0.030225439706744985,0.48546731710767743,0.48118218442599775,0.48953557951559434,0.10470017027854919,0.10063755249679088,0.10864784452915192,0.4129737669159376,0.39514813032880713,0.4312936027669542,-0.014968589152156401,-0.037220845952532874,0.006728970205429335,0.21010370241869555,0.1980961837732513,0.22194894648147148,0.364,0.3,0.428,0.0,0.0,0.0,0.0,0.0,0.0,0.25748078462319945,0.23569540973076022,0.28142587941868397,0.9637541404531796,0.908936450322253,0.997813541257262,0.6234797588865025,0.5870764350980069,0.6564810293997522,0.604,0.544,0.664,0.08523078572244729,0.07411573484870196,0.09748051535241349,-0.004910465000559805,-0.07397029491020733,0.0727761930835044,0.03180069067049771,0.015094393856823445,0.049569315380998874,-0.02,-0.06,0.02,0.007770525035233056,-0.000969643764968939,0.01697380970074854,False
mediation_aware_recourse,False,3.0,2.0,5.0,250,0.5245430007032701,0.4868917946358706,0.562279200095158,0.0197072024795314,0.015375460516926284,0.02432131499749758,0.026205795116123184,0.023752009849893594,0.02880688300627141,0.4860535293889046,0.48172204818164704,0.4900518936728716,0.10470017027854919,0.10063755249679088,0.10864784452915192,0.4129737669159376,0.39514813032880713,0.4312936027669542,-0.02166959238672704,-0.04287448878531301,-0.00037624224582764496,0.21000042597285914,0.19853152117360914,0.2219256223538792,0.384,0.32,0.448,0.0,0.0,0.0,0.0,0.0,0.0,0.2571213733150069,0.2351231051190489,0.2808412433109385,0.9475279203602829,0.8943603394524957,0.9946139546533261,0.6226094583081472,0.5868214389501414,0.6557276253833774,0.616,0.5559000000000001,0.676,0.08876099299382884,0.07736362094482478,0.10157666277676755,-0.021136685093456564,-0.08931415140498507,0.07260178697856576,0.036907083348894955,0.018988660163966414,0.0572363575237221,0.0,-0.04,0.044,0.007411113727040571,-0.0016587344982118399,0.01711582447759533,False
mediation_aware_recourse,False,3.0,5.0,5.0,250,0.5437053526244708,0.5061698603146142,0.5801750576388586,0.016710085317010064,0.01303293448581921,0.020793667721419967,0.022459138529636203,0.02024896878157133,0.024792717727600142,0.48661502316164973,0.4824539984275997,0.49089715685781243,0.10470017027854919,0.10063755249679088,0.10864784452915192,0.4129737669159376,0.39514813032880713,0.4312936027669542,-0.046587818686450996,-0.06697118386695002,-0.027595998553488255,0.20910238028675054,0.19844011125852423,0.22003503542691152,0.42,0.3599,0.484,0.0,0.0,0.0,0.0,0.0,0.0,0.25362859841546403,0.2320147043067538,0.2772146266028684,0.8871893993791278,0.840292198729333,0.9387350147434665,0.6141518390127941,0.579523106210901,0.6471916954918897,0.672,0.616,0.728,0.10296649359346226,0.09153152316520603,0.11610193859247035,-0.08147520607461167,-0.14584622729003333,0.01095329463663731,0.05606943527009571,0.035105430642841384,0.07891364106596738,0.036,-0.004,0.08,0.003918338827497682,-0.0043541298696702846,0.013235953423618689,False
transport_anchor_only,False,10.0,0.0,5.0,250,0.5736794508881867,0.5374984049167484,0.606710440936312,0.005686957066865903,0.0044109195867646075,0.007181257962308135,0.0249417053774603,0.022592022807118438,0.027616438464298298,0.4898812271711826,0.4854473329025567,0.49403839929261206,0.10470017027854919,0.10063755249679088,0.10864784452915192,0.4129737669159376,0.39514813032880713,0.4312936027669542,-0.048332263482360666,-0.0683144979010214,-0.029969147771181804,0.2083926699080509,0.1995164321760298,0.21791243608090696,0.504,0.444,0.564,0.0,0.0,0.0,0.0,0.0,0.0,0.2658908823597476,0.24349555439563014,0.28876883966548206,0.8829652937926227,0.8405567811517879,0.9330835847560102,0.6438444851967334,0.6116611637873128,0.6755980674190447,0.64,0.58,0.7,0.09770757401927531,0.08618057040981364,0.10993644328277156,-0.04501456843188545,-0.07732850815694402,-0.010794817606541775,0.009185623232275248,-0.0038496185865253213,0.0227713370363228,-0.04,-0.08,0.004,0.0033565508597761824,-0.0032140900487855127,0.010485166305698485,False
mediation_aware_recourse,False,10.0,0.29109799228495314,5.0,250,0.5736335848756134,0.5374536855544895,0.606710440936312,0.005616520419688138,0.004351162393855052,0.007096874530752924,0.02471446005854727,0.0224029707269886,0.027461410613474752,0.49003764016938206,0.48552889830993406,0.4940665870492637,0.10470017027854919,0.10063755249679088,0.10864784452915192,0.4129737669159376,0.39514813032880713,0.4312936027669542,-0.050104972258841945,-0.07016545329384673,-0.03149181278642888,0.20894152672222094,0.1999206783436858,0.21863811535157573,0.504,0.444,0.5640999999999998,0.0,0.0,0.0,0.0,0.0,0.0,0.2641181735832663,0.24186511925550208,0.28654098790801646,0.8786727480706032,0.8358926764270487,0.9279045758960542,0.639551939474714,0.6085028579374355,0.6706672478122562,0.64,0.58,0.7,0.09948028279575659,0.08824187115995784,0.11151063770065467,-0.049307114153904874,-0.08210264089260823,-0.01500075989614987,0.009139757219702005,-0.0038527692738920447,0.022724324373435228,-0.04,-0.08,0.004,0.0015838420832949079,-0.0055851647606296375,0.009026219692754587,True
mediation_aware_recourse,False,10.0,0.5,5.0,250,0.5735463248677551,0.5374472947146743,0.6065445040192454,0.0056300577563749375,0.004353180407192401,0.007110411867439725,0.024513364302636263,0.02217245384897026,0.02730919471414116,0.4900458307905197,0.48556820562680963,0.4940804030247986,0.10470017027854919,0.10063755249679088,0.10864784452915192,0.4129737669159376,0.39514813032880713,0.4312936027669542,-0.0521290406397589,-0.07332237663788727,-0.033619702732142195,0.20891844543494995,0.19983111714350157,0.2185854138699953,0.5,0.44,0.564,0.0,0.0,0.0,0.0,0.0,0.0,0.26272560297846076,0.24075050447414753,0.2862417532904321,0.8737715447907132,0.831007338419371,0.9224927848929898,0.6361798836291207,0.6038958139331335,0.6676109345367922,0.648,0.588,0.708,0.10118860228861784,0.08979663669203514,0.11316838544615775,-0.05420831743379495,-0.08500543692162285,-0.020595574971865996,0.00905249721184373,-0.003889818132203072,0.02272284384435043,-0.044,-0.084,0.0,0.00019127147848934924,-0.006951043187687197,0.007180591245398019,False
mediation_aware_recourse,False,10.0,1.0,5.0,250,0.5719095372147858,0.5358440371577629,0.6045832158704288,0.005623395704432993,0.004351113007893396,0.007103566629142011,0.02426030708217489,0.02190095328168091,0.027033900711061976,0.4904204058022499,0.4860011973249376,0.49448371608359215,0.10470017027854919,0.10063755249679088,0.10864784452915192,0.4129737669159376,0.39514813032880713,0.4312936027669542,-0.05113742021938845,-0.07192677601475979,-0.031489473722405265,0.21014423080188102,0.20060981019758284,0.22004831327466023,0.504,0.444,0.568,0.0,0.0,0.0,0.0,0.0,0.0,0.2618045013984587,0.24019575803227125,0.2851450554105777,0.8761727152761312,0.8309992942749296,0.9253173364855253,0.6339494717875144,0.6009797383342872,0.6666079131412056,0.644,0.584,0.704,0.10115334286843367,0.08981874742754645,0.11360290197353505,-0.05180714694837696,-0.08304769745377978,-0.018721831782670784,0.007415709558874369,-0.005841734353546053,0.020483670438826082,-0.04,-0.084,0.004,-0.0007298301015127497,-0.007792879638262057,0.006605330173288349,False
mediation_aware_recourse,False,10.0,2.0,5.0,250,0.5723518573231995,0.5363192134549841,0.6050107482428662,0.0054143531448566495,0.004181318647114172,0.006881944282630558,0.02389322183375194,0.021521891624013346,0.026662817168665708,0.4908599913108349,0.48647215661785,0.4948936164105176,0.10470017027854919,0.10063755249679088,0.10864784452915192,0.4129737669159376,0.39514813032880713,0.4312936027669542,-0.05490157408912232,-0.07564674547195611,-0.034820995233759214,0.21110652236883146,0.20171219945849536,0.22087149323970084,0.512,0.448,0.576,0.0,0.0,0.0,0.0,0.0,0.0,0.2600352358916615,0.2375791391090822,0.28353452192752604,0.867057962303214,0.8219341710473936,0.916065895718442,0.6296652638098262,0.5962930395082211,0.6627172965355208,0.652,0.5919,0.712,0.1039200525566992,0.09244658593565508,0.11651365034369696,-0.060921899921294154,-0.09581855385187985,-0.028979740667908847,0.007858029667288064,-0.00540752521082759,0.02104729021610692,-0.032,-0.072,0.00809999999999991,-0.0024990956083099166,-0.00935378745949074,0.004407152533539762,False
mediation_aware_recourse,False,10.0,5.0,5.0,250,0.589458495978266,0.5553362172192894,0.6223875588579103,0.004627415711202211,0.003658017021054209,0.005743907089410859,0.02134285388202445,0.019156989185141974,0.02376240413640757,0.4907520536251068,0.48642727292005417,0.4949276263842286,0.10470017027854919,0.10063755249679088,0.10864784452915192,0.4129737669159376,0.39514813032880713,0.4312936027669542,-0.07154427182834032,-0.09190151504551959,-0.05265396719321509,0.20746790159547418,0.1986717962577932,0.2165598487507098,0.504,0.44,0.568,0.0,0.0,0.0,0.0,0.0,0.0,0.2595927861766089,0.2383834435159746,0.2824008055914344,0.8267583135785392,0.7823453675563785,0.8713294140703268,0.6285938889417402,0.5953840632052405,0.659228205938922,0.688,0.6319,0.7440999999999999,0.1124626262838345,0.100885137515435,0.12486425927141179,-0.10122154864596888,-0.13628552225643456,-0.06811268619451756,0.024964668322354555,0.010165024338848888,0.040843757888488465,-0.04,-0.08,0.004,-0.0029415453233625276,-0.01013861913861885,0.003847594212483556,False
transport_anchor_only,False,30.0,0.0,5.0,250,0.6093479566909373,0.5729908738792874,0.64595136631364,0.002075038274791502,0.001567702371104603,0.002591453958094027,0.02421066739881256,0.021908537999964464,0.026853436062471273,0.4933202822384834,0.48857636350092293,0.49798805197188856,0.10470017027854919,0.10063755249679088,0.10864784452915192,0.4129737669159376,0.39514813032880713,0.4312936027669542,-0.042486798514124825,-0.06275735614731023,-0.022353413319961213,0.21826140731685711,0.2098868946618364,0.22734087454531388,0.64,0.58,0.7,0.0,0.0,0.0,0.0,0.0,0.0,0.2654115335419824,0.24533112474274707,0.28652951041475455,0.8971198610715311,0.8528592216542819,0.9436858102008411,0.6426837605789327,0.6119264729927615,0.6708343966745688,0.588,0.532,0.652,0.09502451594404002,0.08302700506944918,0.10771786509780343,-0.03393853610686881,-0.0654782421372103,-0.005845816298471323,0.013525944948196412,0.0014411450177431106,0.027092694517970084,-0.032,-0.068,0.004,0.00200073890462555,-0.0052815543585383335,0.009507277597894454,False
mediation_aware_recourse,False,30.0,0.29109799228495314,5.0,250,0.6123492527343333,0.5735942531327717,0.6495045406164601,0.002017477892610932,0.0015221653731748977,0.0025429538194294567,0.024152612791103478,0.02184985339451516,0.026781248361943778,0.4930654671099186,0.48839874404259326,0.497732221415037,0.10470017027854919,0.10063755249679088,0.10864784452915192,0.4129737669159376,0.39514813032880713,0.4312936027669542,-0.043488381341961486,-0.06402439528114946,-0.02335499614779787,0.21883480185467097,0.210448831740542,0.2277429720854876,0.644,0.588,0.704,0.0,0.0,0.0,0.0,0.0,0.0,0.26440995071414575,0.24438512726375025,0.28553055697364005,0.8946945670018461,0.8505502654753343,0.9415483340810816,0.6402584665092479,0.6097663648665044,0.6677106929999407,0.588,0.532,0.652,0.09602609877187666,0.08422666260263437,0.10832346175086505,-0.03636383017655376,-0.06881485130436839,-0.0074431188523426,0.016527240991592407,0.003244981835782528,0.031419923970103264,-0.028,-0.064,0.008,0.0009991560767888953,-0.006377714970012923,0.008986766455433677,True
mediation_aware_recourse,False,30.0,0.5,5.0,250,0.6122641849853099,0.5735921264390461,0.649500287229009,0.002017477892610932,0.0015221653731748977,0.0025429538194294567,0.024009120348532684,0.021758519042853332,0.0266746137801523,0.49309509375476834,0.48844826179896,0.497752629632926,0.10470017027854919,0.10063755249679088,0.10864784452915192,0.4129737669159376,0.39514813032880713,0.4312936027669542,-0.04451766951762987,-0.06517222963966152,-0.024384284323466253,0.21890298638073577,0.21045053635369362,0.22790859764349736,0.644,0.588,0.704,0.0,0.0,0.0,0.0,0.0,0.0,0.2635626707309634,0.24279589455767175,0.28469288920449926,0.8922021855042148,0.8471137949920206,0.9393414106912363,0.6382068108084274,0.6077349150848078,0.6654519991575626,0.592,0.5359,0.656,0.09696438285130202,0.08535615911210565,0.10926174583029041,-0.03885621167418507,-0.07015743209629216,-0.010465042857069356,0.01644217324256897,0.0031406801402568815,0.03133485622107982,-0.028,-0.064,0.008,0.0001518760936065633,-0.00713335510723049,0.007392966749141102,False
mediation_aware_recourse,False,30.0,1.0,5.0,250,0.6104368391372264,0.5718448833981529,0.6467170953762718,0.001977567255152164,0.001500359152490526,0.002515626898825094,0.02372966202549879,0.021521278746125375,0.026311780686406515,0.4937414930446148,0.48891138440266846,0.49839427605268954,0.10470017027854919,0.10063755249679088,0.10864784452915192,0.4129737669159376,0.39514813032880713,0.4312936027669542,-0.044683402867237695,-0.06570654802241814,-0.024199359309682672,0.21997656120002199,0.21114527595890817,0.2290010520608936,0.652,0.592,0.712,0.0,0.0,0.0,0.0,0.0,0.0,0.2622616142670167,0.2416571202697096,0.2838580992832526,0.8918008686098138,0.846328609983429,0.9409676065104222,0.635056352914545,0.6045890544729738,0.6626553300179031,0.596,0.54,0.66,0.09769777775807928,0.0864927405607488,0.11023310427034638,-0.03925752856858611,-0.06937439368201094,-0.012885672266006053,0.014614827394485474,0.0016964037790894507,0.02908333374112843,-0.02,-0.0561,0.016,-0.00114918037034014,-0.008108128458979255,0.005820536178887949,False
mediation_aware_recourse,False,30.0,2.0,5.0,250,0.6127021794058383,0.575088888905663,0.6496241127147339,0.0019477863654095194,0.0014853827027244994,0.002469614937135301,0.023487905364811077,0.02121761736221647,0.026049333339747845,0.493548887050867,0.4887240687545717,0.4982363229768634,0.10470017027854919,0.10063755249679088,0.10864784452915192,0.4129737669159376,0.39514813032880713,0.4312936027669542,-0.048588035045240875,-0.06895200979362,-0.02834997390002263,0.21996606147959577,0.21113609859188065,0.22889790425433998,0.652,0.592,0.712,0.0,0.0,0.0,0.0,0.0,0.0,0.2609517111889306,0.24063810734467037,0.2826886755030677,0.8823459528480627,0.8403043692412488,0.9304781990675984,0.6318844732867703,0.6007068159990515,0.6598874869896217,0.608,0.552,0.672,0.10030504538612389,0.08858854594666812,0.11296244932037747,-0.04871244433033717,-0.08239514578615906,-0.02065162097138828,0.01688016766309738,0.004474299818277359,0.030962694953382015,-0.02,-0.06,0.02,-0.0024590834484261724,-0.009707638359203784,0.0049682784868230025,False
mediation_aware_recourse,False,30.0,5.0,5.0,250,0.6283023447729648,0.5907054724098183,0.6657457719110884,0.0018691796645054046,0.0014528218481935531,0.002340526260882625,0.02168755343194122,0.019436138952175743,0.024264394422630668,0.49219263449931144,0.48749716910047525,0.49679027028253675,0.10470017027854919,0.10063755249679088,0.10864784452915192,0.4129737669159376,0.39514813032880713,0.4312936027669542,-0.06075248498847525,-0.08194880621960571,-0.041084886169293934,0.21857161658852284,0.21011935610386187,0.22805306786068902,0.636,0.5759,0.696,0.0,0.0,0.0,0.0,0.0,0.0,0.2587185366628031,0.23831555779087876,0.28012578769323976,0.8528902079127907,0.810251428822803,0.9036085332629137,0.6264769275658768,0.5956141958289813,0.6563681066239951,0.636,0.576,0.696,0.10750385762080486,0.09514269928545402,0.1205616187551487,-0.0781681892656092,-0.11323925634875932,-0.04639104978422597,0.032480333030223844,0.015358140228688718,0.05113369693011045,-0.036,-0.08,0.008,-0.0046922579745537615,-0.012664662615204499,0.0028051188983990935,False
transport_anchor_only,False,0.0,0.0,10.0,250,0.19827835098440483,0.15849894640729445,0.2376439850637158,0.28265466473595,0.2525903409307882,0.3132013114590123,0.03264058150418354,0.029790142346714375,0.03529105672192479,0.4881713603758812,0.48412144766112564,0.4924175255135119,0.10470017027854919,0.10063755249679088,0.10864784452915192,0.4129737669159376,0.39514813032880713,0.4312936027669542,0.265475274062136,0.2396193715788245,0.29155262062992277,0.33192904248450966,0.3122110058993313,0.350962012208731,0.124,0.0879,0.168,0.0,0.0,0.0,0.0,0.0,0.0,0.12160014634086366,0.09596746472816639,0.15055795368229494,0.35716189421742495,0.2941876590310724,0.425741074047638,0.2944500500575763,0.23326961811184396,0.354877597526616,0.176,0.132,0.228,0.012949173256468978,0.008205896695350384,0.018869977360553368,0.35716189421742495,0.2884805556600419,0.4232340589203447,0.19827835098440483,0.15849894640729445,0.2376439850637158,0.068,0.04,0.1,0.12160014634086366,0.0945194309485081,0.1490036489652388,False
mediation_aware_recourse,False,0.0,0.29109799228495314,10.0,250,0.1980397755590675,0.158288321684079,0.23754400216950014,0.2823591054439873,0.25201495086485537,0.3128119743117782,0.03250095348024119,0.029694623242678537,0.03513223277158506,0.48819808987021446,0.4841377965975821,0.4924625108311415,0.10470017027854919,0.10063755249679088,0.10864784452915192,0.4129737669159376,0.39514813032880713,0.4312936027669542,0.26525768040418346,0.23961877498608905,0.29114338714951954,0.33190699067712875,0.31238296397063603,0.35100007106789605,0.124,0.0879,0.168,0.0,0.0,0.0,0.0,0.0,0.0,0.12181773999881618,0.09653517055327215,0.15085019167982974,0.35768878884217925,0.29480157747628793,0.42610998358959945,0.2949769446823306,0.23310647921533204,0.35578737745774475,0.176,0.132,0.228,0.012949173256468978,0.008205896695350384,0.018869977360553368,0.35768878884217925,0.2895262652621168,0.4239762300317824,0.1980397755590675,0.158288321684079,0.23754400216950014,0.068,0.04,0.1,0.12181773999881618,0.0944933670392633,0.1491718746146413,True
mediation_aware_recourse,False,0.0,0.5,10.0,250,0.20381826006475603,0.16281309074836026,0.24338175521070662,0.2797172547456761,0.24919692333515783,0.31016868984252577,0.03213460945249464,0.029480799476121904,0.034807664079838964,0.48763543568515777,0.48358077348884937,0.4918533319671154,0.10470017027854919,0.10063755249679088,0.10864784452915192,0.4129737669159376,0.39514813032880713,0.4312936027669542,0.26016948358174097,0.23450962008139167,0.2856761886007699,0.3297257423443084,0.31026998742424194,0.34921824904540877,0.132,0.092,0.18,0.0,0.0,0.0,0.0,0.0,0.0,0.12385567627728074,0.09853757587575303,0.15278584453367697,0.3700096606022448,0.306610481479063,0.4403996282260951,0.29991172853962933,0.23743527883292384,0.36032030513821756,0.184,0.136,0.236,0.014474303528457936,0.009308964702435637,0.019976445285758412,0.3700096606022448,0.2999472117550468,0.4369814775393738,0.20381826006475603,0.16281309074836026,0.24338175521070662,0.076,0.044,0.112,0.12385567627728074,0.09702884212551391,0.1516422505175191,False
mediation_aware_recourse,False,0.0,1.0,10.0,250,0.20678634785715258,0.16597719038155337,0.2473347273930951,0.2787860847008563,0.2480269454384188,0.30962674489698677,0.03181650297582258,0.029177812170275902,0.034488456102487804,0.48735980553817754,0.4833450329548955,0.49159505000240805,0.10470017027854919,0.10063755249679088,0.10864784452915192,0.4129737669159376,0.39514813032880713,0.4312936027669542,0.2564137045130252,0.23058580367011972,0.2819341074469351,0.32959245116887326,0.3102127388916316,0.3492904097167259,0.136,0.096,0.184,0.0,0.0,0.0,0.0,0.0,0.0,0.12354901187930417,0.09820877312538465,0.1515813783898667,0.3791041343184901,0.312828364489496,0.44900720808001027,0.29916915256375864,0.23584554072216588,0.35954856734866364,0.192,0.1439,0.24,0.016505525261804082,0.01091884641037659,0.02259979257521857,0.3791041343184901,0.3092540288665066,0.4461893247720996,0.20678634785715258,0.16597719038155337,0.2473347273930951,0.08,0.048,0.116,0.12354901187930417,0.09686123576160735,0.15112748635769938,False
mediation_aware_recourse,False,0.0,2.0,10.0,250,0.2074549966682098,0.16795386925441128,0.24921518093019693,0.2805663899164286,0.25029061387094825,0.31129987454482333,0.031219522003227296,0.028659336003293793,0.0339382665243814,0.4873892654633522,0.4834156310459316,0.4915885738399327,0.10470017027854919,0.10063755249679088,0.10864784452915192,0.4129737669159376,0.39514813032880713,0.4312936027669542,0.2571653083832518,0.23087873264164116,0.282467186977287,0.3299127204850924,0.31007240569873307,0.34886789809939467,0.136,0.096,0.184,0.0,0.0,0.0,0.0,0.0,0.0,0.12297844586978539,0.09776854557831015,0.15037931866306348,0.37728415462380016,0.3136797382598246,0.4480432923453983,0.2977875490450176,0.2381305274476088,0.35968316637808273,0.188,0.13990000000000002,0.236,0.016415006331450186,0.01091884641037659,0.022465244446672354,0.37728415462380016,0.30830037435938784,0.4457014835656431,0.2074549966682098,0.16795386925441128,0.24921518093019693,0.08,0.048,0.116,0.12297844586978539,0.09672405850448164,0.15054793293850516,False
mediation_aware_recourse,False,0.0,5.0,10.0,250,0.2275090874976595,0.18631150356431897,0.26972834420518044,0.28240486864295705,0.251288405296288,0.31321557222167845,0.027495832957340663,0.025482685045002212,0.02957333784341601,0.48681495634675026,0.4826757856645823,0.4908062953130961,0.10470017027854919,0.10063755249679088,0.10864784452915192,0.4129737669159376,0.39514813032880713,0.4312936027669542,0.24490729678412834,0.21861549362709273,0.27306290274535433,0.3256201128670782,0.30509558776031637,0.34527134672199694,0.172,0.128,0.2200999999999999,0.0,0.0,0.0,0.0,0.0,0.0,0.12657327265293933,0.10182016103811421,0.15387303413989242,0.40696645548921717,0.3393254848816718,0.476561126329939,0.3064922830284855,0.2478449901588347,0.3673567637273618,0.216,0.164,0.268,0.020746598739434952,0.014838180508007589,0.02774568764486162,0.40696645548921717,0.3331791579290294,0.4763924046923472,0.2275090874976595,0.18631150356431897,0.26972834420518044,0.116,0.08,0.156,0.12657327265293933,0.0998908229788547,0.15315955511542356,False
transport_anchor_only,False,1.0,0.0,10.0,250,0.4031265900764265,0.3587942972617559,0.4458067279861105,0.12584451974325517,0.1071401719100715,0.14453764031752697,0.033386402159597366,0.030843104131411135,0.03592511886205101,0.4746716095991135,0.4710313786813498,0.4784244790128409,0.10470017027854919,0.10063755249679088,0.10864784452915192,0.4129737669159376,0.39514813032880713,0.4312936027669542,0.1178954981412509,0.09607050687277564,0.13955975446827737,0.2223456362423408,0.20430157781839142,0.23890334046020725,0.184,0.136,0.236,0.0,0.0,0.0,0.0,0.0,0.0,0.241775275946795,0.21345471054762472,0.2715273555761399,0.71452061223722,0.6540700328752697,0.7740423594752281,0.5854494772206906,0.5342038194901916,0.6340093953543765,0.332,0.272,0.388,0.02665149641394585,0.01972268719171413,0.033905562715545276,0.5070140560493275,0.43133991717775677,0.5842327392317247,0.30223252320621397,0.25874753296155106,0.3478738890314911,0.108,0.072,0.152,0.1675306903894349,0.1399777904543541,0.1945622306817645,False
mediation_aware_recourse,False,1.0,0.29109799228495314,10.0,250,0.40303856426809215,0.3587084720986298,0.44563561991923195,0.12552250128883138,0.10672657349302724,0.14443614409409167,0.03320928998684923,0.030694660340249445,0.03573474305056243,0.4747169118804932,0.4710807225285888,0.4784701604521871,0.10470017027854919,0.10063755249679088,0.10864784452915192,0.4129737669159376,0.39514813032880713,0.4312936027669542,0.11645083090056349,0.09445943079581155,0.13809270227703865,0.22256384918482505,0.2043083148839819,0.2392308990516686,0.184,0.136,0.236,0.0,0.0,0.0,0.0,0.0,0.0,0.24129137123842098,0.21316322140604987,0.27122988829507955,0.7180188180711549,0.6561729891534246,0.7794536839992758,0.584277720690033,0.53324406274459,0.6339311595276874,0.34,0.28,0.396,0.027615782388476548,0.0207939989244555,0.034816665246451065,0.5105122618832624,0.4345591608727636,0.5861241310399345,0.30214449739787963,0.25867448888542277,0.34786948774107435,0.108,0.072,0.152,0.16704678568106093,0.13971188725270994,0.19345983622153734,True
mediation_aware_recourse,False,1.0,0.5,10.0,250,0.40312032384757185,0.3588679032786153,0.44571533550922465,0.12552777045366006,0.10672990300504351,0.14444141325892035,0.033199458602122825,0.030679743576873492,0.0357334759737174,0.47470861929488184,0.47106120362881426,0.47846943085527416,0.10470017027854919,0.10063755249679088,0.10864784452915192,0.4129737669159376,0.39514813032880713,0.4312936027669542,0.11644854979061461,0.09445943079581155,0.13809264524928994,0.22256268581875113,0.2043083148839819,0.23923086996751675,0.184,0.136,0.236,0.0,0.0,0.0,0.0,0.0,0.0,0.24129365234836986,0.2131677265981989,0.2712321694050284,0.7180243416906475,0.6561786721758738,0.7794536839992758,0.5842832443095256,0.5332496192006656,0.6339365639705153,0.34,0.28,0.396,0.027615782388476548,0.0207939989244555,0.034816665246451065,0.5105177855027551,0.43457591242004273,0.58612970152365,0.3022262569773593,0.25874753296155106,0.3480289189210598,0.108,0.072,0.152,0.1670490667910098,0.13971855949931036,0.19345989324928609,False
mediation_aware_recourse,False,1.0,1.0,10.0,250,0.4030509702279815,0.35879836036719936,0.4456754086601184,0.12545308689664095,0.10654850837203564,0.14439884279263476,0.03308012761963623,0.030589027225465894,0.03560693753114175,0.47473315046191217,0.47110106209653607,0.47847197600611446,0.10470017027854919,0.10063755249679088,0.10864784452915192,0.4129737669159376,0.39514813032880713,0.4312936027669542,0.11580699533425784,0.09385303080722862,0.13792139500724995,0.22265282797940822,0.20453813623145836,0.23938662254643442,0.18,0.132,0.232,0.0,0.0,0.0,0.0,0.0,0.0,0.24099725185980708,0.2127495348270155,0.27086193740430575,0.7195778409870988,0.6582180995461875,0.7809837801421762,0.5835655219932239,0.5326051770508502,0.6328366212712666,0.344,0.284,0.404,0.02808475986093633,0.021172749863992184,0.035302890661324686,0.5120712847992063,0.4371999718297995,0.588873950737649,0.3021569033577689,0.2587021296223029,0.34799687708979177,0.104,0.068,0.144,0.16675266630244698,0.13911866858425645,0.19337443528067638,False
mediation_aware_recourse,False,1.0,2.0,10.0,250,0.40779943777021255,0.3628423255232774,0.45071125279214463,0.12479041785106831,0.10666506097005693,0.14410009234074017,0.03163798716192094,0.029115746429737504,0.034262737914202285,0.47450152719211586,0.4707551170402943,0.47831987535922527,0.10470017027854919,0.10063755249679088,0.10864784452915192,0.4129737669159376,0.39514813032880713,0.4312936027669542,0.10916027232278387,0.0866881567423278,0.13131465916585494,0.22325275601990585,0.20546121131638956,0.24000527286067336,0.204,0.156,0.256,0.0,0.0,0.0,0.0,0.0,0.0,0.2400817975688483,0.2110659740165008,0.2696819151938255,0.735672623619689,0.6722408709588161,0.7950031048134435,0.581348784843561,0.5313111047791109,0.6279516890133323,0.356,0.296,0.4120999999999999,0.03186584851215272,0.023935493975415414,0.040639202070737915,0.5281660674317965,0.45277528646279497,0.6067692458865089,0.3069053709,0.26287550435274754,0.35253332766837264,0.128,0.088,0.168,0.1658372120114882,0.13848064979304353,0.19306967210940296,False
mediation_aware_recourse,False,1.0,5.0,10.0,250,0.4341415538145229,0.38835896199785636,0.47505083915137225,0.12262362210083458,0.10394750241514181,0.14249906192366457,0.027746751392310528,0.025623014970220546,0.0299392097520654,0.4733747769925594,0.46990709558735483,0.4768351469083906,0.10470017027854919,0.10063755249679088,0.10864784452915192,0.4129737669159376,0.39514813032880713,0.4312936027669542,0.08860812501107793,0.06383121289898613,0.11534021052859982,0.22000364714582654,0.20288430354596193,0.23743744460398222,0.248,0.196,0.304,0.0,0.0,0.0,0.0,0.0,0.0,0.2413889299663266,0.21544033330751325,0.2697630256522659,0.7854388532404906,0.7201877435578573,0.8483543437627692,0.5845139553754326,0.5368195292626385,0.6295660495062745,0.408,0.348,0.472,0.041488355969266505,0.03302154414778903,0.05128894633692413,0.5779322970525981,0.5007237175979948,0.6636145175596883,0.3332474869443104,0.2887978345249314,0.3800852445012424,0.172,0.128,0.22,0.16714434440896656,0.13946667495133092,0.19549102595249437,False
transport_anchor_only,False,3.0,0.0,10.0,250,0.5650387036334723,0.5259072123898658,0.6023124517898075,0.03431668018444766,0.029066817116053793,0.03978520933678225,0.031798388127626996,0.02925049059942343,0.034409143179325606,0.4735130417180061,0.46979931117117996,0.47720937926340695,0.10470017027854919,0.10063755249679088,0.10864784452915192,0.4129737669159376,0.39514813032880713,0.4312936027669542,0.0030563740520983865,-0.014629955643832434,0.020942344857017434,0.18013492610406595,0.1683602141931989,0.1932645566951373,0.304,0.248,0.36,0.0,0.0,0.0,0.0,0.0,0.0,0.2918628539572645,0.2675807109162986,0.3156410774859827,0.9925991084738307,0.943937359651646,0.99932705550658,0.7067346096505795,0.6720006894709557,0.7398494456365527,0.556,0.492,0.616,0.05902726945328732,0.0496235741518755,0.06912195559596135,0.023934503020091258,-0.025333769638038687,0.06741565380046588,0.0774027862790972,0.051176666218787435,0.10533968891277909,-0.08,-0.128,-0.028,0.04215259436929817,0.031173729228189822,0.05336533159691946,False
mediation_aware_recourse,False,3.0,0.29109799228495314,10.0,250,0.5644045161735266,0.5252730249299202,0.6020516768079716,0.03394599153363573,0.028808685095847386,0.03937122535078184,0.0314791501268165,0.028926207931627722,0.03404101046839971,0.47369251999020584,0.4699562732191444,0.4773677534599006,0.10470017027854919,0.10063755249679088,0.10864784452915192,0.4129737669159376,0.39514813032880713,0.4312936027669542,0.0013460406382254221,-0.01646239028463614,0.019201040623717514,0.18135918334975765,0.16946025441687335,0.19474690168245268,0.308,0.252,0.364,0.0,0.0,0.0,0.0,0.0,0.0,0.2901525205433916,0.2661404041865833,0.31399760262371723,0.9967406146683903,0.9463613216220915,0.9993740548776924,0.70259310345602,0.6668292941813329,0.736939098027161,0.556,0.492,0.616,0.06073760286716029,0.05115679179001445,0.07124424065692735,0.02807600921465081,-0.028383819495626232,0.06895033144316054,0.07676859881915152,0.050941823693458,0.1043691085429862,-0.076,-0.124,-0.024,0.04044226095542521,0.029075506489299262,0.051562742136821535,True
mediation_aware_recourse,False,3.0,0.5,10.0,250,0.5646313723754137,0.5254155338121113,0.6017816301304847,0.03328754146079399,0.027970606763732968,0.03855410394952564,0.031090470648860804,0.028534214671176072,0.033676991545420795,0.47388449862718585,0.47004804174110293,0.47770619201706055,0.10470017027854919,0.10063755249679088,0.10864784452915192,0.4129737669159376,0.39514813032880713,0.4312936027669542,-0.0006376232159700139,-0.01927256267383753,0.017222547592327,0.18178808508026204,0.1700948843273953,0.19534240839772035,0.316,0.26,0.37609999999999993,0.0,0.0,0.0,0.0,0.0,0.0,0.2898013598609675,0.26610262536592044,0.3139690278268912,0.9984560200500585,0.9460605852690418,0.9993378799744367,0.7017427814487736,0.6648985200769749,0.7345352633406034,0.56,0.496,0.62,0.06190501513547004,0.05231637462878119,0.07199616934903702,0.029791414596319066,-0.03242396112830719,0.07160056352060029,0.07699545502103865,0.051292656032554805,0.10455406087394803,-0.068,-0.116,-0.016,0.04009110027300116,0.028889342339109423,0.05103084776018109,False
mediation_aware_recourse,False,3.0,1.0,10.0,250,0.5645333990287036,0.5253200097990688,0.601680406316137,0.032994952317808524,0.027755895419356885,0.03832697043138022,0.030797435564959962,0.028251523050966978,0.033385277199958194,0.4740056686310768,0.4701900296053946,0.47774386572942135,0.10470017027854919,0.10063755249679088,0.10864784452915192,0.4129737669159376,0.39514813032880713,0.4312936027669542,-0.0019445251250821416,-0.02086376262689916,0.015720226922506395,0.18161625311765198,0.1699161014790107,0.19498543232694604,0.316,0.26,0.37609999999999993,0.0,0.0,0.0,0.0,0.0,0.0,0.2898352738160475,0.2658692687032007,0.3138841299827958,0.9952914076368489,0.9452562907176831,0.9992725652630304,0.7018249027789811,0.6656688935784765,0.7354064242956919,0.564,0.5,0.624,0.06254150911248613,0.05282524107955543,0.0729048798131223,0.02662680218310942,-0.03453592412041605,0.07191376846216041,0.07689748167432844,0.05129020669888705,0.10455406087394803,-0.068,-0.116,-0.016,0.04012501422808111,0.02873720084645619,0.050935120242547996,False
mediation_aware_recourse,False,3.0,2.0,10.0,250,0.5680301689989865,0.5293645478911697,0.604580724260211,0.03170940561836221,0.026492925258686354,0.03714309176358154,0.0290396192179825,0.02669736111788212,0.03150141693423798,0.474281332218647,0.47054683948365456,0.47796903630728127,0.10470017027854919,0.10063755249679088,0.10864784452915192,0.4129737669159376,0.39514813032880713,0.4312936027669542,-0.010016994057395678,-0.027432138076432286,0.00742566952019944,0.18060167916039463,0.16926333865188625,0.19333543781649548,0.324,0.272,0.384,0.0,0.0,0.0,0.0,0.0,0.0,0.2889067171293406,0.2656449973089563,0.3126563474235898,0.9757442364143322,0.9312291154603433,0.9989206711672582,0.6995764386849024,0.6662631553918575,0.7319295057507652,0.588,0.5279,0.648,0.06704202192199633,0.057581138518714124,0.07745236403514956,0.00707963096059272,-0.05275018956241287,0.07335659390709563,0.08039425164461136,0.05455149626354687,0.10748643274046481,-0.06,-0.112,-0.007900000000000091,0.03919645754137419,0.028345047073437123,0.04976161827440682,False
mediation_aware_recourse,False,3.0,5.0,10.0,250,0.5904536720179021,0.5522738213574514,0.6259398648408242,0.02548343765908056,0.02065153290384625,0.030342578074155104,0.02437006329967298,0.022296063987913332,0.026636945373061424,0.4754995885629654,0.4719330909682393,0.47904603826240905,0.10470017027854919,0.10063755249679088,0.10864784452915192,0.4129737669159376,0.39514813032880713,0.4312936027669542,-0.03851635905358217,-0.057622256286128964,-0.021076242083103235,0.1841058275368334,0.17396399379578978,0.19601185511167918,0.368,0.312,0.428,0.0,0.0,0.0,0.0,0.0,0.0,0.28086298457562753,0.25835017552586964,0.30504242149267546,0.9067341266220856,0.8657141360764945,0.9534715149610743,0.6800988514914516,0.6463726976745084,0.7111456538589722,0.66,0.6039,0.716,0.0853135706969461,0.07445340385976261,0.09726106824574993,-0.06193047883165381,-0.12118588624576226,0.01827049675975003,0.10281775466352701,0.07368230090127326,0.13207046230179256,-0.016,-0.068,0.032,0.031152724987661185,0.0197757832028468,0.0424679770156537,False
transport_anchor_only,False,10.0,0.0,10.0,250,0.6159050077609718,0.5780076316142455,0.6516894513164647,0.007945064202344372,0.006276957321873748,0.00971551111983542,0.025715982997442256,0.023324588990958565,0.028177779958419795,0.4812319723441601,0.4770848829004764,0.4849795191194833,0.10470017027854919,0.10063755249679088,0.10864784452915192,0.4129737669159376,0.39514813032880713,0.4312936027669542,-0.05520246803388978,-0.07208772563297748,-0.03830448169022657,0.19318936499068054,0.183561942573365,0.20299035724997766,0.46,0.4,0.52,0.0,0.0,0.0,0.0,0.0,0.0,0.2764115556659785,0.2547979021687308,0.2992542729283262,0.8663293592565495,0.8227840174959122,0.9114325998403201,0.6693198885977742,0.6389496682049569,0.6981429005141896,0.684,0.6239,0.74,0.09588233964192441,0.08496655462718036,0.1073006702465561,-0.0616505029679586,-0.10677569183462912,-0.01827896912360678,0.051411180105060336,0.03077655573179945,0.074289925487712,-0.084,-0.132,-0.032,0.013877224166007097,0.004509761192449047,0.02339116577716342,False
mediation_aware_recourse,False,10.0,0.29109799228495314,10.0,250,0.615902815502137,0.5780039588218555,0.6516830389593727,0.007854330467092187,0.006218661197261298,0.00967071258535883,0.02547726814023413,0.022983616707878362,0.027976375251410363,0.4813265740053654,0.4771627485437571,0.48512503131749035,0.10470017027854919,0.10063755249679088,0.10864784452915192,0.4129737669159376,0.39514813032880713,0.4312936027669542,-0.05712171614286065,-0.07438471803181947,-0.040028810665753874,0.19350531242698252,0.18386800040632273,0.20348693583077673,0.46,0.4,0.52,0.0,0.0,0.0,0.0,0.0,0.0,0.27549932371855196,0.25387815813014997,0.29795504887651225,0.8616819742100277,0.8180005687710639,0.9076303357508289,0.6671109542283131,0.6365910240786576,0.6954835320615704,0.688,0.624,0.744,0.09729807967012312,0.08595710874320747,0.10845407322007536,-0.06629788801448044,-0.10928086022921135,-0.021447281848603977,0.0514089878462255,0.030770143374707553,0.07428778803534804,-0.084,-0.132,-0.032,0.012964992218580584,0.003322046054201179,0.022462194526863415,True
mediation_aware_recourse,False,10.0,0.5,10.0,250,0.6158177076987922,0.5780039588218555,0.6516830389593727,0.007738005423129122,0.00614197636243551,0.009549682523509372,0.02537218272262694,0.02295938678575305,0.027830466683440656,0.4814549851341247,0.4772319698212504,0.4853852874185324,0.10470017027854919,0.10063755249679088,0.10864784452915192,0.4129737669159376,0.39514813032880713,0.4312936027669542,-0.05776661746871264,-0.07502961935767147,-0.04062589117611461,0.1939536073928054,0.18432101505362927,0.20350619073215745,0.46,0.4,0.52,0.0,0.0,0.0,0.0,0.0,0.0,0.2748544223927,0.25338202983204916,0.2977704437582212,0.860120370598573,0.8166671850899195,0.9057500297840971,0.6655493506168583,0.6346761992022967,0.6937812562200144,0.688,0.624,0.744,0.09794298099597509,0.08711125304799616,0.1092544351938884,-0.06785949162593508,-0.11024722224687808,-0.023051153579947643,0.05132388004288077,0.030768015679623933,0.07428566034026442,-0.084,-0.132,-0.032,0.012320090892728595,0.0028093208021686892,0.02201971924145794,False
mediation_aware_recourse,False,10.0,1.0,10.0,250,0.6157684992961585,0.5779535162713378,0.6515507328365929,0.007651653617134091,0.006031285340019325,0.00942419100303993,0.02488911819176343,0.022521451045481006,0.027316502148331204,0.48158288237881663,0.4774533012827992,0.4855326343711197,0.10470017027854919,0.10063755249679088,0.10864784452915192,0.4129737669159376,0.39514813032880713,0.4312936027669542,-0.05862630524765223,-0.07654133955390814,-0.0415580403227977,0.19507346849735557,0.1852790312575528,0.20448872101448035,0.472,0.4119,0.532,0.0,0.0,0.0,0.0,0.0,0.0,0.274576195301162,0.25271895914260795,0.29778344216293995,0.858038669900343,0.8149454934531772,0.90294842749629,0.6648756344783833,0.6334348516150312,0.692819020394296,0.688,0.624,0.744,0.09851193843121392,0.08716941521299953,0.10994373493557626,-0.06994119232416507,-0.11278194190785346,-0.02553726815040915,0.051274671640247106,0.030720246961619704,0.07428455749936401,-0.072,-0.12,-0.024,0.012041863801190517,0.0022338930932345596,0.02177485266943859,False
mediation_aware_recourse,False,10.0,2.0,10.0,250,0.6153902083449065,0.579005891843699,0.6514931797061115,0.0075435280747157725,0.005929435774264011,0.009308025555920791,0.024090776192354453,0.021720173561306084,0.026657707727185093,0.4818539278755188,0.4778782447293162,0.4858599327338994,0.10470017027854919,0.10063755249679088,0.10864784452915192,0.4129737669159376,0.39514813032880713,0.4312936027669542,-0.062384803988930516,-0.07986976406023864,-0.04500827525695544,0.19522153468952524,0.18555004248122556,0.20483157278605074,0.472,0.408,0.532,0.0,0.0,0.0,0.0,0.0,0.0,0.2723646236709078,0.2512720806645226,0.29435088291261974,0.8489376106022027,0.8074587002137741,0.8933686186902119,0.6595203993341028,0.6281601331456751,0.6880491766683496,0.7,0.64,0.756,0.10149697361698014,0.09041292775889934,0.11318127427720456,-0.07904225162230538,-0.12118089872884977,-0.036432374001459746,0.05089638068899512,0.028846155959647148,0.07386285010268911,-0.072,-0.12,-0.024,0.00983029217093637,0.00034309944376607665,0.01944058811458986,False
mediation_aware_recourse,False,10.0,5.0,10.0,250,0.6310154321826994,0.5945221900890582,0.6666114148908295,0.007215636817170171,0.005653557087485031,0.008995673540364759,0.021561529039443927,0.019606824802742777,0.02380588893385376,0.4814998651146889,0.47755224223936193,0.4851056110793114,0.10470017027854919,0.10063755249679088,0.10864784452915192,0.4129737669159376,0.39514813032880713,0.4312936027669542,-0.07865060389751098,-0.09577148434440216,-0.06090577650744409,0.19481772235298778,0.18535786141680394,0.20417340835392356,0.472,0.4119,0.536,0.0,0.0,0.0,0.0,0.0,0.0,0.26823195740256217,0.24794396403344413,0.29059802379772326,0.8095506053934883,0.7704652635347026,0.8539709278300385,0.649513307844471,0.6192608431678494,0.6777230062944657,0.736,0.676,0.7880999999999999,0.11169620670544318,0.10075241080684884,0.12295031678518228,-0.11842925683101979,-0.16179575655983983,-0.07255591232582596,0.066521604526788,0.04105994494743645,0.09363150515733286,-0.072,-0.12,-0.024,0.005697625902590742,-0.0036473516470841164,0.014873568326632393,False
transport_anchor_only,False,30.0,0.0,10.0,250,0.6845240141116082,0.6397559308891185,0.7276840499652549,0.0018721728456742455,0.001395423534074311,0.0023878526464054567,0.02365048821469903,0.021390616432080563,0.02607999499823005,0.48429616403222087,0.48032376897600293,0.4881304910758078,0.10470017027854919,0.10063755249679088,0.10864784452915192,0.4129737669159376,0.39514813032880713,0.4312936027669542,-0.06481543759521119,-0.08411484671356083,-0.04630129486713815,0.21321844495135878,0.20436749196773174,0.22246387907317952,0.644,0.588,0.708,0.0,0.0,0.0,0.0,0.0,0.0,0.262582612576809,0.24233448243597677,0.28429445220565364,0.8430519253577562,0.7987655067897177,0.8886068468523246,0.635833637903346,0.6070549475453122,0.663628238833631,0.652,0.592,0.712,0.10760329596716986,0.09595018427138169,0.11961445701646606,-0.0880064718206437,-0.1301921661494512,-0.04727572883487966,0.0887020023688674,0.06267861148305237,0.11687688052840531,-0.028,-0.076,0.02,-0.0008281820605478136,-0.010599444008246537,0.008777559765758681,False
mediation_aware_recourse,False,30.0,0.29109799228495314,10.0,250,0.6841526886187493,0.639341361000482,0.7268743035228923,0.0017873271006323987,0.0013567776386789198,0.0022683973099726644,0.023227969405077573,0.020932670678323165,0.025609111216576115,0.48459538077545167,0.4805792720264554,0.48840902298525574,0.10470017027854919,0.10063755249679088,0.10864784452915192,0.4129737669159376,0.39514813032880713,0.4312936027669542,-0.06732520343272501,-0.0863381109037335,-0.049068076681667204,0.2135426794432798,0.2048015088287938,0.222579912407018,0.648,0.588,0.708,0.0,0.0,0.0,0.0,0.0,0.0,0.2617023369306586,0.24147879374507764,0.2832410396648214,0.8369746244767423,0.7915089155277683,0.8812544299421177,0.6337020844811412,0.6052221558445133,0.6617296250448068,0.656,0.596,0.7120999999999998,0.10929831670900199,0.09777203487188553,0.12136997996986107,-0.09408377270165758,-0.13591545442532393,-0.052132089107768974,0.08833067687600851,0.06223763427175582,0.11664549480937421,-0.024,-0.072,0.024,-0.0017084577066982492,-0.011929557837165407,0.008047147588176805,True
mediation_aware_recourse,False,30.0,0.5,10.0,250,0.6811355594955385,0.6359847702050582,0.7240755728583782,0.001840302087770635,0.0014035759066920023,0.0023471633247703697,0.023152039071044895,0.0208847053018135,0.025493629443393454,0.48474098561286927,0.4807262724308491,0.4884912074754298,0.10470017027854919,0.10063755249679088,0.10864784452915192,0.4129737669159376,0.39514813032880713,0.4312936027669542,-0.06680349648205089,-0.08607468755767297,-0.04852602861805078,0.21405600089005997,0.20521222163211048,0.22315070001715387,0.644,0.588,0.704,0.0,0.0,0.0,0.0,0.0,0.0,0.2612498765884865,0.24116535718673082,0.2828257284035858,0.8382379176746861,0.7921352153445097,0.8827629227880515,0.6326064692667632,0.6040334909284633,0.6602781558087814,0.652,0.588,0.708,0.10926369340475099,0.0975658280919392,0.12130536010470475,-0.09282047950371375,-0.13458674652474545,-0.05113587297423564,0.0853135477527976,0.059110472857952116,0.1131427292684093,-0.028,-0.076,0.024,-0.002160918048870379,-0.0119335776782205,0.007737052196424044,False
mediation_aware_recourse,False,30.0,1.0,10.0,250,0.6801817607246339,0.6350631519041956,0.7229974132812582,0.0018269868755066442,0.0013972997346532621,0.002336969329676112,0.02289662015406444,0.020598552025550006,0.025330784150690153,0.4848898859300614,0.480894299932754,0.4885799559885264,0.10470017027854919,0.10063755249679088,0.10864784452915192,0.4129737669159376,0.39514813032880713,0.4312936027669542,-0.06925956128424425,-0.08894550920154773,-0.0509081021778182,0.2146865314773244,0.20572923055481557,0.22359312178076515,0.648,0.592,0.712,0.0,0.0,0.0,0.0,0.0,0.0,0.26008382281387765,0.23958850153150332,0.2809146040759509,0.8322906517731856,0.7865326902246385,0.8763253116194313,0.6297829151623057,0.6026954064334379,0.6587462817093683,0.656,0.596,0.712,0.11107475269315206,0.09937099166254736,0.12325405841867199,-0.09876774540521427,-0.14162659640634506,-0.05874058853973853,0.08435974898189307,0.05755567462909967,0.11208455986920741,-0.024,-0.076,0.028,-0.0033269718234791696,-0.013281791883694547,0.0065154840795318475,False
mediation_aware_recourse,False,30.0,2.0,10.0,250,0.6832141874991358,0.6383272360586562,0.7276998389660381,0.0018559151388785025,0.0014040072341723721,0.0023734788488071227,0.022351965823727126,0.020240828692651144,0.024781437916193524,0.4845917255139351,0.48064002238112097,0.48828220116910936,0.10470017027854919,0.10063755249679088,0.10864784452915192,0.4129737669159376,0.39514813032880713,0.4312936027669542,-0.07448041941345948,-0.0934893264038429,-0.05523328532830323,0.21401221950671834,0.2052082139634017,0.22296490858372542,0.648,0.5919,0.712,0.0,0.0,0.0,0.0,0.0,0.0,0.25847612089217314,0.2377782723598762,0.27951567254883036,0.8196485457909963,0.7758351093046203,0.8636733353319485,0.6258899271555594,0.5965409393252019,0.6524734036718223,0.672,0.612,0.728,0.11448903271861198,0.10220416012548054,0.1270814272649047,-0.11140985138740356,-0.15345976260561467,-0.07168606980801934,0.08739217575639487,0.06217241257168353,0.11578476889375598,-0.024,-0.076,0.032,-0.004934673745183724,-0.014673988711662903,0.004383957291978444,False
mediation_aware_recourse,False,30.0,5.0,10.0,250,0.7035701796747744,0.6579430170406587,0.7486382648908533,0.0017459631282664607,0.001339021295685967,0.0022189539188956476,0.02019874103742228,0.018234262857490108,0.02236986944327019,0.48361767665243144,0.4795673126603007,0.4872321159434318,0.10470017027854919,0.10063755249679088,0.10864784452915192,0.4129737669159376,0.39514813032880713,0.4312936027669542,-0.08963158964396592,-0.10878558747107618,-0.0711235722408409,0.21136462011051724,0.2026210199238588,0.2197011504821405,0.656,0.5959,0.716,0.0,0.0,0.0,0.0,0.0,0.0,0.2569157517579965,0.23712309308297952,0.27748052613391827,0.7829605732264084,0.7427419318508428,0.8247123117519585,0.6221115536626636,0.5935271256216579,0.6488927187045839,0.712,0.656,0.768,0.12284480240095347,0.11093495037301351,0.13506295175057434,-0.14809782395199145,-0.18996933203470687,-0.10653386604993584,0.10774816793203354,0.07988966842368245,0.13761916793584825,-0.016,-0.072,0.036,-0.006495042879360265,-0.01714051493031313,0.003303302434439109,False
ordinary_actionable_recourse,True,0.0,0.0,0.0,250,0.652130139015615,0.630133199008368,0.6731822440050542,0.04113528655151569,0.03543046012334377,0.047130117175942704,0.03306212585939366,0.03137648055819251,0.03491130942809233,0.5002663185017109,0.49578560657386783,0.5044944440117061,0.10470017027854919,0.10063755249679088,0.10864784452915192,0.4129737669159376,0.39514813032880713,0.4312936027669542,0.021965504614459345,0.007421652129361769,0.03603046834057637,0.16511426023825188,0.15597198984026012,0.1751530549985378,0.272,0.22,0.328,1.0,1.0,1.0,0.0,0.0,0.0,0.31563146242121176,0.29681521927004595,0.3364622337319562,0.9468113803486929,0.911529111625907,0.9814906725023252,0.7642893755173068,0.7378185113235876,0.7864044293512712,0.42,0.36,0.48,0.03768839994013325,0.029069993580607998,0.046529683349073536,0.0,0.0,0.0,0.0,0.0,0.0,0.0,0.0,0.0,0.0,0.0,0.0,False
distribution_constrained_recourse,False,10.0,0.0,0.0,250,0.73370987200737,0.6956479631960393,0.7782022770464421,0.08299003219798302,0.0736741247164459,0.09321077867687583,0.030096288743265982,0.028733527847330766,0.03156551318166713,0.4821554943737984,0.47872530277858377,0.4857705718827069,0.10470017027854919,0.10063755249679088,0.10864784452915192,0.4129737669159376,0.39514813032880713,0.4312936027669542,0.016377603777838225,0.0044782168621654815,0.028851031703784738,0.09459147208773154,0.08379842563778407,0.1055969325510987,0.056,0.032,0.084,0.908,0.872,0.94,0.092,0.056,0.128,0.350566071318785,0.3277849172905545,0.37409405075577545,0.9603422660471992,0.9269933355926371,0.9912678257576707,0.8488821794584934,0.8205878742774704,0.8737975793746002,0.592,0.528,0.6520999999999999,0.023015045909657205,0.01987725160945239,0.0261634598115515,0.013530885698506245,-0.04338477605917214,0.06557431973308317,0.08157973299175501,0.036392047548666595,0.1278311693171039,-0.092,-0.128,-0.06,0.03493460889757321,0.023266781170400597,0.046315475651090045,False
