method,is_ordinary_actionable_baseline,eta,lambda_invariance,rho_anchor,n,cost,cost_lo,cost_hi,shortfall,shortfall_lo,shortfall_hi,direct_effect,direct_effect_lo,direct_effect_hi,transport,transport_lo,transport_hi,pre_recourse_mediated_prediction_disparity,pre_recourse_mediated_prediction_disparity_lo,pre_recourse_mediated_prediction_disparity_hi,pre_recourse_factual_mediated_prediction_disparity,pre_recourse_factual_mediated_prediction_disparity_lo,pre_recourse_factual_mediated_prediction_disparity_hi,post_recourse_mediated_prediction_disparity,post_recourse_mediated_prediction_disparity_lo,post_recourse_mediated_prediction_disparity_hi,feasible_rate,feasible_rate_lo,feasible_rate_hi,factual_mediated_prediction_disparity_closure,factual_mediated_prediction_disparity_closure_lo,factual_mediated_prediction_disparity_closure_hi,factual_closure_gain_vs_actionable_baseline,factual_closure_gain_vs_actionable_baseline_lo,factual_closure_gain_vs_actionable_baseline_hi,cost_difference_vs_actionable_baseline,cost_difference_vs_actionable_baseline_lo,cost_difference_vs_actionable_baseline_hi,feasibility_difference_vs_actionable_baseline,feasibility_difference_vs_actionable_baseline_lo,feasibility_difference_vs_actionable_baseline_hi,is_effect_ratio_heuristic
ordinary_actionable_recourse,True,0.0,0.0,0.0,43,0.0,0.0,0.0,0.05247723509361281,0.03648719658389293,0.06903346808207193,0.18552713300114423,0.17622294102981995,0.1947720664874107,0.28125174967355504,0.2654785971720378,0.2966594375973178,0.2045658313950827,0.20001374531623928,0.2094340774902078,0.4299172476951417,0.4100708216353019,0.4496643745077569,0.4299172476951417,0.4081416193262875,0.4496622523302456,0.37209302325581395,0.23255813953488372,0.5116279069767442,0.0,0.0,0.0,0.0,0.0,0.0,0.0,0.0,0.0,0.0,0.0,0.0,False
direct_invariance_only,False,0.0,0.5,0.0,43,0.002012182373640149,0.0,0.004515673618677051,0.051565671580041925,0.03588329328214313,0.06730958142010551,0.17919075721513147,0.16765498181481606,0.18979042979272545,0.28062997056647787,0.2645897494650684,0.2963385498281135,0.2045658313950827,0.20001374531623928,0.2094340774902078,0.4299172476951417,0.4100708216353019,0.4496643745077569,0.4209923262241837,0.3958843085212493,0.44415547956004686,0.37209302325581395,0.23255813953488372,0.5116279069767442,0.020759626460222336,0.0,0.051276443210261376,0.020759626460222336,0.0,0.048539826356905916,0.002012182373640149,0.0,0.004515673618677051,0.0,0.0,0.0,False
direct_invariance_only,False,0.0,0.7133235961881897,0.0,43,0.0031898676656013313,0.0008307940651511038,0.006185841454236313,0.051565671580041925,0.03588329328214313,0.06730958142010551,0.1771054346122243,0.1657680852418471,0.1875445895839678,0.28032100573182106,0.2639321896854009,0.2960872409995212,0.2045658313950827,0.20001374531623928,0.2094340774902078,0.4299172476951417,0.4100708216353019,0.4496643745077569,0.41739281302215353,0.3893498868009358,0.44226412306070517,0.37209302325581395,0.23255813953488372,0.5116279069767442,0.029132198673427978,0.003145961596989122,0.06353779882928055,0.029132198673427978,0.003347144420077519,0.05998318218157173,0.0031898676656013313,0.0008307940651511038,0.006185841454236313,0.0,0.0,0.0,True
direct_invariance_only,False,0.0,1.0,0.0,43,0.0038762440861657608,0.0015171704857155337,0.007069814768294952,0.051565671580041925,0.03588329328214313,0.06730958142010551,0.17627401309293012,0.1649957277679125,0.18674471218528657,0.28007826919472495,0.2635588917751298,0.2958999593590581,0.2045658313950827,0.20001374531623928,0.2094340774902078,0.4299172476951417,0.4100708216353019,0.4496643745077569,0.41546529157043716,0.3862474859712948,0.44107380241184324,0.37209302325581395,0.23255813953488372,0.5116279069767442,0.03361566953218076,0.007066781963784844,0.0657148872405113,0.03361566953218076,0.008994500094416888,0.06516689606171693,0.0038762440861657608,0.0015171704857155337,0.007069814768294952,0.0,0.0,0.0,False
direct_invariance_only,False,0.0,2.0,0.0,43,0.017228197393029235,0.008883226576239564,0.02807665945485581,0.04790875023235567,0.03273462571139526,0.06389775310979132,0.16708729271482248,0.1541910079688562,0.17908772672488582,0.2762683139637459,0.25801273751787324,0.29295649374726895,0.2045658313950827,0.20001374531623928,0.2094340774902078,0.4299172476951417,0.4100708216353019,0.4496643745077569,0.3955385741236441,0.3598718315470931,0.4263401724690894,0.3953488372093023,0.2558139534883721,0.5581395348837209,0.07996579284922256,0.04190907521759044,0.12806736827959858,0.07996579284922256,0.039230510016003875,0.12544057295043382,0.017228197393029235,0.008883226576239564,0.02807665945485581,0.023255813953488372,0.0,0.06976744186046512,False
direct_invariance_only,False,0.0,5.0,0.0,43,0.07616669918562091,0.05035860464410034,0.10488396159828056,0.037750251866850874,0.024327343880558246,0.05198426920777505,0.147703612852523,0.1330881055874632,0.16251238345313437,0.2672125150471233,0.24819898239965008,0.2849881735716968,0.2045658313950827,0.20001374531623928,0.2094340774902078,0.4299172476951417,0.4100708216353019,0.4496643745077569,0.3706203775679822,0.33140326919884466,0.4041396423704102,0.4186046511627907,0.27906976744186046,0.5813953488372093,0.13792624149196142,0.08974807749279629,0.19571584809291867,0.13792624149196142,0.08978137898805864,0.18957301042532024,0.07616669918562091,0.05035860464410034,0.10488396159828056,0.046511627906976744,0.0,0.11627906976744186,False
ordinary_actionable_recourse,True,1.0,0.0,0.0,43,0.003533055875883546,0.0008344970816789671,0.006722923541484877,0.04668437603849476,0.031192342715057685,0.06189833809720241,0.18463121715212408,0.1754406532942157,0.19419034665438747,0.2800658952531426,0.2651038840196507,0.29525661148174215,0.2045658313950827,0.20001374531623928,0.2094340774902078,0.4299172476951417,0.4100708216353019,0.4496643745077569,0.424007713870207,0.40331959098750714,0.44350890678217597,0.3953488372093023,0.2558139534883721,0.5348837209302325,0.013745747249305995,0.004386803922207139,0.025601689877342883,0.0,0.0,0.0,0.0,0.0,0.0,0.0,0.0,0.0,False
direct_invariance_only,False,1.0,0.5,0.0,43,0.00854003836595735,0.00436384994103465,0.01286181810766805,0.04374402688908059,0.029493313482411684,0.058429081350534734,0.1776411456507283,0.16562064682089517,0.18871884984351722,0.2782039717706137,0.2631839882062618,0.2936725376672003,0.2045658313950827,0.20001374531623928,0.2094340774902078,0.4299172476951417,0.4100708216353019,0.4496643745077569,0.41305400676340565,0.3887568995091844,0.43658661836447293,0.3953488372093023,0.2558139534883721,0.5348837209302325,0.03922438800058092,0.016853037519637303,0.07077939707986552,0.025478640751274928,0.005009458143114026,0.053460580958478374,0.005006982490073803,0.0016689941633579342,0.008365833243831626,0.0,0.0,0.0,False
direct_invariance_only,False,1.0,0.7133235961881897,0.0,43,0.010552220739597497,0.006184667782034985,0.015216015019389085,0.04322635940095278,0.028826961963545974,0.058416058542160774,0.1750778262009998,0.16314337901768203,0.18579832186106374,0.2775838817794656,0.26212736633497963,0.29313655058571764,0.2045658313950827,0.20001374531623928,0.2094340774902078,0.4299172476951417,0.4100708216353019,0.4496643745077569,0.407280986730121,0.3812041538968454,0.43224413119964494,0.4186046511627907,0.27906976744186046,0.5813953488372093,0.052652600207080624,0.025691909867132465,0.08625760177125086,0.03890685295777463,0.01353243703363694,0.07232761332888749,0.007019164863713952,0.0033379883267158684,0.011534838482391003,0.023255813953488372,0.0,0.06976744186046512,True
direct_invariance_only,False,1.0,1.0,0.0,43,0.01172990603155868,0.007214232412881629,0.016592470877045806,0.043341902195219224,0.02914943666569828,0.058727273825500255,0.17346682545450873,0.1615890103126222,0.18404084922767983,0.2771562398519627,0.26154296676693267,0.29285755710416406,0.2045658313950827,0.20001374531623928,0.2094340774902078,0.4299172476951417,0.4100708216353019,0.4496643745077569,0.405469008072671,0.37846992439856736,0.4307178258341245,0.4186046511627907,0.27906976744186046,0.5813953488372093,0.056867315171795996,0.029210651849492526,0.0909469526005724,0.04312156792249,0.015776848668089236,0.07586516203035627,0.008196850155675135,0.003977417859227159,0.013203832645748937,0.023255813953488372,0.0,0.06976744186046512,False
direct_invariance_only,False,1.0,2.0,0.0,43,0.024489386830219003,0.014528283180105824,0.03665991639068653,0.04334757135759743,0.029296633012466246,0.05841372748926136,0.1641907301260159,0.15251200191345007,0.17610080729933816,0.2746451042245987,0.2567829997646947,0.2911602114110665,0.2045658313950827,0.20001374531623928,0.2094340774902078,0.4299172476951417,0.4100708216353019,0.4496643745077569,0.39097739524888586,0.35718149421286355,0.420328921444139,0.3953488372093023,0.2558139534883721,0.5581395348837209,0.09057522733739787,0.05315289561388172,0.13782233378341802,0.07682948008809187,0.03508226086775602,0.12292744301880941,0.020956330954335457,0.010308850883657848,0.033224684374710156,0.0,-0.06976744186046512,0.06976744186046512,False
direct_invariance_only,False,1.0,5.0,0.0,43,0.07753945202674976,0.05172155769758446,0.10591804958056918,0.03747966206446221,0.02402392576419404,0.05197750446271534,0.1474456602940544,0.13283017054783613,0.162258444121419,0.2669712356183418,0.24796199268163288,0.2846987005648051,0.2045658313950827,0.20001374531623928,0.2094340774902078,0.4299172476951417,0.4100708216353019,0.4496643745077569,0.3703497877655936,0.3309706124454157,0.4037627504082064,0.4186046511627907,0.27906976744186046,0.5813953488372093,0.13855564122839747,0.09020524824351295,0.19699022645933711,0.12480989397909148,0.07311716984744153,0.17983922004499417,0.07400639615086622,0.047501124006284534,0.10277935742552197,0.023255813953488372,-0.046511627906976744,0.09302325581395349,False
ordinary_actionable_recourse,True,3.0,0.0,0.0,43,0.025518951461065646,0.01354078874858313,0.039114103013606266,0.03434265081803281,0.022004763898732297,0.04811915859313901,0.17895039651764985,0.17012640788862174,0.1888450235657065,0.275007986745169,0.2602045793216242,0.29010785447736814,0.2045658313950827,0.20001374531623928,0.2094340774902078,0.4299172476951417,0.4100708216353019,0.4496643745077569,0.40977266423476133,0.39231370151468276,0.4269918340801384,0.46511627906976744,0.32558139534883723,0.627906976744186,0.046856885989987274,0.02856909055547306,0.06553727682746084,0.0,0.0,0.0,0.0,0.0,0.0,0.0,0.0,0.0,False
direct_invariance_only,False,3.0,0.5,0.0,43,0.02718794562442358,0.015555500213143439,0.04078191336850787,0.03439317706390686,0.021586184114577717,0.04825540479958969,0.17285243058011088,0.16130564539026407,0.18405806493687968,0.2743920217766318,0.2593810986770793,0.28953299482114786,0.2045658313950827,0.20001374531623928,0.2094340774902078,0.4299172476951417,0.4100708216353019,0.4496643745077569,0.40180983252324826,0.3789884015494563,0.42292463171294875,0.46511627906976744,0.32558139534883723,0.627906976744186,0.0653786637372239,0.03813388863021061,0.10002146057375809,0.018521777747236623,-0.0011573411674599243,0.04694386371636565,0.0016689941633579342,-0.0027455056822577187,0.0060834940089735876,0.0,0.0,0.0,False
direct_invariance_only,False,3.0,0.7133235961881897,0.0,43,0.028365630916384763,0.016929426979879997,0.04162382636609119,0.03439317706390686,0.021586184114577717,0.04825540479958969,0.17076710797720368,0.15941540746031702,0.1816913691657138,0.274083056941975,0.25900223047450877,0.2895184596047498,0.2045658313950827,0.20001374531623928,0.2094340774902078,0.4299172476951417,0.4100708216353019,0.4496643745077569,0.3982103193212181,0.3736481390542978,0.42072098518448137,0.46511627906976744,0.32558139534883723,0.627906976744186,0.07375123595042954,0.04470997925856279,0.11048567005399682,0.026894349960442265,0.0010554043239802886,0.058565482366816995,0.002846679455319116,-0.0016147672783496769,0.0076043675112169844,0.0,0.0,0.0,True
direct_invariance_only,False,3.0,1.0,0.0,43,0.030767948388360267,0.019137850574889155,0.04474516488221842,0.033955318694284885,0.021069594937270012,0.047604119325334426,0.16942544091843728,0.15839198569961013,0.1800778125785792,0.2735828041683796,0.2586521770870096,0.28916988846044556,0.2045658313950827,0.20001374531623928,0.2094340774902078,0.4299172476951417,0.4100708216353019,0.4496643745077569,0.39584493949987964,0.37041913452391945,0.41927818589231863,0.46511627906976744,0.32558139534883723,0.627906976744186,0.07925317808934029,0.05126984373473894,0.1152821000645252,0.03239629209935302,0.007417345101959286,0.06428435714649032,0.00524899692729462,-0.00019506754916767742,0.010888128952924596,0.0,0.0,0.0,False
direct_invariance_only,False,3.0,2.0,0.0,43,0.04411990169522374,0.03008039829559451,0.05913394279778004,0.033063656376737895,0.02055364371663823,0.04657964966529253,0.1617344505111101,0.15015097792004456,0.17365897320844004,0.2703814570640409,0.25414680721628113,0.28567263340404214,0.2045658313950827,0.20001374531623928,0.2094340774902078,0.4299172476951417,0.4100708216353019,0.4496643745077569,0.3803393204263526,0.3493774965019112,0.4073462657034247,0.46511627906976744,0.32558139534883723,0.627906976744186,0.115319698231659,0.07807343761238741,0.16181380369999482,0.06846281224167172,0.028454419460402777,0.11475453286014982,0.018600950234158094,0.00770066459554919,0.03150854155767795,0.0,0.0,0.0,False
direct_invariance_only,False,3.0,5.0,0.0,43,0.11327470587783081,0.08327826648127547,0.14881587389986528,0.026708641964080407,0.014728073642608466,0.041468660263648996,0.14460442520627312,0.13057688220844837,0.15938831417702584,0.26173830734089365,0.24373324311360023,0.27816479490896645,0.2045658313950827,0.20001374531623928,0.2094340774902078,0.4299172476951417,0.4100708216353019,0.4496643745077569,0.358230009684587,0.32049998497228394,0.38991301078890545,0.4883720930232558,0.3488372093023256,0.627906976744186,0.16674659692041194,0.11765327746318595,0.2236200373425899,0.11988971093042466,0.06802931275918925,0.18114695480704457,0.08775575441676517,0.0565264209736745,0.12443032644385861,0.023255813953488372,0.0,0.06976744186046512,False
ordinary_actionable_recourse,True,10.0,0.0,0.0,43,0.13126867108566817,0.08046744497449591,0.19119805888770972,0.01488765430797893,0.0079639090941744,0.02366026244622187,0.1738870899241022,0.16481226841223767,0.18360633788721195,0.2636587555671847,0.2505898016504944,0.27654323953875276,0.2045658313950827,0.20001374531623928,0.2094340774902078,0.4299172476951417,0.4100708216353019,0.4496643745077569,0.38907188075000665,0.3768738815508322,0.4017832902314858,0.5348837209302325,0.3953488372093023,0.6744186046511628,0.09500750938491986,0.06905936527841573,0.11875493243403441,0.0,0.0,0.0,0.0,0.0,0.0,0.0,0.0,0.0,False
direct_invariance_only,False,10.0,0.5,0.0,43,0.13824088888805966,0.08589115785651429,0.20110569180877402,0.01436113862641543,0.007431044940298404,0.02332728582535813,0.16811600850677003,0.15710915206461448,0.17963266257263621,0.2626618197144464,0.24955643633986974,0.27599245652253196,0.2045658313950827,0.20001374531623928,0.2094340774902078,0.4299172476951417,0.4100708216353019,0.4496643745077569,0.3801946717890865,0.363553741746696,0.3959277720970585,0.5581395348837209,0.4186046511627907,0.6976744186046512,0.11565615516154859,0.08516637937013373,0.14553289633759214,0.020648645776628727,0.0,0.048248501435156264,0.006972217802391495,0.0,0.01843402458917954,0.023255813953488372,0.0,0.06976744186046512,False
direct_invariance_only,False,10.0,0.7133235961881897,0.0,43,0.13941857418002085,0.08762730613654089,0.20171530497541956,0.01436113862641543,0.007431044940298404,0.02332728582535813,0.16603068590386283,0.1551761896712997,0.17702785353101308,0.2623528548797896,0.249062966457893,0.2759400838682818,0.2045658313950827,0.20001374531623928,0.2094340774902078,0.4299172476951417,0.4100708216353019,0.4496643745077569,0.37659515858705633,0.3572919454225305,0.394765115979503,0.5581395348837209,0.4186046511627907,0.6976744186046512,0.12402872737475412,0.09351952070351432,0.15736460690287202,0.029021217989834258,0.004009610967185099,0.060433959977321046,0.008149903094352678,0.0008344970816789671,0.02008215632549552,0.023255813953488372,0.0,0.06976744186046512,True
direct_invariance_only,False,10.0,1.0,0.0,43,0.14859075748989747,0.08921401321368162,0.2170069521487972,0.013596322014632551,0.0069815543557765645,0.022101572563630448,0.16416031803666295,0.15329755279204307,0.1749969736194896,0.2619880679561648,0.24842679146027496,0.27555836760980446,0.2045658313950827,0.20001374531623928,0.2094340774902078,0.4299172476951417,0.4100708216353019,0.4496643745077569,0.37291720564551406,0.3536134825551576,0.39181906119928095,0.5581395348837209,0.4186046511627907,0.6976744186046512,0.13258375269941935,0.10182577678579342,0.16464605064841398,0.03757624331449949,0.01305444924739604,0.0700450673583925,0.01732208640422932,0.0028539391797642376,0.037328378918992225,0.023255813953488372,0.0,0.06976744186046512,False
direct_invariance_only,False,10.0,2.0,0.0,43,0.15894791076696196,0.10306553767430922,0.22411737476020704,0.013596322014632551,0.0069815543557765645,0.022101572563630448,0.15674961713542557,0.14594162730505353,0.16839521962956908,0.25929545082671696,0.24456770223197202,0.27319005506632976,0.2045658313950827,0.20001374531623928,0.2094340774902078,0.4299172476951417,0.4100708216353019,0.4496643745077569,0.3579926854744294,0.3314615259626652,0.3808113851036017,0.5581395348837209,0.4186046511627907,0.6976744186046512,0.16729861992351303,0.13313605162360953,0.20442826830220082,0.07229111053859316,0.032813305611448906,0.11838650284407978,0.027679239681293797,0.010871025419599096,0.05058403540359333,0.023255813953488372,0.0,0.06976744186046512,False
direct_invariance_only,False,10.0,5.0,0.0,43,0.19241440070922985,0.1406023544346004,0.25319719054887796,0.014471062005723968,0.007982825932429063,0.023051689046551572,0.14159052807898675,0.1281691794691506,0.15515529241229892,0.2549221541645915,0.2380353421427656,0.2705302200518375,0.2045658313950827,0.20001374531623928,0.2094340774902078,0.4299172476951417,0.4100708216353019,0.4496643745077569,0.3445593135028077,0.3105699774566728,0.3729453286576879,0.5348837209302325,0.3953488372093023,0.6744186046511628,0.19854503314289473,0.15633887123748455,0.24347890767521013,0.10353752375797487,0.051381527346362206,0.16182227397157561,0.061145729623561684,0.03229334134132017,0.09410724637726711,0.0,0.0,0.0,False
ordinary_actionable_recourse,True,30.0,0.0,0.0,43,0.3286034527213074,0.21241463036384695,0.45364555472204854,0.0019459575304626177,0.000815534839065796,0.003277055613214679,0.1759823985646275,0.16532200876112513,0.18752736467713685,0.2534100624711014,0.24327630993238716,0.26342550548616533,0.2045658313950827,0.20001374531623928,0.2094340774902078,0.4299172476951417,0.4100708216353019,0.4496643745077569,0.3739883919438613,0.36632022452753815,0.38059105199395316,0.7441860465116279,0.6046511627906976,0.8610465116279065,0.13009214226952837,0.09863611866553453,0.15840532253450856,0.0,0.0,0.0,0.0,0.0,0.0,0.0,0.0,0.0,False
direct_invariance_only,False,30.0,0.5,0.0,43,0.3302724468846654,0.21408254976795857,0.45431628747041836,0.0019459575304626177,0.000815534839065796,0.003277055613214679,0.17039857087180846,0.1586386236337217,0.18280662971438322,0.25279409750256426,0.24245312073332972,0.26311453762789105,0.2045658313950827,0.20001374531623928,0.2094340774902078,0.4299172476951417,0.4100708216353019,0.4496643745077569,0.36597503398647413,0.3526823184141306,0.3775040475762632,0.7441860465116279,0.6046511627906976,0.8610465116279065,0.14873144553160522,0.11398067939645148,0.17954979238103916,0.018639303262076856,0.0,0.04664114569853166,0.0016689941633579342,0.0,0.004172485408394835,0.0,0.0,0.0,False
direct_invariance_only,False,30.0,0.7133235961881897,0.0,43,0.33145013217662656,0.21548742615986008,0.4553108458688786,0.0019459575304626177,0.000815534839065796,0.003277055613214679,0.1683132482689013,0.15660048756878606,0.18061156187835098,0.25248513266790745,0.2419548267845151,0.2628269327241321,0.2045658313950827,0.20001374531623928,0.2094340774902078,0.4299172476951417,0.4100708216353019,0.4496643745077569,0.36237552078444396,0.34589627496418085,0.3756070237260881,0.7441860465116279,0.6046511627906976,0.8610465116279065,0.15710401774481075,0.12226175133177877,0.19010154982425725,0.027011875475282388,0.0010981576066565774,0.0576660275450449,0.002846679455319116,0.00034318821028221484,0.00584147957175277,0.0,0.0,0.0,True
direct_invariance_only,False,30.0,1.0,0.0,43,0.33238579289511194,0.21600376338113186,0.4563380629019162,0.0019459575304626177,0.000815534839065796,0.003277055613214679,0.16720043445566646,0.15582392787512997,0.17968259960485028,0.2520694719670817,0.24153739090272508,0.2624660493979274,0.2045658313950827,0.20001374531623928,0.2094340774902078,0.4299172476951417,0.4100708216353019,0.4496643745077569,0.35946238445468454,0.3428360373824378,0.37382128249879987,0.7441860465116279,0.6046511627906976,0.8610465116279065,0.16388005742541734,0.13054826767857683,0.1959277255333522,0.03378791515588897,0.009975345808120326,0.06679614606771715,0.003782340173804483,0.0014269695898821188,0.006786566119381159,0.0,0.0,0.0,False
direct_invariance_only,False,30.0,2.0,0.0,43,0.34519948091271313,0.22729694087404845,0.46910711734577315,0.0018917032658344324,0.0007617407088883738,0.003209268789216197,0.15898177537495903,0.147070380066902,0.171039926551471,0.2492067199633565,0.2371974491665876,0.26040479755462254,0.2045658313950827,0.20001374531623928,0.2094340774902078,0.4299172476951417,0.4100708216353019,0.4496643745077569,0.3441910203406451,0.3217008292613228,0.3627104733946832,0.7674418604651163,0.627906976744186,0.8837209302325582,0.19940169373080352,0.16441572141097902,0.23302824177170695,0.06930955146127515,0.0282868531765837,0.11508548482047468,0.016596028191405675,0.007210710989094751,0.027893718901675104,0.023255813953488372,0.0,0.06976744186046512,False
direct_invariance_only,False,30.0,5.0,0.0,43,0.39993642989632694,0.28379698760460975,0.5246075522761012,0.0017614889523329474,0.0006720496472581839,0.003096524629868587,0.14210199392753778,0.12880197758833206,0.15679761922911176,0.24381070428116378,0.2299017162452084,0.25635016756348833,0.2045658313950827,0.20001374531623928,0.2094340774902078,0.4299172476951417,0.4100708216353019,0.4496643745077569,0.3280912206770767,0.2992403361413442,0.3513456962461545,0.7674418604651163,0.6505813953488373,0.8837209302325582,0.23685029517650524,0.19571590383717705,0.27917033261142365,0.10675815290697688,0.055406957911429,0.16361716027930961,0.0713329771750195,0.038143265522410014,0.10622307922864375,0.023255813953488372,-0.046511627906976744,0.09302325581395349,False
transport_anchor_only,False,0.0,0.0,0.1,43,0.0,0.0,0.0,0.05247723509361281,0.03648719658389293,0.06903346808207193,0.18552713300114423,0.17622294102981995,0.1947720664874107,0.28125174967355504,0.2654785971720378,0.2966594375973178,0.2045658313950827,0.20001374531623928,0.2094340774902078,0.4299172476951417,0.4100708216353019,0.4496643745077569,0.4299172476951417,0.4081416193262875,0.4496622523302456,0.37209302325581395,0.23255813953488372,0.5116279069767442,0.0,0.0,0.0,0.0,0.0,0.0,0.0,0.0,0.0,0.0,0.0,0.0,False
mediation_aware_recourse,False,0.0,0.5,0.1,43,0.002012182373640149,0.0,0.004515673618677051,0.051565671580041925,0.03588329328214313,0.06730958142010551,0.17919075721513147,0.16765498181481606,0.18979042979272545,0.28062997056647787,0.2645897494650684,0.2963385498281135,0.2045658313950827,0.20001374531623928,0.2094340774902078,0.4299172476951417,0.4100708216353019,0.4496643745077569,0.4209923262241837,0.3958843085212493,0.44415547956004686,0.37209302325581395,0.23255813953488372,0.5116279069767442,0.020759626460222336,0.0,0.051276443210261376,0.020759626460222336,0.0,0.048539826356905916,0.002012182373640149,0.0,0.004515673618677051,0.0,0.0,0.0,False
mediation_aware_recourse,False,0.0,0.7133235961881897,0.1,43,0.0031898676656013313,0.0008307940651511038,0.006185841454236313,0.051565671580041925,0.03588329328214313,0.06730958142010551,0.1771054346122243,0.1657680852418471,0.1875445895839678,0.28032100573182106,0.2639321896854009,0.2960872409995212,0.2045658313950827,0.20001374531623928,0.2094340774902078,0.4299172476951417,0.4100708216353019,0.4496643745077569,0.41739281302215353,0.3893498868009358,0.44226412306070517,0.37209302325581395,0.23255813953488372,0.5116279069767442,0.029132198673427978,0.003145961596989122,0.06353779882928055,0.029132198673427978,0.003347144420077519,0.05998318218157173,0.0031898676656013313,0.0008307940651511038,0.006185841454236313,0.0,0.0,0.0,True
mediation_aware_recourse,False,0.0,1.0,0.1,43,0.004710741167844728,0.0015208735022433969,0.008391917704842811,0.051565671580041925,0.03588329328214313,0.06730958142010551,0.17545569291643476,0.1635845163741549,0.18589108871069973,0.27978285748598186,0.26311239281366033,0.2954609274236096,0.2045658313950827,0.20001374531623928,0.2094340774902078,0.4299172476951417,0.4100708216353019,0.4496643745077569,0.414684699201358,0.38504194732549585,0.44055813047522996,0.37209302325581395,0.23255813953488372,0.5116279069767442,0.035431350045730836,0.008319358090683755,0.0690792447265738,0.035431350045730836,0.009996043154204569,0.06814246256747472,0.004710741167844728,0.0015208735022433969,0.008391917704842811,0.0,0.0,0.0,False
mediation_aware_recourse,False,0.0,2.0,0.1,43,0.017228197393029235,0.008883226576239564,0.02807665945485581,0.04790875023235567,0.03273462571139526,0.06389775310979132,0.16708729271482248,0.1541910079688562,0.17908772672488582,0.2762683139637459,0.25801273751787324,0.29295649374726895,0.2045658313950827,0.20001374531623928,0.2094340774902078,0.4299172476951417,0.4100708216353019,0.4496643745077569,0.3955385741236441,0.3598718315470931,0.4263401724690894,0.3953488372093023,0.2558139534883721,0.5581395348837209,0.07996579284922256,0.04190907521759044,0.12806736827959858,0.07996579284922256,0.039230510016003875,0.12544057295043382,0.017228197393029235,0.008883226576239564,0.02807665945485581,0.023255813953488372,0.0,0.06976744186046512,False
mediation_aware_recourse,False,0.0,5.0,0.1,43,0.07616669918562091,0.05035860464410034,0.10488396159828056,0.037750251866850874,0.024327343880558246,0.05198426920777505,0.147703612852523,0.1330881055874632,0.16251238345313437,0.2672125150471233,0.24819898239965008,0.2849881735716968,0.2045658313950827,0.20001374531623928,0.2094340774902078,0.4299172476951417,0.4100708216353019,0.4496643745077569,0.3706203775679822,0.33140326919884466,0.4041396423704102,0.4186046511627907,0.27906976744186046,0.5813953488372093,0.13792624149196142,0.08974807749279629,0.19571584809291867,0.13792624149196142,0.08978137898805864,0.18957301042532024,0.07616669918562091,0.05035860464410034,0.10488396159828056,0.046511627906976744,0.0,0.11627906976744186,False
transport_anchor_only,False,1.0,0.0,0.1,43,0.004367552957562513,0.0013678761523996676,0.00785366194539292,0.045853886073946803,0.030522505555725884,0.06107070427206849,0.18420169483689722,0.17476985383694157,0.19394765156572424,0.27975477009665134,0.26488276078300765,0.29483778989375675,0.2045658313950827,0.20001374531623928,0.2094340774902078,0.4299172476951417,0.4100708216353019,0.4496643745077569,0.42317722390565904,0.40280936398354755,0.4433425229363671,0.3953488372093023,0.2558139534883721,0.5348837209302325,0.015677491018602052,0.005490946651238449,0.027642940337371753,0.001931743769296057,0.0,0.005840926704898974,0.0008344970816789671,0.0,0.0025034912450369014,0.0,0.0,0.0,False
mediation_aware_recourse,False,1.0,0.5,0.1,43,0.00854003836595735,0.00436384994103465,0.01286181810766805,0.04374402688908059,0.029493313482411684,0.058429081350534734,0.1776411456507283,0.16562064682089517,0.18871884984351722,0.2782039717706137,0.2631839882062618,0.2936725376672003,0.2045658313950827,0.20001374531623928,0.2094340774902078,0.4299172476951417,0.4100708216353019,0.4496643745077569,0.41305400676340565,0.3887568995091844,0.43658661836447293,0.3953488372093023,0.2558139534883721,0.5348837209302325,0.03922438800058092,0.016853037519637303,0.07077939707986552,0.025478640751274928,0.005009458143114026,0.053460580958478374,0.005006982490073803,0.0016689941633579342,0.008365833243831626,0.0,0.0,0.0,False
mediation_aware_recourse,False,1.0,0.7133235961881897,0.1,43,0.011386717821276465,0.0068710442025994144,0.01654299464466613,0.04259487631132602,0.028200618468419737,0.05754790448060174,0.1747951631724346,0.16293578504090617,0.18525344649490658,0.27726961421065555,0.2617717812790774,0.2928344918826465,0.2045658313950827,0.20001374531623928,0.2094340774902078,0.4299172476951417,0.4100708216353019,0.4496643745077569,0.40664950364049424,0.3807122598840818,0.430989756765662,0.4186046511627907,0.27906976744186046,0.5813953488372093,0.05412144820750908,0.027470323237836252,0.08763074541140764,0.04037570095820309,0.015564280796820582,0.07272827647958299,0.00785366194539292,0.004024364747280298,0.012522332913913695,0.023255813953488372,0.0,0.06976744186046512,True
mediation_aware_recourse,False,1.0,1.0,0.1,43,0.012564403113237647,0.007896905816918195,0.017918276830121524,0.043341902195219224,0.02914943666569828,0.058727273825500255,0.17264850527801334,0.1608366377216819,0.1835060358964243,0.2768608281432196,0.261249711035296,0.29231778469889663,0.2045658313950827,0.20001374531623928,0.2094340774902078,0.4299172476951417,0.4100708216353019,0.4496643745077569,0.40468841570359176,0.3769219697186855,0.43057584901608426,0.4186046511627907,0.27906976744186046,0.5813953488372093,0.058682995685346295,0.0295834424076145,0.09335789045189688,0.0449372484360403,0.016595854910212995,0.07859316569537964,0.009031347237354102,0.004367552957562513,0.01438522095423798,0.023255813953488372,0.0,0.06976744186046512,False
mediation_aware_recourse,False,1.0,2.0,0.1,43,0.02532388391189797,0.015705968472067008,0.03711152821562664,0.042976456879952094,0.029284430507632218,0.05775393907564508,0.16396763446348453,0.1521606247637563,0.17565461597427542,0.27433083665578867,0.2567554389819676,0.29041055319181014,0.2045658313950827,0.20001374531623928,0.2094340774902078,0.4299172476951417,0.4100708216353019,0.4496643745077569,0.39060628077124054,0.3569651888650289,0.41977496358349403,0.3953488372093023,0.2558139534883721,0.5581395348837209,0.09143845038703113,0.05352602791509262,0.13849240931227325,0.07769270313772514,0.036422831816339464,0.1235946489972511,0.021790828036014422,0.011237433370809222,0.03406387665200718,0.0,-0.06976744186046512,0.06976744186046512,False
mediation_aware_recourse,False,1.0,5.0,0.1,43,0.08087744035346564,0.05594234650867969,0.1092901806477024,0.03658799974691522,0.023154435415047987,0.050518058353856435,0.14696205740215323,0.13234656765593497,0.16177194751476753,0.2663447710490504,0.2476373763884916,0.2836434291004268,0.2045658313950827,0.20001374531623928,0.2094340774902078,0.4299172476951417,0.4100708216353019,0.4496643745077569,0.36945812544804657,0.3300789501278687,0.4031727727169632,0.4186046511627907,0.27906976744186046,0.5813953488372093,0.14062967366679657,0.09213669563371905,0.19842229592774788,0.12688392641749058,0.07446444083043757,0.1819966581813969,0.07734438447758209,0.052490110942270865,0.10625448350166512,0.023255813953488372,-0.046511627906976744,0.09302325581395349,False
transport_anchor_only,False,3.0,0.0,0.1,43,0.025518951461065646,0.01354078874858313,0.039114103013606266,0.03434265081803281,0.022004763898732297,0.04811915859313901,0.17895039651764985,0.17012640788862174,0.1888450235657065,0.275007986745169,0.2602045793216242,0.29010785447736814,0.2045658313950827,0.20001374531623928,0.2094340774902078,0.4299172476951417,0.4100708216353019,0.4496643745077569,0.40977266423476133,0.39231370151468276,0.4269918340801384,0.46511627906976744,0.32558139534883723,0.627906976744186,0.046856885989987274,0.02856909055547306,0.06553727682746084,0.0,0.0,0.0,0.0,0.0,0.0,0.0,0.0,0.0,False
mediation_aware_recourse,False,3.0,0.5,0.1,43,0.02718794562442358,0.015555500213143439,0.04078191336850787,0.03439317706390686,0.021586184114577717,0.04825540479958969,0.17285243058011088,0.16130564539026407,0.18405806493687968,0.2743920217766318,0.2593810986770793,0.28953299482114786,0.2045658313950827,0.20001374531623928,0.2094340774902078,0.4299172476951417,0.4100708216353019,0.4496643745077569,0.40180983252324826,0.3789884015494563,0.42292463171294875,0.46511627906976744,0.32558139534883723,0.627906976744186,0.0653786637372239,0.03813388863021061,0.10002146057375809,0.018521777747236623,-0.0011573411674599243,0.04694386371636565,0.0016689941633579342,-0.0027455056822577187,0.0060834940089735876,0.0,0.0,0.0,False
mediation_aware_recourse,False,3.0,0.7133235961881897,0.1,43,0.028365630916384763,0.016929426979879997,0.04162382636609119,0.03439317706390686,0.021586184114577717,0.04825540479958969,0.17076710797720368,0.15941540746031702,0.1816913691657138,0.274083056941975,0.25900223047450877,0.2895184596047498,0.2045658313950827,0.20001374531623928,0.2094340774902078,0.4299172476951417,0.4100708216353019,0.4496643745077569,0.3982103193212181,0.3736481390542978,0.42072098518448137,0.46511627906976744,0.32558139534883723,0.627906976744186,0.07375123595042954,0.04470997925856279,0.11048567005399682,0.026894349960442265,0.0010554043239802886,0.058565482366816995,0.002846679455319116,-0.0016147672783496769,0.0076043675112169844,0.0,0.0,0.0,True
mediation_aware_recourse,False,3.0,1.0,0.1,43,0.03160244547003924,0.019820705725443224,0.04514996599146099,0.033955318694284885,0.021069594937270012,0.047604119325334426,0.16860712074194192,0.15676624310692422,0.17965689989705338,0.2732873924596365,0.25789764919643143,0.28876692157152084,0.2045658313950827,0.20001374531623928,0.2094340774902078,0.4299172476951417,0.4100708216353019,0.4496643745077569,0.39506434713080046,0.3688591700727383,0.4184975935232395,0.46511627906976744,0.32558139534883723,0.627906976744186,0.08106885860289037,0.05198474034483737,0.11798056756085588,0.0342119726129031,0.009023465769366698,0.06743819223818898,0.0060834940089735876,0.0004913088713967523,0.012263411138379986,0.0,0.0,0.0,False
mediation_aware_recourse,False,3.0,2.0,0.1,43,0.04411990169522374,0.03008039829559451,0.05913394279778004,0.033063656376737895,0.02055364371663823,0.04657964966529253,0.1617344505111101,0.15015097792004456,0.17365897320844004,0.2703814570640409,0.25414680721628113,0.28567263340404214,0.2045658313950827,0.20001374531623928,0.2094340774902078,0.4299172476951417,0.4100708216353019,0.4496643745077569,0.3803393204263526,0.3493774965019112,0.4073462657034247,0.46511627906976744,0.32558139534883723,0.627906976744186,0.115319698231659,0.07807343761238741,0.16181380369999482,0.06846281224167172,0.028454419460402777,0.11475453286014982,0.018600950234158094,0.00770066459554919,0.03150854155767795,0.0,0.0,0.0,False
mediation_aware_recourse,False,3.0,5.0,0.1,43,0.11464745871895968,0.08469495465112634,0.15008899070712367,0.026500234904241346,0.014338048364679069,0.04126025320380994,0.14445690620917587,0.1303326797363776,0.15922295295921965,0.26145051705629324,0.24372604835648523,0.27755028064860854,0.2045658313950827,0.20001374531623928,0.2094340774902078,0.4299172476951417,0.4100708216353019,0.4496643745077569,0.3580216026247479,0.32009359120559777,0.38949619666922736,0.4883720930232558,0.3488372093023256,0.627906976744186,0.16723135779231557,0.11842706322898167,0.22374600970375863,0.1203744718023283,0.06892910395160018,0.18200481070466099,0.08912850725789402,0.057744694752402084,0.12649433280796157,0.023255813953488372,0.0,0.06976744186046512,False
transport_anchor_only,False,10.0,0.0,0.1,43,0.13657189472470171,0.08408142298806545,0.19993348348192697,0.01436113862641543,0.007431044940298404,0.02332728582535813,0.1736998361995891,0.1646350314123544,0.18353735332507942,0.2632777846829836,0.2502088307662932,0.27599928577235616,0.2045658313950827,0.20001374531623928,0.2094340774902078,0.4299172476951417,0.4100708216353019,0.4496643745077569,0.38820802974647367,0.37621385350508846,0.4011826589673417,0.5581395348837209,0.4186046511627907,0.6976744186046512,0.09701685189947173,0.07018856376154792,0.1207525866578294,0.0020093425145518706,0.0,0.0061818321167951855,0.0053032236390335614,0.0,0.015909670917100684,0.023255813953488372,0.0,0.06976744186046512,False
mediation_aware_recourse,False,10.0,0.5,0.1,43,0.13824088888805966,0.08589115785651429,0.20110569180877402,0.01436113862641543,0.007431044940298404,0.02332728582535813,0.16811600850677003,0.15710915206461448,0.17963266257263621,0.2626618197144464,0.24955643633986974,0.27599245652253196,0.2045658313950827,0.20001374531623928,0.2094340774902078,0.4299172476951417,0.4100708216353019,0.4496643745077569,0.3801946717890865,0.363553741746696,0.3959277720970585,0.5581395348837209,0.4186046511627907,0.6976744186046512,0.11565615516154859,0.08516637937013373,0.14553289633759214,0.020648645776628727,0.0,0.048248501435156264,0.006972217802391495,0.0,0.01843402458917954,0.023255813953488372,0.0,0.06976744186046512,False
mediation_aware_recourse,False,10.0,0.7133235961881897,0.1,43,0.13941857418002085,0.08762730613654089,0.20171530497541956,0.01436113862641543,0.007431044940298404,0.02332728582535813,0.16603068590386283,0.1551761896712997,0.17702785353101308,0.2623528548797896,0.249062966457893,0.2759400838682818,0.2045658313950827,0.20001374531623928,0.2094340774902078,0.4299172476951417,0.4100708216353019,0.4496643745077569,0.37659515858705633,0.3572919454225305,0.394765115979503,0.5581395348837209,0.4186046511627907,0.6976744186046512,0.12402872737475412,0.09351952070351432,0.15736460690287202,0.029021217989834258,0.004009610967185099,0.060433959977321046,0.008149903094352678,0.0008344970816789671,0.02008215632549552,0.023255813953488372,0.0,0.06976744186046512,True
mediation_aware_recourse,False,10.0,1.0,0.1,43,0.14942525457157646,0.09019425754803558,0.21702781457583914,0.013596322014632551,0.0069815543557765645,0.022101572563630448,0.1633419978601676,0.15257332738126222,0.17477617890596894,0.2616926562474218,0.24808300193182603,0.2752664074345037,0.2045658313950827,0.20001374531623928,0.2094340774902078,0.4299172476951417,0.4100708216353019,0.4496643745077569,0.3721366132764348,0.35282723959454426,0.3911920183541282,0.5581395348837209,0.4186046511627907,0.6976744186046512,0.13439943321296954,0.10375372342229064,0.16689359235632936,0.03939192382804968,0.014042562277458306,0.07278269735370023,0.018156583485908286,0.0031878830540145557,0.03823242350156571,0.023255813953488372,0.0,0.06976744186046512,False
mediation_aware_recourse,False,10.0,2.0,0.1,43,0.15894791076696196,0.10306553767430922,0.22411737476020704,0.013596322014632551,0.0069815543557765645,0.022101572563630448,0.15674961713542557,0.14594162730505353,0.16839521962956908,0.25929545082671696,0.24456770223197202,0.27319005506632976,0.2045658313950827,0.20001374531623928,0.2094340774902078,0.4299172476951417,0.4100708216353019,0.4496643745077569,0.3579926854744294,0.3314615259626652,0.3808113851036017,0.5581395348837209,0.4186046511627907,0.6976744186046512,0.16729861992351303,0.13313605162360953,0.20442826830220082,0.07229111053859316,0.032813305611448906,0.11838650284407978,0.027679239681293797,0.010871025419599096,0.05058403540359333,0.023255813953488372,0.0,0.06976744186046512,False
mediation_aware_recourse,False,10.0,5.0,0.1,43,0.19241440070922985,0.1406023544346004,0.25319719054887796,0.014471062005723968,0.007982825932429063,0.023051689046551572,0.14159052807898675,0.1281691794691506,0.15515529241229892,0.2549221541645915,0.2380353421427656,0.2705302200518375,0.2045658313950827,0.20001374531623928,0.2094340774902078,0.4299172476951417,0.4100708216353019,0.4496643745077569,0.3445593135028077,0.3105699774566728,0.3729453286576879,0.5348837209302325,0.3953488372093023,0.6744186046511628,0.19854503314289473,0.15633887123748455,0.24347890767521013,0.10353752375797487,0.051381527346362206,0.16182227397157561,0.061145729623561684,0.03229334134132017,0.09410724637726711,0.0,0.0,0.0,False
transport_anchor_only,False,30.0,0.0,0.1,43,0.3286034527213074,0.21241463036384695,0.45364555472204854,0.0019459575304626177,0.000815534839065796,0.003277055613214679,0.1759823985646275,0.16532200876112513,0.18752736467713685,0.2534100624711014,0.24327630993238716,0.26342550548616533,0.2045658313950827,0.20001374531623928,0.2094340774902078,0.4299172476951417,0.4100708216353019,0.4496643745077569,0.3739883919438613,0.36632022452753815,0.38059105199395316,0.7441860465116279,0.6046511627906976,0.8610465116279065,0.13009214226952837,0.09863611866553453,0.15840532253450856,0.0,0.0,0.0,0.0,0.0,0.0,0.0,0.0,0.0,False
mediation_aware_recourse,False,30.0,0.5,0.1,43,0.3302724468846654,0.21408254976795857,0.45431628747041836,0.0019459575304626177,0.000815534839065796,0.003277055613214679,0.17039857087180846,0.1586386236337217,0.18280662971438322,0.25279409750256426,0.24245312073332972,0.26311453762789105,0.2045658313950827,0.20001374531623928,0.2094340774902078,0.4299172476951417,0.4100708216353019,0.4496643745077569,0.36597503398647413,0.3526823184141306,0.3775040475762632,0.7441860465116279,0.6046511627906976,0.8610465116279065,0.14873144553160522,0.11398067939645148,0.17954979238103916,0.018639303262076856,0.0,0.04664114569853166,0.0016689941633579342,0.0,0.004172485408394835,0.0,0.0,0.0,False
mediation_aware_recourse,False,30.0,0.7133235961881897,0.1,43,0.33145013217662656,0.21548742615986008,0.4553108458688786,0.0019459575304626177,0.000815534839065796,0.003277055613214679,0.1683132482689013,0.15660048756878606,0.18061156187835098,0.25248513266790745,0.2419548267845151,0.2628269327241321,0.2045658313950827,0.20001374531623928,0.2094340774902078,0.4299172476951417,0.4100708216353019,0.4496643745077569,0.36237552078444396,0.34589627496418085,0.3756070237260881,0.7441860465116279,0.6046511627906976,0.8610465116279065,0.15710401774481075,0.12226175133177877,0.19010154982425725,0.027011875475282388,0.0010981576066565774,0.0576660275450449,0.002846679455319116,0.00034318821028221484,0.00584147957175277,0.0,0.0,0.0,True
mediation_aware_recourse,False,30.0,1.0,0.1,43,0.3332202899767909,0.21652937438555583,0.4571725599835952,0.0019459575304626177,0.000815534839065796,0.003277055613214679,0.16638211427917113,0.1547202954217011,0.17936007174211333,0.2517740602583386,0.24082428728728447,0.2623439320168176,0.2045658313950827,0.20001374531623928,0.2094340774902078,0.4299172476951417,0.4100708216353019,0.4496643745077569,0.35868179208560536,0.34230256639482787,0.3733257144928019,0.7441860465116279,0.6046511627906976,0.8610465116279065,0.1656957379389674,0.13290638256443796,0.19762172583921486,0.03560359566943905,0.010386570723182479,0.06917141114869473,0.00461683725548345,0.0015208735022433969,0.00839209919795394,0.0,0.0,0.0,False
mediation_aware_recourse,False,30.0,2.0,0.1,43,0.34519948091271313,0.22729694087404845,0.46910711734577315,0.0018917032658344324,0.0007617407088883738,0.003209268789216197,0.15898177537495903,0.147070380066902,0.171039926551471,0.2492067199633565,0.2371974491665876,0.26040479755462254,0.2045658313950827,0.20001374531623928,0.2094340774902078,0.4299172476951417,0.4100708216353019,0.4496643745077569,0.3441910203406451,0.3217008292613228,0.3627104733946832,0.7674418604651163,0.627906976744186,0.8837209302325582,0.19940169373080352,0.16441572141097902,0.23302824177170695,0.06930955146127515,0.0282868531765837,0.11508548482047468,0.016596028191405675,0.007210710989094751,0.027893718901675104,0.023255813953488372,0.0,0.06976744186046512,False
mediation_aware_recourse,False,30.0,5.0,0.1,43,0.39993642989632694,0.28379698760460975,0.5246075522761012,0.0017614889523329474,0.0006720496472581839,0.003096524629868587,0.14210199392753778,0.12880197758833206,0.15679761922911176,0.24381070428116378,0.2299017162452084,0.25635016756348833,0.2045658313950827,0.20001374531623928,0.2094340774902078,0.4299172476951417,0.4100708216353019,0.4496643745077569,0.3280912206770767,0.2992403361413442,0.3513456962461545,0.7674418604651163,0.6505813953488373,0.8837209302325582,0.23685029517650524,0.19571590383717705,0.27917033261142365,0.10675815290697688,0.055406957911429,0.16361716027930961,0.0713329771750195,0.038143265522410014,0.10622307922864375,0.023255813953488372,-0.046511627906976744,0.09302325581395349,False
transport_anchor_only,False,0.0,0.0,0.5,43,0.0,0.0,0.0,0.05247723509361281,0.03648719658389293,0.06903346808207193,0.18552713300114423,0.17622294102981995,0.1947720664874107,0.28125174967355504,0.2654785971720378,0.2966594375973178,0.2045658313950827,0.20001374531623928,0.2094340774902078,0.4299172476951417,0.4100708216353019,0.4496643745077569,0.4299172476951417,0.4081416193262875,0.4496622523302456,0.37209302325581395,0.23255813953488372,0.5116279069767442,0.0,0.0,0.0,0.0,0.0,0.0,0.0,0.0,0.0,0.0,0.0,0.0,False
mediation_aware_recourse,False,0.0,0.5,0.5,43,0.002846679455319116,0.00034318821028221484,0.005697061927166092,0.051565671580041925,0.03588329328214313,0.06730958142010551,0.17772101561551043,0.166185240215195,0.18776173708228602,0.2803282733400201,0.2639400023642148,0.2960946902979252,0.2045658313950827,0.20001374531623928,0.2094340774902078,0.4299172476951417,0.4100708216353019,0.4496643745077569,0.41786170638251224,0.3898305024953034,0.4424599718875033,0.37209302325581395,0.23255813953488372,0.5116279069767442,0.028041539103772273,0.0020905154211519257,0.06203648771633056,0.028041539103772273,0.0021536249848076337,0.05882155646994331,0.002846679455319116,0.00034318821028221484,0.005697061927166092,0.0,0.0,0.0,False
mediation_aware_recourse,False,0.0,0.7133235961881897,0.5,43,0.003533055875883546,0.0010295646308466446,0.006722923541484877,0.051565671580041925,0.03588329328214313,0.06730958142010551,0.17666914202905232,0.16518032133666066,0.1871081426372574,0.2801843759452188,0.2636623458568613,0.2959203724272896,0.2045658313950827,0.20001374531623928,0.2094340774902078,0.4299172476951417,0.4100708216353019,0.4496643745077569,0.4158468330521272,0.38626913651128514,0.4413287465721244,0.37209302325581395,0.23255813953488372,0.5116279069767442,0.03272819296841045,0.006669138385245444,0.06551815433219622,0.03272819296841045,0.008127086770269739,0.06442614322206063,0.003533055875883546,0.0010295646308466446,0.006722923541484877,0.0,0.0,0.0,True
mediation_aware_recourse,False,0.0,1.0,0.5,43,0.00588842645980591,0.002355370583922364,0.010259682433896283,0.051565671580041925,0.03588329328214313,0.06730958142010551,0.17442863738733477,0.1630397867325745,0.18433261540643542,0.27938353946042616,0.26291581504913264,0.29516686162109984,0.2045658313950827,0.20001374531623928,0.2094340774902078,0.4299172476951417,0.4100708216353019,0.4496643745077569,0.4138402860268796,0.38385826725476,0.44012518283670093,0.37209302325581395,0.23255813953488372,0.5116279069767442,0.03739547960555989,0.010143355038763974,0.07116296736815127,0.03739547960555989,0.01166681414800402,0.07143733137307684,0.00588842645980591,0.002355370583922364,0.010259682433896283,0.0,0.0,0.0,False
mediation_aware_recourse,False,0.0,2.0,0.5,43,0.0236079327242319,0.012953364539371674,0.03593519808897791,0.04649882061588433,0.03142510787781411,0.062191096222561436,0.16417263410711436,0.15119268923435444,0.1769005628619035,0.274841048863045,0.25688826756681815,0.29152652453631167,0.2045658313950827,0.20001374531623928,0.2094340774902078,0.4299172476951417,0.4100708216353019,0.4496643745077569,0.391268597401458,0.3556215747688829,0.4223379085968795,0.3953488372093023,0.2558139534883721,0.5581395348837209,0.08989788267599319,0.04967312340897636,0.1396129486064931,0.08989788267599319,0.04756507675173255,0.13827602991821367,0.0236079327242319,0.012953364539371674,0.03593519808897791,0.023255813953488372,0.0,0.06976744186046512,False
mediation_aware_recourse,False,0.0,5.0,0.5,43,0.07753945202674976,0.05172155769758446,0.10591804958056918,0.03747966206446221,0.02402392576419404,0.05197750446271534,0.1474456602940544,0.13283017054783613,0.162258444121419,0.2669712356183418,0.24796199268163288,0.2846987005648051,0.2045658313950827,0.20001374531623928,0.2094340774902078,0.4299172476951417,0.4100708216353019,0.4496643745077569,0.3703497877655936,0.3309706124454157,0.4037627504082064,0.4186046511627907,0.27906976744186046,0.5813953488372093,0.13855564122839747,0.09020524824351295,0.19699022645933711,0.13855564122839747,0.09022093097636864,0.19075681217308385,0.07753945202674976,0.05172155769758446,0.10591804958056918,0.046511627906976744,0.0,0.11627906976744186,False
transport_anchor_only,False,1.0,0.0,0.5,43,0.007214232412881629,0.003533055875883546,0.011242300176689788,0.04335855448211647,0.029194469633133414,0.058200497959886015,0.1838472682352433,0.17433862218997068,0.19365892945264326,0.2786864554292934,0.26416473443901467,0.29359506140787933,0.2045658313950827,0.20001374531623928,0.2094340774902078,0.4299172476951417,0.4100708216353019,0.4496643745077569,0.4205586581474462,0.4013588290537575,0.43967174658022046,0.4186046511627907,0.27906976744186046,0.5581395348837209,0.021768350997473318,0.01081617086039795,0.033841942415843165,0.008022603748167323,0.0019614204600599287,0.015007937667272445,0.0036811765369980836,0.0008344970816789671,0.0068710442025994144,0.023255813953488372,0.0,0.06976744186046512,False
mediation_aware_recourse,False,1.0,0.5,0.5,43,0.011878026692673217,0.007214232412881629,0.017034303516062884,0.04184745125075608,0.02798722032854169,0.05710700605534877,0.17541131680776997,0.1634181934147977,0.18578410456947514,0.27696889976775924,0.2617076172341788,0.29235621255410965,0.2045658313950827,0.20001374531623928,0.2094340774902078,0.4299172476951417,0.4100708216353019,0.4496643745077569,0.40624773777390033,0.38090669664546173,0.4308174326516023,0.4418604651162791,0.3023255813953488,0.5813953488372093,0.055055967277743756,0.028955692302901872,0.08959928730763086,0.04131022002843776,0.01582268887874628,0.07348347709043775,0.00834497081678967,0.004172485408394835,0.013351953306863474,0.046511627906976744,0.0,0.11627906976744186,False
mediation_aware_recourse,False,1.0,0.7133235961881897,0.5,43,0.012564403113237647,0.008045026478032733,0.01757138560331145,0.04184745125075608,0.02798722032854169,0.05710700605534877,0.17435944322131186,0.16245211138472956,0.18509221361473563,0.27682500237295793,0.26153526721565534,0.29208399738336716,0.2045658313950827,0.20001374531623928,0.2094340774902078,0.4299172476951417,0.4100708216353019,0.4496643745077569,0.40423286444351536,0.37762742603580207,0.4293385184491014,0.4418604651162791,0.3023255813953488,0.5813953488372093,0.059742621142381824,0.03226262692965352,0.0944085528822233,0.04599687389307583,0.019719577317159474,0.07803495033748281,0.009031347237354102,0.004858861828959266,0.013890209066313367,0.046511627906976744,0.0,0.11627906976744186,True
mediation_aware_recourse,False,1.0,1.0,0.5,43,0.015411082568556764,0.010552220739597497,0.020910547602228644,0.04212899742588889,0.02805948710844709,0.05767135956231236,0.17138703020332,0.15988346992419156,0.1821406751310569,0.27583926049775853,0.2604717373804644,0.2912387586935142,0.2045658313950827,0.20001374531623928,0.2094340774902078,0.4299172476951417,0.4100708216353019,0.4496643745077569,0.4025078635934006,0.375077309009799,0.4279099363047884,0.4418604651162791,0.3023255813953488,0.5813953488372093,0.06375502320199389,0.03614287243419465,0.09826747534928791,0.05000927595268789,0.022790506738767865,0.08438695249584618,0.011878026692673217,0.007163582508300626,0.017231900409557094,0.046511627906976744,0.0,0.11627906976744186,False
mediation_aware_recourse,False,1.0,2.0,0.5,43,0.0350416075698165,0.022430247432270716,0.04864889553553143,0.039438102764018976,0.025861258007840338,0.054008186082658984,0.16124736783183072,0.14921059283013066,0.17398621689244306,0.2723110646529253,0.2553236684913552,0.28922545086635754,0.2045658313950827,0.20001374531623928,0.2094340774902078,0.4299172476951417,0.4100708216353019,0.4496643745077569,0.3838537197079189,0.3496840426767427,0.41423382066357695,0.46511627906976744,0.32558139534883723,0.627906976744186,0.10714510346857942,0.06749581946265285,0.15776973160632085,0.09339935621927342,0.049682774155914065,0.13922067788231274,0.031508551693932955,0.018701942514108366,0.04564096708023964,0.06976744186046512,0.0,0.16279069767441862,False
mediation_aware_recourse,False,1.0,5.0,0.5,43,0.08976066710297452,0.06300005995733447,0.11971029628847919,0.03584057468634528,0.022239391158109793,0.04978075692180315,0.14538954974369026,0.13018339027006198,0.15954545119736738,0.2651601384372212,0.24645936893255904,0.28252627936646685,0.2045658313950827,0.20001374531623928,0.2094340774902078,0.4299172476951417,0.4100708216353019,0.4496643745077569,0.36513807445736984,0.32656790886819975,0.39676290843233186,0.4418604651162791,0.3023255813953488,0.5813953488372093,0.15067823769589117,0.1020169678964075,0.20697499145623174,0.13693249044658518,0.08468920579789907,0.19459182035745168,0.08622761122709097,0.05893499015418943,0.11671380282401345,0.046511627906976744,-0.023255813953488372,0.13953488372093023,False
transport_anchor_only,False,3.0,0.0,0.5,43,0.027726201383873474,0.015559203229671302,0.04127439591210595,0.03369246257454144,0.020946519320989527,0.047843882855954395,0.17903393106099355,0.16985807525003888,0.18901019513458306,0.27440883531126864,0.25962832399838887,0.2892626761805353,0.2045658313950827,0.20001374531623928,0.2094340774902078,0.4299172476951417,0.4100708216353019,0.4496643745077569,0.40912247599126994,0.3915297277056928,0.4263415851986435,0.46511627906976744,0.32558139534883723,0.627906976744186,0.048369242721374994,0.029944545371736422,0.06725561651476146,0.0015123567313877206,0.0,0.0041501822937331755,0.0022072499228078264,0.0,0.0060834940089735876,0.0,0.0,0.0,False
mediation_aware_recourse,False,3.0,0.5,0.5,43,0.02939519554723141,0.017226841974310403,0.042935128289079943,0.03392433566900992,0.021507919992276296,0.047843882855954395,0.17160232549837937,0.16027760709612504,0.1820765560785281,0.27380544103162235,0.2586483933269804,0.2892065837957658,0.2045658313950827,0.20001374531623928,0.2094340774902078,0.4299172476951417,0.4100708216353019,0.4496643745077569,0.39821037128667974,0.37284950998385064,0.42061045016046467,0.46511627906976744,0.32558139534883723,0.627906976744186,0.07375111507725696,0.04455617271246932,0.11015722951553611,0.026894229087269683,0.0009685707617923062,0.05774251181139618,0.0038762440861657608,0.0008344970816789671,0.007995858281677546,0.0,0.0,0.0,False
mediation_aware_recourse,False,3.0,0.7133235961881897,0.5,43,0.03179751301920691,0.01967628808085655,0.046080205035071035,0.03348647729938794,0.020952785592398895,0.046985833351750106,0.17004020637244907,0.1586538273684372,0.18077560979016521,0.2734040274003217,0.2582271085229031,0.2887047093253323,0.2045658313950827,0.20001374531623928,0.2094340774902078,0.4299172476951417,0.4100708216353019,0.4496643745077569,0.39575763958667276,0.3702174170367793,0.41894546291634455,0.46511627906976744,0.32558139534883723,0.627906976744186,0.07945624022205278,0.050515534887124375,0.11588352183737988,0.0325993542320655,0.007254693916870636,0.06337949649740715,0.006278561558141265,0.0020591292616932893,0.01123131716320681,0.0,0.0,0.0,True
mediation_aware_recourse,False,3.0,1.0,0.5,43,0.03611811908871629,0.02398962403625943,0.05074318888228993,0.033063656376737895,0.02055364371663823,0.04657964966529253,0.1670964623209408,0.15552880388460028,0.17816838621826786,0.27226160986478937,0.2570900768409808,0.2868221812773236,0.2045658313950827,0.20001374531623928,0.2094340774902078,0.4299172476951417,0.4100708216353019,0.4496643745077569,0.39332827163877515,0.36750757886655294,0.41690676379948244,0.46511627906976744,0.32558139534883723,0.627906976744186,0.08510702060111841,0.05580936299458521,0.12120853310382226,0.03825013461113114,0.012787406459782625,0.07209049275950401,0.010599167627650638,0.002846679455319116,0.019926756187233816,0.0,0.0,0.0,False
mediation_aware_recourse,False,3.0,2.0,0.5,43,0.0535413840309132,0.03783744523778211,0.0701315171929986,0.03184501675959607,0.01933278483363919,0.04511488324516721,0.15908740498277782,0.14641051539781538,0.17181610429853986,0.268739512493444,0.252452249690717,0.28429436293582233,0.2045658313950827,0.20001374531623928,0.2094340774902078,0.4299172476951417,0.4100708216353019,0.4496643745077569,0.37515178465907034,0.34304204945697014,0.4029085572735495,0.4883720930232558,0.3488372093023256,0.627906976744186,0.12738605703697214,0.08690380313244235,0.17422644118836958,0.08052917104698487,0.036670380956327,0.128606153283531,0.02802243256984755,0.013593967744084291,0.04442453058653099,0.023255813953488372,0.0,0.06976744186046512,False
mediation_aware_recourse,False,3.0,5.0,0.5,43,0.12406894122791845,0.09116691989217733,0.1596138125112237,0.02620902668766829,0.0140460272748861,0.04059829629716137,0.14279396340307646,0.128234170494009,0.15661973545093189,0.2603035180201364,0.24306317336077607,0.27635698737360015,0.2045658313950827,0.20001374531623928,0.2094340774902078,0.4299172476951417,0.4100708216353019,0.4496643745077569,0.35428100264445056,0.3164797233590389,0.3850775386155929,0.4883720930232558,0.3488372093023256,0.627906976744186,0.17593210194796727,0.12804544824585914,0.23156461474598503,0.12907521595798,0.07890653437554922,0.18850160842442168,0.0985499897668528,0.06365398372588463,0.13566453717432397,0.023255813953488372,0.0,0.06976744186046512,False
transport_anchor_only,False,10.0,0.0,0.5,43,0.13657189472470171,0.08408142298806545,0.19993348348192697,0.01436113862641543,0.007431044940298404,0.02332728582535813,0.1736998361995891,0.1646350314123544,0.18353735332507942,0.2632777846829836,0.2502088307662932,0.27599928577235616,0.2045658313950827,0.20001374531623928,0.2094340774902078,0.4299172476951417,0.4100708216353019,0.4496643745077569,0.38820802974647367,0.37621385350508846,0.4011826589673417,0.5581395348837209,0.4186046511627907,0.6976744186046512,0.09701685189947173,0.07018856376154792,0.1207525866578294,0.0020093425145518706,0.0,0.0061818321167951855,0.0053032236390335614,0.0,0.015909670917100684,0.023255813953488372,0.0,0.06976744186046512,False
mediation_aware_recourse,False,10.0,0.5,0.5,43,0.13907538596973862,0.08670188820552688,0.20171530497541956,0.01436113862641543,0.007431044940298404,0.02332728582535813,0.16664626690714898,0.1555149234024068,0.17729794234298865,0.26236012248798857,0.24907731998408603,0.27595443739447484,0.2045658313950827,0.20001374531623928,0.2094340774902078,0.4299172476951417,0.4100708216353019,0.4496643745077569,0.37706405194741494,0.3577765086086957,0.39511880433150925,0.5581395348837209,0.4186046511627907,0.6976744186046512,0.12293806780509875,0.09170108992449227,0.15605954626225088,0.027930558420178886,0.0020231562882913863,0.05879201141074821,0.007806714884070463,0.0008344970816789671,0.02008215632549552,0.023255813953488372,0.0,0.06976744186046512,False
mediation_aware_recourse,False,10.0,0.7133235961881897,0.5,43,0.140011046688224,0.08813850342750895,0.20213568147575092,0.01436113862641543,0.007431044940298404,0.02332728582535813,0.16531300102675026,0.15459014606019614,0.1762582796693653,0.26204330092945766,0.2486685915915079,0.27545833480002924,0.2045658313950827,0.20001374531623928,0.2094340774902078,0.4299172476951417,0.4100708216353019,0.4496643745077569,0.37406356373898697,0.35481001688531894,0.3928792945802454,0.5581395348837209,0.4186046511627907,0.6976744186046512,0.1299172904915904,0.09961586705039072,0.16227249286070566,0.034909781106670534,0.010350202679249531,0.06755254185014012,0.00874237560255583,0.0015208735022433969,0.020621767503664245,0.023255813953488372,0.0,0.06976744186046512,True
mediation_aware_recourse,False,10.0,1.0,0.5,43,0.15060293986353762,0.0920042849449051,0.2178623116575181,0.013596322014632551,0.0069815543557765645,0.022101572563630448,0.1623149423310676,0.15195228326195476,0.17330085217875335,0.261293338221866,0.2476649180227934,0.27495027275236195,0.2045658313950827,0.20001374531623928,0.2094340774902078,0.4299172476951417,0.4100708216353019,0.4496643745077569,0.37129220010195657,0.35183235699515697,0.39064280447571254,0.5581395348837209,0.4186046511627907,0.6976744186046512,0.13636356277279837,0.10581574437025898,0.1681895096363595,0.04135605338787851,0.016023560486189574,0.0743441648110588,0.01933426877786947,0.00461683725548345,0.039342908890441404,0.023255813953488372,0.0,0.06976744186046512,False
mediation_aware_recourse,False,10.0,2.0,0.5,43,0.1636586519348067,0.10850939481454187,0.22651801769470056,0.013596322014632551,0.0069815543557765645,0.022101572563630448,0.1545256816427452,0.1428150575012197,0.166383693001952,0.25849503703242127,0.24325311743805922,0.2728103487687402,0.2045658313950827,0.20001374531623928,0.2094340774902078,0.4299172476951417,0.4100708216353019,0.4496643745077569,0.3551326383687145,0.3277590997364098,0.3793802193157031,0.5581395348837209,0.4186046511627907,0.6976744186046512,0.17395117252764347,0.13874950890978507,0.21444457175895024,0.07894366314272361,0.03670807563568237,0.1260085951210358,0.03238998084913853,0.013398900112613688,0.05584314641391122,0.023255813953488372,0.0,0.06976744186046512,False
mediation_aware_recourse,False,10.0,5.0,0.5,43,0.20296662179536598,0.14981897297900082,0.2660077363014394,0.014299113269174768,0.007810877195879865,0.022953004929305725,0.13988130799486362,0.12592808609637118,0.15366590436545072,0.2537343784473663,0.23725285090852616,0.2694810281421036,0.2045658313950827,0.20001374531623928,0.2094340774902078,0.4299172476951417,0.4100708216353019,0.4496643745077569,0.34093797300253426,0.3066092841067353,0.3684678855962395,0.5348837209302325,0.3953488372093023,0.6744186046511628,0.2069683762855299,0.16256361108264833,0.25360620800206046,0.11196086690061002,0.06124205416513869,0.1702686068846388,0.07169795070969781,0.040378825983768976,0.10759056118901733,0.0,0.0,0.0,False
transport_anchor_only,False,30.0,0.0,0.5,43,0.3286034527213074,0.21241463036384695,0.45364555472204854,0.0019459575304626177,0.000815534839065796,0.003277055613214679,0.1759823985646275,0.16532200876112513,0.18752736467713685,0.2534100624711014,0.24327630993238716,0.26342550548616533,0.2045658313950827,0.20001374531623928,0.2094340774902078,0.4299172476951417,0.4100708216353019,0.4496643745077569,0.3739883919438613,0.36632022452753815,0.38059105199395316,0.7441860465116279,0.6046511627906976,0.8610465116279065,0.13009214226952837,0.09863611866553453,0.15840532253450856,0.0,0.0,0.0,0.0,0.0,0.0,0.0,0.0,0.0,False
mediation_aware_recourse,False,30.0,0.5,0.5,43,0.3311069439663443,0.21491812160888385,0.45482005797933006,0.0019459575304626177,0.000815534839065796,0.003277055613214679,0.16892882927218741,0.1568096721322266,0.18105242298279436,0.2524924002761065,0.24196936200091312,0.2628269327241321,0.2045658313950827,0.20001374531623928,0.2094340774902078,0.4299172476951417,0.4100708216353019,0.4496643745077569,0.3628444141448026,0.346046494795325,0.37584520819937384,0.7441860465116279,0.6046511627906976,0.8610465116279065,0.15601335817515527,0.12099122364491495,0.1894410785500628,0.025921215905626904,0.0,0.05674355090828039,0.0025034912450369014,0.0,0.005006982490073803,0.0,0.0,0.0,False
mediation_aware_recourse,False,30.0,0.7133235961881897,0.5,43,0.3320426046848297,0.2158234725403058,0.4556602661866088,0.0019459575304626177,0.000815534839065796,0.003277055613214679,0.1675955633917887,0.15593395569532795,0.1800948169530191,0.2521755787175755,0.24164084498445654,0.2625726887133233,0.2045658313950827,0.20001374531623928,0.2094340774902078,0.4299172476951417,0.4100708216353019,0.4496643745077569,0.3598439259363746,0.3438525655435479,0.37407656718112003,0.7441860465116279,0.6046511627906976,0.8610465116279065,0.16299258086164703,0.1299008231333197,0.19552506429117408,0.032900438592118664,0.008883062193989603,0.06562250665920438,0.0034391519635222677,0.0010837813795999038,0.0065278559923172,0.0,0.0,0.0,True
mediation_aware_recourse,False,30.0,1.0,0.5,43,0.3368545100092888,0.22054661900714734,0.460812997430303,0.0018917032658344324,0.0007617407088883738,0.003209268789216197,0.16454710057060112,0.15324081962416883,0.17720865859983442,0.2512046073585056,0.24023664043566517,0.26173477783192733,0.2045658313950827,0.20001374531623928,0.2094340774902078,0.4299172476951417,0.4100708216353019,0.4496643745077569,0.35749053496817224,0.34089809338361726,0.3724047560642113,0.7674418604651163,0.627906976744186,0.8837209302325582,0.16846663658008887,0.13682422096627905,0.19972906525215284,0.0383744943105605,0.012868895922928112,0.07197253500003589,0.008251057287981345,0.0031030419845740464,0.014287595552673867,0.023255813953488372,0.0,0.06976744186046512,False
mediation_aware_recourse,False,30.0,2.0,0.5,43,0.34991022208055783,0.2333533232663433,0.4702118875263908,0.0018917032658344324,0.0007617407088883738,0.003209268789216197,0.15675783988227865,0.14455583413194542,0.16948284740619063,0.2484063061690608,0.23573679197146447,0.2597287680542226,0.2045658313950827,0.20001374531623928,0.2094340774902078,0.4299172476951417,0.4100708216353019,0.4496643745077569,0.34133097323493017,0.3175830450096805,0.3607452167245971,0.7674418604651163,0.627906976744186,0.8837209302325582,0.20605424633493397,0.1690043761197135,0.2419134514621555,0.0759621040654056,0.03299919326665517,0.12454106347197827,0.0213067693592504,0.009863496580442718,0.03486237010247138,0.023255813953488372,0.0,0.06976744186046512,False
mediation_aware_recourse,False,30.0,5.0,0.5,43,0.4079851595641569,0.2954388773696887,0.5329360312760568,0.0017614889523329474,0.0006720496472581839,0.003096524629868587,0.14052891363702555,0.12703282551957243,0.15479212682480314,0.2429340537204299,0.2287495844066143,0.2557836500407998,0.2045658313950827,0.20001374531623928,0.2094340774902078,0.4299172476951417,0.4100708216353019,0.4496643745077569,0.3246418289133524,0.2954723912706088,0.34794451453695097,0.7674418604651163,0.6505813953488373,0.8837209302325582,0.2448736805657099,0.20513373747355707,0.28617834020968036,0.11478153829618154,0.06471025940905183,0.1716448147301187,0.07938170684284943,0.04576014388612537,0.1157569734834481,0.023255813953488372,-0.046511627906976744,0.09302325581395349,False
transport_anchor_only,False,0.0,0.0,1.0,43,0.0,0.0,0.0,0.05247723509361281,0.03648719658389293,0.06903346808207193,0.18552713300114423,0.17622294102981995,0.1947720664874107,0.28125174967355504,0.2654785971720378,0.2966594375973178,0.2045658313950827,0.20001374531623928,0.2094340774902078,0.4299172476951417,0.4100708216353019,0.4496643745077569,0.4299172476951417,0.4081416193262875,0.4496622523302456,0.37209302325581395,0.23255813953488372,0.5116279069767442,0.0,0.0,0.0,0.0,0.0,0.0,0.0,0.0,0.0,0.0,0.0,0.0,False
mediation_aware_recourse,False,0.0,0.5,1.0,43,0.0031898676656013313,0.0006863764205644297,0.006040250137448307,0.051565671580041925,0.03588329328214313,0.06730958142010551,0.17728472303233844,0.16560917775216585,0.18745341521484027,0.2801916435534178,0.26367015853567527,0.29592055411749457,0.2045658313950827,0.20001374531623928,0.2094340774902078,0.4299172476951417,0.4100708216353019,0.4496643745077569,0.4163157264124858,0.3869671155942945,0.44179956694365863,0.37209302325581395,0.23255813953488372,0.5116279069767442,0.03163753339875508,0.005554802803178191,0.06467746374135991,0.03163753339875508,0.007119422399411407,0.06285893286550961,0.0031898676656013313,0.0006863764205644297,0.006040250137448307,0.0,0.0,0.0,False
mediation_aware_recourse,False,0.0,0.7133235961881897,1.0,43,0.004710741167844728,0.0015208735022433969,0.008391917704842811,0.051565671580041925,0.03588329328214313,0.06730958142010551,0.17545569291643476,0.1635845163741549,0.18589108871069973,0.27978285748598186,0.26311239281366033,0.2954609274236096,0.2045658313950827,0.20001374531623928,0.2094340774902078,0.4299172476951417,0.4100708216353019,0.4496643745077569,0.414684699201358,0.38504194732549585,0.44055813047522996,0.37209302325581395,0.23255813953488372,0.5116279069767442,0.035431350045730836,0.008319358090683755,0.0690792447265738,0.035431350045730836,0.009996043154204569,0.06814246256747472,0.004710741167844728,0.0015208735022433969,0.008391917704842811,0.0,0.0,0.0,True
mediation_aware_recourse,False,0.0,1.0,1.0,43,0.008048729494560597,0.0036811765369980836,0.012564403113237647,0.04925690768503145,0.03355864194971401,0.06483551605701011,0.17306823633906399,0.1618484350879797,0.18295632777983176,0.27856007097072377,0.261881700452677,0.2947735482307021,0.2045658313950827,0.20001374531623928,0.2094340774902078,0.4299172476951417,0.4100708216353019,0.4496643745077569,0.40971007423530165,0.37836924248905146,0.4371520613554348,0.37209302325581395,0.23255813953488372,0.5116279069767442,0.047002472145916685,0.01873702918358452,0.08168747051019717,0.047002472145916685,0.018638684956556205,0.08019381193942461,0.008048729494560597,0.0036811765369980836,0.012564403113237647,0.0,0.0,0.0,False
mediation_aware_recourse,False,0.0,2.0,1.0,43,0.030674044475998988,0.0177652794802778,0.04632714148177657,0.04509178721628416,0.030227541665122613,0.060131205077406706,0.16115940423982994,0.14764330611677307,0.17404895482276342,0.27337232621949775,0.2552941414462619,0.29069335846403654,0.2045658313950827,0.20001374531623928,0.2094340774902078,0.4299172476951417,0.4100708216353019,0.4496643745077569,0.3870600023582445,0.3498689372284291,0.4192295881569404,0.3953488372093023,0.2558139534883721,0.5581395348837209,0.09968719693536854,0.05750502008816367,0.14911753022319257,0.09968719693536854,0.057152975410252896,0.14780137194986348,0.030674044475998988,0.0177652794802778,0.04632714148177657,0.023255813953488372,0.0,0.06976744186046512,False
mediation_aware_recourse,False,0.0,5.0,1.0,43,0.08642267877625864,0.05839808017751852,0.11577376456671329,0.03673223700389227,0.023239801591995214,0.051505058859949875,0.1458731526355914,0.13066200233943287,0.16036431808847687,0.26578660300651263,0.24699451496261499,0.28338120196577765,0.2045658313950827,0.20001374531623928,0.2094340774902078,0.4299172476951417,0.4100708216353019,0.4496643745077569,0.3660297367749168,0.32770615679998955,0.39782846022715657,0.4418604651162791,0.3023255813953488,0.5813953488372093,0.14860420525749218,0.09934579882937765,0.20633877617729515,0.14860420525749218,0.09889730920835492,0.20366215822342806,0.08642267877625864,0.05839808017751852,0.11577376456671329,0.06976744186046512,0.0,0.16279069767441862,False
transport_anchor_only,False,1.0,0.0,1.0,43,0.009717723657918531,0.005541535232995832,0.015067894358274549,0.04142466256466413,0.028037929967342484,0.055816958492486975,0.18294043283782277,0.17365197712826363,0.19260032526917703,0.27774533620753955,0.2631952810339456,0.292701193332932,0.2045658313950827,0.20001374531623928,0.2094340774902078,0.4299172476951417,0.4100708216353019,0.4496643745077569,0.41862476622999384,0.4000285448420144,0.43694783833834555,0.4186046511627907,0.27906976744186046,0.5581395348837209,0.026266639744482845,0.01437985423218352,0.03850916424546471,0.01252089249517685,0.004895629728316975,0.022019270479040676,0.006184667782034985,0.0025034912450369014,0.011191650272108788,0.023255813953488372,0.0,0.06976744186046512,False
mediation_aware_recourse,False,1.0,0.5,1.0,43,0.013398900194916614,0.008735105915125026,0.019095962122082706,0.04090699507653631,0.027582697459116366,0.055750107265402526,0.17497257411538933,0.16306429192980645,0.18561293292374578,0.276379919069451,0.26111180504654036,0.29148503914475443,0.2045658313950827,0.20001374531623928,0.2094340774902078,0.4299172476951417,0.4100708216353019,0.4496643745077569,0.4037613016296543,0.37740121886898825,0.42802512942177606,0.4418604651162791,0.3023255813953488,0.5813953488372093,0.060839489938386615,0.033488062449806955,0.09590194066787541,0.04709374268908062,0.02070630978927763,0.08082671538372757,0.009865844319033068,0.005693358910638232,0.015216015019389085,0.046511627906976744,0.0,0.11627906976744186,False
mediation_aware_recourse,False,1.0,0.7133235961881897,1.0,43,0.015754270778838977,0.010599167627650638,0.021599453367119607,0.04053588059889097,0.02735766507167328,0.05513175630229468,0.17292044833695425,0.1605263828329808,0.18415433460433864,0.275656865433205,0.26046537551812304,0.29104269773504415,0.2045658313950827,0.20001374531623928,0.2094340774902078,0.4299172476951417,0.4100708216353019,0.4496643745077569,0.401759159940881,0.37505839184392414,0.42641749312611454,0.4418604651162791,0.3023255813953488,0.5813953488372093,0.06549652963499586,0.037180707532007085,0.09965279531217015,0.051750782385689864,0.02437669457106882,0.08529578481603545,0.012221214902955432,0.007358650057468304,0.018062694474708204,0.046511627906976744,0.0,0.11627906976744186,True
mediation_aware_recourse,False,1.0,1.0,1.0,43,0.01742326494219691,0.012266988118807245,0.02345981206311736,0.04053588059889097,0.02735766507167328,0.05513175630229468,0.17160480546021686,0.15982008869608036,0.1824891501629023,0.27504690130089604,0.25985584556623254,0.2906336349760031,0.2045658313950827,0.20001374531623928,0.2094340774902078,0.4299172476951417,0.4100708216353019,0.4496643745077569,0.39909329886983524,0.3715831630695627,0.4248378830172768,0.4418604651162791,0.3023255813953488,0.5813953488372093,0.07169739988464952,0.04320079208722871,0.10635814554896543,0.05795165263534352,0.02942535317536809,0.09138210011026023,0.013890209066313367,0.009027644220826239,0.019778635526119276,0.046511627906976744,0.0,0.11627906976744186,False
mediation_aware_recourse,False,1.0,2.0,1.0,43,0.047114701811657396,0.030821001347760824,0.0635437315221616,0.03595787382070379,0.022526427457105397,0.050136344130429764,0.15762483844917066,0.14490181162339524,0.1705157327660714,0.2701708800917448,0.25276638317073497,0.28704760564101295,0.2045658313950827,0.20001374531623928,0.2094340774902078,0.4299172476951417,0.4100708216353019,0.4496643745077569,0.37757192912099025,0.3439098494017934,0.40710747052570234,0.46511627906976744,0.32558139534883723,0.627906976744186,0.12175673075407767,0.08011889838321866,0.17269274895976053,0.10801098350477167,0.06321333765686846,0.15369604498982833,0.04358164593577385,0.027231381125314983,0.0599790490102456,0.06976744186046512,0.0,0.16279069767441862,False
mediation_aware_recourse,False,1.0,5.0,1.0,43,0.08976066710297452,0.06300005995733447,0.11971029628847919,0.03584057468634528,0.022239391158109793,0.04978075692180315,0.14538954974369026,0.13018339027006198,0.15954545119736738,0.2651601384372212,0.24645936893255904,0.28252627936646685,0.2045658313950827,0.20001374531623928,0.2094340774902078,0.4299172476951417,0.4100708216353019,0.4496643745077569,0.36513807445736984,0.32656790886819975,0.39676290843233186,0.4418604651162791,0.3023255813953488,0.5813953488372093,0.15067823769589117,0.1020169678964075,0.20697499145623174,0.13693249044658518,0.08468920579789907,0.19459182035745168,0.08622761122709097,0.05893499015418943,0.11671380282401345,0.046511627906976744,-0.023255813953488372,0.13953488372093023,False
transport_anchor_only,False,3.0,0.0,1.0,43,0.031992590704629585,0.0186465518397474,0.045635062521106974,0.032481405066211846,0.019810248955224017,0.04638837230206793,0.1795057500661578,0.1701032994050461,0.18923757174718248,0.2735495059642681,0.2589784771463899,0.28862789469272937,0.2045658313950827,0.20001374531623928,0.2094340774902078,0.4299172476951417,0.4100708216353019,0.4496643745077569,0.40778818431655783,0.39041164072422685,0.4252740560966645,0.4883720930232558,0.3488372093023256,0.627906976744186,0.05147284389547402,0.03338473331801105,0.07011301094648287,0.004615957905486745,0.000550627043997301,0.010921323347596613,0.0064736392435639405,0.0008344970816789671,0.014618620501701221,0.023255813953488372,0.0,0.06976744186046512,False
mediation_aware_recourse,False,3.0,0.5,1.0,43,0.038130301462356436,0.024045014710620392,0.053841328369670136,0.031646765167087795,0.0191116038502855,0.044892400929602394,0.17000702700665077,0.15834066428237367,0.1806239113326771,0.27218457909170973,0.2574749309634573,0.2869368459661167,0.2045658313950827,0.20001374531623928,0.2094340774902078,0.4299172476951417,0.4100708216353019,0.4496643745077569,0.39327797177030566,0.36876655232466155,0.4158719168177012,0.4883720930232558,0.3488372093023256,0.627906976744186,0.08522401955554315,0.05573514404934429,0.12097419497438695,0.03836713356555588,0.013260539027315194,0.07139930216934946,0.012611350001290787,0.0037281234250512232,0.023610280068634554,0.023255813953488372,0.0,0.06976744186046512,False
mediation_aware_recourse,False,3.0,0.7133235961881897,1.0,43,0.03965117496459983,0.025322518103517763,0.05515634319203538,0.031646765167087795,0.0191116038502855,0.044892400929602394,0.16817799689074706,0.15601528789109484,0.17932218212044646,0.2717757930242738,0.2566574228342709,0.28653432648239097,0.2045658313950827,0.20001374531623928,0.2094340774902078,0.4299172476951417,0.4100708216353019,0.4496643745077569,0.3916469445591778,0.36658904031068157,0.4148760228818695,0.4883720930232558,0.3488372093023256,0.627906976744186,0.08901783620251902,0.05870725162613837,0.12544784239978982,0.042160950212531745,0.01596381269011616,0.07626802935323404,0.014132223503534184,0.004904635044811077,0.025128806226475293,0.023255813953488372,0.0,0.06976744186046512,True
mediation_aware_recourse,False,3.0,1.0,1.0,43,0.041320169127957766,0.027725017575417146,0.0566772265771274,0.031646765167087795,0.0191116038502855,0.044892400929602394,0.1668623540140097,0.15600303368037574,0.17801029858519096,0.27116582889196483,0.25605202004919914,0.2863280130441972,0.2045658313950827,0.20001374531623928,0.2094340774902078,0.4299172476951417,0.4100708216353019,0.4496643745077569,0.38898108348813193,0.36303994181601634,0.41350875441697127,0.4883720930232558,0.3488372093023256,0.627906976744186,0.0952187064521729,0.06453047272192775,0.13080243815595294,0.04836182046218562,0.019444380899662134,0.08475597479702564,0.015801217666892117,0.0063760323146747995,0.026845920950087695,0.023255813953488372,0.0,0.06976744186046512,False
mediation_aware_recourse,False,3.0,2.0,1.0,43,0.06527129014910654,0.04785393973552557,0.08382881451181548,0.030467971739972212,0.017692145995497403,0.04478905917891275,0.15602457222711344,0.1425250831989927,0.1693710138847694,0.26672444674511286,0.25012999212715864,0.2820907724826315,0.2045658313950827,0.20001374531623928,0.2094340774902078,0.4299172476951417,0.4100708216353019,0.4496643745077569,0.3709731779958331,0.3384252961719209,0.3992504588934567,0.4883720930232558,0.3488372093023256,0.627906976744186,0.13710561745386496,0.09696614704538194,0.18512609611198463,0.09024873146387768,0.04705505657004593,0.13788898718827275,0.039752338688040886,0.023948591590187578,0.058949474665487916,0.023255813953488372,0.0,0.06976744186046512,False
mediation_aware_recourse,False,3.0,5.0,1.0,43,0.12406894122791845,0.09116691989217733,0.1596138125112237,0.02620902668766829,0.0140460272748861,0.04059829629716137,0.14279396340307646,0.128234170494009,0.15661973545093189,0.2603035180201364,0.24306317336077607,0.27635698737360015,0.2045658313950827,0.20001374531623928,0.2094340774902078,0.4299172476951417,0.4100708216353019,0.4496643745077569,0.35428100264445056,0.3164797233590389,0.3850775386155929,0.4883720930232558,0.3488372093023256,0.627906976744186,0.17593210194796727,0.12804544824585914,0.23156461474598503,0.12907521595798,0.07890653437554922,0.18850160842442168,0.0985499897668528,0.06365398372588463,0.13566453717432397,0.023255813953488372,0.0,0.06976744186046512,False
transport_anchor_only,False,10.0,0.0,1.0,43,0.14324787120486415,0.08941614408435863,0.20716513068047024,0.013743370511125959,0.00711100758101774,0.02216735733975293,0.1743313348745434,0.16504842192794206,0.18443430360315274,0.2626618198877157,0.2501376714319164,0.2753764006699067,0.2045658313950827,0.20001374531623928,0.2094340774902078,0.4299172476951417,0.4100708216353019,0.4496643745077569,0.38759026163118415,0.37570191335303754,0.3999294959857695,0.5581395348837209,0.4186046511627907,0.6976744186046512,0.09845379847140268,0.07209262574588976,0.12111592222421988,0.003446289086482812,0.0,0.008636444415514163,0.011979200119195982,0.0,0.030634376718554387,0.023255813953488372,0.0,0.06976744186046512,False
mediation_aware_recourse,False,10.0,0.5,1.0,43,0.13966785847794178,0.08717037037144913,0.20206178468760363,0.01436113862641543,0.007431044940298404,0.02332728582535813,0.16592858203003638,0.1549163346480561,0.17642500560406973,0.2620505685376566,0.24868294511770092,0.27547250663601724,0.2045658313950827,0.20001374531623928,0.2094340774902078,0.4299172476951417,0.4100708216353019,0.4496643745077569,0.3745324570993456,0.3553662533878565,0.3936479438416016,0.5581395348837209,0.4186046511627907,0.6976744186046512,0.12882663092193503,0.09853304117163439,0.1611506379244213,0.03381912153701516,0.00988634640784238,0.06541665449283057,0.008399187392273615,0.0013317102588020092,0.020331440623416457,0.023255813953488372,0.0,0.06976744186046512,False
mediation_aware_recourse,False,10.0,0.7133235961881897,1.0,43,0.14118873198018517,0.08929532629242817,0.2031810253880225,0.01436113862641543,0.007431044940298404,0.02332728582535813,0.16409955191413267,0.15328829082805667,0.17512950929324103,0.26164178247022074,0.2480013282969594,0.2751659317245317,0.2045658313950827,0.20001374531623928,0.2094340774902078,0.4299172476951417,0.4100708216353019,0.4496643745077569,0.3729014298882177,0.3535981011917937,0.39241464390738734,0.5581395348837209,0.4186046511627907,0.6976744186046512,0.132620447568911,0.10169880003513947,0.16598151874345235,0.03761293818399114,0.012228744875941642,0.07125769484968895,0.009920060894517012,0.002110998412637517,0.02161028955218404,0.023255813953488372,0.0,0.06976744186046512,True
mediation_aware_recourse,False,10.0,1.0,1.0,43,0.15109424873493438,0.09221905982121825,0.2178623116575181,0.013596322014632551,0.0069815543557765645,0.022101572563630448,0.16202635498343024,0.15187334931021837,0.17272896821014302,0.2610826921151128,0.2471582119591361,0.2747773166226093,0.2045658313950827,0.20001374531623928,0.2094340774902078,0.4299172476951417,0.4100708216353019,0.4496643745077569,0.369470752205389,0.34956949682323,0.3894987532880138,0.5581395348837209,0.4186046511627907,0.6976744186046512,0.1406003034626233,0.10979184336612319,0.1720551678308948,0.04559279407770345,0.01805640910844598,0.07991861931291733,0.01982557764926622,0.005021320445852917,0.03961106892458574,0.023255813953488372,0.0,0.06976744186046512,False
mediation_aware_recourse,False,10.0,2.0,1.0,43,0.16871258131293362,0.11464610322660139,0.23117034828376976,0.013596322014632551,0.0069815543557765645,0.022101572563630448,0.15221609907061315,0.1407590467559611,0.16447965428320227,0.2577229409023773,0.24241857076670195,0.272305751947123,0.2045658313950827,0.20001374531623928,0.2094340774902078,0.4299172476951417,0.4100708216353019,0.4496643745077569,0.35233107672510117,0.3233926771182578,0.376786907818774,0.5581395348837209,0.4186046511627907,0.6976744186046512,0.1804676862489072,0.14284965855205847,0.22227728020324325,0.08546017686398732,0.041844904532853944,0.13273614142224335,0.03744391022726547,0.018000201326470042,0.06142674114035312,0.023255813953488372,0.0,0.06976744186046512,False
mediation_aware_recourse,False,10.0,5.0,1.0,43,0.20296662179536598,0.14981897297900082,0.2660077363014394,0.014299113269174768,0.007810877195879865,0.022953004929305725,0.13988130799486362,0.12592808609637118,0.15366590436545072,0.2537343784473663,0.23725285090852616,0.2694810281421036,0.2045658313950827,0.20001374531623928,0.2094340774902078,0.4299172476951417,0.4100708216353019,0.4496643745077569,0.34093797300253426,0.3066092841067353,0.3684678855962395,0.5348837209302325,0.3953488372093023,0.6744186046511628,0.2069683762855299,0.16256361108264833,0.25360620800206046,0.11196086690061002,0.06124205416513869,0.1702686068846388,0.07169795070969781,0.040378825983768976,0.10759056118901733,0.0,0.0,0.0,False
transport_anchor_only,False,30.0,0.0,1.0,43,0.3286034527213074,0.21241463036384695,0.45364555472204854,0.0019459575304626177,0.000815534839065796,0.003277055613214679,0.1759823985646275,0.16532200876112513,0.18752736467713685,0.2534100624711014,0.24327630993238716,0.26342550548616533,0.2045658313950827,0.20001374531623928,0.2094340774902078,0.4299172476951417,0.4100708216353019,0.4496643745077569,0.3739883919438613,0.36632022452753815,0.38059105199395316,0.7441860465116279,0.6046511627906976,0.8610465116279065,0.13009214226952837,0.09863611866553453,0.15840532253450856,0.0,0.0,0.0,0.0,0.0,0.0,0.0,0.0,0.0,False
mediation_aware_recourse,False,30.0,0.5,1.0,43,0.3316994164745475,0.2151542555302555,0.45540629838008523,0.0019459575304626177,0.000815534839065796,0.003277055613214679,0.1682111443950748,0.1566022923290613,0.18066056367765776,0.25218284632577453,0.2416550168204446,0.26259094292384594,0.2045658313950827,0.20001374531623928,0.2094340774902078,0.4299172476951417,0.4100708216353019,0.4496643745077569,0.36031281929673326,0.3440481988276364,0.37443836227664706,0.7441860465116279,0.6046511627906976,0.8610465116279065,0.16190192129199155,0.1287054279489839,0.1939622452636065,0.03180977902246318,0.007994281653430349,0.06453107918626258,0.003095963753240053,0.0008344970816789671,0.006099015773209027,0.0,0.0,0.0,False
mediation_aware_recourse,False,30.0,0.7133235961881897,1.0,43,0.3332202899767909,0.21652937438555583,0.4571725599835952,0.0019459575304626177,0.000815534839065796,0.003277055613214679,0.16638211427917113,0.1547202954217011,0.17936007174211333,0.2517740602583386,0.24082428728728447,0.2623439320168176,0.2045658313950827,0.20001374531623928,0.2094340774902078,0.4299172476951417,0.4100708216353019,0.4496643745077569,0.35868179208560536,0.34230256639482787,0.3733257144928019,0.7441860465116279,0.6046511627906976,0.8610465116279065,0.1656957379389674,0.13290638256443796,0.19762172583921486,0.03560359566943905,0.010386570723182479,0.06917141114869473,0.00461683725548345,0.0015208735022433969,0.00839209919795394,0.0,0.0,0.0,True
mediation_aware_recourse,False,30.0,1.0,1.0,43,0.33734581888068554,0.2210379278785441,0.4613043063016998,0.0018917032658344324,0.0007617407088883738,0.003209268789216197,0.1642585132229637,0.1529680669576183,0.17692007125219705,0.25099396125175233,0.23981877047525244,0.26173477783192733,0.2045658313950827,0.20001374531623928,0.2094340774902078,0.4299172476951417,0.4100708216353019,0.4496643745077569,0.35566908707160466,0.3389382174770238,0.371249971358991,0.7674418604651163,0.627906976744186,0.8837209302325582,0.1727033772699138,0.1410961410501761,0.20202137253770455,0.04261123500038544,0.01505991928184192,0.07735371262245967,0.008742366159378095,0.0035307082780745144,0.01473313096780763,0.023255813953488372,0.0,0.06976744186046512,False
mediation_aware_recourse,False,30.0,2.0,1.0,43,0.35496415145868476,0.2376808250084693,0.47523321779877986,0.0018917032658344324,0.0007617407088883738,0.003209268789216197,0.1544482573101466,0.14214870885772488,0.167356297918914,0.2476342100390168,0.23511995990262474,0.2593225474382729,0.2045658313950827,0.20001374531623928,0.2094340774902078,0.4299172476951417,0.4100708216353019,0.4496643745077569,0.33852941159131683,0.3134230742062614,0.3589002386192549,0.7674418604651163,0.627906976744186,0.8837209302325582,0.21257076005619768,0.17426570892009965,0.24989010788217852,0.08247861778666932,0.039667977828374786,0.130063972169125,0.026360698737377345,0.013201475531122712,0.042553235228758216,0.023255813953488372,0.0,0.06976744186046512,False
mediation_aware_recourse,False,30.0,5.0,1.0,43,0.4079851595641569,0.2954388773696887,0.5329360312760568,0.0017614889523329474,0.0006720496472581839,0.003096524629868587,0.14052891363702555,0.12703282551957243,0.15479212682480314,0.2429340537204299,0.2287495844066143,0.2557836500407998,0.2045658313950827,0.20001374531623928,0.2094340774902078,0.4299172476951417,0.4100708216353019,0.4496643745077569,0.3246418289133524,0.2954723912706088,0.34794451453695097,0.7674418604651163,0.6505813953488373,0.8837209302325582,0.2448736805657099,0.20513373747355707,0.28617834020968036,0.11478153829618154,0.06471025940905183,0.1716448147301187,0.07938170684284943,0.04576014388612537,0.1157569734834481,0.023255813953488372,-0.046511627906976744,0.09302325581395349,False
transport_anchor_only,False,0.0,0.0,2.0,43,0.0,0.0,0.0,0.05247723509361281,0.03648719658389293,0.06903346808207193,0.18552713300114423,0.17622294102981995,0.1947720664874107,0.28125174967355504,0.2654785971720378,0.2966594375973178,0.2045658313950827,0.20001374531623928,0.2094340774902078,0.4299172476951417,0.4100708216353019,0.4496643745077569,0.4299172476951417,0.4081416193262875,0.4496622523302456,0.37209302325581395,0.23255813953488372,0.5116279069767442,0.0,0.0,0.0,0.0,0.0,0.0,0.0,0.0,0.0,0.0,0.0,0.0,False
mediation_aware_recourse,False,0.0,0.5,2.0,43,0.010552220739597497,0.005545238249523695,0.01605168577326938,0.04790875023235567,0.03273462571139526,0.06389775310979132,0.17213411286811875,0.16045392686560603,0.18273550697110053,0.2775096714843151,0.26108583976016486,0.29372306190604386,0.2045658313950827,0.20001374531623928,0.2094340774902078,0.4299172476951417,0.4100708216353019,0.4496643745077569,0.4041690797459083,0.3734182300051136,0.4320006974410818,0.3953488372093023,0.2558139534883721,0.5581395348837209,0.05989098620088784,0.02852246821896309,0.09970012514206737,0.05989098620088784,0.027503320281247405,0.09609702295081322,0.010552220739597497,0.005545238249523695,0.01605168577326938,0.023255813953488372,0.0,0.06976744186046512,False
mediation_aware_recourse,False,0.0,0.7133235961881897,2.0,43,0.013398900194916614,0.008196850155675135,0.018898365228588496,0.04649882061588433,0.03142510787781411,0.062191096222561436,0.17047361015515727,0.15877964644862347,0.18072719657467642,0.2765707129309344,0.2601755591412616,0.29277939908206463,0.2045658313950827,0.20001374531623928,0.2094340774902078,0.4299172476951417,0.4100708216353019,0.4496643745077569,0.4003901656800238,0.36946686241674953,0.4290622661736939,0.3953488372093023,0.2558139534883721,0.5581395348837209,0.06868085003199464,0.03638478741090566,0.10875847431585507,0.06868085003199464,0.03559888632971756,0.10519670811367221,0.013398900194916614,0.008196850155675135,0.018898365228588496,0.023255813953488372,0.0,0.06976744186046512,True
mediation_aware_recourse,False,0.0,1.0,2.0,43,0.02390417404646097,0.015559203229671302,0.03426132723689079,0.04433081377145696,0.029781222650873587,0.059017708190486705,0.16467582356818744,0.15252586356032954,0.17641342153984232,0.2737932768325473,0.2562442434280245,0.2903575060997418,0.2045658313950827,0.20001374531623928,0.2094340774902078,0.4299172476951417,0.4100708216353019,0.4496643745077569,0.3881490586889354,0.3520664241720817,0.4189587677966102,0.3953488372093023,0.2558139534883721,0.5581395348837209,0.0971540202914225,0.05887444412956751,0.14273937409950246,0.0971540202914225,0.05706087691880138,0.14115081963761963,0.02390417404646097,0.015559203229671302,0.03426132723689079,0.023255813953488372,0.0,0.06976744186046512,False
mediation_aware_recourse,False,0.0,2.0,2.0,43,0.03901901529278866,0.024633794338550678,0.05482158863180598,0.044074739623264206,0.029538467164915667,0.05866895223090893,0.15836594487450176,0.14485073412514776,0.17162195147559597,0.2715621444201747,0.2532686428903321,0.28904205562200314,0.2045658313950827,0.20001374531623928,0.2094340774902078,0.4299172476951417,0.4100708216353019,0.4496643745077569,0.3825279266544489,0.34325920912779845,0.4155336258563475,0.3953488372093023,0.2558139534883721,0.5581395348837209,0.11022893660292743,0.06590159969541383,0.16093193144361653,0.11022893660292743,0.06643799538324932,0.15829507891662004,0.03901901529278866,0.024633794338550678,0.05482158863180598,0.023255813953488372,0.0,0.06976744186046512,False
mediation_aware_recourse,False,0.0,5.0,2.0,43,0.09559486667777217,0.06844763600072541,0.12416752023665711,0.0357668973393687,0.022056399017063386,0.049709198666909094,0.14457252465476758,0.129940161559207,0.1585390281590415,0.26412911886392637,0.24546309390949997,0.2815970459649729,0.2045658313950827,0.20001374531623928,0.2094340774902078,0.4299172476951417,0.4100708216353019,0.4496643745077569,0.3649371067305172,0.3261268865490097,0.39672130961373475,0.4186046511627907,0.27906976744186046,0.5581395348837209,0.15114569446328086,0.10251320899030639,0.20732790368879903,0.15114569446328086,0.10202108914537243,0.2054822839833088,0.09559486667777217,0.06844763600072541,0.12416752023665711,0.046511627906976744,0.0,0.11627906976744186,False
transport_anchor_only,False,1.0,0.0,2.0,43,0.012221214902955432,0.007701838267750519,0.017914573813593664,0.040304007504422486,0.027242374549091248,0.0549002443276644,0.18261737659864416,0.172860489903449,0.192285264046187,0.2768056755668895,0.26239045155559515,0.2917173033103693,0.2045658313950827,0.20001374531623928,0.2094340774902078,0.4299172476951417,0.4100708216353019,0.4496643745077569,0.4158482718266256,0.39705417392959114,0.43415384137219193,0.4418604651162791,0.3023255813953488,0.5813953488372093,0.032724846337155,0.018177127109993706,0.0481038468910725,0.018979099087849005,0.008583408445090868,0.0330042513630361,0.008688159027071886,0.004515673618677051,0.014038329727427905,0.046511627906976744,0.0,0.11627906976744186,False
mediation_aware_recourse,False,1.0,0.5,2.0,43,0.019092259105554846,0.013738385388670966,0.024980685565360757,0.04035542719227676,0.027199242242200643,0.05491724129325216,0.17143327939256503,0.15979052645093691,0.18235845101213435,0.27431077007637467,0.2589719353850152,0.28982915518328894,0.2045658313950827,0.20001374531623928,0.2094340774902078,0.4299172476951417,0.4100708216353019,0.4496643745077569,0.3963758477696302,0.3670594640104009,0.4228964743856717,0.4418604651162791,0.3023255813953488,0.5813953488372093,0.07801827003994977,0.04815458654490398,0.11387824730494824,0.06427252279064377,0.03265635580182687,0.10111518392465427,0.015559203229671302,0.010353450173901957,0.02179334724408596,0.046511627906976744,0.0,0.11627906976744186,False
mediation_aware_recourse,False,1.0,0.7133235961881897,2.0,43,0.02026994439751603,0.014870297464780335,0.025815182647039723,0.04035542719227676,0.027199242242200643,0.05491724129325216,0.17046349979463124,0.15917283313512423,0.18157040678275027,0.2739986628293991,0.2584311771206558,0.2896386706378571,0.2045658313950827,0.20001374531623928,0.2094340774902078,0.4299172476951417,0.4100708216353019,0.4496643745077569,0.394006863320217,0.3644797069729907,0.420848039172996,0.4418604651162791,0.3023255813953488,0.5813953488372093,0.08352859664841616,0.05430436983009626,0.12096945513931935,0.06978284939911017,0.03739438148396302,0.10636074396984706,0.016736888521632482,0.011386717821276465,0.02272648875449979,0.046511627906976744,0.0,0.11627906976744186,True
mediation_aware_recourse,False,1.0,1.0,2.0,43,0.03445639478605847,0.02375235036881857,0.04633812449525955,0.03731622047818411,0.024320834084862252,0.05158171433906962,0.16401224132743117,0.15197020526658334,0.17619060483624396,0.2711719905221185,0.25445724604867914,0.2871131513960833,0.2045658313950827,0.20001374531623928,0.2094340774902078,0.4299172476951417,0.4100708216353019,0.4496643745077569,0.3807803055539887,0.34799612058737095,0.4098223949089552,0.46511627906976744,0.32558139534883723,0.627906976744186,0.11429395402158071,0.07606608031681526,0.15832021133427399,0.10054820677227472,0.05971921562564659,0.14284457194560146,0.030923338910174923,0.019921879498504623,0.04344196880756076,0.06976744186046512,0.0,0.16279069767441862,False
mediation_aware_recourse,False,1.0,2.0,2.0,43,0.05653618414734685,0.04097463331986652,0.07356338941297212,0.03508793009311228,0.0214280443842871,0.04927981732979177,0.15469359238824545,0.14182801013219262,0.16791830012726464,0.2685149250508741,0.25136485872357045,0.28514822556225716,0.2045658313950827,0.20001374531623928,0.2094340774902078,0.4299172476951417,0.4100708216353019,0.4496643745077569,0.3731869572826232,0.3378123668693451,0.4038190262044373,0.46511627906976744,0.32558139534883723,0.627906976744186,0.131956302559758,0.09041700492295719,0.18401050610891162,0.11821055531045199,0.07253650412166973,0.16533919198756716,0.05300312827146331,0.036125207202898905,0.06980283301280334,0.06976744186046512,0.0,0.16279069767441862,False
mediation_aware_recourse,False,1.0,5.0,2.0,43,0.10398678446924964,0.07860012319545413,0.13451504575218573,0.03368699524682066,0.019433497310871913,0.0479885147678894,0.14379120895389225,0.12896558110476875,0.15787952428194396,0.26245591494926185,0.24460339042639662,0.27936636550395294,0.2045658313950827,0.20001374531623928,0.2094340774902078,0.4299172476951417,0.4100708216353019,0.4496643745077569,0.36285720463796917,0.3241317175010997,0.39490472891251105,0.4186046511627907,0.27906976744186046,0.5581395348837209,0.15598360711670134,0.10743637865823605,0.21179311850731378,0.14223785986739534,0.0911982129213063,0.19861167002251073,0.10045372859336608,0.07408324649860693,0.13114732582945116,0.023255813953488372,-0.046511627906976744,0.09302325581395349,False
transport_anchor_only,False,3.0,0.0,2.0,43,0.049805990485257884,0.031254198731378066,0.06963881643835541,0.028216218744204633,0.01738324464980538,0.04078804647341901,0.17833754863622267,0.1687654571217699,0.18810072889290994,0.2703390855255515,0.2565702791867215,0.28435883148205143,0.2045658313950827,0.20001374531623928,0.2094340774902078,0.4299172476951417,0.4100708216353019,0.4496643745077569,0.40253738311650755,0.3855539541572927,0.4180075969615466,0.4883720930232558,0.3488372093023256,0.627906976744186,0.0636863599342018,0.04455593884807996,0.08232229867686924,0.016829473944214524,0.006050078778070747,0.030292845446881378,0.024287039024192235,0.010006694528165943,0.04146237483594653,0.023255813953488372,0.0,0.06976744186046512,False
mediation_aware_recourse,False,3.0,0.5,2.0,43,0.06001502301457316,0.04229537070144054,0.07836687982212319,0.027560135608206245,0.016356790243483313,0.04014125555029992,0.16668847158714845,0.1552200166312804,0.17792565910329536,0.2672567585873049,0.25295741489416984,0.2816292832280661,0.2045658313950827,0.20001374531623928,0.2094340774902078,0.4299172476951417,0.4100708216353019,0.4496643745077569,0.3823574562356596,0.3564114469031881,0.40666486635341864,0.4883720930232558,0.3488372093023256,0.627906976744186,0.1106254557463282,0.08011465067073938,0.14460323505152553,0.06376856975634093,0.03160450065551541,0.1002011914089976,0.034496071553507514,0.019136676733750243,0.051535070743844946,0.023255813953488372,0.0,0.06976744186046512,False
mediation_aware_recourse,False,3.0,0.7133235961881897,2.0,43,0.061192708306534345,0.04401502473886277,0.07935568426497452,0.027560135608206245,0.016356790243483313,0.04014125555029992,0.16571869198921466,0.15427799469292675,0.1770065960347879,0.26694465134032935,0.25236776390351184,0.2810444506816566,0.2045658313950827,0.20001374531623928,0.2094340774902078,0.4299172476951417,0.4100708216353019,0.4496643745077569,0.3799884717862463,0.35356814543248244,0.40432053111952077,0.4883720930232558,0.3488372093023256,0.627906976744186,0.11613578235479494,0.08596085322373266,0.15082894841815314,0.06927889636480766,0.03616659349869783,0.10607499136237497,0.035673756845468696,0.0201662412801281,0.052119290681425914,0.023255813953488372,0.0,0.06976744186046512,True
mediation_aware_recourse,False,3.0,1.0,2.0,43,0.06835999383136283,0.05123060293885511,0.08697507544745539,0.027560135608206245,0.016356790243483313,0.04014125555029992,0.16094765464930622,0.1493748565616677,0.1736959317027522,0.2654179999994677,0.2495085199666751,0.280032881286515,0.2045658313950827,0.20001374531623928,0.2094340774902078,0.4299172476951417,0.4100708216353019,0.4496643745077569,0.3699153716395853,0.33911175300436064,0.3966850796356015,0.4883720930232558,0.3488372093023256,0.627906976744186,0.13956610574997053,0.10289188465781024,0.18196945917262053,0.09270921975998325,0.051447822587538175,0.13634387775706555,0.042841042370297185,0.025907902835413468,0.06101731970299813,0.023255813953488372,0.0,0.06976744186046512,False
mediation_aware_recourse,False,3.0,2.0,2.0,43,0.10202883833716082,0.07596305133341703,0.13338958636402737,0.02330911907751912,0.01281490303921217,0.03474020211803826,0.1519102230833719,0.13900193233423386,0.16522820983732553,0.26203065010350807,0.24584886097717426,0.27734220348255234,0.2045658313950827,0.20001374531623928,0.2094340774902078,0.4299172476951417,0.4100708216353019,0.4496643745077569,0.36029929722260445,0.3267413062750603,0.38822817785625785,0.4883720930232558,0.3488372093023256,0.627906976744186,0.16193337402900387,0.12164053735669521,0.20855961591608352,0.1150764880390166,0.06887923761362273,0.1662802133038484,0.07650988687609517,0.049597456156774314,0.10788734116006728,0.023255813953488372,0.0,0.06976744186046512,False
mediation_aware_recourse,False,3.0,5.0,2.0,43,0.1455635279417038,0.10977781573310494,0.1847034161693828,0.02473585540953914,0.013451445830694986,0.038541929469739285,0.14016495805426624,0.12600831344891789,0.15367505693950662,0.25766071859140727,0.24100864481094272,0.27352066501585204,0.2045658313950827,0.20001374531623928,0.2094340774902078,0.4299172476951417,0.4100708216353019,0.4496643745077569,0.34971923340601835,0.31264892332900956,0.38163560212665054,0.4883720930232558,0.3488372093023256,0.627906976744186,0.1865429096391883,0.13702270358856874,0.24183389856648524,0.13968602364920102,0.0876312948763143,0.20169071104223524,0.12004457648063815,0.08313046332751943,0.162360683427907,0.023255813953488372,0.0,0.06976744186046512,False
transport_anchor_only,False,10.0,0.0,2.0,43,0.14349715550278508,0.08990275750239922,0.20765123506141608,0.013743370511125959,0.00711100758101774,0.02216735733975293,0.1740499425806028,0.16476716630866217,0.18393175629206468,0.2624888957239861,0.25007330030852626,0.2752097599836456,0.2045658313950827,0.20001374531623928,0.2094340774902078,0.4299172476951417,0.4100708216353019,0.4496643745077569,0.3866046467531412,0.374953742920275,0.39911856972959875,0.5581395348837209,0.4186046511627907,0.6976744186046512,0.10074636729325614,0.0747523004948568,0.1239556179582761,0.005738857908336281,0.0,0.012864506728429845,0.012228484417116919,0.0,0.030883661016475324,0.023255813953488372,0.0,0.06976744186046512,False
mediation_aware_recourse,False,10.0,0.5,2.0,43,0.1503681997053845,0.09745398077810573,0.2124556797556579,0.013743370511125959,0.00711100758101774,0.02216735733975293,0.16338880340345263,0.1529851052654953,0.1737463412907749,0.25998770436921786,0.2465688569276312,0.27306742885388263,0.2045658313950827,0.20001374531623928,0.2094340774902078,0.4299172476951417,0.4100708216353019,0.4496643745077569,0.36708080300829166,0.34652204790657065,0.3876446750261729,0.5581395348837209,0.4186046511627907,0.6976744186046512,0.1461593946828762,0.11412333186695477,0.1772393346458198,0.051151885297956334,0.020920381059298165,0.08898704520266007,0.019099528619716335,0.005255092862387036,0.03726457027328569,0.023255813953488372,0.0,0.06976744186046512,False
mediation_aware_recourse,False,10.0,0.7133235961881897,2.0,43,0.15188907329426254,0.09933230947313267,0.21395457994062886,0.013743370511125959,0.00711100758101774,0.02216735733975293,0.16221571041970748,0.1516571027008351,0.17248588252552657,0.25955786252784174,0.2458919105531518,0.2726545473885571,0.2045658313950827,0.20001374531623928,0.2094340774902078,0.4299172476951417,0.4100708216353019,0.4496643745077569,0.3644012551437737,0.3420774677356903,0.3853433488336593,0.5581395348837209,0.4186046511627907,0.6976744186046512,0.1523921008115171,0.12363258483219575,0.1820529148549839,0.05738459142659724,0.025603300670772905,0.09354461588991328,0.020620402208594388,0.006969678835120312,0.038839478530856064,0.023255813953488372,0.0,0.06976744186046512,True
mediation_aware_recourse,False,10.0,1.0,2.0,43,0.16729288141048232,0.11276030777195512,0.23452220586843264,0.012978553899343081,0.006683156497324725,0.021082802130980037,0.15668711902583396,0.1462273524373743,0.16776574432931687,0.2580820849641811,0.2433588577131199,0.2719637777526365,0.2045658313950827,0.20001374531623928,0.2094340774902078,0.4299172476951417,0.4100708216353019,0.4496643745077569,0.35356333838532983,0.32688538097457415,0.37733781780723996,0.5581395348837209,0.4186046511627907,0.6976744186046512,0.17760140985075146,0.14312350923018186,0.21398135652984485,0.0825939004658316,0.041440753744793446,0.12741786140177544,0.036024210324814156,0.014628272975773312,0.06097312640442058,0.023255813953488372,0.0,0.06976744186046512,False
mediation_aware_recourse,False,10.0,2.0,2.0,43,0.1745540608846864,0.11975005739260206,0.23625711520787238,0.013596322014632551,0.0069815543557765645,0.022101572563630448,0.15002564930421383,0.13793881519841505,0.1623038710994663,0.2568492762917696,0.2410287979600388,0.2719490089063901,0.2045658313950827,0.20001374531623928,0.2094340774902078,0.4299172476951417,0.4100708216353019,0.4496643745077569,0.3488160486143256,0.31793621525434324,0.3746410948442939,0.5581395348837209,0.4186046511627907,0.6976744186046512,0.18864374368698456,0.1504883760438747,0.2293370025293289,0.09363623430206469,0.04738602137186135,0.1437772833647022,0.04328538979901824,0.023697117451838282,0.06698801483265882,0.023255813953488372,0.0,0.06976744186046512,False
mediation_aware_recourse,False,10.0,5.0,2.0,43,0.2254907736598059,0.166785308870292,0.29201391058172593,0.014299113269174768,0.007810877195879865,0.022953004929305725,0.13598420414548795,0.12264357918407912,0.14799549571126772,0.2516242048248302,0.23493401921072674,0.2672693155597636,0.2045658313950827,0.20001374531623928,0.2094340774902078,0.4299172476951417,0.4100708216353019,0.4496643745077569,0.3343710449260256,0.30060179179791585,0.36355701558704834,0.5348837209302325,0.3953488372093023,0.6744186046511628,0.2222432416502369,0.17792007866134985,0.27229199616085753,0.12723573226531704,0.07503220650202448,0.18691865151168482,0.09422210257413775,0.05543519897213162,0.13891283994930428,0.0,0.0,0.0,False
transport_anchor_only,False,30.0,0.0,2.0,43,0.32815909281719563,0.21170364505676337,0.45212647371687165,0.0019750991301370298,0.000840987883846245,0.0033062163416017983,0.1760081904960737,0.16546051283031737,0.18714096951067097,0.2531186872443488,0.2430903211430928,0.2631412716235879,0.2045658313950827,0.20001374531623928,0.2094340774902078,0.4299172476951417,0.4100708216353019,0.4496643745077569,0.3738675329482108,0.36640633597847827,0.3807769731748383,0.7209302325581395,0.5813953488372093,0.8604651162790697,0.13037326380233139,0.09921587608384762,0.15742521131702747,0.0002811215328030192,-0.005964179672805761,0.006926597667261344,-0.0004443599041118178,-0.0020809326060982638,0.0007478528937628103,-0.023255813953488372,-0.06976744186046512,0.0,False
mediation_aware_recourse,False,30.0,0.5,2.0,43,0.3357237812218278,0.21883029117530514,0.4591660525346565,0.0019459575304626177,0.000815534839065796,0.003277055613214679,0.1650398670935367,0.15369879536567063,0.17708585541211416,0.2507359469526036,0.23977486039403567,0.2617660149455417,0.2045658313950827,0.20001374531623928,0.2094340774902078,0.4299172476951417,0.4100708216353019,0.4496643745077569,0.3534789333209687,0.33539985387621696,0.36883115932908644,0.7441860465116279,0.6046511627906976,0.8610465116279065,0.1777977384810021,0.1446786834910975,0.20798502797791588,0.047705596211473744,0.01722985773183173,0.08532333012103967,0.007120328500520351,0.002846679455319116,0.011979190329479616,0.0,0.0,0.0,False
mediation_aware_recourse,False,30.0,0.7133235961881897,2.0,43,0.33970118955124257,0.2235462958166419,0.463651097182531,0.0018917032658344324,0.0007617407088883738,0.003209268789216197,0.16305881593032157,0.15212818765727082,0.17536811727158697,0.25013597023695017,0.23873634287697632,0.2612695211328046,0.2045658313950827,0.20001374531623928,0.2094340774902078,0.4299172476951417,0.4100708216353019,0.4496643745077569,0.350452541513496,0.33239720108245235,0.3661671596276071,0.7674418604651163,0.627906976744186,0.8837209302325582,0.18483721369093553,0.1546602667284759,0.21229077473405253,0.054745071421407165,0.023417852396811885,0.09079553133782123,0.011097736829935118,0.005199884019012368,0.017532853736693776,0.023255813953488372,0.0,0.06976744186046512,True
mediation_aware_recourse,False,30.0,1.0,2.0,43,0.34686847507607105,0.22945929148212768,0.46994161442745214,0.0018917032658344324,0.0007617407088883738,0.003209268789216197,0.15828777859041313,0.1467290808539756,0.17015788683635916,0.24860931889608848,0.23639377660962732,0.25989595618705413,0.2045658313950827,0.20001374531623928,0.2094340774902078,0.4299172476951417,0.4100708216353019,0.4496643745077569,0.340379441366835,0.31718162349726636,0.3596518671164894,0.7674418604651163,0.627906976744186,0.8837209302325582,0.208267537086111,0.17299122044087564,0.2409862557100998,0.07817539481658264,0.03676904172350378,0.12349148120679863,0.018265022354763606,0.008879705152452686,0.02975525274916097,0.023255813953488372,0.0,0.06976744186046512,False
mediation_aware_recourse,False,30.0,2.0,2.0,43,0.3708195960105852,0.2570506967950699,0.49136248281398825,0.0016346334564811336,0.000586079465771035,0.002950406337332698,0.15167836054643583,0.13846245538817714,0.1643814965411088,0.24615400856317476,0.23337367466802514,0.2581438581762445,0.2045658313950827,0.20001374531623928,0.2094340774902078,0.4299172476951417,0.4100708216353019,0.4496643745077569,0.3338444821028855,0.30821178752674805,0.35513345075508523,0.7906976744186046,0.6744186046511628,0.9069767441860465,0.22346804206464943,0.18505107518169378,0.2613840549837257,0.09337589979512106,0.047970039646640296,0.1435592028320002,0.04221614328927772,0.01963051486500474,0.0672981840493374,0.046511627906976744,0.0,0.11627906976744186,False
mediation_aware_recourse,False,30.0,5.0,2.0,43,0.43050931142859683,0.3190581650863033,0.5540856988515791,0.0017614889523329474,0.0006720496472581839,0.003096524629868587,0.13663180978764988,0.12279583293535978,0.14966770577925353,0.2408238800978938,0.226613861159963,0.2535628018835776,0.2045658313950827,0.20001374531623928,0.2094340774902078,0.4299172476951417,0.4100708216353019,0.4496643745077569,0.31807490083684375,0.2882427113686656,0.34338049356411077,0.7674418604651163,0.6505813953488373,0.8837209302325582,0.2601485459304168,0.21996220061125302,0.3037258068158915,0.13005640366088844,0.07758800907228049,0.19006073852612243,0.10190585870728937,0.06282201602968367,0.1446859887194668,0.023255813953488372,-0.046511627906976744,0.09302325581395349,False
transport_anchor_only,False,0.0,0.0,5.0,43,0.04755177366179089,0.045835832610379816,0.04926771471320197,0.04042366594415286,0.026965190459495143,0.05537943858359541,0.17687354703936992,0.1645846338121533,0.1884586822358277,0.26384698989432914,0.2485902798448711,0.27875562866846487,0.2045658313950827,0.20001374531623928,0.2094340774902078,0.4299172476951417,0.4100708216353019,0.4496643745077569,0.3918866467750433,0.36175499992443266,0.4196768528598428,0.4418604651162791,0.3023255813953488,0.5813953488372093,0.08846028188910038,0.05817378548987272,0.12723289262170512,0.08846028188910038,0.056583209771380656,0.1260301717410207,0.04755177366179089,0.045835832610379816,0.04926771471320197,0.06976744186046512,0.0,0.16279069767441862,False
mediation_aware_recourse,False,0.0,0.5,5.0,43,0.05255875615186469,0.04755177366179089,0.05939143317166802,0.03951210243058196,0.026409215412853137,0.05407133552307443,0.1692928819419995,0.15675930287762913,0.18203568223190345,0.26335748111785845,0.24762003537224128,0.2788569490273678,0.2045658313950827,0.20001374531623928,0.2094340774902078,0.4299172476951417,0.4100708216353019,0.4496643745077569,0.38252642343454624,0.3475763343473861,0.41285454568790786,0.4418604651162791,0.3023255813953488,0.5813953488372093,0.11023243313606423,0.07266648393466461,0.15369468957407256,0.11023243313606423,0.07364468624691885,0.15483384036554587,0.05255875615186469,0.04755177366179089,0.05939143317166802,0.06976744186046512,0.0,0.16279069767441862,False
mediation_aware_recourse,False,0.0,0.7133235961881897,5.0,43,0.05138107085990351,0.04583330326605328,0.05869647704584654,0.04025912831447517,0.026534346252054298,0.05570195964616321,0.167542030198226,0.15519531834617495,0.17953218574104945,0.2638011112116104,0.24796660433545015,0.27911022839591254,0.2045658313950827,0.20001374531623928,0.2094340774902078,0.4299172476951417,0.4100708216353019,0.4496643745077569,0.3827971690410299,0.34794084009781023,0.41393042362070814,0.4418604651162791,0.3023255813953488,0.5813953488372093,0.10960267099477972,0.07290492415820604,0.15364216508320314,0.10960267099477972,0.07061349894714819,0.15199695502039806,0.05138107085990351,0.04583330326605328,0.05869647704584654,0.06976744186046512,0.0,0.16279069767441862,True
mediation_aware_recourse,False,0.0,1.0,5.0,43,0.0626196681067001,0.052748947098937835,0.07424975612179137,0.04025912831447517,0.026534346252054298,0.05570195964616321,0.1610955569756899,0.14754807197673556,0.1746101599772403,0.2627048480302788,0.2467164800047528,0.27885913654382144,0.2045658313950827,0.20001374531623928,0.2094340774902078,0.4299172476951417,0.4100708216353019,0.4496643745077569,0.379003221111568,0.342034385001642,0.41161287985826983,0.4418604651162791,0.3023255813953488,0.5813953488372093,0.11842750402904834,0.07718719259644738,0.16733004148273029,0.11842750402904834,0.07643164400697681,0.16469926739561982,0.0626196681067001,0.052748947098937835,0.07424975612179137,0.06976744186046512,0.0,0.16279069767441862,False
mediation_aware_recourse,False,0.0,2.0,5.0,43,0.08366988313406012,0.0673221378673821,0.10015747706774016,0.03569710106702218,0.022003455809843312,0.050559814763680044,0.15150939154221862,0.13840452444304036,0.16475117045540744,0.26125193863760593,0.24457621298687054,0.2773570440384711,0.2045658313950827,0.20001374531623928,0.2094340774902078,0.4299172476951417,0.4100708216353019,0.4496643745077569,0.3706650112031889,0.3330561025181693,0.4027357900757332,0.46511627906976744,0.32558139534883723,0.627906976744186,0.1378224223606147,0.09387886250277035,0.19061889352383404,0.1378224223606147,0.09129106586305102,0.18526977966464211,0.08366988313406012,0.0673221378673821,0.10015747706774016,0.09302325581395349,0.023255813953488372,0.18604651162790697,False
mediation_aware_recourse,False,0.0,5.0,5.0,43,0.2034109870708266,0.15408095763129898,0.26110992636315,0.026933531607871798,0.015227865482463151,0.041176952145871956,0.13255338071246808,0.11802842121069078,0.14675692890830638,0.2505028051172578,0.23286107084172408,0.26698110575766065,0.2045658313950827,0.20001374531623928,0.2094340774902078,0.4299172476951417,0.4100708216353019,0.4496643745077569,0.3378450076748356,0.2987364720011782,0.37417439574611855,0.5116279069767442,0.37209302325581395,0.6744186046511628,0.21416270343634924,0.16012502402848985,0.2760042980762548,0.21416270343634924,0.16001674840799304,0.2740279409559043,0.2034109870708266,0.15408095763129898,0.26110992636315,0.13953488372093023,0.046511627906976744,0.2558139534883721,False
transport_anchor_only,False,1.0,0.0,5.0,43,0.05996805646045263,0.05039845320374467,0.0706683982077033,0.03345312719051359,0.02051682874222069,0.04826588448789164,0.17331087439776172,0.16146553825742055,0.1850564917564838,0.26234321798696075,0.24705367513044282,0.27760686211634517,0.2045658313950827,0.20001374531623928,0.2094340774902078,0.4299172476951417,0.4100708216353019,0.4496643745077569,0.3836930080715039,0.35433127465371295,0.41015143244085855,0.4883720930232558,0.3488372093023256,0.627906976744186,0.10751892340084912,0.07556970586245816,0.14527997577652338,0.09377317615154313,0.05871352007292932,0.13014972424198856,0.05643500058456909,0.0466701477766037,0.06752683301781152,0.09302325581395349,0.023255813953488372,0.18604651162790697,False
mediation_aware_recourse,False,1.0,0.5,5.0,43,0.06713534207191578,0.05574004420317537,0.07955415429504112,0.03265085582349179,0.02014205634781823,0.047199442362500024,0.16607018941817228,0.15355078723629428,0.17829591974858908,0.2615473263485487,0.24582419784869566,0.2766269767288725,0.2045658313950827,0.20001374531623928,0.2094340774902078,0.4299172476951417,0.4100708216353019,0.4496643745077569,0.3744420768775559,0.3404399605199747,0.4035867221429812,0.4883720930232558,0.3488372093023256,0.627906976744186,0.1290368579418424,0.09035178406598555,0.17177820025295165,0.11529111069253639,0.07332396385043853,0.15891837897673505,0.06360228619603224,0.05133159471632436,0.0765124072017538,0.09302325581395349,0.023255813953488372,0.18604651162790697,False
mediation_aware_recourse,False,1.0,0.7133235961881897,5.0,43,0.06938953870950743,0.0559906383413215,0.08391560024127016,0.03198725451154451,0.01941856679834695,0.04648649781856419,0.16372602363278072,0.15136978488211467,0.17589736846063894,0.2615127546149631,0.24594174653378337,0.27655015847710673,0.2045658313950827,0.20001374531623928,0.2094340774902078,0.4299172476951417,0.4100708216353019,0.4496643745077569,0.373302195288199,0.3398597381312904,0.4020216561276806,0.4883720930232558,0.3488372093023256,0.627906976744186,0.13168825561306385,0.09348980407100328,0.17334929799913118,0.11794250836375786,0.07645707218458263,0.1615228111982616,0.06585648283362389,0.05172055630923011,0.08067995927534824,0.09302325581395349,0.023255813953488372,0.18604651162790697,True
mediation_aware_recourse,False,1.0,1.0,5.0,43,0.08563511861964714,0.07081281559022012,0.10226626471984525,0.03070110634109777,0.017647564484261098,0.04510159040920268,0.1565144701924217,0.14251709424320924,0.1700952355114115,0.25980099897051967,0.24402036022091675,0.2751214752233652,0.2045658313950827,0.20001374531623928,0.2094340774902078,0.4299172476951417,0.4100708216353019,0.4496643745077569,0.3682220991882906,0.3326334710047277,0.398371151252449,0.4883720930232558,0.3488372093023256,0.627906976744186,0.14350470663275117,0.10264163681205489,0.19257110304786898,0.12975895938344517,0.08568390621136086,0.1757581417352519,0.0821020627437636,0.06599633191214052,0.09889312226888398,0.09302325581395349,0.023255813953488372,0.18604651162790697,False
mediation_aware_recourse,False,1.0,2.0,5.0,43,0.10565577923905017,0.08774002118815863,0.1237231791322661,0.02879599732403363,0.016123610401241335,0.042919175916139,0.14957653642121677,0.13593995819990182,0.16322746193001839,0.2580805297854335,0.24170067147676683,0.27399298417663503,0.2045658313950827,0.20001374531623928,0.2094340774902078,0.4299172476951417,0.4100708216353019,0.4496643745077569,0.361221942192352,0.3244892294393027,0.39150910543088324,0.5348837209302325,0.3953488372093023,0.6744186046511628,0.15978727504206158,0.11674745488952099,0.21028199875926815,0.1460415277927556,0.09925719451458885,0.19464743044807076,0.10212272336316663,0.08336858311668038,0.1199433938665099,0.13953488372093023,0.046511627906976744,0.2558139534883721,False
mediation_aware_recourse,False,1.0,5.0,5.0,43,0.21676294046432473,0.16760232309096082,0.27542173800946673,0.024480075994650737,0.012847576489114769,0.03812091798150359,0.13138682053031425,0.11724296724949601,0.14553218167777685,0.24924573345586312,0.23208097071538483,0.265512450570024,0.2045658313950827,0.20001374531623928,0.2094340774902078,0.4299172476951417,0.4100708216353019,0.4496643745077569,0.33539155206161453,0.2965444855188696,0.37131392740137903,0.5116279069767442,0.37209302325581395,0.6744186046511628,0.21986951242429853,0.1675818461703371,0.2799739667322797,0.20612376517499253,0.14922275978811825,0.26853178997017585,0.2132298845884412,0.1632083723451509,0.27214067163335726,0.11627906976744186,0.023255813953488372,0.20930232558139536,False
transport_anchor_only,False,3.0,0.0,5.0,43,0.10315229743719101,0.07978638952251438,0.13462856884959132,0.022245396390162157,0.012261494775804918,0.03381155709342841,0.16805947880232985,0.1559108634420281,0.17997773329545808,0.2580554442870062,0.24349627845032618,0.27191322846771326,0.2045658313950827,0.20001374531623928,0.2094340774902078,0.4299172476951417,0.4100708216353019,0.4496643745077569,0.3717687191594411,0.3454624791199846,0.3952488787944331,0.5116279069767442,0.37209302325581395,0.6511627906976745,0.13525516561022988,0.10460091776055382,0.1686237088054432,0.0883982796202426,0.05526199954224402,0.12669508272312272,0.07763334597612537,0.0549608922065344,0.10585843397001193,0.046511627906976744,0.0,0.11627906976744186,False
mediation_aware_recourse,False,3.0,0.5,5.0,43,0.1169955598753552,0.09019539253353033,0.14900737551019289,0.020795633339692813,0.011028040020351265,0.03242372152484814,0.1602119357779839,0.14888886034776458,0.17276670419797333,0.2566320886618869,0.24184277318418027,0.2708416391857142,0.2045658313950827,0.20001374531623928,0.2094340774902078,0.4299172476951417,0.4100708216353019,0.4496643745077569,0.3611537381703341,0.3311383560115362,0.38687591699919294,0.5348837209302325,0.3953488372093023,0.6744186046511628,0.1599459195774543,0.12378113153213918,0.1993031593709042,0.11308903358746702,0.0734167431909097,0.15753378411938465,0.09147660841428956,0.0646619561474857,0.12181857348268114,0.06976744186046512,0.0,0.16279069767441862,False
mediation_aware_recourse,False,3.0,0.7133235961881897,5.0,43,0.11616106279367625,0.08838063435802279,0.14836574375499473,0.020795633339692813,0.011028040020351265,0.03242372152484814,0.15895800023284207,0.1477339837792969,0.17087079915806905,0.2569463565772356,0.2421513972825609,0.2710018579804793,0.2045658313950827,0.20001374531623928,0.2094340774902078,0.4299172476951417,0.4100708216353019,0.4496643745077569,0.3606774578929245,0.3307038207630598,0.3863878681401408,0.5348837209302325,0.3953488372093023,0.6744186046511628,0.16105376133063587,0.1260526678535476,0.20043586758332174,0.1141968753406486,0.07448988707252968,0.15839186792672255,0.09064211133261059,0.06417669778646425,0.12166053712974455,0.06976744186046512,0.0,0.16279069767441862,True
mediation_aware_recourse,False,3.0,1.0,5.0,43,0.12739966004047282,0.10064040765079647,0.1578368957392698,0.020795633339692813,0.011028040020351265,0.03242372152484814,0.15251152701030596,0.13998399086382887,0.1651997121323466,0.25585009339590403,0.2408126334941318,0.2704661623986308,0.2045658313950827,0.20001374531623928,0.2094340774902078,0.4299172476951417,0.4100708216353019,0.4496643745077569,0.35688350996346274,0.32410850919318174,0.3844424990877294,0.5348837209302325,0.3953488372093023,0.6744186046511628,0.16987859436490405,0.1308615012498668,0.21385920893907595,0.12302170837491677,0.07957144150761201,0.17342747720744142,0.10188070857940718,0.07522022742128302,0.13349193412117485,0.06976744186046512,0.0,0.16279069767441862,False
mediation_aware_recourse,False,3.0,2.0,5.0,43,0.13966782200475072,0.11268204149551862,0.1702068855206287,0.020795633339692813,0.011028040020351265,0.03242372152484814,0.14757596869457285,0.1343717932480589,0.16072294554615096,0.25474048163308655,0.23925035928787533,0.2697931234140036,0.2045658313950827,0.20001374531623928,0.2094340774902078,0.4299172476951417,0.4100708216353019,0.4496643745077569,0.3532215782080112,0.3186374475052901,0.381661072522517,0.5348837209302325,0.3953488372093023,0.6744186046511628,0.1783963539455764,0.13663415990004638,0.22535088936049597,0.13153946795558913,0.08391383703054309,0.18479566411126258,0.11414887054368507,0.08689423404677316,0.14439070999492393,0.06976744186046512,0.0,0.16279069767441862,False
mediation_aware_recourse,False,3.0,5.0,5.0,43,0.23280618591017502,0.18294497613123684,0.2908673191486403,0.02151416488508197,0.011228692050630843,0.03327294252689586,0.1310149789873466,0.116901049098357,0.1447790197189088,0.24754534757067992,0.23098886162042617,0.26327307619111134,0.2045658313950827,0.20001374531623928,0.2094340774902078,0.4299172476951417,0.4100708216353019,0.4496643745077569,0.3324256409520458,0.2946367146708032,0.3666600821496362,0.5116279069767442,0.37209302325581395,0.6744186046511628,0.2267683077749607,0.17426179314175894,0.28488538936500113,0.17991142178497344,0.12141324572687322,0.24414234597150203,0.20728723444910938,0.15532592717601462,0.2690481624306114,0.046511627906976744,-0.023255813953488372,0.13953488372093023,False
transport_anchor_only,False,10.0,0.0,5.0,43,0.20646729250979978,0.1430330854559014,0.27730659197712704,0.010781018724649394,0.004768141632908343,0.01832047849539383,0.17002336318487227,0.157936898928623,0.1822616299049914,0.2511649237469185,0.2385190061185249,0.2635221497350654,0.2045658313950827,0.20001374531623928,0.2094340774902078,0.4299172476951417,0.4100708216353019,0.4496643745077569,0.35889887450694485,0.3367864859610983,0.3797521114987563,0.627906976744186,0.4883720930232558,0.7674418604651163,0.16519079792434066,0.13585836953657743,0.19494855424491875,0.0701832885394208,0.036929328618482145,0.10793161457430485,0.07519862142413161,0.0363238217395752,0.12831994624331938,0.09302325581395349,0.023255813953488372,0.18604651162790697,False
mediation_aware_recourse,False,10.0,0.5,5.0,43,0.24053355081136837,0.16697050953110637,0.32225783405349007,0.008885214540920281,0.0048045707682605335,0.013742440791222192,0.16061963058115722,0.15003539768089008,0.17231732574074224,0.2486462762882543,0.23576968956608757,0.2606770476651226,0.2045658313950827,0.20001374531623928,0.2094340774902078,0.4299172476951417,0.4100708216353019,0.4496643745077569,0.3486710852661062,0.3230580374861221,0.3706833364407882,0.6046511627906976,0.46511627906976744,0.7441860465116279,0.18898093264368854,0.15508044179694142,0.22300930071842495,0.09397342325876867,0.05502495572742461,0.13534722020378703,0.1092648797257002,0.05078343884629565,0.18216131851293665,0.06976744186046512,0.0,0.13953488372093023,False
mediation_aware_recourse,False,10.0,0.7133235961881897,5.0,43,0.2396990537296894,0.16457904795141412,0.3218265952477448,0.008885214540920281,0.0048045707682605335,0.013742440791222192,0.15936569503601541,0.1489457314992595,0.17070336646606343,0.248960544203603,0.2363903686989012,0.2609913155804713,0.2045658313950827,0.20001374531623928,0.2094340774902078,0.4299172476951417,0.4100708216353019,0.4496643745077569,0.3481948049886966,0.32238526885444857,0.3703027758353699,0.6046511627906976,0.46511627906976744,0.7441860465116279,0.1900887743968701,0.15679981179194355,0.223656176407075,0.09508126501195024,0.05724411541839068,0.13645139871005954,0.10843038264402123,0.04995671080338747,0.1807404494064665,0.06976744186046512,0.0,0.13953488372093023,True
mediation_aware_recourse,False,10.0,1.0,5.0,43,0.23842019466466682,0.16690761339959018,0.3208665489414057,0.009747195126705029,0.005468125851067993,0.014735520909484373,0.15203324704440102,0.14012822810669928,0.1638965593178141,0.24878194269745849,0.2354277250811804,0.26163379484571,0.2045658313950827,0.20001374531623928,0.2094340774902078,0.4299172476951417,0.4100708216353019,0.4496643745077569,0.34549773642850545,0.3173356473047242,0.36959789653884106,0.5581395348837209,0.4186046511627907,0.6976744186046512,0.19636223417232823,0.15951041401650884,0.23482518213107734,0.10135472478740837,0.057899815778160196,0.14917077882591945,0.10715152357899865,0.05162547932894424,0.1768569286955997,0.023255813953488372,0.0,0.06976744186046512,False
mediation_aware_recourse,False,10.0,2.0,5.0,43,0.2624109788516233,0.192187425219129,0.34663749146816686,0.008928124250293965,0.004955477103265787,0.013375356933039638,0.1452481129080147,0.1332879443617917,0.15709617696036043,0.24743243003653925,0.23359759054255,0.2607148280995356,0.2045658313950827,0.20001374531623928,0.2094340774902078,0.4299172476951417,0.4100708216353019,0.4496643745077569,0.34042183355628364,0.3111271872329305,0.3656863746094417,0.5813953488372093,0.4418604651162791,0.7209302325581395,0.2081689316226738,0.17091479587805522,0.24730898444383323,0.11316142223775394,0.06791143771555416,0.16295533481895774,0.13114230776595515,0.07215389133929166,0.20046936766092857,0.046511627906976744,0.0,0.11627906976744186,False
mediation_aware_recourse,False,10.0,5.0,5.0,43,0.35976151229683745,0.2683795047837288,0.4646324790645997,0.008973785726614806,0.004755587325946689,0.014234472111596215,0.12722811040601237,0.11437058792505798,0.14069568610592093,0.24063622258430303,0.22501798368947104,0.2552233590571166,0.2045658313950827,0.20001374531623928,0.2094340774902078,0.4299172476951417,0.4100708216353019,0.4496643745077569,0.31829575072138394,0.2860687681331974,0.347772420157254,0.5813953488372093,0.4418604651162791,0.7209302325581395,0.2596348426870039,0.213449628153514,0.31025411392395874,0.164627333302084,0.10651687074281284,0.2243502895686706,0.22849284121116928,0.14748454480756854,0.3245805255007432,0.046511627906976744,0.0,0.11627906976744186,False
transport_anchor_only,False,30.0,0.0,5.0,43,0.39266465439699416,0.2625440241335783,0.5374414894426631,0.0010240970723018354,0.0003796453465406408,0.0018147974475455936,0.16743640694889025,0.15507061340648567,0.1801103692627899,0.24126434941277947,0.230613629056444,0.251293285355665,0.2045658313950827,0.20001374531623928,0.2094340774902078,0.4299172476951417,0.4100708216353019,0.4496643745077569,0.3465101909889355,0.3274443658591705,0.3635000056570655,0.7906976744186046,0.6744186046511628,0.9069767441860465,0.19400723547000132,0.16466827494772912,0.22098963096311114,0.06391509320047295,0.030619571049847003,0.10164172516228337,0.06406120167568673,0.028469726768170677,0.11388871094515157,0.046511627906976744,-0.06976744186046512,0.16279069767441862,False
mediation_aware_recourse,False,30.0,0.5,5.0,43,0.39732844867678574,0.26926387407665336,0.5419836239542726,0.0010240970723018354,0.0003796453465406408,0.0018147974475455936,0.1606082899447136,0.14877768309871617,0.17349537462344,0.2407806547748488,0.2298719401124778,0.25105519983700886,0.2045658313950827,0.20001374531623928,0.2094340774902078,0.4299172476951417,0.4100708216353019,0.4496643745077569,0.3380615311620093,0.3139897436122223,0.35730576583526835,0.7906976744186046,0.6744186046511628,0.9069767441860465,0.2136590635188197,0.1798951081733098,0.24599215179679418,0.08356692124929133,0.042558804504595024,0.12835136178140316,0.06872499595547832,0.03267860455914986,0.12046275646750663,0.046511627906976744,-0.06976744186046512,0.16279069767441862,False
mediation_aware_recourse,False,30.0,0.7133235961881897,5.0,43,0.3964939515951068,0.26759795382142415,0.5405791750480963,0.0010240970723018354,0.0003796453465406408,0.0018147974475455936,0.15935435439957174,0.1480014963511387,0.17168345070409766,0.24109492269019747,0.23038996927613437,0.2513059341716905,0.2045658313950827,0.20001374531623928,0.2094340774902078,0.4299172476951417,0.4100708216353019,0.4496643745077569,0.33758525088459973,0.3134471745911716,0.35684003853314966,0.7906976744186046,0.6744186046511628,0.9069767441860465,0.21476690527200126,0.1813248609952905,0.24621234297812802,0.0846747630024729,0.04304857431833685,0.12926750746114213,0.06789049887379935,0.03200342166995586,0.1196811793372035,0.046511627906976744,-0.06976744186046512,0.16279069767441862,True
mediation_aware_recourse,False,30.0,1.0,5.0,43,0.40773254884190335,0.2796758029783188,0.5500437763194705,0.0010240970723018354,0.0003796453465406408,0.0018147974475455936,0.15290788117703563,0.13995754180352088,0.16561795641249083,0.23999865950886592,0.22884766128304046,0.2510764009449198,0.2045658313950827,0.20001374531623928,0.2094340774902078,0.4299172476951417,0.4100708216353019,0.4496643745077569,0.3337913029551379,0.3078024268922096,0.3544808613832792,0.7906976744186046,0.6744186046511628,0.9069767441860465,0.22359173830626955,0.18713540745024224,0.25963117352763154,0.09349959603674118,0.04988637548182137,0.1414643210478193,0.07912909612059593,0.042844819357662,0.12755266050916422,0.046511627906976744,-0.06976744186046512,0.16279069767441862,False
mediation_aware_recourse,False,30.0,2.0,5.0,43,0.41588244015394255,0.29018454742726196,0.5492346242546688,0.0011683088295777336,0.00038731691152020975,0.0020481621595379892,0.14686711649054693,0.13403166459659138,0.16007042474018884,0.23920112692339476,0.2270065710706593,0.2509717710684379,0.2045658313950827,0.20001374531623928,0.2094340774902078,0.4299172476951417,0.4100708216353019,0.4496643745077569,0.3291356581122117,0.30214158851632367,0.35102673919887445,0.813953488372093,0.6976744186046512,0.9069767441860465,0.2344209033790503,0.1961014337625829,0.2722441082931574,0.10432876110952194,0.05699540757566687,0.15549842930290583,0.08727898743263511,0.05039707039547867,0.13574700711814813,0.06976744186046512,-0.023255813953488372,0.18604651162790697,False
mediation_aware_recourse,False,30.0,5.0,5.0,43,0.5007479343303415,0.3813805543752604,0.6264852341264486,0.0013432542103559875,0.0004812307130138082,0.00238562766878976,0.13013111153753035,0.1163759734107736,0.14493768986323366,0.23307920697816584,0.2193880860433849,0.245790845203365,0.2045658313950827,0.20001374531623928,0.2094340774902078,0.4299172476951417,0.4100708216353019,0.4496643745077569,0.30733627113587275,0.2774970104717201,0.33428374066126193,0.813953488372093,0.6976744186046512,0.9069767441860465,0.2851269103913511,0.24295268150814012,0.33080150493743427,0.1550347681218227,0.09758827979222302,0.21793085202395965,0.17214448160903398,0.11109697386882333,0.23811350497742031,0.06976744186046512,-0.023255813953488372,0.18604651162790697,False
transport_anchor_only,False,0.0,0.0,10.0,43,0.183000146303066,0.17545000585012657,0.19055028370646543,0.029211664059345607,0.016955262477960215,0.04435161830210231,0.15922989761160336,0.1450580006552859,0.17312536348384724,0.24711216769592706,0.23235581477800774,0.26180921154053405,0.2045658313950827,0.20001374531623928,0.2094340774902078,0.4299172476951417,0.4100708216353019,0.4496643745077569,0.35384044810088244,0.3173432455288729,0.3871788132457035,0.5581395348837209,0.4186046511627907,0.7209302325581395,0.17695684460700223,0.1362487234775402,0.22682099286568058,0.17695684460700223,0.1325391914565034,0.22319228328016136,0.183000146303066,0.17545000585012657,0.19055028370646543,0.18604651162790697,0.09302325581395349,0.3023255813953488,False
mediation_aware_recourse,False,0.0,0.5,10.0,43,0.1864320282326188,0.1792250729577486,0.19296118950601232,0.028054007946383668,0.016124548941617932,0.04180675649086551,0.15710069012744127,0.14361261544917853,0.17087915817273544,0.24682146700662236,0.23202712239134451,0.2615375551546729,0.2045658313950827,0.20001374531623928,0.2094340774902078,0.4299172476951417,0.4100708216353019,0.4496643745077569,0.3527544621093491,0.3174073027757339,0.38510014188768427,0.5348837209302325,0.3953488372093023,0.6976744186046512,0.1794828795529262,0.13916881868208406,0.2283540678372457,0.1794828795529262,0.1356309331964182,0.22460872916106195,0.1864320282326188,0.1792250729577486,0.19296118950601232,0.16279069767441862,0.06976744186046512,0.27906976744186046,False
mediation_aware_recourse,False,0.0,0.7133235961881897,10.0,43,0.1873134821653366,0.17500565316268177,0.20228624086133964,0.028054007946383668,0.016124548941617932,0.04180675649086551,0.1526147976802598,0.13929913880196396,0.16505335743240004,0.24697443505012712,0.23227143349602472,0.2617063463102419,0.2045658313950827,0.20001374531623928,0.2094340774902078,0.4299172476951417,0.4100708216353019,0.4496643745077569,0.34970953648706354,0.31426011583987223,0.381175275563801,0.5348837209302325,0.3953488372093023,0.6976744186046512,0.18656546495420956,0.14560328449886253,0.23716561234517888,0.18656546495420956,0.14227558247315575,0.23628551006126894,0.1873134821653366,0.17500565316268177,0.20228624086133964,0.16279069767441862,0.06976744186046512,0.27906976744186046,True
mediation_aware_recourse,False,0.0,1.0,10.0,43,0.19565845263558765,0.18068314263986984,0.21289725941714158,0.028054007946383668,0.016124548941617932,0.04180675649086551,0.1499697241267664,0.13502178146091207,0.16381721489310433,0.24635951143018034,0.23092799608833914,0.26140525726991337,0.2045658313950827,0.20001374531623928,0.2094340774902078,0.4299172476951417,0.4100708216353019,0.4496643745077569,0.3474979023109279,0.311488159810702,0.37993338134407567,0.5348837209302325,0.3953488372093023,0.6976744186046512,0.19170979025865487,0.1491728845934103,0.24531446807104051,0.19170979025865487,0.14500257739388356,0.24256593862310907,0.19565845263558765,0.18068314263986984,0.21289725941714158,0.16279069767441862,0.06976744186046512,0.27906976744186046,False
mediation_aware_recourse,False,0.0,2.0,10.0,43,0.2127385437488556,0.18476187723450535,0.24286861592513878,0.024705871174164753,0.013236151474229026,0.03802342678814819,0.14187285315856904,0.12732488579247683,0.15570513365773953,0.24592373979299567,0.2297894028318656,0.2614434864436991,0.2045658313950827,0.20001374531623928,0.2094340774902078,0.4299172476951417,0.4100708216353019,0.4496643745077569,0.3413823777921442,0.3052019190503751,0.37346096574683635,0.5116279069767442,0.37209302325581395,0.6744186046511628,0.2059346778424168,0.15968738728737028,0.26139109962250917,0.2059346778424168,0.15749530037599085,0.2617318690075378,0.2127385437488556,0.18476187723450535,0.24286861592513878,0.13953488372093023,0.046511627906976744,0.2558139534883721,False
mediation_aware_recourse,False,0.0,5.0,10.0,43,0.31827869838060335,0.2574749426114871,0.3904727138665526,0.02220749773099036,0.011564426374765114,0.03533085964464118,0.12406471212693074,0.1083506724009609,0.1395589512360512,0.24065634192422378,0.22273972388356925,0.2577142568066889,0.2045658313950827,0.20001374531623928,0.2094340774902078,0.4299172476951417,0.4100708216353019,0.4496643745077569,0.3196873868461415,0.2782953772884901,0.35700693918749804,0.5348837209302325,0.3953488372093023,0.6749999999999995,0.2563978566572077,0.20144598179787707,0.32153356508008557,0.2563978566572077,0.2003649791578314,0.32026438507775795,0.31827869838060335,0.2574749426114871,0.3904727138665526,0.16279069767441862,0.06976744186046512,0.27906976744186046,False
transport_anchor_only,False,1.0,0.0,10.0,43,0.20032225757144217,0.18579988553253718,0.2203898647150328,0.02258208845274622,0.011938146782536824,0.035245400552884304,0.15761227555399046,0.14422145953333493,0.17103100392020437,0.24581954021786534,0.2311617139228728,0.26034692139906246,0.2045658313950827,0.20001374531623928,0.2094340774902078,0.4299172476951417,0.4100708216353019,0.4496643745077569,0.347210872494283,0.31383663976038295,0.37785740799246037,0.5581395348837209,0.4186046511627907,0.7209302325581395,0.19237742994555684,0.15434825976061223,0.2393483557846893,0.17863168269625085,0.13359628142108668,0.22606164590074676,0.19678920169555864,0.181854784326238,0.21734810495575846,0.16279069767441862,0.06976744186046512,0.27906976744186046,False
mediation_aware_recourse,False,1.0,0.5,10.0,43,0.2038083568561909,0.18751446169822716,0.22531875034924162,0.021924871403726738,0.011770540439889026,0.034096949161105485,0.1554866158104563,0.14185591659873484,0.16892277696532032,0.24554742474195568,0.2312532670904211,0.2601251220114009,0.2045658313950827,0.20001374531623928,0.2094340774902078,0.4299172476951417,0.4100708216353019,0.4496643745077569,0.34651107466121744,0.31279439000013987,0.37624778300238276,0.5581395348837209,0.4186046511627907,0.7209302325581395,0.19400518002261768,0.15530961740977506,0.24066689433829302,0.1802594327733117,0.1359725588446661,0.2262130372457038,0.20027530098030732,0.183349260007746,0.22216879044291238,0.16279069767441862,0.06976744186046512,0.27906976744186046,False
mediation_aware_recourse,False,1.0,0.7133235961881897,10.0,43,0.20783273113328357,0.18696190242244062,0.23179107308387756,0.02099292618929106,0.011431707762397408,0.03225998474498073,0.15037442315377056,0.13719745217177376,0.1622672224030937,0.2455169393919235,0.23119449669841763,0.2601264626502471,0.2045658313950827,0.20001374531623928,0.2094340774902078,0.4299172476951417,0.4100708216353019,0.4496643745077569,0.3425342038244964,0.31047381095014714,0.3718519254630695,0.5581395348837209,0.4186046511627907,0.7209302325581395,0.20325549705000312,0.16433737047999686,0.2497187003769249,0.18950974980069712,0.14451611959640678,0.24067482329524695,0.20429967525740003,0.18343606744134844,0.22899238877431596,0.16279069767441862,0.06976744186046512,0.27906976744186046,True
mediation_aware_recourse,False,1.0,1.0,10.0,43,0.21446175076240717,0.1920723972408924,0.23895229263621012,0.021929677577850807,0.011453399541555581,0.03426126119255046,0.14684680019173196,0.13255646760893286,0.16010311509260247,0.2450589931808239,0.22974162593180703,0.26011497202697537,0.2045658313950827,0.20001374531623928,0.2094340774902078,0.4299172476951417,0.4100708216353019,0.4496643745077569,0.3413735719423951,0.3067216891934237,0.37224801692354453,0.5348837209302325,0.3953488372093023,0.6976744186046512,0.20595516050459495,0.16377040426773676,0.2574754086718006,0.19220941325528895,0.14473345310810742,0.24723867055041646,0.21092869488652363,0.18795278246059666,0.2359191283778569,0.13953488372093023,0.046511627906976744,0.2558139534883721,False
mediation_aware_recourse,False,1.0,2.0,10.0,43,0.22588815947258195,0.19590521849215378,0.256856076070649,0.020877356002317566,0.010684118442839995,0.0328743950931293,0.1401978171850361,0.12619930229097245,0.1534758112335936,0.245026309303073,0.22922263874694013,0.26028127654044086,0.2045658313950827,0.20001374531623928,0.2094340774902078,0.4299172476951417,0.4100708216353019,0.4496643745077569,0.337553862620297,0.3035541783094779,0.3692185521251215,0.5116279069767442,0.37209302325581395,0.6744186046511628,0.21483991528607016,0.17013191086024806,0.26660299877373184,0.20109416803676416,0.15086912225007512,0.2578267943049445,0.2223551035966984,0.19137758727423676,0.2545197002286481,0.11627906976744186,0.023255813953488372,0.20930232558139536,False
mediation_aware_recourse,False,1.0,5.0,10.0,43,0.3282926637072896,0.2671778408615568,0.40277343409265887,0.0217125214872524,0.010787819201476872,0.03467354128196587,0.12335936557446935,0.10764524374683926,0.13891129242328557,0.24004844350870266,0.22253318146780826,0.2568594417643062,0.2045658313950827,0.20001374531623928,0.2094340774902078,0.4299172476951417,0.4100708216353019,0.4496643745077569,0.3183567963196855,0.2765682089848151,0.35606855051277325,0.5581395348837209,0.4186046511627907,0.6976744186046512,0.25949284885300705,0.20411652592404966,0.3242754829805984,0.24574710160370106,0.18515162658244208,0.3161838516188143,0.32475960783140606,0.261735312413251,0.39889113917123786,0.16279069767441862,0.06976744186046512,0.27906976744186046,False
transport_anchor_only,False,3.0,0.0,10.0,43,0.23114445320395535,0.20244271238009595,0.266429441049695,0.016373295732178845,0.008289539054187167,0.026303876637094045,0.15518777544533968,0.14242454325163184,0.16855851434459088,0.24396366877264755,0.229582352041765,0.25806750030754955,0.2045658313950827,0.20001374531623928,0.2094340774902078,0.4299172476951417,0.4100708216353019,0.4496643745077569,0.33961171202873924,0.30877205158869186,0.36767674000133505,0.6046511627906976,0.46511627906976744,0.7441860465116279,0.21005329781613913,0.17397130705482491,0.2539590230652263,0.16319641182615185,0.1174083674171645,0.21202923970947282,0.2056255017428897,0.17651322890116378,0.2423879355863603,0.13953488372093023,0.046511627906976744,0.2558139534883721,False
mediation_aware_recourse,False,3.0,0.5,10.0,43,0.23217401774816734,0.20312064558614132,0.26706869053805987,0.016373295732178845,0.008289539054187167,0.026303876637094045,0.15441501425608253,0.1417056532962566,0.16687017783931274,0.2438648309298726,0.2294855560262709,0.25806750030754955,0.2045658313950827,0.20001374531623928,0.2094340774902078,0.4299172476951417,0.4100708216353019,0.4496643745077569,0.3395691312446932,0.308689019059802,0.3676352237368901,0.6046511627906976,0.46511627906976744,0.7441860465116279,0.21015234195608556,0.1741603139339315,0.25416127205698014,0.1632954559660983,0.11750428283213939,0.2121313248230602,0.2066550662871017,0.1775559114530509,0.2427025122697963,0.13953488372093023,0.046511627906976744,0.2558139534883721,False
mediation_aware_recourse,False,3.0,0.7133235961881897,10.0,43,0.23305547168088514,0.20297387587989485,0.26834195163967306,0.016373295732178845,0.008289539054187167,0.026303876637094045,0.14992912180890103,0.13772015046344752,0.16129702574214586,0.24401779897337736,0.22965228298765628,0.2582561049458766,0.2045658313950827,0.20001374531623928,0.2094340774902078,0.4299172476951417,0.4100708216353019,0.4496643745077569,0.3365242056224077,0.3056354506658105,0.36452903025201394,0.6046511627906976,0.46511627906976744,0.7441860465116279,0.2172349273573687,0.17841129930829133,0.2618220712740846,0.17037804136738144,0.1258394340495928,0.22307426899876479,0.2075365202198195,0.1769553448246835,0.2438246583327824,0.13953488372093023,0.046511627906976744,0.2558139534883721,True
mediation_aware_recourse,False,3.0,1.0,10.0,43,0.23792158361784246,0.20818048142069995,0.27509118507421293,0.016689239817466558,0.008644038702085367,0.02656275140275597,0.14524879364897034,0.13113981346660142,0.15906215257546064,0.2438152003600154,0.22911495587160421,0.2584503184094332,0.2045658313950827,0.20001374531623928,0.2094340774902078,0.4299172476951417,0.4100708216353019,0.4496643745077569,0.33508664771420754,0.3022882625782125,0.3643965985562587,0.6046511627906976,0.46511627906976744,0.7441860465116279,0.22057872878870732,0.17940409454685308,0.26914846126903774,0.17372184279872005,0.12738087796104486,0.22963072089402237,0.21240263215677682,0.18084595787533841,0.25129558073010205,0.13953488372093023,0.046511627906976744,0.2558139534883721,False
mediation_aware_recourse,False,3.0,2.0,10.0,43,0.25661644166292147,0.2239357515519788,0.29388097900204185,0.016805384846118952,0.008691357461862649,0.02656275140275597,0.14151231421743146,0.1269712413806039,0.15494331049442622,0.24251570162731548,0.22764537410897226,0.25731353662085044,0.2045658313950827,0.20001374531623928,0.2094340774902078,0.4299172476951417,0.4100708216353019,0.4496643745077569,0.3324379912846664,0.2990941039596314,0.36317856533077925,0.5813953488372093,0.4418604651162791,0.7441860465116279,0.22673958054271592,0.1842189444852622,0.2769802749747981,0.17988269455272865,0.1297254049800686,0.23843318855486062,0.23109749020185583,0.1963521165101854,0.26918810627444884,0.11627906976744186,0.0,0.23255813953488372,False
mediation_aware_recourse,False,3.0,5.0,10.0,43,0.37683434654460396,0.30135095338445417,0.45313677049653467,0.014528126140726277,0.006861125310885496,0.02401039537887251,0.12267853116985765,0.1070823938386442,0.13813757584985634,0.23690305147753205,0.2200561551832009,0.2527730504419048,0.2045658313950827,0.20001374531623928,0.2094340774902078,0.4299172476951417,0.4100708216353019,0.4496643745077569,0.3111724009731594,0.2724526874375148,0.3465962460616152,0.5581395348837209,0.4186046511627907,0.6976744186046512,0.2762039610148076,0.2228638127998576,0.3366067517820721,0.22934707502482032,0.16869118173662795,0.29818889551997446,0.3513153950835383,0.2704611023584771,0.43094624421710886,0.09302325581395349,0.0,0.20930232558139536,False
transport_anchor_only,False,10.0,0.0,10.0,43,0.3891785248767498,0.3010012262349212,0.48702893295260363,0.004250623702245343,0.001569602735846621,0.007732875561457508,0.15501004085304854,0.14191706328300938,0.16850090438660914,0.2356378832875296,0.22287551939357506,0.2470744170486754,0.2045658313950827,0.20001374531623928,0.2094340774902078,0.4299172476951417,0.4100708216353019,0.4496643745077569,0.32623647266389666,0.29848354754424883,0.3498762303369922,0.7209302325581395,0.5813953488372093,0.8377906976744182,0.2411644929043788,0.20818372192168538,0.27920400106424403,0.14615698351945894,0.10123887704056551,0.19439776219137037,0.2579098537910816,0.1838276357888136,0.3470146458920871,0.18604651162790697,0.06976744186046512,0.32558139534883723,False
mediation_aware_recourse,False,10.0,0.5,10.0,43,0.379312670854635,0.29299043458561563,0.4702985355760469,0.004931494527550093,0.001892509335142716,0.008388908264688846,0.15296929299841733,0.14018260211557304,0.1667159585650673,0.235990269932636,0.22323978618220533,0.24759567354394252,0.2045658313950827,0.20001374531623928,0.2094340774902078,0.4299172476951417,0.4100708216353019,0.4496643745077569,0.3267054071932112,0.2993984703463781,0.35079295994814974,0.7209302325581395,0.5813953488372093,0.8372093023255814,0.24007373757453676,0.20743865393190303,0.2777514027169297,0.1450662281896169,0.09973261560603644,0.19344500058354774,0.24804399976896685,0.1733329502172595,0.33409109694103517,0.18604651162790697,0.06976744186046512,0.32558139534883723,False
mediation_aware_recourse,False,10.0,0.7133235961881897,10.0,43,0.3801941247873528,0.2954249348621382,0.4737006401556522,0.004931494527550093,0.001892509335142716,0.008388908264688846,0.14848340055123582,0.13633533377641027,0.1605091611722379,0.23614323797614076,0.22338050699164702,0.24786874177584123,0.2045658313950827,0.20001374531623928,0.2094340774902078,0.4299172476951417,0.4100708216353019,0.4496643745077569,0.3236604815709257,0.2973787740416416,0.3481143496877375,0.7209302325581395,0.5813953488372093,0.8372093023255814,0.2471563229758199,0.21311504004773082,0.2853716116248734,0.15214881359090004,0.10717397767662964,0.2028027270265698,0.24892545370168465,0.1741023224605204,0.33491490287056497,0.18604651162790697,0.06976744186046512,0.32558139534883723,True
mediation_aware_recourse,False,10.0,1.0,10.0,43,0.3954028667405594,0.3070999371840857,0.49804384948815716,0.004486840322428787,0.0016594527901798806,0.007625320647449213,0.14538575562340986,0.1318995282597443,0.15868869538874344,0.23532482626479725,0.22201073543536803,0.24711702342340072,0.2045658313950827,0.20001374531623928,0.2094340774902078,0.4299172476951417,0.4100708216353019,0.4496643745077569,0.3210041931896688,0.2925209198527712,0.34625966033148897,0.7209302325581395,0.5813953488372093,0.8372093023255814,0.25333492687109915,0.21653577641537997,0.29553015625754026,0.1583274174861793,0.10997504939814631,0.21044041569499028,0.26413419565489127,0.18328532179990825,0.36317525295280784,0.18604651162790697,0.06976744186046512,0.32558139534883723,False
mediation_aware_recourse,False,10.0,2.0,10.0,43,0.3969019417499387,0.30841485540880714,0.4943568750999347,0.00524989732503253,0.002523202312430328,0.008781727644221261,0.1387278512935558,0.12492072456125744,0.15169662915929563,0.23547343589192213,0.2217718339481846,0.24764291237346656,0.2045658313950827,0.20001374531623928,0.2094340774902078,0.4299172476951417,0.4100708216353019,0.4496643745077569,0.3192456012803089,0.2902668458390189,0.34568714082756424,0.6744186046511628,0.5348837209302325,0.813953488372093,0.2574254627097704,0.22019651780308744,0.3015218857066754,0.16241795332485054,0.11236147732069511,0.2175439762292583,0.26563327066427056,0.18461643160255842,0.3651299461375835,0.13953488372093023,0.046511627906976744,0.2558139534883721,False
mediation_aware_recourse,False,10.0,5.0,10.0,43,0.4960696088193461,0.40723010960663125,0.5975740588378421,0.00546073976177253,0.00248294060647459,0.009227788135305691,0.12156283073598352,0.1068081092398817,0.13714432818254524,0.23070251759748125,0.21540186538166084,0.24493888782900433,0.2045658313950827,0.20001374531623928,0.2094340774902078,0.4299172476951417,0.4100708216353019,0.4496643745077569,0.29978774173191886,0.26479942310821464,0.3313361100743936,0.6744186046511628,0.5348837209302325,0.813953488372093,0.3026850089426951,0.2566139660186973,0.3576315002446518,0.20767749955777526,0.1489280636446173,0.27295827943397205,0.36480093773367794,0.27662400888755573,0.4689605626017721,0.13953488372093023,0.046511627906976744,0.2558139534883721,False
transport_anchor_only,False,30.0,0.0,10.0,43,0.468480879484221,0.35021277132422424,0.5993836350219194,0.0008972415764500242,0.00026851559710164416,0.0016731930511314087,0.1538395903635875,0.14082298305960336,0.16680904959306944,0.2324158950427244,0.22066223254254044,0.24335713181211505,0.2045658313950827,0.20001374531623928,0.2094340774902078,0.4299172476951417,0.4100708216353019,0.4496643745077569,0.3215027892692908,0.2949824926162546,0.34376979368460786,0.813953488372093,0.6976744186046512,0.9302325581395349,0.25217517791407285,0.22109165421203308,0.28828176596018795,0.12208303564454448,0.07363387564282772,0.1739435983661504,0.13987742676291354,0.10174133687951536,0.19052770869849725,0.06976744186046512,-0.046511627906976744,0.18604651162790697,False
mediation_aware_recourse,False,30.0,0.5,10.0,43,0.469510444028433,0.35023851043782955,0.5997614895621703,0.0008972415764500242,0.00026851559710164416,0.0016731930511314087,0.15306682917433032,0.13987355334010984,0.16625147051522293,0.23231705719994944,0.22046573666292568,0.24320066934234874,0.2045658313950827,0.20001374531623928,0.2094340774902078,0.4299172476951417,0.4100708216353019,0.4496643745077569,0.32146020848524476,0.2949824926162546,0.3437687291650067,0.813953488372093,0.6976744186046512,0.9302325581395349,0.25227422205401917,0.2211924502199674,0.28857845955521577,0.1221820797844908,0.07372814615180068,0.1740195908441192,0.14090699130712553,0.10254230143632306,0.19173327309274396,0.06976744186046512,-0.046511627906976744,0.18604651162790697,False
mediation_aware_recourse,False,30.0,0.7133235961881897,10.0,43,0.4703918979611508,0.35260370465991797,0.6002214654023911,0.0008972415764500242,0.00026851559710164416,0.0016731930511314087,0.14858093672714884,0.13590427073416156,0.1609192940024483,0.2324700252434542,0.22060695500871122,0.24324242011752237,0.2045658313950827,0.20001374531623928,0.2094340774902078,0.4299172476951417,0.4100708216353019,0.4496643745077569,0.31841528286295934,0.2933008822021521,0.34098000309570786,0.813953488372093,0.6976744186046512,0.9302325581395349,0.2593568074553023,0.22562079650754222,0.2945797548451172,0.12926466518577395,0.08320160154388555,0.183924959656319,0.14178844523984332,0.10334653207642394,0.19191719135919283,0.06976744186046512,-0.046511627906976744,0.18604651162790697,True
mediation_aware_recourse,False,30.0,1.0,10.0,43,0.4787368684314018,0.3630502366309249,0.6072081038035279,0.0008972415764500242,0.00026851559710164416,0.0016731930511314087,0.14593586317365545,0.1320861447037608,0.15951132202939775,0.23185510162350742,0.21956057458422906,0.2428849385553148,0.2045658313950827,0.20001374531623928,0.2094340774902078,0.4299172476951417,0.4100708216353019,0.4496643745077569,0.31620364868682366,0.2894906153367561,0.33997718151700473,0.813953488372093,0.6976744186046512,0.9302325581395349,0.26450113275974785,0.22894855415476598,0.3045333977345675,0.13440899049021948,0.08496613223103226,0.1924434203561568,0.15013341571009436,0.10916989069691924,0.19913398333673557,0.06976744186046512,-0.046511627906976744,0.18604651162790697,False
mediation_aware_recourse,False,30.0,2.0,10.0,43,0.49562188029982324,0.381703692622656,0.6240091832397981,0.000868099976775612,0.00024784513606286574,0.0016647419064271028,0.1416809330005807,0.12757909142340843,0.15614371398346916,0.2309309320394383,0.2184728260411946,0.24204731035631064,0.2045658313950827,0.20001374531623928,0.2094340774902078,0.4299172476951417,0.4100708216353019,0.4496643745077569,0.3123749480190193,0.28512315724915155,0.3365170548657486,0.8372093023255814,0.7209302325581395,0.9302325581395349,0.27340680167238307,0.23635485897837163,0.31464128913147255,0.1433146594028547,0.0939119752046375,0.20447952916991013,0.1670184275785158,0.12268322594030652,0.22254427596493515,0.09302325581395349,0.0,0.20930232558139536,False
mediation_aware_recourse,False,30.0,5.0,10.0,43,0.5953384341542111,0.48127983641745736,0.7232439450139916,0.0009407012079992379,0.00028734986811665127,0.0017723096940304725,0.12317060992665187,0.10862652446865777,0.13899604338332386,0.22658814974995548,0.21309280201879352,0.23960183291631035,0.2045658313950827,0.20001374531623928,0.2094340774902078,0.4299172476951417,0.4100708216353019,0.4496643745077569,0.293223007108096,0.26018283309384904,0.3224287858139012,0.8372093023255814,0.7209302325581395,0.9302325581395349,0.317954772272772,0.2734213823493682,0.37045017651848794,0.18786263000324366,0.12656607020210203,0.261340650638108,0.26673498143290364,0.1993631613029297,0.3420863045162933,0.09302325581395349,-0.023255813953488372,0.20930232558139536,False
