method,is_ordinary_actionable_baseline,eta,lambda_invariance,rho_anchor,n,cost,cost_lo,cost_hi,shortfall,shortfall_lo,shortfall_hi,direct_effect,direct_effect_lo,direct_effect_hi,transport,transport_lo,transport_hi,pre_recourse_mediated_prediction_disparity,pre_recourse_mediated_prediction_disparity_lo,pre_recourse_mediated_prediction_disparity_hi,pre_recourse_factual_mediated_prediction_disparity,pre_recourse_factual_mediated_prediction_disparity_lo,pre_recourse_factual_mediated_prediction_disparity_hi,post_recourse_mediated_prediction_disparity,post_recourse_mediated_prediction_disparity_lo,post_recourse_mediated_prediction_disparity_hi,outcome_wasserstein,outcome_wasserstein_lo,outcome_wasserstein_hi,feasible_rate,feasible_rate_lo,feasible_rate_hi,constraint_feasible_rate,constraint_feasible_rate_lo,constraint_feasible_rate_hi,constraint_abstention_rate,constraint_abstention_rate_lo,constraint_abstention_rate_hi,mean_absolute_gap_reduction,mean_absolute_gap_reduction_lo,mean_absolute_gap_reduction_hi,factual_mediated_prediction_disparity_closure,factual_mediated_prediction_disparity_closure_lo,factual_mediated_prediction_disparity_closure_hi,recipient_level_closure,recipient_level_closure_lo,recipient_level_closure_hi,overshoot_rate,overshoot_rate_lo,overshoot_rate_hi,overshoot_magnitude,overshoot_magnitude_lo,overshoot_magnitude_hi,factual_closure_gain_vs_actionable_baseline,factual_closure_gain_vs_actionable_baseline_lo,factual_closure_gain_vs_actionable_baseline_hi,cost_difference_vs_actionable_baseline,cost_difference_vs_actionable_baseline_lo,cost_difference_vs_actionable_baseline_hi,feasibility_difference_vs_actionable_baseline,feasibility_difference_vs_actionable_baseline_lo,feasibility_difference_vs_actionable_baseline_hi,paired_absolute_gap_gain_vs_actionable_baseline,paired_absolute_gap_gain_vs_actionable_baseline_lo,paired_absolute_gap_gain_vs_actionable_baseline_hi,is_effect_ratio_heuristic
soft_objective_recourse,False,0.0,0.0,0.0,250,0.0,0.0,0.0,0.4603950159384255,0.42433560722793234,0.49747127863742324,0.03338566442979282,0.03104155117728379,0.03568516286131914,0.5598458378193379,0.552946806379199,0.5670754336956144,0.19855954444408416,0.1942871125727892,0.2033614722788334,0.5119511565080134,0.4898297329667772,0.5325910104284735,0.5119511565080134,0.4907036992226946,0.5323580280785836,0.5383427676285308,0.5201346760052515,0.5564211907261553,0.064,0.036,0.096,0.0,0.0,0.0,0.0,0.0,0.0,0.0,0.0,0.0,0.0,0.0,0.0,0.0,0.0,0.0,0.0,0.0,0.0,0.0,0.0,0.0,0.0,0.0,0.0,0.0,0.0,0.0,0.0,0.0,0.0,0.0,0.0,0.0,False
direct_invariance_only,False,0.0,0.17779776538662934,0.0,250,0.0,0.0,0.0,0.4603950159384255,0.42433560722793234,0.49747127863742324,0.03338566442979282,0.03104155117728379,0.03568516286131914,0.5598458378193379,0.552946806379199,0.5670754336956144,0.19855954444408416,0.1942871125727892,0.2033614722788334,0.5119511565080134,0.4898297329667772,0.5325910104284735,0.5119511565080134,0.4907036992226946,0.5323580280785836,0.5383427676285308,0.5201346760052515,0.5564211907261553,0.064,0.036,0.096,0.0,0.0,0.0,0.0,0.0,0.0,0.0,0.0,0.0,0.0,0.0,0.0,0.0,0.0,0.0,0.0,0.0,0.0,0.0,0.0,0.0,0.0,0.0,0.0,0.0,0.0,0.0,0.0,0.0,0.0,0.0,0.0,0.0,True
direct_invariance_only,False,0.0,0.5,0.0,250,0.0,0.0,0.0,0.4603950159384255,0.42433560722793234,0.49747127863742324,0.03338566442979282,0.03104155117728379,0.03568516286131914,0.5598458378193379,0.552946806379199,0.5670754336956144,0.19855954444408416,0.1942871125727892,0.2033614722788334,0.5119511565080134,0.4898297329667772,0.5325910104284735,0.5119511565080134,0.4907036992226946,0.5323580280785836,0.5383427676285308,0.5201346760052515,0.5564211907261553,0.064,0.036,0.096,0.0,0.0,0.0,0.0,0.0,0.0,0.0,0.0,0.0,0.0,0.0,0.0,0.0,0.0,0.0,0.0,0.0,0.0,0.0,0.0,0.0,0.0,0.0,0.0,0.0,0.0,0.0,0.0,0.0,0.0,0.0,0.0,0.0,False
direct_invariance_only,False,0.0,1.0,0.0,250,0.0,0.0,0.0,0.4603950159384255,0.42433560722793234,0.49747127863742324,0.03338566442979282,0.03104155117728379,0.03568516286131914,0.5598458378193379,0.552946806379199,0.5670754336956144,0.19855954444408416,0.1942871125727892,0.2033614722788334,0.5119511565080134,0.4898297329667772,0.5325910104284735,0.5119511565080134,0.4907036992226946,0.5323580280785836,0.5383427676285308,0.5201346760052515,0.5564211907261553,0.064,0.036,0.096,0.0,0.0,0.0,0.0,0.0,0.0,0.0,0.0,0.0,0.0,0.0,0.0,0.0,0.0,0.0,0.0,0.0,0.0,0.0,0.0,0.0,0.0,0.0,0.0,0.0,0.0,0.0,0.0,0.0,0.0,0.0,0.0,0.0,False
direct_invariance_only,False,0.0,2.0,0.0,250,0.0,0.0,0.0,0.4603950159384255,0.42433560722793234,0.49747127863742324,0.03338566442979282,0.03104155117728379,0.03568516286131914,0.5598458378193379,0.552946806379199,0.5670754336956144,0.19855954444408416,0.1942871125727892,0.2033614722788334,0.5119511565080134,0.4898297329667772,0.5325910104284735,0.5119511565080134,0.4907036992226946,0.5323580280785836,0.5383427676285308,0.5201346760052515,0.5564211907261553,0.064,0.036,0.096,0.0,0.0,0.0,0.0,0.0,0.0,0.0,0.0,0.0,0.0,0.0,0.0,0.0,0.0,0.0,0.0,0.0,0.0,0.0,0.0,0.0,0.0,0.0,0.0,0.0,0.0,0.0,0.0,0.0,0.0,0.0,0.0,0.0,False
direct_invariance_only,False,0.0,5.0,0.0,250,0.0,0.0,0.0,0.4603950159384255,0.42433560722793234,0.49747127863742324,0.03338566442979282,0.03104155117728379,0.03568516286131914,0.5598458378193379,0.552946806379199,0.5670754336956144,0.19855954444408416,0.1942871125727892,0.2033614722788334,0.5119511565080134,0.4898297329667772,0.5325910104284735,0.5119511565080134,0.4907036992226946,0.5323580280785836,0.5383427676285308,0.5201346760052515,0.5564211907261553,0.064,0.036,0.096,0.0,0.0,0.0,0.0,0.0,0.0,0.0,0.0,0.0,0.0,0.0,0.0,0.0,0.0,0.0,0.0,0.0,0.0,0.0,0.0,0.0,0.0,0.0,0.0,0.0,0.0,0.0,0.0,0.0,0.0,0.0,0.0,0.0,False
soft_objective_recourse,False,1.0,0.0,0.0,250,0.17939501459304938,0.1434986916983145,0.21679074650925304,0.2566079278206807,0.2254230606163061,0.28927676935144736,0.039533785566909736,0.03785234241154878,0.0411118598297922,0.5308736664841175,0.5256003896618366,0.5360920552571237,0.19855954444408416,0.1942871125727892,0.2033614722788334,0.5119511565080134,0.4898297329667772,0.5325910104284735,0.33137192941533433,0.29899795145345387,0.3645864060739162,0.40063654063734133,0.3779769718991707,0.42427643723421665,0.1,0.064,0.14,0.0,0.0,0.0,0.0,0.0,0.0,0.14555286970860642,0.1166928113520342,0.17996334644045767,0.3527274522132122,0.284420164860731,0.4255845350871267,0.28431007110407447,0.2288292843841105,0.34158409660441114,0.184,0.14,0.23209999999999992,0.0175131786920363,0.012149619145141188,0.02275478284387976,0.0,0.0,0.0,0.0,0.0,0.0,0.0,0.0,0.0,0.0,0.0,0.0,False
direct_invariance_only,False,1.0,0.17779776538662934,0.0,250,0.17923175359670768,0.14344796554006461,0.2169173521202583,0.25677247964125643,0.22533543940545842,0.2899045852718069,0.03943321144010715,0.03774496397378926,0.041050772050805734,0.5306761592247485,0.5254021773948073,0.5359063841506004,0.19855954444408416,0.1942871125727892,0.2033614722788334,0.5119511565080134,0.4898297329667772,0.5325910104284735,0.3306996343425303,0.2980953444806574,0.3642649700107731,0.40076904753991427,0.3782004950001162,0.42450420882213147,0.1,0.064,0.14,0.0,0.0,0.0,0.0,0.0,0.0,0.1453159374915866,0.11652582022492573,0.17974895679648237,0.3540406538033595,0.28691797614741893,0.4264986690029826,0.2838472687175424,0.22851564125137608,0.34132744351875355,0.188,0.144,0.236,0.017967792336948202,0.012778432489728172,0.02326011537226638,0.0013132015901472505,-0.0007368921888919689,0.004735404737938945,-0.00016326099634170533,-0.0008367242217063904,0.0003469412326812744,0.0,0.0,0.0,-0.00023693221701983402,-0.0006231181374277099,0.0,True
direct_invariance_only,False,1.0,0.5,0.0,250,0.17067094239187192,0.13629855832991747,0.2063267571536438,0.26547879038787336,0.23365084081399026,0.29819901657470577,0.03910756917886754,0.03741742933923417,0.04078935238628764,0.5313804047317505,0.525740897260976,0.5368095050360441,0.19855954444408416,0.1942871125727892,0.2033614722788334,0.5119511565080134,0.4898297329667772,0.5325910104284735,0.3380789761032511,0.30572844288773937,0.37199435018706717,0.4080886537281883,0.38509658921643414,0.43238039282427343,0.092,0.056,0.128,0.0,0.0,0.0,0.0,0.0,0.0,0.13740317223768206,0.11007808708602229,0.1700721188022005,0.3396265018536797,0.2723499043678262,0.411671999786318,0.268391174609118,0.21664671754941975,0.3257162564366549,0.192,0.148,0.244,0.018234504083540114,0.01298296795941714,0.02350791886347731,-0.013100950359532515,-0.030823326081711643,0.002295332291262305,-0.008724072201177479,-0.01790144265666604,4.733436107635475e-05,-0.008,-0.02,0.0,-0.008149697470924365,-0.01684394350501909,-0.00025945228870398934,False
direct_invariance_only,False,1.0,1.0,0.0,250,0.16518111398783275,0.1313021469474741,0.20106001151489403,0.27138288701252905,0.23950729167406679,0.30622286267371857,0.03857186767022227,0.03680377879637248,0.04031849062426941,0.5310790547378064,0.5254889447942614,0.5365318345179618,0.19855954444408416,0.1942871125727892,0.2033614722788334,0.5119511565080134,0.4898297329667772,0.5325910104284735,0.3402643861419179,0.30609115605886106,0.37332389433051716,0.4111254306156253,0.3878859248447848,0.43596207736548875,0.092,0.056,0.128,0.0,0.0,0.0,0.0,0.0,0.0,0.1335459872494057,0.10728719397002442,0.16639964883687172,0.33535771564060946,0.26543292666895146,0.40923269756651826,0.260856891427523,0.2096286485369985,0.3154837852024168,0.204,0.156,0.252,0.0190703915583449,0.013720952517916253,0.024420469014785513,-0.017369736572602767,-0.0415905937025081,0.005452851705474521,-0.014213900605216623,-0.02691052518049255,-0.0026824356354307392,-0.008,-0.02,0.0,-0.012006882459200768,-0.02397761448420301,-0.001738722834808159,False
direct_invariance_only,False,1.0,2.0,0.0,250,0.15001882126894542,0.11548034048039187,0.1841835298081101,0.2872973530734207,0.2547722132789054,0.3217907350319854,0.03808950733752977,0.03626221642758609,0.03992416937675184,0.5319305978817939,0.5262136600343406,0.5375803185269952,0.19855954444408416,0.1942871125727892,0.2033614722788334,0.5119511565080134,0.4898297329667772,0.5325910104284735,0.35448130537340683,0.31985559638155725,0.38776090882394065,0.42079107027204254,0.3976542264453786,0.4454066344240903,0.092,0.056,0.128,0.0,0.0,0.0,0.0,0.0,0.0,0.12309920599678409,0.0968943253655183,0.15570984438863172,0.30758764607291544,0.24031439806996482,0.3794149020934518,0.24045107513075292,0.18950694307753257,0.295709922722155,0.184,0.136,0.232,0.017185322568911247,0.012130121364051682,0.02221356208393085,-0.04513980614029678,-0.07871596324283829,-0.013961693379504744,-0.02937619332410395,-0.04724015499330125,-0.012409323770785704,-0.008,-0.02,0.0,-0.022453663711822357,-0.036293231501165445,-0.009418418135695683,False
direct_invariance_only,False,1.0,5.0,0.0,250,0.05664478019405851,0.03586385893088612,0.08036914168914595,0.3927879709483504,0.3565281472077435,0.4304683652588205,0.03471869559889634,0.03244075833103784,0.03694460351911048,0.5471729315259456,0.5399478557107805,0.5540932624426483,0.19855954444408416,0.1942871125727892,0.2033614722788334,0.5119511565080134,0.4898297329667772,0.5325910104284735,0.4480196756834292,0.418890399056781,0.47505362533317425,0.491661008024716,0.47098500290369183,0.51159071291795,0.08,0.048,0.116,0.0,0.0,0.0,0.0,0.0,0.0,0.04882718531689088,0.030139236924895365,0.0697512805855776,0.12487808653594368,0.07716742017708321,0.17564447545860928,0.09537469482428373,0.06237627932561127,0.13517841765191674,0.068,0.04,0.1,0.0075521477538465975,0.004210773388789732,0.011720925160061674,-0.22784936567726854,-0.29457102965247417,-0.1605199228125394,-0.12275023439899087,-0.1587802949562203,-0.08812662797211669,-0.02,-0.04,0.0,-0.09672568439171557,-0.12694235421251138,-0.06760503549272032,False
soft_objective_recourse,False,3.0,0.0,0.0,250,0.5005072094854549,0.46284566941080846,0.5411428558815126,0.029349798569366727,0.02309720389150975,0.0356799188468198,0.03936345979999372,0.03753127587695323,0.04114502480088551,0.5029558203437328,0.4979210066361487,0.5078947048226535,0.19855954444408416,0.1942871125727892,0.2033614722788334,0.5119511565080134,0.4898297329667772,0.5325910104284735,0.07797566415689909,0.05430410594995126,0.10342814689040818,0.22006751016825724,0.20377668968241755,0.23803282724113947,0.236,0.184,0.292,0.0,0.0,0.0,0.0,0.0,0.0,0.33948517477737333,0.3093450914575024,0.37127857243987006,0.8476892508872015,0.794691203230489,0.8967297047821003,0.6631202419640585,0.6222855978245327,0.7023998593529858,0.496,0.432,0.56,0.04724515878687044,0.03993210346586841,0.05538510236190916,0.0,0.0,0.0,0.0,0.0,0.0,0.0,0.0,0.0,0.0,0.0,0.0,False
direct_invariance_only,False,3.0,0.17779776538662934,0.0,250,0.5000955137666897,0.4622400103993932,0.5406127995690637,0.02948913500891168,0.023236769609743857,0.03586110768798016,0.039205359784617956,0.03738997017076729,0.04105901232368657,0.5027114362425804,0.49761120444865825,0.5077646506049454,0.19855954444408416,0.1942871125727892,0.2033614722788334,0.5119511565080134,0.4898297329667772,0.5325910104284735,0.07663373412833081,0.05293792009056088,0.10303530675974326,0.21909166753510964,0.2029567936023754,0.23690472488602943,0.232,0.18,0.288,0.0,0.0,0.0,0.0,0.0,0.0,0.3398548252217267,0.30933828092817617,0.3716740526066037,0.8503104580307139,0.7963456237894811,0.8995561506762029,0.6638422843691871,0.6227049506813472,0.7028150070586853,0.5,0.436,0.56,0.04773129857897788,0.04045328644080194,0.055647960750649976,0.0026212071435124384,0.0,0.0076081888863895825,-0.0004116957187652588,-0.0010862205028533936,0.0,-0.004,-0.012,0.0,0.00036965044435339144,-0.00037382582364485994,0.0014827771567050344,True
direct_invariance_only,False,3.0,0.5,0.0,250,0.49919452232687034,0.46131417837647026,0.5390977578809237,0.02984852252459013,0.023669380395735577,0.036077151564258,0.03875104739069826,0.036891161810571345,0.04058594615173979,0.5021503016874791,0.49689318439500924,0.5073065762439251,0.19855954444408416,0.1942871125727892,0.2033614722788334,0.5119511565080134,0.4898297329667772,0.5325910104284735,0.07328265115855702,0.049528029044614424,0.0999230022590879,0.2181123602642058,0.20182681462026572,0.23606205121857768,0.228,0.176,0.28,0.0,0.0,0.0,0.0,0.0,0.0,0.33926148239080284,0.30796658454732306,0.3706515926282901,0.8568561663999094,0.8027451666120388,0.9054268836952168,0.6626833010884947,0.6221996390531308,0.7015624268736038,0.516,0.452,0.5760999999999998,0.04970351147932675,0.04237252221688648,0.057652113045807835,0.009166915512707874,0.0034618023094155985,0.01647923041777749,-0.0013126871585845948,-0.003141356432437897,1.2606382369995117e-05,-0.008,-0.024,0.004,-0.00022369238657054692,-0.0023270562491066378,0.001939671239181602,False
direct_invariance_only,False,3.0,1.0,0.0,250,0.5017128641214804,0.4630839846402072,0.5418062559316881,0.029120495528768223,0.023240114225375037,0.03517406464954005,0.038327284152925155,0.03648622485581811,0.04023248718902187,0.5018319390583038,0.49677440878217216,0.5070083170274853,0.19855954444408416,0.1942871125727892,0.2033614722788334,0.5119511565080134,0.4898297329667772,0.5325910104284735,0.06763503302180959,0.044268537404869274,0.09465707646736671,0.21468476734321476,0.19768427923915566,0.23261531968574373,0.228,0.176,0.28,0.0,0.0,0.0,0.0,0.0,0.0,0.34161705621468785,0.3089043742385656,0.3738143751434515,0.8678877229555572,0.8157422572932068,0.9145869847023921,0.6672844701530442,0.6266589247786468,0.7065743216547176,0.532,0.4719,0.592,0.05134953363575795,0.04413303522303394,0.0590989382091075,0.020198472068355677,0.008613932783518182,0.03339378566387072,0.0012056546360254287,-0.002842051112651825,0.00755212906897068,-0.008,-0.024,0.004,0.0021318814373144715,-0.0010473529243056534,0.0056277764295399905,False
direct_invariance_only,False,3.0,2.0,0.0,250,0.5074400990214781,0.46794165835456225,0.546984939295103,0.02764345128423765,0.022398708503239745,0.03318088164608882,0.037424931644546036,0.03553317990459424,0.039353118531836255,0.5000390936133862,0.49487943525254136,0.5049916756355702,0.19855954444408416,0.1942871125727892,0.2033614722788334,0.5119511565080134,0.4898297329667772,0.5325910104284735,0.05811661602842038,0.03472824220058075,0.08459866699011435,0.20986532702651026,0.19292824857763713,0.22735443853593482,0.228,0.176,0.28,0.0,0.0,0.0,0.0,0.0,0.0,0.3444733615669927,0.3122847090790043,0.37626805661646057,0.8864801548162716,0.835067941631943,0.9336882788075378,0.6728637237908083,0.6330167540343755,0.7104928884654774,0.564,0.5,0.6240999999999999,0.05468058945630013,0.046919771527108294,0.062130685350026214,0.03879090392907014,0.022255526783834516,0.05807801872941031,0.00693288953602314,-0.0013384945686906577,0.01771216964609921,-0.008,-0.032,0.012,0.0049881867896193225,-0.0003706098936197973,0.01154773665870747,False
direct_invariance_only,False,3.0,5.0,0.0,250,0.5215362855028943,0.4818345237688496,0.5622728557780138,0.024979338779791454,0.020622259647312124,0.029780691646027892,0.0357163167512225,0.03378356282754552,0.03760474048946723,0.49666691135168073,0.4911402724378347,0.5016284074331582,0.19855954444408416,0.1942871125727892,0.2033614722788334,0.5119511565080134,0.4898297329667772,0.5325910104284735,0.037785049956519864,0.01382059610928932,0.06277038322326024,0.1987613830044083,0.1823373373337915,0.21657662517428072,0.22,0.172,0.272,0.0,0.0,0.0,0.0,0.0,0.0,0.34978741931896257,0.3177574296570816,0.38091069261223676,0.9261940334030119,0.8732466230662892,0.9720399754734553,0.6832437330639911,0.6425338592183725,0.7193871440333756,0.632,0.568,0.692,0.06218934361626544,0.054798067896899415,0.06964341355786272,0.07850478251581039,0.0511680396949396,0.10624202224224101,0.021029076017439367,0.004771245124563576,0.03880553807076066,-0.016,-0.048,0.016,0.010302244541589208,0.0018575236411018004,0.019715463335872953,False
soft_objective_recourse,False,10.0,0.0,0.0,250,0.5983806447107345,0.5641797758614645,0.6344704583046958,0.008503340548646626,0.007002419054261819,0.010114568636492757,0.039360268460109454,0.03741605580237078,0.04114826346424711,0.5006308545672894,0.49528746250064376,0.5054107206661046,0.19855954444408416,0.1942871125727892,0.2033614722788334,0.5119511565080134,0.4898297329667772,0.5325910104284735,0.04811818399184102,0.02659866748494574,0.07211511833458707,0.20484606431018035,0.19032837231568986,0.21878602860634544,0.4,0.336,0.464,0.0,0.0,0.0,0.0,0.0,0.0,0.3609718523337591,0.33241513236848,0.3889838863167731,0.9060102055046577,0.8606044404313221,0.9475091236904929,0.7050904129134612,0.6714172334869298,0.7379971951316991,0.504,0.444,0.564,0.051430560091206584,0.04371046226039152,0.059552660122331784,0.0,0.0,0.0,0.0,0.0,0.0,0.0,0.0,0.0,0.0,0.0,0.0,False
direct_invariance_only,False,10.0,0.17779776538662934,0.0,250,0.5981983095724136,0.563998897879757,0.6343303704947233,0.008522519775199083,0.007037530120751076,0.010134227343709024,0.03902947174385156,0.037108367019240196,0.04088833413573748,0.499991174729824,0.49495223884034756,0.5045493387542068,0.19855954444408416,0.1942871125727892,0.2033614722788334,0.5119511565080134,0.4898297329667772,0.5325910104284735,0.04368695592589587,0.021747927332900378,0.0676152640073613,0.20231075850643304,0.1881615850443237,0.2168489424448546,0.396,0.332,0.46,0.0,0.0,0.0,0.0,0.0,0.0,0.3644804195991387,0.33549600497447635,0.391934148170343,0.9146657735400349,0.8714719890903782,0.9558927613117629,0.7119437371432789,0.678602371994705,0.743989588232856,0.504,0.444,0.564,0.051891890491489394,0.04417035951897036,0.06014539465069945,0.008655568035377148,0.0023249677966709265,0.01654216075982537,-0.00018233513832092285,-0.0005746364593505859,2.7631044387817383e-05,-0.004,-0.012,0.0,0.0035085672653795428,0.00020552648054522862,0.007711871519790521,True
direct_invariance_only,False,10.0,0.5,0.0,250,0.5974194144327194,0.563905006417539,0.6338184172245673,0.008608616761559088,0.007103506760164108,0.01019180846438832,0.03885991193138773,0.03688814262132277,0.04075495221108125,0.4998020518949031,0.49479099427980777,0.5043825133347213,0.19855954444408416,0.1942871125727892,0.2033614722788334,0.5119511565080134,0.4898297329667772,0.5325910104284735,0.04242263643620646,0.020708519745124235,0.06677308092050069,0.20168632561047348,0.18723644878190393,0.21654818116096686,0.396,0.332,0.46,0.0,0.0,0.0,0.0,0.0,0.0,0.3647365912655436,0.33604122246860046,0.392752864335126,0.917135383137781,0.8740418304867469,0.9587563807387888,0.712444120164488,0.6795891500141388,0.7447605585272287,0.512,0.448,0.572,0.05239596440313162,0.04477796420840974,0.060664689993121974,0.011125177633123262,0.003816711526457259,0.01956393982474576,-0.0009612302780151367,-0.003068154567480087,0.00024971485137939456,-0.004,-0.02,0.008,0.0037647389317844986,0.0003773417469018077,0.007847832483754705,False
direct_invariance_only,False,10.0,1.0,0.0,250,0.5973758570272476,0.5638352087917737,0.6338162393542938,0.00861971912055247,0.007103609591485385,0.010214709694009486,0.038750186699545185,0.036809068427012495,0.0406731348955901,0.49960078813743586,0.49459129029876586,0.5042777177533448,0.19855954444408416,0.1942871125727892,0.2033614722788334,0.5119511565080134,0.4898297329667772,0.5325910104284735,0.04172823419806949,0.019838215236098924,0.06557583227312723,0.201022881778372,0.18618166615820647,0.21583148507631425,0.388,0.3239,0.452,0.0,0.0,0.0,0.0,0.0,0.0,0.36542349619895576,0.3360550163372691,0.39356502113690417,0.9184917669046885,0.8760245351536358,0.9602826969515122,0.7137858593610502,0.6802899815995772,0.7462471781124344,0.516,0.452,0.576,0.05239971305549401,0.04477796420840974,0.060664689993121974,0.01248156140003076,0.004838574981878077,0.020812723932723133,-0.0010047876834869385,-0.00312470600605011,0.00023129415512084962,-0.012,-0.028,0.004,0.004451643865196691,0.0008242072592853564,0.00860788962418802,False
direct_invariance_only,False,10.0,2.0,0.0,250,0.5961808535177261,0.5626336305176374,0.6319167498131283,0.00886496958632353,0.007323762901229949,0.010447393045318066,0.03785927049611608,0.03593050035800384,0.03974329452297127,0.4979898680100441,0.492788422295171,0.5028294820337416,0.19855954444408416,0.1942871125727892,0.2033614722788334,0.5119511565080134,0.4898297329667772,0.5325910104284735,0.03350825568569017,0.012183562825290612,0.05630016991898277,0.1976383481109841,0.1833511509824665,0.21278040431415485,0.38,0.316,0.444,0.0,0.0,0.0,0.0,0.0,0.0,0.36514855513020883,0.33579116984748825,0.3934045583029367,0.93454794415497,0.8913715347715586,0.9756516256890803,0.7132488138533843,0.6796463085053036,0.7430317968968722,0.552,0.492,0.612,0.05664717284605718,0.04886475355168532,0.06457767934697657,0.028537738650312283,0.015243421450917127,0.04326596674540577,-0.002199791193008423,-0.005221068131923676,0.0003290966331958771,-0.02,-0.044,0.004,0.004176702796449675,-0.0001592879954707713,0.008901910807497004,False
direct_invariance_only,False,10.0,5.0,0.0,250,0.6020989699680358,0.5677568860251456,0.6377826080082916,0.008960712012692789,0.007396513218891949,0.010507960291540224,0.035829663917494585,0.03392855254605908,0.03774730462385726,0.49356526764440545,0.48825835177225474,0.49811211993391513,0.19855954444408416,0.1942871125727892,0.2033614722788334,0.5119511565080134,0.4898297329667772,0.5325910104284735,0.014185256474591287,-0.0065552719198478035,0.03482539808029829,0.1878997902235892,0.17418686535159075,0.20333335029704566,0.368,0.304,0.428,0.0,0.0,0.0,0.0,0.0,0.0,0.3680886529852783,0.3399697704211831,0.39765672062787855,0.9722917776544387,0.9295818127448787,0.9973273042139211,0.7189917403370819,0.6868955575640758,0.7475782255935856,0.624,0.56,0.684,0.06483862352407187,0.056871918155447496,0.07285069480293266,0.06628157214978103,0.03717819743631245,0.0880843386076383,0.0037183252573013306,-0.00433144197165966,0.013678580984473224,-0.032,-0.068,0.004,0.007116800651519194,-0.0001740889136924402,0.014826620225147913,False
soft_objective_recourse,False,30.0,0.0,0.0,250,0.694359245032072,0.6521226957492531,0.7384529114974663,0.002978048415917927,0.0023335378652153287,0.003713096795816153,0.03938701904108456,0.037268063309814976,0.041275374592475864,0.4990994565629959,0.49389262695339325,0.5038789559542001,0.19855954444408416,0.1942871125727892,0.2033614722788334,0.5119511565080134,0.4898297329667772,0.5325910104284735,0.03859726374122259,0.018324575336008123,0.06015393667919383,0.2142772919320826,0.20135690298127787,0.22630939301756825,0.584,0.52,0.644,0.0,0.0,0.0,0.0,0.0,0.0,0.3588423308375379,0.3325522127070687,0.38495816533048666,0.9246075270061072,0.8794875867581936,0.9656547719955509,0.700930794424177,0.671412853375421,0.7253737766399414,0.468,0.404,0.528,0.05725578096462639,0.04871061134371418,0.06676638751586816,0.0,0.0,0.0,0.0,0.0,0.0,0.0,0.0,0.0,0.0,0.0,0.0,False
direct_invariance_only,False,30.0,0.17779776538662934,0.0,250,0.6944886660277844,0.6521974603213371,0.738685818805173,0.002974199755156259,0.0023329163673609585,0.0037105185027263097,0.03880935867220776,0.03672885807501448,0.04079231369515641,0.498041716476202,0.4928528748171449,0.5026476153464854,0.19855954444408416,0.1942871125727892,0.2033614722788334,0.5119511565080134,0.4898297329667772,0.5325910104284735,0.03239808084464665,0.011032445346227939,0.05355562099674233,0.21323893797063312,0.20072369410863788,0.2247830446237701,0.588,0.524,0.648,0.0,0.0,0.0,0.0,0.0,0.0,0.3601467770759608,0.3348214101818446,0.3863360144338598,0.9367164612623753,0.8925714005877491,0.9768674350656416,0.7034787840552981,0.6744684023964738,0.7288057977420607,0.476,0.416,0.536,0.059703149293702934,0.05096933569307451,0.06951931321866822,0.012108934256268133,0.004187410612090228,0.021504744093712495,0.00012942099571228028,0.0,0.0003790526390075684,0.004,0.0,0.012,0.0013044462384228682,-0.002290630036517075,0.005390625658304586,True
direct_invariance_only,False,30.0,0.5,0.0,250,0.6944886660277844,0.6521974603213371,0.738685818805173,0.002974199755156259,0.0023329163673609585,0.0037105185027263097,0.03880935867220776,0.03672885807501448,0.04079231369515641,0.498041716476202,0.4928528748171449,0.5026476153464854,0.19855954444408416,0.1942871125727892,0.2033614722788334,0.5119511565080134,0.4898297329667772,0.5325910104284735,0.03239808084464665,0.011032445346227939,0.05355562099674233,0.21323893797063312,0.20072369410863788,0.2247830446237701,0.588,0.524,0.648,0.0,0.0,0.0,0.0,0.0,0.0,0.3601467770759608,0.3348214101818446,0.3863360144338598,0.9367164612623753,0.8925714005877491,0.9768674350656416,0.7034787840552981,0.6744684023964738,0.7288057977420607,0.476,0.416,0.536,0.059703149293702934,0.05096933569307451,0.06951931321866822,0.012108934256268133,0.004187410612090228,0.021504744093712495,0.00012942099571228028,0.0,0.0003790526390075684,0.004,0.0,0.012,0.0013044462384228682,-0.002290630036517075,0.005390625658304586,False
direct_invariance_only,False,30.0,1.0,0.0,250,0.6945013954341411,0.6523524469055235,0.7386840225595981,0.0029802236046762008,0.0023334492345123657,0.0037206636501994268,0.03854653503740623,0.03646417928552694,0.0404754502540629,0.4978626582386494,0.4926479944070757,0.5025703328934372,0.19855954444408416,0.1942871125727892,0.2033614722788334,0.5119511565080134,0.4898297329667772,0.5325910104284735,0.030085021546142204,0.009127905135790622,0.050627736975590504,0.21179143972906284,0.19885505829320782,0.2238637114208933,0.58,0.516,0.64,0.0,0.0,0.0,0.0,0.0,0.0,0.36051230158395114,0.33483978004107706,0.38744880759490075,0.9412345862223455,0.8968786629013277,0.9812624479032724,0.7041927672221369,0.6749858393278644,0.7297408387680105,0.488,0.424,0.548,0.06067691668895998,0.0521276115287768,0.07032058236316126,0.016627059216238305,0.007456626951599691,0.027961170218103536,0.0001421504020690918,-0.0001312100887298584,0.0004641839563846585,-0.004,-0.016,0.008,0.0016699707464132194,-0.0020972718635882226,0.005880463275715845,False
direct_invariance_only,False,30.0,2.0,0.0,250,0.694265630453825,0.6524299273900688,0.7384573210496455,0.003020899836847327,0.0023782901987876477,0.003764440560569136,0.037849086413329465,0.03573136072058031,0.03989562865730587,0.49676178875207905,0.4916425901649892,0.5014251006630003,0.19855954444408416,0.1942871125727892,0.2033614722788334,0.5119511565080134,0.4898297329667772,0.5325910104284735,0.02370433443146266,0.0034459385846457575,0.04440738751427829,0.20801358619790628,0.19450787163232414,0.22010968667557798,0.568,0.5039,0.628,0.0,0.0,0.0,0.0,0.0,0.0,0.3620059817345817,0.3357749931330111,0.38878505217861437,0.9536980547262586,0.9097018522008202,0.9928182137102411,0.7071103896000581,0.6769907437371733,0.7314817655388203,0.516,0.4559,0.576,0.0631204201709845,0.054328002329404934,0.07235883734384943,0.029090527720151416,0.015602537547137363,0.04488795475556313,-9.361457824707032e-05,-0.0010549963414669037,0.0007525087177753448,-0.016,-0.036,0.004,0.0031636508970437184,-0.001035165883573348,0.00817607867482869,False
direct_invariance_only,False,30.0,5.0,0.0,250,0.7061177447736263,0.6633870360672475,0.7526267218217253,0.002823485269836543,0.0022071147558440332,0.0035017941549100534,0.03635849553221147,0.03424472030751373,0.03829776424799366,0.49306482226133347,0.4877975103506327,0.4978300715766788,0.19855954444408416,0.1942871125727892,0.2033614722788334,0.5119511565080134,0.4898297329667772,0.5325910104284735,0.010515344794864682,-0.009116151248638632,0.0327560828186532,0.2044157792185776,0.1912823702425786,0.21683949452924495,0.564,0.4999,0.624,0.0,0.0,0.0,0.0,0.0,0.0,0.36035689496027407,0.33384338525865453,0.3862204401103979,0.9794602577585932,0.936286450339794,0.9985771305216514,0.7038892097016556,0.6750869579124031,0.7300433535127429,0.572,0.508,0.632,0.07053945837643731,0.061367064875223656,0.08063905362942443,0.05485273075248609,0.01697775529967676,0.07347573021453782,0.011758499741554261,0.0009625341087579728,0.024606431511044496,-0.02,-0.056,0.016,0.0015145641227360947,-0.004023241754016775,0.007130538972653953,False
transport_anchor_only,False,0.0,0.0,0.1,250,1.4092485798755661e-08,0.0,3.8169598155946006e-08,0.46039275500571475,0.4243333670295684,0.49746598392144437,0.033385809284501425,0.031041647994139273,0.035685306763429646,0.55984561815238,0.5529463712730407,0.5670752922421693,0.19855954444408416,0.1942871125727892,0.2033614722788334,0.5119511565080134,0.4898297329667772,0.5325910104284735,0.5119500984690123,0.49070297238570615,0.5323569617595322,0.5383418781410683,0.5201335421395497,0.5564199778199274,0.064,0.036,0.096,0.0,0.0,0.0,0.0,0.0,0.0,1.0580390010741514e-06,0.0,2.9073479533741064e-06,2.0666795799151316e-06,0.0,5.485970649479754e-06,2.0666795799151316e-06,0.0,5.557858081886577e-06,0.0,0.0,0.0,0.0,0.0,0.0,2.0666795799151316e-06,0.0,5.5941468148412716e-06,1.4092485798755661e-08,0.0,3.8169598155946006e-08,0.0,0.0,0.0,1.0580390010741514e-06,0.0,2.844525814563885e-06,False
mediation_aware_recourse,False,0.0,0.17779776538662934,0.1,250,0.0,0.0,0.0,0.4603950159384255,0.42433560722793234,0.49747127863742324,0.03338566442979282,0.03104155117728379,0.03568516286131914,0.5598458378193379,0.552946806379199,0.5670754336956144,0.19855954444408416,0.1942871125727892,0.2033614722788334,0.5119511565080134,0.4898297329667772,0.5325910104284735,0.5119511565080134,0.4907036992226946,0.5323580280785836,0.5383427676285308,0.5201346760052515,0.5564211907261553,0.064,0.036,0.096,0.0,0.0,0.0,0.0,0.0,0.0,0.0,0.0,0.0,0.0,0.0,0.0,0.0,0.0,0.0,0.0,0.0,0.0,0.0,0.0,0.0,0.0,0.0,0.0,0.0,0.0,0.0,0.0,0.0,0.0,0.0,0.0,0.0,True
mediation_aware_recourse,False,0.0,0.5,0.1,250,0.0,0.0,0.0,0.4603950159384255,0.42433560722793234,0.49747127863742324,0.03338566442979282,0.03104155117728379,0.03568516286131914,0.5598458378193379,0.552946806379199,0.5670754336956144,0.19855954444408416,0.1942871125727892,0.2033614722788334,0.5119511565080134,0.4898297329667772,0.5325910104284735,0.5119511565080134,0.4907036992226946,0.5323580280785836,0.5383427676285308,0.5201346760052515,0.5564211907261553,0.064,0.036,0.096,0.0,0.0,0.0,0.0,0.0,0.0,0.0,0.0,0.0,0.0,0.0,0.0,0.0,0.0,0.0,0.0,0.0,0.0,0.0,0.0,0.0,0.0,0.0,0.0,0.0,0.0,0.0,0.0,0.0,0.0,0.0,0.0,0.0,False
mediation_aware_recourse,False,0.0,1.0,0.1,250,0.0,0.0,0.0,0.4603950159384255,0.42433560722793234,0.49747127863742324,0.03338566442979282,0.03104155117728379,0.03568516286131914,0.5598458378193379,0.552946806379199,0.5670754336956144,0.19855954444408416,0.1942871125727892,0.2033614722788334,0.5119511565080134,0.4898297329667772,0.5325910104284735,0.5119511565080134,0.4907036992226946,0.5323580280785836,0.5383427676285308,0.5201346760052515,0.5564211907261553,0.064,0.036,0.096,0.0,0.0,0.0,0.0,0.0,0.0,0.0,0.0,0.0,0.0,0.0,0.0,0.0,0.0,0.0,0.0,0.0,0.0,0.0,0.0,0.0,0.0,0.0,0.0,0.0,0.0,0.0,0.0,0.0,0.0,0.0,0.0,0.0,False
mediation_aware_recourse,False,0.0,2.0,0.1,250,0.0,0.0,0.0,0.4603950159384255,0.42433560722793234,0.49747127863742324,0.03338566442979282,0.03104155117728379,0.03568516286131914,0.5598458378193379,0.552946806379199,0.5670754336956144,0.19855954444408416,0.1942871125727892,0.2033614722788334,0.5119511565080134,0.4898297329667772,0.5325910104284735,0.5119511565080134,0.4907036992226946,0.5323580280785836,0.5383427676285308,0.5201346760052515,0.5564211907261553,0.064,0.036,0.096,0.0,0.0,0.0,0.0,0.0,0.0,0.0,0.0,0.0,0.0,0.0,0.0,0.0,0.0,0.0,0.0,0.0,0.0,0.0,0.0,0.0,0.0,0.0,0.0,0.0,0.0,0.0,0.0,0.0,0.0,0.0,0.0,0.0,False
mediation_aware_recourse,False,0.0,5.0,0.1,250,0.0,0.0,0.0,0.4603950159384255,0.42433560722793234,0.49747127863742324,0.03338566442979282,0.03104155117728379,0.03568516286131914,0.5598458378193379,0.552946806379199,0.5670754336956144,0.19855954444408416,0.1942871125727892,0.2033614722788334,0.5119511565080134,0.4898297329667772,0.5325910104284735,0.5119511565080134,0.4907036992226946,0.5323580280785836,0.5383427676285308,0.5201346760052515,0.5564211907261553,0.064,0.036,0.096,0.0,0.0,0.0,0.0,0.0,0.0,0.0,0.0,0.0,0.0,0.0,0.0,0.0,0.0,0.0,0.0,0.0,0.0,0.0,0.0,0.0,0.0,0.0,0.0,0.0,0.0,0.0,0.0,0.0,0.0,0.0,0.0,0.0,False
transport_anchor_only,False,1.0,0.0,0.1,250,0.18553117329780708,0.14899450301925335,0.2247245929868118,0.250566491679845,0.22074367335136283,0.28233997167884994,0.039466689339352,0.03780195489387531,0.04105019469476262,0.5291964529986382,0.5239458595768273,0.534393009878993,0.19855954444408416,0.1942871125727892,0.2033614722788334,0.5119511565080134,0.4898297329667772,0.5325910104284735,0.3240327872283645,0.2904362204545975,0.3571573108268095,0.3951859704200605,0.3714851665195819,0.41774426335576587,0.104,0.068,0.144,0.0,0.0,0.0,0.0,0.0,0.0,0.15113307688006178,0.1213699264156009,0.18623357133022417,0.3670630818795845,0.30076885544904414,0.44015305725725723,0.2952099530567155,0.2397588371463974,0.3515369753473218,0.196,0.148,0.244,0.018392646199793534,0.013121097221182633,0.023770179071150713,0.014335629666372252,0.0005832689217252024,0.03313688978251474,0.006136158704757691,0.00011564707756042481,0.015054170244932172,0.004,0.0,0.012,0.005580207171455324,-0.00010820357688387538,0.014360078804304531,False
mediation_aware_recourse,False,1.0,0.17779776538662934,0.1,250,0.1822420094103063,0.14710839063167083,0.22137825742619094,0.253816090589348,0.22203354448779805,0.2855627498583361,0.039405908838745875,0.03771175036415993,0.041010937333319966,0.5296378857672214,0.5244141786491573,0.5348976216562391,0.19855954444408416,0.1942871125727892,0.2033614722788334,0.5119511565080134,0.4898297329667772,0.5325910104284735,0.32720605105114,0.29400025178287514,0.36020504919670265,0.3975631352589627,0.37380938082532617,0.4199822920593466,0.104,0.068,0.144,0.0,0.0,0.0,0.0,0.0,0.0,0.14872346715940582,0.11895852735052288,0.183607503239023,0.360864709666852,0.29208374139331966,0.4338021701551475,0.2905032350621869,0.2361099813341469,0.34680667759065037,0.192,0.148,0.244,0.018010819148733752,0.012819724476192345,0.02330371908518407,0.008137257453639801,0.0,0.02365565512354952,0.0028469948172569273,-0.00044216907024383545,0.009033658617734907,0.004,0.0,0.012,0.003170597450799372,-0.00036576763149757295,0.009985656786437784,True
mediation_aware_recourse,False,1.0,0.5,0.1,250,0.18245641232435356,0.14730358814315442,0.22157636100897307,0.2537699560888957,0.22186397252805043,0.28559466740975537,0.03912320481127496,0.037452184573192715,0.04082555862781078,0.5290874582412244,0.5239491865554095,0.5343773596829174,0.19855954444408416,0.1942871125727892,0.2033614722788334,0.5119511565080134,0.4898297329667772,0.5325910104284735,0.3246352862098089,0.2909922737756799,0.35709595302791663,0.3968315870845169,0.3734538823373694,0.4193675464921305,0.1,0.064,0.136,0.0,0.0,0.0,0.0,0.0,0.0,0.14890823954000915,0.11907635890753088,0.18430496911954752,0.3658862137862413,0.295632748173157,0.43953107109578027,0.2908641530487067,0.23545079576282976,0.3463661978770011,0.2,0.152,0.252,0.019203815379097634,0.013764148740345946,0.024496428540977902,0.013158761573029087,0.0022343489193558247,0.029702778027246253,0.0030613977313041687,-0.00035389363765716555,0.009360817432403565,0.0,-0.012,0.012,0.0033553698314026906,-0.0009436261011994054,0.010852412801432171,False
mediation_aware_recourse,False,1.0,1.0,0.1,250,0.17674170060236702,0.14225296189554262,0.21331941355158668,0.25994319408599564,0.22702884001106377,0.29462303916184657,0.03861536059122403,0.036857114957892116,0.04034270329220044,0.5284906548199654,0.5229280657284081,0.5340494001604915,0.19855954444408416,0.1942871125727892,0.2033614722788334,0.5119511565080134,0.4898297329667772,0.5325910104284735,0.3277139172825495,0.2945871957840573,0.36019832927074147,0.4001640139559006,0.3764602311027981,0.4231382255299121,0.1,0.064,0.136,0.0,0.0,0.0,0.0,0.0,0.0,0.14487714437005825,0.11673159638566649,0.17979218133651817,0.3598726887973738,0.2882327551652851,0.43297269843377545,0.28299016913694697,0.22941663454414787,0.3392593886636074,0.208,0.16,0.25609999999999994,0.01968004742770276,0.014276100884424374,0.025009289149875918,0.007145236584161552,-0.01546637578434393,0.03321968456685299,-0.0026533139906823634,-0.014290003393776715,0.00907631883844733,0.0,-0.012,0.012,-0.0006757253385481681,-0.010389177849859425,0.010984785301421123,False
mediation_aware_recourse,False,1.0,2.0,0.1,250,0.15913104665246555,0.1252439636131232,0.1951357041899897,0.27831804461916465,0.24607851905967223,0.31320021556354577,0.0380905854888409,0.03625564164898455,0.03991658429248665,0.5297342097976208,0.5239443483139872,0.5354120688697339,0.19855954444408416,0.1942871125727892,0.2033614722788334,0.5119511565080134,0.4898297329667772,0.5325910104284735,0.34448721260236753,0.3104359425817521,0.3772856642677483,0.41233393322060025,0.38848529224010875,0.43598235361629034,0.096,0.06,0.132,0.0,0.0,0.0,0.0,0.0,0.0,0.13169558986186833,0.10398549077582513,0.16560971083818998,0.32710922082471083,0.2556020326604958,0.4005674385309691,0.25724248922525295,0.2025223509022866,0.30971209179996634,0.196,0.148,0.244,0.017884177021888735,0.012988927801783292,0.022920586219539758,-0.02561823138850139,-0.0631233966585748,0.011403511681987189,-0.020263967940583823,-0.04011903246827424,-0.002407273725932467,-0.004,-0.016,0.008,-0.0138572798467381,-0.028333726290640245,0.001912375549229004,False
mediation_aware_recourse,False,1.0,5.0,0.1,250,0.07452030116845618,0.05029723927752054,0.10192634636393563,0.3727003873541997,0.3357336084627628,0.4096850678426327,0.035203740697462224,0.032985095598497584,0.037368902142172755,0.5437187821779251,0.536389459463775,0.5505664432648718,0.19855954444408416,0.1942871125727892,0.2033614722788334,0.5119511565080134,0.4898297329667772,0.5325910104284735,0.42895872582971456,0.4002035803317339,0.45771087850833353,0.47806757597331406,0.4544765156668711,0.49989228097972754,0.084,0.048,0.12,0.0,0.0,0.0,0.0,0.0,0.0,0.06268385060628463,0.041989755759792385,0.08548388072316414,0.16211005605375517,0.10531477277040624,0.21934534584202997,0.1224410762812751,0.0840120969675911,0.1653049760089781,0.092,0.06,0.128,0.010154290036007074,0.00629778452450266,0.01434123949977559,-0.19061739615945705,-0.2517714052629611,-0.12991216642193573,-0.10487471342459322,-0.13763115119612776,-0.07403334290846252,-0.016,-0.036,0.0,-0.08286901910232183,-0.10956401266421795,-0.0573583882394469,False
transport_anchor_only,False,3.0,0.0,0.1,250,0.5003583428320125,0.46269330905020617,0.5409090925894255,0.029402468850215975,0.023148557415337775,0.035684995628918664,0.03926995263392014,0.03744532666270442,0.04110751898578357,0.5026476969826221,0.4975758947065592,0.5076858350975275,0.19855954444408416,0.1942871125727892,0.2033614722788334,0.5119511565080134,0.4898297329667772,0.5325910104284735,0.07702262606081803,0.05358876198050572,0.10324364280319247,0.2192141882201043,0.2030068764108859,0.2369535330193726,0.232,0.18,0.288,0.0,0.0,0.0,0.0,0.0,0.0,0.3399631812427076,0.3095870918292669,0.3717403263183036,0.8495508310085975,0.7952785878209934,0.8982779382966142,0.6640539374138251,0.622963246504734,0.7029917211724641,0.496,0.432,0.556,0.047482674602243834,0.040094156242302406,0.05545004489829259,0.0018615801213960337,-0.0015208829887621233,0.007160587849631677,-0.00014886665344238283,-0.0004465999603271484,0.0,-0.004,-0.012,0.0,0.00047800646533426727,-4.8757760702232475e-05,0.0014827771567050344,False
mediation_aware_recourse,False,3.0,0.17779776538662934,0.1,250,0.4996705603059963,0.4617947820952279,0.5400349544994751,0.029656224760583074,0.02336118114989625,0.036015339871966666,0.03898275336507266,0.03717003948588911,0.04082507457814698,0.5022529357283115,0.4970689070686041,0.5074328682868482,0.19855954444408416,0.1942871125727892,0.2033614722788334,0.5119511565080134,0.4898297329667772,0.5325910104284735,0.07502259246653332,0.05123499172373665,0.10086368345836846,0.2177795117188057,0.20133276270007672,0.23599288835863164,0.224,0.172,0.276,0.0,0.0,0.0,0.0,0.0,0.0,0.3404626289054048,0.309834509628088,0.37239536151345953,0.8534575193105184,0.8003785493176846,0.9025482536896133,0.6650295141975633,0.6246204472962148,0.7042686402754519,0.512,0.448,0.5720999999999998,0.048232967568037625,0.04114831395314137,0.05614095593533383,0.005768268423316902,0.0009902790490836726,0.012298509987617154,-0.0008366491794586182,-0.002264815491437912,8.290433883666992e-05,-0.012,-0.028,0.0,0.0009774541280313854,-0.00028476099151230965,0.0026802191144834867,True
mediation_aware_recourse,False,3.0,0.5,0.1,250,0.4993101694044308,0.46142922780394,0.5391290999033502,0.029807513418867133,0.023669380395735577,0.03603844735561358,0.03877210626319714,0.03693002466006946,0.04060949895201396,0.5020674532356263,0.49684429400383234,0.5072307664895653,0.19855954444408416,0.1942871125727892,0.2033614722788334,0.5119511565080134,0.4898297329667772,0.5325910104284735,0.07350308901463365,0.04989103594847851,0.10014141563232984,0.2178980492485231,0.2013736876957274,0.2360605443573652,0.228,0.176,0.28,0.0,0.0,0.0,0.0,0.0,0.0,0.33948192024687945,0.3079776064401269,0.37087621118479674,0.8564255826356686,0.8022995772556144,0.9054162635568935,0.6631138848527354,0.6225658830644428,0.7024024542779203,0.516,0.452,0.5760999999999998,0.049483073623250114,0.04224465150657378,0.057438115230068185,0.008736331748467108,0.003102437301802918,0.016075246714188505,-0.00119704008102417,-0.0030589447259902953,0.00010264261960983277,-0.008,-0.024,0.004,-3.2545304939155527e-06,-0.002125988620723048,0.0020984802795449915,False
mediation_aware_recourse,False,3.0,1.0,0.1,250,0.5018774838056997,0.4632336543666417,0.5418540042231805,0.02910567160809722,0.0232043216091406,0.035173398894577185,0.038228820693348736,0.03636090908283548,0.04015141064736011,0.501462262423277,0.49644551224140526,0.5065037238387704,0.19855954444408416,0.1942871125727892,0.2033614722788334,0.5119511565080134,0.4898297329667772,0.5325910104284735,0.0668771363633171,0.04331178031056676,0.09336865496873507,0.21440123858848842,0.19745562617294404,0.23229518980952513,0.228,0.176,0.28,0.0,0.0,0.0,0.0,0.0,0.0,0.3417028455409169,0.30896228894851985,0.3742684650088419,0.8693681310938297,0.8159515096592813,0.9164532690866544,0.6674520434168965,0.6270341349579867,0.7067825755661061,0.536,0.472,0.5960999999999999,0.051685587301889685,0.04440377766310626,0.059385204961944556,0.021678880206628226,0.009736851033732502,0.034950650247246626,0.0013702743202447891,-0.0027078637301921845,0.007717973068356513,-0.008,-0.024,0.004,0.0022176707635434873,-0.0010118379264843008,0.005709379120891182,False
mediation_aware_recourse,False,3.0,2.0,0.1,250,0.5077870402541593,0.4681148499289542,0.5474815325662712,0.027620726404663582,0.0223976850773296,0.03312572409565088,0.037294797187822026,0.03536381951974658,0.0392159969821757,0.49949139872360226,0.4943226902220726,0.5045301465460659,0.19855954444408416,0.1942871125727892,0.2033614722788334,0.5119511565080134,0.4898297329667772,0.5325910104284735,0.05710822479160133,0.03364546699588567,0.08391021529395225,0.20960810949895567,0.19266088280187457,0.227249095834324,0.228,0.176,0.28,0.0,0.0,0.0,0.0,0.0,0.0,0.3440329585968924,0.31160404951570164,0.375571955556953,0.8884498568552263,0.8360621262494066,0.935346591556273,0.6720034796747401,0.6322124097909921,0.7093479568431769,0.572,0.5119,0.636,0.05540498655975983,0.047831786576311285,0.06284210186075767,0.04076060596802478,0.02392948954105446,0.05986398187124189,0.0072798307687044145,-0.00071774031072855,0.018048458227142686,-0.008,-0.032,0.012,0.004547783819518962,-0.0008309759879601321,0.011282975653043984,False
mediation_aware_recourse,False,3.0,5.0,0.1,250,0.5216519325804547,0.48206581792397046,0.5622757469549527,0.024966734571502953,0.020609655439023624,0.029778485909577403,0.03570466130275257,0.03378286538211614,0.03757755716095456,0.4963697669482231,0.49100816431603433,0.5013482801826596,0.19855954444408416,0.1942871125727892,0.2033614722788334,0.5119511565080134,0.4898297329667772,0.5325910104284735,0.03773723694020222,0.01382059610928932,0.06272137488153465,0.19871967093130127,0.18221871057444528,0.21657662517428072,0.22,0.172,0.272,0.0,0.0,0.0,0.0,0.0,0.0,0.3497396063026449,0.31771081196617185,0.380864074921327,0.9262874271100283,0.8734325335806765,0.9720971468936638,0.6831503393569747,0.6425313858923485,0.719384881187314,0.632,0.568,0.692,0.06223715663258308,0.054845880913217064,0.06969122657418036,0.07859817622282683,0.0511680396949396,0.10633692772981396,0.02114472309499979,0.004886892202124,0.0390339410489425,-0.016,-0.048,0.016,0.010254431525271565,0.0018308545166856951,0.01969122926625693,False
transport_anchor_only,False,10.0,0.0,0.1,250,0.5981983095724136,0.563998897879757,0.6343303704947233,0.008522519775199083,0.007037530120751076,0.010134227343709024,0.03902947174385156,0.037108367019240196,0.04088833413573748,0.499991174729824,0.49495223884034756,0.5045493387542068,0.19855954444408416,0.1942871125727892,0.2033614722788334,0.5119511565080134,0.4898297329667772,0.5325910104284735,0.04368695592589587,0.021747927332900378,0.0676152640073613,0.20231075850643304,0.1881615850443237,0.2168489424448546,0.396,0.332,0.46,0.0,0.0,0.0,0.0,0.0,0.0,0.3644804195991387,0.33549600497447635,0.391934148170343,0.9146657735400349,0.8714719890903782,0.9558927613117629,0.7119437371432789,0.678602371994705,0.743989588232856,0.504,0.444,0.564,0.051891890491489394,0.04417035951897036,0.06014539465069945,0.008655568035377148,0.0023249677966709265,0.01654216075982537,-0.00018233513832092285,-0.0005746364593505859,2.7631044387817383e-05,-0.004,-0.012,0.0,0.0035085672653795428,0.00020552648054522862,0.007711871519790521,False
mediation_aware_recourse,False,10.0,0.17779776538662934,0.1,250,0.5981983095724136,0.563998897879757,0.6343303704947233,0.008522519775199083,0.007037530120751076,0.010134227343709024,0.03902947174385156,0.037108367019240196,0.04088833413573748,0.499991174729824,0.49495223884034756,0.5045493387542068,0.19855954444408416,0.1942871125727892,0.2033614722788334,0.5119511565080134,0.4898297329667772,0.5325910104284735,0.04368695592589587,0.021747927332900378,0.0676152640073613,0.20231075850643304,0.1881615850443237,0.2168489424448546,0.396,0.332,0.46,0.0,0.0,0.0,0.0,0.0,0.0,0.3644804195991387,0.33549600497447635,0.391934148170343,0.9146657735400349,0.8714719890903782,0.9558927613117629,0.7119437371432789,0.678602371994705,0.743989588232856,0.504,0.444,0.564,0.051891890491489394,0.04417035951897036,0.06014539465069945,0.008655568035377148,0.0023249677966709265,0.01654216075982537,-0.00018233513832092285,-0.0005746364593505859,2.7631044387817383e-05,-0.004,-0.012,0.0,0.0035085672653795428,0.00020552648054522862,0.007711871519790521,True
mediation_aware_recourse,False,10.0,0.5,0.1,250,0.5973758570272476,0.5638352087917737,0.6338162393542938,0.00861971912055247,0.007103609591485385,0.010214709694009486,0.038750186699545185,0.036809068427012495,0.0406731348955901,0.49960078813743586,0.49459129029876586,0.5042777177533448,0.19855954444408416,0.1942871125727892,0.2033614722788334,0.5119511565080134,0.4898297329667772,0.5325910104284735,0.04172823419806949,0.019838215236098924,0.06557583227312723,0.201022881778372,0.18618166615820647,0.21583148507631425,0.388,0.3239,0.452,0.0,0.0,0.0,0.0,0.0,0.0,0.36542349619895576,0.3360550163372691,0.39356502113690417,0.9184917669046885,0.8760245351536358,0.9602826969515122,0.7137858593610502,0.6802899815995772,0.7462471781124344,0.516,0.452,0.576,0.05239971305549401,0.04477796420840974,0.060664689993121974,0.01248156140003076,0.004838574981878077,0.020812723932723133,-0.0010047876834869385,-0.00312470600605011,0.00023129415512084962,-0.012,-0.028,0.004,0.004451643865196691,0.0008242072592853564,0.00860788962418802,False
mediation_aware_recourse,False,10.0,1.0,0.1,250,0.5964696759302169,0.5631591019518208,0.6317210352039431,0.008720890886772874,0.007210108363641866,0.01031090502612098,0.038660762379387016,0.03674055392569138,0.040583444190676075,0.49924351183438304,0.4940844971393346,0.5039718136027813,0.19855954444408416,0.1942871125727892,0.2033614722788334,0.5119511565080134,0.4898297329667772,0.5325910104284735,0.04120071787604806,0.01941946715663036,0.06529230125223658,0.20088210531151793,0.1861284044700576,0.21567524047434106,0.388,0.3239,0.452,0.0,0.0,0.0,0.0,0.0,0.0,0.36500517934950694,0.3354694851043506,0.3930175375575584,0.919522170519009,0.8765636402516358,0.9608891839309421,0.7129687563149273,0.679753977192396,0.7453354008367553,0.524,0.46,0.584,0.05287262964122915,0.04541126824666357,0.061111254230914916,0.013511965014351257,0.005630764845196848,0.022015736992121254,-0.0019109687805175782,-0.0047222550749778745,0.00018773674964904784,-0.012,-0.032,0.004,0.0040333270157478455,0.0004881938966369074,0.008228552205079486,False
mediation_aware_recourse,False,10.0,2.0,0.1,250,0.5967873764354735,0.5629186746689957,0.6325771619439591,0.008855420399940363,0.007329753620375408,0.010381751380023951,0.03761473930301697,0.0357573682073887,0.03944065124376634,0.49749756873607637,0.4924977228011727,0.5022881656776012,0.19855954444408416,0.1942871125727892,0.2033614722788334,0.5119511565080134,0.4898297329667772,0.5325910104284735,0.03071689224807516,0.009435215877151544,0.05334096807789361,0.1958137457910655,0.18117702579632325,0.21039707667129998,0.384,0.32,0.448,0.0,0.0,0.0,0.0,0.0,0.0,0.36645910874052146,0.3364591819139773,0.39451627397454836,0.9400003460142698,0.896685079427681,0.9811624079499901,0.715808733083281,0.6823273187899209,0.7463741555775117,0.56,0.5,0.62,0.05738757775970835,0.04945911720955671,0.06515726440630469,0.03399014050961213,0.01856215754168189,0.05104581013962651,-0.0015932682752609253,-0.005247040182352066,0.001995301508903503,-0.016,-0.044,0.008,0.005487256406762356,0.000615179741618299,0.010688387526732897,False
mediation_aware_recourse,False,10.0,5.0,0.1,250,0.6026606760341674,0.5684928331661969,0.6381671388977207,0.00900862401011765,0.007443924104895534,0.010561045513535665,0.035626992922999944,0.03373128042391793,0.03745909431715638,0.49296799648165707,0.4876577635086179,0.49754553224542136,0.19855954444408416,0.1942871125727892,0.2033614722788334,0.5119511565080134,0.4898297329667772,0.5325910104284735,0.01229078365504819,-0.008828733414912145,0.03438639240243068,0.18654586400453108,0.17300391836962775,0.20162020131782576,0.368,0.304,0.428,0.0,0.0,0.0,0.0,0.0,0.0,0.3689496696092577,0.34140901572348786,0.3981757384772049,0.9759922728979014,0.9347936660745847,0.9982971332580458,0.7206735738734145,0.6896110196734777,0.7493163647486617,0.632,0.5719,0.692,0.06535535162185373,0.05757047260762103,0.07336857332699286,0.06998206739324364,0.03691141354288267,0.09164614355369176,0.004280031323432922,-0.0036054051339626312,0.014127789807319636,-0.032,-0.068,0.004,0.007977817275498567,0.0004938310449124384,0.01620532088893754,False
transport_anchor_only,False,30.0,0.0,0.1,250,0.6944886660277844,0.6521974603213371,0.738685818805173,0.002974199755156259,0.0023329163673609585,0.0037105185027263097,0.03882540870615912,0.03675197218598201,0.040808363729107774,0.49801717402529716,0.49283377334449885,0.5026457746626675,0.19855954444408416,0.1942871125727892,0.2033614722788334,0.5119511565080134,0.4898297329667772,0.5325910104284735,0.03250299042493627,0.01115026268515491,0.053559016806400316,0.2131378023806722,0.20072369410863788,0.2246935061652027,0.588,0.524,0.648,0.0,0.0,0.0,0.0,0.0,0.0,0.36025168665625046,0.33484681585259424,0.3864435467536567,0.9365115401894253,0.8924917284288421,0.976412762381144,0.7036837051282481,0.6744684023964738,0.729382454326377,0.476,0.416,0.536,0.059598239713413305,0.05093319700743205,0.06923275892534053,0.01190401318331813,0.004059789056221103,0.02143416131062174,0.00012942099571228028,0.0,0.0003790526390075684,0.004,0.0,0.012,0.0014093558187124936,-0.0021777442490135287,0.005441416368426652,False
mediation_aware_recourse,False,30.0,0.17779776538662934,0.1,250,0.6944886660277844,0.6521974603213371,0.738685818805173,0.002974199755156259,0.0023329163673609585,0.0037105185027263097,0.03880935867220776,0.03672885807501448,0.04079231369515641,0.498041716476202,0.4928528748171449,0.5026476153464854,0.19855954444408416,0.1942871125727892,0.2033614722788334,0.5119511565080134,0.4898297329667772,0.5325910104284735,0.03239808084464665,0.011032445346227939,0.05355562099674233,0.21323893797063312,0.20072369410863788,0.2247830446237701,0.588,0.524,0.648,0.0,0.0,0.0,0.0,0.0,0.0,0.3601467770759608,0.3348214101818446,0.3863360144338598,0.9367164612623753,0.8925714005877491,0.9768674350656416,0.7034787840552981,0.6744684023964738,0.7288057977420607,0.476,0.416,0.536,0.059703149293702934,0.05096933569307451,0.06951931321866822,0.012108934256268133,0.004187410612090228,0.021504744093712495,0.00012942099571228028,0.0,0.0003790526390075684,0.004,0.0,0.012,0.0013044462384228682,-0.002290630036517075,0.005390625658304586,True
mediation_aware_recourse,False,30.0,0.5,0.1,250,0.6944886660277844,0.6521974603213371,0.738685818805173,0.002974199755156259,0.0023329163673609585,0.0037105185027263097,0.03880935867220776,0.03672885807501448,0.04079231369515641,0.498041716476202,0.4928528748171449,0.5026476153464854,0.19855954444408416,0.1942871125727892,0.2033614722788334,0.5119511565080134,0.4898297329667772,0.5325910104284735,0.03239808084464665,0.011032445346227939,0.05355562099674233,0.21323893797063312,0.20072369410863788,0.2247830446237701,0.588,0.524,0.648,0.0,0.0,0.0,0.0,0.0,0.0,0.3601467770759608,0.3348214101818446,0.3863360144338598,0.9367164612623753,0.8925714005877491,0.9768674350656416,0.7034787840552981,0.6744684023964738,0.7288057977420607,0.476,0.416,0.536,0.059703149293702934,0.05096933569307451,0.06951931321866822,0.012108934256268133,0.004187410612090228,0.021504744093712495,0.00012942099571228028,0.0,0.0003790526390075684,0.004,0.0,0.012,0.0013044462384228682,-0.002290630036517075,0.005390625658304586,False
mediation_aware_recourse,False,30.0,1.0,0.1,250,0.6943681850135326,0.6523732945598663,0.738545978887193,0.0029934807365183196,0.002354674434619526,0.0037313715911386244,0.03832749551779767,0.03621511606721849,0.0402824757570573,0.4971577354207039,0.49202299529496435,0.501893259150976,0.19855954444408416,0.1942871125727892,0.2033614722788334,0.5119511565080134,0.4898297329667772,0.5325910104284735,0.028339505725470376,0.007061318737664721,0.04905442506755834,0.21082174545293764,0.19791155060599316,0.2229024566535738,0.58,0.516,0.64,0.0,0.0,0.0,0.0,0.0,0.0,0.3611342001323857,0.33532997742771464,0.3879815290731162,0.9446441220706047,0.900543676925506,0.9843477916431783,0.7054075287096906,0.6761228025964228,0.7304350918800038,0.5,0.436,0.56,0.061238725325078645,0.05272012116353609,0.07096145779307284,0.02003659506449751,0.009936037039825865,0.031966257265052464,8.939981460571289e-06,-0.0007678957879543304,0.0006050463318824765,-0.004,-0.02,0.012,0.00229186929484771,-0.0016864666497503967,0.006628647712649772,False
mediation_aware_recourse,False,30.0,2.0,0.1,250,0.6942969264686107,0.6524612234048545,0.7385183482784778,0.003022956463272891,0.0023803468252132113,0.003766497186994699,0.037807143920723124,0.03567722014814946,0.03986776550340249,0.49643471581602094,0.4912954707394719,0.5010980629599094,0.19855954444408416,0.1942871125727892,0.2033614722788334,0.5119511565080134,0.4898297329667772,0.5325910104284735,0.023414464773568688,0.0032042732306641077,0.04413080128585172,0.20791838244463653,0.194245222228099,0.21996907247177044,0.564,0.5,0.624,0.0,0.0,0.0,0.0,0.0,0.0,0.3621045514964682,0.3357356805175532,0.3887186511551237,0.9542642604164091,0.9103358829281503,0.993041260350181,0.7073029270338222,0.6770681994008647,0.7318734082453121,0.524,0.464,0.584,0.0632160701189882,0.0544199973413553,0.0725376875300308,0.02965673341030195,0.015928799335655695,0.04546731497043765,-6.23185634613037e-05,-0.0010236527264118195,0.0007654291808605192,-0.02,-0.044,0.004,0.0032622206589302855,-0.0009319194725331706,0.008305093521620498,False
mediation_aware_recourse,False,30.0,5.0,0.1,250,0.7064533351361751,0.6641909918477759,0.7532866422424093,0.002823485269836543,0.0022071147558440332,0.0035017941549100534,0.036292613660428893,0.03417964491759944,0.038262546614512845,0.4929317085158825,0.4877140378817022,0.4977093954537153,0.19855954444408416,0.1942871125727892,0.2033614722788334,0.5119511565080134,0.4898297329667772,0.5325910104284735,0.009851414889461722,-0.009864552733882917,0.03187556203541803,0.20375467646208,0.19069710484532718,0.21617740906767272,0.564,0.4999,0.624,0.0,0.0,0.0,0.0,0.0,0.0,0.361020824865677,0.33485805917581474,0.3862819937334259,0.9807571195723873,0.9375090333469545,0.9989593856998474,0.7051860715154495,0.6759187739383512,0.7308572185307858,0.572,0.508,0.632,0.07053945837643731,0.061367064875223656,0.08063905362942443,0.05614959256628016,0.014584392892702457,0.07518272234180208,0.012094090104103089,0.0016075024664402012,0.02494551683962345,-0.02,-0.056,0.016,0.0021784940281390536,-0.0036846446615629636,0.008280417172189948,False
transport_anchor_only,False,0.0,0.0,0.5,250,1.0526475125516299e-06,1.4612035774916878e-07,2.407695825286282e-06,0.4603842076596,0.4243210381994726,0.49746532161217827,0.033386508834781406,0.03104190600719784,0.03568537021162015,0.5598426044342518,0.552942981345296,0.5670714328601957,0.19855954444408416,0.1942871125727892,0.2033614722788334,0.5119511565080134,0.4898297329667772,0.5325910104284735,0.5119461745710949,0.49070277911477295,0.5323565589744733,0.5383383566104754,0.5201299766321733,0.5564188741038186,0.064,0.036,0.096,0.0,0.0,0.0,0.0,0.0,0.0,4.9819369184962436e-06,3.810788028237533e-07,1.2464914519265335e-05,9.73127388248507e-06,8.410406149073069e-07,2.4015780064209902e-05,9.73127388248507e-06,6.385581390599971e-07,2.5512577344116707e-05,0.0,0.0,0.0,0.0,0.0,0.0,9.73127388248507e-06,8.418083702221858e-07,2.5056332125322763e-05,1.0526475125516299e-06,1.4612035774916878e-07,2.407695825286282e-06,0.0,0.0,0.0,4.9819369184962436e-06,4.2561483593139825e-07,1.3006670638196888e-05,False
mediation_aware_recourse,False,0.0,0.17779776538662934,0.5,250,7.243880281748716e-07,4.107859240320977e-09,1.9302786749904046e-06,0.4603925424556694,0.42433324942463596,0.497465581797813,0.03338583300890039,0.03104167282610763,0.035685341045969064,0.5598434384820462,0.5529446368565559,0.5670726572984457,0.19855954444408416,0.1942871125727892,0.2033614722788334,0.5119511565080134,0.4898297329667772,0.5325910104284735,0.5119500040561892,0.4907028748519003,0.532356774043773,0.5383417837282453,0.5201333610149809,0.5564199255828167,0.064,0.036,0.096,0.0,0.0,0.0,0.0,0.0,0.0,1.1524518242749248e-06,4.4395486871184885e-08,3.0582287570617307e-06,2.251097218075593e-06,8.68816748100798e-08,5.688568162398599e-06,2.251097218075593e-06,8.622280114056746e-08,5.825469878628641e-06,0.0,0.0,0.0,0.0,0.0,0.0,2.251097218075593e-06,8.65119537951653e-08,5.820647698204227e-06,7.243880281748716e-07,4.107859240320977e-09,1.9302786749904046e-06,0.0,0.0,0.0,1.1524518242749248e-06,4.4395486871184885e-08,2.95761384931138e-06,True
mediation_aware_recourse,False,0.0,0.5,0.5,250,7.202801689345506e-07,0.0,1.9220629565097623e-06,0.46039408760896233,0.42433475594909664,0.4974701786288595,0.03338574152958414,0.031041581346791382,0.035685251853635726,0.5598435230371953,0.5529448017390968,0.5670726636400818,0.19855954444408416,0.1942871125727892,0.2033614722788334,0.5119511565080134,0.4898297329667772,0.5325910104284735,0.5119507308931774,0.49070360168888866,0.5323575008807613,0.5383423651978357,0.5201344948806828,0.5564205070524073,0.064,0.036,0.096,0.0,0.0,0.0,0.0,0.0,0.0,4.2561483593139825e-07,0.0,1.138864992421095e-06,8.313582858798796e-07,0.0,2.240486662702379e-06,8.313582858798796e-07,0.0,2.4978534222036543e-06,0.0,0.0,0.0,0.0,0.0,0.0,8.313582858798796e-07,0.0,2.2788718741617585e-06,7.202801689345506e-07,0.0,1.9220629565097623e-06,0.0,0.0,0.0,4.2561483593139825e-07,0.0,1.1381767439586964e-06,False
mediation_aware_recourse,False,0.0,1.0,0.5,250,7.202801689345506e-07,0.0,1.9220629565097623e-06,0.46039408760896233,0.42433475594909664,0.4974701786288595,0.03338574152958414,0.031041581346791382,0.035685251853635726,0.5598435230371953,0.5529448017390968,0.5670726636400818,0.19855954444408416,0.1942871125727892,0.2033614722788334,0.5119511565080134,0.4898297329667772,0.5325910104284735,0.5119507308931774,0.49070360168888866,0.5323575008807613,0.5383423651978357,0.5201344948806828,0.5564205070524073,0.064,0.036,0.096,0.0,0.0,0.0,0.0,0.0,0.0,4.2561483593139825e-07,0.0,1.138864992421095e-06,8.313582858798796e-07,0.0,2.240486662702379e-06,8.313582858798796e-07,0.0,2.4978534222036543e-06,0.0,0.0,0.0,0.0,0.0,0.0,8.313582858798796e-07,0.0,2.2788718741617585e-06,7.202801689345506e-07,0.0,1.9220629565097623e-06,0.0,0.0,0.0,4.2561483593139825e-07,0.0,1.1381767439586964e-06,False
mediation_aware_recourse,False,0.0,2.0,0.5,250,7.102955423761159e-07,0.0,1.9020937033928932e-06,0.4603948033883802,0.42433548962299983,0.4974708765137919,0.03338568815419178,0.03104157600925215,0.03568519714385855,0.559843658149004,0.5529450719627143,0.5670727987518905,0.19855954444408416,0.1942871125727892,0.2033614722788334,0.5119511565080134,0.4898297329667772,0.5325910104284735,0.5119510620951901,0.49070360168888866,0.5323578403628243,0.5383426732157077,0.5201344948806828,0.5564211384890446,0.064,0.036,0.096,0.0,0.0,0.0,0.0,0.0,0.0,9.441282320077348e-08,0.0,2.444648321895393e-07,1.844176383825058e-07,0.0,5.236185947193883e-07,1.844176383825058e-07,0.0,5.336600777228195e-07,0.0,0.0,0.0,0.0,0.0,0.0,1.844176383825058e-07,0.0,4.724994594751397e-07,7.102955423761159e-07,0.0,1.9020937033928932e-06,0.0,0.0,0.0,9.441282320077348e-08,0.0,2.388429827311356e-07,False
mediation_aware_recourse,False,0.0,5.0,0.5,250,7.102955423761159e-07,0.0,1.9020937033928932e-06,0.4603948033883802,0.42433548962299983,0.4974708765137919,0.03338568815419178,0.03104157600925215,0.03568519714385855,0.559843658149004,0.5529450719627143,0.5670727987518905,0.19855954444408416,0.1942871125727892,0.2033614722788334,0.5119511565080134,0.4898297329667772,0.5325910104284735,0.5119510620951901,0.49070360168888866,0.5323578403628243,0.5383426732157077,0.5201344948806828,0.5564211384890446,0.064,0.036,0.096,0.0,0.0,0.0,0.0,0.0,0.0,9.441282320077348e-08,0.0,2.444648321895393e-07,1.844176383825058e-07,0.0,5.236185947193883e-07,1.844176383825058e-07,0.0,5.336600777228195e-07,0.0,0.0,0.0,0.0,0.0,0.0,1.844176383825058e-07,0.0,4.724994594751397e-07,7.102955423761159e-07,0.0,1.9020937033928932e-06,0.0,0.0,0.0,9.441282320077348e-08,0.0,2.388429827311356e-07,False
transport_anchor_only,False,1.0,0.0,0.5,250,0.20471237389151703,0.16547677586290066,0.2441854112109464,0.2326719381095264,0.20388830237495165,0.2630534414834774,0.03926074763575378,0.03759730640944987,0.040960205779203916,0.5243788269858359,0.5185582712026179,0.530005255743885,0.19855954444408416,0.1942871125727892,0.2033614722788334,0.5119511565080134,0.4898297329667772,0.5325910104284735,0.30283613126506864,0.2690628200820572,0.33642646015314276,0.3819379328458044,0.3573361974859663,0.40508969686521307,0.1,0.064,0.136,0.0,0.0,0.0,0.0,0.0,0.0,0.16346064981411504,0.13090600883043163,0.1963021279641325,0.40846675036209545,0.3381667574602565,0.47987078273866635,0.31928954107471863,0.26504781022497703,0.3750650358544869,0.236,0.184,0.288,0.022827187714414835,0.01707975371888257,0.02881023919378305,0.05573929814888323,0.025598413375592332,0.08836344306795639,0.025317359298467637,0.010535645328462124,0.04219252097234129,0.0,-0.012,0.012,0.017907780105508614,0.006085701580393778,0.03134942805418098,False
mediation_aware_recourse,False,1.0,0.17779776538662934,0.5,250,0.20482161013190398,0.1656922502481382,0.24418814211695605,0.23273792201034552,0.2040068512235054,0.26305799599975144,0.039063753294630035,0.03739258289661073,0.04081860139892719,0.5240488866353035,0.5182422168922246,0.5296993629310012,0.19855954444408416,0.1942871125727892,0.2033614722788334,0.5119511565080134,0.4898297329667772,0.5325910104284735,0.3009786133923045,0.2666728151944446,0.3348409488998339,0.38056441001685776,0.3559330494097883,0.403762120120091,0.1,0.064,0.136,0.0,0.0,0.0,0.0,0.0,0.0,0.16451543615816513,0.13254321088490492,0.19667548358712356,0.4120950610889119,0.34260822160756,0.48271587400093463,0.3213498672027906,0.26680616209739466,0.3765467979997612,0.244,0.192,0.296,0.023228553478771872,0.017403940015858207,0.029206715246495984,0.059367608875699696,0.02900307567578672,0.09278632644033555,0.0254265955388546,0.01074563682153821,0.04251477979719639,0.0,-0.012,0.012,0.018962566449558706,0.007157021737225654,0.03251466330318273,True
mediation_aware_recourse,False,1.0,0.5,0.5,250,0.20472044495646605,0.16541105302507092,0.2445154464879231,0.23313289976047327,0.20443569172166703,0.2630923194094307,0.03891001792190429,0.0372022841216902,0.040623240855199416,0.5235778489620686,0.5177469192220628,0.5293268851034224,0.19855954444408416,0.1942871125727892,0.2033614722788334,0.5119511565080134,0.4898297329667772,0.5325910104284735,0.3002531829487721,0.2656082853986885,0.33425300592385115,0.3804145159105054,0.3558068652962555,0.4037980077934308,0.096,0.06,0.132,0.0,0.0,0.0,0.0,0.0,0.0,0.1639710258383337,0.1319934725515024,0.19621616478222384,0.4135120526013063,0.3440307270063165,0.48480803908765263,0.3202864643509544,0.26498148998150456,0.3758152399805376,0.244,0.192,0.296,0.02386347386045375,0.018046045833430654,0.030087441332657342,0.06078460038809408,0.030599779772854083,0.09466524105443122,0.02532543036341667,0.01046173986569047,0.042302210592478504,-0.004,-0.02,0.008,0.01841815612972727,0.006765163860593216,0.03201255821348952,False
mediation_aware_recourse,False,1.0,1.0,0.5,250,0.20474733678777465,0.1657290749171752,0.2445933419922878,0.23347463465271284,0.20462859811741715,0.26365406817811826,0.038794715778029024,0.037057629338906516,0.04054085910598898,0.5230369893641472,0.5172164092812837,0.5287227591120423,0.19855954444408416,0.1942871125727892,0.2033614722788334,0.5119511565080134,0.4898297329667772,0.5325910104284735,0.2999337381493375,0.26514541087262933,0.33433041085838205,0.3799339024191545,0.35502787036918376,0.40314182540228993,0.092,0.056,0.128,0.0,0.0,0.0,0.0,0.0,0.0,0.1641393154797923,0.13201688057370614,0.19657448195169422,0.41413602775083735,0.34376907591973427,0.4854558917411695,0.3206151864161736,0.26513016826679037,0.3764789518158377,0.248,0.196,0.3,0.02393905143944177,0.018129528784194,0.030115230577507188,0.06140857553762513,0.030689349066754572,0.0951823796768064,0.025352322194725274,0.010458539048302918,0.04182653482193126,-0.008,-0.024,0.008,0.018586445771185837,0.006911059907990394,0.031924108211082255,False
mediation_aware_recourse,False,1.0,2.0,0.5,250,0.1955677356698061,0.1580909079310816,0.23374818043714857,0.24271616224815798,0.21322689419812427,0.2749754290203971,0.03857835679654973,0.03683365747150291,0.04026105137259151,0.523561587785244,0.517754414025885,0.5293185851989866,0.19855954444408416,0.1942871125727892,0.2033614722788334,0.5119511565080134,0.4898297329667772,0.5325910104284735,0.3086307130752829,0.2747896270318752,0.3410075438684493,0.38511133195222796,0.3607113887450564,0.4085963626134701,0.092,0.056,0.128,0.0,0.0,0.0,0.0,0.0,0.0,0.15875449792507318,0.12749938621667867,0.19209945982545157,0.3971481279963628,0.3243306201256318,0.46835815480870285,0.31009696121779984,0.2548160659171195,0.36791318034617637,0.236,0.184,0.288,0.02228297275382867,0.016872573568710966,0.027929063730380763,0.044420675783150565,0.010886753284429057,0.0803972087631019,0.016172721076756717,-0.0003276737309992307,0.03390382450968027,-0.008,-0.024,0.008,0.013201628216466721,0.0012387222748390353,0.027376290445246303,False
mediation_aware_recourse,False,1.0,5.0,0.5,250,0.1670416569594736,0.13249404619258554,0.20716904694998864,0.2747684417026151,0.24293214389109022,0.30959403474946695,0.03728934412906729,0.03538180544150824,0.03920632249421241,0.524432393957138,0.5184011523813129,0.5305394368455172,0.19855954444408416,0.1942871125727892,0.2033614722788334,0.5119511565080134,0.4898297329667772,0.5325910104284735,0.33425120473866016,0.302010978504606,0.3661465000493872,0.4029227865924605,0.3788589083551758,0.42546735063485186,0.092,0.056,0.128,0.0,0.0,0.0,0.0,0.0,0.0,0.13925079697145254,0.1102401050317893,0.17198519944523957,0.34710333107055247,0.27246620967792123,0.4255725915019943,0.27200016095534074,0.217255869591272,0.3296816382093006,0.204,0.156,0.256,0.01922457739895036,0.014075976651130638,0.024295962540841626,-0.005624121142659755,-0.05396112139608804,0.04219299268330741,-0.012353357633575797,-0.03715774528966285,0.010739742060098785,-0.008,-0.028,0.008,-0.006302072737153928,-0.02544983765935673,0.012623631363170407,False
transport_anchor_only,False,3.0,0.0,0.5,250,0.5034833597597317,0.46585992068905036,0.5437020819736761,0.028731879498260025,0.022861817939620874,0.035041831542869814,0.038313062545098114,0.03639715929453907,0.04021629636256174,0.49938454585814473,0.49420267874738566,0.5045637142747342,0.19855954444408416,0.1942871125727892,0.2033614722788334,0.5119511565080134,0.4898297329667772,0.5325910104284735,0.06790251421410677,0.04352733396153966,0.09435135587648733,0.21402706460414317,0.19795362514716988,0.23195767377148893,0.236,0.184,0.2880999999999999,0.0,0.0,0.0,0.0,0.0,0.0,0.34181148040042036,0.310168231365823,0.37302332046828096,0.8673652489091624,0.8165717102544024,0.9155586138366789,0.6676642411199829,0.6283189927684112,0.7054274285243699,0.54,0.476,0.604,0.05111858094674311,0.04392595570232568,0.05869521715199312,0.01967599802196096,0.008215318946826802,0.034009790451056475,0.0029761502742767336,-0.0014808257281780242,0.009928218472003937,0.0,-0.02,0.01609999999999991,0.002326305623046959,-0.0016585952456104499,0.007741784613242287,False
mediation_aware_recourse,False,3.0,0.17779776538662934,0.5,250,0.5038238901552395,0.46608123729153444,0.543831544939254,0.028731214184499157,0.022861624056336516,0.0350556839935002,0.03808387974461157,0.03611670545294678,0.03991685938100536,0.4987629746751785,0.49362189154855013,0.5037892764930845,0.19855954444408416,0.1942871125727892,0.2033614722788334,0.5119511565080134,0.4898297329667772,0.5325910104284735,0.06582268729147907,0.04166986160279322,0.09238829114275156,0.21248392814892997,0.1957920090968693,0.2301427565430311,0.236,0.184,0.2880999999999999,0.0,0.0,0.0,0.0,0.0,0.0,0.34294257558811986,0.3109179230506559,0.3741413354796091,0.8714277984242648,0.8190904817152758,0.9184867495060745,0.6698736221777671,0.6300284610137477,0.7076860202696392,0.552,0.488,0.616,0.05159294681420721,0.04439355196668824,0.05911148793833927,0.02373854753706328,0.010561125599505191,0.03920757610575307,0.0033166806697845458,-0.0011376619398593903,0.010269415801763535,0.0,-0.02,0.01609999999999991,0.0034574008107464476,-0.0007889490684502638,0.009317014239354788,True
mediation_aware_recourse,False,3.0,0.5,0.5,250,0.5032964491304592,0.46516346636715605,0.5430428592993062,0.02905578146182792,0.02334405164619651,0.03532364137004716,0.03767814108380148,0.03575091394342228,0.03953036072524599,0.49812431387519834,0.49300986306790706,0.5032177828536749,0.19855954444408416,0.1942871125727892,0.2033614722788334,0.5119511565080134,0.4898297329667772,0.5325910104284735,0.06283143492870477,0.03843903494498578,0.08906984223649278,0.21074778261542348,0.1938523904266233,0.22855061315168937,0.236,0.184,0.288,0.0,0.0,0.0,0.0,0.0,0.0,0.34388876744416347,0.31186803788618855,0.3755809976417242,0.8772706455880009,0.8243003890223461,0.9250953162544103,0.6717218294608556,0.6312601864653565,0.7100803543775596,0.568,0.504,0.628,0.05261547706757254,0.04493281784548356,0.06001547585003298,0.029581394700799457,0.016363318943872905,0.045533286431760404,0.0027892396450042724,-0.0018879069209098815,0.00988058660626411,0.0,-0.024,0.02,0.004403592666790098,-0.00010138491410258385,0.009993793989083276,False
mediation_aware_recourse,False,3.0,1.0,0.5,250,0.5035267323908047,0.46561853781643586,0.5439776382876675,0.029041870703524816,0.023332691736952908,0.03528364452726386,0.03751382272168644,0.03557202220139745,0.039409367785102664,0.49797036967563635,0.49282494998250603,0.5030570505560695,0.19855954444408416,0.1942871125727892,0.2033614722788334,0.5119511565080134,0.4898297329667772,0.5325910104284735,0.06155777456892605,0.03716426008981335,0.08756658367250246,0.21043726290998485,0.19365977163347511,0.22842512215218205,0.232,0.18,0.284,0.0,0.0,0.0,0.0,0.0,0.0,0.34347818097323146,0.3113378636515123,0.3752766623496564,0.8797585008132265,0.8268528602814675,0.9277487763950538,0.6709198262507592,0.6300242782853733,0.7089669245685704,0.576,0.512,0.636,0.0534576004829279,0.04592067960428703,0.06117872692249948,0.032069249926025,0.018605961353404303,0.04792940810731057,0.0030195229053497316,-0.0016879877746105193,0.01009867520332336,-0.004,-0.028,0.02,0.003993006195858097,-0.0006598179535124211,0.009696957897790319,False
mediation_aware_recourse,False,3.0,2.0,0.5,250,0.5117280410584645,0.47265749439087085,0.5535776228736154,0.026762312130672258,0.021932155219817468,0.03209342297978258,0.036922588850617416,0.03495742900425664,0.03882444794129178,0.4969668340544701,0.491558889317143,0.5020806725612819,0.19855954444408416,0.1942871125727892,0.2033614722788334,0.5119511565080134,0.4898297329667772,0.5325910104284735,0.05346801110694723,0.02999095600022742,0.07975287922420339,0.20608369172395943,0.1887683942048486,0.22395194743300764,0.224,0.176,0.27209999999999995,0.0,0.0,0.0,0.0,0.0,0.0,0.3456766479802196,0.3146299157249099,0.37677791803767796,0.8955603275288034,0.8440826968946408,0.942767635500288,0.6752141167881293,0.6353515948429191,0.7129603968385857,0.596,0.532,0.6520999999999999,0.05640324871042328,0.04934605458822737,0.06370375928735991,0.04787107664160195,0.029827309570887056,0.06924585411532172,0.011220831573009491,0.0018880700293928386,0.023438834854960438,-0.012,-0.04,0.012,0.006191473202846172,0.00038179194774904643,0.013546590628744993,False
mediation_aware_recourse,False,3.0,5.0,0.5,250,0.5296874810290174,0.49114332768807656,0.5705527024963172,0.023036153476966775,0.019125090384326367,0.02700637726180257,0.03537784903395112,0.03336489274379708,0.03723492496576733,0.494129252106905,0.48869619322574137,0.49882010594385867,0.19855954444408416,0.1942871125727892,0.2033614722788334,0.5119511565080134,0.4898297329667772,0.5325910104284735,0.03220295712288945,0.008876615718262553,0.05793358890837153,0.1942365927125865,0.17745318284281555,0.21216101365912,0.228,0.176,0.28,0.0,0.0,0.0,0.0,0.0,0.0,0.3534812385268728,0.3226781305481647,0.38473955023460316,0.9370975986409645,0.8855588899442942,0.9819812552776341,0.6904589120140798,0.6529679992881922,0.7254642955309069,0.648,0.584,0.704,0.06313348042912556,0.05589284406860206,0.07062287090531086,0.08940834775376305,0.06186978585811269,0.12098402065026762,0.02918027154356241,0.012773967768251895,0.04781050380710512,-0.008,-0.036,0.024,0.013996063749499396,0.004957107362182876,0.023555392153610334,False
transport_anchor_only,False,10.0,0.0,0.5,250,0.5981313138920814,0.5644341747160069,0.6342848288114182,0.008597697774514447,0.007049000648298274,0.010215608684160665,0.03860707567914362,0.03666865898909637,0.04046310917500097,0.4980888931803703,0.49266699056828617,0.5028318098758995,0.19855954444408416,0.1942871125727892,0.2033614722788334,0.5119511565080134,0.4898297329667772,0.5325910104284735,0.040678247350279105,0.018799169609829813,0.06459362523488606,0.2012474620187855,0.18670555854811263,0.21605579408374842,0.408,0.344,0.472,0.0,0.0,0.0,0.0,0.0,0.0,0.3642380188998358,0.33521962753655454,0.3922090175945709,0.9205427181222856,0.8775849481263495,0.9620362632337986,0.7114702531082857,0.6781615050319442,0.7428093192184045,0.532,0.4719,0.592,0.0535174451289492,0.045802092616481146,0.06166557301197801,0.01453251261762789,0.006997210007406366,0.023563500260131768,-0.0002493308186531067,-0.0028483948767185213,0.0013415343061089513,0.008,-0.012,0.028,0.003266166566076685,-0.0004599388779204632,0.007412481802301865,False
mediation_aware_recourse,False,10.0,0.17779776538662934,0.5,250,0.5982469609696418,0.564552259268472,0.6343852033717559,0.008597697774514447,0.007049000648298274,0.010215608684160665,0.0385723726327958,0.0366646483911221,0.04046224159884227,0.49786576851773257,0.4924923172197103,0.5025641283000112,0.19855954444408416,0.1942871125727892,0.2033614722788334,0.5119511565080134,0.4898297329667772,0.5325910104284735,0.04047746256889079,0.018613409167380166,0.06419707529164415,0.20114728432406043,0.18650781874179592,0.21595561638902336,0.408,0.344,0.472,0.0,0.0,0.0,0.0,0.0,0.0,0.36417412927623083,0.33521962753655454,0.3921451279709659,0.9209349133128539,0.877986802450946,0.9620457458442327,0.7113454567819314,0.6781615050319442,0.742751812835215,0.536,0.472,0.596,0.05364978233144587,0.04583273497527019,0.06168476496064008,0.014924707808196214,0.006997210007406366,0.02461612070218669,-0.00013368374109268188,-0.00270573647916317,0.0014988313049077986,0.008,-0.012,0.028,0.00320227694247166,-0.0005016035294470309,0.007266969224157742,True
mediation_aware_recourse,False,10.0,0.5,0.5,250,0.5977136488873511,0.5643929854683113,0.633531565215392,0.008694514484444851,0.007176130661762791,0.010278441479623713,0.038171621933113103,0.03623089801083008,0.040050409178638655,0.49726324397182464,0.491612171697551,0.5020769792362512,0.19855954444408416,0.1942871125727892,0.2033614722788334,0.5119511565080134,0.4898297329667772,0.5325910104284735,0.03649852293311316,0.015058157936263493,0.059332500796251596,0.19887309475077683,0.18402907914632896,0.21383102111627314,0.404,0.34,0.468,0.0,0.0,0.0,0.0,0.0,0.0,0.3656833844282302,0.33654953208705235,0.393934908177914,0.9287070212282217,0.884764315393373,0.9719179945346784,0.7142935019866613,0.6817573005605391,0.7450561221110271,0.552,0.492,0.612,0.054884624573334984,0.047314634879989194,0.06312492691942694,0.022696815723563968,0.011877283768201642,0.035087545308896705,-0.0006669958233833313,-0.003644080591201782,0.0016287918910384176,0.004,-0.02,0.028,0.004711532094471068,0.0005841654524993995,0.009384217682254274,False
mediation_aware_recourse,False,10.0,1.0,0.5,250,0.5975004120785743,0.564097107201023,0.6332123909008224,0.008766453956612498,0.007239936443725363,0.010357186621688375,0.03785932983380339,0.03584320692327864,0.03974060837586633,0.49669770094251636,0.4911588905425012,0.5016536345454097,0.19855954444408416,0.1942871125727892,0.2033614722788334,0.5119511565080134,0.4898297329667772,0.5325910104284735,0.032853868701602625,0.011902285608101661,0.055322112794372484,0.19662812757003167,0.18245164360080202,0.21117669980677237,0.4,0.336,0.46009999999999995,0.0,0.0,0.0,0.0,0.0,0.0,0.3668508675824247,0.3375736584352448,0.3947439727614867,0.9358261656723332,0.8938012275940417,0.9756898666425955,0.7165739600720731,0.6841137915265322,0.746606163176448,0.564,0.5039,0.624,0.05612321011199298,0.048686963492043975,0.0639842869060409,0.029815960167675515,0.015902403148978447,0.04566025986267326,-0.0008802326321601867,-0.003991698986291886,0.001538105882704258,0.0,-0.024,0.024,0.00587901524866563,0.0014506832097063117,0.010330421287580476,False
mediation_aware_recourse,False,10.0,2.0,0.5,250,0.5975962605196983,0.5632022585886997,0.6334115267637652,0.008955254707825893,0.00741298803728246,0.01050772129120326,0.03700731639707472,0.035096211585919225,0.038923543258718114,0.49521835558533667,0.48997281598727105,0.4998014680730939,0.19855954444408416,0.1942871125727892,0.2033614722788334,0.5119511565080134,0.4898297329667772,0.5325910104284735,0.025113885423001716,0.0038658758880412824,0.04780656435325314,0.1925542557007675,0.17786919853114913,0.20753596301843777,0.388,0.328,0.448,0.0,0.0,0.0,0.0,0.0,0.0,0.36768361140131206,0.33808308206451504,0.3963435548153218,0.950944762788892,0.9069248568551882,0.9926019194609351,0.7182005680175798,0.6853120823958039,0.748352882801874,0.592,0.528,0.652,0.059576829841849775,0.05193365861093449,0.06741257963688464,0.04493455728423423,0.027894051221610337,0.06397557795751642,-0.0007843841910362243,-0.00447507081180811,0.0030053849026560778,-0.012,-0.0401,0.02,0.006711759067552954,0.0016646992108689702,0.012099247421591698,False
mediation_aware_recourse,False,10.0,5.0,0.5,250,0.6064762208182365,0.5714739620955196,0.6427085816411302,0.008784285527378498,0.007291739806552104,0.010290357034723346,0.03536711451728105,0.03344700627791577,0.037172159858155626,0.49206009024930003,0.4866400794236541,0.4966358411091208,0.19855954444408416,0.1942871125727892,0.2033614722788334,0.5119511565080134,0.4898297329667772,0.5325910104284735,0.009096213252172216,-0.011534784004518007,0.03082666904108946,0.18482104888916165,0.17133386363355763,0.1994655017387013,0.372,0.312,0.432,0.0,0.0,0.0,0.0,0.0,0.0,0.37023947595693507,0.34268696409309163,0.39980739137157706,0.9822322634951801,0.9400139541458331,0.999144969804277,0.7231929672399124,0.6925879590125869,0.7527442351820113,0.64,0.576,0.7,0.06630773364945305,0.05829347619308613,0.07430189316462221,0.0762220579905224,0.030745533426547247,0.0992101499812967,0.008095576107501983,-0.001594109749794006,0.01997216016054153,-0.028,-0.068,0.012,0.009267623623175876,0.0017281505280380516,0.01728997479163643,False
transport_anchor_only,False,30.0,0.0,0.5,250,0.6949491333663463,0.6530414980210364,0.7390800679843873,0.002973900168390127,0.0023280934536406193,0.0037106517899828002,0.03859333452903464,0.036506681774985096,0.04055687247137494,0.4967267530837059,0.49128561979233626,0.5013911072657168,0.19855954444408416,0.1942871125727892,0.2033614722788334,0.5119511565080134,0.4898297329667772,0.5325910104284735,0.030835614423234764,0.00957848082069182,0.05195546735580207,0.21276471252260934,0.19982990946624304,0.2245983870317838,0.592,0.528,0.652,0.0,0.0,0.0,0.0,0.0,0.0,0.36035064782492937,0.33464602028671253,0.38687451041479715,0.9397684446431129,0.8955321418129475,0.9814638728503007,0.7038770071013385,0.6739830886914552,0.7289756352590153,0.5,0.4399,0.5600999999999999,0.0603824471299246,0.05184356853481752,0.06990916726775125,0.015160917637005777,0.006898881902895343,0.024854295715967343,0.000589888334274292,0.0001532347857952118,0.0011097731947898864,0.008,-0.008,0.028,0.0015083169873914217,-0.002080441896570749,0.005686014700002928,False
mediation_aware_recourse,False,30.0,0.17779776538662934,0.5,250,0.6947846269309521,0.6530345414295793,0.7390419916441665,0.0029888328476202304,0.002348801348851292,0.0037256618672575756,0.038412210543248164,0.036348176288563246,0.040419872254324966,0.4962101673696041,0.4908416458228349,0.5009680325546265,0.19855954444408416,0.1942871125727892,0.2033614722788334,0.5119511565080134,0.4898297329667772,0.5325910104284735,0.029449997501922013,0.00846120083416667,0.050374309573969975,0.21181535382058905,0.1988772542650249,0.22378234776384204,0.588,0.524,0.648,0.0,0.0,0.0,0.0,0.0,0.0,0.36085677159378826,0.3348585850835349,0.38725521365056725,0.9424749858896724,0.8983792297028885,0.9828842175845067,0.7048656243989557,0.6752701986496313,0.7292802237399871,0.508,0.448,0.568,0.06082219370615152,0.052215922811761774,0.07021970432600755,0.017867458883565224,0.0080058620554289,0.029377870978207557,0.0004253818988800049,-0.00040003418922424317,0.0011788714945316313,0.004,-0.012,0.024,0.0020144407562503277,-0.0017296741353705711,0.006009441806005244,True
mediation_aware_recourse,False,30.0,0.5,0.5,250,0.6951421277225017,0.6534236778540536,0.7398128833517432,0.0029888328476202304,0.002348801348851292,0.0037256618672575756,0.03819772720638883,0.03606282876974648,0.040167310472479484,0.49560836192798613,0.4905014810782016,0.500408698542732,0.19855954444408416,0.1942871125727892,0.2033614722788334,0.5119511565080134,0.4898297329667772,0.5325910104284735,0.02729761403174477,0.0067827086954591895,0.04763695108626856,0.21032740670815303,0.1973810777639099,0.22222797710287337,0.588,0.524,0.648,0.0,0.0,0.0,0.0,0.0,0.0,0.3616278797158367,0.33632237513556806,0.3883148451343708,0.9466792609319606,0.9015865013436458,0.98834717124543,0.706371838638822,0.6774784916875923,0.7318041720216378,0.512,0.452,0.572,0.061512831380215974,0.052877688585498156,0.07096912218237757,0.022071733925853487,0.010532544588438518,0.035548507806271855,0.0007828826904296875,-0.0001421030580997467,0.0016755845189094542,0.004,-0.012,0.024,0.0027855488782986882,-0.001148314896788616,0.007204111672315038,False
mediation_aware_recourse,False,30.0,1.0,0.5,250,0.6971524133384228,0.6559580704331398,0.7434471095839514,0.002939549862592509,0.002298749008860211,0.003693195144967617,0.037821121649990526,0.035746631104866665,0.0398754786352264,0.49512890745186805,0.4899778940870941,0.4998925150756896,0.19855954444408416,0.1942871125727892,0.2033614722788334,0.5119511565080134,0.4898297329667772,0.5325910104284735,0.023404294045090715,0.003284788504732274,0.04414941543940393,0.20832513818441814,0.19555390424318075,0.22014627403924897,0.584,0.524,0.644,0.0,0.0,0.0,0.0,0.0,0.0,0.3621091513927487,0.33665623082821633,0.38855338912990556,0.9542841270156904,0.9100337227316398,0.9943862745088287,0.7073119120633937,0.6777657223378715,0.7324816816001757,0.528,0.464,0.588,0.06321885553508699,0.054788038751901635,0.0727123079516447,0.029676600009583276,0.01624756246487684,0.044573372403022796,0.002793168306350708,0.00017503221631050113,0.0068371894359588615,0.0,-0.024,0.02,0.0032668205552106935,-0.0009195629781423256,0.007668471214151671,False
mediation_aware_recourse,False,30.0,2.0,0.5,250,0.6968315033614636,0.6555823596561328,0.7432387023726479,0.0029714012955035026,0.0023222961300878395,0.0037086081917393154,0.037490992301873645,0.03533839319199849,0.03951639219720106,0.4947466612148285,0.4894638518197119,0.499353924289,0.19855954444408416,0.1942871125727892,0.2033614722788334,0.5119511565080134,0.4898297329667772,0.5325910104284735,0.02061380582448194,0.000716656998888101,0.04123790454516464,0.2063282600968181,0.1933024083686438,0.2182789811243198,0.568,0.504,0.628,0.0,0.0,0.0,0.0,0.0,0.0,0.36263402703922326,0.33601293037293783,0.38887907910652464,0.9597348193036863,0.9167024989080922,0.9958406808184578,0.708337157616221,0.6785006622273153,0.7332811565156437,0.544,0.48,0.6040999999999999,0.06435166182215407,0.055625576899057685,0.07367138727548307,0.03512729229757916,0.01994721507961536,0.05105846411906357,0.0024722583293914796,-0.00027874590158462526,0.006555211263895034,-0.016,-0.044,0.012,0.0037916962016852993,-0.0004857742222458061,0.0085159249156885,False
mediation_aware_recourse,False,30.0,5.0,0.5,250,0.7087444312274456,0.6656734879273921,0.7537259835349396,0.0028050658296344547,0.0021800190760154874,0.0034931228978710965,0.03597416394721407,0.03382205203282511,0.03798666172067536,0.4920939134521485,0.48713107913315296,0.49673849536075,0.19855954444408416,0.1942871125727892,0.2033614722788334,0.5119511565080134,0.4898297329667772,0.5325910104284735,0.006169889172639683,-0.013718596676122389,0.02867002619616407,0.2022132844443661,0.1893622159246774,0.2141923099617487,0.564,0.5,0.624,0.0,0.0,0.0,0.0,0.0,0.0,0.3615728489884235,0.3352925979518546,0.38775590403657584,0.9879482855069142,0.9466422618717371,0.9992891075277173,0.7062643464948672,0.6768474438015746,0.7315076265924688,0.58,0.5199,0.64,0.07210420917347506,0.06275576269004896,0.08221869622074925,0.063340758500807,0.007499433508342772,0.08321596577757016,0.014385186195373535,0.0031263025164604188,0.0273133434176445,-0.02,-0.056,0.016,0.0027305181508855774,-0.003375182263065627,0.009062521819219665,False
transport_anchor_only,False,0.0,0.0,1.0,250,5.981331840303028e-06,8.787016189899077e-07,1.2575160406754547e-05,0.46036282672559026,0.42430268261813653,0.49743585963209686,0.03338791023576096,0.03104429166376029,0.03568801641183674,0.5598367270228863,0.5529362811165451,0.5670711977490782,0.19855954444408416,0.1942871125727892,0.2033614722788334,0.5119511565080134,0.4898297329667772,0.5325910104284735,0.5119361848045797,0.4906867506169857,0.53235006847845,0.5383301010133462,0.5201216998315794,0.5564155930949418,0.064,0.036,0.096,0.0,0.0,0.0,0.0,0.0,0.0,1.497170343356724e-05,2.8803693025882036e-06,3.25171831436701e-05,2.9244398109806724e-05,5.264461738574422e-06,6.411515366489261e-05,2.9244398109806724e-05,6.928017226323635e-06,6.385890879558597e-05,0.0,0.0,0.0,0.0,0.0,0.0,2.9244398109806724e-05,4.67833687707031e-06,6.230952239556218e-05,5.981331840303028e-06,8.787016189899077e-07,1.2575160406754547e-05,0.0,0.0,0.0,1.497170343356724e-05,2.3872488985665243e-06,3.226425314495704e-05,False
mediation_aware_recourse,False,0.0,0.17779776538662934,1.0,250,4.188726688880706e-06,5.562953872640719e-07,9.920197888368422e-06,0.46037642150206626,0.4243159375252007,0.497462709315637,0.03338721489607478,0.03104359632407411,0.03568664311595653,0.5598385600683689,0.5529417344268561,0.5670712894013524,0.19855954444408416,0.1942871125727892,0.2033614722788334,0.5119511565080134,0.4898297329667772,0.5325910104284735,0.5119426345229747,0.4906993275678558,0.5323563569538852,0.5383352607880622,0.5201268596062955,0.5564157220893098,0.064,0.036,0.096,0.0,0.0,0.0,0.0,0.0,0.0,8.521985038630885e-06,1.7067913484853927e-06,1.7512775609879468e-05,1.6646090023053617e-05,3.8594259268553975e-06,3.3990941593092794e-05,1.6646090023053617e-05,3.5220790607276563e-06,3.390542976442478e-05,0.0,0.0,0.0,0.0,0.0,0.0,1.6646090023053617e-05,3.330425431555262e-06,3.431076837523694e-05,4.188726688880706e-06,5.562953872640719e-07,9.920197888368422e-06,0.0,0.0,0.0,8.521985038630885e-06,1.7206561249627495e-06,1.766512438205166e-05,True
mediation_aware_recourse,False,0.0,0.5,1.0,250,4.188726688880706e-06,5.562953872640719e-07,9.920197888368422e-06,0.46037642150206626,0.4243159375252007,0.497462709315637,0.03338721489607478,0.03104359632407411,0.03568664311595653,0.5598385600683689,0.5529417344268561,0.5670712894013524,0.19855954444408416,0.1942871125727892,0.2033614722788334,0.5119511565080134,0.4898297329667772,0.5325910104284735,0.5119426345229747,0.4906993275678558,0.5323563569538852,0.5383352607880622,0.5201268596062955,0.5564157220893098,0.064,0.036,0.096,0.0,0.0,0.0,0.0,0.0,0.0,8.521985038630885e-06,1.7067913484853927e-06,1.7512775609879468e-05,1.6646090023053617e-05,3.8594259268553975e-06,3.3990941593092794e-05,1.6646090023053617e-05,3.5220790607276563e-06,3.390542976442478e-05,0.0,0.0,0.0,0.0,0.0,0.0,1.6646090023053617e-05,3.330425431555262e-06,3.431076837523694e-05,4.188726688880706e-06,5.562953872640719e-07,9.920197888368422e-06,0.0,0.0,0.0,8.521985038630885e-06,1.7206561249627495e-06,1.766512438205166e-05,False
mediation_aware_recourse,False,0.0,1.0,1.0,250,3.29568506731448e-06,2.0438885712792397e-07,8.589208225339452e-06,0.4603894663976518,0.4243297862142132,0.4974674627008523,0.03338620474959214,0.031042600955378457,0.035685256479278685,0.5598402415988446,0.5529447300096751,0.5670721182262897,0.19855954444408416,0.1942871125727892,0.2033614722788334,0.5119511565080134,0.4898297329667772,0.5325910104284735,0.5119486518975261,0.49070247127983896,0.5323572881963948,0.5383403824962851,0.5201325188036887,0.5564184681587611,0.064,0.036,0.096,0.0,0.0,0.0,0.0,0.0,0.0,2.5046104871861983e-06,9.42722769643134e-08,6.05252734531595e-06,4.8922840693022e-06,1.9786030359403295e-07,1.1547717623577868e-05,4.8922840693022e-06,1.7869370724510338e-07,1.118117571611288e-05,0.0,0.0,0.0,0.0,0.0,0.0,4.8922840693022e-06,1.9962561387532053e-07,1.1457958083324614e-05,3.29568506731448e-06,2.0438885712792397e-07,8.589208225339452e-06,0.0,0.0,0.0,2.5046104871861983e-06,1.0003467265917721e-07,5.866732667736139e-06,False
mediation_aware_recourse,False,0.0,2.0,1.0,250,7.202801689345506e-07,0.0,1.9220629565097623e-06,0.46039408760896233,0.42433475594909664,0.4974701786288595,0.03338574152958414,0.031041581346791382,0.035685251853635726,0.5598435230371953,0.5529448017390968,0.5670726636400818,0.19855954444408416,0.1942871125727892,0.2033614722788334,0.5119511565080134,0.4898297329667772,0.5325910104284735,0.5119507308931774,0.49070360168888866,0.5323575008807613,0.5383423651978357,0.5201344948806828,0.5564205070524073,0.064,0.036,0.096,0.0,0.0,0.0,0.0,0.0,0.0,4.2561483593139825e-07,0.0,1.138864992421095e-06,8.313582858798796e-07,0.0,2.240486662702379e-06,8.313582858798796e-07,0.0,2.4978534222036543e-06,0.0,0.0,0.0,0.0,0.0,0.0,8.313582858798796e-07,0.0,2.2788718741617585e-06,7.202801689345506e-07,0.0,1.9220629565097623e-06,0.0,0.0,0.0,4.2561483593139825e-07,0.0,1.1381767439586964e-06,False
mediation_aware_recourse,False,0.0,5.0,1.0,250,7.102955423761159e-07,0.0,1.9020937033928932e-06,0.4603948033883802,0.42433548962299983,0.4974708765137919,0.03338568815419178,0.03104157600925215,0.03568519714385855,0.559843658149004,0.5529450719627143,0.5670727987518905,0.19855954444408416,0.1942871125727892,0.2033614722788334,0.5119511565080134,0.4898297329667772,0.5325910104284735,0.5119510620951901,0.49070360168888866,0.5323578403628243,0.5383426732157077,0.5201344948806828,0.5564211384890446,0.064,0.036,0.096,0.0,0.0,0.0,0.0,0.0,0.0,9.441282320077348e-08,0.0,2.444648321895393e-07,1.844176383825058e-07,0.0,5.236185947193883e-07,1.844176383825058e-07,0.0,5.336600777228195e-07,0.0,0.0,0.0,0.0,0.0,0.0,1.844176383825058e-07,0.0,4.724994594751397e-07,7.102955423761159e-07,0.0,1.9020937033928932e-06,0.0,0.0,0.0,9.441282320077348e-08,0.0,2.388429827311356e-07,False
transport_anchor_only,False,1.0,0.0,1.0,250,0.24549825711336506,0.206154621192549,0.28810055914448607,0.19856691290870362,0.17167139084944497,0.22607952874145262,0.03892018076974007,0.037207427958319265,0.04060982182781631,0.5153881808478832,0.5097718807676613,0.5213916826451184,0.19855954444408416,0.1942871125727892,0.2033614722788334,0.5119511565080134,0.4898297329667772,0.5325910104284735,0.26256588674086173,0.2293058782952568,0.29580587752006304,0.34849943346870504,0.3240825793031077,0.3715928591469571,0.1,0.064,0.136,0.0,0.0,0.0,0.0,0.0,0.0,0.195668124451261,0.1642968087198745,0.2279502514450928,0.4871270756925189,0.41198369598658646,0.5580874772399146,0.3822007665455842,0.3229374548757061,0.43498534654467325,0.292,0.236,0.348,0.026858572657945275,0.020655703611981407,0.03296412404739252,0.13439962347930667,0.08784472239866331,0.18211912610034298,0.06610324252031569,0.04081024321394289,0.0916958608572928,0.0,-0.02,0.02,0.05011525474265459,0.030311625013261036,0.07198881781947124,False
mediation_aware_recourse,False,1.0,0.17779776538662934,1.0,250,0.2417505781182326,0.20166396782159096,0.2844433115837466,0.20194248785591495,0.17480394166476676,0.22907785071333855,0.03879214960670707,0.037116419850269686,0.040494820144871366,0.51576362450099,0.5100878818335652,0.5219332485318898,0.19855954444408416,0.1942871125727892,0.2033614722788334,0.5119511565080134,0.4898297329667772,0.5325910104284735,0.2651009231157311,0.23130729432821712,0.2982494314135546,0.35078469311869903,0.3258239503405661,0.37464605840432286,0.1,0.064,0.136,0.0,0.0,0.0,0.0,0.0,0.0,0.19313308807639173,0.1607306803162527,0.22651151759668922,0.4821753603918628,0.4067413791531042,0.5554462851493986,0.377249051244928,0.3171926917747095,0.43245650050792317,0.292,0.236,0.348,0.026858572657945275,0.020655703611981407,0.03296412404739252,0.1294479081786506,0.08236613660935573,0.17708268118989237,0.06235556352518324,0.03804222926702932,0.08788388918974814,0.0,-0.02,0.02,0.047580218367785275,0.02765917630133077,0.06853911324593079,True
mediation_aware_recourse,False,1.0,0.5,1.0,250,0.23897161645975484,0.1990511349847238,0.2816614587483298,0.20458714086814608,0.1786509119652978,0.23213667874981322,0.03876147817510099,0.03706230981397058,0.04047553287910217,0.5159089874036312,0.5102432560914159,0.5218739605804443,0.19855954444408416,0.1942871125727892,0.2033614722788334,0.5119511565080134,0.4898297329667772,0.5325910104284735,0.26797998725613303,0.2345041560545831,0.3013852587080052,0.3528622120076897,0.32865171974658064,0.37708969752520555,0.1,0.064,0.136,0.0,0.0,0.0,0.0,0.0,0.0,0.19073270147516758,0.15891390934807118,0.22318928386703582,0.4765516517552032,0.40377155424163513,0.5499018656458803,0.3725603488741843,0.31382166690579677,0.42785415716556746,0.288,0.232,0.34,0.026619233888356377,0.02049415702996565,0.03286079192419417,0.12382419954199098,0.07900780445735497,0.1700070113835178,0.05957660186670546,0.03617337147485305,0.08316738009851797,0.0,-0.02,0.02,0.045179831766561124,0.026390492795194783,0.06552876733507579,False
mediation_aware_recourse,False,1.0,1.0,1.0,250,0.2391382229493238,0.19916566316531334,0.2819325534728936,0.20515411137323006,0.17931436747121832,0.23271713042650893,0.03860493373748475,0.03689664935278776,0.04028754358300483,0.5152985706672668,0.5095080872990012,0.5215200048397243,0.19855954444408416,0.1942871125727892,0.2033614722788334,0.5119511565080134,0.4898297329667772,0.5325910104284735,0.2674177825012441,0.2340484733920938,0.3011690457369107,0.35259259650431657,0.32826053781695635,0.3767808915088574,0.096,0.06,0.132,0.0,0.0,0.0,0.0,0.0,0.0,0.19051501294862827,0.15878902101698986,0.22248367801559335,0.4776498126788423,0.4048036265152842,0.5514394897988237,0.3721351354065088,0.3139071559321849,0.42702340414505197,0.296,0.24,0.352,0.027009180529070472,0.020941776885001886,0.03316191185829579,0.1249223604656301,0.07967880177131623,0.17124856548093975,0.059743208356274405,0.036343508345948794,0.08323325182281588,-0.004,-0.024,0.016,0.04496214324002184,0.02634305296477603,0.06548969871095542,False
mediation_aware_recourse,False,1.0,2.0,1.0,250,0.2355853765920974,0.19521666453309913,0.27653985895764305,0.2086502984779101,0.1810096386447757,0.23846880290015812,0.03846125443846873,0.036732036793730445,0.04019425879372805,0.5155769292588234,0.5098625339408278,0.5217105671829163,0.19855954444408416,0.1942871125727892,0.2033614722788334,0.5119511565080134,0.4898297329667772,0.5325910104284735,0.2701677752484875,0.23712193239405305,0.30343612839462675,0.3547131256089905,0.33050192931550226,0.3783091308587756,0.096,0.06,0.132,0.0,0.0,0.0,0.0,0.0,0.0,0.18818151770497796,0.15671395334481217,0.22093130859667962,0.47227822065822667,0.4004958562333738,0.547278499031142,0.3675770926831229,0.3076283855742952,0.42226834619162296,0.292,0.236,0.348,0.026800931777273943,0.020703503157763568,0.03295491098587466,0.11955076844501444,0.07276895312658718,0.1679319506504946,0.05619036199904804,0.03282467076608628,0.08146310369176062,-0.004,-0.024,0.016,0.042628647996371505,0.023215011047420676,0.06329489388222845,False
mediation_aware_recourse,False,1.0,5.0,1.0,250,0.21559253095476652,0.17666172382807818,0.2572873917491957,0.2312470854075839,0.20249113846402073,0.26133042338989254,0.037527569021696634,0.035647915371519755,0.039315388578554086,0.5162432395396233,0.5106634940156222,0.5219348235670864,0.19855954444408416,0.1942871125727892,0.2033614722788334,0.5119511565080134,0.4898297329667772,0.5325910104284735,0.2876228618026478,0.2549139448510481,0.3203221067951882,0.3655056301278922,0.340105626699229,0.3892185211969529,0.1,0.064,0.14,0.0,0.0,0.0,0.0,0.0,0.0,0.1766676822495332,0.1434030743872044,0.2119689067054868,0.43818300213538874,0.36685692537762754,0.5074069469210706,0.3450869873106107,0.284782126491772,0.40371757797527086,0.264,0.208,0.316,0.02383030622791616,0.0182117486699986,0.029593956668896228,0.08545554992217652,0.03277975836668289,0.13954895957566565,0.036197516361717134,0.009600201950815972,0.06337390701007098,0.0,-0.02,0.02,0.03111481254092676,0.010335633321170311,0.05297505480074097,False
transport_anchor_only,False,3.0,0.0,1.0,250,0.5080962762963609,0.4693904452795847,0.5487518475574906,0.02803552560784759,0.02250320333118832,0.03403416095050176,0.03739821516951568,0.035472777015282106,0.03932160928903854,0.4960506173281669,0.4906548680338561,0.5009672539804281,0.19855954444408416,0.1942871125727892,0.2033614722788334,0.5119511565080134,0.4898297329667772,0.5325910104284735,0.05955131694948158,0.03646341857208537,0.0855536509665982,0.20836690015635873,0.19235800343603104,0.22620136793251905,0.232,0.184,0.284,0.0,0.0,0.0,0.0,0.0,0.0,0.3451205430113592,0.31197148110766765,0.3772733630834919,0.8836777372363462,0.8307163525156298,0.9316228578045999,0.6741278706457169,0.6341594408563084,0.7129131268042495,0.572,0.504,0.632,0.053639648273586284,0.046238528912649964,0.06127282339237794,0.035988486349144755,0.02017334039818917,0.05493223571666808,0.007589066810905934,0.0004698565781116486,0.016783115079812703,-0.004,-0.032,0.024,0.005635368233985805,-0.00024281668323872984,0.01309784880956078,False
mediation_aware_recourse,False,3.0,0.17779776538662934,1.0,250,0.5107214345168904,0.47257159665744985,0.5518659638874931,0.027269975491406088,0.02185029035727324,0.03286084044274931,0.03727252848423164,0.0353465852076549,0.03913661845931156,0.49573219631099696,0.49025243065865637,0.5008014715853036,0.19855954444408416,0.1942871125727892,0.2033614722788334,0.5119511565080134,0.4898297329667772,0.5325910104284735,0.0574058686087815,0.03465648222661835,0.08340187531621927,0.20684086206799776,0.1901976668064357,0.22452457614128188,0.232,0.184,0.284,0.0,0.0,0.0,0.0,0.0,0.0,0.34650980279002036,0.3147328467412023,0.37798399479614775,0.887868465811576,0.8357120867454637,0.9369419654953183,0.6768415275268485,0.6367983117224681,0.7158685575383593,0.576,0.5119,0.632,0.05401774255460572,0.04659407573335199,0.06178831187991528,0.040179214924374484,0.022935820229626435,0.06020735830748769,0.01021422503143549,0.0019422116160392766,0.02165812273882329,-0.004,-0.032,0.024,0.007024628012647003,0.0004992353257544119,0.015058613071733454,True
mediation_aware_recourse,False,3.0,0.5,1.0,250,0.5102166377734975,0.4719822918565682,0.5512671105950736,0.027501165370684286,0.02230668026344891,0.0331431390195159,0.03711088750048171,0.03517954676361187,0.03894097622266326,0.49557654069399837,0.489984275073123,0.5006567021075786,0.19855954444408416,0.1942871125727892,0.2033614722788334,0.5119511565080134,0.4898297329667772,0.5325910104284735,0.05641146795305251,0.033511655903349556,0.0817369126680152,0.20616163369550058,0.18916656092358927,0.2242496423668998,0.232,0.184,0.284,0.0,0.0,0.0,0.0,0.0,0.0,0.34605419692766576,0.31392975561939523,0.37758537122419816,0.8898108398898216,0.837545647399208,0.9384876602923523,0.6759515874289252,0.6361653358431397,0.7146668711633403,0.58,0.516,0.636,0.05474274581364753,0.04735259025556116,0.06267753589542577,0.042121589002620086,0.024530656074559464,0.06212145417671886,0.009709428288042546,0.0012211977303028107,0.02130286285728216,-0.004,-0.032,0.024,0.0065690221502923965,-1.649985588253898e-05,0.014770155163744822,False
mediation_aware_recourse,False,3.0,1.0,1.0,250,0.512817363439186,0.4736790135692558,0.5540464642367063,0.026890497954443877,0.021877171845210378,0.03219452102758485,0.03694489359942994,0.035017897108209045,0.03878585868171864,0.49492240956044203,0.48939555992364286,0.5000030885577976,0.19855954444408416,0.1942871125727892,0.2033614722788334,0.5119511565080134,0.4898297329667772,0.5325910104284735,0.05397365555786732,0.03124050084312299,0.07948615873113402,0.20405714225766822,0.18640485034598492,0.22246581139065771,0.232,0.184,0.284,0.0,0.0,0.0,0.0,0.0,0.0,0.34768688634872524,0.31587170280098337,0.3789917527449904,0.8945726464883521,0.8425196108544123,0.943209926588454,0.6791407381912674,0.638782830277976,0.7172058304970603,0.584,0.52,0.6400999999999999,0.0551453073007104,0.047626074880202755,0.06329692798187066,0.046883395601150624,0.028784867999083412,0.06814512396200481,0.01231015395373106,0.00236252596154809,0.024667501305416225,-0.004,-0.032,0.024,0.008201711571351846,0.0010948418623070754,0.016613935307899546,False
mediation_aware_recourse,False,3.0,2.0,1.0,250,0.5156583718788461,0.47731025209986694,0.5567255040673641,0.026138544169405448,0.021449665043084484,0.031204736023562232,0.03664051348469128,0.03473195715381508,0.038549520417748465,0.4947836989638806,0.48922828049499995,0.4998244325660347,0.19855954444408416,0.1942871125727892,0.2033614722788334,0.5119511565080134,0.4898297329667772,0.5325910104284735,0.05039770338718219,0.027521820021762632,0.07632410035485081,0.2029840404117335,0.18547059559594173,0.22104569741633495,0.228,0.18,0.27609999999999996,0.0,0.0,0.0,0.0,0.0,0.0,0.3479272526304458,0.3153593159126999,0.3795039900802319,0.9015575944179094,0.850039678083363,0.9493774065273852,0.679610248375325,0.6392092391126158,0.7168767552664992,0.6,0.536,0.66,0.05681310024519264,0.04970653391940126,0.06443362160331619,0.05386834353070791,0.03429187184344721,0.07688646714781498,0.015151162393391133,0.004583453076891602,0.028586019268631933,-0.008,-0.036,0.02,0.008442077853072471,0.0010762975204552014,0.017171439877429313,False
mediation_aware_recourse,False,3.0,5.0,1.0,250,0.5358497255984693,0.4980712983793579,0.5770035550089088,0.02244597250956366,0.01885104863524217,0.026603739669987064,0.03487289695657205,0.03296423574351848,0.03680106384312139,0.491548130212307,0.48618015633710626,0.49630859511317016,0.19855954444408416,0.1942871125727892,0.2033614722788334,0.5119511565080134,0.4898297329667772,0.5325910104284735,0.026842894862045205,0.003948800160662041,0.05249950594215341,0.18979977000087558,0.17362543367541033,0.20780603350483612,0.232,0.184,0.284,0.0,0.0,0.0,0.0,0.0,0.0,0.3569665206037032,0.3255417242675624,0.38704255794264797,0.9475674690430648,0.8971117936433308,0.9899348975908647,0.6972667530210291,0.6595760953904671,0.73253763210754,0.664,0.604,0.72,0.06407087052113247,0.056745642734667257,0.07129631465239651,0.09987821815586329,0.07119090943619845,0.13453296237091805,0.03534251611301443,0.01702192348167009,0.055178536291643106,-0.004,-0.036,0.032,0.01748134582632978,0.007399129156219181,0.02974874926834108,False
transport_anchor_only,False,10.0,0.0,1.0,250,0.6033195723015815,0.5687367724294774,0.6399293326683342,0.008266748482584343,0.006816502521072982,0.009820777881793065,0.03792991585046942,0.0359428065808701,0.03980479381790199,0.49552450902581213,0.49001521539528964,0.5002498287843048,0.19855954444408416,0.1942871125727892,0.2033614722788334,0.5119511565080134,0.4898297329667772,0.5325910104284735,0.0338009820773749,0.012400079366417436,0.05650872738352789,0.19765996157334437,0.1831951120379952,0.2118997582695505,0.408,0.344,0.472,0.0,0.0,0.0,0.0,0.0,0.0,0.36563621139654967,0.33667135649387775,0.39342053342717703,0.933976158374308,0.891515140005771,0.9751981996712493,0.7142013583688946,0.6818124407258308,0.7447514274098106,0.56,0.5,0.62,0.05625698151704436,0.04856174156311326,0.06398259032907126,0.027965952869650312,0.01530273266472693,0.041884792636058744,0.0049389275908470155,-0.00023558758348226532,0.01269987579882145,0.008,-0.016,0.032,0.004664359062790579,0.00022715541746251135,0.009041351533300199,False
mediation_aware_recourse,False,10.0,0.17779776538662934,1.0,250,0.602525022359565,0.5679332557537593,0.6384517982251943,0.008371185140507269,0.006941997176709807,0.009954406393283082,0.03778139465101207,0.03579648151686198,0.03964303587671449,0.49528014599561687,0.4898468225503564,0.49997190200969566,0.19855954444408416,0.1942871125727892,0.2033614722788334,0.5119511565080134,0.4898297329667772,0.5325910104284735,0.03246237190886505,0.011249250216958181,0.055561093713461775,0.19644780265327777,0.1816473410754464,0.21092002351597136,0.4,0.336,0.464,0.0,0.0,0.0,0.0,0.0,0.0,0.36658585427313967,0.3368856232058631,0.3948744370689824,0.9365908807975182,0.8940448688917538,0.9778213399742934,0.716056306569554,0.6833631423823172,0.7460930592982963,0.564,0.504,0.624,0.056451465163004304,0.04878514739623481,0.0643059522537871,0.03058067529286046,0.017641718769637084,0.04473577433111266,0.004144377648830414,-0.0014682966157794,0.012246144576370714,0.0,-0.024,0.028,0.005614001939380561,0.0011470911442645788,0.010384144240121492,True
mediation_aware_recourse,False,10.0,0.5,1.0,250,0.6034142064768822,0.5691488236583769,0.6397424163596704,0.008340125254997357,0.0069101557235441095,0.00986909147793622,0.037486516086996144,0.03550839737433602,0.03942734173334653,0.49477578732204436,0.48934537233678704,0.4995003433298469,0.19855954444408416,0.1942871125727892,0.2033614722788334,0.5119511565080134,0.4898297329667772,0.5325910104284735,0.02900532998098763,0.007550664634595025,0.05097748385904464,0.19436670346827573,0.17962737809813634,0.20883573809437295,0.396,0.33190000000000003,0.46,0.0,0.0,0.0,0.0,0.0,0.0,0.3679976874646135,0.33806154845776126,0.39627864024131976,0.9433435600012486,0.8997902611341528,0.9838407617328486,0.7188140563539354,0.68662769128659,0.7487465541169023,0.572,0.5119,0.632,0.057474069531206116,0.04973910508425918,0.06513539787833222,0.03733335449659092,0.021297927076891977,0.054127478503796574,0.005033561766147614,-0.0012599860608577729,0.01312849556952715,-0.004,-0.032,0.024,0.007025835130854343,0.0018388811021721053,0.01235850769208918,False
mediation_aware_recourse,False,10.0,1.0,1.0,250,0.6055945962388068,0.5712897307378706,0.6415715022230987,0.008275156313549267,0.006871721305875074,0.009819978313470035,0.036939454313028044,0.035003787889468556,0.03890977269580456,0.49363134842634204,0.4882467937668145,0.498367181666112,0.19855954444408416,0.1942871125727892,0.2033614722788334,0.5119511565080134,0.4898297329667772,0.5325910104284735,0.023567043510942774,0.002815175934068539,0.04587831140207853,0.1912252737465917,0.17692097335371856,0.20592967642968374,0.392,0.328,0.456,0.0,0.0,0.0,0.0,0.0,0.0,0.36941601624384524,0.33981307870149563,0.3986729570589501,0.9539662266383143,0.911460325133944,0.9930518851185218,0.7215844940435505,0.6897939892511344,0.7510045609791716,0.588,0.524,0.648,0.05948404837661263,0.05176494321345357,0.06723891523738158,0.0479560211336566,0.029575799409245748,0.0677777930998846,0.007213951528072357,3.890967369079618e-06,0.016610731373727324,-0.008,-0.04,0.024,0.00844416391008617,0.002468929465095882,0.015104856141191577,False
mediation_aware_recourse,False,10.0,2.0,1.0,250,0.6054712977129966,0.570609370191628,0.640928113536397,0.008433255543430185,0.006953140437701882,0.009933603296978793,0.03639110696829491,0.03451784562961524,0.03833805854235337,0.49289949800038335,0.4874723393483937,0.4976931635351241,0.19855954444408416,0.1942871125727892,0.2033614722788334,0.5119511565080134,0.4898297329667772,0.5325910104284735,0.018826403832016593,-0.0017146007386681598,0.039771761707592716,0.18820931371537802,0.17426413264553098,0.20320891378370787,0.38,0.3199,0.44,0.0,0.0,0.0,0.0,0.0,0.0,0.3709133060078524,0.3419881396305651,0.40003440271621654,0.9632261718863372,0.9202607134806026,0.996604547868721,0.7245091671202166,0.6931264187212874,0.7539207895337808,0.608,0.548,0.6680999999999999,0.06110572333407218,0.053230685553891204,0.06861784740729489,0.05721596638167947,0.036252961492204805,0.0797260438294925,0.0070906530022621156,-0.0009524821326136588,0.017080039678514004,-0.02,-0.056,0.016,0.009941453674093265,0.00304775644949237,0.01729289715688093,False
mediation_aware_recourse,False,10.0,5.0,1.0,250,0.6065375380236655,0.571283344629081,0.6426619071109221,0.008998143054631902,0.007521000153384715,0.010503807404769944,0.03505590362420584,0.03316299511149211,0.03691399577676979,0.4910904692890644,0.4855217378505707,0.4957868854260921,0.19855954444408416,0.1942871125727892,0.2033614722788334,0.5119511565080134,0.4898297329667772,0.5325910104284735,0.006917097988054475,-0.012920301767734262,0.028301453657896443,0.18369881891781564,0.17015704163157466,0.19850072949738462,0.368,0.308,0.428,0.0,0.0,0.0,0.0,0.0,0.0,0.37022527385050585,0.34221409844861633,0.39973364859890587,0.9864887540537352,0.9457809483411804,0.9992828105808579,0.7231652261043597,0.6924206609388888,0.7528621684617882,0.648,0.5879,0.708,0.06740439233472649,0.05936962800401281,0.07549263463592487,0.08047854854907743,0.027302879855124244,0.1038778747504214,0.008156893312931061,-0.0015091542720794676,0.020170390608906744,-0.032,-0.072,0.008,0.009253421516746727,0.0018298776070761811,0.01756870250758636,False
transport_anchor_only,False,30.0,0.0,1.0,250,0.6976557771861553,0.6564982321405782,0.743982457635738,0.002936877097244314,0.0022921749385101955,0.003684129013381185,0.03800299147742441,0.0359324581687626,0.040002286754116746,0.4944221343815327,0.4892788159288943,0.49913480818537476,0.19855954444408416,0.1942871125727892,0.2033614722788334,0.5119511565080134,0.4898297329667772,0.5325910104284735,0.025231868161934165,0.004899000106549324,0.045829427325920796,0.20929045303352234,0.1963340356906919,0.2213415548218453,0.588,0.528,0.648,0.0,0.0,0.0,0.0,0.0,0.0,0.36213047219493943,0.3367565087382126,0.38890052854511536,0.9507143057669033,0.9058564773140859,0.9918924599452054,0.7073535582281103,0.6779976607022056,0.7326179518841203,0.52,0.46,0.58,0.06229440807556988,0.053758679766178215,0.07179591486404878,0.026106778760796145,0.012687106980191163,0.040410186383062964,0.003296532154083252,0.0006557451248168946,0.00737488236427307,0.004,-0.016,0.024,0.0032881413574014787,-0.0008196511304678626,0.0074465810484291685,False
mediation_aware_recourse,False,30.0,0.17779776538662934,1.0,250,0.6976557771861553,0.6564982321405782,0.743982457635738,0.002936877097244314,0.0022921749385101955,0.003684129013381185,0.03800299147742441,0.0359324581687626,0.040002286754116746,0.4944221343815327,0.4892788159288943,0.49913480818537476,0.19855954444408416,0.1942871125727892,0.2033614722788334,0.5119511565080134,0.4898297329667772,0.5325910104284735,0.025231868161934165,0.004899000106549324,0.045829427325920796,0.20929045303352234,0.1963340356906919,0.2213415548218453,0.588,0.528,0.648,0.0,0.0,0.0,0.0,0.0,0.0,0.36213047219493943,0.3367565087382126,0.38890052854511536,0.9507143057669033,0.9058564773140859,0.9918924599452054,0.7073535582281103,0.6779976607022056,0.7326179518841203,0.52,0.46,0.58,0.06229440807556988,0.053758679766178215,0.07179591486404878,0.026106778760796145,0.012687106980191163,0.040410186383062964,0.003296532154083252,0.0006557451248168946,0.00737488236427307,0.004,-0.016,0.024,0.0032881413574014787,-0.0008196511304678626,0.0074465810484291685,True
mediation_aware_recourse,False,30.0,0.5,1.0,250,0.6980814361274242,0.6570009497070685,0.7444839475398882,0.0029344953591706534,0.0022887164604408986,0.003684276343811682,0.0378471821418976,0.035727642731264844,0.03992728261822928,0.4941312290298939,0.48886231122437124,0.49887828071886897,0.19855954444408416,0.1942871125727892,0.2033614722788334,0.5119511565080134,0.4898297329667772,0.5325910104284735,0.02366353181365459,0.0034402605147581637,0.04384217762018184,0.20824266409309883,0.19575726688776932,0.22039331768584108,0.592,0.528,0.652,0.0,0.0,0.0,0.0,0.0,0.0,0.36291302875763515,0.33667558723225177,0.389142447525357,0.9537777549423619,0.9093551587017775,0.9948184688881629,0.7088821348369287,0.6793207106319602,0.7339751393282882,0.524,0.464,0.584,0.06268729796836182,0.054225289055934316,0.0719993071921683,0.02917022793625479,0.014849144013920275,0.04439015047419425,0.003722191095352173,0.0009295419931411743,0.007960751849412917,0.008,-0.016,0.032,0.004070697920097179,-0.00041854423820128543,0.008826687971480583,False
mediation_aware_recourse,False,30.0,1.0,1.0,250,0.6979051739871502,0.6568471644250676,0.7442994965886697,0.0029494424421683835,0.0023079840965840237,0.0037090271009137016,0.037618107589599596,0.03551913851526075,0.039730750123221865,0.4940203466947079,0.4886913254660666,0.4988242359230697,0.19855954444408416,0.1942871125727892,0.2033614722788334,0.5119511565080134,0.4898297329667772,0.5325910104284735,0.02156562079030555,0.0015066958441091317,0.042036276301040176,0.20665572258049542,0.19365543505368504,0.2188930195593724,0.58,0.52,0.64,0.0,0.0,0.0,0.0,0.0,0.0,0.3631901212952929,0.336649649229676,0.3895586373142128,0.9578756283364935,0.914530686390225,0.9963645140808861,0.7094233828332177,0.6798613282540601,0.7342439423801935,0.536,0.476,0.596,0.06359770721120743,0.05516212895267345,0.07287347386662835,0.03326810133038638,0.0188355646421271,0.04935442220635562,0.003545928955078125,0.0007035743474960327,0.007767347747087477,-0.004,-0.032,0.02,0.004347790457754964,-0.00010342033197909453,0.009122578748431193,False
mediation_aware_recourse,False,30.0,2.0,1.0,250,0.7007309639155864,0.6595547992642969,0.7464497524140402,0.0028738428204664003,0.0022176992973621875,0.0036131743729307378,0.03735964058819479,0.035202268350952116,0.03942801726719029,0.4937642667000294,0.48845477453602554,0.4985192652158022,0.19855954444408416,0.1942871125727892,0.2033614722788334,0.5119511565080134,0.4898297329667772,0.5325910104284735,0.019619610517510433,-0.0009656281141896644,0.04014108453037339,0.20654013919252603,0.19325324110506686,0.21854796516818292,0.576,0.512,0.636,0.0,0.0,0.0,0.0,0.0,0.0,0.36193664183333013,0.3357665332187294,0.3874201671379082,0.961676792271875,0.9186015551998721,0.9960723617725422,0.7069749471845659,0.677284299051995,0.7327869495219829,0.544,0.48,0.6040999999999999,0.06519745207858639,0.05627842100538621,0.07446285046457103,0.037069265265767815,0.021130542546919442,0.052700885587168796,0.006371718883514404,0.0008389754295349121,0.014316727799177168,-0.008,-0.03609999999999999,0.024,0.0030943109957921717,-0.0018680290026030116,0.008099639654930957,False
mediation_aware_recourse,False,30.0,5.0,1.0,250,0.7113992466628551,0.6681247330781073,0.7557948106341064,0.0028165100504923034,0.0021995323081929283,0.0035209582295791875,0.03558652598202174,0.03352638571361166,0.03755649452061755,0.49069832105326655,0.4854473469789207,0.4954559315171838,0.19855954444408416,0.1942871125727892,0.2033614722788334,0.5119511565080134,0.4898297329667772,0.5325910104284735,0.002632866309306028,-0.01763434786688814,0.0244992797138183,0.1999222462127786,0.18710744864005868,0.21203698741423765,0.556,0.4919,0.616,0.0,0.0,0.0,0.0,0.0,0.0,0.36277736423819,0.33669265948933963,0.38924762694074105,0.994857192378928,0.9511111267104188,0.999299088239378,0.7086171397925374,0.679594098176095,0.7348821974220453,0.596,0.536,0.656,0.07327046298025863,0.06408414433412947,0.08340605469104029,0.07024966537282085,-0.0003714571582314227,0.08870138927796525,0.01704000163078308,0.0050770653307437895,0.0317327522367239,-0.028,-0.068,0.012,0.003935033400652071,-0.002464861503591145,0.010921614798997467,False
transport_anchor_only,False,0.0,0.0,2.0,250,3.608255947256112e-05,1.6493197279282868e-05,6.149975298749269e-05,0.4602464423336954,0.4242128588976622,0.4973734286787665,0.03339632670629058,0.031058252254645095,0.03569503537989772,0.5598165815351009,0.5529259697260857,0.5670418603813648,0.19855954444408416,0.1942871125727892,0.2033614722788334,0.5119511565080134,0.4898297329667772,0.5325910104284735,0.511882200843897,0.4906132920347979,0.5322910792103887,0.5382831563386923,0.5200593071494005,0.5563613594133732,0.064,0.036,0.096,0.0,0.0,0.0,0.0,0.0,0.0,6.89556641161857e-05,2.6612233687571347e-05,0.00012362164048927967,0.00013469188073855776,5.0202820173730904e-05,0.00024105535556738774,0.00013469188073855776,5.3719521983491836e-05,0.00024439829558120795,0.0,0.0,0.0,0.0,0.0,0.0,0.00013469188073855776,5.134050370532717e-05,0.00024328826536462722,3.608255947256112e-05,1.6493197279282868e-05,6.149975298749269e-05,0.0,0.0,0.0,6.89556641161857e-05,2.6116677851140058e-05,0.00012719947963869664,False
mediation_aware_recourse,False,0.0,0.17779776538662934,2.0,250,3.608255947256112e-05,1.6493197279282868e-05,6.149975298749269e-05,0.4602464423336954,0.4242128588976622,0.4973734286787665,0.03339632670629058,0.031058252254645095,0.03569503537989772,0.5598165815351009,0.5529259697260857,0.5670418603813648,0.19855954444408416,0.1942871125727892,0.2033614722788334,0.5119511565080134,0.4898297329667772,0.5325910104284735,0.511882200843897,0.4906132920347979,0.5322910792103887,0.5382831563386923,0.5200593071494005,0.5563613594133732,0.064,0.036,0.096,0.0,0.0,0.0,0.0,0.0,0.0,6.89556641161857e-05,2.6612233687571347e-05,0.00012362164048927967,0.00013469188073855776,5.0202820173730904e-05,0.00024105535556738774,0.00013469188073855776,5.3719521983491836e-05,0.00024439829558120795,0.0,0.0,0.0,0.0,0.0,0.0,0.00013469188073855776,5.134050370532717e-05,0.00024328826536462722,3.608255947256112e-05,1.6493197279282868e-05,6.149975298749269e-05,0.0,0.0,0.0,6.89556641161857e-05,2.6116677851140058e-05,0.00012719947963869664,True
mediation_aware_recourse,False,0.0,0.5,2.0,250,3.178838754320168e-05,1.3998436827046136e-05,5.500080146987328e-05,0.46027556144053705,0.4242128588976622,0.4973741566564375,0.03339383998459719,0.03105340314734297,0.035692424322119644,0.5598189705011845,0.5529260891743898,0.5670511773490906,0.19855954444408416,0.1942871125727892,0.2033614722788334,0.5119511565080134,0.4898297329667772,0.5325910104284735,0.5118955170364712,0.49061395784442663,0.5323173786907224,0.5382949110378522,0.5200942773794013,0.556373114112533,0.064,0.036,0.096,0.0,0.0,0.0,0.0,0.0,0.0,5.563947154204718e-05,2.0464371184071536e-05,0.00010596263821402797,0.00010868121076568205,4.015462544332826e-05,0.000196147292109225,0.00010868121076568205,3.825423323290944e-05,0.00019976302495584297,0.0,0.0,0.0,0.0,0.0,0.0,0.00010868121076568205,3.891988076663577e-05,0.00020387709163423583,3.178838754320168e-05,1.3998436827046136e-05,5.500080146987328e-05,0.0,0.0,0.0,5.563947154204718e-05,2.0040636430640635e-05,0.00010437150053095678,False
mediation_aware_recourse,False,0.0,1.0,2.0,250,2.4546555450797314e-05,9.334866774179318e-06,4.492749873861612e-05,0.46032223758645285,0.42427031132501486,0.49741994948505897,0.033390649818826744,0.031048797459352934,0.035692314114205384,0.5598238750693798,0.5529293196883203,0.5670580740118027,0.19855954444408416,0.1942871125727892,0.2033614722788334,0.5119511565080134,0.4898297329667772,0.5325910104284735,0.5119172600265439,0.49066841526131705,0.5323183363721428,0.5383133099492781,0.5201062006784446,0.5563910530511732,0.064,0.036,0.096,0.0,0.0,0.0,0.0,0.0,0.0,3.38964814693814e-05,1.0989376452422767e-05,6.262390545265415e-05,6.621038167131665e-05,2.1883992835261545e-05,0.00012023695515710198,6.621038167131665e-05,2.2655046331476747e-05,0.00011840476298876078,0.0,0.0,0.0,0.0,0.0,0.0,6.621038167131665e-05,2.2857787856211953e-05,0.00011687444555334988,2.4546555450797314e-05,9.334866774179318e-06,4.492749873861612e-05,0.0,0.0,0.0,3.38964814693814e-05,1.1620158197180618e-05,6.0634471534779975e-05,False
mediation_aware_recourse,False,0.0,2.0,2.0,250,1.933858440770564e-05,5.267172720527925e-06,3.789323519777099e-05,0.46035822844312446,0.42429459972733385,0.49743571847811446,0.03338864527733042,0.031047533507401245,0.035691018061624974,0.5598278397200108,0.5529378989749553,0.5670589180266857,0.19855954444408416,0.1942871125727892,0.2033614722788334,0.5119511565080134,0.4898297329667772,0.5325910104284735,0.5119342531841317,0.4906825948776931,0.5323454261929409,0.5383279408701481,0.5201162270645056,0.5564095959688888,0.064,0.036,0.096,0.0,0.0,0.0,0.0,0.0,0.0,1.6903323881723775e-05,2.993046709391978e-06,3.651134141314062e-05,3.301745423722746e-05,6.923103141481813e-06,6.813914224328698e-05,3.301745423722746e-05,6.662423514267046e-06,6.798577271579786e-05,0.0,0.0,0.0,0.0,0.0,0.0,3.301745423722746e-05,6.23525153277682e-06,6.686872171815794e-05,1.933858440770564e-05,5.267172720527925e-06,3.789323519777099e-05,0.0,0.0,0.0,1.6903323881723775e-05,3.1771187468905726e-06,3.4595993600020575e-05,False
mediation_aware_recourse,False,0.0,5.0,2.0,250,7.034472218947485e-06,2.287929237354547e-07,1.6620157112629384e-05,0.4603909392234092,0.424330421219393,0.49746698152384566,0.0333861097866159,0.031042833734617782,0.03568519714385855,0.5598376062510014,0.5529450002332926,0.5670695521399379,0.19855954444408416,0.1942871125727892,0.2033614722788334,0.5119511565080134,0.4898297329667772,0.5325910104284735,0.5119493408289167,0.49070192345427216,0.5323576838117824,0.5383409633013728,0.5201322269899731,0.5564193870344247,0.064,0.036,0.096,0.0,0.0,0.0,0.0,0.0,0.0,1.8156790966181725e-06,4.4395486871184885e-08,4.666657917778794e-06,3.546586570868371e-06,8.587186738628904e-08,9.39820115677392e-06,3.546586570868371e-06,8.68419626265382e-08,9.106787433429963e-06,0.0,0.0,0.0,0.0,0.0,0.0,3.546586570868371e-06,8.531065262273874e-08,9.14407456836519e-06,7.034472218947485e-06,2.287929237354547e-07,1.6620157112629384e-05,0.0,0.0,0.0,1.8156790966181725e-06,4.4395486871184885e-08,4.672184787087575e-06,False
transport_anchor_only,False,1.0,0.0,2.0,250,0.30521203734887875,0.26436431490930884,0.3504932864137052,0.15426776548066154,0.13090929483299296,0.1798544216696814,0.03852747023780636,0.036732405887907,0.04027114316906925,0.5046226318092346,0.4991170032066881,0.510071766509509,0.19855954444408416,0.1942871125727892,0.2033614722788334,0.5119511565080134,0.4898297329667772,0.5325910104284735,0.21099639366427028,0.1805090757330227,0.2431267467012066,0.30440807963960753,0.28068925965491365,0.3272844730484429,0.108,0.072,0.148,0.0,0.0,0.0,0.0,0.0,0.0,0.23876189580477092,0.20397828068795018,0.2737525326962727,0.5878583513640961,0.5125194935862705,0.6554326132428119,0.46637631885305386,0.40530961230163975,0.5236294742224958,0.372,0.316,0.432,0.031096433519486072,0.025012391237958502,0.03740532197609743,0.23513089915088392,0.17941135784220902,0.2954765581734899,0.12581702275582937,0.0952024895960527,0.15980802461207422,0.008,-0.016,0.032,0.09320902609616448,0.06909294363303249,0.12029168145298483,False
mediation_aware_recourse,False,1.0,0.17779776538662934,2.0,250,0.308106646084917,0.2658787949776002,0.35443293989605223,0.15246160393418048,0.12853465924777152,0.1771246363980025,0.03842504213507102,0.0366255288127976,0.040145815544743516,0.5040847000801563,0.4983368114269018,0.5095783996574819,0.19855954444408416,0.1942871125727892,0.2033614722788334,0.5119511565080134,0.4898297329667772,0.5325910104284735,0.20813530237723105,0.17682667186697476,0.2394732301885066,0.3018592035247232,0.2787020978035172,0.32475939785188557,0.108,0.072,0.148,0.0,0.0,0.0,0.0,0.0,0.0,0.2412937401749661,0.20662429536428165,0.27640939842239054,0.5934469534224538,0.5190506602993137,0.6622477411453077,0.4713217991747799,0.4127624667532884,0.5288836058245986,0.376,0.32,0.436,0.03126105697790808,0.025259459296933844,0.03754968333806042,0.24071950120924157,0.18211520644489748,0.30397514559215105,0.1287116314918676,0.09649490450771445,0.16560369851379983,0.008,-0.016,0.032,0.09574087046635966,0.0702136127865966,0.12433054487183447,True
mediation_aware_recourse,False,1.0,0.5,2.0,250,0.30799099900735655,0.2656503919994183,0.35435280506200073,0.15242267408814678,0.12853465924777152,0.17705555717179297,0.03842015402044262,0.0366159969892722,0.04014557113901209,0.5041625079715252,0.4984160074322879,0.5095895434654654,0.19855954444408416,0.1942871125727892,0.2033614722788334,0.5119511565080134,0.4898297329667772,0.5325910104284735,0.20797784428633867,0.17674771310389734,0.23931886067022465,0.3020697362243984,0.2789024850140642,0.3251804632512361,0.108,0.072,0.148,0.0,0.0,0.0,0.0,0.0,0.0,0.24113628208407373,0.20662035891200933,0.27606656471858565,0.5937545180971121,0.5190506602993137,0.6629789553282213,0.4710142345001215,0.4127624667532884,0.5287166207840006,0.376,0.32,0.436,0.03141851506880047,0.025431975819317755,0.03773505078499113,0.24102706588389988,0.18211520644489748,0.3044615737587663,0.12859598441430717,0.09649490450771445,0.165378186712557,0.008,-0.016,0.032,0.09558341237546727,0.07009106102935479,0.12417702323321438,False
mediation_aware_recourse,False,1.0,1.0,2.0,250,0.3100056738012854,0.268708862625224,0.3565161684615667,0.15072562092012398,0.12698467466723296,0.1757183740173361,0.038220489328927056,0.03642822662753312,0.0399878479235673,0.5040710103809833,0.4983863519189894,0.5096059266174018,0.19855954444408416,0.1942871125727892,0.2033614722788334,0.5119511565080134,0.4898297329667772,0.5325910104284735,0.20434120467749264,0.173547869243235,0.23612899615935307,0.3004960655598532,0.2773478748811005,0.3242703473032458,0.108,0.072,0.148,0.0,0.0,0.0,0.0,0.0,0.0,0.24233498981103377,0.20754855948919357,0.2763027862722205,0.60085800748788,0.5256004263811684,0.6684523924420311,0.47335568389763105,0.41588520830268305,0.5318242153260121,0.384,0.328,0.444,0.03263748100974345,0.02634579561942429,0.039163790314955246,0.24813055527466776,0.18806446956400186,0.31114048057131105,0.13061065920823603,0.09833394208038372,0.16721789881109106,0.008,-0.016,0.032,0.09678212010242734,0.07022423612111184,0.12609239641919523,False
mediation_aware_recourse,False,1.0,2.0,2.0,250,0.31452309336302914,0.271912624937734,0.36181308191739114,0.14783841964176117,0.12499952164309769,0.17427526747496228,0.038028559150396345,0.03627780263509525,0.039779617015685095,0.5033779287981986,0.49759128134070035,0.5087048305570423,0.19855954444408416,0.1942871125727892,0.2033614722788334,0.5119511565080134,0.4898297329667772,0.5325910104284735,0.199385397058153,0.16875189532219576,0.23176269230930158,0.2973054960691085,0.2748286891250675,0.32013245232315735,0.104,0.068,0.14,0.0,0.0,0.0,0.0,0.0,0.0,0.24507970308538576,0.21068736499448962,0.280899254174719,0.610538242714113,0.5359960267681529,0.6771917996790595,0.47871696346397374,0.4217322578404779,0.5385406393071044,0.392,0.336,0.45209999999999995,0.033743028182237296,0.027498216947642467,0.04048902799769271,0.25781079050090083,0.19921611138594297,0.32042119997917834,0.13512807876997976,0.10225270806611735,0.17287528390292684,0.004,-0.02,0.032,0.09952683337677931,0.07339920892615091,0.12819254056850743,False
mediation_aware_recourse,False,1.0,5.0,2.0,250,0.32161251898272075,0.27677232985355665,0.3679038542283035,0.1493074837130767,0.12521134407332585,0.1743456885261516,0.03706271596145018,0.03521813238752005,0.0388205719893906,0.5008706968617439,0.49499519749227167,0.5063100899828494,0.19855954444408416,0.1942871125727892,0.2033614722788334,0.5119511565080134,0.4898297329667772,0.5325910104284735,0.19215868285731785,0.15987030693584456,0.22310353142297457,0.2898736734798546,0.2669806825076561,0.3123989068016047,0.112,0.076,0.152,0.0,0.0,0.0,0.0,0.0,0.0,0.2523295204835372,0.21742270727701898,0.28888569973263806,0.6246542655201326,0.5512103272122754,0.6927934586822975,0.4928781140073225,0.4336361136898537,0.5475860174681679,0.4,0.34,0.46,0.033731476583579154,0.027423780285197076,0.040094302956213634,0.27192681330692037,0.21058203846266188,0.34060460802826126,0.14221750438967137,0.10759815743148793,0.18078922358437993,0.012,-0.016,0.04,0.10677665077493076,0.08053783731716876,0.13692728484847155,False
transport_anchor_only,False,3.0,0.0,2.0,250,0.5224126235935838,0.4851480518328026,0.5633203962868545,0.025999007937843408,0.020991299824763377,0.031097994961214424,0.036237969740388086,0.034371033885420725,0.03817880599287011,0.49089147834992414,0.4854928303569496,0.49578680598558783,0.19855954444408416,0.1942871125727892,0.2033614722788334,0.5119511565080134,0.4898297329667772,0.5325910104284735,0.04694538150396322,0.023396698444396524,0.07164128648600647,0.19789694726116722,0.18106990099299866,0.2163971460747287,0.228,0.18,0.276,0.0,0.0,0.0,0.0,0.0,0.0,0.3515320488942574,0.31939683135184554,0.3839601150307436,0.9083010539048789,0.8570527364425579,0.9558565419217687,0.6866515377991045,0.6481973914278476,0.7217404185878002,0.604,0.54,0.66,0.05673686305489637,0.04917955432169981,0.06464580480261284,0.060611803017677435,0.03848895063270732,0.08693828735664415,0.021905414108128754,0.00872309374539036,0.03841588616849621,-0.008,-0.04,0.02,0.012046874116884005,0.00344607800171219,0.022692298668999106,False
mediation_aware_recourse,False,3.0,0.17779776538662934,2.0,250,0.5227970864269882,0.4851491791401058,0.5636649326031562,0.025942407623912686,0.020946377065464542,0.031047534436087904,0.03622268068785856,0.03435493159001947,0.03816360326929152,0.49078527871418,0.48541527663396,0.49567950136939287,0.19855954444408416,0.1942871125727892,0.2033614722788334,0.5119511565080134,0.4898297329667772,0.5325910104284735,0.046795067095468455,0.023396698444396524,0.07149097207751172,0.19800432019989408,0.18107258531646683,0.2163988687560605,0.232,0.18,0.28,0.0,0.0,0.0,0.0,0.0,0.0,0.35138173448576265,0.3192822252678711,0.3836463962131272,0.9085946647436942,0.8573499793899245,0.9564104116347644,0.6863579269602893,0.647831374252113,0.7214582183943248,0.604,0.54,0.66,0.05688717746339114,0.04924759324216656,0.06469404909672614,0.06090541385649273,0.038785748697069376,0.08785544803448808,0.022289876941533292,0.008852364604583999,0.03862031367335003,-0.004,-0.036,0.028,0.01189655970838924,0.0032964280501466547,0.022593032576827963,True
mediation_aware_recourse,False,3.0,0.5,2.0,250,0.5227970864269882,0.4851491791401058,0.5636649326031562,0.025942407623912686,0.020946377065464542,0.031047534436087904,0.03622268068785856,0.03435493159001947,0.03816360326929152,0.49078527871418,0.48541527663396,0.49567950136939287,0.19855954444408416,0.1942871125727892,0.2033614722788334,0.5119511565080134,0.4898297329667772,0.5325910104284735,0.046795067095468455,0.023396698444396524,0.07149097207751172,0.19800432019989408,0.18107258531646683,0.2163988687560605,0.232,0.18,0.28,0.0,0.0,0.0,0.0,0.0,0.0,0.35138173448576265,0.3192822252678711,0.3836463962131272,0.9085946647436942,0.8573499793899245,0.9564104116347644,0.6863579269602893,0.647831374252113,0.7214582183943248,0.604,0.54,0.66,0.05688717746339114,0.04924759324216656,0.06469404909672614,0.06090541385649273,0.038785748697069376,0.08785544803448808,0.022289876941533292,0.008852364604583999,0.03862031367335003,-0.004,-0.036,0.028,0.01189655970838924,0.0032964280501466547,0.022593032576827963,False
mediation_aware_recourse,False,3.0,1.0,2.0,250,0.5262003758642823,0.48864938318710777,0.5677293421948795,0.025598079745903127,0.020819088054509577,0.03058366476933108,0.03585421049825833,0.033922097792471344,0.037817424217442795,0.48974488523244863,0.4843700571815133,0.4946714913619459,0.19855954444408416,0.1942871125727892,0.2033614722788334,0.5119511565080134,0.4898297329667772,0.5325910104284735,0.04229571673636378,0.019464496047898985,0.06756938942175615,0.19517244915497817,0.17847764212331266,0.21331081671242494,0.236,0.184,0.288,0.0,0.0,0.0,0.0,0.0,0.0,0.3537737369149865,0.32203091543351064,0.3853047255449965,0.9173832968268688,0.8679750911988962,0.9640496637330545,0.6910302524327807,0.6530819682809621,0.7276656470205313,0.616,0.552,0.676,0.05794085142833155,0.05036448033128341,0.0656654156581017,0.06969404593966733,0.04705679519747501,0.09914767652538106,0.0256931663788273,0.012031845258176327,0.04270379512987565,0.0,-0.032,0.036,0.01428856213761308,0.0051433152607362476,0.025073710818144943,False
mediation_aware_recourse,False,3.0,2.0,2.0,250,0.5286511858198791,0.49106874364092945,0.5689822252554818,0.025179868167543275,0.02034930042935458,0.030126885048762448,0.03561306503476837,0.03367076089811299,0.03750455316428069,0.48930825293684005,0.4838899067720533,0.4941344359394014,0.19855954444408416,0.1942871125727892,0.2033614722788334,0.5119511565080134,0.4898297329667772,0.5325910104284735,0.038925023581613837,0.014866081516880132,0.06475740429174384,0.19329532147707335,0.1758473267687839,0.21143901330799278,0.232,0.18,0.284,0.0,0.0,0.0,0.0,0.0,0.0,0.35508848437645407,0.324038611117997,0.38553074312106184,0.9239673099927755,0.8747687234484324,0.9709363291407014,0.6935983635597003,0.6547121189363837,0.7289158601355685,0.624,0.56,0.68,0.05896882427497273,0.05161467223495135,0.06656198352432632,0.07627805910557406,0.051807213119608106,0.10693189582986931,0.028143976334424222,0.014144791226403322,0.04533774531900417,-0.004,-0.036,0.028,0.015603309599080673,0.006144406739509758,0.026756646542495263,False
mediation_aware_recourse,False,3.0,5.0,2.0,250,0.5438395058456809,0.5049110446994659,0.5837723680753727,0.023139762075823127,0.01915329933961415,0.027525778409311537,0.03418177624324378,0.03219242718102598,0.036124946730079766,0.4870855846588612,0.48185702465261815,0.4917565838533699,0.19855954444408416,0.1942871125727892,0.2033614722788334,0.5119511565080134,0.4898297329667772,0.5325910104284735,0.02182994933197213,-0.0016377736567776162,0.045726591479369305,0.18394348541125002,0.16771778659778694,0.20155058211813653,0.228,0.18,0.28,0.0,0.0,0.0,0.0,0.0,0.0,0.3606003706067795,0.33065966152144466,0.39181277038288415,0.9573593123983295,0.9114558578374214,0.9961319383791502,0.7043647934432105,0.6688448609089596,0.737038569648443,0.672,0.616,0.732,0.06476041828463085,0.05733095147485199,0.07204695745034458,0.10967006151112801,0.07854456732201892,0.14352390408596244,0.04333229636022588,0.025367302640154958,0.06364736211163399,-0.008,-0.044,0.028,0.02111519582940612,0.009888743464440899,0.03270657931896083,False
transport_anchor_only,False,10.0,0.0,2.0,250,0.6081020922977477,0.5731706302978563,0.6435535809080583,0.008244368876408111,0.006809640442429626,0.00968763562971192,0.036538916096413125,0.034605024393141344,0.03846135073395595,0.49229854338645934,0.4868656828938782,0.49708524674479954,0.19855954444408416,0.1942871125727892,0.2033614722788334,0.5119511565080134,0.4898297329667772,0.5325910104284735,0.019760748622909666,-0.0010667173072095516,0.040424149796965375,0.1879119920555079,0.17380684927397663,0.20279202972321989,0.384,0.3239,0.448,0.0,0.0,0.0,0.0,0.0,0.0,0.3718151187511077,0.3434737063990996,0.40084745301310515,0.9614011056099638,0.9196145769460946,0.9962243765283598,0.7262706881789959,0.695085853262415,0.7551195613512537,0.604,0.544,0.664,0.060187644566998016,0.05251295080244048,0.06781309910662539,0.05539090010530612,0.03439720831519012,0.07762036947558555,0.009721447587013245,0.0016393275305628778,0.019683857290446756,-0.016,-0.052,0.024,0.010843266417348531,0.003889864958483256,0.018143663261774925,False
mediation_aware_recourse,False,10.0,0.17779776538662934,2.0,250,0.6079864452201873,0.5730549832202959,0.6433251779298763,0.008257514115106637,0.006809640442429626,0.00971144365573183,0.03652816396494148,0.034602300390541726,0.03844286747050082,0.4922912533414364,0.4868584094931841,0.4970780631267964,0.19855954444408416,0.1942871125727892,0.2033614722788334,0.5119511565080134,0.4898297329667772,0.5325910104284735,0.01964844007024228,-0.0011790258598769377,0.04020816484020114,0.18803951971972901,0.1739328972889938,0.20303870820965395,0.384,0.3239,0.448,0.0,0.0,0.0,0.0,0.0,0.0,0.37170281019844026,0.34336139784643216,0.4005117086913345,0.9616204791795705,0.9198394507448632,0.9963095414704788,0.7260513146093894,0.694797921734178,0.7547019008641158,0.604,0.544,0.664,0.060299953119665406,0.05268806520894413,0.06800606792800898,0.05561027367491278,0.03460314062324074,0.07806241090986937,0.00960580050945282,0.0015397065967321399,0.019571101389825343,-0.016,-0.052,0.024,0.010730957864681144,0.0037726312280972115,0.01807780583394466,True
mediation_aware_recourse,False,10.0,0.5,2.0,250,0.6084841916877777,0.5741294401225634,0.6443388533895835,0.0084081992385447,0.006946989995809974,0.009882730700485197,0.036100760835374245,0.03420022351951345,0.03793405755291536,0.49135200442743304,0.4858100339656532,0.49584267204110627,0.19855954444408416,0.1942871125727892,0.2033614722788334,0.5119511565080134,0.4898297329667772,0.5325910104284735,0.015224414127839897,-0.005345032184054322,0.03687819469139896,0.18582837493015716,0.17165293108462637,0.20061771367268233,0.376,0.312,0.436,0.0,0.0,0.0,0.0,0.0,0.0,0.37234310282689176,0.3437291890525236,0.40156994071824725,0.970261979225353,0.9291531539958187,0.9974137881603271,0.7273020054620458,0.6961870635061129,0.7562262657123403,0.62,0.56,0.6760999999999999,0.06219181977664086,0.05451800267358507,0.06984491059784365,0.06425177372069524,0.03919514452511902,0.08689423566600864,0.010103546977043153,0.0018393640488386155,0.020218623164296148,-0.024,-0.06,0.016,0.01137125049313261,0.004346703683638895,0.018874774993755256,False
mediation_aware_recourse,False,10.0,1.0,2.0,250,0.6080890939552337,0.5735717247306369,0.6439437556570395,0.008454321950027193,0.006993373882195123,0.009947566777196815,0.036067857567893026,0.034168589193717,0.037933428521099606,0.49133419853520394,0.48580958881834746,0.49581938896939753,0.19855954444408416,0.1942871125727892,0.2033614722788334,0.5119511565080134,0.4898297329667772,0.5325910104284735,0.014971872105243651,-0.005553016199549153,0.03664823619465842,0.18596258181565928,0.1717974021727904,0.20088083884950736,0.376,0.312,0.436,0.0,0.0,0.0,0.0,0.0,0.0,0.37209056080429553,0.3436290688888411,0.40130425349065985,0.970755272422147,0.9293620971487648,0.9975646534263831,0.7268087122652518,0.6958639898708688,0.7557779920783343,0.62,0.56,0.6760999999999999,0.0624443617992371,0.05465500266514512,0.06997918025084421,0.06474506691748927,0.03916409426539276,0.08692686425074042,0.009708449244499207,0.0012922657400369646,0.020048655840754506,-0.024,-0.06,0.016,0.011118708470536365,0.004163423448039197,0.018556828890143783,False
mediation_aware_recourse,False,10.0,2.0,2.0,250,0.607946692975238,0.573376053232979,0.6433743954541161,0.008741403418925318,0.0072146861490875675,0.010217415761899887,0.0355866193233009,0.03364456483822929,0.037381075629999344,0.4903273386719227,0.4849228485735833,0.4951594678982735,0.19855954444408416,0.1942871125727892,0.2033614722788334,0.5119511565080134,0.4898297329667772,0.5325910104284735,0.011064100159480719,-0.009438018325643015,0.032358707223231885,0.18330118851118543,0.17004753052446156,0.19847784168270846,0.368,0.308,0.4240999999999999,0.0,0.0,0.0,0.0,0.0,0.0,0.37298555193069627,0.3441412205534523,0.4023381648411465,0.9783883676815026,0.9368411606760939,0.9986434522467728,0.7285569085824657,0.6964145079700135,0.7576325176560187,0.636,0.5759,0.692,0.0639507522089182,0.0560970159434174,0.07140462970547039,0.0723781621768449,0.03504124872439841,0.09550369854960634,0.009566048264503479,0.0011171338796615601,0.01990454233586788,-0.032,-0.072,0.008,0.012013699596937108,0.004538282716645434,0.02004691469551651,False
mediation_aware_recourse,False,10.0,5.0,2.0,250,0.6212395524252206,0.5864273460427765,0.6574891543519218,0.00868522580136024,0.007194973066473555,0.010097349538995937,0.03379936634089413,0.031827282483125684,0.03563409809716142,0.48760587314605713,0.482409694750309,0.49223363947770593,0.19855954444408416,0.1942871125727892,0.2033614722788334,0.5119511565080134,0.4898297329667772,0.5325910104284735,-0.005985500133153713,-0.02547660819843205,0.015242771420446681,0.17642216352685278,0.161699802348276,0.19118503334145603,0.368,0.308,0.428,0.0,0.0,0.0,0.0,0.0,0.0,0.37435810948256526,0.34693610912938566,0.4034563354858468,0.988308454708882,0.9502408816856741,0.9992645265634559,0.7312379408145855,0.7015780332165904,0.7584723609695913,0.68,0.616,0.74,0.07178927357930089,0.06331919086913275,0.0804972021802601,0.08229824920422424,0.005200872311606547,0.12454148888966247,0.02285890771448612,0.0096924216106534,0.038986509256064894,-0.032,-0.08,0.016,0.013386257148806148,0.0038929294712648555,0.02314047366617922,False
transport_anchor_only,False,30.0,0.0,2.0,250,0.7083778270184994,0.6673385071249679,0.7543634519863874,0.0026892118398388933,0.002095073445573126,0.0033652407311117703,0.03732942461145801,0.035186471917541776,0.039385885251500545,0.4923357947020531,0.48704345726855997,0.4971432653743744,0.19855954444408416,0.1942871125727892,0.2033614722788334,0.5119511565080134,0.4898297329667772,0.5325910104284735,0.01904923706808298,-0.0017081052602368088,0.04043359539367741,0.20691649619012253,0.19426793356214112,0.21934867701488006,0.592,0.528,0.656,0.0,0.0,0.0,0.0,0.0,0.0,0.3622236989764909,0.3363290580494067,0.38758533289057867,0.9627909091991966,0.9194263389658377,0.9957431265985328,0.7075356591577915,0.6786452611420639,0.7326550672105667,0.54,0.48,0.6000999999999999,0.06533911023171973,0.056517569230370775,0.07450136493571001,0.03818338219308948,0.0208813433566732,0.05509825402119339,0.014018581986427307,0.0040242427378892895,0.025963316115736962,0.008,-0.024,0.04,0.0033813681389529464,-0.001804119411832453,0.008750312228422319,False
mediation_aware_recourse,False,30.0,0.17779776538662934,2.0,250,0.706009848445654,0.6650550546193496,0.751417416151613,0.0027834979210797943,0.002141048511094776,0.003479446167031882,0.03719376279324629,0.03506680276777218,0.039239389525319135,0.4921092701539993,0.4868161326715112,0.4968547451818108,0.19855954444408416,0.1942871125727892,0.2033614722788334,0.5119511565080134,0.4898297329667772,0.5325910104284735,0.01801095533329241,-0.0022610629751549085,0.03963820222932728,0.20624442966373738,0.19318439175855215,0.21898331589890208,0.584,0.52,0.648,0.0,0.0,0.0,0.0,0.0,0.0,0.36258770638834564,0.3361091627457644,0.38781082681991247,0.9648189966868246,0.9215007773811448,0.996893982020593,0.7082466789635433,0.6790285995400221,0.7344112459745602,0.544,0.4839,0.604,0.06567624739318764,0.056867319451706706,0.07493602437868585,0.04021146968071743,0.022565006184789998,0.05683798025377264,0.011650603413581848,0.001200116103887558,0.024831081500649447,0.0,-0.032,0.032,0.0037453755508077093,-0.0018336900116607444,0.009209443719097618,True
mediation_aware_recourse,False,30.0,0.5,2.0,250,0.7064402297437191,0.6651940015368163,0.7518327051006257,0.002808656936309651,0.002176534575656019,0.0035073865225891863,0.03689899362391051,0.03477098631959644,0.038956208194790974,0.49156540772461893,0.48652894896056653,0.49638666682125926,0.19855954444408416,0.1942871125727892,0.2033614722788334,0.5119511565080134,0.4898297329667772,0.5325910104284735,0.0147051990576142,-0.0049977093242058,0.03587136620751466,0.20346916621222735,0.19005587070009042,0.21618136044183736,0.572,0.5079,0.632,0.0,0.0,0.0,0.0,0.0,0.0,0.36462112795462465,0.33943536116967066,0.3906074197301415,0.9712761679103971,0.9302112177107135,0.9980642129267384,0.7122185843698108,0.6831361123982734,0.738313184028126,0.556,0.492,0.62,0.06631241474788725,0.057422375029731805,0.07571497249907516,0.046668640904289904,0.021658815135679042,0.06414311904704312,0.012080984711647034,0.0015365387737751007,0.025329382488131526,-0.012,-0.048,0.02,0.005778797117086694,-5.349762809705295e-05,0.01183161315559844,False
mediation_aware_recourse,False,30.0,1.0,2.0,250,0.7092406862676144,0.6685274997325614,0.7550247115818783,0.0027250897824967193,0.002121533902492427,0.0033973867039288866,0.03675065793298463,0.034597586394699995,0.038816330466514226,0.4914756759879589,0.4863976785763145,0.4962971281067908,0.19855954444408416,0.1942871125727892,0.2033614722788334,0.5119511565080134,0.4898297329667772,0.5325910104284735,0.013272250605569571,-0.006474809807779327,0.0342120201411926,0.20371241661672337,0.19035430388416727,0.21625172772576917,0.572,0.508,0.632,0.0,0.0,0.0,0.0,0.0,0.0,0.36374286194689076,0.33855543662547727,0.38993151459748976,0.9740751623727179,0.9323308126163095,0.997810987623642,0.7105030574165667,0.6816219971424591,0.735551851848987,0.56,0.5,0.624,0.06746802197777652,0.05843628779042622,0.07715812316071251,0.049467635366610696,0.01983433426741342,0.06738535118233886,0.014881441235542298,0.004871369841694831,0.02711066754162311,-0.012,-0.044,0.02,0.004900531109352785,-0.0007131110238875007,0.011063341607820902,False
mediation_aware_recourse,False,30.0,2.0,2.0,250,0.7124834946095944,0.6699234365971759,0.7595341744370758,0.0026383796092533975,0.002018189858166031,0.0033220396624239093,0.03652720138315331,0.0343792560263004,0.03849656609878237,0.4913068415355682,0.48617205258708,0.4960982373915851,0.19855954444408416,0.1942871125727892,0.2033614722788334,0.5119511565080134,0.4898297329667772,0.5325910104284735,0.011221502681008286,-0.008495168006513433,0.032773212427193846,0.20328294954725717,0.19014993084285567,0.21554277492838816,0.572,0.508,0.632,0.0,0.0,0.0,0.0,0.0,0.0,0.3634001615594403,0.33714237882111747,0.3890773336109326,0.9780809115511147,0.9376215001907305,0.9987480590681308,0.7098336568632249,0.6806454007696391,0.7348928333073063,0.564,0.5,0.624,0.06866474613378239,0.059433259227183725,0.07819859378765615,0.053473384545007496,0.01451881803349377,0.07117113659247513,0.01812424957752228,0.007122370126843453,0.03148570845723152,-0.012,-0.04409999999999999,0.024,0.004557830721902333,-0.0014421180925762716,0.011289813748017154,False
mediation_aware_recourse,False,30.0,5.0,2.0,250,0.7186926473081112,0.6767690662063659,0.7645937974929808,0.0029017638685696215,0.002292187908766202,0.003612053008531255,0.03439414983719759,0.032174686630469185,0.036345133014214256,0.48782143706846237,0.48235819310479167,0.4924728216376722,0.19855954444408416,0.1942871125727892,0.2033614722788334,0.5119511565080134,0.4898297329667772,0.5325910104284735,-0.007921185304371218,-0.027718870633698017,0.013607698412839243,0.1944266372812376,0.1807017611037904,0.20760849960731245,0.552,0.488,0.612,0.0,0.0,0.0,0.0,0.0,0.0,0.36467786182956496,0.3388809310564283,0.39106000191518564,0.9845274589115081,0.947285737334465,0.9993019910945692,0.7123294032911454,0.6834818032278278,0.737691680807743,0.632,0.572,0.688,0.0775972399914098,0.06810970594249169,0.08787788842232128,0.0599199319054009,-0.016901040887095802,0.1032183969296739,0.024333402276039123,0.010812065255641937,0.03862590902745723,-0.032,-0.076,0.012,0.005835530992027021,-0.0013652691525717132,0.013710645163267485,False
transport_anchor_only,False,0.0,0.0,5.0,250,0.13255390294894367,0.09948603742614034,0.17092781768638013,0.3368978944592984,0.3023483445844874,0.37441773168468806,0.03476886327351599,0.032619695671089854,0.036766254633290946,0.5264321885781287,0.5198063436955154,0.532893187642926,0.19855954444408416,0.1942871125727892,0.2033614722788334,0.5119511565080134,0.4898297329667772,0.5325910104284735,0.3818882926867323,0.3513944396284159,0.4100252004131481,0.42553550218811675,0.4014718144541369,0.4482296865625524,0.096,0.06,0.132,0.0,0.0,0.0,0.0,0.0,0.0,0.11459107805026149,0.08456458444240093,0.14734326911078013,0.25405326693357166,0.1944121650803898,0.32110303905112353,0.22383205232288184,0.16754921294111466,0.2767730353821814,0.14,0.1,0.188,0.007735892885509781,0.005033078856509593,0.010812094580359947,0.25405326693357166,0.19393184024844168,0.31867752660589166,0.13255390294894367,0.09948603742614034,0.17092781768638013,0.032,0.012,0.056,0.11459107805026149,0.08643015761733698,0.147637578993739,False
mediation_aware_recourse,False,0.0,0.17779776538662934,5.0,250,0.12960138329371604,0.09635984987990048,0.16561356547058353,0.3433794569192714,0.30863877918595134,0.38171859204260944,0.03434990551189725,0.03215510881883226,0.03635623727782324,0.5270301946663856,0.5199692210766017,0.5336615193739712,0.19855954444408416,0.1942871125727892,0.2033614722788334,0.5119511565080134,0.4898297329667772,0.5325910104284735,0.38532797803080426,0.3567225972472824,0.4151409535945266,0.42803638473778666,0.4039880943801766,0.45268476081167774,0.096,0.06,0.132,0.0,0.0,0.0,0.0,0.0,0.0,0.11208893189783124,0.08316441652241445,0.1448809546473028,0.247334490541828,0.1880575635993195,0.3134125946810932,0.21894458186672117,0.16359383899933833,0.27082223041994696,0.136,0.096,0.18,0.0072671232896889,0.004591416696487907,0.010321408551701982,0.247334490541828,0.18602471640397195,0.309404559959308,0.12960138329371604,0.09635984987990048,0.16561356547058353,0.032,0.012,0.056,0.11208893189783124,0.08317452759676966,0.14357447667386553,True
mediation_aware_recourse,False,0.0,0.5,5.0,250,0.13265278037890585,0.09927727519379002,0.16864898828614752,0.3410358967248662,0.30587835619385784,0.37939949252209615,0.03430257924533774,0.032094019022345086,0.036282099883742897,0.5264237353229523,0.5193204510312259,0.5330669612173259,0.19855954444408416,0.1942871125727892,0.2033614722788334,0.5119511565080134,0.4898297329667772,0.5325910104284735,0.38232065886990757,0.3543601253435282,0.4125863160280646,0.42560710720272765,0.4011453915248774,0.44898062713229253,0.1,0.064,0.14,0.0,0.0,0.0,0.0,0.0,0.0,0.11451687821770344,0.08564767103868566,0.14709438264672955,0.25320872116454873,0.1946746152969785,0.31930775331292105,0.22368711694845256,0.1688783848253748,0.2773764138367846,0.14,0.1,0.184,0.007556809710201188,0.004881166720666551,0.010712756782265529,0.25320872116454873,0.19198409366428912,0.31497989887422234,0.13265278037890585,0.09927727519379002,0.16864898828614752,0.036,0.016,0.06,0.11451687821770344,0.08616312826493137,0.14624599736914284,False
mediation_aware_recourse,False,0.0,1.0,5.0,250,0.13565548787231455,0.10241534171830852,0.17168154593002313,0.3412070973510307,0.30597820209233917,0.3797881686440779,0.03415737899773866,0.03198712126585756,0.03617031842129354,0.5258436279644966,0.518751819357592,0.5328484261731208,0.19855954444408416,0.1942871125727892,0.2033614722788334,0.5119511565080134,0.4898297329667772,0.5325910104284735,0.3808336247975075,0.35156020420975753,0.4114154440168856,0.42405997457578953,0.39877858747405937,0.447813814650929,0.096,0.06,0.136,0.0,0.0,0.0,0.0,0.0,0.0,0.1160039122901035,0.08685432736745857,0.14875206172620173,0.25611336168249,0.1961187822360519,0.320905281016337,0.22659175746639382,0.17041156650140102,0.28007808291903535,0.14,0.1,0.184,0.007556809710201188,0.004881166720666551,0.010712756782265529,0.25611336168249,0.19574443768603106,0.31848517687188277,0.13565548787231455,0.10241534171830852,0.17168154593002313,0.032,0.008,0.056,0.1160039122901035,0.08641669431909631,0.1472041585852741,False
mediation_aware_recourse,False,0.0,2.0,5.0,250,0.13836338886584054,0.10326422435124055,0.17431662386703636,0.34437058236005647,0.30962080989900453,0.38359831781543274,0.0336674053484999,0.03143513398892846,0.03567850521358533,0.5254599285283089,0.5178295115844012,0.5325251361373067,0.19855954444408416,0.1942871125727892,0.2033614722788334,0.5119511565080134,0.4898297329667772,0.5325910104284735,0.37956675520750943,0.3506435654939307,0.4100467690992597,0.42459039647205543,0.39894861074355426,0.4488267599705239,0.1,0.06790000000000002,0.14,0.0,0.0,0.0,0.0,0.0,0.0,0.11513100325063341,0.08676839728801246,0.14807520855407139,0.2585879524200895,0.19974190473777922,0.3223623255220295,0.2248866943400124,0.1690548535256183,0.2787692373817429,0.148,0.108,0.192,0.00862669902493522,0.005600286334902842,0.01207002680384943,0.2585879524200895,0.19625694196900217,0.3221852542585579,0.13836338886584054,0.10326422435124055,0.17431662386703636,0.036,0.011900000000000006,0.064,0.11513100325063341,0.08529997670377487,0.14511186112329455,False
mediation_aware_recourse,False,0.0,5.0,5.0,250,0.14409596562792013,0.11021030295084638,0.18289069100220604,0.3518346929746774,0.31424784590475163,0.3920025836629196,0.03251739826003223,0.03014270137689466,0.034627349358265086,0.525038634996891,0.5172045541246713,0.5322480034512758,0.19855954444408416,0.1942871125727892,0.2033614722788334,0.5119511565080134,0.4898297329667772,0.5325910104284735,0.3776198873514721,0.34654501724892084,0.40962994409549797,0.4238853190114205,0.3974370600183502,0.4489763407692128,0.1,0.068,0.14,0.0,0.0,0.0,0.0,0.0,0.0,0.11494304344220209,0.08879249808699538,0.14518127820775797,0.26239079148254374,0.20139654040610097,0.3253871874292759,0.22451955031456794,0.17126704030087173,0.2785535904963327,0.16,0.116,0.208,0.00969411285716956,0.006650141182686573,0.013328229629042891,0.26239079148254374,0.19959102150091287,0.32813641897731866,0.14409596562792013,0.11021030295084638,0.18289069100220604,0.036,0.008,0.06409999999999991,0.11494304344220209,0.08729100628271552,0.14672848587837753,False
transport_anchor_only,False,1.0,0.0,5.0,250,0.4143170314275694,0.36983590636086283,0.4584017964752295,0.09466543407149965,0.0780027756186177,0.11221826694979611,0.036653881595734114,0.034821843016557386,0.038353644780368255,0.48934894722151756,0.4837959139966189,0.49459480643739695,0.19855954444408416,0.1942871125727892,0.2033614722788334,0.5119511565080134,0.4898297329667772,0.5325910104284735,0.12622587011579015,0.10027999226057646,0.15563744620493813,0.231348827934724,0.21047711806130687,0.2528423336942467,0.124,0.084,0.168,0.0,0.0,0.0,0.0,0.0,0.0,0.31236691590746735,0.2784932012255384,0.3493200905129903,0.7534415763863708,0.6932291361640818,0.8118780571675501,0.6101498393676897,0.5569881725866622,0.6601081741085366,0.488,0.428,0.548,0.036679185242377926,0.030347152624417825,0.042891897919920964,0.40071412417315855,0.3338123565894479,0.47314534927137003,0.23492201683452005,0.195355953212858,0.28011819765364454,0.024,-0.008,0.056,0.16681404619886087,0.1379358889253795,0.19925060533618713,False
mediation_aware_recourse,False,1.0,0.17779776538662934,5.0,250,0.4143170314275694,0.36983590636086283,0.4584017964752295,0.09466543407149965,0.0780027756186177,0.11221826694979611,0.036653881595734114,0.034821843016557386,0.038353644780368255,0.48934894722151756,0.4837959139966189,0.49459480643739695,0.19855954444408416,0.1942871125727892,0.2033614722788334,0.5119511565080134,0.4898297329667772,0.5325910104284735,0.12622587011579015,0.10027999226057646,0.15563744620493813,0.231348827934724,0.21047711806130687,0.2528423336942467,0.124,0.084,0.168,0.0,0.0,0.0,0.0,0.0,0.0,0.31236691590746735,0.2784932012255384,0.3493200905129903,0.7534415763863708,0.6932291361640818,0.8118780571675501,0.6101498393676897,0.5569881725866622,0.6601081741085366,0.488,0.428,0.548,0.036679185242377926,0.030347152624417825,0.042891897919920964,0.40071412417315855,0.3338123565894479,0.47314534927137003,0.23492201683452005,0.195355953212858,0.28011819765364454,0.024,-0.008,0.056,0.16681404619886087,0.1379358889253795,0.19925060533618713,True
mediation_aware_recourse,False,1.0,0.5,5.0,250,0.4166504757248831,0.37493903096651116,0.46202253739209687,0.09315791618044818,0.07715843541924416,0.11080267990402677,0.03644258774404428,0.034515339097681,0.03813982074785571,0.4891986425976753,0.4837528443389773,0.4943213559515178,0.19855954444408416,0.1942871125727892,0.2033614722788334,0.5119511565080134,0.4898297329667772,0.5325910104284735,0.12244460969656765,0.09599634627175471,0.15208665897988027,0.23037018214812394,0.21037085635819827,0.2511673472747768,0.132,0.092,0.176,0.0,0.0,0.0,0.0,0.0,0.0,0.3130478275263719,0.27871484024997595,0.34974846852945357,0.760827555246179,0.700507604356361,0.8196745388313819,0.6114798717550547,0.5589585623393737,0.659867649405842,0.5,0.444,0.5600999999999999,0.03822935964253689,0.031830952891057605,0.04455784141700922,0.40810010303296673,0.3459385475205261,0.4800690636818984,0.23725546113183374,0.1981808875365161,0.2824541121718299,0.032,0.004,0.068,0.16749495781776547,0.13930071698992538,0.2004240874251151,False
mediation_aware_recourse,False,1.0,1.0,5.0,250,0.4197858480208588,0.3776606838082667,0.4654591442070577,0.09122434895883037,0.07537639674532276,0.10874852087643291,0.03640513618450378,0.034472427728587725,0.03810711997013248,0.4889623492588997,0.48350363330185414,0.49399486237566476,0.19855954444408416,0.1942871125727892,0.2033614722788334,0.5119511565080134,0.4898297329667772,0.5325910104284735,0.11998228324379376,0.09376588770071322,0.14960793546318538,0.22882031747595288,0.2086486242123638,0.2502298764608417,0.132,0.092,0.176,0.0,0.0,0.0,0.0,0.0,0.0,0.31452130775575265,0.2800210508255393,0.3512215083082908,0.7656372454314092,0.7050271011937824,0.823530593284768,0.6143580373977133,0.561994879677774,0.6629405200057923,0.504,0.444,0.564,0.038723782754233466,0.03227915865107594,0.04500359121231942,0.412909793218197,0.34984010539714144,0.4832360463842363,0.24039083342780942,0.2017769320562333,0.28421189771958777,0.032,0.004,0.068,0.1689684380471462,0.14077594212918246,0.20091920923871628,False
mediation_aware_recourse,False,1.0,2.0,5.0,250,0.43152752940291883,0.38906417388607334,0.47740796463146035,0.09059325705470371,0.07400262540887213,0.10814839712493955,0.03568036579577477,0.033790721061175394,0.03750661282844883,0.4869437766969204,0.48130994774459,0.4919100406042218,0.19855954444408416,0.1942871125727892,0.2033614722788334,0.5119511565080134,0.4898297329667772,0.5325910104284735,0.11175924629091614,0.084828762287226,0.140725133964923,0.22243857964399014,0.20202456089472884,0.2440891100615044,0.124,0.088,0.168,0.0,0.0,0.0,0.0,0.0,0.0,0.32030755211199796,0.2851146001290481,0.35672321119560996,0.7816993967682015,0.7195802540909776,0.8357457006294104,0.6256603741200539,0.573283419975785,0.6732151813681606,0.524,0.464,0.584,0.039942179052549626,0.033558268868635645,0.04603693373210088,0.4289719445549893,0.36399014518002565,0.5019900290634066,0.2521325148098695,0.21361369481557668,0.2986874350283171,0.024,-0.008,0.06,0.17475468240339148,0.14610350416641454,0.2075670706636242,False
mediation_aware_recourse,False,1.0,5.0,5.0,250,0.46655979939706504,0.42236909002248685,0.5127576738688023,0.07884180414898775,0.06409784500988723,0.09545180462299542,0.03412936601649577,0.03221183008598547,0.03602608886348934,0.48323126612949374,0.47791147424215674,0.4880819335818768,0.19855954444408416,0.1942871125727892,0.2033614722788334,0.5119511565080134,0.4898297329667772,0.5325910104284735,0.08337094220205239,0.05689425913383064,0.11158945423057644,0.2071174646952711,0.18769497976347513,0.2265053994009327,0.132,0.092,0.176,0.0,0.0,0.0,0.0,0.0,0.0,0.3337410422821322,0.30023022006252087,0.3697879819885371,0.8371505930942312,0.7806480777633631,0.8907562733089587,0.651900162817404,0.6054517553773728,0.6953171874046222,0.572,0.508,0.632,0.047419586011914386,0.04076139558970827,0.05406694389713278,0.484423140881019,0.4117977046065144,0.5546571980106914,0.28716478480401564,0.24271236514787015,0.33302333062831857,0.032,-0.004,0.072,0.1881881725735257,0.15868883695443456,0.22067005435430975,False
transport_anchor_only,False,3.0,0.0,5.0,250,0.5535676956800744,0.5153767704706174,0.5925911078002537,0.0252142757334548,0.020920558933573724,0.029836936516750498,0.03458346215599221,0.03266542701798491,0.03637420888962723,0.4824696802048683,0.47730209201568363,0.4870466396436632,0.19855954444408416,0.1942871125727892,0.2033614722788334,0.5119511565080134,0.4898297329667772,0.5325910104284735,0.028031056615220814,0.007215015584224188,0.0503931374028043,0.1768783973083811,0.16112570665922346,0.19370497181317226,0.216,0.168,0.268,0.0,0.0,0.0,0.0,0.0,0.0,0.3693244829904596,0.33996826440139616,0.40014654193904164,0.9452466192157493,0.9000541635139859,0.9854759425426546,0.7214057011016415,0.6833513025762574,0.7534763497638683,0.648,0.588,0.708,0.05729780845116649,0.05016004176829646,0.06433806030315112,0.09755736832854778,0.06675744459945322,0.1314779194247169,0.05306048619461944,0.03383507777515188,0.07377457183003569,-0.02,-0.06,0.02,0.02983930821308616,0.01859692228263879,0.04332559512381713,False
mediation_aware_recourse,False,3.0,0.17779776538662934,5.0,250,0.5562640549866482,0.5178941044481239,0.595495742003573,0.024887784171275067,0.0206117148421078,0.02941786014584507,0.0344034056440521,0.03247106521821264,0.03618278550603098,0.4821277196555138,0.4771166852538228,0.4867134298754156,0.19855954444408416,0.1942871125727892,0.2033614722788334,0.5119511565080134,0.4898297329667772,0.5325910104284735,0.02573370051291195,0.005232412846819979,0.047634680496485476,0.17551079363334737,0.1596862731051928,0.1916531649730954,0.22,0.1719,0.272,0.0,0.0,0.0,0.0,0.0,0.0,0.3705183923635027,0.34124042807818433,0.40086706896690777,0.949734070944502,0.9040056318338439,0.9903981006079967,0.7237377778200276,0.6859844682894839,0.7563119104709063,0.652,0.592,0.712,0.05784953181579934,0.05063772908336525,0.0651609309097982,0.10204482005730053,0.0708900030614429,0.13794762973236327,0.05575684550119331,0.03608734159510495,0.07879983761362964,-0.016,-0.052,0.024,0.031033217586129334,0.0190040977953933,0.04536213056092329,True
mediation_aware_recourse,False,3.0,0.5,5.0,250,0.5605198420910165,0.5223651841062587,0.5981675790882669,0.02358026094235492,0.019608711543561856,0.027749965515870362,0.03414497046156954,0.03217531591505363,0.035874129918094355,0.4820770589089394,0.4770061660392583,0.4866464226013243,0.19855954444408416,0.1942871125727892,0.2033614722788334,0.5119511565080134,0.4898297329667772,0.5325910104284735,0.021485966581776976,0.00032386430472984063,0.04324351087565049,0.17366179986812438,0.15809114379650385,0.19004274283531633,0.224,0.172,0.276,0.0,0.0,0.0,0.0,0.0,0.0,0.3720044915962272,0.34221741212717266,0.40285184494156334,0.9580312178053637,0.912675651908037,0.9949609323582366,0.7266405923050286,0.6897145743110209,0.7587725293831395,0.66,0.6,0.716,0.05923034916500458,0.05172549626498655,0.06642962453774368,0.11034196691816223,0.07939103754304666,0.14787413136962752,0.06001263260556152,0.040663010381175264,0.08334431677684333,-0.012,-0.048,0.028,0.032519316818853825,0.020273081981488528,0.04646583674694959,False
mediation_aware_recourse,False,3.0,1.0,5.0,250,0.5633481611637399,0.5260195581562817,0.6004640243776841,0.02369147448592441,0.01975632906485226,0.02795179186290324,0.033777671823670447,0.031841875556483074,0.03553084914212732,0.4815025495638847,0.4760532000119984,0.4860360785141528,0.19855954444408416,0.1942871125727892,0.2033614722788334,0.5119511565080134,0.4898297329667772,0.5325910104284735,0.017816969710092737,-0.0026300686899339222,0.040031418575504275,0.17147983317734913,0.15555158967899244,0.18759536172804675,0.22,0.172,0.272,0.0,0.0,0.0,0.0,0.0,0.0,0.3733678462055752,0.343686738481804,0.4043499306458197,0.9651979110045943,0.9216861763712108,0.9974069187729432,0.7293036483251525,0.6918009901183952,0.760540774186768,0.672,0.6159,0.728,0.06038317029617266,0.053102552863770545,0.06748174127825446,0.1175086601173928,0.08459385192221486,0.15568660881089286,0.0628409516782849,0.0423196054353175,0.08660687016855226,-0.016,-0.052099999999999994,0.024,0.033882671428201894,0.02172407506777872,0.04765388123899663,False
mediation_aware_recourse,False,3.0,2.0,5.0,250,0.5748138436255976,0.5387264390973374,0.6128680800877512,0.022083752615882687,0.01870227476378761,0.026000573981661803,0.03330659782400494,0.03131592271680659,0.03510512316817154,0.4803352370729447,0.4753452844240904,0.4850500560421586,0.19855954444408416,0.1942871125727892,0.2033614722788334,0.5119511565080134,0.4898297329667772,0.5325910104284735,0.010657056585567214,-0.00896343483744737,0.03194916834607079,0.1660071135431479,0.15055978932944203,0.18193495571698334,0.224,0.172,0.28,0.0,0.0,0.0,0.0,0.0,0.0,0.37848574891343006,0.34941896868585565,0.40869189204391476,0.9791834505106731,0.9369073212186619,0.9990696853566142,0.7393005057260884,0.7049090805388347,0.7691240353530974,0.684,0.624,0.74,0.061404175504508024,0.05399799619028425,0.06826363149783436,0.13149419962347164,0.08792781772581648,0.16895948727059157,0.0743066341401427,0.051862131346193205,0.10021086975954094,-0.012,-0.052,0.032,0.03900057413605669,0.025974673720233744,0.053571907801897856,False
mediation_aware_recourse,False,3.0,5.0,5.0,250,0.5928087839437649,0.555191144486051,0.6307820515580708,0.021896090588805824,0.018333097349594773,0.02595490866220673,0.031862152911454826,0.03001497015116378,0.033671828428142044,0.4778397068350315,0.4730882147800923,0.4823526115482927,0.19855954444408416,0.1942871125727892,0.2033614722788334,0.5119511565080134,0.4898297329667772,0.5325910104284735,-0.005242992380749418,-0.023289624187555313,0.015270473192720424,0.15962451475778897,0.14500669396465163,0.17481286843282623,0.216,0.16790000000000002,0.272,0.0,0.0,0.0,0.0,0.0,0.0,0.38188638477036496,0.35331686611619906,0.4112677074612227,0.9897588035223681,0.9536457266443906,0.9994627528290947,0.7459430063117505,0.7143668292432063,0.7740083787365846,0.724,0.664,0.776,0.06765388205919891,0.06030928545338497,0.07477791967556792,0.14206955263516663,0.06033202500843617,0.19323714647538198,0.09230157445830992,0.06588931815750111,0.12116547655530885,-0.02,-0.064,0.028,0.04240120999299154,0.028173205897206652,0.05746472539142419,False
transport_anchor_only,False,10.0,0.0,5.0,250,0.6346389073906467,0.6002322606762638,0.6730625635544304,0.00870616645561977,0.007249553153041614,0.010271653026376367,0.0342840309504068,0.032271166839229634,0.03613390492769579,0.4831656719334126,0.47811091174989945,0.48786807127496007,0.19855954444408416,0.1942871125727892,0.2033614722788334,0.5119511565080134,0.4898297329667772,0.5325910104284735,-0.0008520144647581478,-0.018393043995938097,0.019600933153694794,0.17243854792653554,0.158805161598806,0.18653804712837596,0.36,0.3,0.4160999999999999,0.0,0.0,0.0,0.0,0.0,0.0,0.38118201675199403,0.35254258551774187,0.4096568126123404,0.9983357504833671,0.9559687568235257,0.9992598413861207,0.7445671562732911,0.7155842255649053,0.771012555229917,0.648,0.584,0.708,0.06581057711038872,0.05796270425509503,0.07355837757269362,0.09232554497870937,0.018524709545353003,0.12091898571481619,0.03625826267991215,0.020399814539588987,0.0540275710910093,-0.04,-0.088,0.008,0.0202101644182349,0.010611625856578702,0.030279598496391374,False
mediation_aware_recourse,False,10.0,0.17779776538662934,5.0,250,0.6370152067942545,0.6032869100190001,0.6742289002289996,0.008802987499534046,0.007333317305842514,0.010384266018503402,0.03397021214194853,0.03198970401243199,0.03576983592014332,0.48250103439593317,0.4776350094379961,0.4871071897746027,0.19855954444408416,0.1942871125727892,0.2033614722788334,0.5119511565080134,0.4898297329667772,0.5325910104284735,-0.00372378593695122,-0.021547204959496413,0.017057037350730685,0.17051520976472856,0.1574396689298555,0.18433376836753237,0.356,0.296,0.416,0.0,0.0,0.0,0.0,0.0,0.0,0.38257453729369656,0.35527449263074184,0.41032304358045646,0.9927262866982254,0.9555472699650743,0.9992389585073224,0.7472871824398513,0.7179449948087259,0.7737104123893599,0.656,0.592,0.716,0.06655020257563399,0.05876904326906109,0.07429953502800608,0.08671608119356766,0.012418424954943864,0.12620511806855048,0.038634562083519994,0.02290889661461115,0.057442217961885034,-0.044,-0.092,0.008,0.02160268495993745,0.010947727512974065,0.03172886724919465,True
mediation_aware_recourse,False,10.0,0.5,5.0,250,0.6388988839788362,0.6051102653777926,0.6758724164283835,0.008911819239870087,0.0073813160510416715,0.01051211951953402,0.03363075952862885,0.03166993126630788,0.03542639055692923,0.4819317413909436,0.4770042390586197,0.48638441466661697,0.19855954444408416,0.1942871125727892,0.2033614722788334,0.5119511565080134,0.4898297329667772,0.5325910104284735,-0.00699877168137278,-0.024813462088816948,0.012823414605940229,0.1681498302936986,0.15472380030727698,0.18218161686653575,0.36,0.3,0.42,0.0,0.0,0.0,0.0,0.0,0.0,0.38423705793915597,0.3565792399838687,0.4118705469001283,0.9863292199023224,0.9515120050098499,0.9991735947867675,0.750534602871127,0.7208106115349828,0.7762935973680198,0.668,0.604,0.724,0.06735643512511505,0.05942437894568559,0.07502288352342944,0.08031901439766465,0.008346367555380286,0.12763577342373192,0.040518239268101754,0.023676068816357292,0.05952300007734448,-0.04,-0.088,0.012,0.023265205605396876,0.011647478642255678,0.034391482207812664,False
mediation_aware_recourse,False,10.0,1.0,5.0,250,0.6388988839788362,0.6051102653777926,0.6758724164283835,0.008911819239870087,0.0073813160510416715,0.01051211951953402,0.03363075952862885,0.03166993126630788,0.03542639055692923,0.4819317413909436,0.4770042390586197,0.48638441466661697,0.19855954444408416,0.1942871125727892,0.2033614722788334,0.5119511565080134,0.4898297329667772,0.5325910104284735,-0.00699877168137278,-0.024813462088816948,0.012823414605940229,0.1681498302936986,0.15472380030727698,0.18218161686653575,0.36,0.3,0.42,0.0,0.0,0.0,0.0,0.0,0.0,0.38423705793915597,0.3565792399838687,0.4118705469001283,0.9863292199023224,0.9515120050098499,0.9991735947867675,0.750534602871127,0.7208106115349828,0.7762935973680198,0.668,0.604,0.724,0.06735643512511505,0.05942437894568559,0.07502288352342944,0.08031901439766465,0.008346367555380286,0.12763577342373192,0.040518239268101754,0.023676068816357292,0.05952300007734448,-0.04,-0.088,0.012,0.023265205605396876,0.011647478642255678,0.034391482207812664,False
mediation_aware_recourse,False,10.0,2.0,5.0,250,0.6393678633375093,0.6055795297194272,0.6758102586338529,0.009125886833910858,0.007559132124796594,0.010763602668213502,0.03343564304423418,0.03151408121199509,0.035171195113568476,0.4814697994735241,0.47650336963917606,0.4860996891768634,0.19855954444408416,0.1942871125727892,0.2033614722788334,0.5119511565080134,0.4898297329667772,0.5325910104284735,-0.008356007952055482,-0.02571497821129274,0.011124759588509918,0.16748490043440747,0.15427786848743846,0.18158158524863172,0.364,0.304,0.424,0.0,0.0,0.0,0.0,0.0,0.0,0.38402992246097123,0.35621137071148473,0.4112674957165026,0.9836781149025011,0.9499343944645607,0.9990621515428552,0.7501300027924837,0.7205014617213618,0.7757968051159579,0.676,0.616,0.732,0.06813862099954877,0.06017431779467205,0.07558368925353054,0.0776679093978434,0.005569993858791871,0.12805151984416982,0.040987218626774846,0.02438984311260283,0.05972677969546057,-0.036,-0.088,0.02,0.02305807012721213,0.01156422629410579,0.03429108294035679,False
mediation_aware_recourse,False,10.0,5.0,5.0,250,0.6578507082564756,0.624890792158665,0.6944426791601581,0.009878478381328515,0.008380794657547522,0.011442831078941347,0.03126139986184655,0.029459065354994696,0.03297414834681614,0.47780591324329375,0.4732051294136524,0.48193490123171207,0.19855954444408416,0.1942871125727892,0.2033614722788334,0.5119511565080134,0.4898297329667772,0.5325910104284735,-0.030978814585426385,-0.04695557164154909,-0.013166990432796578,0.15790072293166038,0.14577571728696206,0.17057142142169168,0.344,0.288,0.404,0.0,0.0,0.0,0.0,0.0,0.0,0.38687626821573934,0.3590867927387067,0.4140494212387629,0.9394887301422836,0.9075077434525592,0.9754602705214137,0.7556898022354281,0.7276071412456652,0.7803594542306223,0.736,0.676,0.788,0.0780268514388502,0.06956704341094372,0.08675671733079851,0.033478524637625906,-0.03414053192131534,0.1021514704754156,0.05947006354574114,0.03962639487367123,0.0810686988400761,-0.056,-0.112,0.0,0.025904415881980176,0.014862349953304465,0.03784143023041975,False
transport_anchor_only,False,30.0,0.0,5.0,250,0.7359093030998484,0.6906176613772288,0.7839377933200449,0.002668444778871893,0.0020871496079963425,0.003333747843432208,0.03491367767110476,0.03283669361375953,0.036914741778669824,0.4848415190634728,0.4791508191486179,0.48951643754563334,0.19855954444408416,0.1942871125727892,0.2033614722788334,0.5119511565080134,0.4898297329667772,0.5325910104284735,-0.002644638537653549,-0.02287017398208639,0.018344124526272813,0.19327744134887723,0.18034361092640855,0.20579493437030527,0.54,0.48,0.604,0.0,0.0,0.0,0.0,0.0,0.0,0.36946551542728834,0.3429203699621198,0.3953704951085899,0.994834197551789,0.9535329709845067,0.9993175995601411,0.7216811813599355,0.6938658245723364,0.7465350725331568,0.6,0.536,0.66,0.07256513980918929,0.06334875871763208,0.08207660583241687,0.07022667054568188,-0.008261764218924763,0.09954011570845418,0.041550058067776265,0.025647359252185562,0.05948028037180192,-0.044,-0.088,9.999999999990905e-05,0.010623184589750347,0.0032130930038496764,0.01871842051017612,False
mediation_aware_recourse,False,30.0,0.17779776538662934,5.0,250,0.7391660198280587,0.6939999458273873,0.7869081937527052,0.0026976574872401996,0.0021223170761262406,0.00335879469601587,0.03455743191802418,0.032417183343930255,0.036530784022160555,0.48402573589301107,0.4785912245808721,0.48852042459670897,0.19855954444408416,0.1942871125727892,0.2033614722788334,0.5119511565080134,0.4898297329667772,0.5325910104284735,-0.006010700381650719,-0.025807582912374127,0.015048193819956757,0.19292127617707786,0.18013147547132263,0.20525134556795613,0.544,0.484,0.6040999999999999,0.0,0.0,0.0,0.0,0.0,0.0,0.36895130137035825,0.342140559304714,0.39461600581545,0.988259230777699,0.9496263385592639,0.9991550354765243,0.7206767612108778,0.6925251380594607,0.7459036209708713,0.608,0.54,0.668,0.07450527775965292,0.06537230437870838,0.08423482468992342,0.0636517037715918,-0.015016049652439202,0.10333523303892989,0.044806774795986715,0.028274585502780974,0.06356482987408527,-0.04,-0.084,0.008,0.010108970532820272,0.00272871068913602,0.01842924280150227,True
mediation_aware_recourse,False,30.0,0.5,5.0,250,0.7418886858755722,0.6967144424855941,0.7890543254324934,0.0027030599740650815,0.002128867519810565,0.003355984613381766,0.03411074558976663,0.031920747435586184,0.03610462022799642,0.48348159138154984,0.4783238466793835,0.48801890732860564,0.19855954444408416,0.1942871125727892,0.2033614722788334,0.5119511565080134,0.4898297329667772,0.5325910104284735,-0.010212807448822055,-0.029422464784171175,0.010525748718887557,0.19060741633743605,0.17758195675237898,0.20340545065228172,0.536,0.472,0.596,0.0,0.0,0.0,0.0,0.0,0.0,0.36995568847587096,0.34280941364492185,0.39625862929488964,0.9800512073876677,0.9439288655457716,0.9989196331319062,0.7226386419347413,0.6955275323580484,0.7466536327107578,0.62,0.556,0.68,0.07610413774048222,0.06704158920268508,0.08585148699588942,0.055443680381560556,-0.022004300951895935,0.10984248479698094,0.0475294408435002,0.029494653612724506,0.06667705339954699,-0.048,-0.096,0.0,0.011113357638333004,0.0032250086427768553,0.01993374803439483,False
mediation_aware_recourse,False,30.0,1.0,5.0,250,0.7438567698532715,0.6980408376503736,0.7903191930032801,0.0027300069889134217,0.0021280805611935665,0.003416065965907717,0.033693674131191446,0.031560827248031366,0.03571800183403646,0.4829932266755104,0.4777563924936652,0.4875592667675972,0.19855954444408416,0.1942871125727892,0.2033614722788334,0.5119511565080134,0.4898297329667772,0.5325910104284735,-0.014657737891924908,-0.03368899713508692,0.006472753854697757,0.18982453563312998,0.17702708520584984,0.20204176992421613,0.54,0.476,0.6,0.0,0.0,0.0,0.0,0.0,0.0,0.36933068651824147,0.34291576817790953,0.39563190452291774,0.9713688743435909,0.9354288684439672,0.9980065824247378,0.7214178185228115,0.6946583143754776,0.745437336564415,0.632,0.568,0.692,0.07863910394084839,0.06960174147055205,0.08845978171121545,0.046761347337483716,-0.029460620520675645,0.11319470619982983,0.04949752482119948,0.030157855279766953,0.06929256861191242,-0.044,-0.092,0.004,0.010488355680703521,0.0024303394448050076,0.01923750935715299,False
mediation_aware_recourse,False,30.0,2.0,5.0,250,0.7438567698532715,0.6980408376503736,0.7903191930032801,0.00272685882875378,0.002125989963264793,0.0034129178057480747,0.03366915614653308,0.03154958038965121,0.035702252667473726,0.4830200911896229,0.47776426337803,0.4876026110750139,0.19855954444408416,0.1942871125727892,0.2033614722788334,0.5119511565080134,0.4898297329667772,0.5325910104284735,-0.014846697685430336,-0.03387358479419768,0.006283794061192328,0.1899887850875418,0.17713759003777074,0.2022725724395084,0.544,0.48,0.604,0.0,0.0,0.0,0.0,0.0,0.0,0.36914172672473605,0.34291576817790953,0.3950603011475638,0.9709997770359604,0.934993910184762,0.9978787281858602,0.721048721215181,0.6939028432319914,0.7450194866748732,0.632,0.568,0.692,0.07882806373435382,0.06967243809494664,0.08878676059930324,0.046392250029853255,-0.029460620520675645,0.11283428783245941,0.04949752482119948,0.030157855279766953,0.06929256861191242,-0.04,-0.088,0.008,0.010299395887198092,0.00218550519147466,0.019122781169731245,False
mediation_aware_recourse,False,30.0,5.0,5.0,250,0.7695598091417923,0.726310004121298,0.8172783563345671,0.0029282350405078397,0.0022829178939014075,0.0036385892757531623,0.03107223270103707,0.02892237576320011,0.033011648412793124,0.4785338401904106,0.4737795386299611,0.4828633407478392,0.19855954444408416,0.1942871125727892,0.2033614722788334,0.5119511565080134,0.4898297329667772,0.5325910104284735,-0.040015119081067044,-0.05730604601454229,-0.02014160022977606,0.1797565367270082,0.1676657895587892,0.191373920176448,0.52,0.46,0.58,0.0,0.0,0.0,0.0,0.0,0.0,0.3716896823415433,0.3467986722485358,0.39703612107973185,0.9218380140910167,0.8861075010844744,0.9584705146412664,0.7260256718176306,0.6999552210896252,0.7499675910559742,0.716,0.66,0.768,0.09013829662376856,0.08053063841084204,0.1004116216110491,-0.002769512915090422,-0.07242543453528756,0.07032922696919092,0.07520056410972029,0.051686245490820154,0.09983587100829462,-0.064,-0.116,-0.008,0.012847351504005332,0.003327651445920935,0.022982448569216503,False
transport_anchor_only,False,0.0,0.0,10.0,250,0.42589637274262987,0.38248793073131826,0.4699603939740253,0.139972486836383,0.11655328477533464,0.1664416673764936,0.033574864278006225,0.031860071727782,0.035317258981793984,0.48391220770215987,0.47875434573534725,0.488696140397954,0.19855954444408416,0.1942871125727892,0.2033614722788334,0.5119511565080134,0.4898297329667772,0.5325910104284735,0.1423127604721014,0.11291537349835355,0.17309316046665427,0.2335158006115238,0.21188928216862382,0.25698999635302305,0.124,0.088,0.168,0.0,0.0,0.0,0.0,0.0,0.0,0.3065495090670239,0.27252781562446793,0.34348054834480907,0.7220188710133838,0.660602748718405,0.7824321669438875,0.5987866326115538,0.5424659895979136,0.6486286369656509,0.448,0.388,0.504,0.03154444348444405,0.02597398204951963,0.03672722600866719,0.7220188710133838,0.6623142036104831,0.7803904884413724,0.42589637274262987,0.38248793073131826,0.4699603939740253,0.06,0.028,0.1,0.3065495090670239,0.2733040701791957,0.3416894183442509,False
mediation_aware_recourse,False,0.0,0.17779776538662934,10.0,250,0.42589637274262987,0.38248793073131826,0.4699603939740253,0.139972486836383,0.11655328477533464,0.1664416673764936,0.033574864278006225,0.031860071727782,0.035317258981793984,0.48391220770215987,0.47875434573534725,0.488696140397954,0.19855954444408416,0.1942871125727892,0.2033614722788334,0.5119511565080134,0.4898297329667772,0.5325910104284735,0.1423127604721014,0.11291537349835355,0.17309316046665427,0.2335158006115238,0.21188928216862382,0.25698999635302305,0.124,0.088,0.168,0.0,0.0,0.0,0.0,0.0,0.0,0.3065495090670239,0.27252781562446793,0.34348054834480907,0.7220188710133838,0.660602748718405,0.7824321669438875,0.5987866326115538,0.5424659895979136,0.6486286369656509,0.448,0.388,0.504,0.03154444348444405,0.02597398204951963,0.03672722600866719,0.7220188710133838,0.6623142036104831,0.7803904884413724,0.42589637274262987,0.38248793073131826,0.4699603939740253,0.06,0.028,0.1,0.3065495090670239,0.2733040701791957,0.3416894183442509,True
mediation_aware_recourse,False,0.0,0.5,10.0,250,0.4257331070524224,0.38238298749563604,0.4697971282838178,0.14033225357055823,0.1169086058562659,0.16714546254124354,0.033558956599416795,0.031844561741157316,0.035285164826044615,0.48392894978857043,0.4787874113560081,0.48870827471588846,0.19855954444408416,0.1942871125727892,0.2033614722788334,0.5119511565080134,0.4898297329667772,0.5325910104284735,0.14248468999989428,0.1133485297319424,0.17314356277832374,0.23364282544530374,0.21201630700240376,0.25711384556595845,0.124,0.088,0.168,0.0,0.0,0.0,0.0,0.0,0.0,0.30637757953923095,0.2720206235174788,0.3434583045781809,0.7216830391169085,0.659893341087283,0.7822779146743915,0.5984508007150784,0.5420379813122297,0.6483059534760008,0.448,0.388,0.504,0.03154444348444405,0.02597398204951963,0.03672722600866719,0.7216830391169085,0.6616209701677079,0.7797950260092275,0.4257331070524224,0.38238298749563604,0.4697971282838178,0.06,0.028,0.1,0.30637757953923095,0.27296450936180466,0.34134555928866506,False
mediation_aware_recourse,False,0.0,1.0,10.0,250,0.42548061678526483,0.38189597098113864,0.46941937844290266,0.14098016337239322,0.11748045149697527,0.16811741021404428,0.03353248329193915,0.03180852810320186,0.03526762446351043,0.4839559713277817,0.47878777087751634,0.48874961047308446,0.19855954444408416,0.1942871125727892,0.2033614722788334,0.5119511565080134,0.4898297329667772,0.5325910104284735,0.14279540824707293,0.11361871126303281,0.17330939659498626,0.2338391092517075,0.21221246388933307,0.2571162356538013,0.124,0.088,0.168,0.0,0.0,0.0,0.0,0.0,0.0,0.3060668612920523,0.27176499953682753,0.34330588756749025,0.7210761096408661,0.6593353022787735,0.7821274949382115,0.597843871239036,0.5414019438713135,0.6474029955250418,0.448,0.388,0.504,0.03154444348444405,0.02597398204951963,0.03672722600866719,0.7210761096408661,0.6610925823970555,0.7797904073784679,0.42548061678526483,0.38189597098113864,0.46941937844290266,0.06,0.028,0.1,0.3060668612920523,0.27264363264967617,0.34103829995769636,False
mediation_aware_recourse,False,0.0,2.0,10.0,250,0.43140697651324356,0.387916977815875,0.47364187678588465,0.14113558097836476,0.11671925661113751,0.16719334671807276,0.03297349963361907,0.0312040504453725,0.034697964476980044,0.48343581996488577,0.478257773503083,0.4881871194829106,0.19855954444408416,0.1942871125727892,0.2033614722788334,0.5119511565080134,0.4898297329667772,0.5325910104284735,0.13730105709379586,0.10800483930508163,0.16826757063398534,0.2312377015138947,0.20983403982510193,0.2552708944618437,0.128,0.088,0.172,0.0,0.0,0.0,0.0,0.0,0.0,0.3081141200495117,0.27423192427061793,0.34355095463341834,0.7318082880595138,0.6733739046841032,0.7921964802454924,0.6018428049877624,0.5449501691808615,0.6511080629345739,0.468,0.404,0.5240999999999999,0.033267989682352866,0.02737963346636871,0.03890006362417829,0.7318082880595138,0.6725014370828046,0.7875054551633862,0.43140697651324356,0.387916977815875,0.47364187678588465,0.064,0.032,0.1,0.3081141200495117,0.27549202335890427,0.3430552298159945,False
mediation_aware_recourse,False,0.0,5.0,10.0,250,0.44977473267368534,0.4073771471035156,0.4949609356852268,0.14458982170532073,0.1202186185669314,0.17177427753091812,0.03153950577909607,0.02971575498041175,0.0332510260574973,0.4820685307018757,0.47693011029869314,0.4871316870970726,0.19855954444408416,0.1942871125727892,0.2033614722788334,0.5119511565080134,0.4898297329667772,0.5325910104284735,0.12541202500676693,0.09594713910280846,0.15624370839643245,0.22747181827032548,0.20603354150991401,0.25122505438697645,0.136,0.096,0.1760999999999999,0.0,0.0,0.0,0.0,0.0,0.0,0.3097363027935301,0.275975641926155,0.34452549892554435,0.7550312692675714,0.6945594618912971,0.81749965587257,0.6050114329386849,0.5477777237803739,0.6519890947601121,0.512,0.452,0.5720999999999998,0.03840141435385817,0.03231514773350097,0.04480270057138171,0.7550312692675714,0.693945059468283,0.8142290569716258,0.44977473267368534,0.4073771471035156,0.4949609356852268,0.072,0.036,0.112,0.3097363027935301,0.2775913194065676,0.34442200681403734,False
transport_anchor_only,False,1.0,0.0,10.0,250,0.5569006409560315,0.5176241249073967,0.6001954646617512,0.05706000944773723,0.04727918028248191,0.06840791960590223,0.03289484786453235,0.031164821905561996,0.03455699288038053,0.4742741764140129,0.4699187342229485,0.4783144846483648,0.19855954444408416,0.1942871125727892,0.2033614722788334,0.5119511565080134,0.4898297329667772,0.5325910104284735,0.04238724108000486,0.020961999292374297,0.06520694021500656,0.1660840064641135,0.15000036497205407,0.18247662863792016,0.148,0.10790000000000001,0.196,0.0,0.0,0.0,0.0,0.0,0.0,0.37451579297659304,0.3446722001181918,0.4054025965893529,0.9172045212884652,0.8728890496547806,0.959289484139257,0.7315459457717445,0.6930187249298129,0.7662968467406788,0.612,0.548,0.668,0.04752406122570775,0.04136031416658138,0.05406317479058122,0.564477069075253,0.4927332103112877,0.6380177107790914,0.3775056263629822,0.3324106863827474,0.42623807376751105,0.048,0.004,0.092,0.22896292326798653,0.19975153756391018,0.2621691436903774,False
mediation_aware_recourse,False,1.0,0.17779776538662934,10.0,250,0.5592594425593488,0.5190610333865843,0.6022241337144608,0.05607709831219334,0.04623189394510419,0.06766052628001341,0.03251460175982391,0.030716919573923314,0.03415410014458297,0.4741400299174786,0.4696692454675794,0.4782144411932409,0.19855954444408416,0.1942871125727892,0.2033614722788334,0.5119511565080134,0.4898297329667772,0.5325910104284735,0.03751282377379273,0.017212851337733127,0.05975567651930819,0.16499205739725376,0.14865378277503935,0.1818484508188718,0.148,0.10790000000000001,0.196,0.0,0.0,0.0,0.0,0.0,0.0,0.37519109578256793,0.34580988830603554,0.4063190928704114,0.926725775893026,0.8829517561230597,0.9690453257335446,0.732865022401205,0.6945795817369228,0.7673036309177185,0.628,0.564,0.688,0.04962361847582632,0.04326061865633592,0.0563361575261571,0.5739983236798137,0.5035121472432592,0.6483564280000732,0.37986442796629943,0.333712167313644,0.42798753215902746,0.048,0.004,0.092,0.2296382260739615,0.20100571526136818,0.2621390556467971,True
mediation_aware_recourse,False,1.0,0.5,10.0,250,0.5592594425593488,0.5190610333865843,0.6022241337144608,0.05607709831219334,0.04623189394510419,0.06766052628001341,0.03251460175982391,0.030716919573923314,0.03415410014458297,0.4741400299174786,0.4696692454675794,0.4782144411932409,0.19855954444408416,0.1942871125727892,0.2033614722788334,0.5119511565080134,0.4898297329667772,0.5325910104284735,0.03751282377379273,0.017212851337733127,0.05975567651930819,0.16499205739725376,0.14865378277503935,0.1818484508188718,0.148,0.10790000000000001,0.196,0.0,0.0,0.0,0.0,0.0,0.0,0.37519109578256793,0.34580988830603554,0.4063190928704114,0.926725775893026,0.8829517561230597,0.9690453257335446,0.732865022401205,0.6945795817369228,0.7673036309177185,0.628,0.564,0.688,0.04962361847582632,0.04326061865633592,0.0563361575261571,0.5739983236798137,0.5035121472432592,0.6483564280000732,0.37986442796629943,0.333712167313644,0.42798753215902746,0.048,0.004,0.092,0.2296382260739615,0.20100571526136818,0.2621390556467971,False
mediation_aware_recourse,False,1.0,1.0,10.0,250,0.5591653168116681,0.5189674456721506,0.6022194274270768,0.05566762935913546,0.04588418805852814,0.06735126729979922,0.03244872731568284,0.03065966689882731,0.03411489584989431,0.4741946347241402,0.46974760377032754,0.47824195669376846,0.19855954444408416,0.1942871125727892,0.2033614722788334,0.5119511565080134,0.4898297329667772,0.5325910104284735,0.03640384745639225,0.015999137207446865,0.05873690973577678,0.16573996103160493,0.14901871168655512,0.18227533795874962,0.152,0.108,0.2,0.0,0.0,0.0,0.0,0.0,0.0,0.37439857294618956,0.3445101805306693,0.40585361819477384,0.9288919519106068,0.884616555063762,0.9715198342853778,0.7313169785569754,0.6930349167227791,0.765555112954907,0.632,0.572,0.688,0.05057436805271576,0.04400483464334224,0.05765456493259912,0.5761644996973946,0.5043273038981968,0.6502490647957391,0.3797703022186188,0.3335730055919518,0.427872961147961,0.052,0.008,0.1,0.2288457032375831,0.20047331071429864,0.26098834397230586,False
mediation_aware_recourse,False,1.0,2.0,10.0,250,0.5650658457715981,0.5275595960187774,0.6082587306733079,0.052289383900931685,0.04254043786527428,0.062827480620886,0.03211283029324424,0.030323774696865126,0.03378057161796658,0.4739903015584946,0.46950645647698047,0.478063352461946,0.19855954444408416,0.1942871125727892,0.2033614722788334,0.5119511565080134,0.4898297329667772,0.5325910104284735,0.029233521948819962,0.008242153220965812,0.05337943115309182,0.16349081849614658,0.14688648318285683,0.17999759079073782,0.152,0.108,0.2,0.0,0.0,0.0,0.0,0.0,0.0,0.3766485681065703,0.346789224772369,0.4073370893507714,0.9428978300425768,0.8976916874906269,0.9825851994483557,0.7357119196207438,0.69777886794778,0.7692037976154701,0.66,0.596,0.716,0.053034533226311534,0.04625137784809887,0.060091601233198864,0.5901703778293645,0.5186986673355121,0.6658700428865278,0.3856708311785487,0.34133514129075937,0.43314798333200066,0.052,0.008,0.1,0.23109569839796387,0.20341186539155046,0.26382066624225886,False
mediation_aware_recourse,False,1.0,5.0,10.0,250,0.6043081981967189,0.5704597800209072,0.6436492975432166,0.04941660159046921,0.03971577078490622,0.06029753818802869,0.030069431311192524,0.02847246508577744,0.03165559069622092,0.4710332227549553,0.4668137012513876,0.47484437749412056,0.19855954444408416,0.1942871125727892,0.2033614722788334,0.5119511565080134,0.4898297329667772,0.5325910104284735,0.0031592720948276105,-0.016743682246712684,0.024087477003259545,0.148760024047124,0.1337622838206557,0.16434919268626064,0.164,0.124,0.212,0.0,0.0,0.0,0.0,0.0,0.0,0.38734675045806033,0.35965440826295914,0.4173494783413519,0.9938289579881472,0.950698770320914,0.9993307937767761,0.7566088005350513,0.7223970245617163,0.7858771491686302,0.724,0.664,0.78,0.06072256697756269,0.05350447777487116,0.0684584857573901,0.641101505774935,0.5605274255571923,0.6982145296974488,0.4249131836036695,0.380732790659206,0.47195078890209935,0.064,0.024,0.112,0.2417938807494539,0.21350273380312657,0.27340855827219457,False
transport_anchor_only,False,3.0,0.0,10.0,250,0.6384963060123846,0.6058286903396481,0.6759578456017189,0.02093565614833153,0.01771575653406291,0.024687274662053664,0.03124882077839729,0.029498805747762598,0.032794152889742155,0.47200950449657436,0.4678853739750445,0.47587022000449297,0.19855954444408416,0.1942871125727892,0.2033614722788334,0.5119511565080134,0.4898297329667772,0.5325910104284735,-0.016176527705883716,-0.03190083618256303,0.0014460983817428518,0.1420246321778401,0.12915254146528798,0.1559604413222135,0.236,0.184,0.292,0.0,0.0,0.0,0.0,0.0,0.0,0.4002241008485621,0.3731301785537529,0.4287787902735264,0.9684022049755239,0.9372378132392755,0.9967281933714366,0.7817622750937131,0.7528628543983534,0.8061170803719159,0.744,0.688,0.796,0.06395179168266749,0.057252472525484294,0.07116648555640405,0.12071295408832239,0.04907958518630632,0.19309104477909358,0.13798909652692964,0.10643531908243895,0.17271218468948643,0.0,-0.048,0.052,0.060738926071188686,0.04562545824786351,0.07738926334894614,False
mediation_aware_recourse,False,3.0,0.17779776538662934,10.0,250,0.6384963060123846,0.6058286903396481,0.6759578456017189,0.02093565614833153,0.01771575653406291,0.024687274662053664,0.03124882077839729,0.029498805747762598,0.032794152889742155,0.47200950449657436,0.4678853739750445,0.47587022000449297,0.19855954444408416,0.1942871125727892,0.2033614722788334,0.5119511565080134,0.4898297329667772,0.5325910104284735,-0.016176527705883716,-0.03190083618256303,0.0014460983817428518,0.1420246321778401,0.12915254146528798,0.1559604413222135,0.236,0.184,0.292,0.0,0.0,0.0,0.0,0.0,0.0,0.4002241008485621,0.3731301785537529,0.4287787902735264,0.9684022049755239,0.9372378132392755,0.9967281933714366,0.7817622750937131,0.7528628543983534,0.8061170803719159,0.744,0.688,0.796,0.06395179168266749,0.057252472525484294,0.07116648555640405,0.12071295408832239,0.04907958518630632,0.19309104477909358,0.13798909652692964,0.10643531908243895,0.17271218468948643,0.0,-0.048,0.052,0.060738926071188686,0.04562545824786351,0.07738926334894614,True
mediation_aware_recourse,False,3.0,0.5,10.0,250,0.6384963060123846,0.6058286903396481,0.6759578456017189,0.020830782290980957,0.017610747397929106,0.02460660744590367,0.031212780182066885,0.02948630099135438,0.032793251874833895,0.4720418148500919,0.4679489912558258,0.47591261110430955,0.19855954444408416,0.1942871125727892,0.2033614722788334,0.5119511565080134,0.4898297329667772,0.5325910104284735,-0.016597710514313743,-0.03255559828399303,0.0008980695806526991,0.14172737128346138,0.12915254146528798,0.1557157246594703,0.236,0.184,0.292,0.0,0.0,0.0,0.0,0.0,0.0,0.4005289407104471,0.373435018415638,0.4290826220949731,0.9675795038192204,0.9366371925019199,0.9965759345839752,0.7823577222530951,0.7539977640792254,0.8069541449954682,0.748,0.692,0.8,0.06400996315593999,0.05733181788291886,0.07120734895324547,0.11989025293201894,0.04881338649208661,0.1930341737892948,0.13798909652692964,0.10643531908243895,0.17271218468948643,0.0,-0.048,0.052,0.06104376593307372,0.04593146559864991,0.07767236024876258,False
mediation_aware_recourse,False,3.0,1.0,10.0,250,0.6400816093189642,0.6074021373873112,0.6774788103409577,0.020542247534590694,0.01726277205991782,0.024417781469885276,0.031084278984854486,0.029351905431719057,0.03266236710381329,0.4719804190938472,0.46782684637197847,0.4758647144888163,0.19855954444408416,0.1942871125727892,0.2033614722788334,0.5119511565080134,0.4898297329667772,0.5325910104284735,-0.01812071664731285,-0.033915615443966415,-0.00046629786549089793,0.14198785250585513,0.12927500877942072,0.15591397630347706,0.24,0.188,0.296,0.0,0.0,0.0,0.0,0.0,0.0,0.3998918278920047,0.3729868430242981,0.42830676805821194,0.964604598667355,0.9335320700008415,0.9944861052157038,0.7811132425593912,0.7525162781661718,0.8055586732050751,0.756,0.7,0.808,0.06509002263166076,0.05841671352186359,0.07198223063843134,0.11691534778015356,0.04557259245999126,0.1911692001661518,0.13957439983350922,0.10774385009766556,0.17382942452762215,0.004,-0.044,0.056,0.060406653114631274,0.045419607719361245,0.07728124192150602,False
mediation_aware_recourse,False,3.0,2.0,10.0,250,0.6386683939201757,0.6054867391995155,0.677628685734258,0.021228147536694116,0.017849954454444525,0.02532311646377766,0.030774927216603413,0.02904114433110286,0.032451922081586405,0.4719639118833542,0.4678231105329752,0.47589822972490786,0.19855954444408416,0.1942871125727892,0.2033614722788334,0.5119511565080134,0.4898297329667772,0.5325910104284735,-0.020290308743399595,-0.036491681563024125,-0.0030104111815955023,0.14260357224204226,0.12985796623407012,0.15677269347038317,0.236,0.184,0.292,0.0,0.0,0.0,0.0,0.0,0.0,0.3980799071680952,0.3709917437637045,0.42605274009373345,0.9603667098209163,0.928990360220866,0.9923137310277161,0.7775739972605458,0.749573427860391,0.801666257387703,0.76,0.7,0.8080999999999999,0.06708077904165888,0.06002247241829081,0.07413828581384396,0.11267745893371484,0.0422560006986384,0.18645173694939957,0.13816118443472078,0.10536420850683789,0.17323350499400259,0.0,-0.052,0.056,0.05859473239072181,0.0437323491986003,0.07524326774583653,False
mediation_aware_recourse,False,3.0,5.0,10.0,250,0.671359819183126,0.639715937027894,0.7040417703367303,0.019946627743643433,0.016723133082230984,0.02373212963413006,0.029031514688850287,0.027476444463460346,0.030643592715907,0.46960910763549807,0.46540567513866427,0.4734647844991743,0.19855954444408416,0.1942871125727892,0.2033614722788334,0.5119511565080134,0.4898297329667772,0.5325910104284735,-0.04103098897110147,-0.055517743698412565,-0.025043181846401776,0.13488252617614657,0.12320850712677923,0.1470568394045207,0.236,0.1879,0.2880999999999999,0.0,0.0,0.0,0.0,0.0,0.0,0.40216931075163986,0.37630902698781704,0.4294467460704132,0.9198537039139216,0.8906995815161358,0.9464955332749221,0.7855618756578487,0.7598905367068807,0.807698292763909,0.808,0.76,0.852,0.07540641736373749,0.06777304671705423,0.08263106171909548,0.07216445302672014,0.006957866170109449,0.14428498646263987,0.17085260969767113,0.1340837228872246,0.21225749096622457,0.0,-0.052,0.056,0.06268413597426643,0.047678626080330966,0.07918077587719358,False
transport_anchor_only,False,10.0,0.0,10.0,250,0.7040721588535235,0.6672887053557206,0.7439516260985983,0.010082331073548688,0.008507187127411437,0.011770150597796125,0.03090272657173526,0.029058347560784,0.03258517872378819,0.4716821941092014,0.4674857690666855,0.47563501301959155,0.19855954444408416,0.1942871125727892,0.2033614722788334,0.5119511565080134,0.4898297329667772,0.5325910104284735,-0.0325027810703294,-0.04800182692594296,-0.014396904615067546,0.15368867764647803,0.14172603993000768,0.1659637695063297,0.348,0.288,0.412,0.0,0.0,0.0,0.0,0.0,0.0,0.3914230524361294,0.36364808923497854,0.41831045366949643,0.9365119491241531,0.9049024346904507,0.9685621056801061,0.7645710874177949,0.7379466110912773,0.7858282723306877,0.752,0.696,0.8000999999999999,0.07651544257110665,0.06828735439075385,0.08467059487839182,0.030501743619495425,-0.03330583060155559,0.09892765230440997,0.10569151414278895,0.07580093384906648,0.13450288078912997,-0.052,-0.112,0.008,0.030451200102370304,0.01760777114744024,0.043164183937159546,False
mediation_aware_recourse,False,10.0,0.17779776538662934,10.0,250,0.7052978870077059,0.6681302324307151,0.7456023299618159,0.01004246413724217,0.008484309134298046,0.011732525129530498,0.030805306067227253,0.02896080058410454,0.03248026524522209,0.4715999056794643,0.4672463340086759,0.4755900204220414,0.19855954444408416,0.1942871125727892,0.2033614722788334,0.5119511565080134,0.4898297329667772,0.5325910104284735,-0.03403072889591116,-0.049434615881854355,-0.0160952113516179,0.1528170024393235,0.14116246438313546,0.16517805954590078,0.348,0.288,0.412,0.0,0.0,0.0,0.0,0.0,0.0,0.3925572062631205,0.3652563775955583,0.41944060461137156,0.9335273913081228,0.9031043355662349,0.9638443113935113,0.7667864429503951,0.740435282834197,0.7887609673186218,0.756,0.704,0.808,0.07671233957040197,0.06837729428250973,0.08467135329957244,0.027517185803465072,-0.037430607235955204,0.09501071472403483,0.10691724229697139,0.07797099392621312,0.13594241768345236,-0.052,-0.112,0.008,0.03158535392936141,0.019294999209799702,0.04355185821651322,True
mediation_aware_recourse,False,10.0,0.5,10.0,250,0.7024032787485048,0.6660115875212709,0.7429780224317218,0.010210635536746195,0.008626669371724327,0.011972921444197437,0.03077918622154351,0.02896080058410454,0.03245573715693176,0.471721681759119,0.4673364422936082,0.4756742551924944,0.19855954444408416,0.1942871125727892,0.2033614722788334,0.5119511565080134,0.4898297329667772,0.5325910104284735,-0.0340098902672573,-0.04941377725320049,-0.016094690385901556,0.1526796445182477,0.14100061154479565,0.16490376398131934,0.348,0.288,0.412,0.0,0.0,0.0,0.0,0.0,0.0,0.39257804489177445,0.3652772162242121,0.4194609222743091,0.9335680956378014,0.9031073819073361,0.96388461953724,0.7668271472800737,0.7405600390715029,0.788799356020962,0.756,0.704,0.808,0.07669150094174812,0.06837729428250973,0.08461594266169971,0.027557890133143692,-0.037352045015503536,0.09505120322128248,0.10402263403777033,0.07612595661636441,0.13308340158367063,-0.052,-0.112,0.008,0.03160619255801527,0.01929554778682411,0.043572175879450746,False
mediation_aware_recourse,False,10.0,1.0,10.0,250,0.7024032787485048,0.6660115875212709,0.7429780224317218,0.010210635536746195,0.008626669371724327,0.011972921444197437,0.03077918622154351,0.02896080058410454,0.03245573715693176,0.471721681759119,0.4673364422936082,0.4756742551924944,0.19855954444408416,0.1942871125727892,0.2033614722788334,0.5119511565080134,0.4898297329667772,0.5325910104284735,-0.0340098902672573,-0.04941377725320049,-0.016094690385901556,0.1526796445182477,0.14100061154479565,0.16490376398131934,0.348,0.288,0.412,0.0,0.0,0.0,0.0,0.0,0.0,0.39257804489177445,0.3652772162242121,0.4194609222743091,0.9335680956378014,0.9031073819073361,0.96388461953724,0.7668271472800737,0.7405600390715029,0.788799356020962,0.756,0.704,0.808,0.07669150094174812,0.06837729428250973,0.08461594266169971,0.027557890133143692,-0.037352045015503536,0.09505120322128248,0.10402263403777033,0.07612595661636441,0.13308340158367063,-0.052,-0.112,0.008,0.03160619255801527,0.01929554778682411,0.043572175879450746,False
mediation_aware_recourse,False,10.0,2.0,10.0,250,0.715124877850525,0.678179674287932,0.754761383180553,0.010233850912868173,0.008691050715101005,0.011961854136766493,0.02989694291942093,0.02818333805795433,0.03168576752048522,0.4705753211650848,0.46630476424153444,0.4745395158835232,0.19855954444408416,0.1942871125727892,0.2033614722788334,0.5119511565080134,0.4898297329667772,0.5325910104284735,-0.04270957673923,-0.05734368040566566,-0.02522007756475008,0.1505697321073087,0.13935781814410142,0.16172081865001534,0.348,0.2919,0.412,0.0,0.0,0.0,0.0,0.0,0.0,0.3920784839397849,0.36620429925916403,0.4187003850995772,0.9165748993897205,0.8879778659451885,0.9471773925631636,0.765851349207076,0.7397921787143751,0.787248964169676,0.776,0.724,0.824,0.08129112465372922,0.07246316113184487,0.08945833381662799,0.01056469388506276,-0.053657185381346825,0.07578195739957187,0.1167442331397906,0.08697531425876077,0.14836616449896245,-0.052,-0.112,0.008,0.031106631606025777,0.01899698626810724,0.04376759831848318,False
mediation_aware_recourse,False,10.0,5.0,10.0,250,0.7357600913438946,0.6991969358433038,0.7747689585195855,0.010263736812015409,0.008683071604854885,0.011934647027345672,0.028729954651240376,0.027095304633737948,0.03039792947612153,0.46888352100658415,0.46474703269643186,0.47256143552831414,0.19855954444408416,0.1942871125727892,0.2033614722788334,0.5119511565080134,0.4898297329667772,0.5325910104284735,-0.05513568762375897,-0.06947707730967136,-0.0394554617876309,0.14705104274096492,0.13592790260721604,0.1579047982050294,0.34,0.28,0.404,0.0,0.0,0.0,0.0,0.0,0.0,0.39306912876873884,0.3673322591548784,0.41922290343687213,0.8923028360755427,0.8636893588124954,0.9197251992021533,0.7677863869862872,0.7428935956995049,0.7879300227897172,0.804,0.756,0.848,0.08700885768151675,0.07898882821463145,0.09496886898567378,-0.01370736942911499,-0.07331624325101327,0.04720207631674004,0.13737944663316012,0.10439617931656539,0.17228736079260706,-0.06,-0.12,0.008,0.03209727643497968,0.0197024853622165,0.04475978259812945,False
transport_anchor_only,False,30.0,0.0,10.0,250,0.8330854117209092,0.7853201812425396,0.8854921117469668,0.002635213784053353,0.002056559441031446,0.0032779591812388737,0.030014454862516974,0.02795324659417269,0.031977356162548806,0.471446324477911,0.4670696845033646,0.4755694962169707,0.19855954444408416,0.1942871125727892,0.2033614722788334,0.5119511565080134,0.4898297329667772,0.5325910104284735,-0.05043532562488869,-0.06716738280471729,-0.03151244707567745,0.17565613251865783,0.16497186667902017,0.1868143608882536,0.54,0.476,0.604,0.0,0.0,0.0,0.0,0.0,0.0,0.3745598872059323,0.3500003357206995,0.3995510210099659,0.9014841064743269,0.8678588325782924,0.9363374129925957,0.7316320755299817,0.7057981012683291,0.75480107160648,0.724,0.668,0.78,0.09391329746348487,0.08451647173956187,0.10403986272875125,-0.023123420531780292,-0.09189070155858227,0.044155450147248435,0.1387261666888371,0.10504640264809131,0.1721165357191581,-0.044,-0.1,0.016,0.015717556368394343,0.004836739815237105,0.026405719736411398,False
mediation_aware_recourse,False,30.0,0.17779776538662934,10.0,250,0.8330854117209092,0.7853201812425396,0.8854921117469668,0.002635213784053353,0.002056559441031446,0.0032779591812388737,0.030014454862516974,0.02795324659417269,0.031977356162548806,0.471446324477911,0.4670696845033646,0.4755694962169707,0.19855954444408416,0.1942871125727892,0.2033614722788334,0.5119511565080134,0.4898297329667772,0.5325910104284735,-0.05043532562488869,-0.06716738280471729,-0.03151244707567745,0.17565613251865783,0.16497186667902017,0.1868143608882536,0.54,0.476,0.604,0.0,0.0,0.0,0.0,0.0,0.0,0.3745598872059323,0.3500003357206995,0.3995510210099659,0.9014841064743269,0.8678588325782924,0.9363374129925957,0.7316320755299817,0.7057981012683291,0.75480107160648,0.724,0.668,0.78,0.09391329746348487,0.08451647173956187,0.10403986272875125,-0.023123420531780292,-0.09189070155858227,0.044155450147248435,0.1387261666888371,0.10504640264809131,0.1721165357191581,-0.044,-0.1,0.016,0.015717556368394343,0.004836739815237105,0.026405719736411398,True
mediation_aware_recourse,False,30.0,0.5,10.0,250,0.8349189674193039,0.787953707695566,0.886026839579246,0.002588525095664874,0.0020252359305861505,0.0032254796659738107,0.02990716078924458,0.027832705168259635,0.031870420164555775,0.47140607779717447,0.46702378102245334,0.47552440928495526,0.19855954444408416,0.1942871125727892,0.2033614722788334,0.5119511565080134,0.4898297329667772,0.5325910104284735,-0.051392295063497795,-0.0681916593996899,-0.032744187015819284,0.176630326947142,0.1659275542362575,0.18798634694669447,0.548,0.488,0.608,0.0,0.0,0.0,0.0,0.0,0.0,0.37360291776732324,0.34960387126899595,0.39844776914869806,0.8996148472169857,0.8660155072026107,0.9350821461541191,0.7297628162726406,0.703914576142257,0.7527681231220104,0.724,0.668,0.78,0.09487026690209396,0.08505229911921311,0.1051739964932764,-0.024992679789121452,-0.09445130899295828,0.04302997410648418,0.14055972238723188,0.10775499615184964,0.17345975422949997,-0.036,-0.092,0.024,0.014760586929785238,0.003753915553746994,0.025414445326378717,False
mediation_aware_recourse,False,30.0,1.0,10.0,250,0.8420805622870102,0.7929375597096514,0.8947098485596479,0.002463798013880604,0.001908129891770583,0.003086887132099422,0.029760479728298997,0.02768621240367235,0.0317580137336477,0.4710743844258785,0.46665194901145696,0.475236250432825,0.19855954444408416,0.1942871125727892,0.2033614722788334,0.5119511565080134,0.4898297329667772,0.5325910104284735,-0.052693119716796945,-0.06961134043103787,-0.0342564128278201,0.17787504741607688,0.16724140486022349,0.18906823172196102,0.556,0.496,0.616,0.0,0.0,0.0,0.0,0.0,0.0,0.37230209311402407,0.348274248636839,0.3970192379903989,0.8970739316691588,0.8633008751043579,0.9319679702243484,0.7272219007248137,0.7015278712482667,0.7498253034569843,0.724,0.668,0.78,0.09617109155539312,0.08608987292839289,0.10647805898482307,-0.027533595336948324,-0.09743896984675768,0.04200841943259111,0.14772131725493817,0.11373367610743736,0.1831133320763707,-0.028,-0.0841,0.032,0.01345976227648609,0.0025396612789964257,0.02444406737726419,False
mediation_aware_recourse,False,30.0,2.0,10.0,250,0.853343248241581,0.8040569191828137,0.9073360540406779,0.0024558763603735444,0.0019046063621857591,0.0030651624585798414,0.029247740835798317,0.02728358859602282,0.031216957802206433,0.47005319863438605,0.4655855364882171,0.4741830849644602,0.19855954444408416,0.1942871125727892,0.2033614722788334,0.5119511565080134,0.4898297329667772,0.5325910104284735,-0.057454641794924315,-0.07428712972176438,-0.039066905008829415,0.1771012582113827,0.16647979238783606,0.18807691635781792,0.552,0.492,0.612,0.0,0.0,0.0,0.0,0.0,0.0,0.3716610111224617,0.3470090625307753,0.39647863626772134,0.8877731965939508,0.8533071557139108,0.9211473436980551,0.7259696680002407,0.7003251465670917,0.7489343426876958,0.74,0.684,0.792,0.09887239359023797,0.08866885191432543,0.10908652417633574,-0.036834330412156335,-0.10551165891123408,0.030624414284656867,0.15898400320950895,0.1251318885309156,0.19291283600723838,-0.032,-0.092,0.02809999999999991,0.012818680284923722,0.0017236702455737957,0.023732353325047435,False
mediation_aware_recourse,False,30.0,5.0,10.0,250,0.8887143739685416,0.8368476317582653,0.9396055478719995,0.0023897054189806585,0.0018513401454550182,0.0029779147932836054,0.02727721480462172,0.02553612727737546,0.02924986679556131,0.4673968307189941,0.46296697149528265,0.4716185444907964,0.19855954444408416,0.1942871125727892,0.2033614722788334,0.5119511565080134,0.4898297329667772,0.5325910104284735,-0.07716606466504285,-0.09291992998256966,-0.060278486682216484,0.17226861033635923,0.1623860607773255,0.1821522533289387,0.548,0.488,0.604,0.0,0.0,0.0,0.0,0.0,0.0,0.37184890775466073,0.34848388823011506,0.3954651822544698,0.8492706507562406,0.8164229661988326,0.8817149808530731,0.7263366886228342,0.7025143817749829,0.7471951727050211,0.792,0.744,0.84,0.10863415670919775,0.09908496242880814,0.11911325202071742,-0.07533687624986651,-0.13642055332310027,-0.012274482483942693,0.19435512893646956,0.1578879959091544,0.23406423125043513,-0.036,-0.1,0.032099999999999906,0.013006576917122736,0.00042417901662219093,0.025091969643599162,False
ordinary_actionable_recourse,True,0.0,0.0,0.0,250,0.6495203235149384,0.6282629948619753,0.6703708731643855,0.0747734803934853,0.06751798223630939,0.08186604190687626,0.04224161165237759,0.04121907794417993,0.043248114911504924,0.5201746567251683,0.515275857727456,0.5248166170434952,0.19855954444408416,0.1942871125727892,0.2033614722788334,0.5119511565080134,0.4898297329667772,0.5325910104284735,0.12610945532260476,0.1112585723528452,0.13950207771270928,0.18283681933133383,0.17149237750840196,0.19332474752745576,0.2,0.156,0.252,1.0,1.0,1.0,0.0,0.0,0.0,0.36689922909674855,0.3463067966078368,0.38706211237247395,0.7536689707221498,0.7274832115745642,0.7822173890493304,0.7166684251664652,0.6957526416001261,0.7385807656763752,0.156,0.112,0.2,0.009471236044330023,0.005913373217302286,0.01361616270357436,0.0,0.0,0.0,0.0,0.0,0.0,0.0,0.0,0.0,0.0,0.0,0.0,False
distribution_constrained_recourse,False,10.0,0.0,0.0,250,0.7407165031433105,0.7145873864412308,0.7710163044631481,0.05544193774364767,0.05097406264144753,0.060475716720153394,0.031997172506169895,0.031052555782703772,0.032937641322228484,0.4969688675551414,0.4924366653832555,0.5010798648202837,0.19855954444408416,0.1942871125727892,0.2033614722788334,0.5119511565080134,0.4898297329667772,0.5325910104284735,0.006161043791314954,-0.0009131769070418318,0.014286312208069842,0.07628562139921811,0.07127464516211272,0.0822572572597206,0.036,0.016,0.06,0.98,0.96,0.996,0.02,0.007900000000000006,0.04,0.4680175170491979,0.4463853397839902,0.49037006474420164,0.9879655632905704,0.9727568331034717,0.9991809239388225,0.9141839237975669,0.9028075180938185,0.9244990951411449,0.512,0.452,0.572,0.01888629783375025,0.015811438483084413,0.02202765470861446,0.23429659256842061,0.20245833927055393,0.2643136703436381,0.09119617962837219,0.057230035294964905,0.12966347091943026,-0.02,-0.04,-0.004,0.10111828795244936,0.09018749745381338,0.11339730453601254,False
mean_parity_recourse,False,0.0,0.0,0.0,250,0.7121744787693024,0.6980492345198989,0.7246238286808133,0.04323541031855953,0.039407674522142395,0.04741285139789867,0.03397822146759672,0.03292996350206753,0.03504764093447691,0.5028078702423573,0.49810353593018647,0.5071093093398273,0.19855954444408416,0.1942871125727892,0.2033614722788334,0.5119511565080134,0.4898297329667772,0.5325910104284735,0.006192818537178272,0.0003645584731489997,0.012940350960701803,0.09465771662870623,0.08837790380568879,0.10124148893567064,0.124,0.088,0.168,1.0,1.0,1.0,0.0,0.0,0.0,0.46866908795424456,0.4484172877466518,0.48969522518210895,0.9879034973191211,0.9757117863449205,0.9988314748243202,0.9154566446358028,0.9073583394759087,0.9226800738362168,0.456,0.392,0.516,0.018544625008295224,0.015226209010312847,0.02202180691204015,0.2342345265969713,0.20766043379097232,0.26270273076974676,0.06265415525436402,0.0436209445308894,0.0828051800057292,0.0,0.0,0.0,0.10176985885749609,0.09035689702042425,0.1141617238469278,False
mediator_matching_recourse,False,0.0,0.0,0.0,250,2.223472335577011,1.7003707510054111,2.836893856471777,0.02972653836360518,0.025752272787418977,0.034061425665643,0.025414385703087888,0.024504989036673783,0.026339421926193728,0.4667421497416497,0.4627870916967154,0.4701941917861759,0.19855954444408416,0.1942871125727892,0.2033614722788334,0.5119511565080134,0.4898297329667772,0.5325910104284735,-0.07542645873447076,-0.08367580468668197,-0.06715553256912116,0.09681747137584008,0.09124852043950187,0.10223317835837369,0.224,0.176,0.276,1.0,1.0,1.0,0.0,0.0,0.0,0.42502460101117795,0.4032301320598325,0.44820984539865805,0.8526686427491444,0.8342411031946417,0.8706629337163727,0.8302053733216348,0.8137405942297741,0.8451568691317465,0.884,0.844,0.924,0.08117650711565308,0.07425655523978998,0.08775038452423989,0.09899967202699467,0.06633279004765472,0.13215883935696143,1.5739520120620727,1.0565543830040842,2.1853527269110082,0.0,0.0,0.0,0.05812537191442938,0.04571242625699057,0.0715901398419771,False
plausibility_constrained_recourse,False,0.0,0.0,0.0,250,1.4208406328856944,1.1176991098746658,1.7804874081037938,0.15960083791762816,0.13157232643943204,0.19124339415540254,0.03906952667225014,0.0375563265877952,0.040542080048933865,0.5088986401219368,0.5022327370767236,0.5151247266118466,0.19855954444408416,0.1942871125727892,0.2033614722788334,0.5119511565080134,0.4898297329667772,0.5325910104284735,0.19763697051855755,0.17103174486098316,0.2245313661123489,0.2750035154623273,0.25338859115450296,0.2976664564300576,0.296,0.2399,0.352,0.712,0.652,0.768,0.288,0.236,0.3440999999999999,0.2906377992615299,0.2628326632346049,0.320050486119303,0.613953464102656,0.5644213537628662,0.6663804692784444,0.5677061093951854,0.5198934253075395,0.6131323260179998,0.188,0.144,0.236,0.011838193363962957,0.00825036857907884,0.016067244569921327,-0.13971550661949372,-0.19314242003396564,-0.08714695175779351,0.7713203093707561,0.46941364944279196,1.1356776498898864,-0.288,-0.344,-0.232,-0.07626142983521866,-0.10072218573782343,-0.051861501300536995,False
