method,is_ordinary_actionable_baseline,eta,lambda_invariance,rho_anchor,n,cost,cost_lo,cost_hi,shortfall,shortfall_lo,shortfall_hi,direct_effect,direct_effect_lo,direct_effect_hi,transport,transport_lo,transport_hi,pre_recourse_mediated_prediction_disparity,pre_recourse_mediated_prediction_disparity_lo,pre_recourse_mediated_prediction_disparity_hi,pre_recourse_factual_mediated_prediction_disparity,pre_recourse_factual_mediated_prediction_disparity_lo,pre_recourse_factual_mediated_prediction_disparity_hi,post_recourse_mediated_prediction_disparity,post_recourse_mediated_prediction_disparity_lo,post_recourse_mediated_prediction_disparity_hi,outcome_wasserstein,outcome_wasserstein_lo,outcome_wasserstein_hi,feasible_rate,feasible_rate_lo,feasible_rate_hi,constraint_feasible_rate,constraint_feasible_rate_lo,constraint_feasible_rate_hi,constraint_abstention_rate,constraint_abstention_rate_lo,constraint_abstention_rate_hi,mean_absolute_gap_reduction,mean_absolute_gap_reduction_lo,mean_absolute_gap_reduction_hi,factual_mediated_prediction_disparity_closure,factual_mediated_prediction_disparity_closure_lo,factual_mediated_prediction_disparity_closure_hi,recipient_level_closure,recipient_level_closure_lo,recipient_level_closure_hi,overshoot_rate,overshoot_rate_lo,overshoot_rate_hi,overshoot_magnitude,overshoot_magnitude_lo,overshoot_magnitude_hi,factual_closure_gain_vs_actionable_baseline,factual_closure_gain_vs_actionable_baseline_lo,factual_closure_gain_vs_actionable_baseline_hi,cost_difference_vs_actionable_baseline,cost_difference_vs_actionable_baseline_lo,cost_difference_vs_actionable_baseline_hi,feasibility_difference_vs_actionable_baseline,feasibility_difference_vs_actionable_baseline_lo,feasibility_difference_vs_actionable_baseline_hi,paired_absolute_gap_gain_vs_actionable_baseline,paired_absolute_gap_gain_vs_actionable_baseline_lo,paired_absolute_gap_gain_vs_actionable_baseline_hi,is_effect_ratio_heuristic
soft_objective_recourse,False,0.0,0.0,0.0,250,0.0,0.0,0.0,0.638019762361688,0.6093189987874184,0.6657454803473697,0.11297805962402549,0.09839984249259516,0.12622225414692298,0.7803133333333333,0.7705525,0.790114,0.0208044054787606,0.01796511967619881,0.02385473734922707,0.036543494059404255,0.025916200962703542,0.04685530082909993,0.036543494059404255,0.026397450624808385,0.04661782865545995,0.09144583140458193,0.08409929803827805,0.09966226174425892,0.004,0.0,0.012,0.0,0.0,0.0,0.0,0.0,0.0,0.0,0.0,0.0,0.0,0.0,0.0,0.0,0.0,0.0,0.0,0.0,0.0,0.0,0.0,0.0,0.0,0.0,0.0,0.0,0.0,0.0,0.0,0.0,0.0,0.0,0.0,0.0,False
direct_invariance_only,False,0.0,0.5,0.0,250,0.0,0.0,0.0,0.638019762361688,0.6093189987874184,0.6657454803473697,0.11297805962402549,0.09839984249259516,0.12622225414692298,0.7803133333333333,0.7705525,0.790114,0.0208044054787606,0.01796511967619881,0.02385473734922707,0.036543494059404255,0.025916200962703542,0.04685530082909993,0.036543494059404255,0.026397450624808385,0.04661782865545995,0.09144583140458193,0.08409929803827805,0.09966226174425892,0.004,0.0,0.012,0.0,0.0,0.0,0.0,0.0,0.0,0.0,0.0,0.0,0.0,0.0,0.0,0.0,0.0,0.0,0.0,0.0,0.0,0.0,0.0,0.0,0.0,0.0,0.0,0.0,0.0,0.0,0.0,0.0,0.0,0.0,0.0,0.0,False
direct_invariance_only,False,0.0,1.0,0.0,250,0.0,0.0,0.0,0.638019762361688,0.6093189987874184,0.6657454803473697,0.11297805962402549,0.09839984249259516,0.12622225414692298,0.7803133333333333,0.7705525,0.790114,0.0208044054787606,0.01796511967619881,0.02385473734922707,0.036543494059404255,0.025916200962703542,0.04685530082909993,0.036543494059404255,0.026397450624808385,0.04661782865545995,0.09144583140458193,0.08409929803827805,0.09966226174425892,0.004,0.0,0.012,0.0,0.0,0.0,0.0,0.0,0.0,0.0,0.0,0.0,0.0,0.0,0.0,0.0,0.0,0.0,0.0,0.0,0.0,0.0,0.0,0.0,0.0,0.0,0.0,0.0,0.0,0.0,0.0,0.0,0.0,0.0,0.0,0.0,False
direct_invariance_only,False,0.0,2.0,0.0,250,0.025436967015266418,0.01356638240814209,0.03734994656741615,0.6692760503481403,0.640834860675566,0.695613579431443,0.0990282325747379,0.08720446719940883,0.11001635341423602,0.7843566666666666,0.7741270156250001,0.7941188645833334,0.0208044054787606,0.01796511967619881,0.02385473734922707,0.036543494059404255,0.025916200962703542,0.04685530082909993,0.04943272575328172,0.03883453298226653,0.060550101582935584,0.09282302600675586,0.08513336052732214,0.10143017364520442,0.004,0.0,0.012,0.0,0.0,0.0,0.0,0.0,0.0,-0.006959688663551667,-0.0111677487605105,-0.003416907629827129,-0.35270934062640613,-0.6279316447353914,-0.16317963724927173,-0.10416205968359193,-0.16815397968899368,-0.048612163777509154,0.04,0.02,0.068,0.006857336212606489,0.0029930769813924438,0.011483784108580856,-0.35270934062640613,-0.6219124244333742,-0.16381776313933272,0.025436967015266418,0.01356638240814209,0.03734994656741615,0.0,0.0,0.0,-0.006959688663551667,-0.010735316440096907,-0.0033706391852571633,False
direct_invariance_only,False,0.0,5.0,0.0,250,0.1441428130865097,0.12040164387226104,0.16788398230075835,0.7720754855069519,0.757839367860868,0.7838814409770328,0.05838884306547828,0.052356563671388495,0.06482939509623785,0.798565,0.7889375729166667,0.8072585677083333,0.0208044054787606,0.01796511967619881,0.02385473734922707,0.036543494059404255,0.025916200962703542,0.04685530082909993,0.08586585783622663,0.07565025489404857,0.09648520685973103,0.09584097296914677,0.08743687455115567,0.10463790581289344,0.0,0.0,0.0,0.0,0.0,0.0,0.0,0.0,0.0,-0.0237135037947635,-0.030522794756373373,-0.016586456226581742,-1.349689323539919,-2.2118811110391348,-0.883530135173192,-0.35490774328929864,-0.4748661634651957,-0.2443909341732978,0.152,0.11190000000000001,0.2,0.019232923930598424,0.013382618151449931,0.025689547268280127,-1.349689323539919,-2.167702053414871,-0.874472292231076,0.1441428130865097,0.12040164387226104,0.16788398230075835,-0.004,-0.012,0.0,-0.0237135037947635,-0.030472199182827845,-0.017056898712741117,False
direct_invariance_only,False,0.0,5.850318267065401,0.0,250,0.1577091954946518,0.13227222847938538,0.18149275965392583,0.7788660716552692,0.7673941099706957,0.789302036435774,0.05581066197998697,0.04998782656147967,0.06202353661194169,0.8000127083333332,0.7908580729166665,0.8088173020833332,0.0208044054787606,0.01796511967619881,0.02385473734922707,0.036543494059404255,0.025916200962703542,0.04685530082909993,0.08848996026914131,0.07873298137376086,0.09900977830466406,0.09548980403268524,0.08697963030196128,0.10458568590786539,0.0,0.0,0.0,0.0,0.0,0.0,0.0,0.0,0.0,-0.024307785980695263,-0.030956166390954956,-0.017210332336512285,-1.4214969735869833,-2.330332397019625,-0.9384619783712767,-0.36380205731861803,-0.48770960765549437,-0.2510868474095641,0.164,0.12,0.216,0.019990135395852433,0.014054419111271053,0.026320813646525852,-1.4214969735869833,-2.304568360116472,-0.9222854523885957,0.1577091954946518,0.13227222847938538,0.18149275965392583,-0.004,-0.012,0.0,-0.024307785980695263,-0.03115682809657853,-0.017729158891620213,True
soft_objective_recourse,False,1.0,0.0,0.0,250,0.12978355038166045,0.097116375207901,0.16237808530032632,0.4899035755624642,0.4478096000444738,0.5288164998067297,0.1486103557823815,0.134311115550451,0.16248188658900808,0.7882529166666665,0.7785076145833333,0.7978834583333333,0.0208044054787606,0.01796511967619881,0.02385473734922707,0.036543494059404255,0.025916200962703542,0.04685530082909993,-0.05283413911445861,-0.07165719894427396,-0.033596564430850524,0.12612690144454916,0.11333453102234313,0.14062277322404484,0.004,0.0,0.012,0.0,0.0,0.0,0.0,0.0,0.0,-0.034504085162272824,-0.04487289786363606,-0.02437171411585809,-0.44578783376796594,-1.2139806339890464,0.09686596979058384,-0.5164047921888364,-0.6694946249175132,-0.36496874582190086,0.204,0.152,0.256,0.06194085916806784,0.046713107391265,0.07765739495400252,0.0,0.0,0.0,0.0,0.0,0.0,0.0,0.0,0.0,0.0,0.0,0.0,False
direct_invariance_only,False,1.0,0.5,0.0,250,0.06452370285987855,0.04129516983032227,0.08775223588943482,0.560509907336367,0.5219595826563685,0.5962013916469883,0.1299701059583444,0.11482345173829134,0.14292420006336648,0.783698125,0.7739931041666667,0.7935978177083333,0.0208044054787606,0.01796511967619881,0.02385473734922707,0.036543494059404255,0.025916200962703542,0.04685530082909993,-0.014617249046633338,-0.03189507603465834,0.0024671701674000533,0.11039029410205467,0.09913683514556476,0.1230708840109933,0.004,0.0,0.012,0.0,0.0,0.0,0.0,0.0,0.0,-0.019042134025273185,-0.026706975748952397,-0.011902898521875335,0.6000040657614218,0.07502223115828015,0.9684827410717051,-0.2849937686481594,-0.3842261741711327,-0.18343565661242348,0.1,0.068,0.144,0.03510143856565538,0.02316927149399379,0.04848652470435483,1.0457918995293878,0.6368680726091069,1.543593260849185,-0.06525984752178192,-0.08937353086471557,-0.04210395474731922,0.0,0.0,0.0,0.01546195113699964,0.006867639639039904,0.023675777896803994,False
direct_invariance_only,False,1.0,1.0,0.0,250,0.005161896228790284,0.0,0.012904740571975708,0.6314785080634695,0.6005893606042189,0.6593425013780116,0.11427980075219668,0.0996926822772766,0.12829653529177382,0.780146875,0.7704116354166667,0.789920828125,0.0208044054787606,0.01796511967619881,0.02385473734922707,0.036543494059404255,0.025916200962703542,0.04685530082909993,0.032059644012382246,0.020813138887364337,0.04284830135206253,0.09290883209351511,0.0852131912370978,0.10145271537725324,0.004,0.0,0.012,0.0,0.0,0.0,0.0,0.0,0.0,-0.0014640348653643857,-0.003699023744402641,0.0,0.12269899642691984,0.0,0.29884571036157753,-0.021911452422229694,-0.05998304310632506,0.0,0.008,0.0,0.02,0.0029739424561931955,0.0,0.007558581834551825,0.5684868301948858,-0.004819174458664016,1.2836490508097678,-0.12462165415287017,-0.15647818183898926,-0.09363001059293749,0.0,0.0,0.0,0.03304005029690844,0.022767278303094083,0.04324203101510098,False
direct_invariance_only,False,1.0,2.0,0.0,250,0.0,0.0,0.0,0.638019762361688,0.6093189987874184,0.6657454803473697,0.11297805962402549,0.09839984249259516,0.12622225414692298,0.7803133333333333,0.7705525,0.790114,0.0208044054787606,0.01796511967619881,0.02385473734922707,0.036543494059404255,0.025916200962703542,0.04685530082909993,0.036543494059404255,0.026397450624808385,0.04661782865545995,0.09144583140458193,0.08409929803827805,0.09966226174425892,0.004,0.0,0.012,0.0,0.0,0.0,0.0,0.0,0.0,0.0,0.0,0.0,0.0,0.0,0.0,0.0,0.0,0.0,0.0,0.0,0.0,0.0,0.0,0.0,0.44578783376796594,-0.0879474348617808,1.121241133573788,-0.12978355038166045,-0.16237808530032632,-0.097116375207901,0.0,0.0,0.0,0.034504085162272824,0.023953571295700356,0.04478695078699202,False
direct_invariance_only,False,1.0,5.0,0.0,250,0.07483861172199249,0.05352752240002155,0.09526268815994263,0.6944817802740585,0.6669046130226967,0.7198264686245532,0.08243497374300704,0.07311688163532222,0.09155670193181906,0.7910710416666666,0.7809115468750001,0.800861578125,0.0208044054787606,0.01796511967619881,0.02385473734922707,0.036543494059404255,0.025916200962703542,0.04685530082909993,0.04970568021445942,0.03592404440771037,0.06403282075082477,0.10009435547874994,0.09089941679746034,0.10998600880079219,0.008,0.0,0.02,0.0,0.0,0.0,0.0,0.0,0.0,-0.020485834419903648,-0.027423149964472284,-0.013469072706776605,-0.3601786444848163,-0.7227596146621833,-0.08597174609641976,-0.30660088556680365,-0.4253364690177067,-0.19606975338668112,0.076,0.044,0.112,0.01267730327846932,0.0072252139483254645,0.019584051228116302,0.08560918928314964,-0.4912915583721554,0.7180061411120543,-0.05494493865966797,-0.09861595174372195,-0.011513975098729135,0.004,0.0,0.012,0.014018250742369178,3.922347548604169e-05,0.02709466875560084,False
direct_invariance_only,False,1.0,5.850318267065401,0.0,250,0.11303131365776062,0.08921377904713154,0.1376613583266735,0.7248522434255369,0.6994275831985712,0.7466209227111986,0.06967433273588748,0.06241743514027146,0.07759768191790238,0.7967322916666667,0.7862021614583333,0.806125703125,0.0208044054787606,0.01796511967619881,0.02385473734922707,0.036543494059404255,0.025916200962703542,0.04685530082909993,0.05913031061456303,0.045273357547035986,0.07243087854858586,0.10203168005744924,0.09250384694147425,0.11243711614439712,0.004,0.0,0.012,0.0,0.0,0.0,0.0,0.0,0.0,-0.02643568296758435,-0.03351046197082224,-0.019065607834536043,-0.6180803761797427,-1.052086246081771,-0.3152448848162345,-0.39564919066951765,-0.5196267933919284,-0.2853660315209033,0.096,0.064,0.136,0.013647293881079891,0.008082354271920202,0.020049938637433394,-0.17229254241177672,-0.8031073963849814,0.4485529729186024,-0.01675223672389984,-0.06040484619140625,0.0288306323558092,0.0,-0.012,0.012,0.008068402194688469,-0.005681848795400309,0.021062564699150067,True
soft_objective_recourse,False,3.0,0.0,0.0,250,0.7700885607004165,0.721545101121068,0.8227403959065676,0.13862666630208662,0.1177319290818763,0.15990626275306344,0.2102501250111406,0.2027804077842242,0.21785524789852348,0.8903972916666667,0.8822571145833332,0.8986514375,0.0208044054787606,0.01796511967619881,0.02385473734922707,0.036543494059404255,0.025916200962703542,0.04685530082909993,-0.26634203043350113,-0.2781382964287598,-0.25378962736550337,0.27402593656095314,0.26378398120893487,0.2842411554624537,0.004,0.0,0.012,0.0,0.0,0.0,0.0,0.0,0.0,-0.1995953692650336,-0.2117899345459785,-0.18704887105287213,-6.2883569918229965,-8.938725644099753,-4.8671317472533,-2.9872406325922216,-3.457674643044668,-2.6171680434620663,0.708,0.648,0.76,0.2161442193977664,0.19794520910234045,0.23428661606961768,0.0,0.0,0.0,0.0,0.0,0.0,0.0,0.0,0.0,0.0,0.0,0.0,False
direct_invariance_only,False,3.0,0.5,0.0,250,0.7513690547943115,0.7011356044441462,0.803764037272334,0.14519040042882986,0.12231022246385621,0.1691200962116307,0.20666029138512942,0.1978177888762552,0.21470371384439949,0.8875545833333333,0.8792453645833332,0.8959395260416666,0.0208044054787606,0.01796511967619881,0.02385473734922707,0.036543494059404255,0.025916200962703542,0.04685530082909993,-0.2661942548560694,-0.27779723790378147,-0.2533017755710368,0.2733610463116516,0.26236710348175596,0.2840612981392097,0.004,0.0,0.012,0.0,0.0,0.0,0.0,0.0,0.0,-0.19948953930166674,-0.21198868423690745,-0.18721627574514463,-6.284313164563581,-8.914818659467388,-4.845917141533215,-2.985656730280863,-3.473773218295997,-2.6136697587782236,0.7,0.6399,0.752,0.21644355780710242,0.1979517522603322,0.2355161728786824,0.0040438272594158775,-0.12239789517443089,0.12172666364976378,-0.018719505906105043,-0.040303048491477964,-0.00039347600936889647,0.0,0.0,0.0,0.00010582996336685068,-0.004231361827537382,0.004176525076258508,False
direct_invariance_only,False,3.0,1.0,0.0,250,0.7376028593778611,0.6893720762729645,0.788396702158451,0.15056158780256823,0.12436452335794938,0.177206496021342,0.20349489435075196,0.19419769418504798,0.21165218570139366,0.8860383333333333,0.8780221666666667,0.8942524999999999,0.0208044054787606,0.01796511967619881,0.02385473734922707,0.036543494059404255,0.025916200962703542,0.04685530082909993,-0.26682193896898043,-0.27972521771739867,-0.2538047354084486,0.27332166925550333,0.2625070985184604,0.2844079671051579,0.004,0.0,0.012,0.0,0.0,0.0,0.0,0.0,0.0,-0.20014380179785787,-0.21215368023279468,-0.1872670401362839,-6.301489521917113,-8.899527143723946,-4.856847816691203,-2.9954487385834607,-3.480800706368056,-2.6154577126821965,0.692,0.628,0.748,0.21524119169614334,0.19674856813975822,0.23393661698451723,-0.013132530094116746,-0.19784079449141262,0.15489653314778515,-0.032485701322555544,-0.06316797708570958,-0.007849879714846615,0.0,0.0,0.0,-0.0005484325328242485,-0.006821230338241319,0.005407996104652988,False
direct_invariance_only,False,3.0,2.0,0.0,250,0.6838999795913696,0.6353814856648445,0.7291348225980996,0.17524732799494622,0.1431423682477844,0.20788979862198395,0.19019931953286268,0.18026968044902816,0.1995008373149924,0.8778877083333333,0.8699105677083334,0.8853232656250001,0.0208044054787606,0.01796511967619881,0.02385473734922707,0.036543494059404255,0.025916200962703542,0.04685530082909993,-0.26608002660901214,-0.28066950969861004,-0.2518088911577356,0.26943728539153405,0.2562021462831168,0.28335814858738334,0.008,0.0,0.02,0.0,0.0,0.0,0.0,0.0,0.0,-0.1994739622371281,-0.21235773994728716,-0.18593292740030543,-6.2811873483274105,-9.117463913445787,-4.804962863902867,-2.985423596414593,-3.4304160614711234,-2.606852029013834,0.668,0.608,0.724,0.209355263344059,0.1899737414454071,0.22939434059451033,0.007169643495585909,-0.2891342296299325,0.33943782427454056,-0.08618858110904694,-0.13975595293939114,-0.03910174902677536,0.004,0.0,0.012,0.00012140702790552372,-0.009840975323422796,0.011483293071879295,False
direct_invariance_only,False,3.0,5.0,0.0,250,0.48099572336673735,0.43639901484549043,0.5242629982084035,0.2866529273718202,0.2408949521075058,0.329533752017307,0.15672278335846543,0.14501774227822728,0.16785660802728672,0.845441875,0.8369783749999999,0.854161953125,0.0208044054787606,0.01796511967619881,0.02385473734922707,0.036543494059404255,0.025916200962703542,0.04685530082909993,-0.22813931641080296,-0.24838948042157347,-0.20881658821333404,0.23262140816941174,0.21592722173917722,0.25126160945883813,0.016,0.004,0.032,0.0,0.0,0.0,0.0,0.0,0.0,-0.1635995156913761,-0.17801727702138717,-0.148406842260201,-5.242953014836101,-7.580647918669907,-3.9658183282865855,-2.448509314345615,-2.788665898845681,-2.161863637775829,0.556,0.492,0.616,0.17872158683556047,0.15860694173615306,0.1990935413485818,1.0454039769868952,0.5412378170596728,1.7828162814644946,-0.2890928373336792,-0.3638875210553408,-0.21626474812030794,0.012,0.0,0.02409999999999991,0.035995853573657526,0.01889136799030625,0.05323861046689572,False
direct_invariance_only,False,3.0,5.850318267065401,0.0,250,0.41185796225070953,0.371576811003685,0.45036359822750094,0.33084770689115267,0.28180607562488513,0.37800091974761835,0.145033048805545,0.13286802007043036,0.1564280730174598,0.8375795833333334,0.829357421875,0.846407140625,0.0208044054787606,0.01796511967619881,0.02385473734922707,0.036543494059404255,0.025916200962703542,0.04685530082909993,-0.20708316434284968,-0.22854255697618828,-0.18704573760290008,0.21636037769707928,0.1994516308288502,0.23483623717287244,0.004,0.0,0.012,0.0,0.0,0.0,0.0,0.0,0.0,-0.14718749854859828,-0.16212805023976745,-0.1327140158110503,-4.6667587397696595,-6.803071491030453,-3.4908247851432765,-2.202879144406123,-2.509650429684396,-1.929807368476732,0.504,0.44,0.56,0.16141035279236376,0.14066261021547152,0.18158332234799812,1.621598252053337,1.0497261558376896,2.512630908786487,-0.358230598449707,-0.43453797506392,-0.28546433826684947,0.0,-0.012,0.012,0.05240787071643534,0.03445597189555584,0.07005484003444,True
soft_objective_recourse,False,10.0,0.0,0.0,250,1.003862452864647,0.9602997097551823,1.0554659753471611,0.08861081285883408,0.07333236898692748,0.10304498823094152,0.20581939552079315,0.20037394987182758,0.21069276360481798,0.9084820833333334,0.9020740989583335,0.9148583385416666,0.0208044054787606,0.01796511967619881,0.02385473734922707,0.036543494059404255,0.025916200962703542,0.04685530082909993,-0.31608060256154064,-0.3249150629887173,-0.30670050797382414,0.31708257495760805,0.3096966392228897,0.32551442494174104,0.048,0.024,0.076,0.0,0.0,0.0,0.0,0.0,0.0,-0.24926463631919882,-0.2580776832911812,-0.24031047873996722,-7.649435712078526,-11.09401639078101,-5.843685820398117,-3.730614856561602,-4.274657844151705,-3.284606278474973,0.724,0.664,0.776,0.23545696530659538,0.21656183717198071,0.25380584366592945,0.0,0.0,0.0,0.0,0.0,0.0,0.0,0.0,0.0,0.0,0.0,0.0,False
direct_invariance_only,False,10.0,0.5,0.0,250,1.0073285514116288,0.9631294538468123,1.058940640580654,0.08830612457414028,0.07312641891009193,0.10264874500922185,0.20398609330316397,0.19913217227901256,0.20862690006842668,0.90886375,0.9025339843749999,0.9151988072916666,0.0208044054787606,0.01796511967619881,0.02385473734922707,0.036543494059404255,0.025916200962703542,0.04685530082909993,-0.31889206450181345,-0.3275618418372687,-0.3098798833756207,0.31953296472889214,0.3121336593723161,0.3279706357587578,0.048,0.024,0.076,0.0,0.0,0.0,0.0,0.0,0.0,-0.2520760982594717,-0.26055207057759633,-0.2434157861237909,-7.726370389854619,-11.240743840082331,-5.889227216244861,-3.772692552932491,-4.296967428735367,-3.316956251526229,0.724,0.664,0.776,0.23661720859466898,0.21791133839074484,0.25488679295278116,-0.07693467777609264,-0.16320075070665419,-0.014277433184858614,0.0034660985469818113,-0.002974423885345459,0.011861811876296997,0.0,-0.016,0.016,-0.0028114619402728963,-0.005624798366071135,-0.0005666252062499701,False
direct_invariance_only,False,10.0,1.0,0.0,250,1.0073285514116288,0.9631294538468123,1.058940640580654,0.08830612457414028,0.07312641891009193,0.10264874500922185,0.20398609330316397,0.19913217227901256,0.20862690006842668,0.90886375,0.9025339843749999,0.9151988072916666,0.0208044054787606,0.01796511967619881,0.02385473734922707,0.036543494059404255,0.025916200962703542,0.04685530082909993,-0.31889206450181345,-0.3275618418372687,-0.3098798833756207,0.31953296472889214,0.3121336593723161,0.3279706357587578,0.048,0.024,0.076,0.0,0.0,0.0,0.0,0.0,0.0,-0.2520760982594717,-0.26055207057759633,-0.2434157861237909,-7.726370389854619,-11.240743840082331,-5.889227216244861,-3.772692552932491,-4.296967428735367,-3.316956251526229,0.724,0.664,0.776,0.23661720859466898,0.21791133839074484,0.25488679295278116,-0.07693467777609264,-0.16320075070665419,-0.014277433184858614,0.0034660985469818113,-0.002974423885345459,0.011861811876296997,0.0,-0.016,0.016,-0.0028114619402728963,-0.005624798366071135,-0.0005666252062499701,False
direct_invariance_only,False,10.0,2.0,0.0,250,1.0141862448453902,0.9708439806908369,1.0658962365418674,0.08784053331585297,0.07258186443807817,0.10240130056130575,0.202506856898075,0.19782867976161272,0.20712047247239146,0.9095545833333333,0.9033794114583333,0.9156022239583333,0.0208044054787606,0.01796511967619881,0.02385473734922707,0.036543494059404255,0.025916200962703542,0.04685530082909993,-0.32080007158983515,-0.32942000581928654,-0.3118630657234667,0.321300141247547,0.31342952224968956,0.32959937191833316,0.056,0.028,0.088,0.0,0.0,0.0,0.0,0.0,0.0,-0.2539841053474934,-0.2627050292035549,-0.24518711747189986,-7.77858233994675,-11.345080705123387,-5.927256065964519,-3.801248707925466,-4.337113685145418,-3.353746094368391,0.724,0.664,0.776,0.23781346498571942,0.2188038009483978,0.2562217803806633,-0.12914662786822362,-0.2409503061373072,-0.05078243126526758,0.010323791980743409,0.0015023404777050023,0.021117052859067915,0.008,-0.008,0.028,-0.0047194690282945555,-0.008104452307434246,-0.0020032410334711926,False
direct_invariance_only,False,10.0,5.0,0.0,250,1.0462127367258072,1.000089209663868,1.0999885872900488,0.08664572216276598,0.07131019653933043,0.10117770097969513,0.19736967991527266,0.19272542346799484,0.20198592365117699,0.9094964583333333,0.903309625,0.9153050520833335,0.0208044054787606,0.01796511967619881,0.02385473734922707,0.036543494059404255,0.025916200962703542,0.04685530082909993,-0.3254153406307558,-0.33426887274213984,-0.3163057592780783,0.32566131290125633,0.3170543788441454,0.3343035583774016,0.064,0.0359,0.092,0.0,0.0,0.0,0.0,0.0,0.0,-0.25859937438841396,-0.2670979472576703,-0.24999455045591024,-7.904877571415808,-11.594046620579688,-6.0112073443482865,-3.8703230519854026,-4.411673922937285,-3.4004372363624866,0.724,0.664,0.776,0.24099742040399172,0.22179845216016372,0.2601190853212639,-0.2554418593372816,-0.43027158333182647,-0.13440421589832685,0.04235028386116028,0.026812298011779787,0.061479112869501105,0.016,-0.012,0.04,-0.009334738069215151,-0.013598446420646155,-0.005483547430657473,False
direct_invariance_only,False,10.0,5.850318267065401,0.0,250,1.0632960230112076,1.0161222826629877,1.1163178275763987,0.08598639126889986,0.07086306936298145,0.10040410264246424,0.19544325610125488,0.1904243102500618,0.20016762179048891,0.9098147916666667,0.9037735104166668,0.9155488072916665,0.0208044054787606,0.01796511967619881,0.02385473734922707,0.036543494059404255,0.025916200962703542,0.04685530082909993,-0.327891440415743,-0.3366554037499086,-0.3185466722599323,0.32813782585665835,0.31946793750787095,0.33715356925254775,0.08,0.044,0.116,0.0,0.0,0.0,0.0,0.0,0.0,-0.2610754741734011,-0.26968620467444754,-0.25224376071438975,-7.972635180498347,-11.642271720358425,-6.039955090394762,-3.9073815564752783,-4.452100077541426,-3.44121629069529,0.724,0.664,0.776,0.2430812455330984,0.22368761611338406,0.26251327314622325,-0.32319946841982095,-0.5150996349191291,-0.19482709811523977,0.05943357014656067,0.04174635975956917,0.08017885075211525,0.032,0.004,0.064,-0.01181083785420235,-0.0165365308300083,-0.007509241939353239,True
soft_objective_recourse,False,30.0,0.0,0.0,250,1.1692556875944138,1.119168443584442,1.2237162104696033,0.07838440884144346,0.06338301179049817,0.09261882700750904,0.20243886731801777,0.19743664791354593,0.20707486084957333,0.9085197916666666,0.9017423593750001,0.9148555520833334,0.0208044054787606,0.01796511967619881,0.02385473734922707,0.036543494059404255,0.025916200962703542,0.04685530082909993,-0.33190532058244243,-0.3414606350605884,-0.32258596057756433,0.3329691240132499,0.3249693844592913,0.34244205077517453,0.152,0.112,0.196,0.0,0.0,0.0,0.0,0.0,0.0,-0.2650893543401006,-0.2747311590127744,-0.2552559453529242,-8.08247361467146,-11.701644396297192,-6.168311555082778,-3.9674552243788614,-4.541394179338833,-3.4962495516445093,0.724,0.664,0.776,0.2496631395642185,0.2297275992181572,0.2697766994344573,0.0,0.0,0.0,0.0,0.0,0.0,0.0,0.0,0.0,0.0,0.0,0.0,False
direct_invariance_only,False,30.0,0.5,0.0,250,1.1701408380270004,1.119953968733549,1.2238001274287702,0.07835942038483848,0.06335908782073195,0.09260088536347043,0.20062121205096048,0.1959550187123355,0.20522983736533582,0.9086791666666666,0.9017849583333334,0.9150871927083333,0.0208044054787606,0.01796511967619881,0.02385473734922707,0.036543494059404255,0.025916200962703542,0.04685530082909993,-0.3345985877843477,-0.3440929437442797,-0.3250535433343841,0.3353020499060425,0.3271270930498775,0.34468944980572175,0.148,0.108,0.1920999999999999,0.0,0.0,0.0,0.0,0.0,0.0,-0.26778262154200594,-0.27733815000859596,-0.25823652580571815,-8.156173934556778,-11.834911660750008,-6.22949780634815,-4.0077639612477824,-4.580046598152499,-3.535596298882492,0.724,0.664,0.776,0.2502356983177369,0.23018408554684128,0.2703437979126001,-0.073700319885317,-0.1468491493722838,-0.022127454661149584,0.00088515043258667,0.0,0.0024468655586242674,-0.004,-0.02,0.008,-0.0026932672019053697,-0.005043135006660565,-0.0008770749997949188,False
direct_invariance_only,False,30.0,1.0,0.0,250,1.1742089978456498,1.1239240214586257,1.228530285999179,0.07825191991125478,0.06328801270973686,0.09247001803291673,0.19938579032395815,0.19477026242516926,0.20404522786545354,0.9083062499999999,0.9015349010416666,0.9147885625,0.0208044054787606,0.01796511967619881,0.02385473734922707,0.036543494059404255,0.025916200962703542,0.04685530082909993,-0.3354209021314023,-0.3447405527049561,-0.32588292674777947,0.33605653695063364,0.3279544104596996,0.34544171583002453,0.152,0.108,0.196,0.0,0.0,0.0,0.0,0.0,0.0,-0.26860493588906037,-0.27805491155467826,-0.2593532681428595,-8.178676280548046,-11.871832840898486,-6.249864218524127,-4.020071114661864,-4.5949442320167515,-3.54628275248742,0.724,0.664,0.776,0.2505693486838882,0.23043731414237315,0.270673940742774,-0.09620266587658577,-0.1919019692017203,-0.036605887910272465,0.0049533102512359616,0.00020858573913574218,0.01118524670600891,0.0,-0.02,0.02,-0.0035155815489598414,-0.006089736961841614,-0.001377282135142952,False
direct_invariance_only,False,30.0,2.0,0.0,250,1.1834390538930892,1.1344820438086987,1.2351360442370176,0.07801489719427511,0.06310652388880877,0.09211307864413701,0.19814539280410062,0.1933206479939693,0.20299373747401928,0.90898,0.9023239531249999,0.9153404479166667,0.0208044054787606,0.01796511967619881,0.02385473734922707,0.036543494059404255,0.025916200962703542,0.04685530082909993,-0.33741568566011426,-0.3472706721814076,-0.3278482786118899,0.3380161588834474,0.32962303594359155,0.3477458194685195,0.16,0.12,0.208,0.0,0.0,0.0,0.0,0.0,0.0,-0.27059971941777244,-0.28027677721711625,-0.261396554282574,-8.233262837746691,-11.908574972585939,-6.287229034564431,-4.049926007749496,-4.641619121775725,-3.566272279573994,0.724,0.664,0.776,0.251639847484515,0.23127017062001662,0.27232269701879025,-0.1507892230752308,-0.2788137138433843,-0.07043522523959246,0.014183366298675537,0.005161896222829819,0.023890172719955444,0.008,-0.016,0.032,-0.005510365077671916,-0.008780773182951937,-0.0028535063617893676,False
direct_invariance_only,False,30.0,5.0,0.0,250,1.2468399673700332,1.201129285210371,1.2976382604539396,0.07699156315434087,0.061975162282111286,0.09124915971168533,0.1889891338570575,0.18419563651346485,0.1935777919048791,0.9114383333333334,0.9050778489583334,0.9172760000000001,0.0208044054787606,0.01796511967619881,0.02385473734922707,0.036543494059404255,0.025916200962703542,0.04685530082909993,-0.35204929388861783,-0.3630062192326149,-0.3410190704885535,0.3523032319923459,0.3422176137381139,0.36367563386206325,0.268,0.208,0.324,0.0,0.0,0.0,0.0,0.0,0.0,-0.28523332764627607,-0.29576935517344455,-0.27531419214459724,-8.633706435305138,-12.57602660142455,-6.603060777986969,-4.268939651515829,-4.860751607161737,-3.780224963754873,0.724,0.664,0.776,0.26306310409822936,0.2409400948249703,0.28470014458420695,-0.5512328206336772,-0.8465130312871509,-0.3711841867851303,0.0775842797756195,0.05500392926931381,0.09957006838321686,0.116,0.068,0.16,-0.020143973306175476,-0.025918999290891774,-0.014888927818332624,False
direct_invariance_only,False,30.0,5.850318267065401,0.0,250,1.2614168096780778,1.2152308371037246,1.3101922673404218,0.07680951390239327,0.06178520506957064,0.09111690339440867,0.1872781607670446,0.18282695219450373,0.19180782736082663,0.9113727083333333,0.9050380416666667,0.9171203645833335,0.0208044054787606,0.01796511967619881,0.02385473734922707,0.036543494059404255,0.025916200962703542,0.04685530082909993,-0.3550996614711928,-0.36605434590615626,-0.3440037163197809,0.35528061435054364,0.3456455606882401,0.3665861282662557,0.288,0.228,0.34,0.0,0.0,0.0,0.0,0.0,0.0,-0.288283695228851,-0.29823169045040987,-0.2786014890244813,-8.71717868285805,-12.636710456250409,-6.681159459813992,-4.314592925038976,-4.910138966037365,-3.831721029751891,0.724,0.664,0.776,0.26535721050904804,0.24334503416751577,0.2868338900335291,-0.6347050681865891,-0.9564992764903836,-0.4382202183872826,0.09216112208366393,0.06760246301293373,0.11617267699241637,0.136,0.088,0.18,-0.023194340888750435,-0.02931680607987832,-0.017307645098450234,True
transport_anchor_only,False,0.0,0.0,0.1,250,0.0,0.0,0.0,0.638019762361688,0.6093189987874184,0.6657454803473697,0.11297805962402549,0.09839984249259516,0.12622225414692298,0.7803133333333333,0.7705525,0.790114,0.0208044054787606,0.01796511967619881,0.02385473734922707,0.036543494059404255,0.025916200962703542,0.04685530082909993,0.036543494059404255,0.026397450624808385,0.04661782865545995,0.09144583140458193,0.08409929803827805,0.09966226174425892,0.004,0.0,0.012,0.0,0.0,0.0,0.0,0.0,0.0,0.0,0.0,0.0,0.0,0.0,0.0,0.0,0.0,0.0,0.0,0.0,0.0,0.0,0.0,0.0,0.0,0.0,0.0,0.0,0.0,0.0,0.0,0.0,0.0,0.0,0.0,0.0,False
mediation_aware_recourse,False,0.0,0.5,0.1,250,0.0,0.0,0.0,0.638019762361688,0.6093189987874184,0.6657454803473697,0.11297805962402549,0.09839984249259516,0.12622225414692298,0.7803133333333333,0.7705525,0.790114,0.0208044054787606,0.01796511967619881,0.02385473734922707,0.036543494059404255,0.025916200962703542,0.04685530082909993,0.036543494059404255,0.026397450624808385,0.04661782865545995,0.09144583140458193,0.08409929803827805,0.09966226174425892,0.004,0.0,0.012,0.0,0.0,0.0,0.0,0.0,0.0,0.0,0.0,0.0,0.0,0.0,0.0,0.0,0.0,0.0,0.0,0.0,0.0,0.0,0.0,0.0,0.0,0.0,0.0,0.0,0.0,0.0,0.0,0.0,0.0,0.0,0.0,0.0,False
mediation_aware_recourse,False,0.0,1.0,0.1,250,0.0,0.0,0.0,0.638019762361688,0.6093189987874184,0.6657454803473697,0.11297805962402549,0.09839984249259516,0.12622225414692298,0.7803133333333333,0.7705525,0.790114,0.0208044054787606,0.01796511967619881,0.02385473734922707,0.036543494059404255,0.025916200962703542,0.04685530082909993,0.036543494059404255,0.026397450624808385,0.04661782865545995,0.09144583140458193,0.08409929803827805,0.09966226174425892,0.004,0.0,0.012,0.0,0.0,0.0,0.0,0.0,0.0,0.0,0.0,0.0,0.0,0.0,0.0,0.0,0.0,0.0,0.0,0.0,0.0,0.0,0.0,0.0,0.0,0.0,0.0,0.0,0.0,0.0,0.0,0.0,0.0,0.0,0.0,0.0,False
mediation_aware_recourse,False,0.0,2.0,0.1,250,0.023741169214248656,0.011870584607124328,0.035611753821372986,0.6674520150222999,0.6395427942280119,0.6938503026940893,0.09989804596692076,0.08781510207066251,0.11124351398035975,0.7837614583333332,0.7740931562500001,0.79363965625,0.0208044054787606,0.01796511967619881,0.02385473734922707,0.036543494059404255,0.025916200962703542,0.04685530082909993,0.04841026332644834,0.037672524900931426,0.060123721819059145,0.0926866006075283,0.08513336052732214,0.10115740371974127,0.004,0.0,0.012,0.0,0.0,0.0,0.0,0.0,0.0,-0.006434472336874923,-0.010429574382749326,-0.0031025440358391117,-0.32473001207147134,-0.589672628888944,-0.14286203305748857,-0.09630141863902808,-0.15753146654105282,-0.043472106167102946,0.036,0.016,0.06,0.006083496835851435,0.002408375454563269,0.010113708931305176,-0.32473001207147134,-0.5780620423201577,-0.1501805667634423,0.023741169214248656,0.011870584607124328,0.035611753821372986,0.0,0.0,0.0,-0.006434472336874923,-0.009971156348283172,-0.0029888014297228607,False
mediation_aware_recourse,False,0.0,5.0,0.1,250,0.1407512174844742,0.11701004827022553,0.16449238669872285,0.7706914783232653,0.7564545199916607,0.7834909475914826,0.05907385094490822,0.05310772941360934,0.06558551384710082,0.7978145833333333,0.7881598645833333,0.8067543697916666,0.0208044054787606,0.01796511967619881,0.02385473734922707,0.036543494059404255,0.025916200962703542,0.04685530082909993,0.08551635818409827,0.07541684438596276,0.09603131355264839,0.09565874566564306,0.08725447649852099,0.1044545713322469,0.0,0.0,0.0,0.0,0.0,0.0,0.0,0.0,0.0,-0.023364004142635116,-0.030176607855990842,-0.016331102331661598,-1.340125387164261,-2.199184468049585,-0.8757391659697383,-0.3496769628069698,-0.4727112400774654,-0.24120600327573175,0.152,0.11190000000000001,0.2,0.019232923930598424,0.013382618151449931,0.025689547268280127,-1.340125387164261,-2.1574801818576805,-0.8649872282885657,0.1407512174844742,0.11701004827022553,0.16449238669872285,-0.004,-0.012,0.0,-0.023364004142635116,-0.0300673354800117,-0.016724056809930304,False
mediation_aware_recourse,False,0.0,5.850318267065401,0.1,250,0.1577091954946518,0.13227222847938538,0.18149275965392583,0.7788660716552692,0.7673941099706957,0.789302036435774,0.05581066197998697,0.04998782656147967,0.06202353661194169,0.8000127083333332,0.7908580729166665,0.8088173020833332,0.0208044054787606,0.01796511967619881,0.02385473734922707,0.036543494059404255,0.025916200962703542,0.04685530082909993,0.08848996026914131,0.07873298137376086,0.09900977830466406,0.09548980403268524,0.08697963030196128,0.10458568590786539,0.0,0.0,0.0,0.0,0.0,0.0,0.0,0.0,0.0,-0.024307785980695263,-0.030956166390954956,-0.017210332336512285,-1.4214969735869833,-2.330332397019625,-0.9384619783712767,-0.36380205731861803,-0.48770960765549437,-0.2510868474095641,0.164,0.12,0.216,0.019990135395852433,0.014054419111271053,0.026320813646525852,-1.4214969735869833,-2.304568360116472,-0.9222854523885957,0.1577091954946518,0.13227222847938538,0.18149275965392583,-0.004,-0.012,0.0,-0.024307785980695263,-0.03115682809657853,-0.017729158891620213,True
transport_anchor_only,False,1.0,0.0,0.1,250,0.12196620321273803,0.0911419689208269,0.15295970934331415,0.497842698795533,0.4563885107449956,0.5356865847736285,0.1485329716175981,0.1337077187523722,0.16220845296939362,0.7853654166666666,0.7758353854166666,0.7948270520833333,0.0208044054787606,0.01796511967619881,0.02385473734922707,0.036543494059404255,0.025916200962703542,0.04685530082909993,-0.04534635254436663,-0.06272655574989164,-0.026825821094437468,0.12158342260226533,0.10918925337806466,0.1355633601575531,0.004,0.0,0.012,0.0,0.0,0.0,0.0,0.0,0.0,-0.02907066287148178,-0.03882682348434307,-0.01874617636130864,-0.24088715957627516,-0.9404753777126772,0.27731123164154,-0.4350855717036606,-0.5867873802403457,-0.2859199712191041,0.196,0.144,0.248,0.05548025473762633,0.040760947632557054,0.07093958312562164,0.20490067419169078,0.041107166829307006,0.4027976907649211,-0.007817347168922423,-0.01565309795439243,-0.0008851503133773804,0.0,0.0,0.0,0.005433422290791045,0.00103006287696657,0.010808697719228084,False
mediation_aware_recourse,False,1.0,0.5,0.1,250,0.0619427547454834,0.03871422171592712,0.08517128777503967,0.5633576644664055,0.5257864060308086,0.5993392646194373,0.12951385162496973,0.11452501102260702,0.1424421870812316,0.7831877083333334,0.7732251041666667,0.7929612395833333,0.0208044054787606,0.01796511967619881,0.02385473734922707,0.036543494059404255,0.025916200962703542,0.04685530082909993,-0.012520995883744356,-0.029268602019209687,0.004563423330289036,0.10962836753072662,0.09864938884445483,0.12230639625485035,0.004,0.0,0.012,0.0,0.0,0.0,0.0,0.0,0.0,-0.01826998743668659,-0.025792296931897538,-0.011383781149701545,0.6573673041939965,0.15225422673585604,0.9839500511176255,-0.2734374501211472,-0.3716262876200694,-0.17230159687997576,0.096,0.064,0.14,0.0336672386899176,0.02210757921669769,0.0468900057205058,1.1031551379619624,0.6681087463249406,1.5882384053688392,-0.06784079563617706,-0.09357763652503491,-0.0429891050606966,0.0,0.0,0.0,0.016234097725586233,0.007745065001830368,0.02450523376315705,False
mediation_aware_recourse,False,1.0,1.0,0.1,250,0.007742844343185425,0.0,0.018066636800765992,0.628229829872057,0.5968497283338091,0.656566753178542,0.11495724501186799,0.10020516840907742,0.12897016798794372,0.7799927083333333,0.7702935520833334,0.7897682864583333,0.0208044054787606,0.01796511967619881,0.02385473734922707,0.036543494059404255,0.025916200962703542,0.04685530082909993,0.030131316060877586,0.018126167165174296,0.04206083771550325,0.0938000683160732,0.08604437579743744,0.10257079747345958,0.004,0.0,0.012,0.0,0.0,0.0,0.0,0.0,0.0,-0.0023567043414166153,-0.0052581415168076375,0.0,0.1754670198778251,0.0,0.3951400208183364,-0.03527157465430997,-0.0821263691470273,0.0,0.012,0.0,0.028,0.0043844411699716385,0.0,0.01017938105372172,0.621254853645791,0.022512584820959552,1.3462027249860793,-0.12204070603847504,-0.15212879566848278,-0.0911419689208269,0.0,0.0,0.0,0.032147380820856206,0.022061040247384974,0.042034195647199644,False
mediation_aware_recourse,False,1.0,2.0,0.1,250,0.0,0.0,0.0,0.638019762361688,0.6093189987874184,0.6657454803473697,0.11297805962402549,0.09839984249259516,0.12622225414692298,0.7803133333333333,0.7705525,0.790114,0.0208044054787606,0.01796511967619881,0.02385473734922707,0.036543494059404255,0.025916200962703542,0.04685530082909993,0.036543494059404255,0.026397450624808385,0.04661782865545995,0.09144583140458193,0.08409929803827805,0.09966226174425892,0.004,0.0,0.012,0.0,0.0,0.0,0.0,0.0,0.0,0.0,0.0,0.0,0.0,0.0,0.0,0.0,0.0,0.0,0.0,0.0,0.0,0.0,0.0,0.0,0.44578783376796594,-0.0879474348617808,1.121241133573788,-0.12978355038166045,-0.16237808530032632,-0.097116375207901,0.0,0.0,0.0,0.034504085162272824,0.023953571295700356,0.04478695078699202,False
mediation_aware_recourse,False,1.0,5.0,0.1,250,0.06886606800556183,0.048589134648442264,0.08936464726924896,0.6905087086717956,0.6624744399177669,0.7155624989297029,0.08442722267465805,0.07457686108296378,0.0935441385012166,0.7902466666666667,0.7803384479166667,0.8000373177083333,0.0208044054787606,0.01796511967619881,0.02385473734922707,0.036543494059404255,0.025916200962703542,0.04685530082909993,0.04900197628068963,0.035857057923847274,0.0631278549688859,0.0993934137021076,0.09041127836435324,0.10950423302161835,0.008,0.0,0.02,0.0,0.0,0.0,0.0,0.0,0.0,-0.01923653021173459,-0.026201376093606652,-0.012228258960105173,-0.34092203118380393,-0.6937433254551972,-0.07173971246336423,-0.2879031958014886,-0.40605420327986536,-0.180631098130671,0.072,0.044,0.108,0.012299621939012368,0.006758573867343719,0.019206176725024577,0.104865802584162,-0.47099926694135946,0.7414316089769063,-0.06091748237609863,-0.10363070489168166,-0.019023998111486445,0.004,0.0,0.012,0.015267554950538234,0.0021040528389022002,0.028346090733866455,False
mediation_aware_recourse,False,1.0,5.850318267065401,0.1,250,0.10794392025470734,0.08412638564407825,0.13102531020343303,0.7214126419608379,0.6964426547092378,0.7441030131431962,0.07113682639682076,0.06357161836695123,0.07922787480339455,0.7953735416666666,0.7853565937499999,0.8050751614583335,0.0208044054787606,0.01796511967619881,0.02385473734922707,0.036543494059404255,0.025916200962703542,0.04685530082909993,0.057935800361345914,0.04372471403497492,0.07116964150852155,0.10214372556010681,0.09265539772670031,0.11245674237368831,0.004,0.0,0.012,0.0,0.0,0.0,0.0,0.0,0.0,-0.02605857761510817,-0.033166694828550065,-0.018760970906052266,-0.5853930187181013,-1.0057155991804716,-0.2902906059379731,-0.3900052499516895,-0.5137153497098353,-0.2801874203148489,0.088,0.056,0.128,0.012997539076488035,0.007673046998894483,0.01945239346901622,-0.1396051849501354,-0.7629866478901196,0.4716584954859927,-0.021839630126953124,-0.06460895185172558,0.022847135305404664,0.0,-0.012,0.012,0.008445507547164654,-0.005169741990093169,0.021835772679597985,True
transport_anchor_only,False,3.0,0.0,0.1,250,0.7618777375221253,0.7143047423064708,0.8127110051125287,0.14138066384719214,0.119597745000657,0.16386056597998627,0.20964851940968773,0.201887915283447,0.21731411515718874,0.889365,0.8811198697916667,0.8976873229166668,0.0208044054787606,0.01796511967619881,0.02385473734922707,0.036543494059404255,0.025916200962703542,0.04685530082909993,-0.26502536188323556,-0.2765499704693728,-0.25220716929849796,0.2727216350403434,0.2624610979836055,0.2832270629707682,0.004,0.0,0.012,0.0,0.0,0.0,0.0,0.0,0.0,-0.19827870071476802,-0.21047185452353478,-0.18549612831469528,-6.252326815066356,-8.866979157881643,-4.851218282330771,-2.9675347355691946,-3.436604475938324,-2.5975962296642865,0.708,0.648,0.76,0.2161442193977664,0.19794520910234045,0.23428661606961768,0.036030176756640664,0.0,0.11018625954849441,-0.00821082317829132,-0.023070754647254943,0.0,0.0,0.0,0.0,0.0013166685502655844,0.0,0.0035798089961215336,False
mediation_aware_recourse,False,3.0,0.5,0.1,250,0.7414624338150024,0.6930556880295277,0.7920257936120033,0.14870449305377276,0.12411450091120894,0.17470960687140924,0.20557750936538474,0.19667924635600836,0.2140105033830585,0.8855447916666667,0.8768793437500001,0.894063609375,0.0208044054787606,0.01796511967619881,0.02385473734922707,0.036543494059404255,0.025916200962703542,0.04685530082909993,-0.2649785995534703,-0.27677943636796565,-0.2519729397024885,0.27218444725912194,0.2609425352131418,0.2834329936641204,0.004,0.0,0.012,0.0,0.0,0.0,0.0,0.0,0.0,-0.19830046238234772,-0.21123579017566502,-0.18575705106591284,-6.2510471801828045,-8.890933840478663,-4.8301786031314675,-2.9678604311896213,-3.4535016266150063,-2.5933145638681045,0.692,0.628,0.748,0.21524119169614334,0.19674856813975822,0.23393661698451723,0.03730981164019198,-0.08789817891030294,0.17526821472969284,-0.028626126885414122,-0.055768393781781195,-0.006438659980893137,0.0,0.0,0.0,0.0012949068826858916,-0.003191531544458013,0.00570731106817096,False
mediation_aware_recourse,False,3.0,1.0,0.1,250,0.7227429279088974,0.6732085528284312,0.7718093241542577,0.1558980975116945,0.12813238563930454,0.18429579322256617,0.20244703658442498,0.19285439758988093,0.2108713084173067,0.883884375,0.8753410625,0.89185053125,0.0208044054787606,0.01796511967619881,0.02385473734922707,0.036543494059404255,0.025916200962703542,0.04685530082909993,-0.2638969731670363,-0.27679452152268424,-0.24995353026377018,0.2706586519249123,0.2592980580177287,0.2821486965415895,0.004,0.0,0.012,0.0,0.0,0.0,0.0,0.0,0.0,-0.19722640872117467,-0.2099418445516435,-0.18471944052851394,-6.221448850458895,-8.799956392448623,-4.795104383937279,-2.951785625696612,-3.420721959545651,-2.572442033773853,0.684,0.624,0.74,0.213363054075714,0.19461224782446718,0.23276624177222385,0.0669081413641015,-0.10853133556124359,0.24512282781578765,-0.04734563279151917,-0.08035035181939602,-0.019319705083966257,0.0,0.0,0.0,0.002368960543858963,-0.00383312239434832,0.00816624851703085,False
mediation_aware_recourse,False,3.0,2.0,0.1,250,0.670995239019394,0.6222488674908877,0.7182172181844712,0.1794739421866858,0.1460123400825718,0.21300802753793968,0.19033074800939315,0.1796718441556714,0.19973215787287618,0.87644625,0.8683924895833334,0.88379821875,0.0208044054787606,0.01796511967619881,0.02385473734922707,0.036543494059404255,0.025916200962703542,0.04685530082909993,-0.262237514259906,-0.27691736478449125,-0.24773774110480057,0.26648183907023176,0.2530443853758975,0.2809159509631995,0.008,0.0,0.02,0.0,0.0,0.0,0.0,0.0,0.0,-0.19568323038652288,-0.20874850765006023,-0.18178692294269203,-6.176038334857055,-8.884917997832753,-4.726074341886075,-2.9286896739138513,-3.3775350350970132,-2.5565236520128294,0.664,0.6,0.72,0.2086551526417018,0.18996105719398168,0.2292086246646799,0.11231865696594134,-0.16537739531144097,0.427726248901049,-0.09909332168102264,-0.15319609795808795,-0.05218862018287182,0.004,0.0,0.012,0.003912138878510696,-0.005931522097756777,0.014873173032658126,False
mediation_aware_recourse,False,3.0,5.0,0.1,250,0.48099572336673735,0.43639901484549043,0.5242629982084035,0.2866529273718202,0.2408949521075058,0.329533752017307,0.15672278335846543,0.14501774227822728,0.16785660802728672,0.845441875,0.8369783749999999,0.854161953125,0.0208044054787606,0.01796511967619881,0.02385473734922707,0.036543494059404255,0.025916200962703542,0.04685530082909993,-0.22813931641080296,-0.24838948042157347,-0.20881658821333404,0.23262140816941174,0.21592722173917722,0.25126160945883813,0.016,0.004,0.032,0.0,0.0,0.0,0.0,0.0,0.0,-0.1635995156913761,-0.17801727702138717,-0.148406842260201,-5.242953014836101,-7.580647918669907,-3.9658183282865855,-2.448509314345615,-2.788665898845681,-2.161863637775829,0.556,0.492,0.616,0.17872158683556047,0.15860694173615306,0.1990935413485818,1.0454039769868952,0.5412378170596728,1.7828162814644946,-0.2890928373336792,-0.3638875210553408,-0.21626474812030794,0.012,0.0,0.02409999999999991,0.035995853573657526,0.01889136799030625,0.05323861046689572,False
mediation_aware_recourse,False,3.0,5.850318267065401,0.1,250,0.4092770141363144,0.3698810132026672,0.4477930794000625,0.33224683881307415,0.2823969256952117,0.3785384496575969,0.14476089862038577,0.13240226945052752,0.1561793649099319,0.8365410416666667,0.8279878645833333,0.8453959375,0.0208044054787606,0.01796511967619881,0.02385473734922707,0.036543494059404255,0.025916200962703542,0.04685530082909993,-0.20648047665219327,-0.22836630220138238,-0.1862772158118855,0.21588210402123717,0.19847106225460903,0.23422843092830387,0.004,0.0,0.012,0.0,0.0,0.0,0.0,0.0,0.0,-0.14663734679518978,-0.16179441889701937,-0.13245259104469445,-4.650266400813874,-6.766812711857772,-3.4786651659913113,-2.1946453077298242,-2.499759838765211,-1.9223005883011315,0.5,0.436,0.556,0.16083393307033128,0.14017637030553834,0.18100560474748348,1.6380905910091226,1.0526826042309914,2.558928803510033,-0.3608115465641022,-0.43878158274292944,-0.2872309137523174,0.0,-0.012,0.012,0.05295802246984382,0.03503812621607257,0.07061441731293858,True
transport_anchor_only,False,10.0,0.0,0.1,250,1.003862452864647,0.9602997097551823,1.0554659753471611,0.08861085313136363,0.07333240825264378,0.10304502850347107,0.20547470203757856,0.20020443564092397,0.2102184633522397,0.9082329166666667,0.9016688489583333,0.9146873541666667,0.0208044054787606,0.01796511967619881,0.02385473734922707,0.036543494059404255,0.025916200962703542,0.04685530082909993,-0.31649631235296877,-0.32530908707325923,-0.30712726749603064,0.3174133208221681,0.30990970857486094,0.32563593085001946,0.044,0.02,0.072,0.0,0.0,0.0,0.0,0.0,0.0,-0.24968034611062698,-0.2583348716412189,-0.24080972862094235,-7.6608114658789805,-11.13054160997261,-5.842415029627608,-3.7368365699455017,-4.2777218447428105,-3.2876720867278375,0.724,0.664,0.776,0.23539783653315557,0.2165041866178769,0.2537432018838669,-0.011375753800454191,-0.04946390587088656,0.004436779141825586,0.0,0.0,0.0,-0.004,-0.012,0.0,-0.00041570979142815045,-0.0017810967125922081,0.00017738632031940948,False
mediation_aware_recourse,False,10.0,0.5,0.1,250,1.007119965672493,0.9629156534641982,1.0587372694849968,0.08831205134824897,0.07313234568420063,0.10264874500922185,0.20431821347783727,0.19926731926082272,0.20911549445304184,0.9086397916666666,0.902219046875,0.9150772135416667,0.0208044054787606,0.01796511967619881,0.02385473734922707,0.036543494059404255,0.025916200962703542,0.04685530082909993,-0.3182729532605392,-0.326926221506272,-0.3093493230658435,0.31906721070511185,0.3114554309972837,0.3276746836295512,0.048,0.024,0.076,0.0,0.0,0.0,0.0,0.0,0.0,-0.2514569870181974,-0.2602688436749523,-0.24272892409574529,-7.709428626150585,-11.20135675422056,-5.888894621238143,-3.763426635276991,-4.295822353358727,-3.3086507613927867,0.724,0.664,0.776,0.23661720859466898,0.21791133839074484,0.25488679295278116,-0.05999291407205831,-0.13264448383244817,-0.00870319832233868,0.0032575128078460693,-0.002974423885345459,0.011861811876296997,0.0,-0.016,0.016,-0.002192350698998639,-0.004486037876738197,-0.0003524588960743651,False
mediation_aware_recourse,False,10.0,1.0,0.1,250,1.0073285514116288,0.9631294538468123,1.058940640580654,0.08831111559345867,0.07312641891009193,0.10264911933567072,0.20393838073274262,0.19905344758129623,0.2086043612907735,0.9088154166666667,0.9024440000000001,0.9151254895833332,0.0208044054787606,0.01796511967619881,0.02385473734922707,0.036543494059404255,0.025916200962703542,0.04685530082909993,-0.31889180729195993,-0.32756182897677605,-0.3098793818164063,0.3195327075190385,0.3121336465118234,0.3279706357587578,0.048,0.024,0.076,0.0,0.0,0.0,0.0,0.0,0.0,-0.25207584104961805,-0.26055205771710366,-0.24341527813433,-7.72636335139647,-11.240733844749382,-5.889216232629027,-3.772688703405679,-4.296959091429821,-3.316956251526229,0.724,0.664,0.776,0.23661720859466898,0.21791133839074484,0.25488679295278116,-0.07692763931794389,-0.16320047921416725,-0.014270395057221741,0.0034660985469818113,-0.002974423885345459,0.011861811876296997,0.0,-0.016,0.016,-0.0028112047304193065,-0.005624791935824795,-0.0005663679963963806,False
mediation_aware_recourse,False,10.0,2.0,0.1,250,1.0139776591062546,0.9708335514038801,1.06569286544621,0.08784053331585297,0.07258186443807817,0.10240130056130575,0.20261334449062327,0.19793230649875324,0.2071463321046367,0.9091929166666667,0.9028854375,0.9154737708333333,0.0208044054787606,0.01796511967619881,0.02385473734922707,0.036543494059404255,0.025916200962703542,0.04685530082909993,-0.32070185990717925,-0.32927962570178004,-0.31171092524079547,0.32122047044559154,0.3133511612942504,0.3295313004371127,0.056,0.028,0.088,0.0,0.0,0.0,0.0,0.0,0.0,-0.25388589366483744,-0.2625756373656508,-0.24515966673969647,-7.7758948114226225,-11.337544425973736,-5.925039124743799,-3.7997788244802475,-4.336155169445048,-3.35368123551896,0.724,0.664,0.776,0.23781346498571942,0.2188038009483978,0.2562217803806633,-0.12645909934409616,-0.2357002309779291,-0.050599150082399035,0.010115206241607666,0.0012989693820476536,0.020699881380796432,0.008,-0.008,0.028,-0.004621257345638673,-0.007923185697540913,-0.0019834622531667446,False
mediation_aware_recourse,False,10.0,5.0,0.1,250,1.0414680119752884,0.9931030063152313,1.0959832470148803,0.08688942288775062,0.07165021023044962,0.10118015200224681,0.19783464473966325,0.1930586658915252,0.2025033188537359,0.9091910416666668,0.9031460833333333,0.9150093854166668,0.0208044054787606,0.01796511967619881,0.02385473734922707,0.036543494059404255,0.025916200962703542,0.04685530082909993,-0.324375826007413,-0.3330939931710687,-0.3151334426721385,0.32462250408654697,0.31642240209464095,0.3332370970961357,0.06,0.032,0.088,0.0,0.0,0.0,0.0,0.0,0.0,-0.2575598597650711,-0.26595738678560565,-0.24887631161631277,-7.87643161543653,-11.520375775859248,-5.990635631424337,-3.8547651744030826,-4.401519757902446,-3.390183418990607,0.724,0.664,0.776,0.2399579057806489,0.2208071966763232,0.2589119695695195,-0.22699590335800401,-0.38711468842276436,-0.1162254703212069,0.03760555911064148,0.021724905675649643,0.05464325209259986,0.012,-0.012,0.04,-0.008295223445872336,-0.012043441425521382,-0.004534796714945826,False
mediation_aware_recourse,False,10.0,5.850318267065401,0.1,250,1.0626194583177566,1.0164659042239188,1.1156560478776691,0.08593464164907312,0.07065563756976041,0.10048389626976217,0.19564831813316477,0.19049517357112697,0.20040105021996385,0.9095575,0.9034206770833334,0.9153569739583335,0.0208044054787606,0.01796511967619881,0.02385473734922707,0.036543494059404255,0.025916200962703542,0.04685530082909993,-0.32762246500834546,-0.33671617869987536,-0.31800676717841203,0.32786885044926084,0.3192233688430437,0.3367100151409576,0.08,0.044,0.116,0.0,0.0,0.0,0.0,0.0,0.0,-0.26080649876600365,-0.26935674926616576,-0.2521709147319253,-7.96527476206216,-11.641554215775477,-6.039646284220498,-3.90335594070521,-4.450579048913348,-3.4359240952599723,0.724,0.664,0.776,0.2428122701257009,0.22345356123842655,0.26231624718189417,-0.31583904998363366,-0.5124930851348888,-0.18815349543448864,0.05875700545310974,0.041410600042343135,0.07956637638807297,0.032,0.004,0.064,-0.011541862446804838,-0.016156665842249954,-0.007479097496339894,True
transport_anchor_only,False,30.0,0.0,0.1,250,1.1692556875944138,1.119168443584442,1.2237162104696033,0.078384449113973,0.06338301279731141,0.09261882700750904,0.20210728712849071,0.19711762094273047,0.20689142104253166,0.9080052083333332,0.9011120260416666,0.9144570208333334,0.0208044054787606,0.01796511967619881,0.02385473734922707,0.036543494059404255,0.025916200962703542,0.04685530082909993,-0.3320830567729941,-0.3413262918607561,-0.32274813090038584,0.33310114238372457,0.32508511187144373,0.3423595393303973,0.148,0.104,0.192,0.0,0.0,0.0,0.0,0.0,0.0,-0.2652670905306522,-0.27498473059349543,-0.2553171429062262,-8.087337303684414,-11.727878972712737,-6.182725067730123,-3.9701153099923365,-4.534121004614675,-3.491210863180645,0.724,0.664,0.776,0.24936603718990225,0.22936543507373353,0.2694344187451725,-0.0048636890129536425,-0.04554121125259658,0.029136591389887907,0.0,0.0,0.0,-0.004,-0.012,0.0,-0.0001777361905516981,-0.001504248783234399,0.0010514981599876534,False
mediation_aware_recourse,False,30.0,0.5,0.1,250,1.1701408380270004,1.119953968733549,1.2238001274287702,0.07835942038483848,0.06335908782073195,0.09260088536347043,0.20062121205096048,0.1959550187123355,0.20522983736533582,0.9086791666666666,0.9017849583333334,0.9150871927083333,0.0208044054787606,0.01796511967619881,0.02385473734922707,0.036543494059404255,0.025916200962703542,0.04685530082909993,-0.3345985877843477,-0.3440929437442797,-0.3250535433343841,0.3353020499060425,0.3271270930498775,0.34468944980572175,0.148,0.108,0.1920999999999999,0.0,0.0,0.0,0.0,0.0,0.0,-0.26778262154200594,-0.27733815000859596,-0.25823652580571815,-8.156173934556778,-11.834911660750008,-6.22949780634815,-4.0077639612477824,-4.580046598152499,-3.535596298882492,0.724,0.664,0.776,0.2502356983177369,0.23018408554684128,0.2703437979126001,-0.073700319885317,-0.1468491493722838,-0.022127454661149584,0.00088515043258667,0.0,0.0024468655586242674,-0.004,-0.02,0.008,-0.0026932672019053697,-0.005043135006660565,-0.0008770749997949188,False
mediation_aware_recourse,False,30.0,1.0,0.1,250,1.1742089978456498,1.1239240214586257,1.228530285999179,0.07825014748702683,0.06328796839913114,0.09246997372231103,0.1994414638072731,0.19480777693333778,0.2040931550771569,0.9082754166666667,0.9015046354166667,0.9147577291666665,0.0208044054787606,0.01796511967619881,0.02385473734922707,0.036543494059404255,0.025916200962703542,0.04685530082909993,-0.33535046888501036,-0.3446950755100854,-0.3258821677314886,0.3359861037042417,0.3279544104596996,0.34529575910351296,0.156,0.112,0.2,0.0,0.0,0.0,0.0,0.0,0.0,-0.2685345026426685,-0.2779809566459667,-0.2592828348964677,-8.17674889926706,-11.8717643709193,-6.246946784238209,-4.019016976701239,-4.592658585891031,-3.546259108300171,0.724,0.664,0.776,0.2504989154374963,0.23038466240533909,0.27060526832754184,-0.09427528459560008,-0.18796235473953785,-0.034201184394702995,0.0049533102512359616,0.00020858573913574218,0.01118524670600891,0.004,-0.012,0.02,-0.003445148302567946,-0.005980506198621256,-0.0013218750666588422,False
mediation_aware_recourse,False,30.0,2.0,0.1,250,1.1825539034605026,1.133526588112116,1.234454264870286,0.07802560944681726,0.06312768058757952,0.09212432650930627,0.19843075137462454,0.1937329627815839,0.20322614920707893,0.9084983333333333,0.901649765625,0.9148828072916667,0.0208044054787606,0.01796511967619881,0.02385473734922707,0.036543494059404255,0.025916200962703542,0.04685530082909993,-0.33688552922343573,-0.34666694569007866,-0.3273930693914027,0.3375058893856327,0.32920554767097415,0.34705254966517896,0.156,0.116,0.204,0.0,0.0,0.0,0.0,0.0,0.0,-0.27006956298109397,-0.27962640891704105,-0.2609167760527642,-8.218755291319502,-11.884661990701936,-6.277968734567136,-4.0419914306342655,-4.625525434975921,-3.5623553794172658,0.724,0.664,0.776,0.25120790273049237,0.2308093678952185,0.2718907522647676,-0.13628167664804103,-0.25107294508169625,-0.06056200328390938,0.013298215866088868,0.004276745796203614,0.022872210395336153,0.004,-0.016,0.024,-0.004980208640993362,-0.007988007075263655,-0.0024037859743156437,False
mediation_aware_recourse,False,30.0,5.0,0.1,250,1.2468399673700332,1.201129285210371,1.2976382604539396,0.07699156315434087,0.061975162282111286,0.09124915971168533,0.1889891338570575,0.18419563651346485,0.1935777919048791,0.9114383333333334,0.9050778489583334,0.9172760000000001,0.0208044054787606,0.01796511967619881,0.02385473734922707,0.036543494059404255,0.025916200962703542,0.04685530082909993,-0.35204929388861783,-0.3630062192326149,-0.3410190704885535,0.3523032319923459,0.3422176137381139,0.36367563386206325,0.268,0.208,0.324,0.0,0.0,0.0,0.0,0.0,0.0,-0.28523332764627607,-0.29576935517344455,-0.27531419214459724,-8.633706435305138,-12.57602660142455,-6.603060777986969,-4.268939651515829,-4.860751607161737,-3.780224963754873,0.724,0.664,0.776,0.26306310409822936,0.2409400948249703,0.28470014458420695,-0.5512328206336772,-0.8465130312871509,-0.3711841867851303,0.0775842797756195,0.05500392926931381,0.09957006838321686,0.116,0.068,0.16,-0.020143973306175476,-0.025918999290891774,-0.014888927818332624,False
mediation_aware_recourse,False,30.0,5.850318267065401,0.1,250,1.2614168096780778,1.2152308371037246,1.3101922673404218,0.07680951390239327,0.06178520506957064,0.09111690339440867,0.1872781607670446,0.18282695219450373,0.19180782736082663,0.9113727083333333,0.9050380416666667,0.9171203645833335,0.0208044054787606,0.01796511967619881,0.02385473734922707,0.036543494059404255,0.025916200962703542,0.04685530082909993,-0.3550996614711928,-0.36605434590615626,-0.3440037163197809,0.35528061435054364,0.3456455606882401,0.3665861282662557,0.288,0.228,0.34,0.0,0.0,0.0,0.0,0.0,0.0,-0.288283695228851,-0.29823169045040987,-0.2786014890244813,-8.71717868285805,-12.636710456250409,-6.681159459813992,-4.314592925038976,-4.910138966037365,-3.831721029751891,0.724,0.664,0.776,0.26535721050904804,0.24334503416751577,0.2868338900335291,-0.6347050681865891,-0.9564992764903836,-0.4382202183872826,0.09216112208366393,0.06760246301293373,0.11617267699241637,0.136,0.088,0.18,-0.023194340888750435,-0.02931680607987832,-0.017307645098450234,True
transport_anchor_only,False,0.0,0.0,0.5,250,0.0,0.0,0.0,0.638019762361688,0.6093189987874184,0.6657454803473697,0.11297805962402549,0.09839984249259516,0.12622225414692298,0.7803133333333333,0.7705525,0.790114,0.0208044054787606,0.01796511967619881,0.02385473734922707,0.036543494059404255,0.025916200962703542,0.04685530082909993,0.036543494059404255,0.026397450624808385,0.04661782865545995,0.09144583140458193,0.08409929803827805,0.09966226174425892,0.004,0.0,0.012,0.0,0.0,0.0,0.0,0.0,0.0,0.0,0.0,0.0,0.0,0.0,0.0,0.0,0.0,0.0,0.0,0.0,0.0,0.0,0.0,0.0,0.0,0.0,0.0,0.0,0.0,0.0,0.0,0.0,0.0,0.0,0.0,0.0,False
mediation_aware_recourse,False,0.0,0.5,0.5,250,0.0,0.0,0.0,0.638019762361688,0.6093189987874184,0.6657454803473697,0.11297805962402549,0.09839984249259516,0.12622225414692298,0.7803133333333333,0.7705525,0.790114,0.0208044054787606,0.01796511967619881,0.02385473734922707,0.036543494059404255,0.025916200962703542,0.04685530082909993,0.036543494059404255,0.026397450624808385,0.04661782865545995,0.09144583140458193,0.08409929803827805,0.09966226174425892,0.004,0.0,0.012,0.0,0.0,0.0,0.0,0.0,0.0,0.0,0.0,0.0,0.0,0.0,0.0,0.0,0.0,0.0,0.0,0.0,0.0,0.0,0.0,0.0,0.0,0.0,0.0,0.0,0.0,0.0,0.0,0.0,0.0,0.0,0.0,0.0,False
mediation_aware_recourse,False,0.0,1.0,0.5,250,0.0,0.0,0.0,0.638019762361688,0.6093189987874184,0.6657454803473697,0.11297805962402549,0.09839984249259516,0.12622225414692298,0.7803133333333333,0.7705525,0.790114,0.0208044054787606,0.01796511967619881,0.02385473734922707,0.036543494059404255,0.025916200962703542,0.04685530082909993,0.036543494059404255,0.026397450624808385,0.04661782865545995,0.09144583140458193,0.08409929803827805,0.09966226174425892,0.004,0.0,0.012,0.0,0.0,0.0,0.0,0.0,0.0,0.0,0.0,0.0,0.0,0.0,0.0,0.0,0.0,0.0,0.0,0.0,0.0,0.0,0.0,0.0,0.0,0.0,0.0,0.0,0.0,0.0,0.0,0.0,0.0,0.0,0.0,0.0,False
mediation_aware_recourse,False,0.0,2.0,0.5,250,0.015262180209159851,0.006783191204071045,0.025436967015266418,0.6567168816625827,0.6276605844064215,0.6837777131099082,0.10444641331965392,0.09188061954730656,0.11644144354858574,0.7818729166666667,0.772232640625,0.7916637708333333,0.0208044054787606,0.01796511967619881,0.02385473734922707,0.036543494059404255,0.025916200962703542,0.04685530082909993,0.04429469712653359,0.033277712512647,0.05516589717343691,0.09234411034618081,0.08486648319276187,0.1008449169144996,0.004,0.0,0.012,0.0,0.0,0.0,0.0,0.0,0.0,-0.004292458231033156,-0.0077822601300862404,-0.001535028060928265,-0.21210897498003778,-0.41763907845862475,-0.07436610466298278,-0.06424300167215091,-0.11916374552177517,-0.023149545683580044,0.028,0.008,0.048,0.004735847763114707,0.001497992243900236,0.008247099410497366,-0.21210897498003778,-0.4020560504876314,-0.08346648305133732,0.015262180209159851,0.006783191204071045,0.025436967015266418,0.0,0.0,0.0,-0.004292458231033156,-0.007346230722556676,-0.0016439997085062785,False
mediation_aware_recourse,False,0.0,5.0,0.5,250,0.13905541968345642,0.11531425046920776,0.16449238669872285,0.7694006880707887,0.7550624473494265,0.7821678864546434,0.05949296683739476,0.05339560526647519,0.06598645809389753,0.7965191666666667,0.7867458072916665,0.8056103124999999,0.0208044054787606,0.01796511967619881,0.02385473734922707,0.036543494059404255,0.025916200962703542,0.04685530082909993,0.08508052100410322,0.07500748695011851,0.09562782310357572,0.09567884123815992,0.08733251919948858,0.10453296020808257,0.0,0.0,0.0,0.0,0.0,0.0,0.0,0.0,0.0,-0.023164840085091162,-0.029820374828391696,-0.01613388133243574,-1.3281988543787935,-2.187423644837818,-0.8683264556005327,-0.3466961773937709,-0.4650013399806118,-0.23814770238731767,0.148,0.104,0.196,0.01903653666946279,0.013201239195265717,0.025497633323491076,-1.3281988543787935,-2.1363606245453686,-0.8593672855712207,0.13905541968345642,0.11531425046920776,0.16449238669872285,-0.004,-0.012,0.0,-0.023164840085091162,-0.029964904276730764,-0.016532267747197824,False
mediation_aware_recourse,False,0.0,5.850318267065401,0.5,250,0.15601339769363404,0.13227222847938538,0.18145036470890044,0.778165407256658,0.7663264650064714,0.7890957335766576,0.05616729303960693,0.05043899521522188,0.062487446923858346,0.7988025,0.789288734375,0.8080482552083333,0.0208044054787606,0.01796511967619881,0.02385473734922707,0.036543494059404255,0.025916200962703542,0.04685530082909993,0.08831794359964568,0.07856701091659044,0.09874824018358558,0.09554759350385175,0.08702877924517707,0.10461037914296208,0.0,0.0,0.0,0.0,0.0,0.0,0.0,0.0,0.0,-0.024035545160828897,-0.03061666373539588,-0.01689618096657822,-1.416789797277679,-2.3219106258949807,-0.929250704297196,-0.3597275698094655,-0.4844542299017381,-0.24894439065957433,0.164,0.12,0.216,0.020010316068568238,0.014117597484516867,0.026299396465481156,-1.416789797277679,-2.282876492583491,-0.9240852990605504,0.15601339769363404,0.13227222847938538,0.18145036470890044,-0.004,-0.012,0.0,-0.024035545160828897,-0.030949586944816566,-0.0173322996625144,True
transport_anchor_only,False,1.0,0.0,0.5,250,0.09327776265144348,0.06761728715896606,0.12183187603652476,0.5296772383502468,0.4913509874150315,0.566866571569214,0.14642370873100044,0.13177385539495132,0.16079605163043342,0.7747897916666666,0.76572159375,0.7842423802083334,0.0208044054787606,0.01796511967619881,0.02385473734922707,0.036543494059404255,0.025916200962703542,0.04685530082909993,-0.01905046043768248,-0.03385651080555456,-0.003922838632944755,0.10313333836816985,0.09222235346853742,0.11478260167307035,0.004,0.0,0.012,0.0,0.0,0.0,0.0,0.0,0.0,-0.006835126577511103,-0.015548305509423347,0.0014750834468006617,0.4786907785359963,-0.02225768756354267,0.867733037826323,-0.10229780338310257,-0.22868468524910232,0.023634081633415155,0.148,0.104,0.1920999999999999,0.031214540537298916,0.02033441996240148,0.043310389439943225,0.9244786123039622,0.6011264764876101,1.3360677289180058,-0.03650578773021698,-0.05457614967226982,-0.02094373364746571,0.0,0.0,0.0,0.027668958584761722,0.01762302930613272,0.039498623021744256,False
mediation_aware_recourse,False,1.0,0.5,0.5,250,0.048814505696296695,0.02993722140789032,0.07125265742540357,0.5788663908076579,0.5443046365553509,0.6110276026733433,0.13008631362151102,0.11468859686199576,0.14369699959865911,0.7742525,0.7646425104166666,0.78390053125,0.0208044054787606,0.01796511967619881,0.02385473734922707,0.036543494059404255,0.025916200962703542,0.04685530082909993,0.004210798128162456,-0.009131299495058734,0.017830446245104787,0.09826997312259189,0.08904901618186702,0.10875431287286708,0.004,0.0,0.012,0.0,0.0,0.0,0.0,0.0,0.0,-0.004577348273662162,-0.01147863471428771,0.0018959346112472106,0.8847729743270449,0.5317259136073743,0.993045762377064,-0.06850680355440941,-0.16830086568825925,0.024476011666024908,0.076,0.048,0.116,0.018455022102451975,0.00993645519597139,0.02872706892112755,1.3305608080950109,0.5451730332438878,1.9583368396111205,-0.08096904468536377,-0.10758917331695557,-0.05434891605377197,0.0,0.0,0.0,0.029926736888610663,0.020457906589162175,0.040004730254864916,False
mediation_aware_recourse,False,1.0,1.0,0.5,250,0.010323792457580567,0.002580948114395142,0.020647584915161134,0.625074322259705,0.5938864342780356,0.6533045923625456,0.11566644432484,0.1010059656904748,0.12960561499815157,0.7795666666666667,0.7699217760416667,0.7891897291666667,0.0208044054787606,0.01796511967619881,0.02385473734922707,0.036543494059404255,0.025916200962703542,0.04685530082909993,0.027821745719210412,0.01569165322186828,0.039665697218864975,0.09443869576097409,0.08652833841869227,0.10328273652527688,0.004,0.0,0.012,0.0,0.0,0.0,0.0,0.0,0.0,-0.002996808195463629,-0.006037219715569093,0.0,0.2386676086861309,0.052635657300200665,0.48243599663855763,-0.044851677884806485,-0.09785489925256192,-0.00784162753263356,0.016,0.004,0.032099999999999906,0.005859278267828733,0.001410498713778443,0.01186671311648857,0.6844554424540968,0.046057532761228925,1.4250889569975023,-0.1194597579240799,-0.1504311352968216,-0.08760323023796082,0.0,0.0,0.0,0.031507276966809196,0.02141789851450566,0.04137142763619145,False
mediation_aware_recourse,False,1.0,2.0,0.5,250,0.0,0.0,0.0,0.638019762361688,0.6093189987874184,0.6657454803473697,0.11297805962402549,0.09839984249259516,0.12622225414692298,0.7803133333333333,0.7705525,0.790114,0.0208044054787606,0.01796511967619881,0.02385473734922707,0.036543494059404255,0.025916200962703542,0.04685530082909993,0.036543494059404255,0.026397450624808385,0.04661782865545995,0.09144583140458193,0.08409929803827805,0.09966226174425892,0.004,0.0,0.012,0.0,0.0,0.0,0.0,0.0,0.0,0.0,0.0,0.0,0.0,0.0,0.0,0.0,0.0,0.0,0.0,0.0,0.0,0.0,0.0,0.0,0.44578783376796594,-0.0879474348617808,1.121241133573788,-0.12978355038166045,-0.16237808530032632,-0.097116375207901,0.0,0.0,0.0,0.034504085162272824,0.023953571295700356,0.04478695078699202,False
mediation_aware_recourse,False,1.0,5.0,0.5,250,0.06289352428913117,0.04409074282646179,0.08154730010032654,0.6873021674455593,0.6592204578157698,0.7128232999330958,0.08634605152527391,0.07634053633018809,0.09608449597410164,0.7892204166666666,0.7793403645833334,0.7992011041666666,0.0208044054787606,0.01796511967619881,0.02385473734922707,0.036543494059404255,0.025916200962703542,0.04685530082909993,0.04860805129076985,0.03572585820926007,0.06195938919736062,0.09854199602443985,0.08977375696846092,0.10829094767591797,0.008,0.0,0.02,0.0,0.0,0.0,0.0,0.0,0.0,-0.017749537134704695,-0.024481911359704955,-0.011023750577043712,-0.33014241089682694,-0.6764555473199313,-0.082473719083303,-0.26564813970252343,-0.37593286994143144,-0.16793556983740618,0.068,0.04,0.1,0.011572245590022586,0.006128391782280247,0.018381651748339233,0.11564542287113899,-0.44079837213267864,0.7261288869605057,-0.0668900260925293,-0.1087015572488308,-0.02832294745743275,0.004,0.0,0.012,0.016754548027568126,0.0037015105880302285,0.029407316628125648,False
mediation_aware_recourse,False,1.0,5.850318267065401,0.5,250,0.10624812245368957,0.08250509066879749,0.13006379449367522,0.7223212318281258,0.6983031067295942,0.7452766441594361,0.07138811086209115,0.06361946269108161,0.07947660544345818,0.7934995833333333,0.783514140625,0.8031444479166666,0.0208044054787606,0.01796511967619881,0.02385473734922707,0.036543494059404255,0.025916200962703542,0.04685530082909993,0.058592388921599375,0.04411085508957163,0.07147924812204094,0.10067781878537986,0.0907451349184494,0.11098400889389909,0.004,0.0,0.012,0.0,0.0,0.0,0.0,0.0,0.0,-0.024524908664019737,-0.03197032555224418,-0.017051729168690872,-0.6033603362161524,-1.0413010845932948,-0.3100966692230509,-0.36705162019311044,-0.499898822329827,-0.2537305766365743,0.088,0.056,0.128,0.012997539076488035,0.007673046998894483,0.01945239346901622,-0.15757250244818644,-0.7766817136217619,0.4382041017810506,-0.023535427927970885,-0.06735358409285545,0.023436136886477468,0.0,-0.012,0.012,0.009979176498253084,-0.0037209536382728624,0.023253474712826558,True
transport_anchor_only,False,3.0,0.0,0.5,250,0.7269959783554077,0.6761033448934556,0.7797422734111548,0.1535708028036854,0.12911277412254227,0.1783586109983099,0.20742778221086894,0.19844723964110392,0.2159091977687456,0.8824637499999999,0.8734120989583334,0.8917003333333332,0.0208044054787606,0.01796511967619881,0.02385473734922707,0.036543494059404255,0.025916200962703542,0.04685530082909993,-0.25822831635666127,-0.2708809784248471,-0.24368938396129264,0.26721418430859056,0.25607272146814425,0.27858226524632895,0.004,0.0,0.012,0.0,0.0,0.0,0.0,0.0,0.0,-0.19185397949305485,-0.20479916042074445,-0.1789496922002169,-6.066328029194234,-8.609907526547186,-4.684383983239526,-2.8713792568261254,-3.3342049730734327,-2.512964643766445,0.684,0.62,0.7360999999999999,0.21132675016545824,0.19252335592996858,0.22950979453025183,0.22202896262876237,0.09489078600662555,0.4476726509651772,-0.04309258234500885,-0.07289030018150806,-0.0181174441576004,0.0,0.0,0.0,0.007741389771978742,0.0034085983711662953,0.013595084720318746,False
mediation_aware_recourse,False,3.0,0.5,0.5,250,0.7106488348245621,0.6585282969862223,0.7597712530702353,0.15956526637837587,0.13358525387746825,0.18668943381097963,0.20516259985739077,0.19582560077450972,0.21408874295024694,0.8810289583333333,0.872185890625,0.8896653020833334,0.0208044054787606,0.01796511967619881,0.02385473734922707,0.036543494059404255,0.025916200962703542,0.04685530082909993,-0.2565801456737499,-0.26987537794138955,-0.24217298798388542,0.26530801663886655,0.2535545045262327,0.2774188422873771,0.004,0.0,0.012,0.0,0.0,0.0,0.0,0.0,0.0,-0.18992707225469954,-0.2034677201756256,-0.17718033236134798,-6.021226411920524,-8.46003273573846,-4.678896837646113,-2.8425402330609613,-3.317079358963031,-2.4790570463108628,0.68,0.62,0.736,0.21084864862684463,0.1927375290577295,0.2302898599791887,0.2671305799024726,0.1348233888495059,0.5065955195204583,-0.05943972587585449,-0.09279359838366508,-0.03187194010317326,0.0,0.0,0.0,0.009668297010334063,0.005304347560654465,0.01547700754423858,False
mediation_aware_recourse,False,3.0,1.0,0.5,250,0.6730012372732163,0.6204810994714499,0.7242913766145707,0.17414469600536966,0.1456019468251206,0.20402770742441673,0.19958232306581147,0.18925551461488965,0.20867130733214453,0.8769360416666667,0.8685915,0.8857032291666666,0.0208044054787606,0.01796511967619881,0.02385473734922707,0.036543494059404255,0.025916200962703542,0.04685530082909993,-0.2527655620431295,-0.2666229418185082,-0.2379303300816501,0.26121152204866793,0.2483498034714535,0.27427695170884975,0.004,0.0,0.012,0.0,0.0,0.0,0.0,0.0,0.0,-0.18613526435270172,-0.20067466220580643,-0.1725353296920208,-5.916841658114018,-8.34495193750994,-4.5823792070941565,-2.785790205855712,-3.233003402666687,-2.41535118729044,0.672,0.612,0.724,0.2109644003982325,0.19192839626621438,0.23076655867693843,0.37151533370897827,0.1689442529222187,0.6896900680202984,-0.09708732342720032,-0.140112480160594,-0.060474963906407365,0.0,0.0,0.0,0.01346010491233192,0.00646335237759325,0.021517390297930036,False
mediation_aware_recourse,False,3.0,2.0,0.5,250,0.6294643715620041,0.5756191258102655,0.6779845654398202,0.19586710939346352,0.16049209525341512,0.2325415069839273,0.18756534173199158,0.17685728667690176,0.19727052306112713,0.8694054166666667,0.8603228333333333,0.877775171875,0.0208044054787606,0.01796511967619881,0.02385473734922707,0.036543494059404255,0.025916200962703542,0.04685530082909993,-0.2534889712145147,-0.269307447428081,-0.2371449046658712,0.25859862194672734,0.24421937366580293,0.2727783516261957,0.008,0.0,0.02,0.0,0.0,0.0,0.0,0.0,0.0,-0.1870678687746271,-0.20120834310322877,-0.17199165963970445,-5.93663749838614,-8.427925831221966,-4.582562082677485,-2.799748013762626,-3.2360671617491636,-2.437395638832425,0.648,0.5879,0.704,0.2056681695667401,0.186346201036926,0.22564206362403488,0.3517194934368568,0.06532764331191161,0.7429387343942618,-0.1406241891384125,-0.2003299472421408,-0.09176578624546528,0.004,0.0,0.012,0.012527500490406497,0.0021957798366979467,0.02395239541754113,False
mediation_aware_recourse,False,3.0,5.0,0.5,250,0.4351136070489883,0.39096952941119667,0.4760020346879959,0.3087348059704653,0.26010027955508247,0.3537499083736454,0.15319495682271195,0.14087219753586974,0.16477132101440212,0.8362995833333333,0.8274945052083331,0.8450129999999998,0.0208044054787606,0.01796511967619881,0.02385473734922707,0.036543494059404255,0.025916200962703542,0.04685530082909993,-0.21555276590107922,-0.23700476675284957,-0.19659055036234152,0.22155455125173415,0.20358020363411222,0.23967391702347704,0.016,0.004,0.032,0.0,0.0,0.0,0.0,0.0,0.0,-0.15167628924770743,-0.16719118486623166,-0.13604130262623854,-4.898526439499235,-7.040686575332513,-3.7136498119977905,-2.2700605525568074,-2.609333627736597,-2.0026086316404768,0.532,0.468,0.592,0.17156450499148598,0.15088503452571547,0.1914680816793839,1.3898305523237617,0.819516180902256,2.304830663725826,-0.3349749536514282,-0.41460963289141656,-0.2587580284059048,0.012,0.0,0.02409999999999991,0.04791908001732618,0.0300154348380535,0.06613540674030861,False
mediation_aware_recourse,False,3.0,5.850318267065401,0.5,250,0.3965808593034744,0.35786477501690384,0.4336195494055748,0.3402659796027702,0.2902427316698176,0.387713668821512,0.14299347406641907,0.13067954741184604,0.15406804607446262,0.8328206250000001,0.8236222291666666,0.842176125,0.0208044054787606,0.01796511967619881,0.02385473734922707,0.036543494059404255,0.025916200962703542,0.04685530082909993,-0.2029331150275456,-0.22498077021371254,-0.18273144301096672,0.21305954231134633,0.19537100267763158,0.2320730198437138,0.004,0.0,0.012,0.0,0.0,0.0,0.0,0.0,0.0,-0.1435765100231843,-0.1585213610806899,-0.12920231407862423,-4.5531940842236445,-6.617809294913086,-3.376364316741066,-2.1488353472646295,-2.446828043443027,-1.8892428860344679,0.484,0.42,0.5400999999999999,0.15752983387200473,0.13668851203896676,0.17678172771007344,1.735162907599352,1.1456754783326946,2.6376571207313853,-0.3735077013969421,-0.45423522856235504,-0.29909933106005193,0.0,-0.012,0.012,0.056018859241849295,0.037687388481806014,0.07505454927548609,True
transport_anchor_only,False,10.0,0.0,0.5,250,1.0029773024320603,0.9597801264315843,1.0553389553636312,0.08871698617953258,0.07346755751990533,0.10304502850347107,0.205560539870959,0.20034561452875757,0.21028223238400426,0.9078025,0.9010452239583334,0.9143506770833334,0.0208044054787606,0.01796511967619881,0.02385473734922707,0.036543494059404255,0.025916200962703542,0.04685530082909993,-0.31610661316769173,-0.32485173597011924,-0.30678686417199014,0.3170326379902791,0.30947414691153313,0.3254764362665563,0.044,0.02,0.072,0.0,0.0,0.0,0.0,0.0,0.0,-0.2492906469253499,-0.2580824517484787,-0.24046196785283022,-7.650147483265727,-11.11136198685952,-5.842415029627608,-3.7310041438474695,-4.275095449133137,-3.280556619590306,0.724,0.664,0.776,0.23500813734787854,0.21649004708344846,0.2533675517713251,-0.0007117711872002275,-0.043357710572633754,0.033678377667238045,-0.00088515043258667,-0.00265545129776001,0.0,-0.004,-0.012,0.0,-2.6010606151097628e-05,-0.0014245156946038609,0.0011705757751671521,False
mediation_aware_recourse,False,10.0,0.5,0.5,250,1.0086071776151657,0.9646120438963175,1.0602123434275388,0.08814930021873288,0.07298518087063809,0.10264874500922185,0.20473130691099528,0.1996380528420122,0.2093781721206356,0.9083518749999999,0.9017955625,0.9147898593749999,0.0208044054787606,0.01796511967619881,0.02385473734922707,0.036543494059404255,0.025916200962703542,0.04685530082909993,-0.3181538066724814,-0.3267926941313075,-0.3092785213428477,0.31896325145339666,0.31135777227039435,0.3275145434549197,0.052,0.027900000000000005,0.08,0.0,0.0,0.0,0.0,0.0,0.0,-0.2513378404301396,-0.26013241378095736,-0.242537433939998,-7.706168221224219,-11.19658768016276,-5.887252009452907,-3.761643429933141,-4.29315446605256,-3.3070370435649457,0.724,0.664,0.776,0.23657107769396687,0.21789715373245916,0.25479453115137707,-0.056732509145692944,-0.1296205627987835,-0.005828213765807203,0.004744724750518799,0.0,0.011861811876296997,0.004,-0.008,0.02,-0.0020732041109407903,-0.004407176711738102,-0.00024154461331858643,False
mediation_aware_recourse,False,10.0,1.0,0.5,250,1.0073285514116288,0.9631294538468123,1.058940640580654,0.08831111559345867,0.07312641891009193,0.10264911933567072,0.20393838073274262,0.19905344758129623,0.2086043612907735,0.9088154166666667,0.9024440000000001,0.9151254895833332,0.0208044054787606,0.01796511967619881,0.02385473734922707,0.036543494059404255,0.025916200962703542,0.04685530082909993,-0.31889180729195993,-0.32756182897677605,-0.3098793818164063,0.3195327075190385,0.3121336465118234,0.3279706357587578,0.048,0.024,0.076,0.0,0.0,0.0,0.0,0.0,0.0,-0.25207584104961805,-0.26055205771710366,-0.24341527813433,-7.72636335139647,-11.240733844749382,-5.889216232629027,-3.772688703405679,-4.296959091429821,-3.316956251526229,0.724,0.664,0.776,0.23661720859466898,0.21791133839074484,0.25488679295278116,-0.07692763931794389,-0.16320047921416725,-0.014270395057221741,0.0034660985469818113,-0.002974423885345459,0.011861811876296997,0.0,-0.016,0.016,-0.0028112047304193065,-0.005624791935824795,-0.0005663679963963806,False
mediation_aware_recourse,False,10.0,2.0,0.5,250,1.0133010944128036,0.9708166372865438,1.065002060881257,0.08791864474240366,0.07265938647176344,0.1024960723284905,0.20265502880093167,0.1978470409933581,0.2071913050187482,0.9085777083333333,0.9022906041666666,0.9148258333333333,0.0208044054787606,0.01796511967619881,0.02385473734922707,0.036543494059404255,0.025916200962703542,0.04685530082909993,-0.3200670179202745,-0.3286922728642802,-0.3111494428904351,0.3205865154917785,0.3129195028337287,0.32881587083297825,0.052,0.028,0.08,0.0,0.0,0.0,0.0,0.0,0.0,-0.25325105167793266,-0.26192184876794145,-0.2447960165856446,-7.758522581337761,-11.30601700618819,-5.912833782586456,-3.790277472893081,-4.325903379869584,-3.341912585946937,0.724,0.664,0.776,0.2371786229988146,0.21817302897919172,0.25539115855471567,-0.10908686925923483,-0.21682115879862057,-0.039152427788006164,0.009438641548156738,0.0008291278362274173,0.020023316675424577,0.004,-0.012,0.02,-0.003986415358733856,-0.007037127912563024,-0.0014473742826769545,False
mediation_aware_recourse,False,10.0,5.0,0.5,250,1.042487244963646,0.9944220884978772,1.0958688345402479,0.08673984781858576,0.07140963608861785,0.10102803486404806,0.19794636800310828,0.1931156725059792,0.20266222264156097,0.9089343750000001,0.9028908385416666,0.9147011666666666,0.0208044054787606,0.01796511967619881,0.02385473734922707,0.036543494059404255,0.025916200962703542,0.04685530082909993,-0.3244701209314352,-0.3334107189923195,-0.3151315666457946,0.3247167990096067,0.3163831877148366,0.3333661724991581,0.064,0.0359,0.096,0.0,0.0,0.0,0.0,0.0,0.0,-0.25765415468909336,-0.26610490732531566,-0.24925101348361292,-7.8790119632234425,-11.506260174032938,-5.979511860356344,-3.856176437748137,-4.404947828997474,-3.3911823559008445,0.724,0.664,0.776,0.24005220070467112,0.22095318093793126,0.25904756371072774,-0.2295762511449162,-0.38080023779943295,-0.11856899098037303,0.03862479209899902,0.02268418641090393,0.05538066633939743,0.016,-0.012,0.044,-0.00838951836989459,-0.012012010022469847,-0.004767105305081564,False
mediation_aware_recourse,False,10.0,5.850318267065401,0.5,250,1.0626194583177566,1.0164659042239188,1.1156560478776691,0.08592623399790739,0.07064722991859469,0.10047569880987557,0.19566392019245274,0.19049517357112697,0.20043838806364486,0.909495625,0.9033531145833332,0.9152647239583331,0.0208044054787606,0.01796511967619881,0.02385473734922707,0.036543494059404255,0.025916200962703542,0.04685530082909993,-0.32750617762511297,-0.33647872184883915,-0.31784498628519875,0.32775176257883476,0.3191845951343922,0.33647517583648257,0.084,0.048,0.12,0.0,0.0,0.0,0.0,0.0,0.0,-0.26069021138277115,-0.2692012812645222,-0.2520179274743909,-7.962092598281011,-11.641554215775477,-6.039279747852137,-3.901615527600793,-4.450115949236609,-3.4355865172493085,0.724,0.664,0.776,0.24269598274246842,0.2233925423334934,0.2620836724154292,-0.31265688620248433,-0.5033088440264502,-0.1858518613240605,0.05875700545310974,0.041410600042343135,0.07956637638807297,0.036,0.008,0.068,-0.011425575063572373,-0.016017806773093963,-0.007460957052039856,True
transport_anchor_only,False,30.0,0.0,0.5,250,1.1695983558893204,1.1191779084920883,1.2241113156199455,0.07837928232659487,0.06340691548555011,0.09253083924606914,0.2024614828555153,0.19750644570719927,0.20729493553839592,0.9072289583333334,0.9004138802083332,0.9138114166666667,0.0208044054787606,0.01796511967619881,0.02385473734922707,0.036543494059404255,0.025916200962703542,0.04685530082909993,-0.33142911092172916,-0.34049055441376574,-0.3221257186073488,0.33244799889161425,0.32434673229682187,0.34171804980632814,0.14,0.1,0.184,0.0,0.0,0.0,0.0,0.0,0.0,-0.2646131446793874,-0.27429123394367727,-0.2546454950057407,-8.06944230299833,-11.704410856934654,-6.16402534180862,-3.960328040750534,-4.523860912040402,-3.4903556968105978,0.724,0.664,0.776,0.2487120913386374,0.22902949981836487,0.2690467576592738,0.013031311673129764,-0.03169501926153586,0.05453030607212076,0.00034266829490661624,-0.002706258773803711,0.004753496646881104,-0.012,-0.028,0.0,0.00047620966071317363,-0.0010724261314646166,0.0019557049477539946,False
mediation_aware_recourse,False,30.0,0.5,0.5,250,1.1769240287542344,1.1280954622477293,1.231062893310189,0.0781563316706027,0.06315538732526031,0.09225250272397824,0.2003517556226086,0.1956218794821985,0.20508172272540567,0.9071108333333334,0.9002843020833334,0.9137249947916666,0.0208044054787606,0.01796511967619881,0.02385473734922707,0.036543494059404255,0.025916200962703542,0.04685530082909993,-0.3346874392321497,-0.34410743457307946,-0.3252880689997517,0.33532304648678446,0.327057484534596,0.3447056793345872,0.152,0.112,0.196,0.0,0.0,0.0,0.0,0.0,0.0,-0.2678714729898079,-0.27736668291851324,-0.25893468039280715,-8.158605323510926,-11.855446281412718,-6.228675191746148,-4.009093754900392,-4.584478512369957,-3.5322175425260522,0.724,0.664,0.776,0.2498358857846357,0.229934079652291,0.2697698219757023,-0.07613170883946552,-0.1700509921562649,-0.015683403910167384,0.0076683411598205565,0.001019232988357544,0.015880653941631316,0.0,-0.016,0.016,-0.002782118649707356,-0.005522541760167302,-0.0006168579482913741,False
mediation_aware_recourse,False,30.0,1.0,0.5,250,1.1792963908910752,1.1299240713477134,1.2334860593438148,0.07808756306896951,0.06312752447626116,0.09225700167796129,0.19940724182765787,0.19477154467055302,0.20400282540194634,0.9077520833333333,0.9006596770833334,0.9143458854166666,0.0208044054787606,0.01796511967619881,0.02385473734922707,0.036543494059404255,0.025916200962703542,0.04685530082909993,-0.3354913270681692,-0.34485871376431854,-0.32603862825912144,0.33612612647264506,0.3280196352693593,0.3456522550910473,0.156,0.112,0.2,0.0,0.0,0.0,0.0,0.0,0.0,-0.2686753608258274,-0.278420284075169,-0.25950248904861073,-8.180603434439035,-11.887431595120853,-6.241437664850065,-4.021125128256631,-4.595456933808456,-3.5467581733824285,0.724,0.664,0.776,0.25063977362065515,0.2306090512916426,0.27077636607238936,-0.09812981976757484,-0.1958250636202162,-0.03742855287446936,0.010040703296661378,0.0025809481084346775,0.018595464831590653,0.004,-0.012,0.02,-0.0035860064857268057,-0.006173556742814932,-0.0014218794040738983,False
mediation_aware_recourse,False,30.0,2.0,0.5,250,1.1816687532663346,1.1334914901703594,1.2343102851957082,0.07802716948302237,0.06302185776716802,0.09208423970617637,0.19889184397830198,0.19421524285435546,0.2035927607813443,0.9079654166666666,0.9009434843750002,0.9145278854166666,0.0208044054787606,0.01796511967619881,0.02385473734922707,0.036543494059404255,0.025916200962703542,0.04685530082909993,-0.3363570897882664,-0.34571506217912296,-0.32670560642837304,0.33699254996799705,0.32855660466826164,0.3465231236110153,0.156,0.116,0.204,0.0,0.0,0.0,0.0,0.0,0.0,-0.26954112354592463,-0.27924256862502883,-0.2602621123781248,-8.204294730041198,-11.887062431183486,-6.26687131244782,-4.034082550992345,-4.610133657933593,-3.5544931270853173,0.724,0.664,0.776,0.25130414791978595,0.23085286758022897,0.2718955645242323,-0.1218211153697375,-0.22965413549364588,-0.05414319653628682,0.012413065671920777,0.004061674755811692,0.02238112859725952,0.004,-0.016,0.024,-0.004451769205824016,-0.007255760713170329,-0.0022082888054442648,False
mediation_aware_recourse,False,30.0,5.0,0.5,250,1.2495549980401992,1.2043037435024977,1.299617851704359,0.07694911756403743,0.06193230183351186,0.09124883657095453,0.18871504820435994,0.18413863645687822,0.1932550264985112,0.911120625,0.9046463072916667,0.9170516666666667,0.0208044054787606,0.01796511967619881,0.02385473734922707,0.036543494059404255,0.025916200962703542,0.04685530082909993,-0.35259648255653275,-0.363614941802342,-0.3411499220171373,0.35277904015448214,0.3430895195551783,0.36369517434375526,0.268,0.208,0.324,0.0,0.0,0.0,0.0,0.0,0.0,-0.28578051631419094,-0.29591705145643554,-0.27569572788478786,-8.64868006281392,-12.587878078034626,-6.594227687581797,-4.277129141224475,-4.869525676197791,-3.803221948337079,0.724,0.664,0.776,0.26285403159438797,0.24101910724299697,0.28441943733245384,-0.5662064481424594,-0.8692163797570672,-0.3736256689806595,0.08029931044578552,0.05784931779503822,0.1030010685622692,0.116,0.068,0.16,-0.020691161974090384,-0.026844415889473776,-0.015019197160958996,False
mediation_aware_recourse,False,30.0,5.850318267065401,0.5,250,1.2631126073598862,1.2165027889072897,1.311220963615179,0.07677588776705012,0.06178436441618706,0.09111606274102509,0.1871652842713613,0.18275188081194607,0.1916909383860671,0.911229375,0.9048945729166668,0.9169415729166667,0.0208044054787606,0.01796511967619881,0.02385473734922707,0.036543494059404255,0.025916200962703542,0.04685530082909993,-0.35532328518395845,-0.3662725411805619,-0.34434870048853894,0.35550423806330933,0.3456857558920556,0.3668098932063978,0.288,0.228,0.34,0.0,0.0,0.0,0.0,0.0,0.0,-0.28850731894161663,-0.2983829428757862,-0.2789870942810779,-8.723298067950294,-12.654101246407608,-6.682637506188257,-4.317939785457855,-4.912084394744477,-3.834707970486023,0.724,0.664,0.776,0.26558083422181367,0.2435686578802814,0.28711752297489124,-0.6408244532788334,-0.9564992764903836,-0.44422601009974505,0.09385691976547242,0.06883968124389649,0.1182204544842243,0.136,0.088,0.18,-0.023417964601516076,-0.029729001465255773,-0.017715382541621263,True
transport_anchor_only,False,0.0,0.0,1.0,250,0.0,0.0,0.0,0.638019762361688,0.6093189987874184,0.6657454803473697,0.11297805962402549,0.09839984249259516,0.12622225414692298,0.7803133333333333,0.7705525,0.790114,0.0208044054787606,0.01796511967619881,0.02385473734922707,0.036543494059404255,0.025916200962703542,0.04685530082909993,0.036543494059404255,0.026397450624808385,0.04661782865545995,0.09144583140458193,0.08409929803827805,0.09966226174425892,0.004,0.0,0.012,0.0,0.0,0.0,0.0,0.0,0.0,0.0,0.0,0.0,0.0,0.0,0.0,0.0,0.0,0.0,0.0,0.0,0.0,0.0,0.0,0.0,0.0,0.0,0.0,0.0,0.0,0.0,0.0,0.0,0.0,0.0,0.0,0.0,False
mediation_aware_recourse,False,0.0,0.5,1.0,250,0.0,0.0,0.0,0.638019762361688,0.6093189987874184,0.6657454803473697,0.11297805962402549,0.09839984249259516,0.12622225414692298,0.7803133333333333,0.7705525,0.790114,0.0208044054787606,0.01796511967619881,0.02385473734922707,0.036543494059404255,0.025916200962703542,0.04685530082909993,0.036543494059404255,0.026397450624808385,0.04661782865545995,0.09144583140458193,0.08409929803827805,0.09966226174425892,0.004,0.0,0.012,0.0,0.0,0.0,0.0,0.0,0.0,0.0,0.0,0.0,0.0,0.0,0.0,0.0,0.0,0.0,0.0,0.0,0.0,0.0,0.0,0.0,0.0,0.0,0.0,0.0,0.0,0.0,0.0,0.0,0.0,0.0,0.0,0.0,False
mediation_aware_recourse,False,0.0,1.0,1.0,250,0.0,0.0,0.0,0.638019762361688,0.6093189987874184,0.6657454803473697,0.11297805962402549,0.09839984249259516,0.12622225414692298,0.7803133333333333,0.7705525,0.790114,0.0208044054787606,0.01796511967619881,0.02385473734922707,0.036543494059404255,0.025916200962703542,0.04685530082909993,0.036543494059404255,0.026397450624808385,0.04661782865545995,0.09144583140458193,0.08409929803827805,0.09966226174425892,0.004,0.0,0.012,0.0,0.0,0.0,0.0,0.0,0.0,0.0,0.0,0.0,0.0,0.0,0.0,0.0,0.0,0.0,0.0,0.0,0.0,0.0,0.0,0.0,0.0,0.0,0.0,0.0,0.0,0.0,0.0,0.0,0.0,0.0,0.0,0.0,False
mediation_aware_recourse,False,0.0,2.0,1.0,250,0.010174786806106567,0.0033915956020355224,0.018653775811195372,0.6512253456525968,0.6217815698638401,0.6789805816201108,0.10774464075613634,0.09412421690489184,0.12067250050617177,0.7798333333333333,0.7704058020833333,0.7897223645833333,0.0208044054787606,0.01796511967619881,0.02385473734922707,0.036543494059404255,0.025916200962703542,0.04685530082909993,0.04213682561329786,0.03176233335788357,0.05228867008613563,0.09075416375723913,0.08322551734788895,0.09946649510712033,0.004,0.0,0.012,0.0,0.0,0.0,0.0,0.0,0.0,-0.0010923123292318154,-0.0038892680763654166,0.0018628645978282178,-0.1530595718297001,-0.32680416265758233,-0.04033963490974651,-0.01634807353185619,-0.060456550486248144,0.02815188564947472,0.02,0.004,0.036,0.003342821941562713,0.0006699558144656574,0.006476211490997333,-0.1530595718297001,-0.3268582861317504,-0.04686492878031339,0.010174786806106567,0.0033915956020355224,0.018653775811195372,0.0,0.0,0.0,-0.0010923123292318154,-0.0038506228161683392,0.0017129681317034353,False
mediation_aware_recourse,False,0.0,5.0,1.0,250,0.13735962188243866,0.11531425046920776,0.16110079109668732,0.7666730293896297,0.7510423066063006,0.7802504186083951,0.060120004353245465,0.05383676750335818,0.06662392922392761,0.7947952083333333,0.7850826614583333,0.8039303802083333,0.0208044054787606,0.01796511967619881,0.02385473734922707,0.036543494059404255,0.025916200962703542,0.04685530082909993,0.08314183966938912,0.07299710956010326,0.09374730025718031,0.09588963807807406,0.08718189036765882,0.10485313231989606,0.0,0.0,0.0,0.0,0.0,0.0,0.0,0.0,0.0,-0.023197929939288358,-0.029902202790820828,-0.016087344021346074,-1.2751475141987156,-2.1032295260503022,-0.8340551210808197,-0.34719141612274806,-0.46990832244147845,-0.239162575872657,0.148,0.10790000000000001,0.196,0.01855406269118173,0.01279889132183135,0.025207331228284578,-1.2751475141987156,-2.04651160762689,-0.8315016405100804,0.13735962188243866,0.11531425046920776,0.16110079109668732,-0.004,-0.012,0.0,-0.023197929939288358,-0.02999024653022611,-0.016215111961018425,False
mediation_aware_recourse,False,0.0,5.850318267065401,1.0,250,0.14753440868854523,0.12544664233028888,0.17297137570381166,0.7750058729863285,0.7623195402675054,0.7862468916878149,0.05796596748740694,0.05223799908988327,0.06438128022321003,0.7963393750000001,0.7869423385416666,0.805290625,0.0208044054787606,0.01796511967619881,0.02385473734922707,0.036543494059404255,0.025916200962703542,0.04685530082909993,0.0876375136883809,0.07828188685694601,0.09846731553592583,0.0951763715664552,0.08665178195672558,0.10401893240512362,0.0,0.0,0.0,0.0,0.0,0.0,0.0,0.0,0.0,-0.023355115249564115,-0.03016993210589724,-0.016327726901271423,-1.3981700695045576,-2.299050399003065,-0.9154848901969578,-0.3495439273429797,-0.46819055105455537,-0.23699015876080928,0.164,0.12,0.216,0.020010316068568238,0.014117597484516867,0.026299396465481156,-1.3981700695045576,-2.2490397884698896,-0.9079358975761969,0.14753440868854523,0.12544664233028888,0.17297137570381166,-0.004,-0.012,0.0,-0.023355115249564115,-0.029965432706766913,-0.016750664569036268,True
transport_anchor_only,False,1.0,0.0,1.0,250,0.09393940448760986,0.06908957648277282,0.12048503029346466,0.53251313696425,0.4938958392024587,0.567833271028719,0.14742890547867035,0.13248102130403427,0.16198499536102554,0.7701845833333333,0.76069465625,0.7790027604166666,0.0208044054787606,0.01796511967619881,0.02385473734922707,0.036543494059404255,0.025916200962703542,0.04685530082909993,-0.015202624512691514,-0.0288364516695939,-0.002177694019241151,0.09692704539907006,0.08724533257000637,0.10723846071094631,0.004,0.0,0.012,0.0,0.0,0.0,0.0,0.0,0.0,0.0010370129635219358,-0.00773117443724377,0.009669647735043148,0.5839854698081557,0.09821511832889655,0.9431864224360763,0.015520436533996929,-0.11403324902248717,0.1390620077381644,0.144,0.1,0.192,0.02535455280428691,0.015973111898724194,0.036274781272793745,1.0297733035761216,0.6424926301661401,1.4995024327666495,-0.0358441458940506,-0.05479593300819397,-0.01600534589588642,0.0,0.0,0.0,0.035541098125794764,0.024053265863733995,0.04776566929932997,False
mediation_aware_recourse,False,1.0,0.5,1.0,250,0.05124644815921783,0.03235076025426388,0.07344268779456616,0.5767766780827406,0.5430710640097219,0.6102776579337714,0.13310097441424915,0.11800497747032708,0.14711622635857768,0.7718452083333333,0.762578296875,0.7806967604166667,0.0208044054787606,0.01796511967619881,0.02385473734922707,0.036543494059404255,0.025916200962703542,0.04685530082909993,0.0060500702564695846,-0.0067675180526388535,0.018287433298373228,0.09484318317968242,0.08561252132399182,0.1048203347732208,0.004,0.0,0.012,0.0,0.0,0.0,0.0,0.0,0.0,0.0001880233329390153,-0.006572836884844216,0.0065380771969690225,0.8344419324918758,0.49897183394328676,0.9908590113913724,0.002814047951608889,-0.09593446776971065,0.09604741269816239,0.076,0.048,0.112,0.015152700234997823,0.007550152031506802,0.02465641960738191,1.2802297662598416,0.48719479460865783,2.0108163450761722,-0.07853710222244263,-0.10353593587875366,-0.052800261333584786,0.0,0.0,0.0,0.03469210849521184,0.02468893986973204,0.04545929747958825,False
mediation_aware_recourse,False,1.0,1.0,1.0,250,0.022268879890441896,0.010247427061200142,0.03768192832171917,0.6103365183180766,0.5769369230789428,0.6409479785237935,0.12091576018111261,0.10637251605416691,0.13427458503285863,0.7763235416666666,0.766531359375,0.7857880572916667,0.0208044054787606,0.01796511967619881,0.02385473734922707,0.036543494059404255,0.025916200962703542,0.04685530082909993,0.02104253428068237,0.009302278380475627,0.033000743721845104,0.09398563106988393,0.08575920486412883,0.10337770251084477,0.004,0.0,0.012,0.0,0.0,0.0,0.0,0.0,0.0,-0.0013828304695039958,-0.006038578334352956,0.0032367720239922576,0.42417837094405597,0.1721950910656921,0.7236146570224852,-0.02069610823988466,-0.09383710454800437,0.04712385601799806,0.032,0.012,0.056,0.008441895124112935,0.00288251019138747,0.01563475511856665,0.8699662047120219,0.2160948201626957,1.7138643440656036,-0.10751467049121857,-0.13590509974956513,-0.07822068730294707,0.0,0.0,0.0,0.03312125469276883,0.02322190195406835,0.042965022469314086,False
mediation_aware_recourse,False,1.0,2.0,1.0,250,0.0,0.0,0.0,0.638019762361688,0.6093189987874184,0.6657454803473697,0.11297805962402549,0.09839984249259516,0.12622225414692298,0.7803133333333333,0.7705525,0.790114,0.0208044054787606,0.01796511967619881,0.02385473734922707,0.036543494059404255,0.025916200962703542,0.04685530082909993,0.036543494059404255,0.026397450624808385,0.04661782865545995,0.09144583140458193,0.08409929803827805,0.09966226174425892,0.004,0.0,0.012,0.0,0.0,0.0,0.0,0.0,0.0,0.0,0.0,0.0,0.0,0.0,0.0,0.0,0.0,0.0,0.0,0.0,0.0,0.0,0.0,0.0,0.44578783376796594,-0.0879474348617808,1.121241133573788,-0.12978355038166045,-0.16237808530032632,-0.097116375207901,0.0,0.0,0.0,0.034504085162272824,0.023953571295700356,0.04478695078699202,False
mediation_aware_recourse,False,1.0,5.0,1.0,250,0.047348255515098574,0.03039027750492096,0.06485541933178901,0.679806283008289,0.6504288922373833,0.7058439273550603,0.09148622492096566,0.08022350747170993,0.1012716138262183,0.7855397916666665,0.77583778125,0.7954587708333332,0.0208044054787606,0.01796511967619881,0.02385473734922707,0.036543494059404255,0.025916200962703542,0.04685530082909993,0.04894319263687009,0.036563648107046924,0.060676684861129496,0.09532498534891161,0.08669379232865017,0.10424203359619177,0.008,0.0,0.02,0.0,0.0,0.0,0.0,0.0,0.0,-0.012046870641022086,-0.017242000209936978,-0.006608665459652672,-0.3393134372238509,-0.6606692694273817,-0.13923848830726177,-0.18029928052417943,-0.26666075111417287,-0.1037481308543843,0.052,0.028,0.08009999999999991,0.007037719817869514,0.0031322593889003404,0.011014811641442546,0.10647439654411506,-0.44978900363769997,0.7051003837127194,-0.08243529486656188,-0.12092936017811298,-0.04488595995604992,0.004,0.0,0.012,0.022457214521250737,0.01071593828881571,0.034557205301543784,False
mediation_aware_recourse,False,1.0,5.850318267065401,1.0,250,0.09680948030948638,0.0747641088962555,0.11959472152590751,0.7220174197120268,0.6965200024095103,0.745107652066684,0.07336905499696118,0.06502587143150895,0.08218940207217085,0.7910995833333333,0.781161015625,0.8009157968749999,0.0208044054787606,0.01796511967619881,0.02385473734922707,0.036543494059404255,0.025916200962703542,0.04685530082909993,0.06105464409486513,0.04749514302108111,0.07346211050195145,0.09887686707346816,0.08974005327367506,0.10827140264969384,0.008,0.0,0.02,0.0,0.0,0.0,0.0,0.0,0.0,-0.02195180661069358,-0.029078758687391452,-0.014421857327058266,-0.6707390923160252,-1.1114457776972215,-0.368300015493551,-0.3285413329364164,-0.4543626430987845,-0.21671778646196738,0.084,0.052,0.124,0.0125991290595468,0.007264007509695232,0.018884750168376353,-0.2249512585480593,-0.8324254060109822,0.32917251895009514,-0.03297407007217407,-0.0758905348777771,0.012374337196350099,0.004,0.0,0.012,0.012552278551579244,-0.001421627947460757,0.025580174903454343,True
transport_anchor_only,False,3.0,0.0,1.0,250,0.6914376546144485,0.638097258836031,0.7460831185668706,0.16704961168309876,0.14077529145340148,0.1933265237902543,0.20647592069059045,0.1966986228553232,0.2154500274954347,0.87614375,0.8670367291666666,0.8854663333333332,0.0208044054787606,0.01796511967619881,0.02385473734922707,0.036543494059404255,0.025916200962703542,0.04685530082909993,-0.24782834101252477,-0.26188286565504754,-0.23312630826663225,0.25917654089626907,0.24713174367342775,0.27209219715926725,0.004,0.0,0.012,0.0,0.0,0.0,0.0,0.0,0.0,-0.18189871380063768,-0.19518690242747488,-0.16851118177466995,-5.781736322467161,-8.249915808402257,-4.459386868205037,-2.7223839454912655,-3.1584428096178256,-2.3821858681621606,0.66,0.5999,0.716,0.20365004236691525,0.18515908674485537,0.22242549938291142,0.5066206693558355,0.2798903107310807,0.9100575624137254,-0.07865090608596802,-0.11421295496821404,-0.04825112650096417,0.0,0.0,0.0,0.017696655464395916,0.010926253549557058,0.025879193545783108,False
mediation_aware_recourse,False,3.0,0.5,1.0,250,0.6455792338848114,0.5921617515176535,0.6988039370626211,0.18462391421729296,0.15390822844878455,0.2159314433690814,0.1999061446497625,0.18879059342342802,0.20980337320925863,0.8710270833333332,0.86185128125,0.8799590364583333,0.0208044054787606,0.01796511967619881,0.02385473734922707,0.036543494059404255,0.025916200962703542,0.04685530082909993,-0.2436225929288081,-0.2586954066052913,-0.22754092681269378,0.2539659770778965,0.24062942783269103,0.2670931126554488,0.004,0.0,0.012,0.0,0.0,0.0,0.0,0.0,0.0,-0.17751985720912583,-0.19165013004286627,-0.16322093878585012,-5.6666474895033545,-8.099427775735352,-4.390933436947309,-2.6568478642553868,-3.083918198999241,-2.3146506702383074,0.656,0.592,0.712,0.2045563095917832,0.18585655674022633,0.22386305336117968,0.621709502319642,0.3748583743701231,1.0717653596189956,-0.12450932681560517,-0.17209000050127507,-0.08399434051215648,0.0,0.0,0.0,0.022075512055907767,0.015031490079393828,0.031196180777926432,False
mediation_aware_recourse,False,3.0,1.0,1.0,250,0.6169531069993973,0.5630543796151876,0.6704731784045697,0.1966641335479441,0.1631838624672516,0.23109916188833185,0.19521595930869565,0.18362416395281894,0.20552929871221734,0.8668672916666665,0.8571751614583334,0.8754059635416667,0.0208044054787606,0.01796511967619881,0.02385473734922707,0.036543494059404255,0.025916200962703542,0.04685530082909993,-0.24076519187790973,-0.2562340420551984,-0.22290536105196115,0.25061543853698887,0.23678295699573032,0.26392558011485096,0.004,0.0,0.012,0.0,0.0,0.0,0.0,0.0,0.0,-0.1745149749066431,-0.18907070413670443,-0.1591239363164757,-5.5884557039490375,-7.9983343049519195,-4.33853797180127,-2.611875345387906,-3.0305748957244982,-2.2723324321167437,0.652,0.592,0.708,0.20471092848678885,0.18561963058765601,0.2237062222282966,0.699901287873959,0.4292050524650498,1.2149196765488137,-0.15313545370101928,-0.20764213527441025,-0.10677030712366105,0.0,0.0,0.0,0.02508039435839048,0.017478994271531968,0.034205571867817676,False
mediation_aware_recourse,False,3.0,2.0,1.0,250,0.5679116764068604,0.51537523727417,0.61632588134408,0.2209425274445545,0.1839854939233902,0.2588846797911651,0.18497526680243265,0.17352433099949305,0.19578680949401162,0.8585629166666666,0.8493120468750001,0.8675892187500001,0.0208044054787606,0.01796511967619881,0.02385473734922707,0.036543494059404255,0.025916200962703542,0.04685530082909993,-0.23620320513016674,-0.2530482862549285,-0.2193189783736048,0.244485908130304,0.2295202747002091,0.25957812936673746,0.008,0.0,0.02,0.0,0.0,0.0,0.0,0.0,0.0,-0.16993823551834408,-0.18575093111217178,-0.15383568887991442,-5.463618523893755,-7.8030912108236965,-4.216912144580664,-2.5433776547057234,-2.9487842942511047,-2.207018672379038,0.628,0.568,0.684,0.19968497654900078,0.18059334769949967,0.21903303231127075,0.8247384679292411,0.4883661196336494,1.420531138799837,-0.2021768842935562,-0.26421574258208275,-0.1483469866126776,0.004,0.0,0.012,0.029657133746689525,0.019302731832290327,0.041798047220940424,False
mediation_aware_recourse,False,3.0,5.0,1.0,250,0.40497657263278963,0.3610737036764622,0.44408613281250003,0.32597247336193963,0.2783250651291357,0.3711838302417596,0.14976491705517136,0.13717936560609725,0.16217900139465366,0.8303733333333332,0.8210065156249999,0.8394360364583332,0.0208044054787606,0.01796511967619881,0.02385473734922707,0.036543494059404255,0.025916200962703542,0.04685530082909993,-0.20713127434674708,-0.22785508749932856,-0.1877135453435014,0.21442867207713182,0.19707804019438516,0.23284555538623677,0.012,0.0,0.024,0.0,0.0,0.0,0.0,0.0,0.0,-0.14429470188534588,-0.15915524207112142,-0.12931066607279584,-4.6680752532869265,-6.7531370063106415,-3.5015901774248297,-2.1595841533143196,-2.488811111741958,-1.90124488345649,0.508,0.444,0.564,0.16445300184368603,0.14353510788924825,0.18397789516296728,1.62028173853607,1.037483849001309,2.6183114756281602,-0.36511198806762696,-0.4468790706723928,-0.2872010422974825,0.008,0.0,0.02,0.055300667379687724,0.03617917197337113,0.0744378292963762,False
mediation_aware_recourse,False,3.0,5.850318267065401,1.0,250,0.3810951706171036,0.34149579858779905,0.41813386071920394,0.34490490122122414,0.2954222774644446,0.39184621889945925,0.14357200619702598,0.13106381963169259,0.15489713808779368,0.8304008333333334,0.821195390625,0.83938053125,0.0208044054787606,0.01796511967619881,0.02385473734922707,0.036543494059404255,0.025916200962703542,0.04685530082909993,-0.19848616380292275,-0.2203490988474978,-0.17785872273667686,0.2093579653143115,0.19157603780624757,0.22849830290351264,0.008,0.0,0.02,0.0,0.0,0.0,0.0,0.0,0.0,-0.13916606393589126,-0.15456734483082732,-0.12369840523418077,-4.431504811233109,-6.454554999535477,-3.283954288658313,-2.0828264823879867,-2.3926683870158367,-1.8115866377618683,0.48,0.416,0.536,0.1568750759368898,0.1359464733122148,0.17628270805123017,1.8568521805898879,1.238807325114131,2.867065843065453,-0.38899339008331296,-0.46882808846533297,-0.3143935240447521,0.004,0.0,0.012,0.06042930532914236,0.04171862305416749,0.0792930456042091,True
transport_anchor_only,False,10.0,0.0,1.0,250,1.000604940056801,0.9574019570112228,1.0530936129719017,0.08896577905438136,0.07391119826828184,0.10329282180402381,0.2055936785780662,0.2003921499919154,0.21038082003764821,0.9076789583333333,0.90082853125,0.9142827343750001,0.0208044054787606,0.01796511967619881,0.02385473734922707,0.036543494059404255,0.025916200962703542,0.04685530082909993,-0.31563907564093224,-0.32413681544667294,-0.3063612142415064,0.31656510046351954,0.30899359628216416,0.32487680301801614,0.044,0.02,0.072,0.0,0.0,0.0,0.0,0.0,0.0,-0.2488231093985904,-0.25763448584234133,-0.23981062004228396,-7.6373534815208615,-11.093193191294931,-5.832114006954441,-3.7240067515615642,-4.275094247571342,-3.2713421257088564,0.724,0.664,0.776,0.23500813734787854,0.21649004708344846,0.2533675517713251,0.012082230557664886,-0.03447234828184018,0.06001001676315631,-0.0032575128078460693,-0.008887387990951538,0.0,-0.004,-0.012,0.0,0.0004415269206084136,-0.0012473119002371625,0.0021633013827899845,False
mediation_aware_recourse,False,10.0,0.5,1.0,250,1.0046731001138687,0.9604410620242356,1.0556566568225623,0.08856585650419659,0.07334549185375727,0.10282713868355615,0.2051170677309588,0.20002365106145556,0.20991086333076814,0.9076372916666666,0.9008278229166666,0.9141839166666668,0.0208044054787606,0.01796511967619881,0.02385473734922707,0.036543494059404255,0.025916200962703542,0.04685530082909993,-0.31687035575755446,-0.3254032203669059,-0.30783052356853263,0.3176866093150331,0.3102722404693135,0.3261623986234265,0.044,0.02,0.072,0.0,0.0,0.0,0.0,0.0,0.0,-0.2500543895152127,-0.25884995503559977,-0.24108179771689717,-7.671047033500884,-11.160642408579161,-5.859214934988677,-3.742434684073329,-4.289663196227023,-3.284423555548688,0.724,0.664,0.776,0.23528788398889355,0.21666973586221105,0.2533675517713251,-0.02161132142235722,-0.07879410423601318,0.02157902406276317,0.0008106472492218018,-0.00265545129776001,0.005087393045425415,-0.004,-0.012,0.0,-0.0007897531960138766,-0.0026980495034509937,0.0007962836945147069,False
mediation_aware_recourse,False,10.0,1.0,1.0,250,1.0079306126832963,0.9637263003587723,1.0611287762910127,0.08829439475728865,0.0730411261133475,0.10265920400730678,0.20413097790540113,0.19905379279038338,0.2088509267612195,0.9078708333333333,0.9013173385416666,0.9142641354166667,0.0208044054787606,0.01796511967619881,0.02385473734922707,0.036543494059404255,0.025916200962703542,0.04685530082909993,-0.31794486162076047,-0.3264930228441062,-0.3090724591269247,0.31874822273753023,0.31119289199237943,0.3273404371214052,0.048,0.024,0.076,0.0,0.0,0.0,0.0,0.0,0.0,-0.2511288953784187,-0.2598468890964244,-0.2422425927425686,-7.700450512584174,-11.199061657097824,-5.878571113742662,-3.7585162574402213,-4.29562023266853,-3.3004899712911593,0.724,0.664,0.776,0.2362893741647438,0.2176118229520603,0.2542349987275534,-0.051014800505647884,-0.12574749785323358,0.005137221929051782,0.004068159818649292,-0.0030489273071289064,0.013020341104269022,0.0,-0.016,0.016,-0.001864259059219897,-0.004223977551115748,0.000204660001774103,False
mediation_aware_recourse,False,10.0,2.0,1.0,250,1.0100435816049576,0.9650254896342755,1.0624929270237684,0.08828226960163636,0.07287344695491883,0.10275356413955426,0.2026722816884317,0.19792037629048093,0.2073569106233611,0.9080654166666667,0.901779484375,0.9142069531250001,0.0208044054787606,0.01796511967619881,0.02385473734922707,0.036543494059404255,0.025916200962703542,0.04685530082909993,-0.3192202607728681,-0.32797596314146343,-0.31015670608467677,0.31974877469776025,0.31233225426728495,0.32822935802600095,0.048,0.024,0.076,0.0,0.0,0.0,0.0,0.0,0.0,-0.25240429453052626,-0.2607894524643289,-0.24373426851907923,-7.735351366619488,-11.270054662566112,-5.887802578246424,-3.7776044967314366,-4.3182850603174,-3.3190428993771404,0.724,0.664,0.776,0.23633186585140822,0.21765562896392235,0.2543218134566615,-0.08591565454096184,-0.190306776163488,-0.013127273510716101,0.006181128740310669,-0.0017466051638126373,0.01627323189973831,0.0,-0.016,0.016,-0.0031396582113274694,-0.006128663798430227,-0.00047670144179888556,False
mediation_aware_recourse,False,10.0,5.0,1.0,250,1.0392297321558,0.9917545144379138,1.0922946028918028,0.08690750985570966,0.07154928983792985,0.10114566480089504,0.1984033578547797,0.19360748584211987,0.20312088178336235,0.9080533333333333,0.9020851354166667,0.9140840572916665,0.0208044054787606,0.01796511967619881,0.02385473734922707,0.036543494059404255,0.025916200962703542,0.04685530082909993,-0.3235343002396744,-0.3320824782221965,-0.31466958991802324,0.32379951919854644,0.31570533677600915,0.33230125810682265,0.064,0.0359,0.096,0.0,0.0,0.0,0.0,0.0,0.0,-0.2567183339973326,-0.2654335138151909,-0.24843445224360627,-7.853403555602663,-11.472359459055383,-5.958969333657718,-3.8421704935945105,-4.390410835575161,-3.385737998563085,0.724,0.664,0.776,0.2389798805941762,0.21989535700014587,0.25746931935812045,-0.20396784352413633,-0.3485423502326275,-0.10350604096825466,0.03536727929115296,0.020387802129983902,0.05171799331307411,0.016,-0.012,0.044,-0.007453697678133823,-0.011095948542474511,-0.004200004641597356,False
mediation_aware_recourse,False,10.0,5.850318267065401,1.0,250,1.066353721022606,1.0171259129554033,1.1210030377089977,0.08592033536824398,0.07069088997077554,0.10032703739870599,0.19517877395542682,0.1899827113230228,0.19983843194293163,0.9084577083333334,0.9022976875,0.9140841979166667,0.0208044054787606,0.01796511967619881,0.02385473734922707,0.036543494059404255,0.025916200962703542,0.04685530082909993,-0.3270100249772814,-0.335981626098025,-0.31776448094167153,0.32725560993071384,0.31838959884331736,0.33671595325551107,0.084,0.052,0.12,0.0,0.0,0.0,0.0,0.0,0.0,-0.2601940587349395,-0.26890878834939097,-0.251361564113143,-7.948515553704347,-11.624095388120496,-6.019089443028685,-3.8941898676016233,-4.43630417313787,-3.4281887151073747,0.724,0.664,0.776,0.24189786581020586,0.22246927429440813,0.26093138650491277,-0.29907984162582046,-0.48898039777019314,-0.17527228488849517,0.06249126815795898,0.043893721234798434,0.08431987205743789,0.036,0.008,0.068,-0.010929422415740735,-0.015457769266032758,-0.006975063305911869,True
transport_anchor_only,False,30.0,0.0,1.0,250,1.174009184241295,1.1241166892051697,1.228847706952691,0.07826281004307113,0.06328942955208539,0.09237708116771448,0.20234466158460496,0.19725640686210943,0.20736870903793717,0.9060802083333332,0.8990203489583332,0.9126938854166666,0.0208044054787606,0.01796511967619881,0.02385473734922707,0.036543494059404255,0.025916200962703542,0.04685530082909993,-0.33123925293087036,-0.3404146800567118,-0.32186526057928433,0.33231367070982754,0.3242383470741529,0.3414029540830063,0.14,0.096,0.184,0.0,0.0,0.0,0.0,0.0,0.0,-0.2644232866885285,-0.2737913899219513,-0.25470133242466975,-8.06424690513763,-11.669494944714572,-6.160913157252232,-3.957486534422987,-4.509795914847933,-3.479837048168701,0.724,0.664,0.776,0.24866532460887553,0.22872015875210366,0.2689047638559261,0.018226709533831098,-0.0323930238108054,0.06281203208649218,0.004753496646881104,-0.0023635904788970948,0.01390904974937439,-0.012,-0.028,0.004,0.0006660676515720352,-0.0011097526060974761,0.002245838273964448,False
mediation_aware_recourse,False,30.0,0.5,1.0,250,1.1777346760034562,1.1293038902461527,1.2319169002503156,0.07813842996266825,0.06312545880124659,0.09223662565757154,0.20116466474972072,0.19642322289473862,0.20612553945445966,0.9061975,0.8989078697916666,0.9129372760416666,0.0208044054787606,0.01796511967619881,0.02385473734922707,0.036543494059404255,0.025916200962703542,0.04685530082909993,-0.3332682107623071,-0.34258305929247435,-0.32400938250701317,0.3341191677056919,0.32615739357229817,0.34347405370538747,0.148,0.108,0.1920999999999999,0.0,0.0,0.0,0.0,0.0,0.0,-0.26645224451996524,-0.2756734207912772,-0.2575798654425301,-8.119768630239736,-11.810573859061089,-6.199707544952311,-3.9878528966196773,-4.54756058983977,-3.5168474293818166,0.724,0.664,0.776,0.24957827403961075,0.22987009959938307,0.2697601219928186,-0.03729501556827586,-0.10440743749859012,0.010305701754740326,0.008478988409042359,0.00034266829490661624,0.018645002603530882,-0.004,-0.02,0.012,-0.001362890179864712,-0.003460034495183828,0.00039140073144687223,False
mediation_aware_recourse,False,30.0,1.0,1.0,250,1.1803156238794328,1.1309557597845794,1.2343976660966873,0.07806902851520704,0.06308509601657392,0.09222453555749567,0.19997061332829746,0.1951724710795418,0.20481507683857986,0.9065372916666666,0.8994050312499999,0.913313453125,0.0208044054787606,0.01796511967619881,0.02385473734922707,0.036543494059404255,0.025916200962703542,0.04685530082909993,-0.33478220513804696,-0.34429311356974934,-0.32534903236351576,0.33547646863755265,0.3272928975322333,0.3449762542989996,0.152,0.108,0.2,0.0,0.0,0.0,0.0,0.0,0.0,-0.26796623889570514,-0.2773950499742064,-0.25906468348434264,-8.161198559552975,-11.855274975522478,-6.226485434220229,-4.010512067187511,-4.581935066409515,-3.53946431875228,0.724,0.664,0.776,0.24993065169053297,0.2299510112785063,0.27005517408169416,-0.0787249448815146,-0.17500741921706525,-0.01504964954710114,0.011059936285018921,0.0020384659707546235,0.021446441119909284,0.0,-0.024,0.02,-0.0028768845556045985,-0.005712431537069085,-0.0005687962239682839,False
mediation_aware_recourse,False,30.0,2.0,1.0,250,1.1850603486299516,1.1369014890968798,1.23865216781199,0.07794580217922514,0.06290602908590674,0.09206640060367245,0.19861989461863813,0.19406434818959614,0.20323526684888393,0.9075308333333334,0.900318609375,0.9140857343749998,0.0208044054787606,0.01796511967619881,0.02385473734922707,0.036543494059404255,0.025916200962703542,0.04685530082909993,-0.33704826892480333,-0.34656777932541644,-0.32738197539110464,0.3375736359112491,0.329087823611108,0.3470782337412307,0.16,0.12,0.208,0.0,0.0,0.0,0.0,0.0,0.0,-0.2702323026824615,-0.2797554545375515,-0.26122499049913067,-8.223208606623809,-11.935532489089091,-6.280649288291651,-4.0444270715524455,-4.620334565701715,-3.5603939549899857,0.724,0.664,0.776,0.25138057376243667,0.2309549706909438,0.27209996865520863,-0.14073499195234795,-0.26469644315468877,-0.06447223386886285,0.01580466103553772,0.005972543478012085,0.026447425854206084,0.008,-0.016,0.032,-0.005142948342360954,-0.00820954397976571,-0.002614975098946109,False
mediation_aware_recourse,False,30.0,5.0,1.0,250,1.2491465984582901,1.2043729255884887,1.2975556285589933,0.07687027259063543,0.06190225749642716,0.09119210844259393,0.18953191082913623,0.18491574270334193,0.19412120644728642,0.9093095833333334,0.9024127239583334,0.9153514791666666,0.0208044054787606,0.01796511967619881,0.02385473734922707,0.036543494059404255,0.025916200962703542,0.04685530082909993,-0.35150281078783424,-0.3624217308439239,-0.34061435198539963,0.3517406345117997,0.342365780379565,0.3625830550638923,0.268,0.212,0.324,0.0,0.0,0.0,0.0,0.0,0.0,-0.2846868445454924,-0.294656578481576,-0.2749022732307445,-8.61875211539541,-12.523824345691875,-6.571360071776079,-4.2607607216654175,-4.856660515476406,-3.7910311217289263,0.724,0.664,0.776,0.2622534286175975,0.24028738837576152,0.28390406982339234,-0.5362785007239488,-0.8291869786488177,-0.35406947824934787,0.07989091086387634,0.05733493478298187,0.10320926778912545,0.116,0.072,0.16,-0.01959749020539186,-0.025521236651987488,-0.014235450334490881,False
mediation_aware_recourse,False,30.0,5.850318267065401,1.0,250,1.2600636800527574,1.214695167002082,1.3090929432868958,0.07689188459874458,0.061823896216792754,0.09120348203625026,0.18717799945299474,0.18247019463155636,0.19194131984384533,0.9105914583333334,0.9041350520833332,0.9163918437499999,0.0208044054787606,0.01796511967619881,0.02385473734922707,0.036543494059404255,0.025916200962703542,0.04685530082909993,-0.3545956883636427,-0.3655963782322906,-0.34386267317779484,0.35477494975156676,0.3451313168783276,0.3661300051981883,0.284,0.224,0.34,0.0,0.0,0.0,0.0,0.0,0.0,-0.2877797221213008,-0.2977205724716228,-0.2777990779132472,-8.703387634122237,-12.646663383348427,-6.658944037381248,-4.307050220265057,-4.912402787620954,-3.8222830078743457,0.724,0.664,0.776,0.2648532374014979,0.24279571893248902,0.28671189115270057,-0.6209140194507761,-0.9244983851983297,-0.42680248710934476,0.0908079924583435,0.06647338222265244,0.1150683171927929,0.132,0.08390000000000002,0.176,-0.02269036778120029,-0.02893940419083394,-0.016997546608038767,True
transport_anchor_only,False,0.0,0.0,2.0,250,0.0,0.0,0.0,0.638019762361688,0.6093189987874184,0.6657454803473697,0.11297805962402549,0.09839984249259516,0.12622225414692298,0.7803133333333333,0.7705525,0.790114,0.0208044054787606,0.01796511967619881,0.02385473734922707,0.036543494059404255,0.025916200962703542,0.04685530082909993,0.036543494059404255,0.026397450624808385,0.04661782865545995,0.09144583140458193,0.08409929803827805,0.09966226174425892,0.004,0.0,0.012,0.0,0.0,0.0,0.0,0.0,0.0,0.0,0.0,0.0,0.0,0.0,0.0,0.0,0.0,0.0,0.0,0.0,0.0,0.0,0.0,0.0,0.0,0.0,0.0,0.0,0.0,0.0,0.0,0.0,0.0,0.0,0.0,0.0,False
mediation_aware_recourse,False,0.0,0.5,2.0,250,0.0,0.0,0.0,0.638019762361688,0.6093189987874184,0.6657454803473697,0.11297805962402549,0.09839984249259516,0.12622225414692298,0.7803133333333333,0.7705525,0.790114,0.0208044054787606,0.01796511967619881,0.02385473734922707,0.036543494059404255,0.025916200962703542,0.04685530082909993,0.036543494059404255,0.026397450624808385,0.04661782865545995,0.09144583140458193,0.08409929803827805,0.09966226174425892,0.004,0.0,0.012,0.0,0.0,0.0,0.0,0.0,0.0,0.0,0.0,0.0,0.0,0.0,0.0,0.0,0.0,0.0,0.0,0.0,0.0,0.0,0.0,0.0,0.0,0.0,0.0,0.0,0.0,0.0,0.0,0.0,0.0,0.0,0.0,0.0,False
mediation_aware_recourse,False,0.0,1.0,2.0,250,0.0033915956020355224,0.0,0.008478989005088805,0.6412018808204499,0.6116351133101292,0.6683737274730382,0.11169277618575357,0.09688423488593559,0.12491651284092586,0.7791666666666667,0.7690312135416667,0.7892171666666665,0.0208044054787606,0.01796511967619881,0.02385473734922707,0.036543494059404255,0.025916200962703542,0.04685530082909993,0.037962942307691705,0.028239767984201677,0.047678087614026476,0.09014836352202273,0.0827386743335803,0.09853421635408893,0.004,0.0,0.012,0.0,0.0,0.0,0.0,0.0,0.0,0.001419448248287452,0.0,0.003833114999728313,-0.03884270743186269,-0.12626915302649483,0.0,0.02124414759099802,0.0,0.05709328044523596,0.0,0.0,0.0,0.0,0.0,0.0,-0.03884270743186269,-0.12178033194881915,0.0,0.0033915956020355224,0.0,0.008478989005088805,0.0,0.0,0.0,0.001419448248287452,0.0,0.0038297717668705177,False
mediation_aware_recourse,False,0.0,2.0,2.0,250,0.010174786806106567,0.0033915956020355224,0.018653775811195372,0.6459274935172796,0.6172017089835519,0.6738269574740602,0.1095925113964028,0.09510926258695064,0.12264466298948062,0.7777537499999998,0.7679408697916666,0.7874816458333332,0.0208044054787606,0.01796511967619881,0.02385473734922707,0.036543494059404255,0.025916200962703542,0.04685530082909993,0.03985435028318737,0.029726240443248474,0.049972321656243254,0.0900316529389267,0.08241751306739283,0.09850118812867961,0.004,0.0,0.012,0.0,0.0,0.0,0.0,0.0,0.0,0.0005730032780470727,-0.0018130036566416327,0.0033248138979992555,-0.09060042858521045,-0.2159704670240663,-0.01578413747828673,0.008575843623495616,-0.02610419686388396,0.04705120946386688,0.012,0.0,0.028,0.0013689264728680237,0.0,0.0033223093386297916,-0.09060042858521045,-0.20396262127397458,-0.014484631990623133,0.010174786806106567,0.0033915956020355224,0.018653775811195372,0.0,0.0,0.0,0.0005730032780470727,-0.0015895002668074275,0.0032959674130246157,False
mediation_aware_recourse,False,0.0,5.0,2.0,250,0.1271848350763321,0.10509706871807575,0.15092600429058076,0.7598505819796783,0.7431687575793522,0.7739179895712173,0.0639725417015624,0.05730729939610627,0.071076329011017,0.7889316666666666,0.779253125,0.7987229270833334,0.0208044054787606,0.01796511967619881,0.02385473734922707,0.036543494059404255,0.025916200962703542,0.04685530082909993,0.08206071881119974,0.07211620227711854,0.09264743406867025,0.09497585232275091,0.08654457381960547,0.10379057030257999,0.0,0.0,0.0,0.0,0.0,0.0,0.0,0.0,0.0,-0.021349621922056874,-0.028078456703671036,-0.014328060745459852,-1.2455630180793258,-2.0530593355174904,-0.8004010230442768,-0.31952874623741434,-0.4374337966148284,-0.2142923496346826,0.14,0.1,0.188,0.018174612331142707,0.012421952849166432,0.02463764460051449,-1.2455630180793258,-2.0257618742267804,-0.7973330122013152,0.1271848350763321,0.10509706871807575,0.15092600429058076,-0.004,-0.012,0.0,-0.021349621922056874,-0.0278345778422783,-0.01476719045035871,False
mediation_aware_recourse,False,0.0,5.850318267065401,2.0,250,0.1407512174844742,0.11870584607124329,0.1661881844997406,0.7684017352973245,0.7543695889681425,0.7806047203448673,0.060231301586708724,0.05394380194491152,0.06642576668951884,0.7920760416666667,0.7823344374999999,0.8014782552083333,0.0208044054787606,0.01796511967619881,0.02385473734922707,0.036543494059404255,0.025916200962703542,0.04685530082909993,0.08457974114146989,0.07493745111916969,0.09476027687290814,0.09519324421077877,0.08663638077701269,0.10408399138021741,0.0,0.0,0.0,0.0,0.0,0.0,0.0,0.0,0.0,-0.022551874876991285,-0.02937552060957103,-0.015225038595259494,-1.3144951876790718,-2.148132857235368,-0.8569146927346144,-0.33752224423718635,-0.45515768138398305,-0.22637659698130852,0.156,0.112,0.204,0.019035506984927855,0.01317670060080937,0.025471073685178005,-1.3144951876790718,-2.0931178133448785,-0.8526106015992762,0.1407512174844742,0.11870584607124329,0.1661881844997406,-0.004,-0.012,0.0,-0.022551874876991285,-0.029177256937355612,-0.015779941545879812,True
transport_anchor_only,False,1.0,0.0,2.0,250,0.09791813910007477,0.07321359160542487,0.12278637072145937,0.5411806319167952,0.5029932901463929,0.5755162943651155,0.1497595362154547,0.13468571923812803,0.16440453698088908,0.7609437499999999,0.7526752552083332,0.7693537760416667,0.0208044054787606,0.01796511967619881,0.02385473734922707,0.036543494059404255,0.025916200962703542,0.04685530082909993,-0.00504024251879755,-0.015920154237090516,0.00544759720090197,0.08661559698140683,0.07860432606766003,0.09498140189219867,0.004,0.0,0.012,0.0,0.0,0.0,0.0,0.0,0.0,0.013344546032807849,0.006089285987038052,0.02026882748034897,0.8620755171740215,0.4634371674279487,0.9913622439099584,0.1997209167702091,0.0982055497594743,0.3005522797310519,0.156,0.112,0.20009999999999992,0.014119595272696977,0.007663628054007465,0.021573216606401123,1.3078633509419875,0.7995883615716198,1.7871618188568164,-0.031865411281585695,-0.053989010661840434,-0.007589906382560741,0.0,0.0,0.0,0.04784863119508067,0.03537541348552422,0.060436146920327255,False
mediation_aware_recourse,False,1.0,0.5,2.0,250,0.07579826486110687,0.0538963113874197,0.09822896630764007,0.5588075117129743,0.5225966541774452,0.5928752293992552,0.14100475808394367,0.12564111502429434,0.15522318497901835,0.7641166666666667,0.7556454322916665,0.7727002395833332,0.0208044054787606,0.01796511967619881,0.02385473734922707,0.036543494059404255,0.025916200962703542,0.04685530082909993,6.045425231093571e-05,-0.010914755652659647,0.011668979920756911,0.09087679189560577,0.08196226391230112,0.10043618689745588,0.004,0.0,0.012,0.0,0.0,0.0,0.0,0.0,0.0,0.007341736575626255,0.0002719428636004845,0.014405826066249057,0.998345690419951,0.5843784124829073,0.9944650031711312,0.1098799731339325,0.005962768975490013,0.2139719856528887,0.116,0.076,0.156,0.014570651615733527,0.007417510811560788,0.023613441705994324,1.444133524187917,0.6830258549269945,1.9419562130100991,-0.05398528552055359,-0.0783315681040287,-0.028464502826333057,0.0,0.0,0.0,0.04184582173789908,0.030362802290519617,0.053822343772262915,False
mediation_aware_recourse,False,1.0,1.0,2.0,250,0.05625933873653412,0.037676340609788896,0.07683242082595826,0.5771965365934426,0.5413338060776257,0.6096787757538177,0.13356339316701957,0.11839119203244824,0.1475474483674045,0.7674635416666666,0.7584540208333332,0.7766448177083334,0.0208044054787606,0.01796511967619881,0.02385473734922707,0.036543494059404255,0.025916200962703542,0.04685530082909993,0.007652176518981563,-0.004462095997829512,0.019949479926251495,0.09182380529668112,0.0830775652001289,0.10072181026198165,0.004,0.0,0.012,0.0,0.0,0.0,0.0,0.0,0.0,0.004209247798453764,-0.002376661560849215,0.010540012439284482,0.7906008520547498,0.48602796081554017,0.9827406422385876,0.0629976341760411,-0.03422351949874168,0.15864680344281237,0.08,0.048,0.116,0.012341034870984462,0.0057512158449562565,0.020634180254223356,1.2363886858227158,0.48164634096796305,2.023704656613649,-0.07352421164512635,-0.10014620284736156,-0.04673667374551298,0.0,0.0,0.0,0.03871333296072659,0.027607035871538798,0.049988663851757265,False
mediation_aware_recourse,False,1.0,2.0,2.0,250,0.002580948114395142,0.0,0.007742844343185425,0.634864254749336,0.6050363605897208,0.6626620417812453,0.11368725893699749,0.099204943875406,0.12741307023910872,0.7798872916666667,0.7702797760416666,0.789660640625,0.0208044054787606,0.01796511967619881,0.02385473734922707,0.036543494059404255,0.025916200962703542,0.04685530082909993,0.03423392371773707,0.02408025329602292,0.044390378465890376,0.09208445884948283,0.08473660784044666,0.10060119076511728,0.004,0.0,0.012,0.0,0.0,0.0,0.0,0.0,0.0,-0.0006401038540470139,-0.0019203115621410421,0.0,0.06320058880830604,0.0,0.22214975323603997,-0.00958010323049674,-0.036369135168628455,0.0,0.004,0.0,0.012,0.0014748370978570954,0.0,0.004424511293571285,0.508988422576272,-0.04703526733530734,1.23224913807731,-0.12720260226726532,-0.1589119868725538,-0.09291226954758167,0.0,0.0,0.0,0.03386398130822581,0.02336854507850571,0.04409757860777511,False
mediation_aware_recourse,False,1.0,5.0,2.0,250,0.04395665991306305,0.02713276481628418,0.0610008402198553,0.671207982561786,0.6416673175655253,0.6980364901933129,0.09575163748865863,0.08447565313774139,0.106432666303741,0.779983125,0.770162171875,0.7895505572916667,0.0208044054787606,0.01796511967619881,0.02385473734922707,0.036543494059404255,0.025916200962703542,0.04685530082909993,0.04636766005198824,0.03448498099504126,0.05742929448101154,0.09286226572178174,0.08416415009371746,0.10199902874672648,0.008,0.0,0.02,0.0,0.0,0.0,0.0,0.0,0.0,-0.00797503202511626,-0.012762343220276815,-0.0025445669366981737,-0.2688348841688222,-0.542588077866188,-0.08043443991869038,-0.11935817849570252,-0.20509868510017748,-0.041995891454352834,0.04,0.016,0.068,0.005554643125895635,0.002183791595163484,0.009241009814227317,0.17695294959914376,-0.3776621015165009,0.7529283402860488,-0.08582689046859741,-0.12420564955174923,-0.04976476761996746,0.004,0.0,0.012,0.026529053137156568,0.01496512532364137,0.03789041617771384,False
mediation_aware_recourse,False,1.0,5.850318267065401,2.0,250,0.08465580713748933,0.06430623352527619,0.105081373077631,0.7112981409927182,0.6847445160852211,0.7333267384123344,0.07932945326002874,0.06948120566473787,0.08867235965960614,0.7834687499999999,0.7733744687499999,0.792789375,0.0208044054787606,0.01796511967619881,0.02385473734922707,0.036543494059404255,0.025916200962703542,0.04685530082909993,0.05984731204366141,0.04775516044040956,0.07207363469757978,0.09573198691270572,0.08691110422090903,0.10479505265494703,0.008,0.0,0.02,0.0,0.0,0.0,0.0,0.0,0.0,-0.015560374540538107,-0.021999144472252454,-0.008985358206195214,-0.6377008708136942,-1.0691012251706677,-0.35429108890929645,-0.23288407570281255,-0.3420518414077384,-0.13339510115812703,0.068,0.04,0.10009999999999991,0.009149400600646139,0.004690393502673255,0.013778711412703178,-0.19191303704572826,-0.7744555488293433,0.3545396840078636,-0.04512774324417114,-0.08697260075509548,-0.0037333835661411316,0.004,0.0,0.012,0.018943710621734715,0.006033288453703753,0.03142120085921077,True
transport_anchor_only,False,3.0,0.0,2.0,250,0.5439083805084228,0.4861407569646835,0.5975108303546905,0.2293153731841606,0.19440033530762307,0.26627171746405154,0.1934512503131005,0.1813720117469423,0.20430463267297774,0.8508227083333333,0.8402929791666667,0.860686640625,0.0208044054787606,0.01796511967619881,0.02385473734922707,0.036543494059404255,0.025916200962703542,0.04685530082909993,-0.2150841879101862,-0.23182919688054426,-0.19658591243978768,0.23170130988500764,0.2166329192045527,0.24701199417039643,0.004,0.0,0.012,0.0,0.0,0.0,0.0,0.0,0.0,-0.15132984113685596,-0.16614114160904223,-0.13677127979639986,-4.885703965815374,-6.998599417598693,-3.7513930624386655,-2.2648754429140774,-2.6068699725796547,-1.956657465806053,0.592,0.532,0.648,0.18558444172445793,0.16623356033272063,0.20423083825603497,1.4026530260076226,0.9290452672851507,2.198157813893619,-0.2261801801919937,-0.2855312610089779,-0.17583121316432954,0.0,0.0,0.0,0.04826552812817766,0.036545873152464624,0.06105334667342401,False
mediation_aware_recourse,False,3.0,0.5,2.0,250,0.5193504137992859,0.46100196901857854,0.5721501904875039,0.24052817074291,0.20396967912030534,0.2796827901732759,0.19033554417194679,0.1778708854805761,0.2015446004403207,0.846601875,0.8359976875,0.8564701979166667,0.0208044054787606,0.01796511967619881,0.02385473734922707,0.036543494059404255,0.025916200962703542,0.04685530082909993,-0.21137749613996404,-0.2274945800515354,-0.19311430845371272,0.22718143917693406,0.2121346124783838,0.24303533753233114,0.004,0.0,0.012,0.0,0.0,0.0,0.0,0.0,0.0,-0.1469872561904369,-0.16128954157278116,-0.13157639897893764,-4.784271635228796,-6.83739630403008,-3.6501953092241965,-2.199882220625434,-2.5306228689393433,-1.9003699674893049,0.588,0.528,0.6440999999999999,0.18441752168822315,0.16550150626432705,0.2035289837827773,1.5040853565942003,1.0010821478678442,2.361787285636261,-0.25073814690113067,-0.31425251778066154,-0.19644653589427472,0.0,0.0,0.0,0.0526081130745967,0.04081486639764838,0.06606167137571224,False
mediation_aware_recourse,False,3.0,1.0,2.0,250,0.5197675852775574,0.4653854455769062,0.5730909897327423,0.24168276416072323,0.20424375654772267,0.2824633876426178,0.18787328556595526,0.1755564069704271,0.1993254626244432,0.8455510416666666,0.8351493229166667,0.8558236354166667,0.0208044054787606,0.01796511967619881,0.02385473734922707,0.036543494059404255,0.025916200962703542,0.04685530082909993,-0.21525214289326017,-0.23224405619736424,-0.1971610645995387,0.22904111018240228,0.2142816307815683,0.2444059840871718,0.004,0.0,0.012,0.0,0.0,0.0,0.0,0.0,0.0,-0.15002065546065801,-0.16490332008602931,-0.1353116058012544,-4.890299995488972,-6.93296521711942,-3.785393984867557,-2.245281538196012,-2.590927434903273,-1.9462961258204798,0.596,0.536,0.6520999999999999,0.18785544815458866,0.16900777693228353,0.2077029371257857,1.3980569963340246,0.9281566751994599,2.1992786609758848,-0.2503209754228592,-0.31431248424053193,-0.19413168502151965,0.0,0.0,0.0,0.04957471380437559,0.038168276643847164,0.06289584440997605,False
mediation_aware_recourse,False,3.0,2.0,2.0,250,0.47153680205345155,0.41933566305339337,0.5225820846676826,0.2686275942450143,0.22780310206202412,0.3097354058139296,0.17827656061997538,0.16472061999272244,0.1901054868559006,0.8365010416666666,0.8255290104166667,0.846714453125,0.0208044054787606,0.01796511967619881,0.02385473734922707,0.036543494059404255,0.025916200962703542,0.04685530082909993,-0.20821320465608645,-0.2249588120091641,-0.18872699076259067,0.22138498500072723,0.2060987900338656,0.23795516576280748,0.004,0.0,0.012,0.0,0.0,0.0,0.0,0.0,0.0,-0.14321672267233873,-0.15933796376545412,-0.12815500961744017,-4.697681899755396,-6.638890464920625,-3.6082040333313383,-2.1434505961178667,-2.4622551996189963,-1.8537314268817078,0.572,0.508,0.6280999999999999,0.18247918023127205,0.1629737374204102,0.2039233988389428,1.5906750920676007,1.0678294799550254,2.541540263615332,-0.29855175864696504,-0.3673171981930733,-0.23866103306114675,0.0,0.0,0.0,0.05637864659269484,0.0435541277349287,0.07052744726908368,False
mediation_aware_recourse,False,3.0,5.0,2.0,250,0.3728606517314911,0.3293983534306288,0.412001882058382,0.33985498138567083,0.29220141589164905,0.3844837336083039,0.1498469273155045,0.13720209535517547,0.16220792876258097,0.8242143749999999,0.8148767187500001,0.8336656927083332,0.0208044054787606,0.01796511967619881,0.02385473734922707,0.036543494059404255,0.025916200962703542,0.04685530082909993,-0.19536815373702285,-0.21608282229420328,-0.17640267152879924,0.20538596260098377,0.18821483647955572,0.22397187689725995,0.008,0.0,0.02,0.0,0.0,0.0,0.0,0.0,0.0,-0.13306372678915696,-0.1493433270183359,-0.11776138157666535,-4.346181550659521,-6.273603700881262,-3.262131703285731,-1.9914959593120933,-2.2790159235874983,-1.7415485959789627,0.488,0.424,0.548,0.15786611350579008,0.136831735518438,0.17664395356057502,1.9421754411634753,1.3248524227406089,3.0179797757838838,-0.39722790896892546,-0.47776679942011835,-0.32158777532577515,0.004,0.0,0.012,0.06653164247587667,0.04769507086981081,0.0850687288260197,False
mediation_aware_recourse,False,3.0,5.850318267065401,2.0,250,0.3550771037340164,0.31315490650236605,0.3944829415678978,0.36132707380910734,0.3110657508798799,0.4084234413538803,0.14132662962605877,0.1290457725763376,0.15255447532300856,0.8244602083333334,0.8146378645833333,0.8336912708333333,0.0208044054787606,0.01796511967619881,0.02385473734922707,0.036543494059404255,0.025916200962703542,0.04685530082909993,-0.18658477090038536,-0.20958415088517662,-0.16570153693968523,0.20192573139018988,0.18466402520655809,0.22122118499368873,0.008,0.0,0.02,0.0,0.0,0.0,0.0,0.0,0.0,-0.13019986918605517,-0.14560214275340305,-0.11441396740220092,-4.105827335423304,-6.0397912492629295,-3.0357889234114297,-1.948634084162154,-2.248557548552237,-1.6925470837859875,0.448,0.384,0.508,0.148621125166045,0.12822247624327268,0.16925507696300057,2.1825296563996925,1.4868793446844204,3.2818963850834293,-0.4150114569664001,-0.4938795155078173,-0.3391996219068765,0.004,0.0,0.012,0.06939550007897845,0.049735823402467405,0.08856711487389053,True
transport_anchor_only,False,10.0,0.0,2.0,250,1.0088753424882888,0.9656902624666691,1.0607043663412332,0.0885491833168037,0.07357432175091796,0.1029926354469833,0.20636837520275525,0.2008511542021625,0.21150600420432253,0.9052462499999999,0.8981293385416668,0.9118523072916667,0.0208044054787606,0.01796511967619881,0.02385473734922707,0.036543494059404255,0.025916200962703542,0.04685530082909993,-0.31494012406594935,-0.32340469496128055,-0.30555624793530695,0.31622165130803703,0.30851110381158625,0.3245885235391932,0.044,0.02,0.072,0.0,0.0,0.0,0.0,0.0,0.0,-0.24812415782360758,-0.2571149816013128,-0.2390205998163601,-7.6182269148645165,-11.079947927847106,-5.8085459532717305,-3.7135459049362565,-4.253810324348328,-3.268509679372051,0.724,0.664,0.776,0.23545697348942338,0.2167017051862135,0.25372512176183104,0.03120879721400982,-0.03356835382330039,0.10872587692947619,0.0050128896236419675,-0.005968986922502517,0.016750661021471023,-0.004,-0.02,0.012,0.0011404784955912084,-0.0012432739465866518,0.003594292931171752,False
mediation_aware_recourse,False,10.0,0.5,2.0,250,1.0097604930400848,0.9670402595847846,1.0606720996528864,0.08834771962488636,0.0732390037130094,0.10267567875623922,0.20489228943935467,0.19993713296190563,0.20986564317459444,0.9059741666666666,0.8991808697916668,0.9123876197916667,0.0208044054787606,0.01796511967619881,0.02385473734922707,0.036543494059404255,0.025916200962703542,0.04685530082909993,-0.3166113543467491,-0.3253804225737384,-0.3072193469721083,0.317407000880291,0.3096523920590798,0.32566821694268777,0.04,0.019900000000000004,0.068,0.0,0.0,0.0,0.0,0.0,0.0,-0.24979538810440727,-0.2585451175476413,-0.24079186487367393,-7.663959550011091,-11.133256661904129,-5.853760967695881,-3.738558343950282,-4.289551187037871,-3.290673787648037,0.724,0.664,0.776,0.23556935348955438,0.21682838151335798,0.25387889922108825,-0.014523837932564732,-0.07819714907396091,0.043961290774344866,0.005898040175437927,-0.0037254918843507767,0.016745833587646478,-0.008,-0.024,0.008,-0.0005307517852084702,-0.002732261599152635,0.001455669905284424,False
mediation_aware_recourse,False,10.0,1.0,2.0,250,1.0104370576143265,0.9679555702656507,1.061338454210758,0.08823807674798792,0.07318445949979317,0.10239339026554761,0.20481745702935833,0.1998624948289329,0.20971402979397125,0.9062191666666668,0.8992732552083333,0.9127009739583333,0.0208044054787606,0.01796511967619881,0.02385473734922707,0.036543494059404255,0.025916200962703542,0.04685530082909993,-0.3166656869038951,-0.32539170795174155,-0.30732733859899536,0.3175460045035096,0.30988492396931944,0.3258520687707553,0.044,0.02,0.072,0.0,0.0,0.0,0.0,0.0,0.0,-0.2498497206615533,-0.25856642177731565,-0.24097419808981022,-7.665446341532935,-11.135399092979712,-5.854874355200846,-3.7393715112245367,-4.290456348138876,-3.2914101010100025,0.724,0.664,0.776,0.23556935348955438,0.21682838151335798,0.25387889922108825,-0.01601062945440823,-0.07942374327558635,0.04139605324520883,0.006574604749679565,-0.0030489273071289064,0.017291872024536133,-0.004,-0.016,0.008,-0.0005850843423544827,-0.002863143895693117,0.0013944201743277245,False
mediation_aware_recourse,False,10.0,2.0,2.0,250,1.0132265912294387,0.9673778821766377,1.0664388868659733,0.08796682076426295,0.07266737485179106,0.10229198812373012,0.20300174662947928,0.19792360329724304,0.20783323927493408,0.9075952083333334,0.9011806822916667,0.9139802760416667,0.0208044054787606,0.01796511967619881,0.02385473734922707,0.036543494059404255,0.025916200962703542,0.04685530082909993,-0.318985409219438,-0.327650006150049,-0.3098619758150532,0.3196386539438804,0.3120492834408285,0.3281771597631153,0.052,0.024,0.08,0.0,0.0,0.0,0.0,0.0,0.0,-0.2521694429770962,-0.26069530506827104,-0.24370028453241996,-7.728924735574074,-11.23277473156323,-5.890984641287301,-3.7740895950299747,-4.307547870838057,-3.3166938431605306,0.724,0.664,0.776,0.2367108105221471,0.21795113498623422,0.2550940022790986,-0.07948902349554743,-0.1668058659385641,-0.012358858998498604,0.00936413836479187,0.0006205420970916752,0.020289991629123687,0.004,-0.012,0.024,-0.0029048066578974074,-0.005685312184041602,-0.00046633529288061035,False
mediation_aware_recourse,False,10.0,5.0,2.0,250,1.0425468238592148,0.9940894566118718,1.0961355097055434,0.08673316023593636,0.07121686335525464,0.10092992590410155,0.1985161332753284,0.19343627334880578,0.20338206028224665,0.9066645833333333,0.9004387135416666,0.9126691770833333,0.0208044054787606,0.01796511967619881,0.02385473734922707,0.036543494059404255,0.025916200962703542,0.04685530082909993,-0.32291939482849036,-0.33183337686929476,-0.31380096838969335,0.323301749931606,0.3154769412401306,0.33199801226769105,0.068,0.036,0.1,0.0,0.0,0.0,0.0,0.0,0.0,-0.25610342858614854,-0.264735692295535,-0.24753650983833317,-7.83657688297567,-11.410922989054958,-5.964983132626192,-3.8329675224221154,-4.385042523760288,-3.3804524649249967,0.724,0.664,0.776,0.23887650186748674,0.21989321093432207,0.2572765792837595,-0.187141170897144,-0.31895233179825133,-0.08631139173197001,0.03868437099456787,0.02321323372721672,0.05629580821394921,0.02,-0.008,0.048,-0.006838792266949731,-0.010407126412645984,-0.003476590831651022,False
mediation_aware_recourse,False,10.0,5.850318267065401,2.0,250,1.0720519460439681,1.023216125205159,1.1266388173222543,0.08608090044094718,0.07075457198804617,0.10056675632269414,0.19467057022212086,0.18927771434869578,0.19973270609017452,0.9055685416666667,0.8993399010416666,0.9117370052083333,0.0208044054787606,0.01796511967619881,0.02385473734922707,0.036543494059404255,0.025916200962703542,0.04685530082909993,-0.32559905705353376,-0.3341876675676629,-0.3162523132974306,0.3258705077474624,0.3174272435876952,0.3346809821286582,0.1,0.064,0.136,0.0,0.0,0.0,0.0,0.0,0.0,-0.258783090811192,-0.26750300517697095,-0.250181913599093,-7.909904907402874,-11.520634318685762,-6.014046333477946,-3.873072640640779,-4.421214827840294,-3.4102322341846905,0.724,0.664,0.776,0.24061298652270627,0.22138739787320144,0.2592448685060482,-0.2604691953243474,-0.42989814552814404,-0.14311824958053185,0.06818949317932128,0.04901634058952332,0.08880240043401717,0.052,0.02,0.088,-0.00951845449199318,-0.013433906844862235,-0.005730514094216452,True
transport_anchor_only,False,30.0,0.0,2.0,250,1.1812603541612625,1.1334395405620337,1.2352334783256054,0.07813188694622243,0.06325449237925908,0.0923110582457891,0.20298836456142624,0.19784233358282755,0.20791142062145865,0.904010625,0.8961640833333333,0.9110524947916666,0.0208044054787606,0.01796511967619881,0.02385473734922707,0.036543494059404255,0.025916200962703542,0.04685530082909993,-0.33031228476193997,-0.339711332493402,-0.3214493879407757,0.33143041455943195,0.3230107678880943,0.34026566196326596,0.136,0.096,0.1800999999999999,0.0,0.0,0.0,0.0,0.0,0.0,-0.26349631851959815,-0.27286107601968695,-0.2540856890965519,-8.038880743723958,-11.674087557205844,-6.12147461114663,-3.9436130813987758,-4.494958123702136,-3.4742712828096556,0.724,0.664,0.776,0.2473037926533273,0.2276013172101631,0.26736710599499086,0.04359287094750286,-0.01965334883969163,0.10375971921660533,0.012004666566848754,0.0010227904856204989,0.025105982303619382,-0.016,-0.04,0.012,0.0015930358205023904,-0.0006198262109162402,0.0037283883384016947,False
mediation_aware_recourse,False,30.0,0.5,2.0,250,1.1812603541612625,1.133735796457529,1.2336920001059772,0.07808744189755862,0.06320999842928297,0.09225438106042692,0.20179304454468652,0.19686792013943305,0.20663538602171422,0.9047522916666667,0.89709065625,0.9115382708333334,0.0208044054787606,0.01796511967619881,0.02385473734922707,0.036543494059404255,0.025916200962703542,0.04685530082909993,-0.3324833072157445,-0.34169250729646966,-0.3232903196647248,0.3333750310780838,0.32532085258951415,0.3424966968126082,0.148,0.104,0.196,0.0,0.0,0.0,0.0,0.0,0.0,-0.2656673409734028,-0.27489415601284084,-0.25662796056068604,-8.098290017787225,-11.788087600087033,-6.181132427922681,-3.9761056513023556,-4.534263084704971,-3.5048349671412584,0.724,0.664,0.776,0.24899056194843056,0.2292347097947311,0.26929032236489386,-0.015816403115763933,-0.0854074345222531,0.0359934426883901,0.012004666566848754,0.001150183016061783,0.024136506128311155,-0.004,-0.028,0.02,-0.0005779866333021889,-0.002828792321801333,0.0013844257909542178,False
mediation_aware_recourse,False,30.0,1.0,2.0,250,1.18621366417408,1.1381563196718694,1.2390416529357433,0.07792438712379185,0.062973114301903,0.09210617467596662,0.2002544222224356,0.19532861639152113,0.20519920784787596,0.9053183333333332,0.8979763541666667,0.9121303697916666,0.0208044054787606,0.01796511967619881,0.02385473734922707,0.036543494059404255,0.025916200962703542,0.04685530082909993,-0.3342176212909635,-0.34377631665951286,-0.3249446112735436,0.3350651719613767,0.32678848453832454,0.3444462069820456,0.152,0.108,0.2,0.0,0.0,0.0,0.0,0.0,0.0,-0.2674016550486217,-0.2770341439988483,-0.2583757858129354,-8.14574891901872,-11.816699904480053,-6.225660674094542,-4.002062232831517,-4.574285286567713,-3.5337752739838204,0.724,0.664,0.776,0.25014712838323505,0.2300969781883573,0.27044767142951315,-0.06327530434725936,-0.14342700450294651,-0.003979216284407191,0.016957976579666138,0.006115178400278092,0.028819788217544554,0.0,-0.028,0.028,-0.0023123007085211135,-0.004803715767837561,-0.00016161790359479604,False
mediation_aware_recourse,False,30.0,2.0,2.0,250,1.188794612288475,1.1416670583307744,1.2419660804897548,0.0778752064747435,0.06280823805830513,0.09199672889657032,0.19909440549004287,0.1944618493160059,0.20378844239207602,0.9056122916666666,0.898231921875,0.9124710520833332,0.0208044054787606,0.01796511967619881,0.02385473734922707,0.036543494059404255,0.025916200962703542,0.04685530082909993,-0.33634454692030624,-0.3456888354566757,-0.3267846396143423,0.33692728886795026,0.32862296649176426,0.3462312905818163,0.156,0.116,0.204,0.0,0.0,0.0,0.0,0.0,0.0,-0.2695285806779645,-0.27886608215708103,-0.2605941024541496,-8.203951498823631,-11.89181125427757,-6.270261758994129,-4.033894828376545,-4.606026559943081,-3.557135822205969,0.724,0.664,0.776,0.2508390582663045,0.23065067420696242,0.2714855193223672,-0.12147788415217065,-0.23656443651574974,-0.04413164964147721,0.01953892469406128,0.008141739946603775,0.03197537567615508,0.004,-0.024,0.032,-0.004439226337863932,-0.007534600169561333,-0.0017839901151417094,False
mediation_aware_recourse,False,30.0,5.0,2.0,250,1.2474595724344253,1.200400051894784,1.2978488231867553,0.07695220144196165,0.06182535057362754,0.09116571171115244,0.18995346556192483,0.1850750629743545,0.19446512272236763,0.9073758333333333,0.9005030052083334,0.9137951406249999,0.0208044054787606,0.01796511967619881,0.02385473734922707,0.036543494059404255,0.025916200962703542,0.04685530082909993,-0.3497861460165611,-0.36062277389144176,-0.3389034653009956,0.35007611887757334,0.34062992852955337,0.3609332361849152,0.26,0.204,0.316,0.0,0.0,0.0,0.0,0.0,0.0,-0.28297017977421934,-0.2929698410131771,-0.27356430093614637,-8.571776181225497,-12.427261506078176,-6.535547166177332,-4.235068288137676,-4.835208750693728,-3.7651503588375457,0.724,0.664,0.776,0.26067985510742137,0.23927574730304915,0.2823111133167313,-0.48930256655403603,-0.7654086162318652,-0.32034132829037,0.0782038848400116,0.055957057839632035,0.10147202619910241,0.108,0.064,0.152,-0.017880825434118758,-0.02311953782021892,-0.012780379707804804,False
mediation_aware_recourse,False,30.0,5.850318267065401,2.0,250,1.2536915088891982,1.208665131521225,1.30233028139472,0.07693743277370615,0.06200233681402986,0.09136338945041955,0.18877062983012202,0.18397531903082784,0.1935927539433079,0.907564375,0.9007573958333334,0.9138159166666667,0.0208044054787606,0.01796511967619881,0.02385473734922707,0.036543494059404255,0.025916200962703542,0.04685530082909993,-0.35131464229182,-0.3621622483532922,-0.3403291929488331,0.3515574604998729,0.3424388338075446,0.36247112872906256,0.276,0.22,0.332,0.0,0.0,0.0,0.0,0.0,0.0,-0.28449867604947815,-0.2948012064280974,-0.275020105196879,-8.613602949973286,-12.502273290413894,-6.575760932431027,-4.257944501133161,-4.880734397362001,-3.782256530976262,0.724,0.664,0.776,0.26209987491142195,0.24003262538800596,0.28397118532529514,-0.5311293353018254,-0.8183102082034831,-0.352209597330034,0.08443582129478455,0.061761781430244446,0.10779871838092803,0.124,0.076,0.168,-0.019409321709377602,-0.02476287541200389,-0.014149954749646188,True
transport_anchor_only,False,0.0,0.0,5.0,250,0.15980461931228637,0.1329197541356087,0.18361324074566363,0.6111287432675069,0.5812426101771433,0.6397015273764919,0.12787176764127164,0.11338799633922376,0.14228657495183483,0.7318325,0.7254469270833332,0.73805821875,0.0208044054787606,0.01796511967619881,0.02385473734922707,0.036543494059404255,0.025916200962703542,0.04685530082909993,0.029861862928218522,0.021492753417559535,0.03782686852138359,0.08104305473172271,0.07348348567328715,0.08848224233072777,0.004,0.0,0.012,0.0,0.0,0.0,0.0,0.0,0.0,0.013007934983754786,0.008205072973826532,0.017624505984013702,0.18284051109957433,0.051938679279930254,0.3056235963313879,0.19468303334228454,0.13276492849848287,0.25415561249365404,0.072,0.044,0.104,0.0007505395022315708,0.00039533680518510786,0.0011933860255180966,0.18284051109957433,0.042931771021738896,0.2915541824669894,0.15980461931228637,0.1329197541356087,0.18361324074566363,0.0,0.0,0.0,0.013007934983754786,0.008233498281464777,0.017437837701139783,False
mediation_aware_recourse,False,0.0,0.5,5.0,250,0.15743225693702698,0.12840366199314593,0.18165830579698086,0.6211070811014133,0.5911760132937706,0.6492388672583322,0.12310290394101735,0.10849687538203254,0.13702495960862632,0.7326022916666666,0.7260259947916666,0.7390813802083332,0.0208044054787606,0.01796511967619881,0.02385473734922707,0.036543494059404255,0.025916200962703542,0.04685530082909993,0.03337096640936109,0.024619062621208374,0.041683284104309964,0.08156269685246596,0.073956416381222,0.08902112601485676,0.004,0.0,0.012,0.0,0.0,0.0,0.0,0.0,0.0,0.010637182230530532,0.00609196734505077,0.01520454334842985,0.08681511529483144,-0.05826967709927375,0.21453975165141106,0.15920120337629218,0.0965386982645782,0.22292750168645492,0.068,0.04,0.1,0.0015751793241904216,0.0004754452881802258,0.002978761245459216,0.08681511529483144,-0.06521061603743167,0.20082198703116408,0.15743225693702698,0.12840366199314593,0.18165830579698086,0.0,0.0,0.0,0.010637182230530532,0.005866952829241448,0.015156718731228144,False
mediation_aware_recourse,False,0.0,1.0,5.0,250,0.15743225693702698,0.12873278190791607,0.1821841059654951,0.634457543437204,0.6062198226533342,0.661569233384049,0.11676109838560436,0.10284197249985852,0.1304033539478448,0.7334729166666666,0.7267039687500001,0.7403509947916667,0.0208044054787606,0.01796511967619881,0.02385473734922707,0.036543494059404255,0.025916200962703542,0.04685530082909993,0.0383229727456224,0.029992164007246976,0.04653780661445627,0.08181539146788509,0.07455726286410846,0.08901488517121803,0.004,0.0,0.012,0.0,0.0,0.0,0.0,0.0,0.0,0.008704170604833271,0.004343436278649302,0.013485907231489857,-0.04869481509692175,-0.24383630786840796,0.08038602514988061,0.13027081840384092,0.06850186077364342,0.19613082162497095,0.064,0.036,0.096,0.002083084468047313,0.0006776599191190365,0.0035955390525677583,-0.04869481509692175,-0.2363444461746692,0.07729181828310719,0.15743225693702698,0.12873278190791607,0.1821841059654951,0.0,0.0,0.0,0.008704170604833271,0.003972682686870104,0.01326718827322221,False
mediation_aware_recourse,False,0.0,2.0,5.0,250,0.16400686240196227,0.136674065259099,0.1895710021704435,0.651865510881355,0.6249451372921354,0.678044036750423,0.10956047248796065,0.09648245571049288,0.12191033277914803,0.7344154166666668,0.727728875,0.7413702499999999,0.0208044054787606,0.01796511967619881,0.02385473734922707,0.036543494059404255,0.025916200962703542,0.04685530082909993,0.04555359684756612,0.03742229309874243,0.05416270919075954,0.08251645871742916,0.07491289856018031,0.0901936646391003,0.004,0.0,0.012,0.0,0.0,0.0,0.0,0.0,0.0,0.0057613766330758525,0.001453458469506637,0.010613793623568738,-0.24655832782479026,-0.5423962047158193,-0.06796390272122836,0.08622754346138317,0.025251089045632134,0.15069678338756426,0.072,0.0439,0.104,0.0038001286303289677,0.0015283718541432684,0.006039244621372456,-0.24655832782479026,-0.5077239854794701,-0.08084210305080104,0.16400686240196227,0.136674065259099,0.1895710021704435,0.0,0.0,0.0,0.0057613766330758525,0.0011892165752246807,0.01037928204685762,False
mediation_aware_recourse,False,0.0,5.0,5.0,250,0.18401376736164093,0.15768308331668376,0.20843150115013123,0.7216075453838805,0.7001596548945979,0.7410767220910104,0.08038146547975569,0.07105004843383353,0.08946803056451139,0.7525406249999999,0.7442390052083333,0.7608667291666668,0.0208044054787606,0.01796511967619881,0.02385473734922707,0.036543494059404255,0.025916200962703542,0.04685530082909993,0.06910422268790432,0.059256554676777096,0.07957538552807927,0.09124442839078173,0.08318542885327287,0.10006795062056704,0.0,0.0,0.0,0.0,0.0,0.0,0.0,0.0,0.0,-0.012120405067252637,-0.018448226817196153,-0.005567887433091322,-0.8910130097458691,-1.5078209422810689,-0.5437300630462024,-0.18139983223907707,-0.2813224228138029,-0.08466933167483329,0.104,0.068,0.144,0.011795079844130276,0.006757940464416188,0.017251835958971597,-0.8910130097458691,-1.457964603482515,-0.5468477264931748,0.18401376736164093,0.15768308331668376,0.20843150115013123,-0.004,-0.012,0.0,-0.012120405067252637,-0.01829982404649988,-0.00589523787196369,False
mediation_aware_recourse,False,0.0,5.850318267065401,5.0,250,0.20402067232131957,0.17668809449672698,0.22911832275688648,0.7469854335508924,0.728931714966774,0.7619250448167563,0.07012427079175615,0.06246840703900019,0.07785950467864225,0.7596583333333333,0.7508530104166667,0.7679030572916666,0.0208044054787606,0.01796511967619881,0.02385473734922707,0.036543494059404255,0.025916200962703542,0.04685530082909993,0.07796421687623147,0.06825663247314631,0.08846753007183276,0.09358550646664929,0.08495240958398136,0.10257645243504362,0.0,0.0,0.0,0.0,0.0,0.0,0.0,0.0,0.0,-0.018417876198398197,-0.02495123502302592,-0.011676502783343878,-1.1334636679649366,-1.8835003178462397,-0.7271409171370087,-0.27565082470852076,-0.3845056859021795,-0.16583073435005583,0.128,0.088,0.172,0.015445359106429813,0.009794536166759231,0.021399093646236843,-1.1334636679649366,-1.8513930424549134,-0.7091192814981616,0.20402067232131957,0.17668809449672698,0.22911832275688648,-0.004,-0.012,0.0,-0.018417876198398197,-0.02470792391349435,-0.011918237084001419,True
transport_anchor_only,False,1.0,0.0,5.0,250,0.17827965474128724,0.14944943568706512,0.20590946224927903,0.549705131145718,0.5152075957928396,0.5845623139761186,0.15045883837452584,0.13478823158213546,0.16535048664290072,0.7348881249999999,0.728501796875,0.7416739427083333,0.0208044054787606,0.01796511967619881,0.02385473734922707,0.036543494059404255,0.025916200962703542,0.04685530082909993,0.0019715799710826386,-0.007027428544451301,0.011795404376585385,0.08174705292924953,0.07481328950054378,0.08956871066536416,0.004,0.0,0.012,0.0,0.0,0.0,0.0,0.0,0.0,0.017490522878290456,0.010912846453724166,0.023575977469415466,0.946048400082442,0.6679173976936507,0.995902186490524,0.26177160732589355,0.17515778049264807,0.34869166471918783,0.176,0.132,0.228,0.008068764689779354,0.004343802519637168,0.01280801821882845,1.391836233850408,0.7246037878017444,1.9435874133770297,0.04849610435962677,0.016366994723677634,0.08127888161838054,0.0,0.0,0.0,0.05199460804056329,0.03947670540341296,0.06544971236321015,False
mediation_aware_recourse,False,1.0,0.5,5.0,250,0.16667723608016968,0.13811497671902181,0.19392921262383458,0.5607619989186254,0.5279192684157858,0.5932013477969434,0.14562016551764828,0.129996898132127,0.16049521717650986,0.7352239583333332,0.7286062656250001,0.742059609375,0.0208044054787606,0.01796511967619881,0.02385473734922707,0.036543494059404255,0.025916200962703542,0.04685530082909993,0.006333149772642023,-0.003100282019057637,0.01614118090522502,0.08197793823515707,0.0747654423916804,0.08982527075780586,0.004,0.0,0.012,0.0,0.0,0.0,0.0,0.0,0.0,0.0164973067874217,0.010280654140045491,0.02240645572608599,0.8266955600264441,0.600685705753255,0.9879933555690678,0.24690665592690664,0.16758591668731346,0.33028459697158036,0.16,0.12,0.208,0.0068486569915158545,0.003478835631095501,0.011280186829338392,1.27248339379441,0.6024109916707396,1.9767572828118847,0.03689368569850922,0.0041982700079679506,0.07100317132174967,0.0,0.0,0.0,0.051001391949694524,0.03841646708496232,0.06411086261674856,False
mediation_aware_recourse,False,1.0,1.0,5.0,250,0.16307705473899842,0.13464738878905771,0.19022660486400125,0.5736754224021283,0.5415169730907923,0.6059457801186847,0.14080085595220543,0.1260383115249585,0.1552672074584147,0.7340099999999999,0.7272939427083334,0.7406252760416667,0.0208044054787606,0.01796511967619881,0.02385473734922707,0.036543494059404255,0.025916200962703542,0.04685530082909993,0.01206856969960472,0.002645485201237629,0.02176994835855056,0.08234478723551286,0.07521312756212403,0.0900459866419468,0.004,0.0,0.012,0.0,0.0,0.0,0.0,0.0,0.0,0.01428306360110271,0.009093944974049339,0.01941185755086602,0.6697477893059067,0.4788741207515898,0.9212702618746463,0.21376722367971113,0.1404119295967431,0.2848110888661501,0.136,0.1,0.18,0.005088068621194001,0.002165742239264948,0.009096145558527328,1.1155356230738727,0.46967535666652066,1.9500114031655664,0.03329350435733795,-0.0010807950198650352,0.06676886319220064,0.0,0.0,0.0,0.04878714876337553,0.03641159457093129,0.0615803596126507,False
mediation_aware_recourse,False,1.0,2.0,5.0,250,0.15927706038951875,0.13106904034614564,0.1853924545496702,0.5972394886272359,0.5646376087631024,0.62686100026527,0.13068562785219465,0.11610437383234051,0.14500016547030223,0.7331020833333334,0.7267491875,0.7396134843750001,0.0208044054787606,0.01796511967619881,0.02385473734922707,0.036543494059404255,0.025916200962703542,0.04685530082909993,0.021007011236142313,0.011124275022839405,0.029904261037671402,0.08301695897896814,0.07516375945854818,0.09114317751004648,0.004,0.0,0.012,0.0,0.0,0.0,0.0,0.0,0.0,0.01159443337536098,0.006660519322777926,0.01616889759851979,0.42515044669801405,0.23889613943555865,0.645735485395509,0.17352788603412417,0.10601314980144287,0.24365525382404996,0.096,0.064,0.132,0.004262468599597137,0.0010030748822114344,0.009001010954267304,0.87093828046598,0.22738440754520647,1.5936267044443182,0.029493510007858277,-0.004227700945734977,0.0639904753834009,0.0,0.0,0.0,0.04609851853763381,0.03468384119418907,0.05753001567864232,False
mediation_aware_recourse,False,1.0,5.0,5.0,250,0.15010658407211303,0.12454244430363177,0.17520944915115833,0.6555653857305519,0.6271610779426144,0.6821463552528019,0.10668712024925955,0.09393403060329192,0.1190742948770662,0.7388899999999999,0.7316198802083332,0.7462855572916666,0.0208044054787606,0.01796511967619881,0.02385473734922707,0.036543494059404255,0.025916200962703542,0.04685530082909993,0.04609786183605318,0.03696168945765858,0.055035104800111784,0.08413261321364811,0.07673454656002437,0.09194331024858485,0.004,0.0,0.012,0.0,0.0,0.0,0.0,0.0,0.0,0.003918455118967989,-3.2201474585382656e-05,0.00841611766350885,-0.26145194986329345,-0.5504592321924808,-0.09495722021854366,0.058645490581633375,0.0010034883890519264,0.1201935423373108,0.076,0.044,0.108,0.00392714528788951,0.0018639129308537234,0.006260970271130724,0.18433588390467248,-0.336042718449972,0.7419477871486789,0.020323033690452574,-0.018811119189858436,0.05955026465952396,0.0,0.0,0.0,0.03842254028124081,0.02759020081429798,0.048561667399610986,False
mediation_aware_recourse,False,1.0,5.850318267065401,5.0,250,0.158919468998909,0.1319124396979809,0.18299788620769977,0.6728625106581084,0.6458447349147388,0.6986397751130993,0.09811618387874597,0.08617608222237785,0.1090388466391354,0.7428987499999999,0.73569290625,0.7506755989583332,0.0208044054787606,0.01796511967619881,0.02385473734922707,0.036543494059404255,0.025916200962703542,0.04685530082909993,0.05108263218461402,0.04075337335330492,0.061150664757549864,0.08618669427268864,0.07854189820480721,0.09505046633233767,0.004,0.0,0.012,0.0,0.0,0.0,0.0,0.0,0.0,-0.0008114903733755723,-0.006552542644136588,0.0050485200580049645,-0.39785845605171977,-0.7594310363716584,-0.16600881577132434,-0.01214515659973081,-0.09487018617377543,0.070917190332581,0.092,0.06,0.132,0.006625943688472253,0.0032720795797718137,0.010157259793091476,0.04792937771624617,-0.49078312193730045,0.5752983570490944,0.029135918617248534,-0.012977873030304907,0.06826259904205799,0.0,-0.012,0.012,0.03369259478889725,0.021987027051688687,0.04537400460131313,True
transport_anchor_only,False,3.0,0.0,5.0,250,0.3234568456411362,0.28089609635174273,0.36535095776915555,0.3957090335614942,0.35531775339158056,0.4336205072050022,0.17887098709768237,0.16365582705475928,0.19350771749763512,0.7728010416666666,0.7634127447916668,0.7826836249999999,0.0208044054787606,0.01796511967619881,0.02385473734922707,0.036543494059404255,0.025916200962703542,0.04685530082909993,-0.0928235962785956,-0.10904609499495395,-0.07678460119678819,0.13261585209466104,0.11928094818959678,0.14597336274035821,0.004,0.0,0.012,0.0,0.0,0.0,0.0,0.0,0.0,-0.03574687158255773,-0.05050046903023675,-0.02099346406107875,-1.540085415141303,-2.5879802322863354,-0.8746034847316678,-0.5350049335948186,-0.7870382117721166,-0.3027903938610491,0.416,0.356,0.472,0.07865550770239547,0.06332901969968566,0.09505188372223339,4.748271576681693,3.707914698111981,6.709907986544013,-0.4466317150592804,-0.5139173290729522,-0.38576925920546057,0.0,0.0,0.0,0.1638484976824759,0.14670421762359773,0.1816420684865721,False
mediation_aware_recourse,False,3.0,0.5,5.0,250,0.31375881028175356,0.26962987470030786,0.3512473803341389,0.40267322027427627,0.3618252021347692,0.4428398665690835,0.17623956163606397,0.16110321739969993,0.19066489499951922,0.7706729166666666,0.7610448072916667,0.7804241927083333,0.0208044054787606,0.01796511967619881,0.02385473734922707,0.036543494059404255,0.025916200962703542,0.04685530082909993,-0.09155811472083107,-0.10883133483592553,-0.07462910613660685,0.1322431808743254,0.11858700214815972,0.1463824259947469,0.004,0.0,0.012,0.0,0.0,0.0,0.0,0.0,0.0,-0.03625869120925006,-0.05120505095048973,-0.02110352011685846,-1.5054559526244624,-2.5509918807418357,-0.8458915655926273,-0.5426650731614002,-0.7921121071595235,-0.31209049491573343,0.4,0.336,0.456,0.07827867673685937,0.06299865995196531,0.09517780187922444,4.782901039198534,3.720245769081908,6.807381786162287,-0.456329750418663,-0.5235375054895878,-0.39689898650944233,0.0,0.0,0.0,0.16333667805578356,0.14660111106696588,0.18122321398390526,False
mediation_aware_recourse,False,3.0,1.0,5.0,250,0.29571586894989016,0.25532709006369114,0.3315034565269947,0.4123817372738743,0.37094183709260503,0.45154661552468567,0.17258628201488227,0.1575259662261161,0.18737057936863852,0.7690104166666667,0.7596087760416667,0.7788523958333332,0.0208044054787606,0.01796511967619881,0.02385473734922707,0.036543494059404255,0.025916200962703542,0.04685530082909993,-0.08909982827709302,-0.10585022802157422,-0.07134132737198026,0.13087664569845855,0.11701337619353183,0.14449788863987303,0.008,0.0,0.02,0.0,0.0,0.0,0.0,0.0,0.0,-0.03615255191269682,-0.05074265436329713,-0.022086878032655053,-1.4381857994272362,-2.5221914537138335,-0.8003110533899322,-0.5410765412202729,-0.7802860409073737,-0.31434820728913704,0.392,0.328,0.448,0.07586446051270337,0.06078484968054008,0.09166663548133448,4.85017119239576,3.807455343221947,6.920354072747563,-0.47437269175052643,-0.5406319837510586,-0.4170583056867123,0.004,0.0,0.016,0.16344281735233682,0.14641887565571424,0.181760393255395,False
mediation_aware_recourse,False,3.0,2.0,5.0,250,0.2871264925003052,0.24718040876090525,0.3222028800070286,0.4170265641607814,0.3741999867455785,0.4587193680897138,0.16578585404540122,0.150968410513677,0.17995561338125385,0.7700885416666666,0.7601082864583333,0.779806859375,0.0208044054787606,0.01796511967619881,0.02385473734922707,0.036543494059404255,0.025916200962703542,0.04685530082909993,-0.09591456763489148,-0.11397799006391418,-0.07859200875941127,0.13723601882058978,0.12231252387033127,0.151638509530385,0.008,0.0,0.02,0.0,0.0,0.0,0.0,0.0,0.0,-0.04514333221332725,-0.0591808375590157,-0.03116271531333825,-1.6246687708344196,-2.6762463437627595,-0.9506891015832982,-0.67563689866569,-0.8835154385947496,-0.45821034960767937,0.384,0.324,0.44,0.0837672203419178,0.06827949087291393,0.1003283096505489,4.663688220988577,3.622567812547015,6.679004788967311,-0.4829620682001114,-0.5495650963932276,-0.42496590256989003,0.004,0.0,0.016,0.15445203705170638,0.13820690430646335,0.1723930185215227,False
mediation_aware_recourse,False,3.0,5.0,5.0,250,0.27603067076206206,0.2370469998449087,0.31277359838783736,0.448312174430706,0.4033200536742857,0.4911546844799624,0.14383681452370672,0.13040824489214048,0.1576979378130403,0.76917625,0.7594853854166668,0.7787688958333333,0.0208044054787606,0.01796511967619881,0.02385473734922707,0.036543494059404255,0.025916200962703542,0.04685530082909993,-0.1048541974623488,-0.1263384693168844,-0.08453691171409096,0.14832521020591136,0.13318560632184304,0.16448624060304912,0.016,0.004,0.036,0.0,0.0,0.0,0.0,0.0,0.0,-0.06417939711339729,-0.07849151599588397,-0.050000429435246546,-1.8692986306098769,-3.0613555229556626,-1.161532859616056,-0.9605398338567515,-1.1503724290063497,-0.7595604290756873,0.332,0.276,0.388,0.0922439429239868,0.07408343956527588,0.11123397578522565,4.41905836121312,3.335766391450077,6.307711381809202,-0.4940578899383545,-0.5641539433807135,-0.4321271612793207,0.012,0.0,0.028,0.1354159721516363,0.1180563089911596,0.15348170644768927,False
mediation_aware_recourse,False,3.0,5.850318267065401,5.0,250,0.2817946286201477,0.24070046543478965,0.3183226616024971,0.464956903523043,0.41826755147306616,0.5080531336803938,0.135250836592737,0.12215572301024988,0.14718466639335573,0.7672991666666666,0.758166515625,0.7772603437499999,0.0208044054787606,0.01796511967619881,0.02385473734922707,0.036543494059404255,0.025916200962703542,0.04685530082909993,-0.10140438903083848,-0.12441088507731599,-0.08194947380881025,0.14904334977639236,0.13390071763664965,0.167673841064174,0.02,0.004,0.04,0.0,0.0,0.0,0.0,0.0,0.0,-0.06695552618860837,-0.08131978114545052,-0.05353765882987942,-1.7748958232072134,-3.0687066908126495,-1.050249644597196,-1.002088721515459,-1.2110315036686796,-0.8034550796878617,0.304,0.248,0.356,0.08979713420161359,0.07139011984880476,0.10751256733600437,4.513461168615783,3.3837641691015756,6.373421201469961,-0.48829393208026883,-0.5629922932654619,-0.4270122396439314,0.016,0.004,0.032,0.13263984307642526,0.11486323316420582,0.151471495189778,True
transport_anchor_only,False,10.0,0.0,5.0,250,1.0360352175235747,0.9874129142194986,1.0857865736931562,0.08974106836499043,0.07475586013251267,0.1039937983128153,0.21049112018508348,0.20441889335117167,0.2163103009505469,0.8952472916666667,0.8870711875,0.9031884218749999,0.0208044054787606,0.01796511967619881,0.02385473734922707,0.036543494059404255,0.025916200962703542,0.04685530082909993,-0.30897253958074433,-0.31808129693525666,-0.30006802606536376,0.3109732243043657,0.3029995631299327,0.3191116509780917,0.052,0.024,0.08,0.0,0.0,0.0,0.0,0.0,0.0,-0.24215657333840251,-0.25176207554285013,-0.23234483973220393,-7.454926041786965,-10.827009085056465,-5.672693532577514,-3.624232155232173,-4.157690793061783,-3.1914830288624176,0.724,0.664,0.776,0.2317218091755978,0.2138547885607823,0.24962368234587995,0.19450967029156097,0.0660784497294395,0.37361963985169244,0.03217276465892792,0.01087044784128666,0.05407527948319912,0.004,-0.024,0.032,0.007108062980796289,0.0024768733377396493,0.012324829862228591,False
mediation_aware_recourse,False,10.0,0.5,5.0,250,1.0314990782737732,0.9820008700788021,1.081555024716258,0.08988674242185732,0.07496245148139381,0.10426540497903398,0.20867827983894846,0.20297776021436142,0.21409787085048076,0.8959285416666667,0.8877215937499999,0.9037149635416668,0.0208044054787606,0.01796511967619881,0.02385473734922707,0.036543494059404255,0.025916200962703542,0.04685530082909993,-0.3108289690764985,-0.31975103752768075,-0.301905776090579,0.3124551843088449,0.3044234002146404,0.3206803850637654,0.06,0.032,0.092,0.0,0.0,0.0,0.0,0.0,0.0,-0.24401300283415667,-0.25356033659346205,-0.23418729169247085,-7.505726589012593,-10.87679893743807,-5.712537704298095,-3.6520163750849672,-4.184486875883695,-3.203319089696516,0.724,0.664,0.776,0.23219738534250653,0.2143806227570755,0.25010231190953264,0.14370912306593375,0.0236233615636972,0.31145616188320974,0.027636625409126283,0.005941206523776055,0.048729982101917264,0.012,-0.016,0.04,0.005251633485042138,0.0009233659499446806,0.010083165929407098,False
mediation_aware_recourse,False,10.0,1.0,5.0,250,1.0422908494472503,0.9969069868087769,1.0924926858842372,0.08814702792106252,0.07280770728709576,0.10291266979889604,0.20707404515461908,0.20163646908546123,0.212387347593469,0.8974947916666668,0.88958509375,0.9052447864583333,0.0208044054787606,0.01796511967619881,0.02385473734922707,0.036543494059404255,0.025916200962703542,0.04685530082909993,-0.31422815886777944,-0.3228327749403216,-0.30542187139671156,0.31542563893842646,0.3074064807463888,0.3237433700220422,0.06,0.032,0.092,0.0,0.0,0.0,0.0,0.0,0.0,-0.24741219262543762,-0.25653520236404714,-0.23852512533545608,-7.598744234937618,-11.060354253263275,-5.790216764430453,-3.702890290145211,-4.236855906096646,-3.2605351516845236,0.724,0.664,0.776,0.23348020527528093,0.21492541779671562,0.25166630573106213,0.0506914771409086,-0.04627858280713992,0.16335174738832867,0.038428396582603455,0.019644097357988357,0.0584365839511156,0.012,-0.016,0.04,0.001852443693761186,-0.0016228771625221522,0.005453212916741651,False
mediation_aware_recourse,False,10.0,2.0,5.0,250,1.0476613304615021,1.000986372038722,1.1000499799907208,0.08716682496934033,0.07185576549648676,0.10167341010189354,0.20436924635917483,0.1989719785182213,0.20960091852055365,0.8991868749999998,0.8913134166666667,0.9068787708333332,0.0208044054787606,0.01796511967619881,0.02385473734922707,0.036543494059404255,0.025916200962703542,0.04685530082909993,-0.31730281969770513,-0.326026476126867,-0.3082914697207797,0.31837801646113484,0.3102014145735936,0.32662854369146693,0.068,0.04,0.1,0.0,0.0,0.0,0.0,0.0,0.0,-0.2504868534553633,-0.2591460325058368,-0.24193874171071764,-7.682881258751696,-11.16423493963216,-5.845914167250421,-3.7489071481335223,-4.302363805198979,-3.3043187547053527,0.724,0.664,0.776,0.23517080022976178,0.21689902042408232,0.2537758854204007,-0.033445546673169346,-0.12994999575118515,0.05945801192928992,0.04379887759685516,0.02352736505866051,0.06448547731935977,0.02,-0.008,0.048,-0.0012222171361645129,-0.004519040911541188,0.002061216566389571,False
mediation_aware_recourse,False,10.0,5.0,5.0,250,1.064026014328003,1.0169597473353147,1.1197945322662592,0.08831663911111089,0.07234670431984347,0.1042563640360709,0.1969967722343222,0.19134682865129296,0.20226751221756742,0.8990120833333333,0.8914796458333334,0.9059781093749999,0.0208044054787606,0.01796511967619881,0.02385473734922707,0.036543494059404255,0.025916200962703542,0.04685530082909993,-0.32203828251806654,-0.33080435307188616,-0.31242042747320325,0.3224507484941992,0.31442868528515033,0.33104222033335357,0.096,0.06,0.132,0.0,0.0,0.0,0.0,0.0,0.0,-0.2552403489039854,-0.2638767975086956,-0.24690106963867006,-7.812465551174952,-11.425473207267592,-5.9419034845517515,-3.82005025532711,-4.356625455384247,-3.3608259980421114,0.72,0.66,0.772,0.2371647727625168,0.21843720950974854,0.25565063762236456,-0.163029839096426,-0.29984328262882376,-0.062170282144458196,0.06016356146335602,0.03525288639962673,0.08519954920411109,0.048,0.012,0.084,-0.005975712584786592,-0.009592039554051596,-0.00243176573712167,False
mediation_aware_recourse,False,10.0,5.850318267065401,5.0,250,1.0775923945903778,1.0299152941823007,1.1325292460501193,0.08792611824785962,0.0718724247359211,0.10397946743444321,0.19486676236716005,0.18908572192551906,0.19997676517638116,0.8993347916666666,0.8920479114583334,0.9065635000000002,0.0208044054787606,0.01796511967619881,0.02385473734922707,0.036543494059404255,0.025916200962703542,0.04685530082909993,-0.3241286184197128,-0.3329655361710986,-0.31457762702244546,0.32449031745345086,0.31621486586469544,0.3335265462173281,0.108,0.072,0.148,0.0,0.0,0.0,0.0,0.0,0.0,-0.2573306848056317,-0.26592004805540004,-0.2489840621079764,-7.869666865812471,-11.536565559639541,-5.986764156191834,-3.8513352313471323,-4.380940039752976,-3.398462169999449,0.72,0.66,0.772,0.23899201685087507,0.21959435637780272,0.257748833968577,-0.22023115373394475,-0.3803597056188604,-0.10409579260846248,0.0737299417257309,0.047466136780381196,0.09956932123899459,0.06,0.024,0.1,-0.008066048486432865,-0.01226221609275321,-0.0040937562211166055,True
transport_anchor_only,False,30.0,0.0,5.0,250,1.2067481261491775,1.1594155582904817,1.2585991630524398,0.07804952686592963,0.0631313945181666,0.0921218519681566,0.2053310590807494,0.19984573681343515,0.210527304160814,0.8969031249999999,0.8883524062499999,0.90463096875,0.0208044054787606,0.01796511967619881,0.02385473734922707,0.036543494059404255,0.025916200962703542,0.04685530082909993,-0.3267722541836447,-0.33576751086027884,-0.31782343329394,0.32811550428226144,0.32020374328433276,0.33737079186749797,0.14,0.096,0.188,0.0,0.0,0.0,0.0,0.0,0.0,-0.2599562879413029,-0.2693870867270599,-0.25142650989032356,-7.942009038666399,-11.566023443215087,-6.051180126885133,-3.890631275142236,-4.450667084472254,-3.4361696437690794,0.724,0.664,0.776,0.24306576090885032,0.2242732145047285,0.2620801609805603,0.14046457600506201,0.03901848310923655,0.2608188170563629,0.03749243855476379,0.020066688692569733,0.05587804698944092,-0.012,-0.048,0.024,0.005133066398797675,0.0013777994328045833,0.008822287964778866,False
mediation_aware_recourse,False,30.0,0.5,5.0,250,1.2033565307855607,1.1572933590590955,1.2563323675215243,0.07810716172494665,0.06323482074974185,0.09218315089617055,0.20444494625000587,0.19899407148551454,0.209516480636264,0.8972720833333333,0.889040546875,0.9049605833333333,0.0208044054787606,0.01796511967619881,0.02385473734922707,0.036543494059404255,0.025916200962703542,0.04685530082909993,-0.3279079107599095,-0.33679244513451617,-0.31896995929725963,0.3290893742912531,0.32106698592611005,0.3380006528740197,0.136,0.092,0.18,0.0,0.0,0.0,0.0,0.0,0.0,-0.2610919445175676,-0.270515293687056,-0.252415556031428,-7.973085885735776,-11.629605070459336,-6.08504513780845,-3.9076280595956074,-4.477462240445749,-3.4406525670321,0.724,0.664,0.776,0.24371716432641372,0.22454113675573853,0.262896965966503,0.10938772893568505,0.013314029493942848,0.22033924173755354,0.034100843191146854,0.017148491179943083,0.05170350900888443,-0.016,-0.052,0.02,0.003997409822532913,0.0004249219631990998,0.007722614345246187,False
mediation_aware_recourse,False,30.0,1.0,5.0,250,1.2084439231157302,1.16025390779078,1.259654841426015,0.07797537237665629,0.06311185835080968,0.09209776182304717,0.20339855619340824,0.19799538933105088,0.20858211020272627,0.8972125,0.8887543854166666,0.9052125989583334,0.0208044054787606,0.01796511967619881,0.02385473734922707,0.036543494059404255,0.025916200962703542,0.04685530082909993,-0.32866429894977056,-0.3375555653501723,-0.31967101385345625,0.32983853519924744,0.3217049632625732,0.33874333143182145,0.156,0.112,0.204,0.0,0.0,0.0,0.0,0.0,0.0,-0.26184833270742874,-0.27120833090968166,-0.2531307616210167,-7.9937841853737766,-11.644017733276735,-6.098475740935598,-3.9189485303213862,-4.485582484815857,-3.4524634221628663,0.724,0.664,0.776,0.2444735525162748,0.22526650179452218,0.2640725507643028,0.08868942929768409,-0.015122078580446452,0.20132496683274193,0.039188235521316526,0.021224998396635057,0.05859898417592047,0.004,-0.036,0.048,0.003241021632671802,-0.0004756348292444194,0.007040407025045244,False
mediation_aware_recourse,False,30.0,2.0,5.0,250,1.2165802427530288,1.169710438257456,1.2665516288697718,0.07780393643364593,0.06278942352690334,0.09186632951134514,0.20193044477039587,0.19645967464066758,0.2071423158724102,0.89706,0.8886958020833333,0.9047321510416667,0.0208044054787606,0.01796511967619881,0.02385473734922707,0.036543494059404255,0.025916200962703542,0.04685530082909993,-0.3305041763724994,-0.33945261749173244,-0.3211060991218012,0.33164385274806024,0.32368943751637297,0.3413047386877346,0.168,0.124,0.2160999999999999,0.0,0.0,0.0,0.0,0.0,0.0,-0.2636882101301576,-0.272655989980622,-0.2551184361588101,-8.04413179088019,-11.681562012438446,-6.130248591377383,-3.946485023860305,-4.517679768818705,-3.4944959116233605,0.724,0.664,0.776,0.24611204151803726,0.22673659616567676,0.26568951307398664,0.03834182379127071,-0.06399192261263761,0.14339426053118373,0.04732455515861511,0.027668872678279877,0.06679061807394028,0.016,-0.024,0.06,0.001401144209942945,-0.0020593836149916628,0.005166352920699733,False
mediation_aware_recourse,False,30.0,5.0,5.0,250,1.248523460507393,1.2038089301496744,1.2982779270857572,0.07723491431780558,0.06215001757514827,0.0915763451526109,0.19366012114696066,0.18857890969624902,0.19877940873284447,0.8998729166666666,0.8921369583333333,0.9072860885416666,0.0208044054787606,0.01796511967619881,0.02385473734922707,0.036543494059404255,0.025916200962703542,0.04685530082909993,-0.3430981028893425,-0.3528115211487797,-0.33258435277203646,0.34364996150021565,0.33457019994973847,0.3537774290770838,0.232,0.184,0.288,0.0,0.0,0.0,0.0,0.0,0.0,-0.2762821366470007,-0.2859567181209425,-0.2671468466954763,-8.388760208085472,-12.158636021054635,-6.392571045333607,-4.13497180666256,-4.711275760848809,-3.6627399163499827,0.724,0.664,0.776,0.25574162089369823,0.2349814226945877,0.2774061823312691,-0.3062865934140113,-0.5012088483957219,-0.1784738882130881,0.07926777291297912,0.05641717658042907,0.1026543809056282,0.08,0.036,0.124,-0.011192782306900136,-0.016029774441990625,-0.007185939320468126,False
mediation_aware_recourse,False,30.0,5.850318267065401,5.0,250,1.2699579957723617,1.225936032447219,1.3180602269142865,0.07701819973484914,0.06195339483443196,0.0915734229331884,0.18955024861824177,0.18469928721620257,0.19447889896649267,0.9013520833333333,0.8938584531249999,0.9086781875,0.0208044054787606,0.01796511967619881,0.02385473734922707,0.036543494059404255,0.025916200962703542,0.04685530082909993,-0.34864667279515676,-0.35923944445933687,-0.33786788677607676,0.34905238324092525,0.33931278636526346,0.359466955313794,0.276,0.224,0.336,0.0,0.0,0.0,0.0,0.0,0.0,-0.28183070655281495,-0.2921471530004314,-0.272424991150764,-8.540594892989839,-12.319385046549364,-6.514374012559986,-4.218014381931016,-4.808913456128935,-3.7373526574972673,0.724,0.664,0.776,0.25973046544251027,0.23825027786601588,0.2819289844166329,-0.45812127831837834,-0.7276143212614781,-0.2965568208073645,0.100702308177948,0.07599833996295928,0.1242175670862198,0.124,0.076,0.172,-0.016741352212714354,-0.021827323636009716,-0.012213209872345228,True
transport_anchor_only,False,0.0,0.0,10.0,250,0.26892372024059297,0.2310403746187687,0.3083944033682346,0.6090404712643254,0.5812979615623454,0.6366135130373364,0.1311671977374608,0.11618156081072407,0.14500165937423726,0.716868125,0.7117512395833333,0.7221140416666667,0.0208044054787606,0.01796511967619881,0.02385473734922707,0.036543494059404255,0.025916200962703542,0.04685530082909993,0.032778409685376673,0.025042560633187955,0.0406069558273964,0.07822414558763834,0.07131112796394759,0.08508914207492313,0.0,0.0,0.0,0.0,0.0,0.0,0.0,0.0,0.0,0.016859022361340906,0.011162859412653556,0.022736806027552205,0.10303022387260363,-0.12659144388926372,0.26285446179750166,0.2523202657908614,0.175598401257463,0.32231371688937094,0.128,0.088,0.172,0.004245325928926432,0.0022767806084333,0.006294908159054034,0.10303022387260363,-0.10288866042144079,0.26182015493533345,0.26892372024059297,0.2310403746187687,0.3083944033682346,-0.004,-0.012,0.0,0.016859022361340906,0.011129213215845483,0.02227903563637214,False
mediation_aware_recourse,False,0.0,0.5,10.0,250,0.2507466967105865,0.21667545647025108,0.2871778315454721,0.6219572608423174,0.5927565044251017,0.6487571118310639,0.12446392094066604,0.1107405513275834,0.13766945832780264,0.7188825,0.7135692135416667,0.724366546875,0.0208044054787606,0.01796511967619881,0.02385473734922707,0.036543494059404255,0.025916200962703542,0.04685530082909993,0.036837243475466075,0.029064755805898297,0.04435102629396059,0.07893572937278023,0.0719794527097499,0.08596321369886913,0.0,0.0,0.0,0.0,0.0,0.0,0.0,0.0,0.0,0.013937209394870297,0.008676654264748658,0.019461736608634487,-0.008038350563422059,-0.258347772531805,0.1460383576143096,0.20859100270016262,0.13803281456036298,0.273696600403081,0.108,0.068,0.148,0.0036768155171170384,0.0018474579952395013,0.005724156397441381,-0.008038350563422059,-0.23869137446656363,0.14522588680869938,0.2507466967105865,0.21667545647025108,0.2871778315454721,-0.004,-0.012,0.0,0.013937209394870297,0.008520644001316231,0.019021592531594127,False
mediation_aware_recourse,False,0.0,1.0,10.0,250,0.2501954425573349,0.21604897806942464,0.28459223133027556,0.6299759369498453,0.6020824593661422,0.6559328870406517,0.12119500997584796,0.10705971545224392,0.1343229909601933,0.7192066666666665,0.7139914218750001,0.7246409635416667,0.0208044054787606,0.01796511967619881,0.02385473734922707,0.036543494059404255,0.025916200962703542,0.04685530082909993,0.04013662898868965,0.032217228190150785,0.048219955222451885,0.07906075204554369,0.07212487052256046,0.08599435225166902,0.0,0.0,0.0,0.0,0.0,0.0,0.0,0.0,0.0,0.01264176595771773,0.007664442125154388,0.01779245660738777,-0.09832488714528709,-0.3727758400300276,0.07868810055756614,0.1892027709644426,0.11866577956773738,0.25476413801751024,0.112,0.07590000000000001,0.152,0.004485745995222808,0.002358387675868752,0.00681041266889903,-0.09832488714528709,-0.35381139392363237,0.07408553461536094,0.2501954425573349,0.21604897806942464,0.28459223133027556,-0.004,-0.012,0.0,0.01264176595771773,0.007600546442644101,0.017501820785873406,False
mediation_aware_recourse,False,0.0,2.0,10.0,250,0.24592746949195862,0.21342964348196983,0.27992063551843166,0.6383984300227746,0.6106317335566546,0.6641755444568938,0.11665013535567506,0.10329147438723112,0.129469940674704,0.7203385416666666,0.71500646875,0.725800296875,0.0208044054787606,0.01796511967619881,0.02385473734922707,0.036543494059404255,0.025916200962703542,0.04685530082909993,0.04225867915332139,0.033692075141168405,0.050204420585892244,0.07940834855287468,0.07234253218371316,0.08669781631574135,0.0,0.0,0.0,0.0,0.0,0.0,0.0,0.0,0.0,0.010015500204679338,0.004714598566225534,0.01528140947777853,-0.15639405155474906,-0.44826933640437766,0.03080837024140719,0.14989681011800504,0.07737487591638206,0.2204741396215482,0.096,0.06,0.132,0.004220560949658014,0.0020832113256349094,0.006539573727563387,-0.15639405155474906,-0.427549929364728,0.0173198096386029,0.24592746949195862,0.21342964348196983,0.27992063551843166,-0.004,-0.012,0.0,0.010015500204679338,0.004874444149678912,0.014969505174355833,False
mediation_aware_recourse,False,0.0,5.0,10.0,250,0.26436388635635377,0.2296248545140028,0.2999693220257759,0.6671772354102046,0.6405975151357768,0.69120309986774,0.10458357689112308,0.0931499627022084,0.11586938170128198,0.722868125,0.716940640625,0.7290571979166666,0.0208044054787606,0.01796511967619881,0.02385473734922707,0.036543494059404255,0.025916200962703542,0.04685530082909993,0.052760056250396904,0.04397701693035639,0.06151126893099498,0.0827457256489126,0.07596492757179836,0.09064611267336836,0.0,0.0,0.0,0.0,0.0,0.0,0.0,0.0,0.0,0.003673105507503521,-0.0013758146168979868,0.009227988129409488,-0.44376058196929336,-0.8730116663655029,-0.21342704670325494,0.054973469876663184,-0.021059944263841758,0.1309000818842581,0.112,0.076,0.152,0.007204273661186582,0.003713638235119726,0.0108652821202821,-0.44376058196929336,-0.8431767149760597,-0.2039599713901356,0.26436388635635377,0.2296248545140028,0.2999693220257759,-0.004,-0.012,0.0,0.003673105507503521,-0.0015037597661632979,0.008998877836068737,False
mediation_aware_recourse,False,0.0,5.850318267065401,10.0,250,0.2722916208505631,0.23764515979588033,0.3080387789517641,0.6755576409108042,0.6500797940354747,0.698708697382917,0.1009634549347868,0.08924527755631911,0.11224565500044877,0.7240264583333332,0.7178586249999999,0.7301154635416667,0.0208044054787606,0.01796511967619881,0.02385473734922707,0.036543494059404255,0.025916200962703542,0.04685530082909993,0.05524893449242739,0.046209629531404776,0.06413050715279249,0.08392715207560528,0.0767682143255621,0.09212947350497548,0.0,0.0,0.0,0.0,0.0,0.0,0.0,0.0,0.0,0.0018099230724007865,-0.003373252448032246,0.007191690944243064,-0.5118678690826883,-0.9550321670662557,-0.2683410307561521,0.027088182274221495,-0.05278839931954973,0.10349545804173362,0.116,0.08,0.1560999999999999,0.007556758026148806,0.0038516676012845114,0.011229106160071469,-0.5118678690826883,-0.9489339478461888,-0.2634199326040458,0.2722916208505631,0.23764515979588033,0.3080387789517641,-0.004,-0.012,0.0,0.0018099230724007865,-0.003588360152531647,0.007179147861416765,True
transport_anchor_only,False,1.0,0.0,10.0,250,0.2932730997800827,0.25188865529000765,0.3380081124931574,0.5687526583415514,0.5347938814183436,0.601387449640035,0.14926032117025329,0.1329265508973047,0.16355672702640506,0.7164627083333334,0.71114796875,0.7215815416666665,0.0208044054787606,0.01796511967619881,0.02385473734922707,0.036543494059404255,0.025916200962703542,0.04685530082909993,0.015170147765553048,0.008278116031608936,0.022609498488095015,0.07745459417312014,0.07073755393272992,0.08444587323681318,0.004,0.0,0.012,0.0,0.0,0.0,0.0,0.0,0.0,0.0235243277686901,0.017143743671070365,0.029609702883898335,0.5848741846936473,0.4151497257132209,0.7526554302795636,0.3520764435758851,0.2759473021095803,0.42103621055244705,0.132,0.092,0.176,0.0029731941164130404,0.0015699111227096588,0.00470050607277202,1.030662018461613,0.4419102126668511,1.7812888491947467,0.16348954939842225,0.12474486421048642,0.20585593827366827,0.0,0.0,0.0,0.05802841293096292,0.04439874519459247,0.07152855926997692,False
mediation_aware_recourse,False,1.0,0.5,10.0,250,0.29022417294979097,0.2501222988963127,0.3345065607726574,0.5786253515042611,0.5462695936933466,0.610637031203398,0.14391728254792774,0.1280378146709954,0.15842035734341328,0.7159341666666665,0.7106020729166668,0.7210600677083334,0.0208044054787606,0.01796511967619881,0.02385473734922707,0.036543494059404255,0.025916200962703542,0.04685530082909993,0.019073243756228576,0.01192223804549727,0.027177549372300606,0.07806131521057404,0.0713474330933658,0.08499761382056786,0.004,0.0,0.012,0.0,0.0,0.0,0.0,0.0,0.0,0.02110447325109895,0.014768951715330355,0.027367951833792776,0.4780673209512053,0.29339631411386063,0.643920943703258,0.3158597329050504,0.2374370300239349,0.39204088913559293,0.132,0.092,0.176,0.003236700788493053,0.0017000966438309457,0.005057194117943548,0.9238551547191712,0.33400999706753726,1.6260838498313497,0.1604406225681305,0.12207935666441917,0.20176742188334465,0.0,0.0,0.0,0.05560855841337177,0.04209774558633105,0.06910195194601207,False
mediation_aware_recourse,False,1.0,1.0,10.0,250,0.2700174558162689,0.23188662268817425,0.3104815568327904,0.5874143356736546,0.554884564988399,0.6188177119354147,0.1390344675572738,0.12339139568477822,0.15399507705683216,0.7174618749999999,0.71204571875,0.7228359270833332,0.0208044054787606,0.01796511967619881,0.02385473734922707,0.036543494059404255,0.025916200962703542,0.04685530082909993,0.021855251375165623,0.014617927262657955,0.030420118975458217,0.07886276716766631,0.07177823353112164,0.08593569082364916,0.004,0.0,0.012,0.0,0.0,0.0,0.0,0.0,0.0,0.018399836211923273,0.012512637974276602,0.02446184081530198,0.40193865043013577,0.221492030380272,0.5590794946480918,0.27538082956380483,0.2003305839184605,0.3503107599005468,0.124,0.0879,0.168,0.00319801549861237,0.0016638102668755463,0.005016039284899206,0.8477264841981017,0.2792902664690274,1.5298148665342428,0.14023390543460845,0.09929542989432812,0.18147389798164368,0.0,0.0,0.0,0.0529039213741961,0.04022920854874059,0.06546331535217083,False
mediation_aware_recourse,False,1.0,2.0,10.0,250,0.2569278255701065,0.2201394725292921,0.29470222229957577,0.6026126676246866,0.5731265253538625,0.6311437482169087,0.13196277554958166,0.11727744017176606,0.1454891726051842,0.7182845833333333,0.7130121510416667,0.7236312291666667,0.0208044054787606,0.01796511967619881,0.02385473734922707,0.036543494059404255,0.025916200962703542,0.04685530082909993,0.02768828167557588,0.019844622469287726,0.03641457316107045,0.07976403579677488,0.07261441892410166,0.08681963947107948,0.004,0.0,0.012,0.0,0.0,0.0,0.0,0.0,0.0,0.01453014233763379,0.00896305773532597,0.019988896654343016,0.2423198058027387,0.05039398462408618,0.3864098888127985,0.21746512330500312,0.14430292262978517,0.2882994349481568,0.116,0.076,0.156,0.003448612306564837,0.0017592742421063223,0.005478822799252583,0.6881076395707046,0.13267136439215943,1.35517865038227,0.12714427518844604,0.08803194212317467,0.16972007507979867,0.0,0.0,0.0,0.049034227499906616,0.03656006945319732,0.06154234277383137,False
mediation_aware_recourse,False,1.0,5.0,10.0,250,0.2542723753452301,0.22155241498947142,0.28964329318106175,0.6397094260140459,0.6125299234113377,0.6645198348552455,0.11585659646417042,0.10237756751414603,0.1282196688373819,0.7197327083333334,0.7143976197916666,0.7251762708333332,0.0208044054787606,0.01796511967619881,0.02385473734922707,0.036543494059404255,0.025916200962703542,0.04685530082909993,0.04265566596488466,0.03427316300211927,0.050853336320790817,0.0796519731190688,0.07287757498998304,0.08710831546343643,0.0,0.0,0.0,0.0,0.0,0.0,0.0,0.0,0.0,0.009521611270150042,0.004375714455000571,0.014430862033997073,-0.16725745752567067,-0.44433141111426405,0.021359667540646363,0.1425050299447158,0.07266179274352422,0.2070675700989013,0.104,0.068,0.144,0.004308106044290481,0.0021452532843462334,0.0066042202036863925,0.27853037624229526,-0.24681281809789343,0.8180908798801112,0.12448882496356964,0.08281412344574929,0.16878553069233893,-0.004,-0.012,0.0,0.044025696432422864,0.031926180174179954,0.05574367620137655,False
mediation_aware_recourse,False,1.0,5.850318267065401,10.0,250,0.2523679918050766,0.21872084673345088,0.2871655398130417,0.6521525585171446,0.6253888094913812,0.6762448176591959,0.11015417031670711,0.09788113133112968,0.12193760278868068,0.7217229166666667,0.715979140625,0.7275761875,0.0208044054787606,0.01796511967619881,0.02385473734922707,0.036543494059404255,0.025916200962703542,0.04685530082909993,0.04724179690117009,0.03886614259040952,0.05568069348063349,0.08093827607973933,0.0740978553207594,0.08830549384594363,0.0,0.0,0.0,0.0,0.0,0.0,0.0,0.0,0.0,0.006830483857152049,0.0019014346314355805,0.011584060617179521,-0.2927553348996932,-0.609397722914677,-0.09839941911324897,0.10222831818936595,0.03499279205085438,0.16997294769602186,0.1,0.064,0.14,0.004584495998349229,0.0023076317841119465,0.006901113174084571,0.15303249886827275,-0.3928839817969139,0.6821097089424007,0.12258444142341614,0.08116272982060908,0.1646002315700054,-0.004,-0.012,0.0,0.04133456901942487,0.03008951791586927,0.052838053904062716,True
transport_anchor_only,False,3.0,0.0,10.0,250,0.3414618492126465,0.29348973861038685,0.38428206835687156,0.49380756352258187,0.4551522046215192,0.5294882489867456,0.16783784980702995,0.15175828340127787,0.18331281884202577,0.72648375,0.7202313645833333,0.7325920104166668,0.0208044054787606,0.01796511967619881,0.02385473734922707,0.036543494059404255,0.025916200962703542,0.04685530082909993,-0.02704433171187023,-0.03790173153843312,-0.015995593906323657,0.0868999068435966,0.07842784955143803,0.09563992991248678,0.008,0.0,0.02,0.0,0.0,0.0,0.0,0.0,0.0,0.016049452617105584,0.00691289281915107,0.024944284896317906,0.25994127250372956,-0.3410954403363485,0.5933906189736804,0.24020385425384927,0.10954341129157126,0.3576274554775208,0.272,0.22,0.324,0.02096518525107499,0.013039471477531683,0.030505676251933848,6.548298264326726,5.260193498546909,8.997013793816278,-0.4286267114877701,-0.49914522782564164,-0.3692071750283241,0.004,0.0,0.012,0.21564482188213918,0.19998936040878187,0.23139343975469726,False
mediation_aware_recourse,False,3.0,0.5,10.0,250,0.333116943359375,0.2871436546087265,0.37808102755248546,0.4953688515973387,0.4568271447909478,0.5312972738331873,0.16723080147873245,0.15100218403381033,0.18259491688585702,0.7268754166666667,0.7206484895833334,0.7330764843750001,0.0208044054787606,0.01796511967619881,0.02385473734922707,0.036543494059404255,0.025916200962703542,0.04685530082909993,-0.02571548654462302,-0.03682667452585954,-0.015082233210970603,0.08697871215883984,0.07854079102203872,0.0957401400795308,0.008,0.0,0.02,0.0,0.0,0.0,0.0,0.0,0.0,0.016104850290848113,0.007000885876836992,0.025010699626597716,0.29630465814734297,-0.311664651848807,0.6314030730421522,0.24103296257717421,0.11083082253728929,0.3564228313891795,0.264,0.212,0.316,0.020273063830580113,0.012572927890353304,0.02999209873165369,6.584661649970339,5.305529641350757,9.041807472779672,-0.43697161734104156,-0.5062979937553406,-0.37411465198099614,0.004,0.0,0.012,0.21570021955588176,0.20010127209234327,0.2312272272980894,False
mediation_aware_recourse,False,3.0,1.0,10.0,250,0.32477203726768494,0.2776176518172026,0.369216812902689,0.5030861899081961,0.4646026356409504,0.5391202019635677,0.1644915342092018,0.14790246922834788,0.17972049005293628,0.72557875,0.7196810677083334,0.7315861822916666,0.0208044054787606,0.01796511967619881,0.02385473734922707,0.036543494059404255,0.025916200962703542,0.04685530082909993,-0.022511628648260645,-0.03365324666962193,-0.010809471746067612,0.0867377255368103,0.07822130389313621,0.09590829027318086,0.008,0.0,0.02,0.0,0.0,0.0,0.0,0.0,0.0,0.01569128879466077,0.006756032179789882,0.02374583317072575,0.3839771147316602,-0.1594533899399632,0.7089540212928449,0.23484340161673922,0.10678166309055402,0.35469608201697395,0.252,0.204,0.304,0.019788479757021377,0.012076888999426058,0.029457040270933193,6.672334106554657,5.380379592768219,9.144524416989123,-0.44531652343273165,-0.5157979252666235,-0.3861113788753748,0.004,0.0,0.012,0.21528665805969438,0.2005371326837734,0.23082018211550062,False
mediation_aware_recourse,False,3.0,2.0,10.0,250,0.30753974366188047,0.2649091277807951,0.3509073632419109,0.5145898840955849,0.47763644079348383,0.5511642233560259,0.16053510760728082,0.14451915990180683,0.1753441184665177,0.72449875,0.7186474270833333,0.7304930885416667,0.0208044054787606,0.01796511967619881,0.02385473734922707,0.036543494059404255,0.025916200962703542,0.04685530082909993,-0.017257195565757128,-0.02812763348716076,-0.006798566730631368,0.08430242607099502,0.07611827852619539,0.09315121661201281,0.008,0.0,0.02,0.0,0.0,0.0,0.0,0.0,0.0,0.0175585153245885,0.008967102557186373,0.025472344853233738,0.527762847808033,0.07808641486172091,0.8442466524790937,0.2627892150942439,0.1479326873566275,0.3742774373852625,0.244,0.19590000000000002,0.3,0.017089970844868227,0.009939821999246956,0.02587915422946345,6.816119839631029,5.483016294337135,9.352137248655993,-0.46254881703853606,-0.528400269818306,-0.4046938957333565,0.004,0.0,0.012,0.21715388458962212,0.2025754152755672,0.23217142601222024,False
mediation_aware_recourse,False,3.0,5.0,10.0,250,0.28503516685962677,0.24283388554751872,0.32733032065331935,0.5452321990936448,0.5073706714366994,0.5798155064587512,0.14393291059392754,0.1283579798767531,0.1582593607129594,0.7238987499999999,0.7181723958333334,0.7296661614583334,0.0208044054787606,0.01796511967619881,0.02385473734922707,0.036543494059404255,0.025916200962703542,0.04685530082909993,-0.011246612929866468,-0.02439499840781098,0.0013505906047459222,0.09014082916445763,0.08016536170034423,0.10050717693326937,0.02,0.004,0.04,0.0,0.0,0.0,0.0,0.0,0.0,0.00615062646759145,-0.0018562685288593492,0.014250385317049608,0.6922403503183293,0.22622341199330798,0.9778244263996847,0.09205324435903695,-0.03935074006709102,0.21778861193942642,0.188,0.14,0.2360999999999999,0.020715241499394403,0.011885731254160441,0.031541751913075164,6.980597342141325,5.594510452093807,9.585322007600455,-0.48505339384078977,-0.5504082808285952,-0.4254602435171604,0.016,0.004,0.036,0.20574599573262506,0.19119045546714683,0.22106324150935597,False
mediation_aware_recourse,False,3.0,5.850318267065401,10.0,250,0.2823201358318329,0.2413416636943817,0.32463312680125234,0.5598525372532697,0.5226948602054933,0.5945103809924732,0.1377861172500603,0.12289263938800661,0.15207639809981158,0.7230758333333334,0.7175869114583333,0.728778484375,0.0208044054787606,0.01796511967619881,0.02385473734922707,0.036543494059404255,0.025916200962703542,0.04685530082909993,-0.005324357585254281,-0.01987059521259125,0.007650539408530003,0.09233684573692418,0.0819506153977405,0.10302998668740886,0.02,0.004,0.04,0.0,0.0,0.0,0.0,0.0,0.0,0.0011041158027658433,-0.007472910745165033,0.009145136428215085,0.8543008072353693,0.4137320123862804,0.9934334100441357,0.016524730013799505,-0.1269154410095745,0.14778311557722512,0.172,0.124,0.22,0.019391154946391247,0.011202301615880853,0.029078139361353346,7.142657799058366,5.679681677385488,9.644902679000392,-0.4877684248685837,-0.5554687934070826,-0.42555281793475147,0.016,0.004,0.036,0.20069948506779947,0.1852757883381714,0.2157526362040479,True
transport_anchor_only,False,10.0,0.0,10.0,250,1.0878634440898896,1.0335156056135892,1.136568230828643,0.10062895519438783,0.08259520485187487,0.11814374635383379,0.21594607025127555,0.2079591718169605,0.22315104121224139,0.8744477083333333,0.8645514687499999,0.8841237395833335,0.0208044054787606,0.01796511967619881,0.02385473734922707,0.036543494059404255,0.025916200962703542,0.04685530082909993,-0.29007857831090633,-0.3003456395334993,-0.2801456411482726,0.29569358742268514,0.28593127922330075,0.3056331214901886,0.06,0.0359,0.092,0.0,0.0,0.0,0.0,0.0,0.0,-0.22332268155424428,-0.23509307455443743,-0.21214497518742584,-6.9378993655987395,-10.070667858130626,-5.237040022252119,-3.342355040474188,-3.8732586768582977,-2.9186542694951987,0.712,0.652,0.764,0.2182372726826221,0.2005460723843909,0.23612424575933377,0.7115363464797868,0.46340816602076673,1.113484437953719,0.08400099122524261,0.03889523576200008,0.12379781513214111,0.012,-0.02,0.044,0.025941954764954513,0.018096572911930474,0.034585495287215724,False
mediation_aware_recourse,False,10.0,0.5,10.0,250,1.0937019052505492,1.0431471807926893,1.140245082706213,0.09842584939006079,0.07979685920997431,0.11598982937244927,0.21222961482715913,0.2047326626577135,0.21912887754509774,0.8761558333333332,0.8667576145833332,0.88549871875,0.0208044054787606,0.01796511967619881,0.02385473734922707,0.036543494059404255,0.025916200962703542,0.04685530082909993,-0.2962556965019781,-0.30606527340690715,-0.2858763445756238,0.3007826448495827,0.29195245828899097,0.310261406653315,0.072,0.044,0.104,0.0,0.0,0.0,0.0,0.0,0.0,-0.22949979974531606,-0.24140090078204493,-0.21883946210232763,-7.10693405563222,-10.357430494598129,-5.379193718813059,-3.434804772753256,-3.9577430148935884,-3.006381318977761,0.712,0.652,0.764,0.22101115630411391,0.2034513042372751,0.2383419904922841,0.5425016564463068,0.3282496019160589,0.8634483933361644,0.08983945238590241,0.045966388422250745,0.12952827589809893,0.024,-0.012,0.06,0.019764836573882723,0.012689838656968606,0.026857075757538384,False
mediation_aware_recourse,False,10.0,1.0,10.0,250,1.0987892978191376,1.0464427906870841,1.147341505986452,0.09779605283560568,0.07939176603011847,0.11545389902124861,0.21135690256890188,0.20373519650891228,0.2180966262792849,0.8763508333333333,0.8668120156249999,0.8857011666666665,0.0208044054787606,0.01796511967619881,0.02385473734922707,0.036543494059404255,0.025916200962703542,0.04685530082909993,-0.2972779907324646,-0.30718031711102506,-0.2870745290761109,0.301778183768485,0.2930477770106981,0.31099598572284304,0.08,0.0519,0.116,0.0,0.0,0.0,0.0,0.0,0.0,-0.23052209397580256,-0.242356379699993,-0.2196108595584794,-7.134908781552644,-10.392033599813777,-5.403005965127289,-3.4501049216245407,-3.971703481271836,-3.01873976269993,0.712,0.652,0.764,0.22200746305477087,0.2044310921575272,0.23937332863470515,0.5145269305258822,0.3064900325336806,0.8185989543865411,0.09492684495449066,0.04991613394021988,0.13424074769318103,0.032,-0.004,0.06809999999999991,0.01874254234339625,0.011609977427443388,0.025832782936111715,False
mediation_aware_recourse,False,10.0,2.0,10.0,250,1.1083620219230652,1.0580121590286493,1.1555905352711677,0.09591412297324708,0.07761930771397554,0.11449532108254223,0.20821527957368705,0.20123124689893832,0.21482554883232438,0.8777535416666667,0.8684692916666668,0.8869104791666665,0.0208044054787606,0.01796511967619881,0.02385473734922707,0.036543494059404255,0.025916200962703542,0.04685530082909993,-0.30314834699372284,-0.31259053484634997,-0.2935594586229041,0.3063930943166563,0.29731544165748586,0.31570665587322305,0.096,0.06,0.132,0.0,0.0,0.0,0.0,0.0,0.0,-0.23639245023706087,-0.24691848976501574,-0.22661666435002362,-7.29554903811146,-10.679207327723779,-5.551681351676133,-3.5379635068011197,-4.060318997854726,-3.106205507612491,0.712,0.652,0.764,0.2253300227068524,0.2076146912223273,0.24256228889857512,0.3538866739670663,0.18464442834745226,0.6074820237826102,0.10449956905841827,0.06087160882949829,0.14393064264357092,0.048,0.008,0.088,0.012872186082137922,0.006902819306906496,0.01920411848423414,False
mediation_aware_recourse,False,10.0,5.0,10.0,250,1.1054796427488327,1.0546228857010604,1.1576405834913253,0.0979011652670919,0.07797585977415875,0.11818983402504624,0.19860358124236308,0.1909279351104219,0.20535744639123146,0.879379375,0.8699876875,0.88842890625,0.0208044054787606,0.01796511967619881,0.02385473734922707,0.036543494059404255,0.025916200962703542,0.04685530082909993,-0.3106039879865602,-0.3212697274933558,-0.3003114505209836,0.3128130102980506,0.3032860357049722,0.3222763217419216,0.108,0.072,0.148,0.0,0.0,0.0,0.0,0.0,0.0,-0.24389163576244527,-0.25453667683153547,-0.2336033805002188,-7.499570059766304,-10.943980428362957,-5.7124386894076205,-3.650199936911026,-4.206997619055515,-3.201148932701537,0.704,0.6439,0.756,0.23101992370569388,0.21210285525295564,0.24964285183006915,0.14986565231222215,-0.010653947890406279,0.3547533247410282,0.10161718988418579,0.05549707515835762,0.14285295503139495,0.06,0.019900000000000004,0.1,0.005373000556753514,-0.0004216827689830549,0.011319911998740061,False
mediation_aware_recourse,False,10.0,5.850318267065401,10.0,250,1.1190460233688355,1.069601974993944,1.1712661402761937,0.09715679151676367,0.07698530257505101,0.11714240457426771,0.19660290493454283,0.18923960110607338,0.2031675919050513,0.8798566666666666,0.8707430989583334,0.8888375729166665,0.0208044054787606,0.01796511967619881,0.02385473734922707,0.036543494059404255,0.025916200962703542,0.04685530082909993,-0.3127751690580669,-0.32264459947030133,-0.30247458402274846,0.31443921452994866,0.30489945281355396,0.3239918315320922,0.116,0.08,0.156,0.0,0.0,0.0,0.0,0.0,0.0,-0.24606281683395204,-0.2564705036320348,-0.23577121247249744,-7.558983674347802,-11.008575502658514,-5.7358122687363515,-3.6826948807636946,-4.232026764713993,-3.2373487042287787,0.704,0.6439,0.756,0.23219251006567476,0.2131196157508161,0.25102988373851864,0.0904520377307243,-0.07733085787425009,0.27983818234616137,0.11518357050418854,0.06928478690981865,0.15679555181264876,0.068,0.028,0.112,0.003201819485246765,-0.0029446830000866694,0.009396776754732578,True
transport_anchor_only,False,30.0,0.0,10.0,250,1.2882454047203065,1.241008558908105,1.3391193096011877,0.07805952535533678,0.06324377545665288,0.09192909210931474,0.20941498239397505,0.20325556323346813,0.2153891944050468,0.8856293749999999,0.8758996145833333,0.8948584375,0.0208044054787606,0.01796511967619881,0.02385473734922707,0.036543494059404255,0.025916200962703542,0.04685530082909993,-0.31829856754559605,-0.3266662344657338,-0.3095224114394378,0.32079400056996915,0.3124637277657643,0.32882942020098066,0.184,0.13990000000000002,0.23209999999999992,0.0,0.0,0.0,0.0,0.0,0.0,-0.25148260130325417,-0.2612451337302156,-0.2424675777311054,-7.710129552148935,-11.221567740105586,-5.838181906345229,-3.763809991030074,-4.322035315704202,-3.301942114748156,0.724,0.664,0.776,0.23455690199185217,0.21599117993840278,0.2526691945862858,0.37234406252252583,0.23992254106252267,0.5369529555752542,0.11898971712589264,0.08936783534884453,0.14949675075113775,0.032,-0.016,0.08,0.013606753036846346,0.008645711441912694,0.01844949286171602,False
mediation_aware_recourse,False,30.0,0.5,10.0,250,1.2901497881412507,1.2439183944284915,1.3401530644893647,0.07803622225669961,0.06323443753331949,0.09193325031474665,0.2080337693530076,0.20204663915081023,0.21386895296749586,0.8855293750000001,0.8758215885416666,0.89473390625,0.0208044054787606,0.01796511967619881,0.02385473734922707,0.036543494059404255,0.025916200962703542,0.04685530082909993,-0.32061196901087674,-0.3287792611443643,-0.31185295871787927,0.3227250830890398,0.3146240412932311,0.3307891082553397,0.188,0.144,0.2360999999999999,0.0,0.0,0.0,0.0,0.0,0.0,-0.2537960027685349,-0.2631242483505889,-0.24486649498183177,-7.773434978321925,-11.333711222108084,-5.886377629011071,-3.7984334739396823,-4.356564694440515,-3.342350040982461,0.724,0.664,0.776,0.2352478457145529,0.2164414297167994,0.25377127311250536,0.3090386363495359,0.17680227538520882,0.4612844038624803,0.12089410054683686,0.09070428449511528,0.15216723785996436,0.036,-0.012,0.084,0.011293351571565646,0.006104505426741431,0.016428095929859284,False
mediation_aware_recourse,False,30.0,1.0,10.0,250,1.2894732236862183,1.2450883293896913,1.3381031327813864,0.07802449285127813,0.06313697338963636,0.09195585059166358,0.20699185113275703,0.20098193090763092,0.21290870075538,0.8857035416666668,0.8759126093749999,0.8950189947916667,0.0208044054787606,0.01796511967619881,0.02385473734922707,0.036543494059404255,0.025916200962703542,0.04685530082909993,-0.32151683721156843,-0.3297298990717037,-0.3126031128066368,0.3235840181513952,0.3153052351106437,0.3320925915094173,0.192,0.148,0.244,0.0,0.0,0.0,0.0,0.0,0.0,-0.25470087096922656,-0.26424812072087883,-0.24570662127382562,-7.798196381794202,-11.350219139749122,-5.897358362771122,-3.811976168172521,-4.367506901996377,-3.353265450913524,0.724,0.664,0.776,0.23595132549427816,0.21705278447882936,0.2544894314345243,0.28427723287725826,0.14334554837417063,0.43698918722639385,0.12021753609180451,0.08992764157354831,0.15162556833028792,0.04,-0.008,0.088,0.01038848337087396,0.005034483554910203,0.015658411637713907,False
mediation_aware_recourse,False,30.0,2.0,10.0,250,1.2789645416736604,1.2341828169763087,1.3285599828392267,0.07799581349016936,0.06318907169917272,0.0919881067073627,0.20450151971943525,0.19846875569886926,0.21012527519121793,0.8872114583333333,0.8778158125000001,0.8960381875000001,0.0208044054787606,0.01796511967619881,0.02385473734922707,0.036543494059404255,0.025916200962703542,0.04685530082909993,-0.32374216515277027,-0.33238261487857884,-0.31461558701252745,0.3256360756746259,0.317411277595173,0.33401717174328976,0.196,0.148,0.2440999999999999,0.0,0.0,0.0,0.0,0.0,0.0,-0.25692619891042845,-0.2664874971091981,-0.24796063365253138,-7.8590917066250565,-11.439190775049768,-5.9434538088186,-3.8452815002114313,-4.402094086389469,-3.3791772666868694,0.724,0.664,0.776,0.23815173059288822,0.21878556711392114,0.2570498053188927,0.22338190804640412,0.09401299267736692,0.3694809247633548,0.10970885407924652,0.0816805406242609,0.13860314326286316,0.044,0.0,0.092,0.008163155429672109,0.0031899181795589726,0.013485367584721021,False
mediation_aware_recourse,False,30.0,5.0,10.0,250,1.289347913146019,1.2445791732400657,1.334399254399538,0.07782345880700252,0.06274501069949985,0.09197372970019972,0.19821154090425933,0.19205435197225615,0.2041706695622593,0.8889704166666667,0.8803710989583334,0.8974374895833334,0.0208044054787606,0.01796511967619881,0.02385473734922707,0.036543494059404255,0.025916200962703542,0.04685530082909993,-0.3316150469722974,-0.3410580697894174,-0.3219207153096937,0.3329723506700932,0.3242714755325163,0.34221687374420745,0.216,0.168,0.268,0.0,0.0,0.0,0.0,0.0,0.0,-0.2647990807299555,-0.27454634973968356,-0.25560810884020635,-8.07453037832758,-11.709139206516841,-6.154917987659341,-3.963110849426739,-4.532291889082381,-3.498057702182165,0.724,0.664,0.776,0.2447387318020781,0.22481063173015467,0.2640832276989059,0.0079432363438805,-0.1525448037483273,0.14883120926533458,0.12009222555160523,0.09239445689320563,0.14610959203243254,0.064,0.016,0.112,0.0002902736101450554,-0.005178927027834455,0.005732325608143591,False
mediation_aware_recourse,False,30.0,5.850318267065401,10.0,250,1.2910437103509902,1.246635437336564,1.3384432808578013,0.07789953522692064,0.06283932903549849,0.09201497530448581,0.1954260949542671,0.18958402477994302,0.2011180934541176,0.8900808333333332,0.881731296875,0.8987453072916667,0.0208044054787606,0.01796511967619881,0.02385473734922707,0.036543494059404255,0.025916200962703542,0.04685530082909993,-0.33516459904866863,-0.34491584160930866,-0.3249533497587647,0.33633013837897113,0.32736410163461493,0.3461399830365603,0.228,0.176,0.28,0.0,0.0,0.0,0.0,0.0,0.0,-0.2683486328063268,-0.2782188266917038,-0.259445566442357,-8.171662635867081,-11.817261207702703,-6.222236279990324,-4.016235159019105,-4.597502307655418,-3.5570372494414286,0.724,0.664,0.776,0.24828828387844942,0.22816701380925114,0.26909168236158065,-0.08918902119562055,-0.2753227453203614,0.06271173568857544,0.12178802275657653,0.09365208258032799,0.14810136491656303,0.076,0.024,0.124,-0.0032592784662262672,-0.00877316779298749,0.002675282457939822,True
ordinary_actionable_recourse,True,0.0,0.0,0.0,250,0.46188342106342317,0.40561756007373334,0.5145868828505277,0.34541369406034095,0.29317953453507795,0.39282184627357813,0.1396321358096043,0.12779920146513704,0.15138156170353864,0.8284210416666666,0.8186645677083333,0.8381596145833333,0.0208044054787606,0.01796511967619881,0.02385473734922707,0.036543494059404255,0.025916200962703542,0.04685530082909993,-0.21266902735833976,-0.23544462685123294,-0.189581247259359,0.2230875002571698,0.20366233381492632,0.24489251249776559,0.048,0.024,0.076,0.584,0.5239,0.648,0.416,0.356,0.476,-0.1531007026055173,-0.17029447199437273,-0.13718607992807771,-4.819613937644548,-6.938793957094378,-3.6148369199508017,-2.291379010373365,-2.619642134555824,-2.0160859258182158,0.46,0.396,0.52,0.1675658126974052,0.1460671119197412,0.18961698022590412,0.0,0.0,0.0,0.0,0.0,0.0,0.0,0.0,0.0,0.0,0.0,0.0,False
distribution_constrained_recourse,False,10.0,0.0,0.0,250,0.0,0.0,0.0,0.638019762361688,0.6093189987874184,0.6657454803473697,0.11297805962402549,0.09839984249259516,0.12622225414692298,0.7803133333333333,0.7705525,0.790114,0.0208044054787606,0.01796511967619881,0.02385473734922707,0.036543494059404255,0.025916200962703542,0.04685530082909993,0.036543494059404255,0.026397450624808385,0.04661782865545995,0.09144583140458193,0.08409929803827805,0.09966226174425892,0.004,0.0,0.012,0.0,0.0,0.0,1.0,1.0,1.0,0.0,0.0,0.0,0.0,0.0,0.0,0.0,0.0,0.0,0.0,0.0,0.0,0.0,0.0,0.0,4.819613937644548,3.5869341650449367,7.0227926717014615,-0.46188342106342317,-0.5145868828505277,-0.40561756007373334,-0.584,-0.644,-0.52,0.1531007026055173,0.13431691727241066,0.16988902284347246,False
mean_parity_recourse,False,0.0,0.0,0.0,250,0.0,0.0,0.0,0.638019762361688,0.6093189987874184,0.6657454803473697,0.11297805962402549,0.09839984249259516,0.12622225414692298,0.7803133333333333,0.7705525,0.790114,0.0208044054787606,0.01796511967619881,0.02385473734922707,0.036543494059404255,0.025916200962703542,0.04685530082909993,0.036543494059404255,0.026397450624808385,0.04661782865545995,0.09144583140458193,0.08409929803827805,0.09966226174425892,0.004,0.0,0.012,0.0,0.0,0.0,1.0,1.0,1.0,0.0,0.0,0.0,0.0,0.0,0.0,0.0,0.0,0.0,0.0,0.0,0.0,0.0,0.0,0.0,4.819613937644548,3.5869341650449367,7.0227926717014615,-0.46188342106342317,-0.5145868828505277,-0.40561756007373334,-0.584,-0.644,-0.52,0.1531007026055173,0.13431691727241066,0.16988902284347246,False
mediator_matching_recourse,False,0.0,0.0,0.0,250,0.5178684401512146,0.4569417358458042,0.5744782683074474,0.34485680778278655,0.29218153109535977,0.39264281003586454,0.14080589727315979,0.12894050801931511,0.15297432401241012,0.8240135416666667,0.8142271458333333,0.8329961510416666,0.0208044054787606,0.01796511967619881,0.02385473734922707,0.036543494059404255,0.025916200962703542,0.04685530082909993,-0.20999468500074567,-0.2325863869924597,-0.18674062247882936,0.22032404859592908,0.20123657624445518,0.24203017912040964,0.048,0.024,0.076,0.584,0.5239,0.648,0.416,0.356,0.476,-0.15042636024792322,-0.1669917656418933,-0.1348127363571169,-4.7464314895391,-6.891179498151784,-3.5461273769811097,-2.2513535118586203,-2.581626198169936,-1.9747818909689583,0.46,0.396,0.52,0.16389903600262243,0.14358229519633042,0.18523653150916736,0.07318244810544794,0.0023482355012304475,0.1531905093643194,0.055985019087791445,0.0392020955234766,0.0752710356324911,0.0,0.0,0.0,0.0026743423575941,7.381796569153579e-05,0.005189001167955948,False
plausibility_constrained_recourse,False,0.0,0.0,0.0,250,0.1842909233570099,0.13656888520121574,0.23397522892355918,0.540196699037501,0.49727959750214895,0.5808672475278416,0.12429546152075605,0.1105547039595576,0.1376084072552499,0.7845395833333332,0.7747743020833334,0.7948476562500001,0.0208044054787606,0.01796511967619881,0.02385473734922707,0.036543494059404255,0.025916200962703542,0.04685530082909993,-0.046953063410652335,-0.06677288186666676,-0.026814851384173242,0.12960970863133287,0.11537515367882706,0.14442225102818126,0.048,0.024,0.0760999999999999,0.196,0.148,0.2440999999999999,0.804,0.756,0.852,-0.044416563427202974,-0.05586470546799215,-0.032327997372444434,-0.28485424339354437,-1.1669299333830605,0.336141334732532,-0.6647597262322587,-0.8461661359282127,-0.4952623453860992,0.156,0.11190000000000001,0.204,0.05469108824262034,0.03963557213342064,0.06959305903060357,4.534759694251004,3.495361364322671,6.15711728537163,-0.27759249770641325,-0.33882133772075174,-0.21644152279496193,-0.388,-0.448,-0.328,0.10868413917831435,0.0913677547271647,0.12497030111014384,False
