method,is_ordinary_actionable_baseline,eta,lambda_invariance,rho_anchor,n,cost,cost_lo,cost_hi,shortfall,shortfall_lo,shortfall_hi,direct_effect,direct_effect_lo,direct_effect_hi,transport,transport_lo,transport_hi,pre_recourse_mediated_prediction_disparity,pre_recourse_mediated_prediction_disparity_lo,pre_recourse_mediated_prediction_disparity_hi,pre_recourse_factual_mediated_prediction_disparity,pre_recourse_factual_mediated_prediction_disparity_lo,pre_recourse_factual_mediated_prediction_disparity_hi,post_recourse_mediated_prediction_disparity,post_recourse_mediated_prediction_disparity_lo,post_recourse_mediated_prediction_disparity_hi,outcome_wasserstein,outcome_wasserstein_lo,outcome_wasserstein_hi,feasible_rate,feasible_rate_lo,feasible_rate_hi,constraint_feasible_rate,constraint_feasible_rate_lo,constraint_feasible_rate_hi,constraint_abstention_rate,constraint_abstention_rate_lo,constraint_abstention_rate_hi,mean_absolute_gap_reduction,mean_absolute_gap_reduction_lo,mean_absolute_gap_reduction_hi,factual_mediated_prediction_disparity_closure,factual_mediated_prediction_disparity_closure_lo,factual_mediated_prediction_disparity_closure_hi,recipient_level_closure,recipient_level_closure_lo,recipient_level_closure_hi,overshoot_rate,overshoot_rate_lo,overshoot_rate_hi,overshoot_magnitude,overshoot_magnitude_lo,overshoot_magnitude_hi,factual_closure_gain_vs_actionable_baseline,factual_closure_gain_vs_actionable_baseline_lo,factual_closure_gain_vs_actionable_baseline_hi,cost_difference_vs_actionable_baseline,cost_difference_vs_actionable_baseline_lo,cost_difference_vs_actionable_baseline_hi,feasibility_difference_vs_actionable_baseline,feasibility_difference_vs_actionable_baseline_lo,feasibility_difference_vs_actionable_baseline_hi,paired_absolute_gap_gain_vs_actionable_baseline,paired_absolute_gap_gain_vs_actionable_baseline_lo,paired_absolute_gap_gain_vs_actionable_baseline_hi,is_effect_ratio_heuristic
soft_objective_recourse,False,0.0,0.0,0.0,250,0.0,0.0,0.0,0.43954078126325724,0.4085680603905022,0.4696965793728743,0.02899117864794279,0.026844399086306182,0.031450741167770496,0.5274339450581074,0.5203104742224693,0.5348743118046999,0.09592852306365966,0.09228560954034327,0.09992530482113361,0.4190546828342045,0.40000293624560757,0.4387041529394249,0.4190546828342045,0.40057804618001286,0.4378279544799598,0.45510118408120315,0.44173269720151254,0.469776682320945,0.044,0.02,0.068,0.0,0.0,0.0,0.0,0.0,0.0,0.0,0.0,0.0,0.0,0.0,0.0,0.0,0.0,0.0,0.0,0.0,0.0,0.0,0.0,0.0,0.0,0.0,0.0,0.0,0.0,0.0,0.0,0.0,0.0,0.0,0.0,0.0,False
direct_invariance_only,False,0.0,0.21613012769584658,0.0,250,2.59701965842396e-06,0.0,7.311744848266244e-06,0.43956794040156943,0.4086139726260004,0.4697932386221991,0.02897019894485491,0.026816005781558103,0.03143717506634281,0.5274329464538098,0.5203105694158554,0.5348742849790336,0.09592852306365966,0.09228560954034327,0.09992530482113361,0.4190546828342045,0.40000293624560757,0.4387041529394249,0.4190577725518167,0.40058155521111105,0.4378306158822296,0.45510284207253654,0.44173335554851945,0.46977965241104286,0.044,0.02,0.068,0.0,0.0,0.0,0.0,0.0,0.0,-3.0897176121886806e-06,-8.909078577982399e-06,0.0,-7.373065470384077e-06,-2.252035114981843e-05,0.0,-7.373065470384077e-06,-2.14400703437978e-05,0.0,0.0,0.0,0.0,0.0,0.0,0.0,-7.373065470384077e-06,-2.5030525326980022e-05,0.0,2.59701965842396e-06,0.0,7.311744848266244e-06,0.0,0.0,0.0,-3.0897176121886806e-06,-1.0918573414420151e-05,0.0,True
direct_invariance_only,False,0.0,0.5,0.0,250,5.199136561714113e-06,0.0,1.245438698970247e-05,0.43954035021906607,0.40861328287143783,0.46976564843969576,0.028964059631762795,0.026815566738986597,0.031431035753250694,0.5274327413363457,0.5203103591704549,0.534874084989506,0.09592852306365966,0.09228560954034327,0.09992530482113361,0.4190546828342045,0.40000293624560757,0.4387041529394249,0.419040907804019,0.4005482473342105,0.4378301942635347,0.45509102224886894,0.4417215357248518,0.46976812808296686,0.044,0.02,0.068,0.0,0.0,0.0,0.0,0.0,0.0,1.3775030185559479e-05,-8.188930060815113e-06,5.023416913466083e-05,3.28716770144899e-05,-1.992831356281699e-05,0.00012052700390977611,3.28716770144899e-05,-1.92041702921808e-05,0.00011952906772662306,0.0,0.0,0.0,0.0,0.0,0.0,3.28716770144899e-05,-2.039070852896674e-05,0.00012104738180882256,5.199136561714113e-06,0.0,1.245438698970247e-05,0.0,0.0,0.0,1.3775030185559479e-05,-8.549004319398757e-06,5.024317099112541e-05,False
direct_invariance_only,False,0.0,1.0,0.0,250,1.3286965666338801e-05,4.1840748657705265e-06,2.581024227256421e-05,0.4394794523637606,0.4085548092923871,0.46969763620888905,0.02895331124511389,0.026809319851740992,0.031420216969089025,0.5274309055073261,0.5203087516071082,0.534872348311323,0.09592852306365966,0.09228560954034327,0.09992530482113361,0.4190546828342045,0.40000293624560757,0.4387041529394249,0.4190020158309913,0.40051429622582063,0.43781855605286235,0.4550705891302538,0.4417145864310156,0.4697618004333145,0.044,0.02,0.068,0.0,0.0,0.0,0.0,0.0,0.0,5.266700321320283e-05,3.226706221752659e-06,0.00011523656826704127,0.00012568050273775722,-6.178691406955027e-07,0.00028137832683421956,0.00012568050273775722,3.7031183891367288e-06,0.00029891828843708055,0.0,0.0,0.0,0.0,0.0,0.0,0.00012568050273775722,1.3573706893274532e-05,0.000295302654172061,1.3286965666338801e-05,4.1840748657705265e-06,2.581024227256421e-05,0.0,0.0,0.0,5.266700321320283e-05,5.674090221414426e-06,0.00012320182652803235,False
direct_invariance_only,False,0.0,2.0,0.0,250,4.642352345399559e-05,1.0694227353087626e-05,9.90430172503693e-05,0.43951099085852396,0.4085912936283494,0.4696972425934092,0.028925658388172636,0.026770531026154388,0.03139259376098529,0.5274236172420979,0.5203061515037,0.5348613140057147,0.09592852306365966,0.09228560954034327,0.09992530482113361,0.4190546828342045,0.40000293624560757,0.4387041529394249,0.41896125755630964,0.40033490786227366,0.43783650843705396,0.4550648281248413,0.44170938967138806,0.469759315161007,0.048,0.024,0.072,0.0,0.0,0.0,0.0,0.0,0.0,9.34252778948459e-05,-3.642048867319785e-05,0.00025300701634535733,0.00022294292778923808,-6.900405630304029e-05,0.0006593807093644294,0.00022294292778923808,-5.7187219474419405e-05,0.0006462437388780188,0.0,0.0,0.0,0.0,0.0,0.0,0.00022294292778923808,-5.5900035188966016e-05,0.0006390474268412632,4.642352345399559e-05,1.0694227353087626e-05,9.90430172503693e-05,0.004,0.0,0.012,9.34252778948459e-05,-2.3812554127992693e-05,0.0002668275169920231,False
direct_invariance_only,False,0.0,5.0,0.0,250,0.0010611209776252508,0.0002421492560999468,0.002148321551235858,0.4392566911126733,0.40833105838877815,0.4692138345734099,0.02866487040717855,0.026605483027371788,0.030911742353272535,0.5274236113173961,0.5202961959698259,0.5348519852924287,0.09592852306365966,0.09228560954034327,0.09992530482113361,0.4190546828342045,0.40000293624560757,0.4387041529394249,0.41799785690860175,0.3992088278228606,0.4372914472883296,0.4546691852002484,0.4413011576556814,0.46953639153865767,0.052,0.028,0.08,0.0,0.0,0.0,0.0,0.0,0.0,0.001056825925602729,0.00019976776767797517,0.002141173887948987,0.0025219284472735026,0.00043179079955335266,0.005353377050750612,0.0025219284472735026,0.0003033186105619784,0.005204966672506431,0.0,0.0,0.0,0.0,0.0,0.0,0.0025219284472735026,0.0004671154775858499,0.005272463858133927,0.0010611209776252508,0.0002421492560999468,0.002148321551235858,0.008,0.0,0.02,0.001056825925602729,0.0002008809031883441,0.002161098002278032,False
soft_objective_recourse,False,1.0,0.0,0.0,250,0.11246610378719925,0.08369395049590495,0.14440134452451164,0.3135074736883713,0.2821155808167031,0.341470512664574,0.02814828018532033,0.026022156616446388,0.03071435394199447,0.5189181163570881,0.5126813865734221,0.5258377281876206,0.09592852306365966,0.09228560954034327,0.09992530482113361,0.4190546828342045,0.40000293624560757,0.4387041529394249,0.32811909369875863,0.304274394504869,0.3523015296967603,0.39064704626080204,0.3727613340937121,0.40883355383814735,0.116,0.08,0.16,0.0,0.0,0.0,0.0,0.0,0.0,0.07851067959113171,0.05775468463486782,0.10238477958396437,0.2170017252173836,0.1618809644965141,0.27426830960202925,0.18735187269627507,0.14143162442199714,0.2379663991774781,0.076,0.047900000000000005,0.112,0.006212454772157034,0.003233992010680362,0.009990278458366695,0.0,0.0,0.0,0.0,0.0,0.0,0.0,0.0,0.0,0.0,0.0,0.0,False
direct_invariance_only,False,1.0,0.21613012769584658,0.0,250,0.11246610378719925,0.08369395049590495,0.14440134452451164,0.3135074736883713,0.2821155808167031,0.341470512664574,0.02814828018532033,0.026022156616446388,0.03071435394199447,0.5189181163570881,0.5126813865734221,0.5258377281876206,0.09592852306365966,0.09228560954034327,0.09992530482113361,0.4190546828342045,0.40000293624560757,0.4387041529394249,0.32811909369875863,0.304274394504869,0.3523015296967603,0.39064704626080204,0.3727613340937121,0.40883355383814735,0.116,0.08,0.16,0.0,0.0,0.0,0.0,0.0,0.0,0.07851067959113171,0.05775468463486782,0.10238477958396437,0.2170017252173836,0.1618809644965141,0.27426830960202925,0.18735187269627507,0.14143162442199714,0.2379663991774781,0.076,0.047900000000000005,0.112,0.006212454772157034,0.003233992010680362,0.009990278458366695,0.0,0.0,0.0,0.0,0.0,0.0,0.0,0.0,0.0,0.0,0.0,0.0,True
direct_invariance_only,False,1.0,0.5,0.0,250,0.1169308494428551,0.08577747126072717,0.14968056286885037,0.3091540790440131,0.2781208082889578,0.33753334550914355,0.02787281291109648,0.025769850550202374,0.030391743584519595,0.5191134979655742,0.5129161052180052,0.5261773087592483,0.09592852306365966,0.09228560954034327,0.09992530482113361,0.4190546828342045,0.40000293624560757,0.4387041529394249,0.32448098683561366,0.3008095740878896,0.34925663005352614,0.38762274434422656,0.37029728643702914,0.40548751728462734,0.116,0.08,0.16,0.0,0.0,0.0,0.0,0.0,0.0,0.08216286171686855,0.06016233964585011,0.10686882527944734,0.22568342479544168,0.1693284658016022,0.282421858392248,0.19606716040296734,0.1490901283364763,0.24867081116795112,0.08,0.0519,0.116,0.006205417140861133,0.0032100728968767808,0.009996191243496091,0.008681699578058089,-0.002922827642609235,0.02440454487107776,0.004464745655655861,-0.002482605457305908,0.01335965735912323,0.0,0.0,0.0,0.0036521821257368306,-0.0010712740442051216,0.01010387194846672,False
direct_invariance_only,False,1.0,1.0,0.0,250,0.12733571459133236,0.09649451746870218,0.1626347047840376,0.29919037320428016,0.26908113979523113,0.3282938319562121,0.0272850540082117,0.02516062583482886,0.029803778584555383,0.5187014917182922,0.5127284489222467,0.5253070208695589,0.09592852306365966,0.09228560954034327,0.09992530482113361,0.4190546828342045,0.40000293624560757,0.4387041529394249,0.315899287628194,0.2923791366086026,0.34144743671750916,0.38118970491952686,0.36336838816755235,0.39922182780121845,0.12,0.08,0.16,0.0,0.0,0.0,0.0,0.0,0.0,0.08921463177443006,0.06632912708440927,0.11351419957479539,0.24616213451747304,0.18870137977015017,0.30527318374399004,0.21289496437801925,0.1618293967534706,0.2676872330394342,0.088,0.056,0.124,0.006970381715790176,0.003919867491810923,0.010840987336316794,0.02916040930008945,0.00721642325274364,0.05795889809633789,0.014869610804133118,0.002370867488370277,0.030455453112209215,0.004,-0.008,0.016,0.010703952183298343,0.002370074530176973,0.02131162577102419,False
direct_invariance_only,False,1.0,2.0,0.0,250,0.14487936824608186,0.11150566704401536,0.17961670545784328,0.283217228948692,0.25182909431249495,0.31281854336196746,0.02622854384046116,0.02409235504510233,0.028690595237192935,0.517792872001648,0.5120445645715058,0.5244135588235617,0.09592852306365966,0.09228560954034327,0.09992530482113361,0.4190546828342045,0.40000293624560757,0.4387041529394249,0.29780554756217464,0.2713247093712584,0.3257537311313035,0.3728169884089292,0.35451276237215146,0.38995964181080994,0.14,0.096,0.184,0.0,0.0,0.0,0.0,0.0,0.0,0.0974524469876325,0.0734982562540843,0.12188254902263192,0.28933965002367257,0.21988053852643624,0.35505407309453296,0.232553055674094,0.18264198799483877,0.2847060411660507,0.112,0.076,0.156,0.011898344142198675,0.0069140843329450466,0.017168060522290116,0.07233792480628898,0.03579666011975421,0.11760390696353143,0.032413264458882624,0.014050452270146343,0.05307650473052926,0.024,0.004,0.048,0.01894176739650078,0.006997435095436795,0.033116217425570776,False
direct_invariance_only,False,1.0,5.0,0.0,250,0.22172367417918576,0.18132321773905133,0.258598605269604,0.22041578930281025,0.1916904306284542,0.246568337146204,0.0221754864810565,0.02016851061182851,0.024372929699014518,0.5134730400662422,0.5079085194961309,0.5194524144825816,0.09592852306365966,0.09228560954034327,0.09992530482113361,0.4190546828342045,0.40000293624560757,0.4387041529394249,0.2296518446603502,0.1994395222904887,0.256490269646373,0.33483958280441106,0.317349929052409,0.354069902386055,0.228,0.18,0.284,0.0,0.0,0.0,0.0,0.0,0.0,0.13871309334802825,0.1127650781957638,0.16584583864355004,0.45197642678244443,0.3775369934617245,0.5287231341600088,0.3310143020234638,0.28028190525067925,0.38748329848849156,0.2,0.152,0.2480999999999999,0.025344872412913014,0.01780864937859001,0.0331210450245473,0.23497470156506084,0.1694028191531346,0.29662683969808995,0.10925757039198652,0.076906786767015,0.14032333567674796,0.112,0.072,0.1520999999999999,0.06020241375689653,0.040249157213705394,0.07943680234335308,False
soft_objective_recourse,False,3.0,0.0,0.0,250,0.5324234616027679,0.49283574221316956,0.5669920017703319,0.01749134473251907,0.013007284530938466,0.02266898957398921,0.019450456096102645,0.017399681443663183,0.02176876937215731,0.5097639863414763,0.5051817249504805,0.5147638003290176,0.09592852306365966,0.09228560954034327,0.09992530482113361,0.4190546828342045,0.40000293624560757,0.4387041529394249,0.024843844106061767,0.0017660042272705596,0.04523753632996956,0.2132169009205135,0.20116269521367258,0.2246457980352256,0.556,0.492,0.616,0.0,0.0,0.0,0.0,0.0,0.0,0.27916431125816815,0.2539840330166214,0.30392055651147504,0.9407145531985595,0.8852503385888133,0.9892132284088802,0.6661763313801632,0.6257215986364789,0.7015769742836172,0.436,0.3759,0.496,0.05752326373498727,0.04760094344822084,0.06815418918769832,0.0,0.0,0.0,0.0,0.0,0.0,0.0,0.0,0.0,0.0,0.0,0.0,False
direct_invariance_only,False,3.0,0.21613012769584658,0.0,250,0.5322563675378915,0.49289242060213584,0.5666338927866891,0.017550998997789145,0.01303261493624168,0.022674726913893044,0.01930761011407815,0.01729416868535387,0.021651403847945862,0.5097540800671577,0.5049912796932339,0.5150328331553101,0.09592852306365966,0.09228560954034327,0.09992530482113361,0.4190546828342045,0.40000293624560757,0.4387041529394249,0.024500035154705394,0.0014813569532012576,0.04495999491193177,0.21394208225812725,0.20209175414784325,0.22537848307231204,0.552,0.488,0.612,0.0,0.0,0.0,0.0,0.0,0.0,0.27822557135794646,0.2528650689884544,0.3027043712308985,0.9415349925479806,0.8865718136174717,0.9899313764494929,0.66393619437973,0.6232964931913765,0.699473902970903,0.44,0.38,0.5,0.058164538160776304,0.04808473683476504,0.06891587501832058,0.0008204393494211093,-0.001914217295465076,0.0030778852290449738,-0.00016709406487643719,-0.000563755989074707,4.300219011492984e-05,-0.004,-0.012,0.0,-0.000938739900221695,-0.0019907846341982323,-0.00011838925951795848,True
direct_invariance_only,False,3.0,0.5,0.0,250,0.5322606101965066,0.49289676331310767,0.5666343394698575,0.017550998997789145,0.01303261493624168,0.022674726913893044,0.019292294197377453,0.01727881441800001,0.021650376496259123,0.5099020925920009,0.5050531741198003,0.5151691722828865,0.09592852306365966,0.09228560954034327,0.09992530482113361,0.4190546828342045,0.40000293624560757,0.4387041529394249,0.02473292791109793,0.0017488713860278732,0.04496505171198924,0.21402371235502823,0.20203904071692486,0.2254330127335522,0.552,0.488,0.612,0.0,0.0,0.0,0.0,0.0,0.0,0.278458464114339,0.2530098008394511,0.30293658959933506,0.9409792351112246,0.8857498787098151,0.9893015770119241,0.664491951816486,0.6241843377599051,0.7001113731853232,0.44,0.38,0.5,0.05793164540438375,0.047920666785355975,0.06838913093585765,0.0002646819126651545,-0.002428269435374805,0.00273747275073746,-0.0001628514062613249,-0.0005629888117313384,5.7661666395142575e-05,-0.004,-0.012,0.0,-0.0007058471438291529,-0.0018265474536164888,0.0002276417466464091,False
direct_invariance_only,False,3.0,1.0,0.0,250,0.5361046929624863,0.4979307942297193,0.5689719278934761,0.016363352120120616,0.01199226024662745,0.021072601937858353,0.018960283624544785,0.01698580316230552,0.021221040522185014,0.5099603812444209,0.5051089376882195,0.5151943963388801,0.09592852306365966,0.09228560954034327,0.09992530482113361,0.4190546828342045,0.40000293624560757,0.4387041529394249,0.02219285267901869,-0.0015894953418821968,0.04246348053972736,0.2118925129487752,0.20059621506644099,0.2235811475431273,0.548,0.48,0.612,0.0,0.0,0.0,0.0,0.0,0.0,0.2812480005070768,0.25628187450421125,0.30577886093705825,0.9470406761024095,0.8935086864584392,0.9922414712256024,0.6711486878154045,0.6312823797267703,0.7064045671973336,0.444,0.38,0.504,0.05780691482405447,0.0479640477095942,0.06830890930379865,0.00632612290385004,-0.0013280619064469645,0.01556656646808021,0.0036812313597183676,-0.0003502484209835529,0.01148400855255313,-0.008,-0.02,0.0,0.0020836892489086395,-0.0007236604006557396,0.005789604578574269,False
direct_invariance_only,False,3.0,2.0,0.0,250,0.5368040869166143,0.4986834942868794,0.5695582043502131,0.0162916144165337,0.011932869250074484,0.020966195173328955,0.01869350102606198,0.016718161015724507,0.020803143069346636,0.5098115566146373,0.5051247034864844,0.5150704676186382,0.09592852306365966,0.09228560954034327,0.09992530482113361,0.4190546828342045,0.40000293624560757,0.4387041529394249,0.020091789121652822,-0.0028865935279829996,0.04095338170777264,0.2117648480179414,0.20054620636522938,0.22327439793645187,0.56,0.496,0.62,0.0,0.0,0.0,0.0,0.0,0.0,0.28083579746173065,0.2558932646930521,0.3051437539909662,0.9520544932566666,0.8994040084857597,0.9950364076865151,0.6701650380383435,0.6304507551696233,0.705974256883419,0.452,0.392,0.512,0.059063548125410516,0.04852073467726139,0.0696727618357577,0.011339940058107123,-0.0006546182260690474,0.023878285146552155,0.004380625313846394,0.0001326294932514429,0.012003871470130977,0.004,-0.012,0.02,0.0016714862035624347,-0.0014628041707736097,0.005569754567857908,False
direct_invariance_only,False,3.0,5.0,0.0,250,0.545900834726519,0.5081967086798161,0.5787402008581034,0.014763737670354922,0.010586890146627394,0.01905351821108986,0.01750933077770607,0.015712185055984373,0.01957492541131628,0.5093029301505088,0.504732378507334,0.5143454998303295,0.09592852306365966,0.09228560954034327,0.09992530482113361,0.4190546828342045,0.40000293624560757,0.4387041529394249,0.006373523187020709,-0.016686897894640576,0.02776452332109222,0.21023367120794484,0.19914710822958462,0.22191204137474918,0.572,0.508,0.632,0.0,0.0,0.0,0.0,0.0,0.0,0.27999135111645646,0.25537326849179,0.3035549900187297,0.9847907124103363,0.9305684618596264,0.9987529061859269,0.6681499159555573,0.6270724728054274,0.7019340557270847,0.484,0.42,0.544,0.06634490426536367,0.05493343270758214,0.07741910218525073,0.04407615921177688,-0.023752751719794938,0.06263830167015935,0.013477373123751022,0.002830103804424289,0.026188891655465705,0.016,-0.012,0.044,0.0008270398582882481,-0.005550707105636458,0.007582689246184396,False
soft_objective_recourse,False,10.0,0.0,0.0,250,0.6006687875608914,0.5683254701292259,0.6309853913400555,0.0033075041126786656,0.00231280946337951,0.004496807927188407,0.018572347341603082,0.016521220196168866,0.020782278094906122,0.5076900803210735,0.5032000341702342,0.512433877854091,0.09592852306365966,0.09228560954034327,0.09992530482113361,0.4190546828342045,0.40000293624560757,0.4387041529394249,-0.014877740049561258,-0.03445120480828022,0.003606696971308821,0.20239587230864584,0.19245687129217132,0.21325560465459215,0.7,0.64,0.756,0.0,0.0,0.0,0.0,0.0,0.0,0.28624796686417486,0.261891474958365,0.3094563931623301,0.9644969006218038,0.9207595632517553,0.9975625818823678,0.683080224585932,0.6465474397117413,0.7155476484690834,0.532,0.476,0.592,0.07384222800979544,0.06261106391909212,0.08581031058709815,0.0,0.0,0.0,0.0,0.0,0.0,0.0,0.0,0.0,0.0,0.0,0.0,False
direct_invariance_only,False,10.0,0.21613012769584658,0.0,250,0.6013313877205364,0.5687518192556221,0.6315550789652276,0.003241677673093074,0.002256971493388473,0.004433807977721413,0.0184396949374649,0.016408650999732835,0.020649253976728434,0.5075268172085284,0.5030208010749935,0.512578829073888,0.09592852306365966,0.09228560954034327,0.09992530482113361,0.4190546828342045,0.40000293624560757,0.4387041529394249,-0.01609905075540821,-0.035662074646585384,0.002390718769636035,0.20284780965564225,0.1930855096022091,0.2136210128336267,0.704,0.644,0.7560999999999999,0.0,0.0,0.0,0.0,0.0,0.0,0.2861345549504332,0.2619596143953557,0.3090969068546898,0.9615824582927339,0.9171556326412474,0.9981570834815127,0.6828095870811208,0.6452696750415811,0.7158486926777524,0.536,0.4839,0.5960999999999999,0.07450958931958976,0.06334988270332392,0.08634935791644228,-0.0029144423290698995,-0.005966149149231737,0.0029913735024973266,0.0006626001596450805,0.0,0.0019846644699573514,0.004,0.0,0.012,-0.00011341191374170001,-0.0011449313564983752,0.0011016549817029063,True
direct_invariance_only,False,10.0,0.5,0.0,250,0.6031154979090206,0.5704460017149336,0.6333753749438329,0.0030685086192036534,0.002118383402050624,0.004190935877960577,0.018295463359707505,0.016210608245178077,0.020480134894833364,0.507455411797285,0.5029522560462236,0.512554493512398,0.09592852306365966,0.09228560954034327,0.09992530482113361,0.4190546828342045,0.40000293624560757,0.4387041529394249,-0.018405266315112925,-0.03906215518010028,-0.00041876861873707007,0.20142954212170547,0.19172599149595335,0.2118476763780323,0.704,0.644,0.76,0.0,0.0,0.0,0.0,0.0,0.0,0.2876922211397458,0.2636323295910243,0.3103752203357844,0.956079082112549,0.9125375597622006,0.9966689350888058,0.6865266823746935,0.650282331723542,0.7190364151450748,0.54,0.484,0.6,0.07488386400478578,0.06376371785009541,0.08667964355385487,-0.008417818509254826,-0.02053337242881438,0.0030282432870567234,0.0024467103481292723,-0.0001872430384159088,0.0074160957872867585,0.004,-0.008,0.016,0.0014442542755709576,-0.0005545155903892831,0.004095029568881652,False
direct_invariance_only,False,10.0,1.0,0.0,250,0.6061323924665339,0.5742890919583268,0.6348674043714767,0.0027753356839324683,0.0019395841613018157,0.0037554484901389175,0.01817474613207009,0.016087934594959625,0.020370353279769236,0.5071702851867677,0.5025184280857266,0.5120352735546411,0.09592852306365966,0.09228560954034327,0.09992530482113361,0.4190546828342045,0.40000293624560757,0.4387041529394249,-0.020803325803541026,-0.04087562692603362,-0.0025740249509559497,0.2009642968327342,0.19144260312110153,0.21139099496849748,0.708,0.648,0.764,0.0,0.0,0.0,0.0,0.0,0.0,0.2881615959163557,0.2637304719077592,0.31145405556520317,0.9503565366151231,0.9069711194966219,0.9949807843850231,0.6876467623924978,0.6519430998165012,0.7204249090737787,0.548,0.492,0.608,0.0758482063606949,0.06453998402129729,0.08774952186588617,-0.014140364006680728,-0.0283392055109367,0.0005145349063839177,0.005463604905642569,0.00011013568360358479,0.013530218525696544,0.008,-0.008,0.024,0.0019136290521808252,-0.001078959378842902,0.005838957008689809,False
direct_invariance_only,False,10.0,2.0,0.0,250,0.606275871813763,0.5744422374312765,0.6349192768418579,0.0028106414630994416,0.001989087831287894,0.0037944129297884047,0.017879699191039013,0.015836831623679878,0.020085896660534047,0.507038384720087,0.5023836910153806,0.5119959685297608,0.09592852306365966,0.09228560954034327,0.09992530482113361,0.4190546828342045,0.40000293624560757,0.4387041529394249,-0.023588260896998087,-0.04396316483673256,-0.005334176407736017,0.2008488126464974,0.19121982691530476,0.21062346349983213,0.704,0.644,0.756,0.0,0.0,0.0,0.0,0.0,0.0,0.28712218118770627,0.2630929043524636,0.31053224472930907,0.9437107808043979,0.8998059628067736,0.9923794364092132,0.6851663826921219,0.6495891356475758,0.7171750527639007,0.56,0.504,0.6160999999999999,0.07776038127174813,0.06647823692418067,0.08982558764046164,-0.020786119817405968,-0.038372135156061304,-0.004196960024454787,0.005607084252871573,0.00021295023877173662,0.01372478542434983,0.004,-0.016,0.024,0.000874214323531427,-0.0030599977198781116,0.005511916253902541,False
direct_invariance_only,False,10.0,5.0,0.0,250,0.6109211503085681,0.5790486421173439,0.6409477544998634,0.0027198658976627732,0.0020373601365360557,0.0034047652828605173,0.016791557160337853,0.014920318415809633,0.018874667156307697,0.5062984213104248,0.5019141117934227,0.5108979959907174,0.09592852306365966,0.09228560954034327,0.09992530482113361,0.4190546828342045,0.40000293624560757,0.4387041529394249,-0.035153913153566814,-0.05382428584233606,-0.016640216752518044,0.19518083794992136,0.18495829093858604,0.20479681170420477,0.7,0.64,0.752,0.0,0.0,0.0,0.0,0.0,0.0,0.2901054878990441,0.266230948229066,0.3141552194862089,0.9161113940648287,0.87216796341919,0.9625713157256148,0.6922855173386095,0.6581170732137187,0.7245495804568695,0.592,0.532,0.644,0.08205155404436357,0.0704960246021524,0.09329415681569266,-0.048385506556975155,-0.07402809435680774,-0.02256073522270166,0.01025236274767667,0.0023396567174233497,0.021310925908060743,0.0,-0.028,0.028,0.0038575210348692937,-0.002053315045160813,0.010151291433409386,False
soft_objective_recourse,False,30.0,0.0,0.0,250,0.6291499039377085,0.5982323786730646,0.6593717749043018,0.001382970106326631,0.0009072282086826175,0.001862316416574593,0.018599481712840277,0.016424320190945592,0.020918706881479187,0.5061313980789185,0.5017098402590633,0.5107049495965361,0.09592852306365966,0.09228560954034327,0.09992530482113361,0.4190546828342045,0.40000293624560757,0.4387041529394249,-0.024660078253599952,-0.04499161476112064,-0.006629833829347278,0.20451467802721404,0.19467290827445838,0.21404594056589576,0.772,0.716,0.824,0.0,0.0,0.0,0.0,0.0,0.0,0.2834309798402805,0.25941538119649493,0.3058006080848124,0.9411530779543716,0.895092663798058,0.9906902055162171,0.6763579825032469,0.6414444490625302,0.7083574984016935,0.564,0.504,0.62,0.08014189062376195,0.06903808927197001,0.09168546806441928,0.0,0.0,0.0,0.0,0.0,0.0,0.0,0.0,0.0,0.0,0.0,0.0,False
direct_invariance_only,False,30.0,0.21613012769584658,0.0,250,0.6291517676557414,0.5982342816824793,0.6593751782877952,0.001382970106326631,0.0009072282086826175,0.001862316416574593,0.018516296591198786,0.016332996975874998,0.02087414182049506,0.5060449429004192,0.5015326458845437,0.5109129166577696,0.09592852306365966,0.09228560954034327,0.09992530482113361,0.4190546828342045,0.40000293624560757,0.4387041529394249,-0.025380326043514916,-0.04557859716742058,-0.007257728450630559,0.20532542240057225,0.19566849911372194,0.21487617386250057,0.772,0.716,0.824,0.0,0.0,0.0,0.0,0.0,0.0,0.28281650501060684,0.258920927839715,0.30506395243211615,0.9394343337918111,0.8939431900339672,0.9897582443985481,0.6748916468319264,0.6400508388360721,0.7064584823872506,0.568,0.5119,0.624,0.08080925193355629,0.06945141495959127,0.09223275490443547,-0.0017187441625605704,-0.00355369282453549,-0.00023854981025161486,1.863718032836914e-06,0.0,6.28662109375e-06,0.0,0.0,0.0,-0.0006144748296736808,-0.0013698875387070702,1.6641813891126586e-07,True
direct_invariance_only,False,30.0,0.5,0.0,250,0.6291560103143565,0.5982462343866704,0.6593797211034805,0.001382970106326631,0.0009072282086826175,0.001862316416574593,0.01850098067449809,0.01631763868469367,0.020864456894357862,0.5061929554252624,0.5017897542502165,0.5109886753880978,0.09592852306365966,0.09228560954034327,0.09992530482113361,0.4190546828342045,0.40000293624560757,0.4387041529394249,-0.02514743328712237,-0.04534408032209298,-0.0071006487309526215,0.20540705249747326,0.1956812467958218,0.21478560182750275,0.772,0.716,0.824,0.0,0.0,0.0,0.0,0.0,0.0,0.2830493977669994,0.2592804900943447,0.3054755180321413,0.939990091228567,0.8952767312351644,0.9898935035001548,0.6754474042686824,0.6402357818719577,0.7069259513526293,0.568,0.5119,0.624,0.08057635917716373,0.06907446199075996,0.09197454599061185,-0.0011629867258046156,-0.0032080920650416843,0.0005914183150607953,6.106376647949218e-06,2.4056434631347654e-07,1.6300439834594727e-05,0.0,0.0,0.0,-0.0003815820732811388,-0.0011977665435259088,0.00037288811844122806,False
direct_invariance_only,False,30.0,1.0,0.0,250,0.6291850380715914,0.5982518243402476,0.6593804580510944,0.001382970106326631,0.0009072282086826175,0.001862316416574593,0.01845946947124171,0.016307651506900212,0.020805669381828398,0.5061224772174359,0.5018378314764917,0.5108693933124899,0.09592852306365966,0.09228560954034327,0.09992530482113361,0.4190546828342045,0.40000293624560757,0.4387041529394249,-0.025244525935387577,-0.04584499840506053,-0.007395983174331325,0.20599393963543536,0.19648313250946778,0.2152748046175747,0.772,0.716,0.824,0.0,0.0,0.0,0.0,0.0,0.0,0.28296685587491344,0.2593332981483829,0.30520736381270774,0.9397583967690074,0.8946885117647508,0.9891802425336212,0.6752504326192366,0.6400905637441605,0.7067840173956357,0.568,0.5119,0.624,0.08066617644733927,0.06910187941556005,0.09211497851895523,-0.0013946811853642327,-0.0041051173718173765,0.0009670936543861391,3.513413388282061e-05,2.619561739265919e-06,8.900527046062051e-05,0.0,0.0,0.0,-0.0004641239653670248,-0.0015531131877070813,0.000551222097325064,False
direct_invariance_only,False,30.0,2.0,0.0,250,0.6281866064486094,0.5971338169336435,0.6589298255100381,0.0014343933054687481,0.000981039747904066,0.0019385347388375907,0.018170584836091522,0.01616945066692848,0.020371271531687225,0.5062056383535861,0.5018165343945682,0.5110102078644096,0.09592852306365966,0.09228560954034327,0.09992530482113361,0.4190546828342045,0.40000293624560757,0.4387041529394249,-0.02592947921567946,-0.04643847617756021,-0.007900863290734677,0.2053988143316516,0.19557045250867816,0.21451981871358236,0.768,0.708,0.82,0.0,0.0,0.0,0.0,0.0,0.0,0.2828974484481879,0.25900186158453387,0.30534442477934104,0.9381238767210287,0.8927925146496101,0.9893913280216144,0.6750848040519666,0.6400015932518766,0.7064957158547821,0.572,0.516,0.6240999999999999,0.08104335680084804,0.06958360100516126,0.09249897965011639,-0.0030292012333429374,-0.008767244829231913,0.0009770713686067048,-0.0009632974890992045,-0.0033477876049699262,0.0003721187724964689,-0.004,-0.012,0.0,-0.000533531392092651,-0.0016584364916713637,0.0005645098771819031,False
direct_invariance_only,False,30.0,5.0,0.0,250,0.6321311418679543,0.6008932924626395,0.6623643693616497,0.0014468273779815871,0.0009899035096243792,0.001944105766738872,0.01699964047101195,0.015096403779046363,0.01907785053737771,0.5058671686160564,0.5014359944579959,0.5104237629953801,0.09592852306365966,0.09228560954034327,0.09992530482113361,0.4190546828342045,0.40000293624560757,0.4387041529394249,-0.03874926599172038,-0.05787363968592685,-0.020447442766188505,0.1983742848859295,0.18853434747973946,0.20752885773848842,0.764,0.708,0.816,0.0,0.0,0.0,0.0,0.0,0.0,0.2875528896015083,0.2647968537050916,0.31024451722498403,0.9075317194175081,0.8614153369782821,0.9551732177794549,0.686194192263152,0.6521365466905061,0.7173973242629595,0.604,0.548,0.66,0.08512552961220829,0.07408745292714868,0.09663906861077433,-0.033621358536863544,-0.05229976057870817,-0.01622216883562925,0.0029812379302456976,-0.0009985857263207435,0.007988213826157149,-0.008,-0.028,0.008,0.0041219097612277536,-0.00014227730618482888,0.009188423109005892,False
transport_anchor_only,False,0.0,0.0,0.1,250,1.8709838514041623e-09,0.0,5.6129515542124866e-09,0.43954078126325724,0.4085680603905022,0.4696965793728743,0.02899117864794279,0.026844399086306182,0.031450741167770496,0.5274339005692005,0.5203104308457852,0.5348743106924773,0.09592852306365966,0.09228560954034327,0.09992530482113361,0.4190546828342045,0.40000293624560757,0.4387041529394249,0.4190546828342045,0.40057804618001286,0.4378279544799598,0.45510118408120315,0.44173269720151254,0.469776682320945,0.044,0.02,0.068,0.0,0.0,0.0,0.0,0.0,0.0,0.0,0.0,0.0,0.0,0.0,0.0,0.0,0.0,0.0,0.0,0.0,0.0,0.0,0.0,0.0,0.0,0.0,0.0,1.8709838514041623e-09,0.0,5.6129515542124866e-09,0.0,0.0,0.0,0.0,0.0,0.0,False
mediation_aware_recourse,False,0.0,0.21613012769584658,0.1,250,2.5988906422753644e-06,0.0,7.31179162286253e-06,0.43956794040156943,0.4086139726260004,0.4697932386221991,0.02897019894485491,0.026816005781558103,0.03143717506634281,0.5274329019649029,0.5203105260391713,0.5348742838668108,0.09592852306365966,0.09228560954034327,0.09992530482113361,0.4190546828342045,0.40000293624560757,0.4387041529394249,0.4190577725518167,0.40058155521111105,0.4378306158822296,0.45510284207253654,0.44173335554851945,0.46977965241104286,0.044,0.02,0.068,0.0,0.0,0.0,0.0,0.0,0.0,-3.0897176121886806e-06,-8.909078577982399e-06,0.0,-7.373065470384077e-06,-2.252035114981843e-05,0.0,-7.373065470384077e-06,-2.14400703437978e-05,0.0,0.0,0.0,0.0,0.0,0.0,0.0,-7.373065470384077e-06,-2.5030525326980022e-05,0.0,2.5988906422753644e-06,0.0,7.31179162286253e-06,0.0,0.0,0.0,-3.0897176121886806e-06,-1.0918573414420151e-05,0.0,True
mediation_aware_recourse,False,0.0,0.5,0.1,250,5.201007545565517e-06,1.8709838514041623e-09,1.245621119895759e-05,0.43954035021906607,0.40861328287143783,0.46976564843969576,0.028964059631762795,0.026815566738986597,0.031431035753250694,0.5274326968474388,0.5203103157937705,0.5348740838772833,0.09592852306365966,0.09228560954034327,0.09992530482113361,0.4190546828342045,0.40000293624560757,0.4387041529394249,0.419040907804019,0.4005482473342105,0.4378301942635347,0.45509102224886894,0.4417215357248518,0.46976812808296686,0.044,0.02,0.068,0.0,0.0,0.0,0.0,0.0,0.0,1.3775030185559479e-05,-8.188930060815113e-06,5.023416913466083e-05,3.28716770144899e-05,-1.992831356281699e-05,0.00012052700390977611,3.28716770144899e-05,-1.92041702921808e-05,0.00011952906772662306,0.0,0.0,0.0,0.0,0.0,0.0,3.28716770144899e-05,-2.039070852896674e-05,0.00012104738180882256,5.201007545565517e-06,1.8709838514041623e-09,1.245621119895759e-05,0.0,0.0,0.0,1.3775030185559479e-05,-8.549004319398757e-06,5.024317099112541e-05,False
mediation_aware_recourse,False,0.0,1.0,0.1,250,1.3288836650190206e-05,4.185899075025645e-06,2.5813890691074445e-05,0.4394794523637606,0.4085548092923871,0.46969763620888905,0.02895331124511389,0.026809319851740992,0.031420216969089025,0.5274308610184193,0.5203087082304239,0.5348723471991003,0.09592852306365966,0.09228560954034327,0.09992530482113361,0.4190546828342045,0.40000293624560757,0.4387041529394249,0.4190020158309913,0.40051429622582063,0.43781855605286235,0.4550705891302538,0.4417145864310156,0.4697618004333145,0.044,0.02,0.068,0.0,0.0,0.0,0.0,0.0,0.0,5.266700321320283e-05,3.226706221752659e-06,0.00011523656826704127,0.00012568050273775722,-6.178691406955027e-07,0.00028137832683421956,0.00012568050273775722,3.7031183891367288e-06,0.00029891828843708055,0.0,0.0,0.0,0.0,0.0,0.0,0.00012568050273775722,1.3573706893274532e-05,0.000295302654172061,1.3288836650190206e-05,4.185899075025645e-06,2.5813890691074445e-05,0.0,0.0,0.0,5.266700321320283e-05,5.674090221414426e-06,0.00012320182652803235,False
mediation_aware_recourse,False,0.0,2.0,0.1,250,4.642539443784699e-05,1.0694227353087626e-05,9.904493500881698e-05,0.43951099085852396,0.4085912936283494,0.4696972425934092,0.028925658388172636,0.026770531026154388,0.03139259376098529,0.5274235727531911,0.5203060614136635,0.5348612706290305,0.09592852306365966,0.09228560954034327,0.09992530482113361,0.4190546828342045,0.40000293624560757,0.4387041529394249,0.41896125755630964,0.40033490786227366,0.43783650843705396,0.4550648281248413,0.44170938967138806,0.469759315161007,0.048,0.024,0.072,0.0,0.0,0.0,0.0,0.0,0.0,9.34252778948459e-05,-3.642048867319785e-05,0.00025300701634535733,0.00022294292778923808,-6.900405630304029e-05,0.0006593807093644294,0.00022294292778923808,-5.7187219474419405e-05,0.0006462437388780188,0.0,0.0,0.0,0.0,0.0,0.0,0.00022294292778923808,-5.5900035188966016e-05,0.0006390474268412632,4.642539443784699e-05,1.0694227353087626e-05,9.904493500881698e-05,0.004,0.0,0.012,9.34252778948459e-05,-2.3812554127992693e-05,0.0002668275169920231,False
mediation_aware_recourse,False,0.0,5.0,0.1,250,0.0010611228486091023,0.0002421493028745431,0.0021483234222197094,0.4392566911126733,0.40833105838877815,0.4692138345734099,0.02866487040717855,0.026605483027371788,0.030911742353272535,0.5274235668284892,0.520296108104235,0.5348519841802061,0.09592852306365966,0.09228560954034327,0.09992530482113361,0.4190546828342045,0.40000293624560757,0.4387041529394249,0.41799785690860175,0.3992088278228606,0.4372914472883296,0.4546691852002484,0.4413011576556814,0.46953639153865767,0.052,0.028,0.08,0.0,0.0,0.0,0.0,0.0,0.0,0.001056825925602729,0.00019976776767797517,0.002141173887948987,0.0025219284472735026,0.00043179079955335266,0.005353377050750612,0.0025219284472735026,0.0003033186105619784,0.005204966672506431,0.0,0.0,0.0,0.0,0.0,0.0,0.0025219284472735026,0.0004671154775858499,0.005272463858133927,0.0010611228486091023,0.0002421493028745431,0.0021483234222197094,0.008,0.0,0.02,0.001056825925602729,0.0002008809031883441,0.002161098002278032,False
transport_anchor_only,False,1.0,0.0,0.1,250,0.1124661056581831,0.08369395054267954,0.14440134452451164,0.3135074736883713,0.2821155808167031,0.341470512664574,0.02814828018532033,0.026022156616446388,0.03071435394199447,0.5189180718681812,0.5126813865734221,0.5258376825864911,0.09592852306365966,0.09228560954034327,0.09992530482113361,0.4190546828342045,0.40000293624560757,0.4387041529394249,0.32811909369875863,0.304274394504869,0.3523015296967603,0.39064704626080204,0.3727613340937121,0.40883355383814735,0.116,0.08,0.16,0.0,0.0,0.0,0.0,0.0,0.0,0.07851067959113171,0.05775468463486782,0.10238477958396437,0.2170017252173836,0.1618809644965141,0.27426830960202925,0.18735187269627507,0.14143162442199714,0.2379663991774781,0.076,0.047900000000000005,0.112,0.006212454772157034,0.003233992010680362,0.009990278458366695,0.0,0.0,0.0,1.8709838514041623e-09,0.0,5.6129515542124866e-09,0.0,0.0,0.0,0.0,0.0,0.0,False
mediation_aware_recourse,False,1.0,0.21613012769584658,0.1,250,0.11538545723594189,0.0862269214582888,0.14708747304240685,0.3106264773941888,0.2788004366865313,0.33959014077141675,0.028094308442021706,0.02596810555520761,0.03063981080559422,0.5186179914207458,0.512670107766819,0.5253456402145922,0.09592852306365966,0.09228560954034327,0.09992530482113361,0.4190546828342045,0.40000293624560757,0.4387041529394249,0.3259741179046323,0.30118905912016947,0.35008722824750804,0.38869176437840736,0.3707133772806897,0.40665983488449403,0.116,0.08,0.16,0.0,0.0,0.0,0.0,0.0,0.0,0.08065565538525805,0.059299018199692285,0.10412901711745144,0.2221203311702371,0.1668863226385048,0.2784351387834279,0.19247047864912858,0.14653237801185567,0.241902995184231,0.076,0.047900000000000005,0.112,0.006212454772157034,0.003233992010680362,0.009990278458366695,0.005118605952853517,0.0,0.015901404196496553,0.0029193534487426407,0.0,0.008758060346227921,0.0,0.0,0.0,0.002144975794126337,0.0,0.006434927382379012,True
mediation_aware_recourse,False,1.0,0.5,0.1,250,0.11993590340353012,0.08874792775685654,0.1525067445571669,0.3062044430707858,0.2749916899775283,0.33512074392062446,0.027815773751462162,0.025733975708051048,0.030351348964968317,0.5185000829534531,0.512578667398846,0.5252505416352747,0.09592852306365966,0.09228560954034327,0.09992530482113361,0.4190546828342045,0.40000293624560757,0.4387041529394249,0.3212491113386848,0.29756917163956265,0.34558682058405815,0.38582904590186545,0.36770225977077836,0.40383042264284735,0.116,0.08,0.16,0.0,0.0,0.0,0.0,0.0,0.0,0.08337789878591782,0.06089597369183231,0.107481840480702,0.23339572495414795,0.17400592712528257,0.2910617371393068,0.19896663180567675,0.1512421318126842,0.25278762159459284,0.084,0.052,0.12,0.007213836354800944,0.0039109238083262126,0.01132726567019563,0.016393999736764364,0.0005777241241461756,0.03665042569827705,0.007469799616330874,-0.0012882569879293442,0.019148377912864088,0.0,0.0,0.0,0.0048672191947860995,-0.0015571496788635883,0.013084599071132649,False
mediation_aware_recourse,False,1.0,1.0,0.1,250,0.13043047115820855,0.0985013433715131,0.16506982694405037,0.2962968832846145,0.2646250450471463,0.325440987115493,0.02713158269419515,0.02501415693779157,0.02960087006372349,0.5177805600924491,0.5120205443447053,0.5242524032750845,0.09592852306365966,0.09228560954034327,0.09992530482113361,0.4190546828342045,0.40000293624560757,0.4387041529394249,0.31079978066987224,0.2841677905447907,0.33723960682660536,0.3801085417939962,0.3618791653106421,0.39761892546765326,0.12,0.084,0.1600999999999999,0.0,0.0,0.0,0.0,0.0,0.0,0.08927657656666427,0.06734547359844646,0.11411015129702325,0.25833120735501336,0.19344004436932288,0.3205970271393113,0.213042784685897,0.16426912384206094,0.26554108623392914,0.096,0.064,0.136,0.009489162798834005,0.005351862626863055,0.014438823256905868,0.04132948213762977,0.015079019234632174,0.07253044736807013,0.0179643673710093,0.004433618457969067,0.0340388312414777,0.004,-0.008,0.02,0.010765896975532542,0.0013481444357246553,0.02179288676224925,False
mediation_aware_recourse,False,1.0,2.0,0.1,250,0.14487937011706573,0.11150566905532298,0.1796167072820525,0.283217228948692,0.25182909431249495,0.31281854336196746,0.02622854384046116,0.02409235504510233,0.028690595237192935,0.517792827512741,0.5120445211948215,0.5244134720701933,0.09592852306365966,0.09228560954034327,0.09992530482113361,0.4190546828342045,0.40000293624560757,0.4387041529394249,0.29780554756217464,0.2713247093712584,0.3257537311313035,0.3728169884089292,0.35451276237215146,0.38995964181080994,0.14,0.096,0.184,0.0,0.0,0.0,0.0,0.0,0.0,0.0974524469876325,0.0734982562540843,0.12188254902263192,0.28933965002367257,0.21988053852643624,0.35505407309453296,0.232553055674094,0.18264198799483877,0.2847060411660507,0.112,0.076,0.156,0.011898344142198675,0.0069140843329450466,0.017168060522290116,0.07233792480628898,0.03579666011975421,0.11760390696353143,0.03241326632986647,0.014050452363695535,0.05307650660151311,0.024,0.004,0.048,0.01894176739650078,0.006997435095436795,0.033116217425570776,False
mediation_aware_recourse,False,1.0,5.0,0.1,250,0.2249121354465319,0.18567428130686686,0.26237018904759835,0.2180374858405014,0.18986397667108956,0.24357101717309665,0.02202626007914759,0.020004949491096588,0.02428054359537374,0.5122619781281949,0.506786457914263,0.5183243018144548,0.09592852306365966,0.09228560954034327,0.09992530482113361,0.4190546828342045,0.40000293624560757,0.4387041529394249,0.224349515637117,0.1917324913598129,0.2514582114161908,0.33241442599929505,0.3151139501081663,0.3515543028194668,0.232,0.184,0.288,0.0,0.0,0.0,0.0,0.0,0.0,0.14043912131164543,0.11454585301738571,0.16809312208144472,0.4646294986616841,0.39047686448433594,0.5418297500596913,0.3351331629605224,0.28242502845156214,0.3913208625865007,0.212,0.164,0.26,0.027133022942721005,0.01964532453656248,0.03502644927841885,0.24762777344430054,0.18475030539975637,0.31034397168816547,0.11244603165933267,0.08052520644843982,0.1441075565811803,0.116,0.076,0.16,0.06192844172051371,0.0419229463312379,0.08249001295022512,False
transport_anchor_only,False,3.0,0.0,0.1,250,0.5326057113872376,0.4930180570501485,0.5670893917067792,0.017437105893977962,0.012981473412164542,0.02258627171125419,0.019483760907766417,0.01744164412414044,0.02181027302514481,0.5086592903029918,0.5039381809766352,0.5138280256845175,0.09592852306365966,0.09228560954034327,0.09992530482113361,0.4190546828342045,0.40000293624560757,0.4387041529394249,0.023631941313727305,0.0014812712703011282,0.04466433399653231,0.21444828132717877,0.20274554083392074,0.2258937395254147,0.556,0.492,0.616,0.0,0.0,0.0,0.0,0.0,0.0,0.27819911395872726,0.25301886831812553,0.30316454372435475,0.9436065452033688,0.8875969836081868,0.992201946102811,0.6638730584685877,0.6232719754851891,0.6985638610349703,0.444,0.3839,0.504,0.058611813780874954,0.048362184153188714,0.0695007519332181,0.002891992004809385,-0.004347159956199648,0.009486239688281274,0.00018224978446960448,2.4056434631347654e-07,0.0004537269651889801,0.0,0.0,0.0,-0.0009651972994409253,-0.0035183836264429014,0.0017789855765852542,False
mediation_aware_recourse,False,3.0,0.21613012769584658,0.1,250,0.5325365394090767,0.4929441360846046,0.566999689100578,0.01745573313222275,0.012995489735413654,0.02261124384444744,0.019392212062983406,0.017361804138360526,0.021711198084600168,0.508826871356964,0.5041434503841817,0.5140998985341667,0.09592852306365966,0.09228560954034327,0.09992530482113361,0.4190546828342045,0.40000293624560757,0.4387041529394249,0.023483004231615093,0.0007211957044548453,0.04446038985123678,0.2140865158282493,0.20238428024936236,0.22561033548467022,0.556,0.492,0.616,0.0,0.0,0.0,0.0,0.0,0.0,0.2780630868058904,0.2527476294536572,0.30304756176581377,0.9439619572491308,0.887345351919075,0.9914760461019054,0.6635484536892855,0.6223892550216547,0.6985603061648589,0.444,0.3839,0.504,0.05875429589834949,0.04878310671661289,0.0694043530868631,0.003247404050571334,-0.00030146130414430137,0.008348110709467707,0.00011307780630886554,2.4056434631347654e-07,0.0003130275823175907,0.0,0.0,0.0,-0.0011012244522777953,-0.0029668162680417816,0.00015386221072422187,True
mediation_aware_recourse,False,3.0,0.5,0.1,250,0.5323486207460519,0.4928972788217594,0.5667283969940617,0.017521842362130495,0.012995489735413654,0.022644841362342936,0.01932489216630453,0.01730741515275784,0.021661513677841828,0.5089097941689491,0.504237074616897,0.5141818732193588,0.09592852306365966,0.09228560954034327,0.09992530482113361,0.4190546828342045,0.40000293624560757,0.4387041529394249,0.023802570514421716,0.0008377286548550547,0.0444353479435466,0.214184309385679,0.20248834039887437,0.22568129342291768,0.552,0.488,0.612,0.0,0.0,0.0,0.0,0.0,0.0,0.27766903925031505,0.2524907855431633,0.3026768222470601,0.9431993687472071,0.8866504214845508,0.9911801464328039,0.6626081287824972,0.6214150304958198,0.6977059836514841,0.444,0.3839,0.504,0.058791536534733846,0.04878557649658099,0.06944159372324746,0.0024848155486476564,-0.0017514965234091961,0.007419753561976372,-7.48408567160368e-05,-0.0005435416095424443,0.00026941944956779474,-0.004,-0.012,0.0,-0.0014952720078531194,-0.0034770387526453428,-6.219618767189777e-05,False
mediation_aware_recourse,False,3.0,1.0,0.1,250,0.5361947462824174,0.49801666281486395,0.5690213141362648,0.01633419548446197,0.011963103610968803,0.021029281373506552,0.018985672720894527,0.01701497540235069,0.021231370979968637,0.5089341268956661,0.5042786973663926,0.5141676032870413,0.09592852306365966,0.09228560954034327,0.09992530482113361,0.4190546828342045,0.40000293624560757,0.4387041529394249,0.021149349534709445,-0.0021194496917548633,0.04156509166899918,0.2116033511357752,0.20047700692646406,0.2233960514839908,0.548,0.48,0.612,0.0,0.0,0.0,0.0,0.0,0.0,0.2803454298954198,0.2555091632618306,0.30454055380701306,0.949530812084787,0.8954814011126979,0.9941427866355846,0.6689948624350206,0.6279079174122989,0.704155146650821,0.448,0.388,0.508,0.0587799517020376,0.04881378569367634,0.06929343984211346,0.008816258886227502,-0.00048580494018403685,0.01909222219567662,0.0037712846796493977,-0.00027712464754004026,0.011659828333783663,-0.008,-0.02,0.0,0.0011811186372516387,-0.001957060108020344,0.004927007340179268,False
mediation_aware_recourse,False,3.0,2.0,0.1,250,0.5368598391939886,0.49888133076579544,0.5696285996965947,0.016296593069310156,0.011937723436531527,0.020981131131658316,0.01867934160328394,0.016734377596530074,0.020816983332197864,0.5086991270496846,0.5040071347730993,0.5137350672202705,0.09592852306365966,0.09228560954034327,0.09992530482113361,0.4190546828342045,0.40000293624560757,0.4387041529394249,0.018101999110656138,-0.005217703233973623,0.03896960787508873,0.21195068866180816,0.20066970879757645,0.22344984145823898,0.56,0.496,0.62,0.0,0.0,0.0,0.0,0.0,0.0,0.27996698079405086,0.25493128076049815,0.30438536169030644,0.956802775742234,0.9037114690326089,0.9970219712093552,0.6680917604846752,0.6277741190915529,0.7035670628058653,0.456,0.396,0.516,0.06049285146474871,0.04977856216000578,0.07158376923080574,0.01608822254367459,-0.0020783185353761276,0.029565905542698345,0.004436377591220662,0.000174391703424044,0.012055407018371623,0.004,-0.012,0.02,0.0008026695358827278,-0.002446460180392238,0.0048618783215887695,False
mediation_aware_recourse,False,3.0,5.0,0.1,250,0.5477432474069065,0.510702757345076,0.5803913844753028,0.014271092584783414,0.010054005662275356,0.01844857964396631,0.01745561331707713,0.015673600390829698,0.01952760529276716,0.507776271213293,0.5031850517457366,0.5126520494406759,0.09592852306365966,0.09228560954034327,0.09992530482113361,0.4190546828342045,0.40000293624560757,0.4387041529394249,0.0018916424948687788,-0.0210335622243303,0.02436537768594785,0.20970794738528276,0.19864770976220464,0.22108365091177254,0.576,0.5119,0.636,0.0,0.0,0.0,0.0,0.0,0.0,0.2788890738728594,0.25433681925248997,0.3026605151000884,0.9954859292298681,0.9394644578086753,0.9993550982945715,0.665519525964108,0.626381410416163,0.6988579866751161,0.496,0.436,0.556,0.06913698323323814,0.057751291687050114,0.08019707724347319,0.05477137603130866,-0.033038776753178484,0.07282859199189526,0.015319785804138519,0.005571922796493164,0.027082752982791863,0.02,-0.008,0.048,-0.0002752373853087733,-0.006961153749907026,0.006449025441200628,False
transport_anchor_only,False,10.0,0.0,0.1,250,0.6014255597214214,0.568929108324321,0.6316333428477985,0.0032342349181519064,0.0022548013836597887,0.004433807977721413,0.01847978856527666,0.01644282697685723,0.02070271802763572,0.5065791606872081,0.5019399238924981,0.5115676595449209,0.09592852306365966,0.09228560954034327,0.09992530482113361,0.4190546828342045,0.40000293624560757,0.4387041529394249,-0.015881350775605978,-0.03524306500121101,0.002544921886063895,0.2027893433458993,0.1931133838107865,0.21345587277517722,0.704,0.644,0.7560999999999999,0.0,0.0,0.0,0.0,0.0,0.0,0.2867361829845047,0.2627835193512178,0.30957714545392256,0.9621019608510394,0.9180756917728757,0.9976506184810737,0.6842452661433438,0.6484982261924923,0.7180734112590873,0.54,0.484,0.6,0.07409992531265286,0.06297574508809133,0.08599452287056729,-0.002394939770764437,-0.009022969338720658,0.004528870727010335,0.0007567721605300904,3.7264883518218994e-06,0.0021621353268623353,0.004,0.0,0.012,0.0004882161203298636,-0.001531498950988334,0.0029390405946814737,False
mediation_aware_recourse,False,10.0,0.21613012769584658,0.1,250,0.603304218373727,0.5706281960492022,0.6335614732107148,0.0030492021592981766,0.0021107655853516757,0.004175939844327665,0.01835104024795848,0.016258375313743658,0.020528062084515006,0.5063875778400898,0.5015985031418383,0.5113613077419759,0.09592852306365966,0.09228560954034327,0.09992530482113361,0.4190546828342045,0.40000293624560757,0.4387041529394249,-0.018773231783993937,-0.03873455528519242,-0.00046846960868315835,0.20180504072729252,0.19191887238322866,0.21208581610213262,0.708,0.648,0.764,0.0,0.0,0.0,0.0,0.0,0.0,0.2867990776338432,0.2628183214211111,0.3095828804092646,0.9552009974998384,0.9113278747698116,0.9966542750819916,0.6843953531174665,0.6482730170666487,0.7166723416633688,0.544,0.492,0.604,0.07551441849217756,0.0641810155723273,0.08735706998596535,-0.009295903121965376,-0.022067186863385903,0.002963599130626993,0.0026354308128356935,5.98447322845459e-06,0.007517808824777603,0.008,0.0,0.02,0.0005511107696684063,-0.0015173798098760034,0.0031499367560547395,True
mediation_aware_recourse,False,10.0,0.5,0.1,250,0.6032276643137447,0.5705323808972724,0.6334852963634534,0.0030610658642624858,0.0021179027799693067,0.004180215102333812,0.01825385251249014,0.016194092486282105,0.020427413788847673,0.5062994917185306,0.5014953375247122,0.5112044842498958,0.09592852306365966,0.09228560954034327,0.09992530482113361,0.4190546828342045,0.40000293624560757,0.4387041529394249,-0.019663352027753843,-0.03960734649353405,-0.0014677534502710813,0.201705102753181,0.19170186080625995,0.21182915022704865,0.704,0.644,0.76,0.0,0.0,0.0,0.0,0.0,0.0,0.28681806348137423,0.2627856034695217,0.30967965792789054,0.953076882723839,0.9094761748396984,0.996224653764056,0.6844406594899011,0.6490769210307217,0.7173467456549653,0.544,0.492,0.604,0.07594998569029204,0.06464630139701512,0.08779141649697182,-0.011420017897964874,-0.024098133417226296,0.0020590707362231754,0.0025588767528533936,-8.219523429870606e-05,0.0074402789056301115,0.004,-0.008,0.016,0.0005700966171993809,-0.0018031425188466527,0.003404047082254123,False
mediation_aware_recourse,False,10.0,1.0,0.1,250,0.6063121483926661,0.5744604243951268,0.6351243686541216,0.002765533140105099,0.0019340181673270218,0.003740375030673122,0.018127837597050535,0.0160197110656341,0.020262847085473712,0.5060703119757176,0.5013891319607139,0.5109871794225513,0.09592852306365966,0.09228560954034327,0.09992530482113361,0.4190546828342045,0.40000293624560757,0.4387041529394249,-0.02312120986844643,-0.04335979384872056,-0.004587575980529794,0.20080515690166603,0.1912086425956853,0.2109049378303111,0.712,0.652,0.764,0.0,0.0,0.0,0.0,0.0,0.0,0.28684265355562877,0.2630484430504931,0.3097615161361295,0.9448253156078102,0.9015911355583309,0.991899915349317,0.6844993393597649,0.6490882083405911,0.7168866272699632,0.556,0.5,0.612,0.07766661957351104,0.06614154661492544,0.08931555594002187,-0.019671585013993576,-0.03523996468963635,-0.004221534771259414,0.0056433608317747715,0.00028479578073602174,0.013708088196115567,0.012,-0.004,0.032,0.0005946866914539384,-0.0030276749666378693,0.004943089014604469,False
mediation_aware_recourse,False,10.0,2.0,0.1,250,0.6063316240911372,0.5746427478807395,0.6350619458302157,0.0027997272186104575,0.001978189440718016,0.003780504191311546,0.017927793595222195,0.0159286260720011,0.020094091131735402,0.5060189582474232,0.5013451985877037,0.5108686251617968,0.09592852306365966,0.09228560954034327,0.09992530482113361,0.4190546828342045,0.40000293624560757,0.4387041529394249,-0.02525582714243863,-0.04556330874521528,-0.007279577436666608,0.20111210165770133,0.19138090674081737,0.21127088241945613,0.708,0.648,0.76,0.0,0.0,0.0,0.0,0.0,0.0,0.2857463696597202,0.262008666199218,0.3087274076177785,0.9397314284340527,0.8968597026688041,0.9899277464074567,0.6818832514342131,0.6466002187760829,0.713998622314821,0.564,0.508,0.6200999999999999,0.0792820701584614,0.06773301317355104,0.09122493752403156,-0.02476547218775116,-0.04290412795625552,-0.008427741079264396,0.00566283653024584,0.000297105679102242,0.01388984046280384,0.008,-0.012,0.028,-0.0005015972044545853,-0.0042370481083277905,0.0037883097574889094,False
mediation_aware_recourse,False,10.0,5.0,0.1,250,0.611880981546361,0.5801284563911729,0.642498044255923,0.0026206590498246375,0.0019522383886214113,0.00331934957005834,0.0168138457786188,0.014925021443576856,0.018913969858001662,0.5049058995761871,0.5003934763769984,0.5095340401806713,0.09592852306365966,0.09228560954034327,0.09992530482113361,0.4190546828342045,0.40000293624560757,0.4387041529394249,-0.03858510959126211,-0.05742865466329976,-0.02038146887194708,0.1957680407727838,0.18575321396913536,0.20548256171000676,0.7,0.64,0.752,0.0,0.0,0.0,0.0,0.0,0.0,0.28775043358548613,0.2635645757496649,0.3117048798366891,0.9079234496789337,0.8647311957486364,0.9553292639786564,0.6866655960967564,0.6508563059530104,0.7181055073479116,0.604,0.544,0.66,0.08494467941999019,0.07413340594213558,0.09671229716591628,-0.05657345094287014,-0.08264111020859034,-0.03174565778390473,0.011212193985469639,0.0032115035528317093,0.02243507453429047,0.0,-0.028,0.028,0.0015024667213113,-0.004250787772210792,0.007843268844363656,False
transport_anchor_only,False,30.0,0.0,0.1,250,0.6291562370504252,0.5982387072617887,0.6593839833422215,0.001382970106326631,0.0009072282086826175,0.001862316416574593,0.0185855502835305,0.016399982174875354,0.02092758920944573,0.5052966191422938,0.500780298135984,0.5101260437003731,0.09592852306365966,0.09228560954034327,0.09992530482113361,0.4190546828342045,0.40000293624560757,0.4387041529394249,-0.024299671442115,-0.04457179547507568,-0.00629047029128139,0.20525500645939762,0.19565303231437198,0.21470589331530088,0.772,0.716,0.824,0.0,0.0,0.0,0.0,0.0,0.0,0.28389715961200684,0.26003789756551315,0.30612856978677866,0.9420131251659847,0.8954777049760019,0.9901969244767479,0.6774704382061001,0.6428224152947856,0.7088208451794648,0.568,0.5119,0.624,0.07972859733215634,0.06794351003951778,0.09106218181272102,0.0008600472116130353,-0.002432781364496553,0.005604255290915685,6.333112716674804e-06,2.4056434631347654e-07,1.3899534940719602e-05,0.0,0.0,0.0,0.00046617977172623435,-0.0008791988046775017,0.00248201874373242,False
mediation_aware_recourse,False,30.0,0.21613012769584658,0.1,250,0.6291562351430766,0.5982387072617887,0.6593839794321568,0.001382970106326631,0.0009072282086826175,0.001862316416574593,0.018545614002044398,0.016356245373718912,0.020887792066026797,0.5053065549385547,0.5007996729386927,0.510126258575654,0.09592852306365966,0.09228560954034327,0.09992530482113361,0.4190546828342045,0.40000293624560757,0.4387041529394249,-0.025106997180051136,-0.04527857102586455,-0.007077037032633527,0.20526825065071153,0.19566229210549868,0.21473205059314585,0.772,0.716,0.824,0.0,0.0,0.0,0.0,0.0,0.0,0.28308983387407066,0.25929964465798855,0.3055576689371629,0.9400865848575077,0.895243852949419,0.9897476809524378,0.6755438978976231,0.6405737065345523,0.7071909947331069,0.568,0.5119,0.624,0.08053592307009248,0.06921512547787474,0.09189707052861129,-0.0010664930968639075,-0.0032095675599596307,0.0008847626237548697,6.331205368041992e-06,2.4056434631347654e-07,1.3899487257003781e-05,0.0,0.0,0.0,-0.00034114596620989877,-0.001221822007195573,0.00040577065903998167,True
mediation_aware_recourse,False,30.0,0.5,0.1,250,0.6291784741128795,0.5982368382985471,0.6593801935835392,0.001382970106326631,0.0009072282086826175,0.001862316416574593,0.018488529891800682,0.016338039900050172,0.020829790395654746,0.5052363681097031,0.5007093546140731,0.5100200759156346,0.09592852306365966,0.09228560954034327,0.09992530482113361,0.4190546828342045,0.40000293624560757,0.4387041529394249,-0.025542564378165596,-0.04590640385406129,-0.0076501784640088,0.20567066349751711,0.19590943622487114,0.2152041871845973,0.772,0.716,0.824,0.0,0.0,0.0,0.0,0.0,0.0,0.2826542666759561,0.25876527868405136,0.3051547223281513,0.9390471806557253,0.8936567083798072,0.988513160434314,0.6745044936958406,0.639490885579644,0.7057331238879362,0.568,0.5119,0.624,0.08097149026820695,0.06947693893386564,0.09254104145583533,-0.0021058972986462976,-0.004566680055834873,0.0001690108349837571,2.8570175170898436e-05,2.4056434631347654e-07,7.979064583778381e-05,0.0,0.0,0.0,-0.0007767131643243639,-0.0017823030386539202,0.00012825635904095854,False
mediation_aware_recourse,False,30.0,1.0,0.1,250,0.6291853887853213,0.5982444710225099,0.659375856435427,0.001382970106326631,0.0009072282086826175,0.001862316416574593,0.018475161613674566,0.016322460477651943,0.02080969600428222,0.5052828106958867,0.5007695533488215,0.5100813683640479,0.09592852306365966,0.09228560954034327,0.09992530482113361,0.4190546828342045,0.40000293624560757,0.4387041529394249,-0.025454919465642704,-0.04587213875216493,-0.007567576249741075,0.2054571324269034,0.19574419995074854,0.2149609394219267,0.772,0.716,0.824,0.0,0.0,0.0,0.0,0.0,0.0,0.28275646234465834,0.25897123354237833,0.3051514923326709,0.9392563297623052,0.8942456667296238,0.9885216249093866,0.6747483656125343,0.6400883490421585,0.7058847869021228,0.568,0.5119,0.624,0.0808765699775944,0.06944803629025333,0.09238986337473953,-0.001896748192066422,-0.004415395349966525,0.00044590892821886236,3.548484761267901e-05,1.1976613895967605e-06,9.234934623818841e-05,0.0,0.0,0.0,-0.0006745174956221507,-0.0016957190834074344,0.0002570464656225356,False
mediation_aware_recourse,False,30.0,2.0,0.1,250,0.6275519438204356,0.5965434368610498,0.6576654577686918,0.0014567284046546483,0.0010048520660401658,0.001960869838023491,0.018177452630579266,0.016088387348013055,0.020396100030457446,0.5051313850610256,0.5007165581062137,0.5098035255102754,0.09592852306365966,0.09228560954034327,0.09992530482113361,0.4190546828342045,0.40000293624560757,0.4387041529394249,-0.02796693408495666,-0.04774949962486911,-0.009663280168511099,0.20501769239477938,0.19524076089314618,0.2146891805819944,0.764,0.7079,0.816,0.0,0.0,0.0,0.0,0.0,0.0,0.28228507294829364,0.2581715419830828,0.3048207371481092,0.9332618504682799,0.8877169240420755,0.9825872953390382,0.6736234780604453,0.6390854796550436,0.7049527179734484,0.576,0.5199,0.628,0.08236827198543377,0.07093428251115755,0.09412823679065445,-0.007891227486091723,-0.01742105190332623,-0.0005571755464283597,-0.0015979601172730327,-0.004433411414921284,0.00020363287646323443,-0.008,-0.02,0.0,-0.0011459068919869217,-0.0025397738373041942,5.9772188913392175e-05,False
mediation_aware_recourse,False,30.0,5.0,0.1,250,0.6319949116376229,0.6008502803864306,0.6624547320709564,0.0014704483095022427,0.0010044277636917732,0.001966547471572355,0.01689729395850387,0.014963549799699044,0.01901223382676279,0.5047146894061565,0.5002092348848999,0.509339326025331,0.09592852306365966,0.09228560954034327,0.09992530482113361,0.4190546828342045,0.40000293624560757,0.4387041529394249,-0.041747092144625,-0.06015276386440679,-0.023903810208976865,0.1982113117225251,0.18841115382899665,0.20746457923480427,0.764,0.708,0.816,0.0,0.0,0.0,0.0,0.0,0.0,0.2866463033478547,0.263677405024212,0.3092663052237224,0.9003779366876998,0.8555285425971837,0.9482898986934183,0.6840307842622628,0.6496878481302281,0.7155057928879006,0.616,0.56,0.672,0.08707773581548742,0.07583337682193547,0.09914406614300827,-0.04077514126667181,-0.061601302370811184,-0.021544640327898577,0.002845007699914277,-0.0011461540051968767,0.007938908209023066,-0.008,-0.028,0.008,0.0032153235075741177,-0.0011070821642613772,0.00800169010616856,False
transport_anchor_only,False,0.0,0.0,0.5,250,9.78377178853407e-07,2.1488665503284212e-07,1.957840208194739e-06,0.43954078126325724,0.4085680603905022,0.4696965793728743,0.02899117864794279,0.026844399086306182,0.031450741167770496,0.5274300416452884,0.5203089143617631,0.5348715945305705,0.09592852306365966,0.09228560954034327,0.09992530482113361,0.4190546828342045,0.40000293624560757,0.4387041529394249,0.4190546828342045,0.40057804618001286,0.4378279544799598,0.45510118408120315,0.44173269720151254,0.469776682320945,0.044,0.02,0.068,0.0,0.0,0.0,0.0,0.0,0.0,0.0,0.0,0.0,0.0,0.0,0.0,0.0,0.0,0.0,0.0,0.0,0.0,0.0,0.0,0.0,0.0,0.0,0.0,9.78377178853407e-07,2.1488665503284212e-07,1.957840208194739e-06,0.0,0.0,0.0,0.0,0.0,0.0,False
mediation_aware_recourse,False,0.0,0.21613012769584658,0.5,250,3.575396837277367e-06,5.503430498379204e-07,8.106823193713809e-06,0.43956794040156943,0.4086139726260004,0.4697932386221991,0.02897019894485491,0.026816005781558103,0.03143717506634281,0.5274290430409908,0.520309009555149,0.5348715677049041,0.09592852306365966,0.09228560954034327,0.09992530482113361,0.4190546828342045,0.40000293624560757,0.4387041529394249,0.4190577725518167,0.40058155521111105,0.4378306158822296,0.45510284207253654,0.44173335554851945,0.46977965241104286,0.044,0.02,0.068,0.0,0.0,0.0,0.0,0.0,0.0,-3.0897176121886806e-06,-8.909078577982399e-06,0.0,-7.373065470384077e-06,-2.252035114981843e-05,0.0,-7.373065470384077e-06,-2.14400703437978e-05,0.0,0.0,0.0,0.0,0.0,0.0,0.0,-7.373065470384077e-06,-2.5030525326980022e-05,0.0,3.575396837277367e-06,5.503430498379204e-07,8.106823193713809e-06,0.0,0.0,0.0,-3.0897176121886806e-06,-1.0918573414420151e-05,0.0,True
mediation_aware_recourse,False,0.0,0.5,0.5,250,6.17751374056752e-06,1.095216367855301e-06,1.3220015462150056e-05,0.43954035021906607,0.40861328287143783,0.46976564843969576,0.028964059631762795,0.026815566738986597,0.031431035753250694,0.5274288379235268,0.5203087993097484,0.5348713677153766,0.09592852306365966,0.09228560954034327,0.09992530482113361,0.4190546828342045,0.40000293624560757,0.4387041529394249,0.419040907804019,0.4005482473342105,0.4378301942635347,0.45509102224886894,0.4417215357248518,0.46976812808296686,0.044,0.02,0.068,0.0,0.0,0.0,0.0,0.0,0.0,1.3775030185559479e-05,-8.188930060815113e-06,5.023416913466083e-05,3.28716770144899e-05,-1.992831356281699e-05,0.00012052700390977611,3.28716770144899e-05,-1.92041702921808e-05,0.00011952906772662306,0.0,0.0,0.0,0.0,0.0,0.0,3.28716770144899e-05,-2.039070852896674e-05,0.00012104738180882256,6.17751374056752e-06,1.095216367855301e-06,1.3220015462150056e-05,0.0,0.0,0.0,1.3775030185559479e-05,-8.549004319398757e-06,5.024317099112541e-05,False
mediation_aware_recourse,False,0.0,1.0,0.5,250,3.4797878234257953e-05,7.201815405926482e-06,8.608502507227058e-05,0.43947299739912293,0.4085546479182711,0.46969101987013545,0.028935173439253455,0.026778218258827303,0.031402250597934715,0.5274213707430363,0.5203016832197428,0.5348641697295129,0.09592852306365966,0.09228560954034327,0.09992530482113361,0.4190546828342045,0.40000293624560757,0.4387041529394249,0.41899556086635364,0.400507841261183,0.4378121010882247,0.4550678134954596,0.4417118801870912,0.4697617310424447,0.044,0.02,0.068,0.0,0.0,0.0,0.0,0.0,0.0,5.912196785087187e-05,7.023224263212986e-06,0.00012394965086868533,0.00014108413596758407,1.5235346482209145e-05,0.0003005981772434718,0.00014108413596758407,2.1748058849219154e-05,0.00030906536443318087,0.0,0.0,0.0,0.0,0.0,0.0,0.00014108413596758407,2.5368259458455333e-05,0.0003032653138666907,3.4797878234257953e-05,7.201815405926482e-06,8.608502507227058e-05,0.0,0.0,0.0,5.912196785087187e-05,1.047930564411944e-05,0.0001260172073357354,False
mediation_aware_recourse,False,0.0,2.0,0.5,250,4.7401900632848995e-05,1.1803467308902783e-05,9.972975280779792e-05,0.43951099085852396,0.4085912936283494,0.4696972425934092,0.028925658388172636,0.026770531026154388,0.03139259376098529,0.527419713829279,0.5203033859828889,0.5348542957790315,0.09592852306365966,0.09228560954034327,0.09992530482113361,0.4190546828342045,0.40000293624560757,0.4387041529394249,0.41896125755630964,0.40033490786227366,0.43783650843705396,0.4550648281248413,0.44170938967138806,0.469759315161007,0.048,0.024,0.072,0.0,0.0,0.0,0.0,0.0,0.0,9.34252778948459e-05,-3.642048867319785e-05,0.00025300701634535733,0.00022294292778923808,-6.900405630304029e-05,0.0006593807093644294,0.00022294292778923808,-5.7187219474419405e-05,0.0006462437388780188,0.0,0.0,0.0,0.0,0.0,0.0,0.00022294292778923808,-5.5900035188966016e-05,0.0006390474268412632,4.7401900632848995e-05,1.1803467308902783e-05,9.972975280779792e-05,0.004,0.0,0.012,9.34252778948459e-05,-2.3812554127992693e-05,0.0002668275169920231,False
mediation_aware_recourse,False,0.0,5.0,0.5,250,0.0010620993548041042,0.00024316432506358296,0.0021489304829840987,0.4392566911126733,0.40833105838877815,0.4692138345734099,0.02866487040717855,0.026605483027371788,0.030911742353272535,0.5274197079045772,0.5202934919362723,0.5348473428573072,0.09592852306365966,0.09228560954034327,0.09992530482113361,0.4190546828342045,0.40000293624560757,0.4387041529394249,0.41799785690860175,0.3992088278228606,0.4372914472883296,0.4546691852002484,0.4413011576556814,0.46953639153865767,0.052,0.028,0.08,0.0,0.0,0.0,0.0,0.0,0.0,0.001056825925602729,0.00019976776767797517,0.002141173887948987,0.0025219284472735026,0.00043179079955335266,0.005353377050750612,0.0025219284472735026,0.0003033186105619784,0.005204966672506431,0.0,0.0,0.0,0.0,0.0,0.0,0.0025219284472735026,0.0004671154775858499,0.005272463858133927,0.0010620993548041042,0.00024316432506358296,0.0021489304829840987,0.008,0.0,0.02,0.001056825925602729,0.0002008809031883441,0.002161098002278032,False
transport_anchor_only,False,1.0,0.0,0.5,250,0.1250972667170031,0.09343443789452358,0.1562927951803599,0.30183998691499003,0.27080317983441216,0.33254232819085316,0.02792332423380967,0.02577259960841165,0.030481644792345712,0.5156463578896522,0.5101726529412269,0.5219966786543846,0.09592852306365966,0.09228560954034327,0.09992530482113361,0.4190546828342045,0.40000293624560757,0.4387041529394249,0.31361079488577887,0.2880747905704113,0.3386505002481978,0.38178865106659576,0.3650630757554172,0.39996302421436863,0.124,0.088,0.168,0.0,0.0,0.0,0.0,0.0,0.0,0.08623762712277369,0.06397565283233433,0.10997148726998224,0.2516232183238568,0.1912721951673464,0.3157103034362489,0.2057908684840848,0.15842904975701516,0.2573919555393964,0.092,0.06,0.128,0.009603130412825959,0.005470086434283863,0.01417487443908914,0.03462149310647322,0.007810058417476007,0.06418671809068412,0.01263116292980385,0.00018002481786963927,0.026812661172404717,0.008,0.0,0.02,0.007726947531641952,-0.0025054517773615273,0.018987001558057374,False
mediation_aware_recourse,False,1.0,0.21613012769584658,0.5,250,0.12751192299847436,0.09471444161434141,0.15930476232667712,0.2995745468615021,0.26800652328294633,0.32923296215652315,0.027765429328672625,0.02560645651557865,0.030302336256562045,0.5153885317623614,0.5098289394866526,0.5216834643420577,0.09592852306365966,0.09228560954034327,0.09992530482113361,0.4190546828342045,0.40000293624560757,0.4387041529394249,0.31093243782745517,0.28606067382796063,0.33498482136014684,0.3802291725393957,0.36363836982054487,0.3987814604121249,0.124,0.088,0.168,0.0,0.0,0.0,0.0,0.0,0.0,0.08775870194107221,0.06513722801893707,0.1118795967696338,0.2580146444742797,0.19685305376333592,0.3201809904316479,0.209420644932378,0.16040638745291497,0.2600680465563299,0.096,0.064,0.136,0.010181771532838543,0.005819612133999921,0.014750550756475637,0.041012919256896097,0.012906609915664826,0.07306507691415384,0.015045819211275102,0.0005368163763234066,0.029823985065056284,0.008,0.0,0.02,0.009248022349940495,-0.001423258430348582,0.02050844404830512,True
mediation_aware_recourse,False,1.0,0.5,0.5,250,0.1365940099682234,0.10232274286902866,0.1709252857131749,0.2908268653470528,0.2588305125198017,0.32117370053527505,0.02744908373609583,0.025238662717279,0.03002803130296002,0.5148937366740703,0.509412321341151,0.5211157566408634,0.09592852306365966,0.09228560954034327,0.09992530482113361,0.4190546828342045,0.40000293624560757,0.4387041529394249,0.30306724000626023,0.277516397940217,0.3276788084422117,0.37524285328691975,0.3574649937168095,0.3935676518112813,0.128,0.088,0.172,0.0,0.0,0.0,0.0,0.0,0.0,0.0936292575164282,0.07120548267381688,0.11867533035753637,0.27678355016458256,0.21715323274403675,0.33834686723318286,0.22342968913551509,0.17313209169267973,0.27652543869049895,0.108,0.072,0.148,0.011179092655758031,0.006783897293863469,0.016050725710280545,0.05978182494719897,0.027334362742837726,0.09538750610697794,0.024127906181024172,0.009385411239697897,0.0415004319834096,0.012,0.0,0.028,0.015118577925296466,0.0036997237823749043,0.028272973604081788,False
mediation_aware_recourse,False,1.0,1.0,0.5,250,0.14889885936843758,0.1145378185048477,0.1839781503404179,0.28015717980658383,0.248967997723431,0.30976179025356815,0.026574815131544686,0.024451263358344903,0.029067446072140353,0.5128577765667438,0.5074329597358525,0.5186921783885658,0.09592852306365966,0.09228560954034327,0.09992530482113361,0.4190546828342045,0.40000293624560757,0.4387041529394249,0.28816393968138504,0.26028707590252415,0.31582755432532866,0.3691029173593727,0.3511912201812402,0.38680398820292317,0.132,0.09590000000000001,0.172,0.0,0.0,0.0,0.0,0.0,0.0,0.09852215639510836,0.07479012857915268,0.12381308932665681,0.31234764462614373,0.24288771770556156,0.382492200556599,0.23510572827577225,0.18531415742531654,0.2890148004258117,0.132,0.09590000000000001,0.176,0.01618429337885553,0.010149626997014403,0.022590423272141953,0.09534591940876014,0.05433104861523602,0.13801318282792185,0.036432755581238326,0.017859279238033425,0.056704300891945614,0.016,-9.999999999999431e-05,0.036,0.020011476803976653,0.005975559674040907,0.03541616196061667,False
mediation_aware_recourse,False,1.0,2.0,0.5,250,0.16937265301091656,0.13240011734942334,0.20744237225472276,0.262518997766535,0.2317229994214046,0.2923407783453552,0.025320759122495113,0.02315248931600702,0.027794315180677032,0.5111231634204387,0.5057177471581816,0.5168599590959906,0.09592852306365966,0.09228560954034327,0.09992530482113361,0.4190546828342045,0.40000293624560757,0.4387041529394249,0.26721200499722636,0.23844808264874845,0.296181476107923,0.3572683236130855,0.3401579199814264,0.3753837111947296,0.168,0.124,0.2160999999999999,0.0,0.0,0.0,0.0,0.0,0.0,0.11088185121470166,0.0860446783621183,0.1370544413705895,0.36234573686187255,0.2910658683769639,0.43639722299573375,0.2645999573725588,0.2101018206501815,0.3208580648170535,0.16,0.12,0.208,0.020480413311138198,0.01314874144845421,0.02734955135618395,0.14534401164448896,0.09157642904753806,0.20436690477109132,0.05690654922371732,0.033317612132194516,0.0839318591231012,0.052,0.024,0.084,0.03237117162356995,0.01587022566436715,0.051459511180534656,False
mediation_aware_recourse,False,1.0,5.0,0.5,250,0.2402758454153268,0.19857248886888376,0.2790171020944421,0.20752618067681416,0.1802193313939683,0.23313862157678258,0.021266359312677494,0.01933945610369036,0.023500832698523277,0.507965471937418,0.502585429428047,0.5137114165355264,0.09592852306365966,0.09228560954034327,0.09992530482113361,0.4190546828342045,0.40000293624560757,0.4387041529394249,0.20641453892498912,0.17554163898451125,0.23320023023196773,0.3206484056375717,0.3031025537113427,0.338298263465615,0.252,0.2,0.30809999999999993,0.0,0.0,0.0,0.0,0.0,0.0,0.15043778544816944,0.12385031394437124,0.17753055154100025,0.5074281534597351,0.4343693755125537,0.5801695695423784,0.35899320926498024,0.30618017423968175,0.413877583046722,0.232,0.184,0.284,0.031101179230522944,0.023241556373831528,0.039169780279525473,0.29042642824235154,0.22113921707190612,0.35944169557830513,0.12780974162812753,0.09495659238376118,0.16171524095906045,0.136,0.09190000000000001,0.18,0.07192710585703774,0.04971042492908196,0.09506044909455841,False
transport_anchor_only,False,3.0,0.0,0.5,250,0.5333585744833108,0.49425106612191305,0.5672321599747345,0.017419682825870062,0.01284612198212512,0.02285866490819891,0.019420712138162138,0.017346693525277488,0.021753354628073644,0.506518495821476,0.5019336290899575,0.5116074256179154,0.09592852306365966,0.09228560954034327,0.09992530482113361,0.4190546828342045,0.40000293624560757,0.4387041529394249,0.012721581042940534,-0.011493536042754675,0.033963618651260845,0.21598535024963553,0.20441883964702617,0.2273345957315904,0.572,0.504,0.632,0.0,0.0,0.0,0.0,0.0,0.0,0.2720004609618036,0.2466004853663181,0.2964627530467532,0.9696421933364393,0.9148289828347361,0.9982078534831434,0.6490810677073815,0.6085469482175122,0.6846926948463623,0.488,0.428,0.548,0.0671663204147302,0.056156342959272666,0.07920194623481883,0.02892764013787985,-0.011623634359164983,0.043768183512288096,0.0009351128805428744,-0.0012170181702822447,0.002711690316768363,0.016,0.004,0.032,-0.007163850296364618,-0.01171994698914425,-0.0025593322412378475,False
mediation_aware_recourse,False,3.0,0.21613012769584658,0.5,250,0.5334972659086343,0.4942988301251899,0.5672811506058381,0.017419280034245813,0.012850842995787507,0.02287281673089666,0.019348187204582076,0.01729527221949356,0.021693785908001476,0.5062595344974994,0.5016418187016487,0.5113251948583722,0.09592852306365966,0.09228560954034327,0.09992530482113361,0.4190546828342045,0.40000293624560757,0.4387041529394249,0.011745061005427096,-0.012473093258100242,0.033147840918460965,0.2169025961449451,0.20536025560719448,0.2279943087326919,0.576,0.508,0.636,0.0,0.0,0.0,0.0,0.0,0.0,0.2699104834647044,0.24511705288266547,0.2945015865175419,0.9719724859629503,0.9165745874700183,0.9989991302146717,0.6440937054782712,0.6035143824253405,0.6797051530792148,0.488,0.432,0.548,0.06869956918203647,0.05808262775462335,0.0801064313074387,0.03125793276439082,-0.014341863553121875,0.045916754962102756,0.0010738043058663607,-0.001142253190279007,0.002879461258230731,0.02,0.004,0.0360999999999999,-0.009253827793463738,-0.01374753412709855,-0.00480388194311005,True
mediation_aware_recourse,False,3.0,0.5,0.5,250,0.5334500823949929,0.49440838491664035,0.5675921129748807,0.017564452903855717,0.012999015125681045,0.02292237069304981,0.01912759459217754,0.01708258078435763,0.02146360140783159,0.505636710469246,0.501175822413671,0.5106729269983172,0.09592852306365966,0.09228560954034327,0.09992530482113361,0.4190546828342045,0.40000293624560757,0.4387041529394249,0.006627246524873261,-0.01824849765027282,0.028157382547425933,0.21550751099551874,0.20392056485848345,0.22696508444118396,0.576,0.508,0.64,0.0,0.0,0.0,0.0,0.0,0.0,0.2699880936774863,0.24586820406911933,0.29508314594327517,0.9841852464693843,0.9287033683512459,0.9990702571725083,0.6442789085459399,0.6042393818961546,0.6803225866694688,0.504,0.444,0.564,0.07121967131592245,0.060355763534756704,0.08350854649604282,0.04347069327082487,-0.026511454394785815,0.05958116120704656,0.0010266207922250033,-0.0009975965857505799,0.0024630682521965355,0.02,0.0,0.04,-0.009176217580681894,-0.014272021215474615,-0.0032931505246027713,False
mediation_aware_recourse,False,3.0,1.0,0.5,250,0.5372898476389236,0.4991738416132983,0.5708316945657134,0.016408584708677287,0.011948526978402558,0.021180837905913647,0.018746263922083187,0.01672375667181685,0.021046752002650448,0.5055062982065678,0.5009930051159383,0.5105593464502216,0.09592852306365966,0.09228560954034327,0.09992530482113361,0.4190546828342045,0.40000293624560757,0.4387041529394249,0.003178780253664058,-0.021404746748185384,0.02483542653416398,0.2140675864123076,0.20304945709757105,0.22571708474857485,0.572,0.5079,0.632,0.0,0.0,0.0,0.0,0.0,0.0,0.2710267195454025,0.246452267405723,0.29534594119200863,0.9924144022632919,0.9355516293749283,0.9989364419746223,0.6467574057694805,0.606316101689279,0.6829724043920044,0.516,0.456,0.572,0.07242459151756896,0.06182738728398446,0.08482293908143032,0.05169984906473246,-0.03421316908839799,0.06860776077237164,0.004866386036155745,-0.00011524467067793007,0.012577725205593733,0.016,-0.004,0.036,-0.008137591712765686,-0.014238493233712755,-0.0015743357045712426,False
mediation_aware_recourse,False,3.0,2.0,0.5,250,0.5378955745627172,0.4997939099772601,0.5710302234033937,0.016430973190688293,0.011957541089379591,0.021161233573399097,0.018521137779801383,0.016556268162328993,0.02069325853090152,0.5049365715959072,0.5005693999328613,0.509765963984847,0.09592852306365966,0.09228560954034327,0.09992530482113361,0.4190546828342045,0.40000293624560757,0.4387041529394249,-0.00044020094048181766,-0.024499415098468647,0.02156509769646439,0.2134700778676754,0.20232503925256187,0.22504836068974088,0.572,0.508,0.632,0.0,0.0,0.0,0.0,0.0,0.0,0.27071123709454664,0.24600795620439303,0.29511494623766477,0.9989495381903274,0.9397805061156448,0.9990860658166439,0.6460045626113462,0.6066737583906607,0.6830401378945234,0.528,0.468,0.588,0.0743918233400698,0.06355201324513267,0.08669814641934816,0.058234984991767935,-0.043170118561754775,0.07700886936628777,0.0054721129599493,0.00039177569167222836,0.013089751791296287,0.016,-0.008,0.04,-0.00845307416362151,-0.014683700251768229,-0.0014435249729588251,False
mediation_aware_recourse,False,3.0,5.0,0.5,250,0.5457844751946396,0.5085765405070124,0.5802203820413444,0.01548451337762529,0.011179867976543748,0.020260054269065696,0.017361550011347645,0.015522758737953035,0.019432210836430756,0.5036932545940875,0.4992142995304405,0.5083636025641918,0.09592852306365966,0.09228560954034327,0.09992530482113361,0.4190546828342045,0.40000293624560757,0.4387041529394249,-0.01280975853132381,-0.036635817648665914,0.008331904626603815,0.21012548145215357,0.19933407001789172,0.22125761358956367,0.58,0.516,0.64,0.0,0.0,0.0,0.0,0.0,0.0,0.2715571591308285,0.24751154113766427,0.2958544886329419,0.9694317733316158,0.921158916373331,0.9987767978949951,0.648023206170131,0.6086195407159777,0.6829468210388291,0.564,0.508,0.624,0.08015364111734988,0.06933341737503756,0.09138973112235795,0.02871722013305633,-0.06938317537108195,0.09660146512795947,0.013361013591871597,0.005448354851154727,0.024571751023919206,0.024,-0.008,0.056,-0.007607152127339664,-0.015429466432381985,0.00022261876344661328,False
transport_anchor_only,False,10.0,0.0,0.5,250,0.6050108271460048,0.5718529402289656,0.635106209790404,0.002912455645550659,0.0019958574275333214,0.004020198275961254,0.01831573529941448,0.016257384463575296,0.020515012592331947,0.5052555881924629,0.5004146141544401,0.5101034568807006,0.09592852306365966,0.09228560954034327,0.09992530482113361,0.4190546828342045,0.40000293624560757,0.4387041529394249,-0.023364895700677336,-0.04357500690848847,-0.005050055855991013,0.20369948824106274,0.19413019109054322,0.21390118928402552,0.716,0.6599,0.768,0.0,0.0,0.0,0.0,0.0,0.0,0.28375388070266605,0.2598486112413274,0.30675752372997306,0.944243802401508,0.8993238848468305,0.9919962711596056,0.6771285283904844,0.6415113640605616,0.7092012060782128,0.564,0.5079,0.624,0.07933284891610788,0.06769825077024474,0.09116408600163926,-0.020253098220295862,-0.036688295027213186,-0.002948568889119505,0.004342039585113525,0.0010199097931385041,0.009420632806420323,0.016,0.004,0.032,-0.002494086161508801,-0.006688244540757433,0.0015430347295638878,False
mediation_aware_recourse,False,10.0,0.21613012769584658,0.5,250,0.6050108252386562,0.5718529382262495,0.6351062096473529,0.002912455645550659,0.0019958574275333214,0.004020198275961254,0.01827579901792837,0.01618946548338237,0.020436138436396883,0.5052655239887237,0.5004146141544401,0.5101228316834093,0.09592852306365966,0.09228560954034327,0.09992530482113361,0.4190546828342045,0.40000293624560757,0.4387041529394249,-0.02417222143861347,-0.044470546125376875,-0.005702572771301681,0.20371273243237664,0.1941562350755587,0.21390152038880839,0.716,0.6599,0.768,0.0,0.0,0.0,0.0,0.0,0.0,0.2829465549647299,0.25885455134322427,0.3058709613362175,0.9423172620930309,0.8985374980852011,0.9916576406105804,0.6752019880820075,0.6399243703064988,0.7071215374251935,0.564,0.5079,0.624,0.080140174654044,0.0689209144284348,0.09190736619707396,-0.022179638528772916,-0.03851773630403902,-0.005748388876206655,0.004342037677764893,0.001019907933473587,0.00942063089907169,0.016,0.004,0.032,-0.0033014118994449345,-0.007236648685339984,0.000543662560430812,True
mediation_aware_recourse,False,10.0,0.5,0.5,250,0.6045752993444912,0.5713788764883648,0.6349235985058592,0.00297725814468427,0.0020586944050734893,0.004088585490385056,0.01812927980675568,0.016087945593712485,0.020255940260501124,0.5049357383499146,0.5002170386790454,0.509723533348143,0.09592852306365966,0.09228560954034327,0.09992530482113361,0.4190546828342045,0.40000293624560757,0.4387041529394249,-0.027719112291515812,-0.04723005803362561,-0.009321501030044711,0.20138487406758038,0.19096979284743745,0.21179270744949003,0.712,0.652,0.768,0.0,0.0,0.0,0.0,0.0,0.0,0.2845822201764246,0.2605300820786681,0.30738432177717495,0.9338532334156432,0.8898491407284131,0.9847495212223679,0.6791052142687003,0.6452360468565701,0.710352848032656,0.576,0.5199,0.6320999999999999,0.08109578747464784,0.06975769988830341,0.09284500182062548,-0.03064366720616063,-0.04972517935424739,-0.012285203292709284,0.003906511783599854,0.0006760470747947693,0.008764399781823156,0.012,-0.004,0.032,-0.0016657466877502294,-0.005854977183444646,0.0027880986754111503,False
mediation_aware_recourse,False,10.0,1.0,0.5,250,0.6075639219884761,0.575461362811178,0.6361618077893508,0.002702639729933268,0.001873705660101328,0.0036834109537623463,0.0179608305555177,0.015869644981708193,0.020133517995845056,0.5046931454191208,0.49993320349110953,0.5095494826601327,0.09592852306365966,0.09228560954034327,0.09992530482113361,0.4190546828342045,0.40000293624560757,0.4387041529394249,-0.03068118127983968,-0.05071653156399578,-0.012878046798873772,0.20026912059152233,0.18977812055111362,0.21041806210797986,0.716,0.656,0.772,0.0,0.0,0.0,0.0,0.0,0.0,0.28576740495359854,0.2614177998446111,0.3089647864738541,0.9267847788447733,0.8827629782859837,0.9752057843166995,0.6819334484484454,0.647644919517545,0.7127887760614179,0.584,0.524,0.64,0.08198422958022279,0.07094090500312814,0.09379005603839573,-0.03771212177703054,-0.057808025300492005,-0.01715871334434347,0.006895134427584708,0.001279882037639618,0.015235138749983158,0.016,-9.999999999999431e-05,0.036,-0.00048056191057628463,-0.004940537448528595,0.004712498489231712,False
mediation_aware_recourse,False,10.0,2.0,0.5,250,0.6106087842439302,0.5786491063866182,0.6397035688846139,0.0024626488744577475,0.001817248555516889,0.003134046253280773,0.017804234218074696,0.015726680430174944,0.01993618669948052,0.5038410789043903,0.49934134963505267,0.5084809553743779,0.09592852306365966,0.09228560954034327,0.09992530482113361,0.4190546828342045,0.40000293624560757,0.4387041529394249,-0.03455222468056265,-0.05324077582457221,-0.0169610471353636,0.19868000940202124,0.18840454180037133,0.20838297270882516,0.716,0.656,0.772,0.0,0.0,0.0,0.0,0.0,0.0,0.286470796225031,0.26208143976213966,0.31009791006045045,0.9175472173538914,0.8732510459788505,0.9655034008348677,0.6836119675063286,0.6492589067402068,0.7154508037251962,0.596,0.536,0.652,0.08356805564486805,0.07235780875026235,0.09562070374172356,-0.04694968326791238,-0.07010172826403231,-0.0260195456559431,0.009939996683038771,0.002589778591808863,0.02047788727919105,0.016,-9.999999999999431e-05,0.036,0.00022282936085616002,-0.004648503716376285,0.005722040088593124,False
mediation_aware_recourse,False,10.0,5.0,0.5,250,0.6122369016227313,0.5806200109667959,0.6428170542216162,0.00263309026065724,0.001953869384699436,0.0033576042687057466,0.0168199634017164,0.014909823315266586,0.01890680647259979,0.5033906233296395,0.4990175795484186,0.5078293317274034,0.09592852306365966,0.09228560954034327,0.09992530482113361,0.4190546828342045,0.40000293624560757,0.4387041529394249,-0.043310853733934444,-0.06286910927185982,-0.024895742102602765,0.1961073653424676,0.18597828333624575,0.2058471273381934,0.704,0.644,0.76,0.0,0.0,0.0,0.0,0.0,0.0,0.2857946886190294,0.2611048380721204,0.30944358904174624,0.8966462957984173,0.8518596043568004,0.942996367830216,0.6819985560979919,0.6472305409497224,0.7127334592714533,0.624,0.568,0.68,0.08828542397455476,0.07689487722399867,0.10028382012049694,-0.06785060482338656,-0.09409280292548541,-0.04105166914495492,0.011568114061839878,0.0037736047501908615,0.02256033216419164,0.004,-0.024,0.032,-0.00045327824514546886,-0.0059546187208234964,0.006005985551821867,False
transport_anchor_only,False,30.0,0.0,0.5,250,0.6287590858186595,0.5979660617150598,0.658791599190305,0.0014046285241786894,0.0009467960591354417,0.0018862061681435359,0.018487805610892118,0.016328562559793845,0.020827542567160018,0.5046481924548148,0.5002344282856643,0.5093063361243962,0.09592852306365966,0.09228560954034327,0.09992530482113361,0.4190546828342045,0.40000293624560757,0.4387041529394249,-0.027684995892120683,-0.047665482535608025,-0.009930447643963974,0.20504180622173931,0.19533409686133613,0.2146007706356864,0.772,0.716,0.824,0.0,0.0,0.0,0.0,0.0,0.0,0.2833706810859896,0.25973647155922086,0.3055998018972772,0.9339346461782077,0.8896218950376292,0.9834655767736541,0.676214090174248,0.6421473632915463,0.7078567572789084,0.58,0.524,0.636,0.08168449882016776,0.0699286096907003,0.0935138137046648,-0.0072184317761639916,-0.01622363243894914,0.0017905108739142107,-0.0003908181190490723,-0.0016805984735488893,0.00041615996360778795,0.0,-0.012,0.012,-6.029875429088194e-05,-0.0016427807499436308,0.002018725691989031,False
mediation_aware_recourse,False,30.0,0.21613012769584658,0.5,250,0.6287590839113109,0.5979660579003626,0.6587915989995702,0.0014046285241786894,0.0009467960591354417,0.0018862061681435359,0.01844786932940602,0.01629575606237727,0.020787606285673912,0.5046581282510757,0.5002446124768316,0.5093146963538765,0.09592852306365966,0.09228560954034327,0.09992530482113361,0.4190546828342045,0.40000293624560757,0.4387041529394249,-0.028492321630056817,-0.04856800336559778,-0.010223718891439013,0.20505505041305322,0.19533409686133613,0.21463984100006242,0.772,0.716,0.824,0.0,0.0,0.0,0.0,0.0,0.0,0.2825633553480535,0.25893984004685033,0.3050906432000534,0.9320081058697307,0.8881098190693084,0.9810055782972313,0.674287549865771,0.6399471644404384,0.7052763815164453,0.58,0.524,0.636,0.08249182455810389,0.07097459052354935,0.09409213194113196,-0.009144972084640934,-0.017776924097821337,-0.0019016228077887946,-0.0003908200263977051,-0.001680602240562439,0.0004161561965942381,0.0,-0.012,0.012,-0.0008676244922270151,-0.0018742488670392366,9.531795067354773e-05,True
mediation_aware_recourse,False,30.0,0.5,0.5,250,0.6289652735437267,0.597993955780752,0.6590994741559727,0.0014046285241786894,0.0009467960591354417,0.0018862061681435359,0.018361698157713654,0.016190245327247273,0.02073177191224253,0.5043012964682578,0.49988748433893326,0.5089229270763933,0.09592852306365966,0.09228560954034327,0.09992530482113361,0.4190546828342045,0.40000293624560757,0.4387041529394249,-0.031072416363298813,-0.05067265477241485,-0.012637026624730374,0.2038018519698178,0.19361681335419326,0.21351032931981115,0.772,0.716,0.824,0.0,0.0,0.0,0.0,0.0,0.0,0.2833192851786456,0.259554064570037,0.3054972302022525,0.9258511654060376,0.8798527506344266,0.9736611145356933,0.67609144291734,0.6419531454818103,0.7073300236718706,0.588,0.532,0.644,0.08340390700942886,0.0721000056612685,0.09523087562556028,-0.015301912548334018,-0.028713237125260523,-0.0043582284217377094,-0.00018463039398193358,-0.0015075383603572845,0.0007192199528217315,0.0,-0.012,0.012,-0.00011169466163496545,-0.0022104263088844156,0.0025722141225638273,False
mediation_aware_recourse,False,30.0,1.0,0.5,250,0.6289660293874331,0.5979954674681649,0.6591009480512002,0.0014046285241786894,0.0009467960591354417,0.0018862061681435359,0.018360560483724916,0.016190245327247273,0.020727278191886227,0.5043015490012169,0.49988748433893326,0.5089234384556354,0.09592852306365966,0.09228560954034327,0.09992530482113361,0.4190546828342045,0.40000293624560757,0.4387041529394249,-0.031079691741388474,-0.050672836656867094,-0.012644483887272275,0.20379909794476858,0.19361681335419326,0.2135102604691849,0.772,0.716,0.824,0.0,0.0,0.0,0.0,0.0,0.0,0.2833265605567352,0.25956170371703113,0.305518692567617,0.9258338040009807,0.8798362934910391,0.9736253439147836,0.6761088043223968,0.6419752503192095,0.7073461395060086,0.588,0.532,0.644,0.08340390700942886,0.0721000056612685,0.09523087562556028,-0.015319273953390944,-0.028747695372579186,-0.004375225328223431,-0.0001838745502755046,-0.0015072831732453778,0.0007199946926208212,0.0,-0.012,0.012,-0.00010441928354530595,-0.0021959140135272737,0.002586582994290905,False
mediation_aware_recourse,False,30.0,2.0,0.5,250,0.6293973904070445,0.59848089574771,0.6605103256786126,0.0014161593251844633,0.0009798228653143993,0.0019055651859099631,0.0180636090921354,0.0159762408602562,0.020261711494222966,0.503832414214611,0.49935201250739697,0.5084089868278503,0.09592852306365966,0.09228560954034327,0.09992530482113361,0.4190546828342045,0.40000293624560757,0.4387041529394249,-0.03416131889745341,-0.05412087690427231,-0.015869556470774527,0.20231522964731266,0.1926577427396983,0.2121368651335304,0.768,0.712,0.82,0.0,0.0,0.0,0.0,0.0,0.0,0.28415747280228887,0.26010397062169965,0.30632361634144323,0.918480044975493,0.872465644860003,0.9674328954900947,0.6780916296661775,0.6440549277543641,0.7095721379886,0.6,0.544,0.656,0.08452926446468452,0.07348831015275034,0.0962197967296474,-0.022673032978878682,-0.03917656573591167,-0.009627421481711633,0.00024748646933585403,-0.003415749335102737,0.003873794697667472,-0.004,-0.016,0.008,0.0007264929620083256,-0.0018482783637417907,0.003900885081005634,False
mediation_aware_recourse,False,30.0,5.0,0.5,250,0.6333103301194496,0.6017608302702895,0.6628983843990719,0.0014328772500847352,0.0009645353655554299,0.0019083864973462295,0.01693200912160532,0.015020093362951379,0.01904249345966139,0.5036433467230796,0.49920315384644864,0.508259079627794,0.09592852306365966,0.09228560954034327,0.09992530482113361,0.4190546828342045,0.40000293624560757,0.4387041529394249,-0.043491687220624464,-0.062117800641713086,-0.025502843402481445,0.1976560391885459,0.18810382380382087,0.2067831780730712,0.764,0.708,0.816,0.0,0.0,0.0,0.0,0.0,0.0,0.2869714865485066,0.26384948346747283,0.3094856260912179,0.8962147686156949,0.8504416298769849,0.9442384079713605,0.6848067765467365,0.6511527645951075,0.7159129248499744,0.628,0.5719,0.688,0.08778744175316117,0.07708255786219312,0.09987430537260727,-0.04493830933867671,-0.06622932371625881,-0.025988644993580997,0.004160426181741059,-0.0006169546602293848,0.009764514326490462,-0.008,-0.028,0.008,0.0035405067082260695,-0.00014419561180795912,0.008151492944761191,False
transport_anchor_only,False,0.0,0.0,1.0,250,6.451039513649448e-06,1.2754423103046977e-06,1.2944089062182225e-05,0.43954891501343457,0.408576397484434,0.4697366380924977,0.02898376504628259,0.02682957188298579,0.031450741167770496,0.5274222640020847,0.5203049574727536,0.5348602730508923,0.09592852306365966,0.09228560954034327,0.09992530482113361,0.4190546828342045,0.40000293624560757,0.4387041529394249,0.41905504290846307,0.4005787573266736,0.4378279544799598,0.4551015045472933,0.44173332211038835,0.46977701079868744,0.044,0.02,0.068,0.0,0.0,0.0,0.0,0.0,0.0,-3.600742585836425e-07,-1.0802227757509275e-06,0.0,-8.592536329121714e-07,-2.6189892342598498e-06,0.0,-8.592536329121714e-07,-2.6362832217630137e-06,0.0,0.0,0.0,0.0,0.0,0.0,0.0,-8.592536329121714e-07,-2.599543406561766e-06,0.0,6.451039513649448e-06,1.2754423103046977e-06,1.2944089062182225e-05,0.0,0.0,0.0,-3.600742585836425e-07,-1.0802227757509275e-06,0.0,False
mediation_aware_recourse,False,0.0,0.21613012769584658,1.0,250,8.022614576930209e-06,2.15593339228235e-06,1.529032926794116e-05,0.43956794040156943,0.4086139726260004,0.4697932386221991,0.02897019894485491,0.026816005781558103,0.03143717506634281,0.5274223384244442,0.5203051044569135,0.5348602730508923,0.09592852306365966,0.09228560954034327,0.09992530482113361,0.4190546828342045,0.40000293624560757,0.4387041529394249,0.4190577725518167,0.40058155521111105,0.4378306158822296,0.45510284207253654,0.44173335554851945,0.46977965241104286,0.044,0.02,0.068,0.0,0.0,0.0,0.0,0.0,0.0,-3.0897176121886806e-06,-8.909078577982399e-06,0.0,-7.373065470384077e-06,-2.252035114981843e-05,0.0,-7.373065470384077e-06,-2.14400703437978e-05,0.0,0.0,0.0,0.0,0.0,0.0,0.0,-7.373065470384077e-06,-2.5030525326980022e-05,0.0,8.022614576930209e-06,2.15593339228235e-06,1.529032926794116e-05,0.0,0.0,0.0,-3.0897176121886806e-06,-1.0918573414420151e-05,0.0,True
mediation_aware_recourse,False,0.0,0.5,1.0,250,1.3345056734124228e-05,5.227919378580737e-06,2.3942546854641477e-05,0.4395436524235168,0.4086197221701167,0.4697753073877141,0.028961243731252022,0.026812750838475827,0.03142814945522715,0.5274201643867492,0.520302925291282,0.534858104141134,0.09592852306365966,0.09228560954034327,0.09992530482113361,0.4190546828342045,0.40000293624560757,0.4387041529394249,0.4190411509559889,0.4005482473342105,0.43783091764064536,0.4550912313595631,0.4417215409526191,0.46976812808296686,0.044,0.02,0.068,0.0,0.0,0.0,0.0,0.0,0.0,1.353187821557822e-05,-8.549004319398757e-06,4.999101716467957e-05,3.229143777638832e-05,-2.0152255406230558e-05,0.00011985563630109997,3.229143777638832e-05,-1.9604299104913903e-05,0.00011905377938556116,0.0,0.0,0.0,0.0,0.0,0.0,3.229143777638832e-05,-2.10001187581077e-05,0.0001210468529917602,1.3345056734124228e-05,5.227919378580737e-06,2.3942546854641477e-05,0.0,0.0,0.0,1.353187821557822e-05,-8.67815705799269e-06,5.023416913466083e-05,False
mediation_aware_recourse,False,0.0,1.0,1.0,250,4.5713802272530304e-05,1.2664276167788558e-05,9.871598636532326e-05,0.43952690737203237,0.40860721014185786,0.46974419630825914,0.028931329822916997,0.026770531026154388,0.03139840698159826,0.5274112755997181,0.5202976325262308,0.5348454908211648,0.09592852306365966,0.09228560954034327,0.09992530482113361,0.4190546828342045,0.40000293624560757,0.4387041529394249,0.4190205940446401,0.40050846709064014,0.43783650843705396,0.4550876076920722,0.4417321692386191,0.4697815252390572,0.044,0.02,0.068,0.0,0.0,0.0,0.0,0.0,0.0,3.408878956439376e-05,-4.7867220296006346e-05,0.00011402547192960654,8.134687657912476e-05,-0.00010236458825107486,0.0002693794480688405,8.134687657912476e-05,-9.903484279100704e-05,0.00027396959407791077,0.0,0.0,0.0,0.0,0.0,0.0,8.134687657912476e-05,-9.534531562739312e-05,0.00028739924476665343,4.5713802272530304e-05,1.2664276167788558e-05,9.871598636532326e-05,0.0,0.0,0.0,3.408878956439376e-05,-4.002339944086148e-05,0.00011823756739315056,False
mediation_aware_recourse,False,0.0,2.0,1.0,250,9.337331255346725e-05,2.1918783043179247e-05,0.00020469896196576655,0.4395108592030479,0.4085910336087842,0.4696971076465463,0.028908438700811705,0.02675726174016244,0.03137537407362436,0.5274012851936818,0.5202781512344599,0.5348334719432354,0.09592852306365966,0.09228560954034327,0.09992530482113361,0.4190546828342045,0.40000293624560757,0.4387041529394249,0.4189525818848911,0.4003262321908551,0.43781959087778793,0.4550563259668511,0.44170110006734775,0.4697510255569666,0.048,0.024,0.072,0.0,0.0,0.0,0.0,0.0,0.0,0.0001021009493133287,-3.0120113561049005e-05,0.00027097232694558456,0.0002436458855986645,-5.209154374923863e-05,0.0006825268265114648,0.0002436458855986645,-3.217438905664948e-05,0.0006707213753952246,0.0,0.0,0.0,0.0,0.0,0.0,0.0002436458855986645,-4.034234065604658e-05,0.0006567325418132764,9.337331255346725e-05,2.1918783043179247e-05,0.00020469896196576655,0.004,0.0,0.012,0.0001021009493133287,-1.7062335182040723e-05,0.00027432344551310886,False
mediation_aware_recourse,False,0.0,5.0,1.0,250,0.001066546572543757,0.0002442744790679967,0.0021511724661090847,0.4392566911126733,0.40833105838877815,0.4692138345734099,0.02866487040717855,0.026605483027371788,0.030911742353272535,0.5274130032880306,0.5202897382240952,0.5348339848222196,0.09592852306365966,0.09228560954034327,0.09992530482113361,0.4190546828342045,0.40000293624560757,0.4387041529394249,0.41799785690860175,0.3992088278228606,0.4372914472883296,0.4546691852002484,0.4413011576556814,0.46953639153865767,0.052,0.028,0.08,0.0,0.0,0.0,0.0,0.0,0.0,0.001056825925602729,0.00019976776767797517,0.002141173887948987,0.0025219284472735026,0.00043179079955335266,0.005353377050750612,0.0025219284472735026,0.0003033186105619784,0.005204966672506431,0.0,0.0,0.0,0.0,0.0,0.0,0.0025219284472735026,0.0004671154775858499,0.005272463858133927,0.001066546572543757,0.0002442744790679967,0.0021511724661090847,0.008,0.0,0.02,0.001056825925602729,0.0002008809031883441,0.002161098002278032,False
transport_anchor_only,False,1.0,0.0,1.0,250,0.1591017146410636,0.1244944241605653,0.19596079526106566,0.27460675380481625,0.24472607818522568,0.30438213851708446,0.02709048632605491,0.02487964458802515,0.02970027843430065,0.5066033025598525,0.5013584504249036,0.511626756810689,0.09592852306365966,0.09228560954034327,0.09992530482113361,0.4190546828342045,0.40000293624560757,0.4387041529394249,0.2743305012469554,0.24726311894398625,0.3019068669148625,0.36005266567601846,0.3429642418735907,0.3789354720574921,0.14,0.1,0.184,0.0,0.0,0.0,0.0,0.0,0.0,0.10433765861290771,0.08116920494694486,0.1308539712373724,0.34535870261234625,0.2743028021904662,0.42055437849219585,0.24898339736293573,0.1979506454515865,0.3040075527037577,0.172,0.128,0.22,0.02019326148717067,0.01345291918409952,0.027151487863451514,0.12835697739496266,0.07980494313324192,0.18357562878888725,0.04663561085386436,0.024996735430924524,0.07280931083164699,0.024,0.004,0.048,0.025826979021775987,0.009474054104716353,0.04578536084010087,False
mediation_aware_recourse,False,1.0,0.21613012769584658,1.0,250,0.1620210662188224,0.1274043490646327,0.1988870448199634,0.2716681227775059,0.24062456742898425,0.3009902416661553,0.026879700552780435,0.024696162785050723,0.02942062769134659,0.5066535581965447,0.5015480528957248,0.5116770124473811,0.09592852306365966,0.09228560954034327,0.09992530482113361,0.4190546828342045,0.40000293624560757,0.4387041529394249,0.2708500711851444,0.24270003917248933,0.2981962592503562,0.35884969873379013,0.3418481139981841,0.3775817168573061,0.148,0.108,0.1920999999999999,0.0,0.0,0.0,0.0,0.0,0.0,0.10544010867351798,0.08249270769697091,0.13127383336872478,0.35366413434806077,0.2825421247966194,0.4293374563011465,0.25161419975166943,0.19936686051877328,0.3065437120396089,0.176,0.132,0.224,0.02138225148777105,0.014377868294495375,0.02848966880058728,0.13666240913067718,0.08612808753167828,0.1938925515058881,0.049554962431623155,0.026502956559606036,0.07576448118005051,0.032,0.012,0.056,0.02692942908238625,0.009687599983279995,0.046709587499297836,True
mediation_aware_recourse,False,1.0,0.5,1.0,250,0.1707103417610965,0.1338970383891529,0.21110851756580865,0.26376696764315405,0.2339314885527386,0.2935066009403982,0.026533592321707055,0.02430302028042194,0.029140416377492886,0.505984024794817,0.5009424642044961,0.5109527857944131,0.09592852306365966,0.09228560954034327,0.09992530482113361,0.4190546828342045,0.40000293624560757,0.4387041529394249,0.26202869079139895,0.2314051502313654,0.28917046540430985,0.3544533620593114,0.33683969224020804,0.372951533504727,0.156,0.116,0.2,0.0,0.0,0.0,0.0,0.0,0.0,0.10998234077852571,0.0860915149047587,0.13630951911866576,0.37471480089611975,0.3056521094200354,0.4531205114087926,0.26245343456056613,0.21336375043266265,0.3175501616369697,0.184,0.14,0.232,0.02352182563213993,0.01611084107391391,0.030619056672014602,0.15771307567873616,0.10490726443159962,0.21754357695346513,0.05824423797389727,0.03454477031716614,0.08606717534128293,0.04,0.016,0.068,0.031471661187393966,0.01424687827601257,0.052191944192865304,False
mediation_aware_recourse,False,1.0,1.0,1.0,250,0.1736562099077023,0.1367489013231947,0.21374915656683377,0.2612877699583027,0.2302724459683872,0.2901473534709077,0.026000990306505222,0.023883300555174375,0.028566844713340256,0.5059641591753959,0.5009890664361596,0.51101811439898,0.09592852306365966,0.09228560954034327,0.09992530482113361,0.4190546828342045,0.40000293624560757,0.4387041529394249,0.25586943403043433,0.22510727781357096,0.28450235344541736,0.35323837738247504,0.3366361627529584,0.3717254552673313,0.164,0.12,0.212,0.0,0.0,0.0,0.0,0.0,0.0,0.11002069082959669,0.08575465565479139,0.1353955823796397,0.38941277949716424,0.31545008846650663,0.46777726554798055,0.2625449501852376,0.21095832433398276,0.31679295062103785,0.2,0.156,0.252,0.026582278987086715,0.01872938228442971,0.03391844641962016,0.17241105427978065,0.11785969240383722,0.235818715630734,0.06119010612050306,0.03847249357121489,0.08975619494913173,0.048,0.02,0.08,0.03151001123846497,0.0146803639300769,0.05188553430367993,False
mediation_aware_recourse,False,1.0,2.0,1.0,250,0.19143840648243032,0.15067846834880147,0.2313199834692638,0.2467516356738445,0.2171978567053404,0.27686677673083226,0.024745783651742508,0.022651592415182772,0.027285685084406344,0.5046026852755546,0.4997621397476495,0.5094697788777709,0.09592852306365966,0.09228560954034327,0.09992530482113361,0.4190546828342045,0.40000293624560757,0.4387041529394249,0.23854949654521954,0.20881926904934264,0.2684854067793802,0.34280269981079403,0.32462203607936435,0.35975796486934064,0.188,0.14,0.236,0.0,0.0,0.0,0.0,0.0,0.0,0.12070252970515062,0.09567032085807733,0.14628816797608143,0.4307437517895495,0.35334397518690036,0.5113336973116868,0.28803527236302384,0.23735318107866477,0.34239041045974344,0.22,0.172,0.276,0.029901328291917148,0.021889139382063903,0.037581484443833954,0.2137420265721659,0.15103582319739237,0.27947880334816466,0.07897230269523106,0.05285559019369214,0.1091434449472376,0.072,0.04,0.108,0.042191850114018915,0.023706372065835566,0.06293798686154438,False
mediation_aware_recourse,False,1.0,5.0,1.0,250,0.2501123079032009,0.2071122047077637,0.28875908968154246,0.2016421197465404,0.17485716396904458,0.22638976169588487,0.021128805459660248,0.01920505758587537,0.02337792787883813,0.5036463047180175,0.4988956258260071,0.5085262316191376,0.09592852306365966,0.09228560954034327,0.09992530482113361,0.4190546828342045,0.40000293624560757,0.4387041529394249,0.19040609606913916,0.15826850766574205,0.2181122501733874,0.3144941799846066,0.29652234000042366,0.33208795339363356,0.264,0.212,0.32,0.0,0.0,0.0,0.0,0.0,0.0,0.15274884909193337,0.12532528943808702,0.17932922797212372,0.5456294754150934,0.46986591686708623,0.6241372015094453,0.36450815454165275,0.31473481418800164,0.41610447296630065,0.268,0.2199,0.324,0.03794986883656595,0.029077215522965487,0.04641822944285035,0.32862775019770984,0.25852204196230877,0.3995968817306909,0.13764620411600162,0.10435506442978963,0.1727903933256178,0.148,0.1,0.196,0.07423816950080168,0.0519833682133482,0.09870881555709361,False
transport_anchor_only,False,3.0,0.0,1.0,250,0.535277111503994,0.4956343478146126,0.5692426178624737,0.0176864290076198,0.013189856721593311,0.02305101620395292,0.019450426855107426,0.017438839779900454,0.021777417609617856,0.5025333461191654,0.4979921700292766,0.5076340283471464,0.09592852306365966,0.09228560954034327,0.09992530482113361,0.4190546828342045,0.40000293624560757,0.4387041529394249,-0.0022599829643795946,-0.02601031201366802,0.019178680348123665,0.2133930318453149,0.2022891699400325,0.22461310221415204,0.552,0.4879,0.612,0.0,0.0,0.0,0.0,0.0,0.0,0.26881638874672453,0.24423607922187957,0.29316054668081915,0.9946069497443756,0.9389174566273971,0.9988061863360367,0.6414828416392605,0.6011298263204022,0.6758831383667455,0.552,0.492,0.608,0.07624913852592977,0.06570310233607811,0.08808974808354636,0.053892396545816124,-0.04754060926652634,0.08190992857671862,0.002853649901226163,0.00044756570644676694,0.005098278657766059,-0.004,-0.028,0.02,-0.010347922511443656,-0.017428352454773165,-0.0030140105143812443,False
mediation_aware_recourse,False,3.0,0.21613012769584658,1.0,250,0.5353665702079888,0.49572604298620715,0.5693351714286488,0.017688341617774442,0.013171394117611335,0.023008257094202365,0.019197777680506383,0.017170468719542215,0.02156155735013201,0.5024490087478161,0.4979701520437717,0.5074715210096419,0.09592852306365966,0.09228560954034327,0.09992530482113361,0.4190546828342045,0.40000293624560757,0.4387041529394249,-0.0039021813771530855,-0.027035934911307385,0.017017495205809842,0.21296940546703946,0.20175142986148542,0.22444084264994757,0.552,0.488,0.612,0.0,0.0,0.0,0.0,0.0,0.0,0.2688051191713917,0.24444063531423496,0.2937204381312497,0.9906881332270019,0.9382724535276749,0.9991445916916799,0.6414559487878155,0.6016117539482075,0.6757054527148395,0.56,0.5039,0.616,0.07707587251998292,0.06641377900417193,0.08893438194217407,0.04997358002844243,-0.04957141052385373,0.08474462060211795,0.002943108605220914,0.00045095027373172347,0.005185853923065588,-0.004,-0.028099999999999997,0.024,-0.010359192086776468,-0.017777336770122863,-0.0027340251926681125,True
mediation_aware_recourse,False,3.0,0.5,1.0,250,0.5355138771270868,0.4959325609448482,0.5695722720081394,0.01769668766813345,0.013123115623492153,0.023006591040533306,0.01898747954992748,0.01692384032538736,0.02135094590881363,0.5023475009138584,0.49792372173060184,0.5073348500146687,0.09592852306365966,0.09228560954034327,0.09992530482113361,0.4190546828342045,0.40000293624560757,0.4387041529394249,-0.0073376175415333315,-0.030308136587282198,0.01418946106463404,0.2141356525284607,0.20270447907625197,0.22551494848637266,0.564,0.504,0.624,0.0,0.0,0.0,0.0,0.0,0.0,0.2653866864148706,0.24148283023614048,0.28969394493420214,0.9824900714820638,0.9300273173681289,0.9989390361015555,0.6332984626731131,0.5927066382115457,0.6684400538335419,0.564,0.504,0.62,0.08050280698043358,0.06961744190274337,0.0924272244023461,0.04177551828350434,-0.05992432494608564,0.08938091076895963,0.003090415524318814,0.0007398362934589387,0.00533540086862631,0.008,-0.016,0.032,-0.013777624843297535,-0.02082554786327601,-0.0065805914692632795,False
mediation_aware_recourse,False,3.0,1.0,1.0,250,0.5364198423929046,0.49633222374284525,0.5710780262133572,0.017454879980270597,0.013083697905642289,0.02273727158031624,0.01874965541588731,0.016685454408778534,0.021076025605973377,0.5023670721268654,0.49794546403599976,0.5073349099169433,0.09592852306365966,0.09228560954034327,0.09992530482113361,0.4190546828342045,0.40000293624560757,0.4387041529394249,-0.008902815714457562,-0.0323691182047491,0.012249112433428097,0.2131898343784028,0.20195217186592723,0.22497648083378055,0.564,0.504,0.624,0.0,0.0,0.0,0.0,0.0,0.0,0.26601086574004784,0.24165592197716498,0.29013699269223625,0.97875500243967,0.9265588327573573,0.9991757043576405,0.6347879564092425,0.5953076705486017,0.6696701356072146,0.564,0.504,0.62,0.08097331640430706,0.07029643796091423,0.09290978608767654,0.0380404492411105,-0.06358257173096785,0.0923964233933999,0.0039963807901367545,0.001234024507086724,0.007095082272519356,0.008,-0.016,0.032,-0.013153445518120286,-0.02074241779623688,-0.0057855373769488926,False
mediation_aware_recourse,False,3.0,2.0,1.0,250,0.5395769551922567,0.501431782715232,0.5734553389493027,0.016545039657013618,0.012248605308921462,0.02129807602997984,0.01836760937588625,0.016410200675562824,0.020532805752642724,0.5025275632464885,0.49822239086927766,0.5074462892003775,0.09592852306365966,0.09228560954034327,0.09992530482113361,0.4190546828342045,0.40000293624560757,0.4387041529394249,-0.011520244121581466,-0.035226732547732016,0.00984220770938708,0.2132343445534128,0.20229563950061033,0.22455848743311077,0.572,0.508,0.632,0.0,0.0,0.0,0.0,0.0,0.0,0.2654479422170885,0.24157289320068814,0.2891232735704274,0.9725089717559859,0.921167118159014,0.9985452572925445,0.6334446388279853,0.594954059918656,0.6695614799236375,0.572,0.516,0.628,0.08256349236934869,0.07159432816846963,0.09432042552610462,0.031794418557426485,-0.06940328169637791,0.09627321457229727,0.00715349358948879,0.001928872727206908,0.015088501235051077,0.016,-0.008,0.044,-0.013716369041079644,-0.021191913585964547,-0.005781516682976094,False
mediation_aware_recourse,False,3.0,5.0,1.0,250,0.5467293973549968,0.5101161597712227,0.5798183509377385,0.015849170789312087,0.01145304669374676,0.020552193548281885,0.01724510631882131,0.015400521997903423,0.01933193658435083,0.5018588004937171,0.49738295427176354,0.5066892472209156,0.09592852306365966,0.09228560954034327,0.09992530482113361,0.4190546828342045,0.40000293624560757,0.4387041529394249,-0.021597851109350773,-0.044884909892006566,-0.00039046224824024125,0.21157386333793113,0.2007241905901695,0.22261941219547723,0.584,0.52,0.64,0.0,0.0,0.0,0.0,0.0,0.0,0.26544430175608386,0.2419293369588379,0.28915202995071904,0.9484605422774961,0.898889027325069,0.9942140194326708,0.6334359515106642,0.5971589917321157,0.6678541782882147,0.608,0.548,0.664,0.08760411609373567,0.07667024989792295,0.09865256260662868,0.007745989078936644,-0.08857094120402031,0.0956445632953538,0.014305935752228834,0.006029671088332543,0.025649287750010262,0.028,-0.004,0.06,-0.01372000950208427,-0.022314385166692687,-0.005446844464035818,False
transport_anchor_only,False,10.0,0.0,1.0,250,0.6089076173971407,0.5754831644518301,0.6390301053050207,0.002704798978663194,0.0018970085347722707,0.0036269071083007928,0.01798410873178966,0.01595270300439785,0.020174551413374354,0.5026982392416,0.4982865848936676,0.5071390320410967,0.09592852306365966,0.09228560954034327,0.09992530482113361,0.4190546828342045,0.40000293624560757,0.4387041529394249,-0.035599114562373406,-0.05453880258655957,-0.017146517259586092,0.20123385065212088,0.19086296623138654,0.21137916845268206,0.72,0.664,0.772,0.0,0.0,0.0,0.0,0.0,0.0,0.2827462677602547,0.25878539215417173,0.3054895936582946,0.9150489995205282,0.8692477808756425,0.9647699265355899,0.6747240380371097,0.6407546349553837,0.7075540145696994,0.608,0.556,0.664,0.0859537648181616,0.07503388056868156,0.09791630589475611,-0.049447901101275615,-0.07336021734523417,-0.0265219714878952,0.008238829836249352,0.0025612308889627453,0.015790299269557,0.02,0.004,0.04,-0.003501699103920192,-0.00890255101739022,0.002329482147036746,False
mediation_aware_recourse,False,10.0,0.21613012769584658,1.0,250,0.6088088243673555,0.5754806946260855,0.6390276354792761,0.0027166626836275035,0.0019175981124513423,0.0036571359196543945,0.017944005106565037,0.01591540130292189,0.020135231793746433,0.5026803399488925,0.4982865848936676,0.5071389910640955,0.09592852306365966,0.09228560954034327,0.09992530482113361,0.4190546828342045,0.40000293624560757,0.4387041529394249,-0.03605366760801885,-0.05513697435328948,-0.017234247026974504,0.20073149983120375,0.19048038220942995,0.21108830757140823,0.716,0.656,0.7680999999999999,0.0,0.0,0.0,0.0,0.0,0.0,0.2832008208059001,0.2592399451998172,0.3063986997495854,0.9139642889463111,0.8680893929942364,0.9638620694887502,0.6758087486113267,0.6418322518583934,0.7082603943440744,0.608,0.556,0.664,0.0859537648181616,0.07503388056868156,0.09791630589475611,-0.05053261167549272,-0.07378090487903706,-0.02738763170568801,0.008140036806464196,0.00246045646071434,0.015691506239771842,0.016,0.0,0.036,-0.003047146058274753,-0.008448295266787448,0.002784108491884895,True
mediation_aware_recourse,False,10.0,0.5,1.0,250,0.6083556025694125,0.5754806927187369,0.6386013615830568,0.0027753435146390328,0.0019390373399366426,0.003689465484967595,0.01786443740838338,0.015859385880362252,0.020054571041584063,0.5025761885209084,0.49820426812450286,0.5070168093755543,0.09592852306365966,0.09228560954034327,0.09992530482113361,0.4190546828342045,0.40000293624560757,0.4387041529394249,-0.038144390373996084,-0.05715080111611752,-0.019148378659979974,0.20056847427736638,0.1901721175049544,0.21093451156505547,0.716,0.656,0.7680999999999999,0.0,0.0,0.0,0.0,0.0,0.0,0.282047523449395,0.257766434002031,0.30529211016948954,0.9089751482646298,0.8622239498015543,0.9562828473276792,0.6730566081300295,0.6389489343442188,0.7058099117555612,0.612,0.56,0.668,0.08757577487940278,0.07605384421255953,0.09979941592853188,-0.05552175235717405,-0.07874381350894194,-0.03275651070211851,0.00768681500852108,0.0021784112393856045,0.01521952543854713,0.016,0.0,0.036,-0.004200443414779866,-0.009687039363159233,0.0012783307246896592,False
mediation_aware_recourse,False,10.0,1.0,1.0,250,0.6113270905469544,0.579358425292687,0.6406512213927461,0.0024846721640594607,0.001828354721652863,0.0031579108128795517,0.01778963402286611,0.015775272926976093,0.0199510923710457,0.5025576350641251,0.4982128796314478,0.5069692423613549,0.09592852306365966,0.09228560954034327,0.09992530482113361,0.4190546828342045,0.40000293624560757,0.4387041529394249,-0.0399710240733543,-0.05923883064893833,-0.021940061533989107,0.19957142976719647,0.18929153414025496,0.2094361211722976,0.72,0.66,0.776,0.0,0.0,0.0,0.0,0.0,0.0,0.2827043959608054,0.25847442176282437,0.30614842091225614,0.9046162095051244,0.8591922141969033,0.9514506273767702,0.6746241183818368,0.640954069060813,0.7072749263333864,0.616,0.56,0.672,0.08816065547337669,0.07636287381175151,0.10023229932638975,-0.059880691116679374,-0.08452953488816763,-0.03742628951533046,0.010658302986063063,0.0031385281818686055,0.020946600439841857,0.02,0.0,0.044,-0.003543570903369458,-0.009169265850478031,0.002570577513392354,False
mediation_aware_recourse,False,10.0,2.0,1.0,250,0.6114167931531556,0.5794503704640432,0.6407409239989472,0.0024904743175733785,0.0018396689210050021,0.0031651524456103885,0.01777234446500268,0.015757983369112664,0.019950660132099115,0.502430362131834,0.4980495997223139,0.5068833388871611,0.09592852306365966,0.09228560954034327,0.09992530482113361,0.4190546828342045,0.40000293624560757,0.4387041529394249,-0.04103313824797902,-0.060272783974399266,-0.023005127689514515,0.1997804692398707,0.1894854174696368,0.20954970176574655,0.72,0.66,0.776,0.0,0.0,0.0,0.0,0.0,0.0,0.2822299032870908,0.2578977367506493,0.3054130115105058,0.9020816615854084,0.85833782094596,0.9489642989821561,0.6734918254063581,0.6390353691808095,0.7062605494343875,0.62,0.568,0.676,0.08892895889754635,0.07763590741805373,0.1005657390009498,-0.06241523903639545,-0.08656588608190321,-0.03793941264493896,0.010748005592264236,0.0033147562223253776,0.021040788176353086,0.02,0.0,0.044,-0.004018063577084069,-0.009506651876906221,0.0016928610219854449,False
mediation_aware_recourse,False,10.0,5.0,1.0,250,0.6142372301635333,0.5823065382617176,0.6447821460769628,0.00262556474432054,0.0019481035939165215,0.0032959113655605487,0.016670737054172,0.014759004460708226,0.018767204236884272,0.5018149075329303,0.49748565316404103,0.5061795244945526,0.09592852306365966,0.09228560954034327,0.09992530482113361,0.4190546828342045,0.40000293624560757,0.4387041529394249,-0.05132588310155472,-0.07017466188293528,-0.031820711394266156,0.1970742381900474,0.18733110964049624,0.2067308020229519,0.704,0.644,0.76,0.0,0.0,0.0,0.0,0.0,0.0,0.280957263106256,0.2574518811166569,0.30423321829592126,0.8775198435812221,0.8329845732879558,0.9243179283960147,0.6704548943494671,0.6366692524317494,0.7020566423412227,0.66,0.604,0.716,0.09471165141475157,0.08367784007449568,0.10598339776277606,-0.08697705704058167,-0.11439115508368031,-0.05819409485061054,0.01356844260264188,0.005452830222900957,0.024575097629986702,0.004,-0.024,0.032,-0.005290703757918838,-0.012073336508898068,0.002020244830222225,False
transport_anchor_only,False,30.0,0.0,1.0,250,0.6305524512971752,0.5991787654294051,0.6610662958294502,0.0013690741778322,0.0009232406165403657,0.001858862478999485,0.018352315337047013,0.016167174532605882,0.020677339711390977,0.5035725225610733,0.4991264727383733,0.508185593049699,0.09592852306365966,0.09228560954034327,0.09992530482113361,0.4190546828342045,0.40000293624560757,0.4387041529394249,-0.033782602044735224,-0.0529647337467111,-0.015163175920367679,0.20223462034655826,0.19268721700089583,0.2119936086510907,0.772,0.716,0.824,0.0,0.0,0.0,0.0,0.0,0.0,0.2849486270264202,0.26085075541177144,0.30690774592250497,0.9193837858671513,0.8728015754309353,0.9690798174860397,0.6799795795126762,0.6471674384203359,0.7122618730877711,0.6,0.544,0.656,0.08394432892625975,0.07261634183695202,0.09564104063137627,-0.021769292087220338,-0.038835584285245243,-0.006927182499983613,0.0014025473594665527,-0.0007673350214958191,0.004583399963378906,0.0,-0.012,0.012,0.0015176471861396963,-0.001908918688133352,0.005635467614376929,False
mediation_aware_recourse,False,30.0,0.21613012769584658,1.0,250,0.6305524512971752,0.5991787654294051,0.6610662958294502,0.0013690741778322,0.0009232406165403657,0.001858862478999485,0.018352315337047013,0.016167174532605882,0.020677339711390977,0.5035725225610733,0.4991264727383733,0.508185593049699,0.09592852306365966,0.09228560954034327,0.09992530482113361,0.4190546828342045,0.40000293624560757,0.4387041529394249,-0.033782602044735224,-0.0529647337467111,-0.015163175920367679,0.20223462034655826,0.19268721700089583,0.2119936086510907,0.772,0.716,0.824,0.0,0.0,0.0,0.0,0.0,0.0,0.2849486270264202,0.26085075541177144,0.30690774592250497,0.9193837858671513,0.8728015754309353,0.9690798174860397,0.6799795795126762,0.6471674384203359,0.7122618730877711,0.6,0.544,0.656,0.08394432892625975,0.07261634183695202,0.09564104063137627,-0.021769292087220338,-0.038835584285245243,-0.006927182499983613,0.0014025473594665527,-0.0007673350214958191,0.004583399963378906,0.0,-0.012,0.012,0.0015176471861396963,-0.001908918688133352,0.005635467614376929,True
mediation_aware_recourse,False,30.0,0.5,1.0,250,0.6305524493898265,0.5991787634743727,0.6610662882477394,0.0013690741778322,0.0009232406165403657,0.001858862478999485,0.01831237905556091,0.016108916262161026,0.020655075123640936,0.5035824583573342,0.49913640853463415,0.508185593049699,0.09592852306365966,0.09228560954034327,0.09992530482113361,0.4190546828342045,0.40000293624560757,0.4387041529394249,-0.03458992778267136,-0.05382474901662253,-0.0160538914011694,0.20224786453787214,0.19268854142002723,0.21201943482415284,0.772,0.716,0.824,0.0,0.0,0.0,0.0,0.0,0.0,0.2841413012884841,0.2605095913689407,0.3061004232284965,0.9174572455586744,0.8725562658779443,0.9664142765079786,0.6780530392041992,0.6460257187999485,0.7099885959132541,0.6,0.544,0.656,0.08475165466419586,0.07364618341066856,0.0967137165656872,-0.02369583239569728,-0.040315247107256535,-0.010062157771369868,0.00140254545211792,-0.0007673406481742859,0.004583398103713989,0.0,-0.012,0.012,0.0007103214482035631,-0.0024453088352187065,0.004486936423752364,False
mediation_aware_recourse,False,30.0,1.0,1.0,250,0.6306108100232668,0.5993125679134974,0.6612864795013913,0.0013647361260423461,0.0009119750221660384,0.0018480713752865303,0.01830185201501915,0.01610220458664446,0.020643259383824983,0.5036630287213326,0.4992161055992365,0.5082161414963663,0.09592852306365966,0.09228560954034327,0.09992530482113361,0.4190546828342045,0.40000293624560757,0.4387041529394249,-0.03495449983294502,-0.054722962634576426,-0.01642891895914445,0.20247319474249462,0.19286262314462196,0.21229259962004512,0.772,0.716,0.824,0.0,0.0,0.0,0.0,0.0,0.0,0.2835648544910108,0.2594536868477496,0.3053504384328931,0.9165872587402287,0.871214367107368,0.9663439241466928,0.6766774507163802,0.6441834915437346,0.7072706687124618,0.6,0.544,0.656,0.08522216408806935,0.07420079311652962,0.0969229013177567,-0.024565819214142914,-0.04096347810302832,-0.010929016543591626,0.0014609060855582357,-0.0007174571113893763,0.004634376341802999,0.0,-0.012,0.012,0.00013387465073023508,-0.0030315875952693907,0.0038024167261837935,False
mediation_aware_recourse,False,30.0,2.0,1.0,250,0.6321808038172312,0.6013839017995168,0.6654196853734553,0.0013458459004192336,0.000922259715677759,0.0018289059902867894,0.017997354978159914,0.01590303648917546,0.020216711101455127,0.503189849364996,0.49869023129704,0.5077511797031462,0.09592852306365966,0.09228560954034327,0.09992530482113361,0.4190546828342045,0.40000293624560757,0.4387041529394249,-0.036832336565479275,-0.05615682600100836,-0.01820313990955603,0.20273365546104918,0.19288593715827104,0.21262133428563287,0.772,0.716,0.824,0.0,0.0,0.0,0.0,0.0,0.0,0.282275322655609,0.25797377224065726,0.3041925140740187,0.9121061329839579,0.8675844584001831,0.9610611023182297,0.6736002107087511,0.6408656765757856,0.7051849934405402,0.608,0.552,0.664,0.08680584837203739,0.07550820441248071,0.09855178289083467,-0.029046944970413713,-0.0470796384059807,-0.013603507878246924,0.0030308998795226215,-0.0029100930867018175,0.011912196207302616,0.0,-0.016,0.016,-0.0011556571846715697,-0.004629994382883874,0.002772801529047387,False
mediation_aware_recourse,False,30.0,5.0,1.0,250,0.6342704310682602,0.6030341809416888,0.6668379803266609,0.0013885349515810152,0.0009532619854174601,0.0018771549574893133,0.017134993224818894,0.015169664002563341,0.019305151628350413,0.5027298224902153,0.49831580290448074,0.5072939025342822,0.09592852306365966,0.09228560954034327,0.09992530482113361,0.4190546828342045,0.40000293624560757,0.4387041529394249,-0.04593263823281051,-0.06478039155137635,-0.027717245452858124,0.1992067516670682,0.1895297712730187,0.20847448991928813,0.768,0.712,0.82,0.0,0.0,0.0,0.0,0.0,0.0,0.28422982627026305,0.26144184766152356,0.3062380397169554,0.890389870071006,0.8430698354969152,0.9392421478624083,0.6782642884406478,0.6448980685550801,0.7090205533994101,0.64,0.584,0.696,0.09037874739837597,0.07913601214731651,0.1024539771012964,-0.050763207883365635,-0.07250001800773091,-0.030701045292219648,0.005120527130551636,-0.0016630152062978595,0.014519184484658759,-0.004,-0.024,0.016,0.0007988464299825242,-0.003513799692236867,0.00578955201506761,False
transport_anchor_only,False,0.0,0.0,2.0,250,4.86635290403683e-05,2.0538837938568124e-05,8.004154646914685e-05,0.4396151362970104,0.4086463650318739,0.469830676931955,0.028980028054938538,0.02682758631601516,0.031444011253410495,0.5273928943855762,0.5202756804493786,0.5348304307231426,0.09592852306365966,0.09228560954034327,0.09992530482113361,0.4190546828342045,0.40000293624560757,0.4387041529394249,0.41908628505457896,0.4005746488658524,0.437878268884046,0.45512905613326654,0.4417812172613596,0.46981495398763456,0.044,0.02,0.068,0.0,0.0,0.0,0.0,0.0,0.0,-3.1602220374473024e-05,-0.0001094206164275079,2.140168595174125e-05,-7.541311830894237e-05,-0.0002464633277860728,5.204825455590589e-05,-7.541311830894237e-05,-0.00025027091223451257,5.137431042258611e-05,0.0,0.0,0.0,0.0,0.0,0.0,-7.541311830894237e-05,-0.00025279054719806737,5.662690099173804e-05,4.86635290403683e-05,2.0538837938568124e-05,8.004154646914685e-05,0.0,0.0,0.0,-3.1602220374473024e-05,-0.00010659063900121504,2.3525496629259194e-05,False
mediation_aware_recourse,False,0.0,0.21613012769584658,2.0,250,5.0235104103649064e-05,2.3510420670334044e-05,8.197993271118092e-05,0.4396341616851453,0.40868394017344034,0.46983376217563433,0.028966461953510853,0.026814020214587477,0.03143044515198281,0.5273929688079356,0.5202758274335385,0.5348304307231426,0.09592852306365966,0.09228560954034327,0.09992530482113361,0.4190546828342045,0.40000293624560757,0.4387041529394249,0.4190890146979326,0.40057744675028983,0.4378835916885856,0.45513039365850977,0.4417812506994907,0.46981759559999003,0.044,0.02,0.068,0.0,0.0,0.0,0.0,0.0,0.0,-3.433186372807806e-05,-0.00011404635297905529,1.9010153221966096e-05,-8.192693014641428e-05,-0.0002555879236395775,5.010262901959383e-05,-8.192693014641428e-05,-0.00025559512636783575,4.545755889885372e-05,0.0,0.0,0.0,0.0,0.0,0.0,-8.192693014641428e-05,-0.00026195724887156376,5.02008378957086e-05,5.0235104103649064e-05,2.3510420670334044e-05,8.197993271118092e-05,0.0,0.0,0.0,-3.433186372807806e-05,-0.00011226805635620633,2.1067591070101975e-05,True
mediation_aware_recourse,False,0.0,0.5,2.0,250,4.9648071927094865e-05,2.2871479631999134e-05,8.072168705037937e-05,0.43960908705835877,0.40868325041887776,0.46980629777091687,0.028957400114915564,0.026805255786619735,0.0314243058388907,0.5273947463316917,0.5202795329045474,0.5348323586703956,0.09592852306365966,0.09228560954034327,0.09992530482113361,0.4190546828342045,0.40000293624560757,0.4387041529394249,0.4190719464652417,0.4005437420778476,0.43785008541391424,0.455118370349949,0.44176922230380755,0.46980586269989855,0.044,0.02,0.068,0.0,0.0,0.0,0.0,0.0,0.0,-1.7263631037190086e-05,-0.00010052649081687887,5.268788351476521e-05,-4.11966068973868e-05,-0.00022840854389141185,0.0001197089220270453,-4.11966068973868e-05,-0.00022671100457092864,0.00012073456323181131,0.0,0.0,0.0,0.0,0.0,0.0,-4.11966068973868e-05,-0.00022119961920116782,0.00012317109106910464,4.9648071927094865e-05,2.2871479631999134e-05,8.072168705037937e-05,0.0,0.0,0.0,-1.7263631037190086e-05,-9.20086091392873e-05,5.20508468237512e-05,False
mediation_aware_recourse,False,0.0,1.0,2.0,250,7.479226746045242e-05,3.188688165378153e-05,0.00013246480339183792,0.4395457074120546,0.40862545154512175,0.46977040969116995,0.028932467496905732,0.026770531026154388,0.03139957309743672,0.5273889955384732,0.520271286593157,0.5348211612837137,0.09592852306365966,0.09228560954034327,0.09992530482113361,0.4190546828342045,0.40000293624560757,0.4387041529394249,0.41903363175369607,0.4005246164857324,0.4378306042949569,0.4550978475642499,0.44176245661668406,0.4697884898368965,0.044,0.02,0.068,0.0,0.0,0.0,0.0,0.0,0.0,2.105108050844473e-05,-6.92107585124445e-05,0.00010907041045985218,5.023468623721605e-05,-0.00015939402704255313,0.00025702620217629143,5.023468623721605e-05,-0.00015741570543985616,0.00025777125379226884,0.0,0.0,0.0,0.0,0.0,0.0,5.023468623721605e-05,-0.00014713034291857218,0.00026838501275800174,7.479226746045242e-05,3.188688165378153e-05,0.00013246480339183792,0.0,0.0,0.0,2.105108050844473e-05,-6.280478486990906e-05,0.0001104137829441152,False
mediation_aware_recourse,False,0.0,2.0,2.0,250,0.00012320762144781838,4.239797490523643e-05,0.00023162260597640625,0.4395223838649805,0.40860199963395855,0.4697475408686834,0.028908438700811705,0.02675726174016244,0.03137537407362436,0.5273792576653957,0.5202613967000186,0.5348092393747925,0.09592852306365966,0.09228560954034327,0.09992530482113361,0.4190546828342045,0.40000293624560757,0.4387041529394249,0.4189583442158574,0.40032110110503505,0.43780618400711424,0.45506367076062443,0.44172849236700834,0.46975295173046316,0.048,0.024,0.072,0.0,0.0,0.0,0.0,0.0,0.0,9.63386183470385e-05,-4.534870739244728e-05,0.00025984314958092685,0.00022989510031368177,-8.819112008836004e-05,0.0007050582119837527,0.00022989510031368177,-8.091262487337491e-05,0.0006701671634680657,0.0,0.0,0.0,0.0,0.0,0.0,0.00022989510031368177,-8.568059933269921e-05,0.0006602694340704095,0.00012320762144781838,4.239797490523643e-05,0.00023162260597640625,0.004,0.0,0.012,9.63386183470385e-05,-3.680740036745722e-05,0.0002775486506197058,False
mediation_aware_recourse,False,0.0,5.0,2.0,250,0.0011283200415168721,0.00030318423944816005,0.0022045757776847836,0.43926689476360026,0.4083381274314859,0.4692518958576768,0.02865998884429699,0.026595719901608656,0.030897341742771922,0.5273848598999977,0.5202609108736933,0.5348042106092096,0.09592852306365966,0.09228560954034327,0.09992530482113361,0.4190546828342045,0.40000293624560757,0.4387041529394249,0.4180022982285624,0.39921491113267776,0.4372857239094609,0.45467539392455697,0.44132854995534193,0.4695371816426893,0.052,0.028,0.08,0.0,0.0,0.0,0.0,0.0,0.0,0.0010523846056420588,0.0001857128060056347,0.002154123824964009,0.002511330021477076,0.0004064411063813889,0.005367175444889237,0.002511330021477076,0.00028798275543664157,0.0052153354354479205,0.0,0.0,0.0,0.0,0.0,0.0,0.002511330021477076,0.0004735267097405405,0.005253967584090207,0.0011283200415168721,0.00030318423944816005,0.0022045757776847836,0.008,0.0,0.02,0.0010523846056420588,0.00019891533128812015,0.0021509214852270635,False
transport_anchor_only,False,1.0,0.0,2.0,250,0.19691696479797657,0.15775571125316484,0.23737719125416482,0.24681753193168549,0.21910403344617507,0.2739882156730568,0.026807808784170273,0.02479150046718129,0.0293597707304022,0.4996063611388207,0.4946557866032481,0.5046547393232345,0.09592852306365966,0.09228560954034327,0.09992530482113361,0.4190546828342045,0.40000293624560757,0.4387041529394249,0.24391274299323779,0.21578297650652795,0.26984242658116403,0.3350068409552015,0.3161722152229609,0.35253275714294735,0.12,0.08390000000000002,0.16,0.0,0.0,0.0,0.0,0.0,0.0,0.12943930750522442,0.1039814374389363,0.15738592384045794,0.41794531123342715,0.3467407313405093,0.4968824326657037,0.30888404976120043,0.25606354488198035,0.3657161635375425,0.2,0.152,0.252,0.022851316167871113,0.015937919919689163,0.029978199630700305,0.20094358601604356,0.1423261260898503,0.26122070356063015,0.08445086101077731,0.05774515630828766,0.1121021264104589,0.004,-0.024,0.032,0.05092862791409272,0.03203816430983686,0.07223928766116615,False
mediation_aware_recourse,False,1.0,0.21613012769584658,2.0,250,0.20275356578521722,0.16370477140135517,0.24445448714471155,0.24171849837245635,0.2132536149847508,0.26879587294702356,0.026589561089932802,0.024575890535576236,0.029096822722030593,0.49924623215699193,0.4941395474450409,0.5042771800180017,0.09592852306365966,0.09228560954034327,0.09992530482113361,0.4190546828342045,0.40000293624560757,0.4387041529394249,0.23896288662279827,0.21044141108185907,0.2664946050562769,0.3320158192764969,0.3123955690284194,0.3500329998208305,0.116,0.08,0.156,0.0,0.0,0.0,0.0,0.0,0.0,0.1323901487388207,0.10661769353516182,0.16076522515632444,0.42975726936968284,0.35413980971811787,0.5065743589887318,0.3159257112781144,0.26131351356077864,0.3720030138745749,0.208,0.16,0.26,0.023850823736292753,0.016884918368474902,0.030895758326213083,0.21275554415229925,0.15243576973471185,0.27277595471037636,0.09028746199801799,0.06305450193199262,0.11848909271503984,0.0,-0.032,0.032,0.05387946914768897,0.03408662549177389,0.07603188198631844,True
mediation_aware_recourse,False,1.0,0.5,2.0,250,0.2054816221880942,0.16462362264533553,0.2472009498889308,0.23843825391381768,0.21103172700425674,0.2656053329453023,0.026137964849099346,0.024018139470431795,0.02877666924682529,0.4995987790813446,0.494657748541832,0.5047395831530512,0.09592852306365966,0.09228560954034327,0.09992530482113361,0.4190546828342045,0.40000293624560757,0.4387041529394249,0.23364797685467384,0.2056128625171409,0.2606920578719292,0.3312228101404219,0.31211359262508953,0.3491153727814821,0.124,0.084,0.168,0.0,0.0,0.0,0.0,0.0,0.0,0.13347914982206657,0.10764726320099909,0.16077553150786175,0.44244036297498024,0.36902823176189387,0.5229616689092005,0.3185244200573141,0.2656314906317957,0.3752848211872218,0.224,0.176,0.28,0.025963778078732035,0.018331499286279692,0.03326315048678838,0.22543863775759665,0.1642944129895424,0.2891874352783591,0.09301551840089496,0.06526794475051942,0.1226421925382164,0.008,-0.024,0.036,0.05496847023093487,0.03568112793813526,0.07721191073143488,False
mediation_aware_recourse,False,1.0,1.0,2.0,250,0.2074977328122809,0.16590218867533313,0.2496129951656051,0.23668164531135616,0.2078180886624076,0.26424891842101983,0.02567973096223346,0.023601322274043775,0.0281698879557084,0.49963661721253394,0.4945734392343759,0.5046867035461903,0.09592852306365966,0.09228560954034327,0.09992530482113361,0.4190546828342045,0.40000293624560757,0.4387041529394249,0.23042954113900896,0.2027947768017355,0.25829336940643494,0.3293908659945469,0.3105216484605984,0.3471548383313325,0.14,0.096,0.184,0.0,0.0,0.0,0.0,0.0,0.0,0.13518385874942218,0.10965615871816832,0.16237074440977056,0.45012059146902195,0.37442004588109,0.5296702415699096,0.32259240687904833,0.271406152119607,0.3793578488669412,0.232,0.184,0.288,0.026720641472886674,0.019315336467027558,0.0342359481734287,0.23311886625163836,0.17167693170620826,0.29446141020992567,0.09503162902508165,0.06709717052749199,0.12490308642096011,0.024,-0.004,0.052,0.05667317915829044,0.0361599305347026,0.08022275345942347,False
mediation_aware_recourse,False,1.0,2.0,2.0,250,0.2152545015742985,0.17254039882025352,0.2571877001247131,0.23010519058517323,0.20147026895223424,0.2574434882197331,0.024584857885134082,0.022420012910919166,0.0270715916376376,0.49991301948976513,0.49509632724436525,0.5049270167798221,0.09592852306365966,0.09228560954034327,0.09992530482113361,0.4190546828342045,0.40000293624560757,0.4387041529394249,0.22023544537374476,0.19118091017523195,0.24838197522483238,0.3278148851696336,0.30939472235049864,0.3454318853515857,0.168,0.12,0.216,0.0,0.0,0.0,0.0,0.0,0.0,0.13619062596495052,0.11070959563349309,0.1629598367166361,0.4744470008443288,0.40248047475349025,0.5557870280828036,0.32499487905456304,0.2747793395933264,0.3783459320203554,0.244,0.196,0.3,0.03131430574775457,0.023285238827723122,0.03969453478946855,0.2574452756269452,0.1938389752184108,0.3246675951698839,0.10278839778709925,0.0732237894511363,0.13406675374454072,0.052,0.016,0.088,0.05767994637381881,0.036557150743452504,0.08070928030905473,False
mediation_aware_recourse,False,1.0,5.0,2.0,250,0.2676851035684035,0.22211738604540007,0.3093293323928673,0.19114671643731887,0.16258901181572846,0.21562568769141058,0.020948249849948256,0.018911462543370082,0.023237838856455542,0.49942632207417476,0.4946207195347607,0.5044202645728886,0.09592852306365966,0.09228560954034327,0.09992530482113361,0.4190546828342045,0.40000293624560757,0.4387041529394249,0.16874412787812687,0.13793806018963822,0.19758022096882652,0.30506271938373053,0.2871517422668337,0.3218774768834769,0.256,0.204,0.312,0.0,0.0,0.0,0.0,0.0,0.0,0.15907320962716764,0.13302336485191288,0.1849877641318263,0.5973219372305902,0.5174496822142958,0.6774507553880655,0.37960012414442734,0.32976145539391,0.43054722731220585,0.312,0.26,0.37209999999999993,0.04561867266445496,0.03614860840105234,0.0551505238367549,0.38032021201320665,0.30662007509656747,0.4518384159620826,0.15521899978120426,0.12179102749348521,0.19326900744930933,0.14,0.092,0.188,0.0805625300360359,0.05903002630023404,0.10558471011207798,False
transport_anchor_only,False,3.0,0.0,2.0,250,0.5419959815477486,0.5017643303131162,0.5766041652742133,0.019177945516384926,0.014598787658246876,0.024122339994508735,0.019852531217021633,0.01780088788712028,0.02219358484880101,0.49491859664821625,0.49054592841640715,0.4994227077115,0.09592852306365966,0.09228560954034327,0.09992530482113361,0.4190546828342045,0.40000293624560757,0.4387041529394249,-0.022463520235176646,-0.04612116594360024,-8.324832167578535e-05,0.21065858570988377,0.1988660195500722,0.22210057705406455,0.504,0.44,0.564,0.0,0.0,0.0,0.0,0.0,0.0,0.26129951786564765,0.2370436640890586,0.28581004613173877,0.9463947757766398,0.8968300314243236,0.9948776650388106,0.6235451566807302,0.5860092025814554,0.6567930192204728,0.628,0.568,0.684,0.09010934260186672,0.07988034360435754,0.10153633170051782,0.005680222578080318,-0.08788901327024574,0.09694219802910949,0.009572519944980741,0.0037808726146817207,0.017356477768719198,-0.052,-0.088,-0.012,-0.017864793392520485,-0.02730887089644192,-0.009007664488238377,False
mediation_aware_recourse,False,3.0,0.21613012769584658,2.0,250,0.5419959796404,0.5017643284534511,0.5766041615071997,0.019117594396461622,0.014439969361613708,0.02408193809185765,0.01956293557374395,0.017478652558198773,0.02192898310860453,0.49501868015956874,0.4906190174082935,0.4994796684426903,0.09592852306365966,0.09228560954034327,0.09992530482113361,0.4190546828342045,0.40000293624560757,0.4387041529394249,-0.024401747374542686,-0.0482361867666599,-0.0021749970745959693,0.21105982723776923,0.19902690225280567,0.22238430850281973,0.512,0.448,0.576,0.0,0.0,0.0,0.0,0.0,0.0,0.25990264334059987,0.23565059597988278,0.28467175542836953,0.9417695389787661,0.8926650733951282,0.9938259005730413,0.620211762299834,0.5824693275170634,0.6507436811991283,0.632,0.572,0.688,0.09177689343407362,0.08175373533805062,0.10322402130170144,0.0010549857802066853,-0.09242169558174682,0.0973381655138448,0.009572518037632108,0.0037808726146817207,0.017356475861370565,-0.044,-0.08,-0.004,-0.01926166791756828,-0.028381069645677687,-0.010642085083729257,True
mediation_aware_recourse,False,3.0,0.5,2.0,250,0.541673183295643,0.5014397443925438,0.5760105421345856,0.019157234382175075,0.01451924933304061,0.02410712643358678,0.019384352516582014,0.017272143691377834,0.021734933311514246,0.4951505964455604,0.49071509703250527,0.49956128209685086,0.09592852306365966,0.09228560954034327,0.09992530482113361,0.4190546828342045,0.40000293624560757,0.4387041529394249,-0.023674923659674087,-0.04733041129905108,-0.0017276993776680122,0.21090346274920388,0.19885387240613026,0.22215451279586004,0.508,0.44,0.568,0.0,0.0,0.0,0.0,0.0,0.0,0.2603557279235272,0.23595737664080874,0.28495719552614784,0.9435039754249903,0.8940158894232487,0.9946487284873295,0.6212929686470889,0.584061555013473,0.6532249778724772,0.632,0.572,0.688,0.09118693928517567,0.08085346427192491,0.10288887481970345,0.00278942222643086,-0.09080569379002543,0.09721794961495026,0.009249721692875027,0.0035686584037262947,0.01683768979613669,-0.048,-0.084,-0.008,-0.018808583334640985,-0.027896630904864172,-0.010078441479270337,False
mediation_aware_recourse,False,3.0,1.0,2.0,250,0.5414499519800302,0.5014319065774674,0.5757380255702244,0.01905344139874422,0.014471566109980669,0.024114521159230445,0.01921481037473439,0.0171854377086012,0.021546565167033193,0.4954943527266979,0.49110160073291065,0.4998485129134595,0.09592852306365966,0.09228560954034327,0.09992530482113361,0.4190546828342045,0.40000293624560757,0.4387041529394249,-0.02440053426087343,-0.047644531032731675,-0.0017783424079679249,0.2116170213900619,0.19965526182672277,0.22299612608274394,0.512,0.448,0.572,0.0,0.0,0.0,0.0,0.0,0.0,0.25957273137373044,0.235792790394821,0.2837985381893052,0.9417724338603148,0.892548279349086,0.9940010055858226,0.6194244856498317,0.5820544257788619,0.6514886673731893,0.632,0.572,0.688,0.09194124286067369,0.08138042706629597,0.10385609448456891,0.0010578806617553838,-0.09418090520167309,0.09599448243371153,0.009026490377262235,0.0034427275467664004,0.01661640439103357,-0.044,-0.08,-0.004,-0.019591579884437698,-0.029027584725851967,-0.010962905354450521,False
mediation_aware_recourse,False,3.0,2.0,2.0,250,0.5443381391693838,0.5053744673528942,0.5780829491531593,0.017823441567658457,0.013273022123646047,0.022777301591552987,0.018666846748280497,0.01672713531100371,0.02086152804967953,0.49637748923969266,0.49204362903574106,0.5008380178993403,0.09592852306365966,0.09228560954034327,0.09992530482113361,0.4190546828342045,0.40000293624560757,0.4387041529394249,-0.026860869324398167,-0.04975580371408413,-0.004664470382006216,0.2119403142125031,0.2008119314443395,0.22330406840102732,0.532,0.468,0.592,0.0,0.0,0.0,0.0,0.0,0.0,0.25924664588293306,0.23523616918822712,0.2833066242816534,0.9359012787001226,0.8874660149248276,0.991661770230727,0.6186463402092607,0.5832885779527582,0.6522617312921415,0.64,0.58,0.6920999999999998,0.09333445313783477,0.08272371884351731,0.10505829704854018,-0.004813274498436826,-0.10059319837743574,0.09154026260289647,0.011914677566615864,0.004216268714913167,0.021595982882444513,-0.024,-0.056,0.012,-0.019917665375235084,-0.02948335097918586,-0.01085427984208775,False
mediation_aware_recourse,False,3.0,5.0,2.0,250,0.5499165922835236,0.5119731609045819,0.5826934886427567,0.016726089030466747,0.012383891321162653,0.021382568463302984,0.017588571927881463,0.01573489832478581,0.019698210948985852,0.4969909322285652,0.4927153164622784,0.5012985658650279,0.09592852306365966,0.09228560954034327,0.09992530482113361,0.4190546828342045,0.40000293624560757,0.4387041529394249,-0.035162015673193284,-0.059089085882653505,-0.013408568725968321,0.21186555241948654,0.2008292296279525,0.22294135761715597,0.564,0.5,0.6240999999999999,0.0,0.0,0.0,0.0,0.0,0.0,0.2582879118939848,0.23503755107352994,0.2809779799334618,0.9160920588325585,0.8667872702296244,0.9729732844789956,0.6163584908468243,0.5819571792277085,0.6489713568742204,0.644,0.5879,0.7,0.09796439330670645,0.08738034594358414,0.10941170795035257,-0.024622494366000947,-0.11850452309215564,0.07028597030633248,0.01749313068075571,0.008218248055080767,0.02907340738006169,0.008,-0.028,0.044,-0.02087639936418334,-0.03115170233462746,-0.010972279423897292,False
transport_anchor_only,False,10.0,0.0,2.0,250,0.6106946981619112,0.577687745158188,0.6406826387624256,0.0029355665036501595,0.0020795545455681032,0.0038564645747603877,0.01811778727357672,0.016085268893214235,0.020376530006233556,0.4999682495315075,0.49551849958071115,0.5043631698600828,0.09592852306365966,0.09228560954034327,0.09992530482113361,0.4190546828342045,0.40000293624560757,0.4387041529394249,-0.04793230287891598,-0.06651821065325839,-0.028726230121474818,0.20121881310253462,0.19130690956612137,0.2108251640923574,0.68,0.62,0.736,0.0,0.0,0.0,0.0,0.0,0.0,0.27753058515980594,0.2551385886504876,0.2989933841638272,0.8856180235125066,0.8404469148538285,0.9324787153065671,0.6622777325450115,0.6291283985942273,0.6923156464167863,0.664,0.612,0.72,0.09472820027665725,0.08376335803411805,0.10634159243024607,-0.0788788771092972,-0.10298851119662215,-0.050364264068131916,0.01002591060101986,0.004315865933895112,0.017620023581758137,-0.02,-0.052,0.012,-0.008717381704368922,-0.015717929784317297,-0.002133539721707575,False
mediation_aware_recourse,False,10.0,0.21613012769584658,2.0,250,0.6133613617303781,0.5812655844804365,0.6430085054314114,0.002641021425782139,0.001967054989578015,0.0033393625339854247,0.018005984591082935,0.015980487415740117,0.020189410521637342,0.5001180282540322,0.4957009627535701,0.5046088154570341,0.09592852306365966,0.09228560954034327,0.09992530482113361,0.4190546828342045,0.40000293624560757,0.4387041529394249,-0.04965601020937142,-0.06774463716576389,-0.03046928279905171,0.19979693483784813,0.1895809109431386,0.20930814799318115,0.692,0.632,0.748,0.0,0.0,0.0,0.0,0.0,0.0,0.27827583328393973,0.2553255150830231,0.3000292607467008,0.8815047003566897,0.8379514635575219,0.9288461364058174,0.6640561355903934,0.6322051402537229,0.6941425196012788,0.668,0.612,0.72,0.09521742987981804,0.08414124536174745,0.10674015239684098,-0.08299220026511411,-0.1085950786477493,-0.05376080765339459,0.012692574169486761,0.005315074336528778,0.023140149345900862,-0.008,-0.036,0.024,-0.007972133580235064,-0.014982363705806145,-0.0008466086178012826,True
mediation_aware_recourse,False,10.0,0.5,2.0,250,0.6144801950338297,0.5830178708306397,0.6443934849717304,0.0025851086648985707,0.0019051643163932564,0.003299453816302992,0.017836554365823574,0.015842796373303065,0.02006307403652104,0.4998743768670559,0.49558466902143955,0.5042551468696832,0.09592852306365966,0.09228560954034327,0.09992530482113361,0.4190546828342045,0.40000293624560757,0.4387041529394249,-0.0516427081487154,-0.0696111776419162,-0.0320634515948812,0.20022453423471437,0.19013437429308624,0.21015470845105902,0.692,0.632,0.748,0.0,0.0,0.0,0.0,0.0,0.0,0.2763678128205106,0.253997049686192,0.29815174794186494,0.8767637965540945,0.8329477887900895,0.923437031675926,0.6595029816904667,0.6277111280484549,0.6893491907340872,0.672,0.616,0.724,0.09716478908120459,0.086368530259796,0.10854898939718104,-0.08773310406770929,-0.11304001795924408,-0.059940049917010255,0.0138114074729383,0.006315873953700066,0.024856775874644514,-0.008,-0.036,0.024,-0.009880154043664184,-0.016828194883694976,-0.0025862981400628896,False
mediation_aware_recourse,False,10.0,1.0,2.0,250,0.614224199521821,0.5828831818393315,0.6442668123819516,0.002530994053827358,0.0018568169052760508,0.0032239998942009537,0.01769687317323836,0.01568429323650277,0.01988968277347285,0.5003237501077652,0.49602435766662356,0.5048831119090498,0.09592852306365966,0.09228560954034327,0.09992530482113361,0.4190546828342045,0.40000293624560757,0.4387041529394249,-0.051104612611790334,-0.06924870396794199,-0.03150529032944975,0.201216573556565,0.19110753835093325,0.21077779537876856,0.7,0.64,0.756,0.0,0.0,0.0,0.0,0.0,0.0,0.27575614844384483,0.2531451095889471,0.2979075922255613,0.8780478665310383,0.8334706064954144,0.9243390745628771,0.6580433526689534,0.6253723098659626,0.6889631132392885,0.668,0.612,0.72,0.09720157350107497,0.08618469978016953,0.10843784376680951,-0.08644903409076554,-0.11225304320891497,-0.05886645144362067,0.013555411960929633,0.006102401101589203,0.02459525250904262,0.0,-0.028,0.028,-0.010491818420330005,-0.017328409613624272,-0.003404396358024533,False
mediation_aware_recourse,False,10.0,2.0,2.0,250,0.6145415374604054,0.5828881314229919,0.644299477948621,0.0025433271616176604,0.0018628590889386307,0.0032441356115931186,0.01761904543666849,0.015596500484513002,0.019831630407616048,0.5001623852405548,0.49592825409631136,0.5046432494388104,0.09592852306365966,0.09228560954034327,0.09992530482113361,0.4190546828342045,0.40000293624560757,0.4387041529394249,-0.05065328942726559,-0.0690866283442344,-0.031264629079970914,0.20090598654676547,0.19074401838895422,0.21073075214625359,0.696,0.636,0.752,0.0,0.0,0.0,0.0,0.0,0.0,0.27673615322267414,0.25386930070757835,0.2991498156495852,0.8791248696120498,0.8352385439003543,0.9264573210188223,0.6603819610152466,0.6270602551124617,0.6909669245052715,0.664,0.608,0.716,0.09648590951939795,0.08559215739943485,0.10769214728977121,-0.08537203100975399,-0.11164896831353716,-0.05885213606615929,0.013872749899514019,0.006408648819592782,0.02468533787513151,-0.004,-0.032,0.024,-0.009511813641500697,-0.01658013935583425,-0.002073389959223934,False
mediation_aware_recourse,False,10.0,5.0,2.0,250,0.615584551197011,0.5828038456553709,0.6464001096055959,0.002739652331847601,0.002031709963377061,0.0034349907234629325,0.016565092452347285,0.014667117534609128,0.018636633636028896,0.5005355063807964,0.49629193265184757,0.5049128504666984,0.09592852306365966,0.09228560954034327,0.09992530482113361,0.4190546828342045,0.40000293624560757,0.4387041529394249,-0.056954020567234934,-0.07561803140807599,-0.03801064758960867,0.19885310365377426,0.18895343445868437,0.20851786914352696,0.7,0.64,0.756,0.0,0.0,0.0,0.0,0.0,0.0,0.27649758400880114,0.2533117969444079,0.29934332240868206,0.8640892873883756,0.8198231558313915,0.9099435867562452,0.6598126577151153,0.6273806913156137,0.6921425247810855,0.68,0.624,0.732,0.09975555969631912,0.08848083869171018,0.11085176401838812,-0.10040761323342817,-0.12714344090469654,-0.07116994251706242,0.014915763636119664,0.006933851091098041,0.025896151728532272,0.0,-0.028,0.028,-0.009750382855373736,-0.017158404851262028,-0.0021263689898301202,False
transport_anchor_only,False,30.0,0.0,2.0,250,0.6348234810079448,0.6039002611733857,0.6673104442863492,0.0013199057057267226,0.0008914896739484022,0.001779699167103931,0.018375499365720242,0.016263861666601428,0.020715644255975357,0.5017341316637993,0.4971596059874773,0.5063329209074735,0.09592852306365966,0.09228560954034327,0.09992530482113361,0.4190546828342045,0.40000293624560757,0.4387041529394249,-0.04155412378200613,-0.06126404157721063,-0.023091095998312366,0.2038971182125644,0.19387661039600868,0.2135880685328647,0.76,0.7,0.812,0.0,0.0,0.0,0.0,0.0,0.0,0.27997067770917383,0.25658746762123963,0.3017360767920235,0.9008384216089367,0.8542143336438228,0.9502847767028975,0.6681005825197807,0.6356529439398895,0.6990986243155772,0.636,0.58,0.692,0.09031906445351834,0.07945262143617984,0.10176107192130594,-0.04031465634543496,-0.06051690223704375,-0.023157398957796328,0.005673577070236206,0.0005126614451408387,0.014288981503248211,-0.012,-0.032,0.008,-0.0034603021311066227,-0.00804288927413056,0.0015559186972677556,False
mediation_aware_recourse,False,30.0,0.21613012769584658,2.0,250,0.6346816829885357,0.6034784120656433,0.6673104442863492,0.0013199057057267226,0.0008914896739484022,0.001779699167103931,0.01834658591592539,0.016238988803428174,0.020686730806180505,0.5018075519142151,0.4971895848613977,0.5064449039837599,0.09592852306365966,0.09228560954034327,0.09992530482113361,0.4190546828342045,0.40000293624560757,0.4387041529394249,-0.04190081092857808,-0.06175009393582805,-0.02319553817348843,0.2035570978354109,0.19353934888316937,0.2135880685328647,0.76,0.7,0.812,0.0,0.0,0.0,0.0,0.0,0.0,0.27962399056260195,0.25634552120167103,0.3014155265960993,0.9000111139548922,0.8537807704113362,0.9494746915241703,0.667273274865736,0.6350167207478836,0.697828017274599,0.636,0.58,0.692,0.09066575160009029,0.07969049074995406,0.10213763965172636,-0.04114196399947945,-0.0609704137402417,-0.023719602737267226,0.005531779050827026,0.00040069844722747804,0.01405132263898849,-0.012,-0.032,0.008,-0.003806989277678577,-0.00820727824140102,0.0010960618040097324,True
mediation_aware_recourse,False,30.0,0.5,2.0,250,0.6341599051202648,0.6026318731413339,0.6664931048604427,0.0013414429936461866,0.0008916917460482023,0.0018024809034774384,0.01812615376528534,0.0159396793360442,0.020426478652321348,0.5017923005549908,0.49728782741035227,0.5063932112025142,0.09592852306365966,0.09228560954034327,0.09992530482113361,0.4190546828342045,0.40000293624560757,0.4387041529394249,-0.04359674008259716,-0.0626861779381944,-0.02521366189259688,0.20316081257393176,0.1930399627034408,0.21279766948577475,0.76,0.7,0.812,0.0,0.0,0.0,0.0,0.0,0.0,0.27964675721679005,0.25629496287205583,0.30182242830948347,0.8959640785118111,0.8505143177038612,0.9455361677354077,0.6673276034656077,0.6355399713375357,0.6983937493332205,0.636,0.58,0.6880999999999998,0.09150233285000578,0.0804930057905985,0.10345630035632108,-0.045188999442560496,-0.06571758632475291,-0.027011876545723467,0.0050100011825561525,-0.000206535804271698,0.013764485263824462,-0.012,-0.032,0.008,-0.003784222623490488,-0.007954914832753674,0.0007739555068097647,False
mediation_aware_recourse,False,30.0,1.0,2.0,250,0.6340381061281077,0.602512122563261,0.6663616991792806,0.0013390077249519124,0.000887105900524332,0.0017999847530658073,0.018061514687183214,0.01587934289167827,0.020349478835923262,0.5019177039752006,0.4974866544146001,0.5065472645330369,0.09592852306365966,0.09228560954034327,0.09992530482113361,0.4190546828342045,0.40000293624560757,0.4387041529394249,-0.043577844904971734,-0.06262715732667945,-0.02505840213175974,0.20321714328378385,0.19325620193028076,0.21262301581845366,0.764,0.704,0.816,0.0,0.0,0.0,0.0,0.0,0.0,0.2796656523944155,0.2562318155479929,0.3013868378563371,0.8960091685165276,0.8505202350156985,0.9457879485764642,0.6673726934703241,0.6356205215482139,0.6975812400689939,0.636,0.58,0.6880999999999998,0.09148343767238036,0.08047605667687628,0.10342427321484869,-0.045143909437844076,-0.06607584354167301,-0.02671193106483588,0.00488820219039917,-0.0003179054498672485,0.013464025425910948,-0.008,-0.028,0.012,-0.0037653274458650647,-0.007971504534164259,0.0010738689180959929,False
mediation_aware_recourse,False,30.0,2.0,2.0,250,0.6331103291925975,0.602435251948284,0.6661940927529009,0.0013897586951094837,0.0009594446494780359,0.0018728500285360205,0.017793282471056097,0.01573248187280054,0.01996419872517753,0.5018634700214862,0.49737909729560015,0.5063730484361469,0.09592852306365966,0.09228560954034327,0.09992530482113361,0.4190546828342045,0.40000293624560757,0.4387041529394249,-0.04245643674487404,-0.061647962590537925,-0.02363568239191361,0.20343545223883477,0.1934786373668841,0.2131748775025294,0.764,0.708,0.816,0.0,0.0,0.0,0.0,0.0,0.0,0.2801074102416617,0.2568090971824369,0.30166011144305493,0.89868521106189,0.8530750897205985,0.9476839114947062,0.6684268705630569,0.636010511858721,0.6983939562781638,0.632,0.576,0.688,0.09070185466870839,0.07989415023259924,0.10276140976739262,-0.04246786689248161,-0.06362982424738282,-0.023385168668062034,0.003960425254888832,-0.0022927118317689747,0.012783302384614942,-0.008,-0.028,0.012,-0.0033235695986188274,-0.007590686113761918,0.001363765379553524,False
mediation_aware_recourse,False,30.0,5.0,2.0,250,0.6342714617517777,0.602857161978539,0.6665521624106565,0.0014825626169087727,0.001047152798527354,0.001964643133101103,0.016954191098182535,0.014991468161962136,0.01912911006939328,0.5014767894361019,0.49695453951824303,0.505928613879472,0.09592852306365966,0.09228560954034327,0.09992530482113361,0.4190546828342045,0.40000293624560757,0.4387041529394249,-0.05205561800909224,-0.07031365758383412,-0.033659020217473586,0.19962166033840037,0.18980834585591141,0.20893055148554465,0.756,0.696,0.808,0.0,0.0,0.0,0.0,0.0,0.0,0.2816015840932943,0.25823258546687455,0.3029417202091179,0.875778460087779,0.830413387691778,0.9249744128083024,0.6719924526048255,0.6393464594943109,0.7023681769060444,0.656,0.6,0.712,0.09475435837500121,0.08379960140546511,0.10598953612741094,-0.0653746178665926,-0.08901669289510786,-0.04399075531852896,0.005121557814069092,-0.002180033375765197,0.014624369869311338,-0.016,-0.044,0.008,-0.001829395746986222,-0.0073822014193342346,0.004172007178844868,False
transport_anchor_only,False,0.0,0.0,5.0,250,0.0663616106777813,0.03964707433273032,0.09343470097914489,0.39095454422351084,0.35868826133815235,0.4235784720210365,0.02868374381435144,0.026552692444516156,0.031127047868470276,0.5101755446763039,0.5043816734987736,0.5159001138705372,0.09592852306365966,0.09228560954034327,0.09992530482113361,0.4190546828342045,0.40000293624560757,0.4387041529394249,0.3639653882180109,0.3422480143284883,0.38871051137454615,0.4094261898466885,0.39180774095036963,0.42662077432683254,0.064,0.036,0.092,0.0,0.0,0.0,0.0,0.0,0.0,0.046337811481466956,0.028742790471237168,0.06736369995171591,0.13146087342016233,0.07838490857341192,0.18422354870318647,0.11057700433764195,0.06877338973579619,0.15563054084300387,0.068,0.036,0.1,0.004375741567363283,0.0020492792838676015,0.006990688425448308,0.13146087342016233,0.08041465060079422,0.187659987779528,0.0663616106777813,0.03964707433273032,0.09343470097914489,0.02,0.004,0.04,0.046337811481466956,0.027699307631258732,0.06731328429234779,False
mediation_aware_recourse,False,0.0,0.21613012769584658,5.0,250,0.06645288485904575,0.039647113622106905,0.09360689935672037,0.39058368746823124,0.3579977890878557,0.42303111886558215,0.028580160506641205,0.026516054679623688,0.030983746834582358,0.5101605772562027,0.5043598187252044,0.5158558874194383,0.09592852306365966,0.09228560954034327,0.09992530482113361,0.4190546828342045,0.40000293624560757,0.4387041529394249,0.36317194850414386,0.34175434430297175,0.3874140108920983,0.40880304351709834,0.3911889750791584,0.4262968342598374,0.064,0.036,0.092,0.0,0.0,0.0,0.0,0.0,0.0,0.04713125119533402,0.028851976192023808,0.06887259017891545,0.1333542771843219,0.08032626013906012,0.18686702028400215,0.11247040810180176,0.07105803092889577,0.15792393536206276,0.068,0.036,0.1,0.004375741567363283,0.0020492792838676015,0.006990688425448308,0.1333542771843219,0.08241816186231575,0.19045598238987355,0.06645288485904575,0.039647113622106905,0.09360689935672037,0.02,0.004,0.04,0.04713125119533402,0.027909186286352534,0.06810778501796877,True
mediation_aware_recourse,False,0.0,0.5,5.0,250,0.06645428527925515,0.039618136829736236,0.09360799076871475,0.3907050165154051,0.3581391190445431,0.423031085840307,0.028542234451385703,0.026466361407677958,0.03094579896753245,0.5101633816547393,0.5043700417781055,0.5158401391212701,0.09592852306365966,0.09228560954034327,0.09992530482113361,0.4190546828342045,0.40000293624560757,0.4387041529394249,0.36321543027604103,0.34176653418968117,0.3874541064804197,0.40883929778660427,0.39121268505690415,0.4263126448888406,0.064,0.036,0.092,0.0,0.0,0.0,0.0,0.0,0.0,0.04708776942343686,0.02879206118665333,0.06881131042297267,0.13325051561410617,0.08036642758872543,0.18676083701913937,0.1123666465315859,0.0708879974203171,0.15790195391105072,0.068,0.036,0.1,0.004375741567363283,0.0020492792838676015,0.006990688425448308,0.13325051561410617,0.08232894713946093,0.19033195298650796,0.06645428527925515,0.039618136829736236,0.09360799076871475,0.02,0.004,0.04,0.04708776942343686,0.02788497731755617,0.06812340512771083,False
mediation_aware_recourse,False,0.0,1.0,5.0,250,0.06935036007569988,0.04256228876935072,0.09646240737223055,0.3884140038234612,0.3563586436873334,0.42061243370737433,0.028414569333153027,0.026314610422554043,0.030749340602596337,0.5096055930407047,0.503770154613185,0.5152730392618179,0.09592852306365966,0.09228560954034327,0.09992530482113361,0.4190546828342045,0.40000293624560757,0.4387041529394249,0.3601179621603028,0.3374168261948096,0.38470409829416263,0.4067454540263641,0.38918806295023245,0.42422334857780447,0.068,0.036,0.1,0.0,0.0,0.0,0.0,0.0,0.0,0.04919173185245376,0.03107919859761908,0.07148172191330808,0.1406420762925099,0.08743756618738094,0.19626357243179346,0.11738738133112836,0.07445965338379941,0.1648381502533187,0.072,0.04,0.108,0.0048724944107239685,0.002351623049020668,0.007776573438596829,0.1406420762925099,0.08991108606720319,0.19736812471213913,0.06935036007569988,0.04256228876935072,0.09646240737223055,0.024,0.008,0.044,0.04919173185245376,0.029626812886427243,0.07092457212138058,False
mediation_aware_recourse,False,0.0,2.0,5.0,250,0.06929646799689045,0.0425269331045238,0.09645969387219742,0.38846965196164684,0.3564545436574274,0.42068354173024725,0.028386832846667667,0.02628937648484464,0.030746695742263328,0.5096262729253769,0.5037984398148119,0.5152810831418038,0.09592852306365966,0.09228560954034327,0.09992530482113361,0.4190546828342045,0.40000293624560757,0.4387041529394249,0.35979030487498936,0.3370756426151424,0.3847331955494503,0.4069385312264593,0.3894920960126863,0.4242851715850298,0.068,0.036,0.1,0.0,0.0,0.0,0.0,0.0,0.0,0.04880661767702181,0.031025110482477736,0.07043848141494709,0.14142397254313133,0.08830834779194341,0.19724036000583187,0.11646837435851254,0.07382182784770797,0.16371361224392486,0.072,0.04,0.108,0.005228880141096629,0.0026002468921022637,0.008269000026973927,0.14142397254313133,0.08993960648845647,0.19858818362980812,0.06929646799689045,0.0425269331045238,0.09645969387219742,0.024,0.008,0.044,0.04880661767702181,0.0292606453173387,0.07002698551094287,False
mediation_aware_recourse,False,0.0,5.0,5.0,250,0.07608722000824172,0.04917217285255584,0.10588507665851217,0.3846967173832529,0.3521842857160924,0.41636646024797785,0.027550062878469908,0.025503788955861525,0.029937690409870057,0.5088693906989097,0.5030535365298988,0.514796920903945,0.09592852306365966,0.09228560954034327,0.09992530482113361,0.4190546828342045,0.40000293624560757,0.4387041529394249,0.35265942544820833,0.3291686935219662,0.3782405511588868,0.4025915950403595,0.38491548993342567,0.4213155056291162,0.084,0.048,0.116,0.0,0.0,0.0,0.0,0.0,0.0,0.0534503458656955,0.03460697356328165,0.0748173521129171,0.15844055705795534,0.10107500157276765,0.21700041914891913,0.1275498116479531,0.08304312046015949,0.17584526913666468,0.08,0.048,0.116,0.006472455760150335,0.0033739465708478448,0.010014100012222226,0.15844055705795534,0.1034380521832217,0.2184806492567448,0.07608722000824172,0.04917217285255584,0.10588507665851217,0.04,0.02,0.064,0.0534503458656955,0.03355787158927393,0.0752497095110142,False
transport_anchor_only,False,1.0,0.0,5.0,250,0.3029219249892581,0.2551294208791696,0.3467487721694513,0.1879929762943294,0.16352407604983848,0.21082843352348352,0.02656514701517979,0.024467099754137314,0.029019261858240258,0.4838692675347328,0.4793742948574245,0.4881372519553125,0.09592852306365966,0.09228560954034327,0.09992530482113361,0.4190546828342045,0.40000293624560757,0.4387041529394249,0.17876513860412221,0.15524356245944448,0.2030615035384449,0.26313067874587504,0.24275683904564752,0.2816988326932293,0.1,0.064,0.136,0.0,0.0,0.0,0.0,0.0,0.0,0.20334554766733418,0.17245642118970578,0.23413381793376856,0.5734085647365283,0.5061000408013215,0.6422333826985174,0.48524824085496776,0.42331378808486325,0.5370144645868725,0.264,0.208,0.316,0.018471998281374014,0.013385528381162397,0.023594025771977473,0.35640683951914476,0.287171845764381,0.4236634007086201,0.1904558212020588,0.15249883641387396,0.22982642640899867,-0.016,-0.056,0.024,0.12483486807620246,0.09843759427968922,0.15132468532406923,False
mediation_aware_recourse,False,1.0,0.21613012769584658,5.0,250,0.30295386414933684,0.2551917022413232,0.3467799128505281,0.1879916552833238,0.16352146705310242,0.2108271125124779,0.026560265452298226,0.024467099754137314,0.029014380295358695,0.4838631516749859,0.4793681789976776,0.4881311360955655,0.09592852306365966,0.09228560954034327,0.09992530482113361,0.4190546828342045,0.40000293624560757,0.4387041529394249,0.1787638175931166,0.15524352943416936,0.20306147051316975,0.2631295426764102,0.24275564617270948,0.28169769662376454,0.1,0.064,0.136,0.0,0.0,0.0,0.0,0.0,0.0,0.20334686867833984,0.17246157313262772,0.2341351719700493,0.5734117170960167,0.5061063802668422,0.6422333826985174,0.4852513932144563,0.4233170263897665,0.5370204916645913,0.264,0.208,0.316,0.018471998281374014,0.013385528381162397,0.023594025771977473,0.3564099918786331,0.2871811651325032,0.423663478930005,0.19048776036213758,0.1525004333718779,0.22985836556907743,-0.016,-0.056,0.024,0.12483618908720809,0.0984415573127061,0.15132471834934438,True
mediation_aware_recourse,False,1.0,0.5,5.0,250,0.3029367402080047,0.25515788245719234,0.3467632170077293,0.18802636704376122,0.16359002277996632,0.21086088235535896,0.026529625895010456,0.024462206127366378,0.028945325689819636,0.4838624966378212,0.47936811349396113,0.48813046468247173,0.09592852306365966,0.09228560954034327,0.09992530482113361,0.4190546828342045,0.40000293624560757,0.4387041529394249,0.17879852935355406,0.15524526502219121,0.2030623383071807,0.2631455100862114,0.2427560453579545,0.28169809580900956,0.1,0.064,0.136,0.0,0.0,0.0,0.0,0.0,0.0,0.20331215691790236,0.17245810195658398,0.2340666162431854,0.5733288836094591,0.5060220191720988,0.6422313366234598,0.48516855972789874,0.4233166878382969,0.5368601620041696,0.264,0.208,0.316,0.018471998281374014,0.013385528381162397,0.023594025771977473,0.3563271583920755,0.28717905601535854,0.42366108955874515,0.19047063642080547,0.1525000052733446,0.229840813529212,-0.016,-0.056,0.024,0.12480147732677065,0.09837332199421411,0.15125616262248046,False
mediation_aware_recourse,False,1.0,1.0,5.0,250,0.31470787839922787,0.26872596836078255,0.35736355034251205,0.182463823946634,0.15789520129266157,0.20569079369195564,0.025862938395215338,0.02385426833318278,0.02830209439880982,0.482729143935442,0.47856298755318527,0.48697535291286115,0.09592852306365966,0.09228560954034327,0.09992530482113361,0.4190546828342045,0.40000293624560757,0.4387041529394249,0.16968295920304277,0.14516834599350337,0.19390671316307503,0.25796725889487415,0.23798020189227848,0.2759485242213506,0.12,0.08,0.16,0.0,0.0,0.0,0.0,0.0,0.0,0.20884212494049473,0.17840174729729577,0.23999582554372398,0.595081582061269,0.5284657146045328,0.666230086794861,0.49836485188049173,0.436532850083873,0.5509196323163884,0.276,0.22,0.332,0.020264799345333474,0.014621336809755478,0.02619163131665958,0.37807985684388545,0.30830911799318467,0.4477682094489221,0.2022417746120286,0.16208797525449364,0.24049524110491496,0.004,-0.04,0.048,0.130331445349363,0.1039553237331991,0.1573668908860976,False
mediation_aware_recourse,False,1.0,2.0,5.0,250,0.32152294907200346,0.27827073891493187,0.36597595293887875,0.17824722313154562,0.1538752473238926,0.2017259742356608,0.025265699965258293,0.023333760215042108,0.027682883797284785,0.48239068579864497,0.47818845172759294,0.4865623127755582,0.09592852306365966,0.09228560954034327,0.09992530482113361,0.4190546828342045,0.40000293624560757,0.4387041529394249,0.16304994649192844,0.14007649967092284,0.1878813210409405,0.2547818845994208,0.2343019996309459,0.2734413531542503,0.128,0.088,0.16809999999999992,0.0,0.0,0.0,0.0,0.0,0.0,0.21165047423836125,0.1806262527281541,0.24272696990191714,0.6109100955771021,0.5420394311970571,0.6803842543920958,0.5050664815553418,0.4416642132407461,0.5590120145092784,0.284,0.228,0.34,0.02217713105195736,0.01652251793973447,0.028405313363817204,0.3939083703597185,0.32757819295099067,0.46482535901472405,0.20905684528480423,0.17117411162533816,0.25042285324228697,0.012,-0.032,0.056,0.13313979464722955,0.10730885582971256,0.16178574720676103,False
mediation_aware_recourse,False,1.0,5.0,5.0,250,0.3352455047477656,0.29125741870293276,0.37842466599803576,0.16719681889193558,0.14303401642715902,0.19260680667654556,0.02229298389344116,0.020170356677762145,0.024577745312403768,0.4839970914289951,0.4799654652603746,0.4882220543502033,0.09592852306365966,0.09228560954034327,0.09992530482113361,0.4190546828342045,0.40000293624560757,0.4387041529394249,0.14000024591493485,0.11462578227173824,0.16409238115359956,0.25289142495107275,0.234651043350033,0.27011361579414794,0.204,0.156,0.252,0.0,0.0,0.0,0.0,0.0,0.0,0.21367992826775947,0.1825406791544294,0.24173874878148527,0.6659141356730172,0.5963094830506996,0.7340113770264144,0.5099094152165822,0.45128053904515386,0.5594454872180133,0.348,0.292,0.408,0.032687254325755075,0.025577519741978624,0.04029339159456741,0.44891241045563357,0.38016580279190665,0.5234093800589992,0.22277940096056636,0.184943458655259,0.26434133319330005,0.088,0.032,0.13609999999999992,0.13516924867662775,0.109980229939782,0.16302465266767846,False
transport_anchor_only,False,3.0,0.0,5.0,250,0.557915333617013,0.5185869246398914,0.5922639871053398,0.027937717780346736,0.02226732674981679,0.03373774889739976,0.022537841577254383,0.02044511408288206,0.02480284540812745,0.4820002623660564,0.47803919956520796,0.48595729381474845,0.09592852306365966,0.09228560954034327,0.09992530482113361,0.4190546828342045,0.40000293624560757,0.4387041529394249,-0.01271042606384303,-0.033744229061533994,0.006524291105535364,0.19198924925292135,0.17847373743167905,0.20391202655797072,0.34,0.284,0.4,0.0,0.0,0.0,0.0,0.0,0.0,0.28059467862757626,0.25570782024408245,0.30479812961173525,0.9696688127242052,0.9230802778154076,0.9987316381602301,0.6695896505196466,0.6342147951495941,0.6998534243232218,0.612,0.552,0.668,0.07558521513523561,0.06601737847801502,0.08575368516952596,0.028954259525645787,-0.05715206014584882,0.09627873974305705,0.025491872014245017,0.010260614095733036,0.04168900873127859,-0.216,-0.276,-0.16,0.001430367369408111,-0.009460962265786464,0.013387919573435358,False
mediation_aware_recourse,False,3.0,0.21613012769584658,5.0,250,0.5578256310108117,0.5183200593864429,0.5920845818929374,0.027763130733535746,0.022106210722235474,0.033646481741992064,0.022459030799177014,0.020352039150417656,0.02472625385872409,0.4821234473764896,0.4781758397780657,0.4862030831174135,0.09592852306365966,0.09228560954034327,0.09992530482113361,0.4190546828342045,0.40000293624560757,0.4387041529394249,-0.01314504546255664,-0.03450576439527962,0.006087318715079663,0.19204516165869087,0.1785854799171927,0.20396793896374021,0.344,0.288,0.40009999999999996,0.0,0.0,0.0,0.0,0.0,0.0,0.28069156024658226,0.25579581694135944,0.3048679933505571,0.9686316702783218,0.9225862308941837,0.9983072828174732,0.6698208413951445,0.6344621328983631,0.7000778280403981,0.616,0.556,0.672,0.07575408402508942,0.06608577559141897,0.08578565004020679,0.0279171170797623,-0.05794540824663365,0.09622837983238308,0.025402169408043847,0.01025503596382914,0.04150185155601939,-0.212,-0.268,-0.156,0.0015272489884141046,-0.009364033334697569,0.013498743318553125,True
mediation_aware_recourse,False,3.0,0.5,5.0,250,0.5577359284046106,0.5182303567802418,0.5919926367215812,0.02753381821349127,0.021874767356347476,0.03336801471112071,0.022358001225149957,0.02023650131125887,0.024599478167860355,0.48228778883123397,0.4782897547920346,0.4864055086145878,0.09592852306365966,0.09228560954034327,0.09992530482113361,0.4190546828342045,0.40000293624560757,0.4387041529394249,-0.013774225075591886,-0.03506560044022283,0.006018289269676597,0.1922606995082146,0.1790165556162402,0.2039810598343312,0.348,0.2919,0.408,0.0,0.0,0.0,0.0,0.0,0.0,0.28028114560437495,0.2557058644528664,0.3044039825295148,0.9671302442382167,0.9211389744296957,0.9979193968756432,0.6688414593263617,0.6334759459070396,0.699121461066011,0.62,0.56,0.676,0.07627388115271069,0.06661322760988528,0.08629384254917766,0.02641569103965724,-0.05855780611566477,0.09622837983238308,0.025312466801842674,0.010066924953495617,0.04142438604298513,-0.208,-0.264,-0.156,0.0011168343462068064,-0.009766305285679048,0.012866994844520876,False
mediation_aware_recourse,False,3.0,1.0,5.0,250,0.5561495405319147,0.5167039830842055,0.589646026687359,0.027488891619164398,0.021814456876130293,0.033281298203758414,0.02178948999904204,0.01976079159670277,0.02396123088258316,0.4827055664122104,0.47876968803167935,0.4867944858631551,0.09592852306365966,0.09228560954034327,0.09992530482113361,0.4190546828342045,0.40000293624560757,0.4387041529394249,-0.015183056572330588,-0.03591753729162051,0.004928578090813133,0.1927592136939967,0.17952395323367826,0.20455867277529904,0.364,0.304,0.424,0.0,0.0,0.0,0.0,0.0,0.0,0.2786838311657466,0.2537665397987333,0.3030783995750077,0.9637683166558536,0.9176910532600319,0.9974093507283096,0.6650297504872547,0.6298568506762975,0.6961016666386549,0.628,0.568,0.684,0.07777695412039423,0.06833941335308617,0.0878836635679846,0.023053763457294152,-0.06220818900806754,0.09633642137033711,0.02372607892914675,0.008781440515111899,0.03991957378874649,-0.192,-0.248,-0.1399000000000001,-0.00048048009242159195,-0.011386854711161295,0.010672456767912675,False
mediation_aware_recourse,False,3.0,2.0,5.0,250,0.5567594721023925,0.517700241510896,0.5903783655981416,0.026068914258590904,0.02038296191659323,0.03166724558243332,0.02099159140352346,0.018921975879641374,0.023181547220009542,0.4836731111087799,0.47958376836443545,0.4876055948274732,0.09592852306365966,0.09228560954034327,0.09992530482113361,0.4190546828342045,0.40000293624560757,0.4387041529394249,-0.019030646576672,-0.03921479669536439,0.001856888822886479,0.1938622163487883,0.18112216962883265,0.20565558513997081,0.384,0.324,0.444,0.0,0.0,0.0,0.0,0.0,0.0,0.2766115805175064,0.25175661766287205,0.3007831235026252,0.9545867225538169,0.9086787327007829,0.9961620852084988,0.660084690252574,0.6249663179630932,0.6903669090699147,0.636,0.576,0.692,0.08073687444668502,0.0711626379318832,0.09136618142952325,0.01387216935525748,-0.07462400220905852,0.09758042291745074,0.024336010499624534,0.009426157948188484,0.040215190276084466,-0.172,-0.224,-0.12,-0.002552730740661732,-0.01299936273133404,0.008769325574700861,False
mediation_aware_recourse,False,3.0,5.0,5.0,250,0.5634698959238594,0.5265116310871061,0.5973018230530491,0.022762465518935883,0.017494905533197942,0.028038935835821423,0.018910568480699146,0.016909665998161787,0.02104618892311953,0.4857007847576141,0.48179199600591066,0.48960221351807715,0.09592852306365966,0.09228560954034327,0.09992530482113361,0.4190546828342045,0.40000293624560757,0.4387041529394249,-0.036192537095846675,-0.05535823637821528,-0.015245466651682735,0.1968435725537433,0.1853709369602323,0.2080854450143487,0.448,0.388,0.516,0.0,0.0,0.0,0.0,0.0,0.0,0.2719659574904085,0.248485930793936,0.2960935434245835,0.9136329014364792,0.8692082147170022,0.9645153279435177,0.6489987312658421,0.6162161229288098,0.6784910925632368,0.664,0.608,0.716,0.0916406312198213,0.08086846757570988,0.10233265592867309,-0.027081651762080217,-0.11284201433010536,0.05495117355456735,0.03104643432109151,0.014665092553177965,0.048856620500807184,-0.108,-0.164,-0.052,-0.007198353767759623,-0.018574308631801883,0.0043978441475362225,False
transport_anchor_only,False,10.0,0.0,5.0,250,0.6283211507196538,0.596222780755884,0.6585836834077374,0.004225507392685819,0.003275401628106338,0.0052238901133995295,0.019119371536192756,0.016926711741294384,0.02145418171109514,0.49033873095726965,0.48634378697617053,0.4943300786403298,0.09592852306365966,0.09228560954034327,0.09992530482113361,0.4190546828342045,0.40000293624560757,0.4387041529394249,-0.06516248959760663,-0.08328758784176614,-0.04667418440832711,0.1934881877441316,0.18301863624964348,0.20294967520721363,0.608,0.544,0.668,0.0,0.0,0.0,0.0,0.0,0.0,0.27934823238701073,0.2571556790214184,0.3013417197972347,0.8445012255754039,0.8014971258874392,0.8892405735874482,0.6666152266756379,0.6373451262532928,0.6945719934881821,0.728,0.672,0.78,0.10243447002240018,0.09165462423905224,0.11357996541075704,-0.11999567504639996,-0.15200967096019852,-0.0853474050446309,0.027652363158762454,0.01724026297479868,0.040497461744397875,-0.092,-0.1321,-0.048,-0.006899734477164126,-0.017795038450104265,0.003742740304451892,False
mediation_aware_recourse,False,10.0,0.21613012769584658,5.0,250,0.6280330509538762,0.59584927714488,0.6582955836419598,0.004225507392685819,0.003275401628106338,0.0052238901133995295,0.019058327331007454,0.016857618532179944,0.021393112010720028,0.49039753884887693,0.4864584623648047,0.494418113140428,0.09592852306365966,0.09228560954034327,0.09992530482113361,0.4190546828342045,0.40000293624560757,0.4387041529394249,-0.06577085735976371,-0.08395381412143019,-0.04745212377321824,0.19329254697556575,0.1829899055670158,0.2027535508192403,0.608,0.544,0.668,0.0,0.0,0.0,0.0,0.0,0.0,0.2787398646248537,0.2565473112592613,0.30043469432652836,0.8430494633422688,0.800433575070797,0.8877346247070124,0.6651634644425028,0.6349376351332395,0.6925906911016092,0.728,0.672,0.78,0.10304283778455726,0.09253970264399501,0.11382815547423969,-0.121447437279535,-0.15485507810357818,-0.08716565581430051,0.027364263392984867,0.016786967512592673,0.03991831005169079,-0.092,-0.1321,-0.048,-0.007508102239321206,-0.018801050617508315,0.0028965954486333944,True
mediation_aware_recourse,False,10.0,0.5,5.0,250,0.6279316956396215,0.5958467414500425,0.6582389794187969,0.004229491242353395,0.0032840900143834913,0.0052330437667466876,0.018626835955658137,0.016522405812806895,0.0209392736427742,0.4904406866238117,0.48644963981057404,0.4944206985448122,0.09592852306365966,0.09228560954034327,0.09992530482113361,0.4190546828342045,0.40000293624560757,0.4387041529394249,-0.06813768476278369,-0.0861853716709301,-0.04957607469376018,0.1934265545506819,0.18323591742333775,0.2028687182346034,0.612,0.548,0.668,0.0,0.0,0.0,0.0,0.0,0.0,0.277252377794577,0.2547361600583505,0.29946648585492813,0.8374014477014166,0.7954647153511097,0.8818463860227271,0.6616138397963439,0.6309775159763924,0.6899092797586738,0.736,0.6839000000000001,0.788,0.10496999490120555,0.09443387407144972,0.11588442429211704,-0.12709545292038726,-0.15862381865381822,-0.09371686415417381,0.027262908078730105,0.01675117168268189,0.03991488076718524,-0.088,-0.128,-0.044,-0.00899558906959782,-0.019441503091478175,0.0009379757766149211,False
mediation_aware_recourse,False,10.0,1.0,5.0,250,0.6281392397726886,0.5961154589065351,0.6582957027152763,0.004217895692782128,0.0032611888039802382,0.00521807862673816,0.018617824762858358,0.016513394620007112,0.020930487729794413,0.49042334136819843,0.48643229455496073,0.49441173695457574,0.09592852306365966,0.09228560954034327,0.09992530482113361,0.4190546828342045,0.40000293624560757,0.4387041529394249,-0.06820818567324301,-0.08625411005862796,-0.0496465756042195,0.193400981648511,0.1831857755102882,0.20284378465498676,0.616,0.5519000000000001,0.672,0.0,0.0,0.0,0.0,0.0,0.0,0.27732287870503636,0.25487280301229315,0.299535224242626,0.8372332097283136,0.7952968949313515,0.8816574420037093,0.6617820777694468,0.6309775159763924,0.6901419266702193,0.736,0.6839000000000001,0.788,0.10496999490120555,0.09443387407144972,0.11588442429211704,-0.1272636908934902,-0.1588818533866226,-0.09404184325372988,0.02747045221179724,0.016987869586329907,0.04005962226400152,-0.084,-0.128,-0.04,-0.0089250881591385,-0.019343423244088782,0.0009875054422451,False
mediation_aware_recourse,False,10.0,2.0,5.0,250,0.6295575838503428,0.5974646303872345,0.6592877086607739,0.004063963908443379,0.0031760976901109438,0.005046030234543281,0.01840852955254641,0.016303239233584618,0.02066600505484057,0.49051291908788675,0.4864473481009483,0.4945091912573636,0.09592852306365966,0.09228560954034327,0.09992530482113361,0.4190546828342045,0.40000293624560757,0.4387041529394249,-0.0700052281895729,-0.0881277281637697,-0.05172180925288458,0.1931772547498183,0.18259516414473123,0.20239800395702764,0.616,0.5519000000000001,0.672,0.0,0.0,0.0,0.0,0.0,0.0,0.27725436995710645,0.2548158685717857,0.30014020474302183,0.8329448851016183,0.7919730104168593,0.8776894351565795,0.6616185937404258,0.6315569736579665,0.6895121245032235,0.74,0.688,0.792,0.10590277053333542,0.09550421432387889,0.11685339265386949,-0.13155201552018547,-0.1623702452413502,-0.098678484884587,0.02888879628945142,0.01832384463972412,0.04167522329092026,-0.084,-0.128,-0.04,-0.008993596907068385,-0.019967468835024527,0.0010499290070167411,False
mediation_aware_recourse,False,10.0,5.0,5.0,250,0.6283331035417504,0.595871057156648,0.6585921635394684,0.0038638155582433322,0.002962135395184029,0.004764911039352814,0.01755992279143778,0.015552811589359825,0.019810529736062406,0.4917223533923626,0.4880332720943391,0.4955571622432291,0.09592852306365966,0.09228560954034327,0.09992530482113361,0.4190546828342045,0.40000293624560757,0.4387041529394249,-0.0724350820621018,-0.09035469299765483,-0.05314933283472734,0.19500346034214483,0.1847382625472628,0.20416458117755767,0.64,0.576,0.6960999999999998,0.0,0.0,0.0,0.0,0.0,0.0,0.27552134085762825,0.2530505858783145,0.29796742788751146,0.8271464679210848,0.7866388051287542,0.8725195384407303,0.657483025828961,0.6263819698188827,0.6855094509279406,0.74,0.688,0.792,0.107984212019339,0.09745001836955884,0.11949569612757444,-0.137350432700719,-0.16996844150322554,-0.10561566185962233,0.0276643159808591,0.017132682996150107,0.04038689273891505,-0.06,-0.1001,-0.016,-0.010726626006546575,-0.021555920825012332,-0.0006073249273425039,False
transport_anchor_only,False,30.0,0.0,5.0,250,0.6577970090950839,0.6236364366448018,0.6904649754127138,0.0012994210781947081,0.0009146087804715338,0.0017152942343096626,0.018320731942803214,0.016147007460377488,0.020665497261410173,0.4950688085603714,0.49114497447554467,0.4994013294326126,0.09592852306365966,0.09228560954034327,0.09992530482113361,0.4190546828342045,0.40000293624560757,0.4387041529394249,-0.06575814124140948,-0.0832058126346823,-0.04727158422404945,0.20012951916524088,0.18995618682624757,0.2092046977738902,0.74,0.6839000000000001,0.792,0.0,0.0,0.0,0.0,0.0,0.0,0.27899047429270485,0.2558278964024419,0.30089979631696445,0.8430798081131905,0.8003647275935712,0.8885294921177701,0.6657615001598376,0.6350088655654358,0.695098554715047,0.704,0.648,0.756,0.10291117489145453,0.09161737279618816,0.11390329419952201,-0.09807326984118114,-0.12807443675952926,-0.06841081107508622,0.028647105157375334,0.01602058511823416,0.04347301542311907,-0.032,-0.068,0.004,-0.004440505547575654,-0.01352599548173234,0.005667048352920339,False
mediation_aware_recourse,False,30.0,0.21613012769584658,5.0,250,0.6575089093293063,0.6233882140612347,0.6901556182498345,0.0012994210781947081,0.0009146087804715338,0.0017152942343096626,0.018259687737617915,0.01606639634244062,0.020619915654277343,0.49512761645197867,0.4911610150581659,0.4994783020400405,0.09592852306365966,0.09228560954034327,0.09992530482113361,0.4190546828342045,0.40000293624560757,0.4387041529394249,-0.06636650900356657,-0.08403996633429402,-0.04853131985845201,0.19993387839667504,0.1898170748892406,0.20901650784186784,0.74,0.6839000000000001,0.792,0.0,0.0,0.0,0.0,0.0,0.0,0.2783821065305478,0.25512212212544993,0.30026688901671883,0.8416280458800554,0.8003439857000413,0.8879112538104066,0.6643097379267024,0.633578336742068,0.6927782850258318,0.704,0.648,0.756,0.10351954265361162,0.09264401554088779,0.11443031754042297,-0.09952503207431629,-0.12919100292218327,-0.07041001931363361,0.028359005391597747,0.015640068651735783,0.04287464271187782,-0.032,-0.068,0.004,-0.005048873309732734,-0.014517161707114128,0.005058680590763259,True
mediation_aware_recourse,False,30.0,0.5,5.0,250,0.6575089093293063,0.6233882140612347,0.6901556182498345,0.0012994210781947081,0.0009146087804715338,0.0017152942343096626,0.018259687737617915,0.01606639634244062,0.020619915654277343,0.49512761645197867,0.4911610150581659,0.4994783020400405,0.09592852306365966,0.09228560954034327,0.09992530482113361,0.4190546828342045,0.40000293624560757,0.4387041529394249,-0.06636650900356657,-0.08403996633429402,-0.04853131985845201,0.19993387839667504,0.1898170748892406,0.20901650784186784,0.74,0.6839000000000001,0.792,0.0,0.0,0.0,0.0,0.0,0.0,0.2783821065305478,0.25512212212544993,0.30026688901671883,0.8416280458800554,0.8003439857000413,0.8879112538104066,0.6643097379267024,0.633578336742068,0.6927782850258318,0.704,0.648,0.756,0.10351954265361162,0.09264401554088779,0.11443031754042297,-0.09952503207431629,-0.12919100292218327,-0.07041001931363361,0.028359005391597747,0.015640068651735783,0.04287464271187782,-0.032,-0.068,0.004,-0.005048873309732734,-0.014517161707114128,0.005058680590763259,False
mediation_aware_recourse,False,30.0,1.0,5.0,250,0.6575089093293063,0.6233882140612347,0.6901556182498345,0.0012946604222062225,0.0009145838123501176,0.0017059302482917396,0.018222785003553617,0.0160351474285314,0.020617954346705637,0.4951631318423748,0.4912307164153755,0.4994908733022511,0.09592852306365966,0.09228560954034327,0.09992530482113361,0.4190546828342045,0.40000293624560757,0.4387041529394249,-0.06696140835953597,-0.08482918087123847,-0.04858423154424902,0.20040495833082936,0.19030467210327287,0.2096108607942436,0.744,0.684,0.796,0.0,0.0,0.0,0.0,0.0,0.0,0.2777872071745784,0.2546088023248929,0.3002102057198833,0.8402084236199105,0.7983531888165107,0.8862798505584193,0.6628901156665576,0.6317060639866975,0.691219447289645,0.704,0.648,0.756,0.10411444200958102,0.09319137356706908,0.11550794997869201,-0.10094465433446109,-0.1316512481718799,-0.07205850646710435,0.028359005391597747,0.015640068651735783,0.04287464271187782,-0.028,-0.06,0.004,-0.0056437726657021445,-0.015125273509947598,0.004195485335091247,False
mediation_aware_recourse,False,30.0,2.0,5.0,250,0.6571384506640024,0.6223484009001637,0.6901878581830184,0.00130931632768965,0.0009103497607935743,0.0017423225850001186,0.017614774788965674,0.015572416519516508,0.019946300369581997,0.49535820362806315,0.4914853229663491,0.499586892837131,0.09592852306365966,0.09228560954034327,0.09992530482113361,0.4190546828342045,0.40000293624560757,0.4387041529394249,-0.06971945675005196,-0.08764491328929182,-0.05073465176056403,0.19862937878628223,0.18863430790615784,0.20754265056665877,0.748,0.688,0.8,0.0,0.0,0.0,0.0,0.0,0.0,0.2785512827375069,0.255554226110834,0.3011164359604088,0.8336268281778493,0.7912894316255589,0.8774491568179502,0.6647134470698981,0.6341597619345162,0.6931150454811743,0.712,0.656,0.768,0.10511142842337477,0.09423804467318851,0.116600062827929,-0.10752624977652236,-0.13952907854440727,-0.07869768962324128,0.02798854672629386,0.01549157394026406,0.04287349470548798,-0.024,-0.060099999999999994,0.012,-0.0048796971027736565,-0.014536309034599768,0.004973665957949407,False
mediation_aware_recourse,False,30.0,5.0,5.0,250,0.6576271868986078,0.622785296096548,0.6903994635980926,0.0013959578917474146,0.000985714792166,0.0018510422969994155,0.017308497958697062,0.015208602560635298,0.01966333220331305,0.4949344468817711,0.49102352774870395,0.49913995882359735,0.09592852306365966,0.09228560954034327,0.09992530482113361,0.4190546828342045,0.40000293624560757,0.4387041529394249,-0.07236835387136983,-0.09000462675239344,-0.05349866848815638,0.1973948159768887,0.18736003809463525,0.20636639088705896,0.744,0.684,0.796,0.0,0.0,0.0,0.0,0.0,0.0,0.2791762146390768,0.2561497129140274,0.30148265740241526,0.8273057029647805,0.7868479786304912,0.869504805400042,0.6662047366966918,0.634982420438416,0.6940304695325021,0.72,0.668,0.772,0.10612341103324871,0.09493794782304046,0.11745672855983197,-0.11384737498959119,-0.14519713026548953,-0.08290406829664207,0.028477282960899176,0.015179567806865088,0.043027328819921246,-0.028,-0.068,0.008,-0.004254765201203677,-0.01344766447299229,0.005993669553733131,False
transport_anchor_only,False,0.0,0.0,10.0,250,0.24587154023817356,0.20239358129212792,0.285325709573691,0.272059983014235,0.24133300129643853,0.29989904104053355,0.026413445110524073,0.024365658327015156,0.028783113321108875,0.48494129652261736,0.48092263686128855,0.48894798103273507,0.09592852306365966,0.09228560954034327,0.09992530482113361,0.4190546828342045,0.40000293624560757,0.4387041529394249,0.23457813568805472,0.21091963586302026,0.2588814741141377,0.29810799014043265,0.27637577606319086,0.3187280182007632,0.088,0.052,0.1200999999999999,0.0,0.0,0.0,0.0,0.0,0.0,0.16186262294306675,0.13247949453073626,0.19223112543175347,0.44022070317523787,0.37437233681087834,0.5101416173884353,0.3862565664422044,0.3172745180074583,0.4451267784533156,0.176,0.128,0.2200999999999999,0.011306962101541498,0.007324333034561165,0.015486146549776442,0.44022070317523787,0.367880773294861,0.5039551280746547,0.24587154023817356,0.20239358129212792,0.285325709573691,0.044,0.02,0.072,0.16186262294306675,0.1318107634962384,0.18959470993184832,False
mediation_aware_recourse,False,0.0,0.21613012769584658,10.0,250,0.24587571393014013,0.20239817814918803,0.28533078370165244,0.27205141821986656,0.24140651055560208,0.2999088118797374,0.02639373969600427,0.024334134734793032,0.028766757136300804,0.48494116582751273,0.4809225066199243,0.4889477829037666,0.09592852306365966,0.09228560954034327,0.09992530482113361,0.4190546828342045,0.40000293624560757,0.4387041529394249,0.23456400058361054,0.2109243201534214,0.25886561177506584,0.29809750784200834,0.27637551400573024,0.3187154122047137,0.088,0.052,0.1200999999999999,0.0,0.0,0.0,0.0,0.0,0.0,0.1618767580475109,0.13249447287257027,0.19222615600482504,0.4402544341058853,0.3743598040223368,0.5101801309418474,0.3862902973728518,0.317317116386357,0.4451660154607792,0.176,0.128,0.2200999999999999,0.011306962101541498,0.007324333034561165,0.015486146549776442,0.4402544341058853,0.3678610592998344,0.5040275180217054,0.24587571393014013,0.20239817814918803,0.28533078370165244,0.044,0.02,0.072,0.1618767580475109,0.13182483035959872,0.18960303237197415,True
mediation_aware_recourse,False,0.0,0.5,10.0,250,0.24587840864961116,0.20239817814918803,0.2853335457891103,0.27201585288835145,0.2414056214223142,0.29987324654822234,0.026390308709269436,0.024324013323925274,0.028755788476554238,0.4849410550403595,0.48092239306309226,0.4889477829037666,0.09592852306365966,0.09228560954034327,0.09992530482113361,0.4190546828342045,0.40000293624560757,0.4387041529394249,0.2345445024244856,0.2109238326994433,0.2588651243210877,0.29808346916743833,0.27637551400573024,0.3187150612378495,0.088,0.052,0.1200999999999999,0.0,0.0,0.0,0.0,0.0,0.0,0.16189625620663584,0.13251348357771708,0.19222615600482504,0.4403009630194702,0.3744998448107345,0.5101823077882025,0.3863368262864366,0.3173653828642953,0.44525787194868915,0.176,0.128,0.2200999999999999,0.011306962101541498,0.007324333034561165,0.015486146549776442,0.4403009630194702,0.36786227011009814,0.5040740751593544,0.24587840864961116,0.20239817814918803,0.2853335457891103,0.044,0.02,0.072,0.16189625620663584,0.13184481597270178,0.18960498218788666,False
mediation_aware_recourse,False,0.0,1.0,10.0,250,0.25176496617964084,0.2072637003699988,0.29333047325448325,0.26623279679006245,0.23666955738965365,0.29356498550732557,0.026076066090380278,0.024111401488693986,0.02846242577994784,0.4843753308765888,0.480450145692265,0.4882062868957102,0.09592852306365966,0.09228560954034327,0.09992530482113361,0.4190546828342045,0.40000293624560757,0.4387041529394249,0.22874832346762894,0.20412743380138132,0.2539447353398149,0.2942329213443328,0.2724237457694652,0.315469350024031,0.088,0.052,0.1200999999999999,0.0,0.0,0.0,0.0,0.0,0.0,0.16620414310086237,0.13588692748273967,0.19788637346748125,0.45413252055667563,0.3899947609426227,0.5281451753916173,0.39661683763266686,0.3308711127435799,0.45639434224247066,0.184,0.136,0.23209999999999992,0.012051108132856555,0.008067785081018703,0.016561126642362665,0.45413252055667563,0.38346345700740997,0.5199373739470368,0.25176496617964084,0.2072637003699988,0.29333047325448325,0.044,0.02,0.072,0.16620414310086237,0.1344066248684495,0.19498731629641816,False
mediation_aware_recourse,False,0.0,2.0,10.0,250,0.2553284011679011,0.21021551200887656,0.2967911474154736,0.26411597333545733,0.23455193991897302,0.2911091612004605,0.025974075955393132,0.02400695431574806,0.02837562762525845,0.4840340892925262,0.48011982768229844,0.48798918406103253,0.09592852306365966,0.09228560954034327,0.09992530482113361,0.4190546828342045,0.40000293624560757,0.4387041529394249,0.22717894983680412,0.2023472900181187,0.2529439572550772,0.29283301241638104,0.2717693627100361,0.3136688193652815,0.088,0.052,0.1200999999999999,0.0,0.0,0.0,0.0,0.0,0.0,0.16769690426116235,0.13782028549953076,0.20013733755421803,0.457877553592008,0.394268854753418,0.5322857521315878,0.40017904853603614,0.3337007855960636,0.46116422952111835,0.188,0.14,0.24,0.012089414368118993,0.008135546674639796,0.016561280229003914,0.457877553592008,0.38828072068300606,0.5245370080487816,0.2553284011679011,0.21021551200887656,0.2967911474154736,0.044,0.02,0.072,0.16769690426116235,0.1358702773980417,0.1958444716613267,False
mediation_aware_recourse,False,0.0,5.0,10.0,250,0.2620739137463047,0.21603623514167866,0.3038560370865191,0.2591431044634147,0.23081609618093252,0.2867318228222851,0.025435256917742954,0.023414399136518386,0.027789287571272445,0.4835321120924949,0.4795729859102011,0.4874864078619837,0.09592852306365966,0.09228560954034327,0.09992530482113361,0.4190546828342045,0.40000293624560757,0.4387041529394249,0.22052394000037617,0.19702222236135145,0.24650178438079057,0.2889798669535968,0.26772392990825855,0.3084089938768614,0.096,0.06,0.132,0.0,0.0,0.0,0.0,0.0,0.0,0.17171531667075335,0.14118824870697674,0.20255091583693574,0.4737585593629444,0.40672596786491483,0.5526828380782801,0.40976828014278777,0.34283798184799247,0.4691313252966351,0.2,0.1559,0.252,0.013407713081537473,0.009516684775091785,0.017998942658144786,0.4737585593629444,0.397675076694043,0.5417201024166525,0.2620739137463047,0.21603623514167866,0.3038560370865191,0.052,0.028,0.08,0.17171531667075335,0.13984170902012363,0.20054804262950574,False
transport_anchor_only,False,1.0,0.0,10.0,250,0.4416187446291738,0.3943684332579888,0.4848574895870581,0.12983628445194279,0.11134253133204122,0.14876901072497917,0.02546430601028747,0.02352205276147182,0.02779010197174458,0.4722461978781223,0.4690994010678589,0.4754834638930797,0.09592852306365966,0.09228560954034327,0.09992530482113361,0.4190546828342045,0.40000293624560757,0.4387041529394249,0.0976335237729675,0.07689829322623626,0.11986965353439423,0.19745272414964665,0.18050308126714673,0.2138222298456054,0.128,0.088,0.172,0.0,0.0,0.0,0.0,0.0,0.0,0.26893252912426613,0.24068999204357192,0.29823542502310463,0.7670148365539315,0.706554693141322,0.8231730515934622,0.6417599901411126,0.5908477665259415,0.6866637708844888,0.364,0.3079,0.424,0.026244314968485418,0.020407721256945642,0.032750779684490285,0.550013111336548,0.4812693714754516,0.618643278225568,0.32915264084197454,0.28616292658609394,0.37203287300258264,0.012,-0.036,0.06,0.19042184953313437,0.16451883259030375,0.2171046772593264,False
mediation_aware_recourse,False,1.0,0.21613012769584658,10.0,250,0.44392306181296637,0.39524447298281906,0.4870529549544307,0.128646365147537,0.10955933094452094,0.1480772761307889,0.02536799099495104,0.023392704198003152,0.027706353636633613,0.47213499121356006,0.46903000244256254,0.47538176782743335,0.09592852306365966,0.09228560954034327,0.09992530482113361,0.4190546828342045,0.40000293624560757,0.4387041529394249,0.09588767315978614,0.0756029684145125,0.1180369991208333,0.19629519316911512,0.17916660398242648,0.21271274721553884,0.128,0.088,0.172,0.0,0.0,0.0,0.0,0.0,0.0,0.2699807774578743,0.2414691069749211,0.29938008233982216,0.7711810007437065,0.7112898753211618,0.8278985003029303,0.6442614496798024,0.5930599696486204,0.6883882953618468,0.368,0.3119,0.428,0.026593116108271992,0.02073948423117044,0.033087146410851496,0.554179275526323,0.48457714117725076,0.6220080256278503,0.33145695802576713,0.28846717909480946,0.37446748569539384,0.012,-0.036,0.06,0.1914700978667426,0.16550262892469636,0.21798472460373314,True
mediation_aware_recourse,False,1.0,0.5,10.0,250,0.44390593787163424,0.3952431886872192,0.4870529549544307,0.12868107690797442,0.10959317491094744,0.14821351979050582,0.02533735143766327,0.023392704198003152,0.02765072778279043,0.47213433617639544,0.46902933102946875,0.4753810568364381,0.09592852306365966,0.09228560954034327,0.09992530482113361,0.4190546828342045,0.40000293624560757,0.4387041529394249,0.09592238492022356,0.07563768017494993,0.11805931251270048,0.19631116057891632,0.17916660398242648,0.21273371159192556,0.128,0.088,0.172,0.0,0.0,0.0,0.0,0.0,0.0,0.2699460656974369,0.24143439521448368,0.29927855044054263,0.771098167257149,0.7111679745235306,0.8278156309842933,0.6441786161932448,0.5928929902981679,0.6883863010944585,0.368,0.3119,0.428,0.026593116108271992,0.02073948423117044,0.033087146410851496,0.5540964420397654,0.4844126299901822,0.6220080256278503,0.331439834084435,0.28845048325201067,0.37446705759686055,0.012,-0.036,0.06,0.1914353861063052,0.1655017611306854,0.21791443328884733,False
mediation_aware_recourse,False,1.0,1.0,10.0,250,0.44367440242620115,0.3947918290554345,0.4866550943048741,0.12877195867830213,0.10969997319478363,0.1483960791568367,0.02530539186307136,0.023368237774939047,0.027614121434930403,0.47215069128561016,0.4690446139363587,0.4754105078494548,0.09592852306365966,0.09228560954034327,0.09992530482113361,0.4190546828342045,0.40000293624560757,0.4387041529394249,0.09591001004498272,0.07559221156683457,0.11804718292994368,0.19632192284488706,0.17920055884715994,0.2127632290663197,0.132,0.092,0.176,0.0,0.0,0.0,0.0,0.0,0.0,0.26995844057267776,0.24140169826611116,0.2992765661287926,0.7711276977116404,0.7110187004715173,0.8277239319317198,0.6442081466477362,0.5927086111089276,0.6886235247977422,0.368,0.3119,0.428,0.026593116108271992,0.02073948423117044,0.033087146410851496,0.5541259724942568,0.48453599790552115,0.6219248175462395,0.3312082986390019,0.28821894780657753,0.3742502227322809,0.016,-0.028,0.064,0.19144776098154603,0.1655167390614383,0.21792649879220719,False
mediation_aware_recourse,False,1.0,2.0,10.0,250,0.443946170245385,0.395078422124837,0.48642490256167203,0.1287466267025314,0.1099800544600451,0.14848861053448592,0.02497334706174621,0.02307310871074914,0.027311293347031963,0.47217931479573244,0.4691179002601683,0.4754868945016145,0.09592852306365966,0.09228560954034327,0.09992530482113361,0.4190546828342045,0.40000293624560757,0.4387041529394249,0.09495736966652235,0.07474225738594338,0.11683582279940616,0.19653008135606143,0.17915114221432532,0.21320549602895802,0.136,0.09590000000000001,0.18,0.0,0.0,0.0,0.0,0.0,0.0,0.2697128787468864,0.2410859256669676,0.29983777226796937,0.7734010057487141,0.7150901565900619,0.8302972627707883,0.6436221567140823,0.590066441542279,0.688354832718095,0.372,0.312,0.428,0.027192217210397867,0.02127108294003851,0.03415411249344593,0.5563992805313305,0.4864103103865691,0.626234679398315,0.3314800664581858,0.28826091491872824,0.37636767990324344,0.02,-0.028,0.068,0.19120219915575465,0.16445891708400762,0.21785326302934332,False
mediation_aware_recourse,False,1.0,5.0,10.0,250,0.45007972685525055,0.40282339946540097,0.4935177329824659,0.12643696291531475,0.10694773922679189,0.14598192740880958,0.0234294054897193,0.02156439483756119,0.025653501048090995,0.4723328498821258,0.4692237468119025,0.47567439136202333,0.09592852306365966,0.09228560954034327,0.09992530482113361,0.4190546828342045,0.40000293624560757,0.4387041529394249,0.08650483322398456,0.06551458329804828,0.10861679826404895,0.1983489523166039,0.18170187397287033,0.21458393539750137,0.168,0.124,0.22,0.0,0.0,0.0,0.0,0.0,0.0,0.2693230985659043,0.24198909415593034,0.29846345260604845,0.7935714913411206,0.7316637611621774,0.851704269662816,0.642692015143188,0.593715472945965,0.6849097906355315,0.396,0.336,0.456,0.03161337552215778,0.02473277361408439,0.0389634802565874,0.576569766123737,0.5058738792715061,0.644122216402662,0.3376136230680513,0.2937842010407658,0.3785028215035442,0.052,0.0,0.108,0.1908124189747726,0.16427872306141578,0.21637357705220647,False
transport_anchor_only,False,3.0,0.0,10.0,250,0.6062949811327271,0.5692910341771203,0.6407808462015935,0.04024389854287267,0.03420330132711942,0.04647808275855311,0.025281007972484747,0.02324142068555907,0.027630865170532582,0.4702449463684559,0.4671584565782845,0.4733726639661908,0.09592852306365966,0.09228560954034327,0.09992530482113361,0.4190546828342045,0.40000293624560757,0.4387041529394249,0.0006154976843153305,-0.015817835588815877,0.017100498381831534,0.15713478115850632,0.14412497387983345,0.16899676545612022,0.248,0.196,0.304,0.0,0.0,0.0,0.0,0.0,0.0,0.3204764633882457,0.29606000927070913,0.34474604410111886,0.9985312234667024,0.9577740883356208,0.9991481588273395,0.7647604871535096,0.7333631532298607,0.79141392650203,0.544,0.484,0.6,0.04898136088082174,0.04094690686970979,0.05737357759739664,0.05781667026814297,-0.013152556554483361,0.09186665649897843,0.07387151952995918,0.04979068912660005,0.10050114015940344,-0.308,-0.368,-0.244,0.04131215213007748,0.028552471844906526,0.05466505990153543,False
mediation_aware_recourse,False,3.0,0.21613012769584658,10.0,250,0.6039782947408967,0.5674135648428812,0.6375306205366622,0.04079601217516406,0.034962215890810514,0.046830500828622106,0.02500982325653443,0.02298194684692481,0.027227636650350377,0.47031437623095507,0.4672104456880152,0.47343661319693925,0.09592852306365966,0.09228560954034327,0.09992530482113361,0.4190546828342045,0.40000293624560757,0.4387041529394249,0.00039951650442866414,-0.0158239924155105,0.017843327491137366,0.15777252923461993,0.1446232424350678,0.1693930045130634,0.248,0.196,0.304,0.0,0.0,0.0,0.0,0.0,0.0,0.3195550215006407,0.2952319016813497,0.34381067887601074,0.9990466244125311,0.9573324076433044,0.9993997367523189,0.7625616288055419,0.730672871568275,0.7896039974405991,0.544,0.484,0.6,0.04955007241456754,0.041408290601755125,0.05828190744104026,0.05833207121397166,-0.01449287131833396,0.09154335501866993,0.07155483313812874,0.04849942370755598,0.09705305570722556,-0.308,-0.372,-0.24,0.04039071024247255,0.027304791745116106,0.053445176312398146,True
mediation_aware_recourse,False,3.0,0.5,10.0,250,0.6038885921346955,0.567326104801835,0.637443160495616,0.040669916159016044,0.03476590306097938,0.04670433887153697,0.02497701635101582,0.02294870982167783,0.02722077291146151,0.47036215961122513,0.4673163435295641,0.47348399598654517,0.09592852306365966,0.09228560954034327,0.09992530482113361,0.4190546828342045,0.40000293624560757,0.4387041529394249,0.00039202009078353475,-0.01583898524280076,0.017843327491137366,0.15798751791804722,0.14507156935154822,0.16958219794509455,0.252,0.2,0.308,0.0,0.0,0.0,0.0,0.0,0.0,0.31956251791428586,0.29524689450863995,0.34381855011033824,0.9990645132799085,0.9573501649550558,0.9994119636390684,0.7625795176729194,0.7306915335802016,0.7896039974405991,0.544,0.484,0.6,0.04955007241456754,0.041408290601755125,0.05828190744104026,0.05834996008134907,-0.014510554134468074,0.09156165731417056,0.07146513053192757,0.04849718114240095,0.09705305570722556,-0.304,-0.368,-0.236,0.04039820665611769,0.027305166565798362,0.05345979431900615,False
mediation_aware_recourse,False,3.0,1.0,10.0,250,0.6018992929565721,0.5637653712882079,0.6365764964046305,0.03988287531355566,0.033614639811292674,0.0459290141435591,0.02463931381392778,0.022570286945973336,0.026939006741177798,0.4708247006616592,0.4676787196879983,0.47406512678159474,0.09592852306365966,0.09228560954034327,0.09992530482113361,0.4190546828342045,0.40000293624560757,0.4387041529394249,-1.0930590376440952e-05,-0.016203501350795648,0.017110385951199198,0.1593739600442635,0.14616168188475664,0.17120455992924496,0.256,0.204,0.316,0.0,0.0,0.0,0.0,0.0,0.0,0.31863355783433933,0.29449643038499856,0.34258954987431195,0.9999739160762922,0.9574877064504822,0.9991007802845321,0.7603627184865611,0.7289238854426984,0.7871375423183162,0.548,0.488,0.604,0.050216027795120764,0.04192147117095726,0.05924386801105151,0.0592593628777327,-0.016082312176391396,0.09149942743804075,0.0694758313538041,0.047291618088260295,0.09482570563943592,-0.3,-0.364,-0.2319000000000001,0.03946924657617119,0.026289750528923017,0.05288099350762537,False
mediation_aware_recourse,False,3.0,2.0,10.0,250,0.6000006965282373,0.561108082703175,0.6347209218347445,0.03989849704839334,0.03354432736660888,0.04609404754472262,0.024222742096310396,0.022229551752437997,0.026560579790872507,0.4710720230064392,0.46784800002330545,0.4742732258217752,0.09592852306365966,0.09228560954034327,0.09992530482113361,0.4190546828342045,0.40000293624560757,0.4387041529394249,-0.002213457878871351,-0.01856319519114586,0.015287008265464712,0.16020192076125636,0.14706860937128108,0.1724121456920994,0.26,0.208,0.316,0.0,0.0,0.0,0.0,0.0,0.0,0.31631161002388475,0.2915784945326958,0.3412398806164036,0.9947179736451076,0.9559828541011886,0.9994553225109253,0.7548218000681091,0.7221398057243755,0.7817175913871514,0.552,0.492,0.608,0.052478265344595536,0.04374466933906804,0.061723337408564616,0.054003420446548156,-0.021618680557837822,0.09451879788325579,0.06757723492546938,0.04509084237581119,0.09263463881667122,-0.296,-0.36,-0.228,0.03714729876571657,0.02407769908043734,0.05078367929303018,False
mediation_aware_recourse,False,3.0,5.0,10.0,250,0.5996564887821442,0.5615629488650243,0.633493978844842,0.03640951648082915,0.03032450200439852,0.0426523591651085,0.022169454838806148,0.0203407611578413,0.02419913206791127,0.47289803430962557,0.4696723276687145,0.47613529500266316,0.09592852306365966,0.09228560954034327,0.09992530482113361,0.4190546828342045,0.40000293624560757,0.4387041529394249,-0.013410693439242368,-0.02968791581578332,0.0041251439398879985,0.16852568340907312,0.15611602610160724,0.18024049669009015,0.292,0.236,0.352,0.0,0.0,0.0,0.0,0.0,0.0,0.30633403739888093,0.2823395094103187,0.33009375452835266,0.9679977482925582,0.9310504345203757,0.9979078438151456,0.7310120849313584,0.7015952208175127,0.7582335451201524,0.584,0.524,0.64,0.06306566943728295,0.05396376813555746,0.07282238987729847,0.02728319509399879,-0.04580678271713247,0.09724597617912528,0.06723302717937622,0.04355287368202989,0.09489222066103539,-0.264,-0.332,-0.196,0.027169726140712776,0.013757683840641221,0.04086329151638235,False
transport_anchor_only,False,10.0,0.0,10.0,250,0.6679386439542286,0.6348525262985728,0.6997747695208876,0.0077778395125100135,0.006275325727962932,0.009390783863488511,0.021056802155814423,0.018809771966936124,0.023313786036716577,0.4804443383924961,0.47653619366303684,0.48418594724826214,0.09592852306365966,0.09228560954034327,0.09992530482113361,0.4190546828342045,0.40000293624560757,0.4387041529394249,-0.06146853845853594,-0.07751881360584094,-0.04532530152461962,0.1782896274798354,0.16780959325720338,0.1877560205923757,0.524,0.464,0.584,0.0,0.0,0.0,0.0,0.0,0.0,0.29719522646411617,0.27395694394591835,0.31955053509203646,0.8533161876564557,0.8187153946448126,0.8934983430762647,0.709203926452002,0.681039502869444,0.7349003255646901,0.728,0.676,0.78,0.09166399741431212,0.08124692608278557,0.10249330631253453,-0.11118071296534815,-0.14328178774387498,-0.0740966672412967,0.06726985639333725,0.048863919381145385,0.08725463802618905,-0.176,-0.232,-0.12,0.010947259599941308,-0.0006007641926530891,0.022289432920370257,False
mediation_aware_recourse,False,10.0,0.21613012769584658,10.0,250,0.66793864204688,0.6348525243435403,0.6997747694732039,0.007640452088023947,0.006145498487233,0.009217755361786168,0.020784448287089915,0.018623737568231956,0.02300512956034326,0.4805858248007297,0.4767239546688735,0.48427075417132975,0.09592852306365966,0.09228560954034327,0.09992530482113361,0.4190546828342045,0.40000293624560757,0.4387041529394249,-0.06343614984785703,-0.07889549148448247,-0.04765693694741144,0.17861801275393788,0.16780918250502916,0.18818696161659704,0.524,0.464,0.584,0.0,0.0,0.0,0.0,0.0,0.0,0.29615565664784255,0.2728747943413936,0.3185892205147872,0.8486208305350091,0.8141156860043117,0.8874694266652269,0.7067231766623976,0.6780459177768999,0.7323585565442646,0.736,0.684,0.788,0.0931675880171095,0.082944355168121,0.10386810130422881,-0.11587607008679468,-0.14890429554316983,-0.0789127873849019,0.06726985448598861,0.04886391742611304,0.08725463611884042,-0.176,-0.232,-0.12,0.009907689783667632,-0.0015683083482074959,0.021233730149042333,True
mediation_aware_recourse,False,10.0,0.5,10.0,250,0.6687004671315663,0.6362159656786593,0.7005822145533981,0.007640452088023947,0.006145498487233,0.009217755361786168,0.02060275618749629,0.018390131837451952,0.022823071605572988,0.4805162211201191,0.47657699585264324,0.4841978872103155,0.09592852306365966,0.09228560954034327,0.09992530482113361,0.4190546828342045,0.40000293624560757,0.4387041529394249,-0.0631426327276921,-0.07863091558065848,-0.04724287006670715,0.1786392908540728,0.1678572820476993,0.1882216578532696,0.524,0.464,0.584,0.0,0.0,0.0,0.0,0.0,0.0,0.2959255900044724,0.27277181349756585,0.31839087910981456,0.8493212573102924,0.8147131973783741,0.8885713132116972,0.7061741632453084,0.6770749897574859,0.7320826541610008,0.736,0.684,0.788,0.09313586277871208,0.08288338942639853,0.1038296780061835,-0.11517564331151142,-0.14808669462280077,-0.07845734148079636,0.0680316795706749,0.050167105934023855,0.08842275026906282,-0.176,-0.232,-0.12,0.009677623140297537,-0.001537376240770008,0.02125849815753268,False
mediation_aware_recourse,False,10.0,1.0,10.0,250,0.6685791959981434,0.6360946945452365,0.7004067083725822,0.0075597327016596015,0.0060291799318710005,0.009121672617771585,0.020503310917464983,0.018300989312963735,0.022747855681394542,0.4806179110734463,0.47667849508079285,0.4842839025710881,0.09592852306365966,0.09228560954034327,0.09992530482113361,0.4190546828342045,0.40000293624560757,0.4387041529394249,-0.06430121715060202,-0.08006175465527465,-0.04829481723250337,0.17857117911121725,0.16785297166982122,0.18803824698185936,0.524,0.464,0.584,0.0,0.0,0.0,0.0,0.0,0.0,0.29503895875885416,0.271882738009628,0.31721058563487603,0.8465565001786598,0.8125727812099216,0.8860656243331149,0.7040583743472542,0.6756619753545056,0.7288605348479387,0.74,0.692,0.792,0.09415847061297615,0.08421932257107435,0.10427852059748828,-0.11794040044314402,-0.15186754841865777,-0.08117227374587926,0.06791040843725205,0.05007088768929243,0.08829796594083308,-0.176,-0.232,-0.12,0.008790991894679315,-0.002432980170723344,0.020367147549719637,False
mediation_aware_recourse,False,10.0,2.0,10.0,250,0.6683071983079426,0.6357222034130944,0.7002784479868714,0.007320545775908045,0.0058155048462092485,0.008877221723901225,0.02004841877400334,0.017908593760113042,0.02223741148494146,0.48094774360799786,0.47700245741773845,0.48463865568042985,0.09592852306365966,0.09228560954034327,0.09992530482113361,0.4190546828342045,0.40000293624560757,0.4387041529394249,-0.06636234922047639,-0.081216246116871,-0.05078270657681991,0.17953369391149027,0.16886139616199577,0.18928812446282087,0.54,0.476,0.6,0.0,0.0,0.0,0.0,0.0,0.0,0.2933771719858994,0.2701824670135845,0.31507517690701226,0.8416379724678268,0.8074487920744295,0.8818411686290852,0.7000928136674031,0.6716017959794787,0.7261428614882699,0.744,0.692,0.796,0.09601993003439074,0.08538536173227917,0.10670448226921003,-0.12285892815397703,-0.1558094367225461,-0.08650323646033317,0.06763841074705124,0.04973753728307784,0.08807080460935832,-0.16,-0.212,-0.104,0.007129205121724514,-0.004002745168751951,0.01867710332977487,False
mediation_aware_recourse,False,10.0,5.0,10.0,250,0.6671478055459448,0.6333984646425583,0.6989669002236449,0.00623854986249551,0.004854448560441165,0.007651803653050491,0.018490199232603623,0.01652046544103938,0.02062515800466166,0.4827619547495842,0.47902496758990293,0.4863724664430082,0.09592852306365966,0.09228560954034327,0.09992530482113361,0.4190546828342045,0.40000293624560757,0.4387041529394249,-0.07619210028872168,-0.09111643828806484,-0.060492463500254404,0.1825580861411598,0.1723540905818765,0.19222419118040468,0.58,0.516,0.6400999999999999,0.0,0.0,0.0,0.0,0.0,0.0,0.2872934440672387,0.26480362296924975,0.3093732966527797,0.8181810073725713,0.78382806657281,0.8553125430690445,0.6855750713109297,0.6574220455147404,0.7114850060091892,0.76,0.7119,0.812,0.10397666952784371,0.09381696779960615,0.1138195957706467,-0.14631589324923255,-0.17931196244834177,-0.1115642967510346,0.06647901798505336,0.047208821788732896,0.08638741996213793,-0.12,-0.164,-0.068,0.0010454772030638673,-0.010675696902597615,0.012636684701473881,False
transport_anchor_only,False,30.0,0.0,10.0,250,0.706705368779134,0.669914111521421,0.7439265598668833,0.001896855576465399,0.0014167864418591714,0.0024377723170042353,0.01935623571417728,0.01711962266881966,0.021665242156905275,0.48589777567219733,0.48202821764168147,0.48957617237339024,0.09592852306365966,0.09228560954034327,0.09992530482113361,0.4190546828342045,0.40000293624560757,0.4387041529394249,-0.07973319419298361,-0.09659424423915293,-0.06237625270887746,0.19474540618771932,0.1847951347198136,0.2034843731813732,0.7,0.64,0.752,0.0,0.0,0.0,0.0,0.0,0.0,0.281298463335179,0.25993803889323186,0.30275840375425955,0.8097308120894346,0.77288576101733,0.847904317312958,0.6712691084434736,0.6426307598341708,0.6963222350508548,0.74,0.688,0.7880999999999999,0.10874470684600451,0.097716788982543,0.1196540669842172,-0.131422265864937,-0.16702592620830775,-0.09402459709082585,0.07755546484142542,0.055284879883751276,0.10471673846188934,-0.072,-0.12009999999999998,-0.02,-0.0021325165051014902,-0.013442134317439665,0.009255622278781397,False
mediation_aware_recourse,False,30.0,0.21613012769584658,10.0,250,0.706705368779134,0.669914111521421,0.7439265598668833,0.001896855576465399,0.0014167864418591714,0.0024377723170042353,0.01935623571417728,0.01711962266881966,0.021665242156905275,0.48589777567219733,0.48202821764168147,0.48957617237339024,0.09592852306365966,0.09228560954034327,0.09992530482113361,0.4190546828342045,0.40000293624560757,0.4387041529394249,-0.07973319419298361,-0.09659424423915293,-0.06237625270887746,0.19474540618771932,0.1847951347198136,0.2034843731813732,0.7,0.64,0.752,0.0,0.0,0.0,0.0,0.0,0.0,0.281298463335179,0.25993803889323186,0.30275840375425955,0.8097308120894346,0.77288576101733,0.847904317312958,0.6712691084434736,0.6426307598341708,0.6963222350508548,0.74,0.688,0.7880999999999999,0.10874470684600451,0.097716788982543,0.1196540669842172,-0.131422265864937,-0.16702592620830775,-0.09402459709082585,0.07755546484142542,0.055284879883751276,0.10471673846188934,-0.072,-0.12009999999999998,-0.02,-0.0021325165051014902,-0.013442134317439665,0.009255622278781397,True
mediation_aware_recourse,False,30.0,0.5,10.0,250,0.7076471102456562,0.6704391394445789,0.7461471828446141,0.0018778964290101466,0.0014004034603781695,0.002411048216251397,0.01887882743961853,0.016679153404499474,0.0212001687494787,0.48587734643483155,0.4819926555823744,0.489524908961773,0.09592852306365966,0.09228560954034327,0.09992530482113361,0.4190546828342045,0.40000293624560757,0.4387041529394249,-0.08080314734918548,-0.09748349071688585,-0.0639706263746022,0.19400627936778847,0.18430881071699046,0.20280356691362852,0.704,0.644,0.7560999999999999,0.0,0.0,0.0,0.0,0.0,0.0,0.28184856209744336,0.26024326251559105,0.30269263248050193,0.8071775578244652,0.7708711239196585,0.8466674033760387,0.6725818219980481,0.6434478225908026,0.6982259166194349,0.748,0.696,0.8,0.1090046340429733,0.09800804519921796,0.11995977525118692,-0.13397552012990643,-0.16868820758389969,-0.0962738538943766,0.07849720630794764,0.05649327609427273,0.10576253492180257,-0.068,-0.116,-0.02,-0.0015824177428371542,-0.012887256899228566,0.010191707023477785,False
mediation_aware_recourse,False,30.0,1.0,10.0,250,0.7087204270581715,0.6713868195260408,0.7476887421241611,0.0018202492967142917,0.00132869052823113,0.0023625244647186437,0.018531560953324935,0.016392711607870807,0.0208794315027211,0.48597579098367694,0.48210407057198296,0.4895941968553126,0.09592852306365966,0.09228560954034327,0.09992530482113361,0.4190546828342045,0.40000293624560757,0.4387041529394249,-0.08358384715584262,-0.09986078930368046,-0.06605661777171111,0.1941047423117029,0.18441309847595472,0.20292390679341624,0.708,0.648,0.7600999999999999,0.0,0.0,0.0,0.0,0.0,0.0,0.27990061201894273,0.25842275624933186,0.30136503236851353,0.8005419087777814,0.7640934970921227,0.8401001701330597,0.667933383122897,0.6388787109575135,0.6939515811703029,0.756,0.704,0.808,0.11136895898555217,0.10071220194224108,0.1228295406043913,-0.14061116917659022,-0.17653644481063285,-0.1051333770344483,0.0795705231204629,0.05733189685065299,0.10573898983970284,-0.064,-0.112,-0.016,-0.003530367821337774,-0.014762006766583414,0.007684012650892245,False
mediation_aware_recourse,False,30.0,2.0,10.0,250,0.70621153672738,0.6691466428491637,0.7453967195755337,0.0018679420933053533,0.0013764836303442696,0.002425816760221584,0.01823724634515568,0.01609553034999854,0.020440709553938185,0.4861319019238949,0.48230812834275366,0.489828338264364,0.09592852306365966,0.09228560954034327,0.09992530482113361,0.4190546828342045,0.40000293624560757,0.4387041529394249,-0.08354333597770594,-0.09991983215103245,-0.06611311607049837,0.19414009768151913,0.1844860852647759,0.20292488987880838,0.708,0.644,0.76,0.0,0.0,0.0,0.0,0.0,0.0,0.2798019179113604,0.25832184060178215,0.30127670551477853,0.800638581550563,0.7639065989273804,0.8402092185535884,0.6676978670634776,0.6386587924121655,0.6936041639039701,0.756,0.704,0.808,0.11139805045027501,0.10071220194224108,0.12283026789100937,-0.14051449640380864,-0.17627387663696278,-0.10511796443290186,0.07706163278967142,0.054428852737136185,0.10418349821716547,-0.064,-0.112,-0.016,-0.0036290619289201433,-0.014897314891477399,0.007716238844550748,False
mediation_aware_recourse,False,30.0,5.0,10.0,250,0.7134799439054914,0.6760049300855259,0.7518680569304154,0.0017827751246281454,0.0013015933241840238,0.002332205117978586,0.017037164783991827,0.01496162937878492,0.019253855628870588,0.48611123058199884,0.4823732955085218,0.48986234070795776,0.09592852306365966,0.09228560954034327,0.09992530482113361,0.4190546828342045,0.40000293624560757,0.4387041529394249,-0.09521499748427711,-0.11149447390568304,-0.0786359163444186,0.19418981696114154,0.18501696776708168,0.20334024696032063,0.728,0.668,0.78,0.0,0.0,0.0,0.0,0.0,0.0,0.27482245423546464,0.2530648802533833,0.29712600978934267,0.772786222455965,0.7369040862416225,0.8120588776025378,0.6558152563210846,0.6249455436717252,0.6823225734729955,0.776,0.724,0.824,0.11972361304150847,0.10831638047790124,0.13050419435858338,-0.1683668554984067,-0.204824296692796,-0.13326031112984352,0.0843300399677828,0.06037635444265325,0.11050135525143705,-0.044,-0.092,0.008,-0.00860852560481589,-0.02013473385502979,0.003529888910874108,False
ordinary_actionable_recourse,True,0.0,0.0,0.0,250,0.6732389975935221,0.65204288370125,0.6917046251732856,0.03701903312738566,0.032185926069325715,0.04266905749786957,0.02312741438994495,0.02142353809179989,0.025023234250980245,0.5082300921440124,0.5036824022903265,0.5127063703370928,0.09592852306365966,0.09228560954034327,0.09992530482113361,0.4190546828342045,0.40000293624560757,0.4387041529394249,0.028739435813311773,0.014770531765830954,0.043332748469963114,0.1574590375646022,0.1484934936518058,0.16590675743388264,0.24,0.18,0.3,1.0,1.0,1.0,0.0,0.0,0.0,0.3316889279681353,0.3127087880677911,0.3508988188784167,0.9314184115091197,0.899430696569979,0.9621871201717066,0.7915170538718579,0.7662170482527734,0.8134694179687864,0.424,0.356,0.484,0.029313159526378703,0.02264186629024487,0.03673668853242097,0.0,0.0,0.0,0.0,0.0,0.0,0.0,0.0,0.0,0.0,0.0,0.0,False
distribution_constrained_recourse,False,10.0,0.0,0.0,250,0.7152560667991639,0.6620350160241127,0.782328419315815,0.08707436806679932,0.07565527165500577,0.09999453083103417,0.023289608441027235,0.022068528237166245,0.02455713622942974,0.4790836405436993,0.4759750118543208,0.48236216940444704,0.09592852306365966,0.09228560954034327,0.09992530482113361,0.4190546828342045,0.40000293624560757,0.4387041529394249,0.01656918752754914,0.00480299881617382,0.02979070107352328,0.09612603320778089,0.08558658854541984,0.1076026520953208,0.128,0.088,0.168,0.9,0.8599,0.936,0.1,0.064,0.14,0.36008984769468527,0.3368143860151723,0.38299508998111936,0.9604605599071552,0.9293053679364524,0.9883720523778726,0.8592908335000086,0.8325131182384731,0.882959988255898,0.54,0.48,0.6,0.021197823805985026,0.01784101994119131,0.02457973143447681,0.029042148398035428,-0.017367409816392346,0.07056744940341073,0.042017069205641744,-0.012956453780829907,0.106869291960448,-0.1,-0.136,-0.068,0.028400919726549973,0.01651948004841961,0.040823479249385175,False
