method,is_ordinary_actionable_baseline,eta,lambda_invariance,rho_anchor,n,cost,cost_lo,cost_hi,shortfall,shortfall_lo,shortfall_hi,direct_effect,direct_effect_lo,direct_effect_hi,transport,transport_lo,transport_hi,pre_recourse_mediated_prediction_disparity,pre_recourse_mediated_prediction_disparity_lo,pre_recourse_mediated_prediction_disparity_hi,pre_recourse_factual_mediated_prediction_disparity,pre_recourse_factual_mediated_prediction_disparity_lo,pre_recourse_factual_mediated_prediction_disparity_hi,post_recourse_mediated_prediction_disparity,post_recourse_mediated_prediction_disparity_lo,post_recourse_mediated_prediction_disparity_hi,outcome_wasserstein,outcome_wasserstein_lo,outcome_wasserstein_hi,feasible_rate,feasible_rate_lo,feasible_rate_hi,constraint_feasible_rate,constraint_feasible_rate_lo,constraint_feasible_rate_hi,constraint_abstention_rate,constraint_abstention_rate_lo,constraint_abstention_rate_hi,mean_absolute_gap_reduction,mean_absolute_gap_reduction_lo,mean_absolute_gap_reduction_hi,factual_mediated_prediction_disparity_closure,factual_mediated_prediction_disparity_closure_lo,factual_mediated_prediction_disparity_closure_hi,recipient_level_closure,recipient_level_closure_lo,recipient_level_closure_hi,overshoot_rate,overshoot_rate_lo,overshoot_rate_hi,overshoot_magnitude,overshoot_magnitude_lo,overshoot_magnitude_hi,factual_closure_gain_vs_actionable_baseline,factual_closure_gain_vs_actionable_baseline_lo,factual_closure_gain_vs_actionable_baseline_hi,cost_difference_vs_actionable_baseline,cost_difference_vs_actionable_baseline_lo,cost_difference_vs_actionable_baseline_hi,feasibility_difference_vs_actionable_baseline,feasibility_difference_vs_actionable_baseline_lo,feasibility_difference_vs_actionable_baseline_hi,paired_absolute_gap_gain_vs_actionable_baseline,paired_absolute_gap_gain_vs_actionable_baseline_lo,paired_absolute_gap_gain_vs_actionable_baseline_hi,is_effect_ratio_heuristic
soft_objective_recourse,False,0.0,0.0,0.0,250,0.0,0.0,0.0,0.4631964346129797,0.427196861993393,0.4988451070151636,0.041798286526992426,0.03704574484801856,0.04631510099438994,0.5266607056539059,0.5197906318940521,0.5329496838955163,0.09381562328338623,0.09012400092184543,0.09736652145981789,0.4139361531498342,0.3949808974957104,0.4320375902113814,0.4139361531498342,0.39360785152789457,0.4353129582381287,0.45431011148617223,0.44068782560522957,0.4695872679802033,0.1,0.068,0.14,0.0,0.0,0.0,0.0,0.0,0.0,0.0,0.0,0.0,0.0,0.0,0.0,0.0,0.0,0.0,0.0,0.0,0.0,0.0,0.0,0.0,0.0,0.0,0.0,0.0,0.0,0.0,0.0,0.0,0.0,0.0,0.0,0.0,False
direct_invariance_only,False,0.0,0.5,0.0,250,0.0,0.0,0.0,0.4631964346129797,0.427196861993393,0.4988451070151636,0.041798286526992426,0.03704574484801856,0.04631510099438994,0.5266607056539059,0.5197906318940521,0.5329496838955163,0.09381562328338623,0.09012400092184543,0.09736652145981789,0.4139361531498342,0.3949808974957104,0.4320375902113814,0.4139361531498342,0.39360785152789457,0.4353129582381287,0.45431011148617223,0.44068782560522957,0.4695872679802033,0.1,0.068,0.14,0.0,0.0,0.0,0.0,0.0,0.0,0.0,0.0,0.0,0.0,0.0,0.0,0.0,0.0,0.0,0.0,0.0,0.0,0.0,0.0,0.0,0.0,0.0,0.0,0.0,0.0,0.0,0.0,0.0,0.0,0.0,0.0,0.0,False
direct_invariance_only,False,0.0,0.5513084307449635,0.0,250,0.0,0.0,0.0,0.4631964346129797,0.427196861993393,0.4988451070151636,0.041798286526992426,0.03704574484801856,0.04631510099438994,0.5266607056539059,0.5197906318940521,0.5329496838955163,0.09381562328338623,0.09012400092184543,0.09736652145981789,0.4139361531498342,0.3949808974957104,0.4320375902113814,0.4139361531498342,0.39360785152789457,0.4353129582381287,0.45431011148617223,0.44068782560522957,0.4695872679802033,0.1,0.068,0.14,0.0,0.0,0.0,0.0,0.0,0.0,0.0,0.0,0.0,0.0,0.0,0.0,0.0,0.0,0.0,0.0,0.0,0.0,0.0,0.0,0.0,0.0,0.0,0.0,0.0,0.0,0.0,0.0,0.0,0.0,0.0,0.0,0.0,True
direct_invariance_only,False,0.0,1.0,0.0,250,0.0,0.0,0.0,0.4631964346129797,0.427196861993393,0.4988451070151636,0.041798286526992426,0.03704574484801856,0.04631510099438994,0.5266607056539059,0.5197906318940521,0.5329496838955163,0.09381562328338623,0.09012400092184543,0.09736652145981789,0.4139361531498342,0.3949808974957104,0.4320375902113814,0.4139361531498342,0.39360785152789457,0.4353129582381287,0.45431011148617223,0.44068782560522957,0.4695872679802033,0.1,0.068,0.14,0.0,0.0,0.0,0.0,0.0,0.0,0.0,0.0,0.0,0.0,0.0,0.0,0.0,0.0,0.0,0.0,0.0,0.0,0.0,0.0,0.0,0.0,0.0,0.0,0.0,0.0,0.0,0.0,0.0,0.0,0.0,0.0,0.0,False
direct_invariance_only,False,0.0,2.0,0.0,250,0.0,0.0,0.0,0.4631964346129797,0.427196861993393,0.4988451070151636,0.041798286526992426,0.03704574484801856,0.04631510099438994,0.5266607056539059,0.5197906318940521,0.5329496838955163,0.09381562328338623,0.09012400092184543,0.09736652145981789,0.4139361531498342,0.3949808974957104,0.4320375902113814,0.4139361531498342,0.39360785152789457,0.4353129582381287,0.45431011148617223,0.44068782560522957,0.4695872679802033,0.1,0.068,0.14,0.0,0.0,0.0,0.0,0.0,0.0,0.0,0.0,0.0,0.0,0.0,0.0,0.0,0.0,0.0,0.0,0.0,0.0,0.0,0.0,0.0,0.0,0.0,0.0,0.0,0.0,0.0,0.0,0.0,0.0,0.0,0.0,0.0,False
direct_invariance_only,False,0.0,5.0,0.0,250,0.0009213065137155354,5.04677789285779e-06,0.002448119100928306,0.46313840467992473,0.42707916019389247,0.4988400723934865,0.041586984940754676,0.036714339702630786,0.046052557802402964,0.5266339805762769,0.5197646456578672,0.5328899472494125,0.09381562328338623,0.09012400092184543,0.09736652145981789,0.4139361531498342,0.3949808974957104,0.4320375902113814,0.41267480680118795,0.3921311097233416,0.4343898353790021,0.4539651275422303,0.4401746173898466,0.4692634405987788,0.1,0.068,0.14,0.0,0.0,0.0,0.0,0.0,0.0,0.0004974122295614721,-0.000763934119084678,0.0021613954186757898,0.003047200248270321,0.0,0.007012334195433021,0.001201661238054097,-0.002050622674349606,0.004956520356130267,0.0,0.0,0.0,0.0,0.0,0.0,0.003047200248270321,6.892340157625409e-05,0.0070176392622175515,0.0009213065137155354,5.04677789285779e-06,0.002448119100928306,0.0,0.0,0.0,0.0004974122295614721,-0.000763934119084678,0.0020169380258690467,False
soft_objective_recourse,False,1.0,0.0,0.0,250,0.1347618881800763,0.10192459784500042,0.16690966195286908,0.3136091385713196,0.27969557834582925,0.34840773881796894,0.05013105501041619,0.04588155383549985,0.05427341642357026,0.5089618647105694,0.5044156814800322,0.5136734330017805,0.09381562328338623,0.09012400092184543,0.09736652145981789,0.4139361531498342,0.3949808974957104,0.4320375902113814,0.2877283770835746,0.2599279990449164,0.3169382798406275,0.37344135275795914,0.35566307018154203,0.39112392624849296,0.116,0.08,0.156,0.0,0.0,0.0,0.0,0.0,0.0,0.08615479744771225,0.06490447088831873,0.10868093324323441,0.30489672164628634,0.23580385085811353,0.37075945751866474,0.20813497218711152,0.15979935340923782,0.262582047881775,0.16,0.12,0.204,0.02002648930927365,0.01388863832867712,0.026818279702520303,0.0,0.0,0.0,0.0,0.0,0.0,0.0,0.0,0.0,0.0,0.0,0.0,False
direct_invariance_only,False,1.0,0.5,0.0,250,0.11191287788947647,0.08166032968518758,0.14228574013436057,0.33690642454108705,0.30239369618297973,0.37197441401597814,0.04816456434495245,0.043811404045147405,0.052305587432812335,0.5104847724325656,0.5058920784024419,0.5151205874299645,0.09381562328338623,0.09012400092184543,0.09736652145981789,0.4139361531498342,0.3949808974957104,0.4320375902113814,0.30593886107112195,0.27857621432433727,0.3332256962908537,0.38679434469945434,0.3683658981533676,0.4046624971291353,0.116,0.08,0.156,0.0,0.0,0.0,0.0,0.0,0.0,0.07176893767921858,0.052159733169658246,0.09389756018373754,0.260903260700739,0.19396892822532535,0.32415741729468434,0.17338124271986632,0.12701478801506402,0.21906474870602427,0.136,0.09990000000000002,0.176,0.018114177199746805,0.01243156158718208,0.02457734547519003,-0.04399346094554735,-0.08016564028203552,-0.013433826840096244,-0.022849010290599835,-0.03973454283075062,-0.008656668990943582,0.0,0.0,0.0,-0.01438585976849366,-0.02353541885073572,-0.0057866244115033025,False
direct_invariance_only,False,1.0,0.5513084307449635,0.0,250,0.11191287788947647,0.08166032968518758,0.14228574013436057,0.33690642454108705,0.30239369618297973,0.37197441401597814,0.04816456434495245,0.043811404045147405,0.052305587432812335,0.5104847724325656,0.5058920784024419,0.5151205874299645,0.09381562328338623,0.09012400092184543,0.09736652145981789,0.4139361531498342,0.3949808974957104,0.4320375902113814,0.30593886107112195,0.27857621432433727,0.3332256962908537,0.38679434469945434,0.3683658981533676,0.4046624971291353,0.116,0.08,0.156,0.0,0.0,0.0,0.0,0.0,0.0,0.07176893767921858,0.052159733169658246,0.09389756018373754,0.260903260700739,0.19396892822532535,0.32415741729468434,0.17338124271986632,0.12701478801506402,0.21906474870602427,0.136,0.09990000000000002,0.176,0.018114177199746805,0.01243156158718208,0.02457734547519003,-0.04399346094554735,-0.08016564028203552,-0.013433826840096244,-0.022849010290599835,-0.03973454283075062,-0.008656668990943582,0.0,0.0,0.0,-0.01438585976849366,-0.02353541885073572,-0.0057866244115033025,True
direct_invariance_only,False,1.0,1.0,0.0,250,0.08771807634004926,0.06055182983381662,0.1164501646795843,0.3622435092376751,0.32651791764278615,0.39732007669589153,0.04669026051282322,0.04227205351883075,0.05087488223097899,0.5130629211409092,0.5083461045234442,0.5178521384498894,0.09381562328338623,0.09012400092184543,0.09736652145981789,0.4139361531498342,0.3949808974957104,0.4320375902113814,0.3280288503238722,0.3013179332514621,0.3554991244344753,0.4012557376658097,0.38420281151102487,0.418898731868579,0.116,0.08,0.156,0.0,0.0,0.0,0.0,0.0,0.0,0.05664341819872725,0.038217931910516575,0.07512411002631908,0.2075375687101817,0.14492672669750845,0.26436480031563653,0.13684062432541988,0.09666005884158317,0.18180538328936108,0.108,0.072,0.148,0.014631942313617372,0.009291280624111492,0.020423575614078083,-0.09735915293610464,-0.14762680989990817,-0.052608360284854404,-0.047043811840027046,-0.07027512408457696,-0.026920572605145573,0.0,0.0,0.0,-0.029511379248984986,-0.04310449999238405,-0.016791215533753533,False
direct_invariance_only,False,1.0,2.0,0.0,250,0.046746248305057636,0.02822519985305032,0.06833330147936424,0.407003907565459,0.37005790332280086,0.4448067950955463,0.04422949642089318,0.03960450014439996,0.048681408038113876,0.5179203730442524,0.5122836804960071,0.5233264624909282,0.09381562328338623,0.09012400092184543,0.09736652145981789,0.4139361531498342,0.3949808974957104,0.4320375902113814,0.3657559655087141,0.3408527055634194,0.3920695172697279,0.42450888973473,0.4096802718164894,0.4412666843494038,0.108,0.072,0.148,0.0,0.0,0.0,0.0,0.0,0.0,0.031913375461399406,0.018226834697868767,0.04709356573559066,0.11639521523910024,0.06999747734026461,0.16871690784639093,0.0770971519965149,0.04551527858551087,0.11521085951333371,0.056,0.028,0.088,0.00813340608986033,0.0040656988504275335,0.012992849774974991,-0.1885015064071861,-0.250724030800526,-0.12450172582577587,-0.08801563987501868,-0.11642911968201988,-0.05884698252336184,-0.008,-0.02,0.0,-0.05424142198631284,-0.07257027679435207,-0.03641772566590676,False
direct_invariance_only,False,1.0,5.0,0.0,250,0.010306834347230166,0.0031998447901323917,0.019408908395914398,0.4535883393498102,0.4161851789737444,0.490021207120505,0.0412572223867231,0.03662137023411908,0.04569983853675061,0.5253970521748066,0.5184917279214442,0.5316636032819987,0.09381562328338623,0.09012400092184543,0.09736652145981789,0.4139361531498342,0.3949808974957104,0.4320375902113814,0.4025353037515454,0.38106607164907247,0.4246113800539874,0.4482837178269216,0.433823314647661,0.46367303290886436,0.112,0.076,0.152,0.0,0.0,0.0,0.0,0.0,0.0,0.007930044484173589,0.0034824217480058546,0.013885026498233989,0.027542531164611694,0.009342502204348466,0.05005326236091741,0.019157605113722664,0.007219159219633076,0.03483443821521107,0.008,0.0,0.02,0.0013534353975152712,0.0,0.00358432331056062,-0.27735419048167465,-0.3489670331086601,-0.20288079773798587,-0.12445505383284615,-0.15829590998012574,-0.09024312500460108,-0.004,-0.024,0.012,-0.07822475296353866,-0.10047981313222992,-0.056595248939527255,False
soft_objective_recourse,False,3.0,0.0,0.0,250,0.5201708045993,0.4802590039330535,0.559691257014731,0.03134678666848712,0.026146574670008325,0.037015960190782494,0.06105491473943259,0.05725867906360409,0.06478756554562318,0.49508840971159934,0.49182447219687103,0.4984397671010732,0.09381562328338623,0.09012400092184543,0.09736652145981789,0.4139361531498342,0.3949808974957104,0.4320375902113814,-0.007847175547839145,-0.029442371149761802,0.014894518961787749,0.21629491964977635,0.2033969462427249,0.22862351631633446,0.272,0.22,0.328,0.0,0.0,0.0,0.0,0.0,0.0,0.2578950116809484,0.2340972250705019,0.28079563213132674,0.9810425460831911,0.9279268827628382,0.9987478526566527,0.6230293921355432,0.5862307437914968,0.6583171897294733,0.592,0.528,0.652,0.08194415850836245,0.07135818218819706,0.09217273550597621,0.0,0.0,0.0,0.0,0.0,0.0,0.0,0.0,0.0,0.0,0.0,0.0,False
direct_invariance_only,False,3.0,0.5,0.0,250,0.524719679614529,0.4844781432707561,0.5629084353697952,0.030029536187928647,0.025201392032835883,0.03527265573015418,0.05913469361662653,0.05544309981212721,0.06293835342786043,0.4948897904810906,0.4915416129031718,0.49835782663398986,0.09381562328338623,0.09012400092184543,0.09736652145981789,0.4139361531498342,0.3949808974957104,0.4320375902113814,-0.018059041052741386,-0.03909129577166055,0.004145006289590506,0.21425717662847232,0.20214432198399068,0.2257380780026542,0.276,0.224,0.336,0.0,0.0,0.0,0.0,0.0,0.0,0.25731795654154693,0.23429285813465472,0.2800073350446905,0.9563723996676259,0.9069416033696942,0.9970880822858261,0.6216353275106145,0.5852067649527876,0.6560129189238836,0.62,0.556,0.676,0.0873386188305143,0.0764415490024862,0.0974371660283915,-0.024670146415565197,-0.04201878147999552,0.02729518532739288,0.0045488750152289864,-0.0006089643597602844,0.01186959703862667,0.004,-0.012,0.024,-0.0005770551394014893,-0.004167967905223202,0.004238623723825255,False
direct_invariance_only,False,3.0,0.5513084307449635,0.0,250,0.5241020772662014,0.48411426192263607,0.5629043760414003,0.03029430882498331,0.02555688631009894,0.035543010325137,0.058795467084625415,0.0551612519999937,0.06256353327685768,0.4950622656972408,0.49177137933294174,0.49853821246057156,0.09381562328338623,0.09012400092184543,0.09736652145981789,0.4139361531498342,0.3949808974957104,0.4320375902113814,-0.019303132720117182,-0.04110952826491884,0.003521495872132449,0.21357201157945166,0.20152966298847422,0.22517545659128274,0.276,0.22390000000000002,0.336,0.0,0.0,0.0,0.0,0.0,0.0,0.2574204120158563,0.23429093493223072,0.2799834320475065,0.9533668838219841,0.9033194828050292,0.9965847541330332,0.6218828420765763,0.5859492453710886,0.6561182501443341,0.624,0.56,0.68,0.08790943692704753,0.07701067585650384,0.09788334887216502,-0.02767566226120699,-0.046979136355057884,0.028383186137995755,0.00393127266690135,-0.0017563416764140127,0.011217372621595858,0.004,-0.016,0.024,-0.00047459966509209693,-0.004557425612709576,0.004578409664218859,True
direct_invariance_only,False,3.0,1.0,0.0,250,0.5243729155268521,0.4842491369996453,0.5630682317032478,0.030391333058712923,0.02561462383341986,0.03564372601078541,0.05811474400309406,0.054500287625943514,0.061862986179244794,0.495143921492815,0.4919481223319769,0.498565073927939,0.09381562328338623,0.09012400092184543,0.09736652145981789,0.4139361531498342,0.3949808974957104,0.4320375902113814,-0.0213982784041712,-0.04262201483904017,0.0011116364619875062,0.21429035960849402,0.2025788768352689,0.22595212702017506,0.276,0.22390000000000002,0.336,0.0,0.0,0.0,0.0,0.0,0.0,0.25563378762823763,0.23269364792622252,0.2783244547862405,0.9483053648700611,0.8977273996418986,0.9934608698938774,0.6175666689992558,0.5812998438694422,0.6510028609445112,0.624,0.56,0.68,0.08985032196288387,0.07871701637269705,0.10011271167250452,-0.03273718121312996,-0.05193975598599857,0.027471941990307575,0.004202110927551985,-0.0015304348181001842,0.011454099436104294,0.004,-0.016,0.024,-0.002261224052710766,-0.006852158959358183,0.0027862711599975117,False
direct_invariance_only,False,3.0,2.0,0.0,250,0.5296810037074611,0.4897674027115572,0.5686822987809079,0.029540113509428638,0.025096456482378543,0.034587597581427494,0.056321732118816074,0.05281801643165073,0.059980336830052834,0.49527613302206996,0.4920832366558552,0.4987524648241819,0.09381562328338623,0.09012400092184543,0.09736652145981789,0.4139361531498342,0.3949808974957104,0.4320375902113814,-0.02989499280946062,-0.05126199357512415,-0.006741522892744909,0.21235544024106356,0.20057830404809632,0.22410304236342496,0.28,0.224,0.34,0.0,0.0,0.0,0.0,0.0,0.0,0.254744533635794,0.23201520890598484,0.27712546198804533,0.9277787345174476,0.8808361381074684,0.9816970850913187,0.6154183863676719,0.5823866928453753,0.6468085770454733,0.636,0.572,0.692,0.0945433061617504,0.08362565925763815,0.10447038620983755,-0.053263811565743446,-0.07448795962567867,0.016554948013031926,0.009510199108161033,0.0005526406903751195,0.020020466647227293,0.008,-0.02,0.036,-0.0031504780451544214,-0.009232316379673538,0.0035194057455610987,False
direct_invariance_only,False,3.0,5.0,0.0,250,0.5513768040314316,0.511729343413841,0.5880798289678991,0.028189839229159207,0.023697860547821387,0.03286421342748494,0.051437110951605004,0.048171924798580054,0.05493849091885537,0.4942598326272964,0.4907162590224088,0.49768950910393595,0.09381562328338623,0.09012400092184543,0.09736652145981789,0.4139361531498342,0.3949808974957104,0.4320375902113814,-0.05140020837295934,-0.072241527857171,-0.03176447728076519,0.2015400683466003,0.19092532790870922,0.21203257991023483,0.264,0.2119,0.324,0.0,0.0,0.0,0.0,0.0,0.0,0.2611427018652903,0.23808439984116642,0.28274262162171127,0.8758257572289082,0.8334594430068023,0.9211806684111067,0.6308752454857365,0.5999045171753961,0.6614828555241754,0.688,0.632,0.748,0.10171486276920928,0.09127874551307945,0.11169390914117105,-0.10521678885428287,-0.13612986283203612,-0.04816517293418396,0.031205999432131648,0.013608140266267582,0.05048299955250695,-0.008,-0.044,0.028,0.003247690184341879,-0.006611286834662314,0.013734674748410353,False
soft_objective_recourse,False,10.0,0.0,0.0,250,0.6087486284552142,0.5715767326025292,0.649490776801994,0.013518371205827846,0.01138825794208868,0.015653701392692017,0.06016135036874714,0.056306298158825215,0.0638564981564497,0.49459149867868424,0.4912500131563962,0.4979924970660567,0.09381562328338623,0.09012400092184543,0.09736652145981789,0.4139361531498342,0.3949808974957104,0.4320375902113814,-0.04101199260698565,-0.059805344565508844,-0.020979651581198924,0.2075697961709444,0.19676381413437397,0.2186141706623819,0.396,0.332,0.456,0.0,0.0,0.0,0.0,0.0,0.0,0.2739166616464789,0.25227563793521196,0.29717238297042475,0.9009219361611539,0.8613907161133771,0.9443350154740122,0.6617349055689785,0.6290587940365132,0.6888504352329634,0.612,0.552,0.672,0.09051574205517045,0.07832571281760628,0.10149835502832807,0.0,0.0,0.0,0.0,0.0,0.0,0.0,0.0,0.0,0.0,0.0,0.0,False
direct_invariance_only,False,10.0,0.5,0.0,250,0.6113300852356478,0.5730685695574386,0.65210562803403,0.013295854021131386,0.011130199179169029,0.01542955707326869,0.057934158031447434,0.05414773354951793,0.06136378869921933,0.49430456438207626,0.4909759149148345,0.4977168144425035,0.09381562328338623,0.09012400092184543,0.09736652145981789,0.4139361531498342,0.3949808974957104,0.4320375902113814,-0.05077202445491352,-0.06897938642196662,-0.03165297602065008,0.20426601761994168,0.19302203405247934,0.2148307594090522,0.408,0.344,0.472,0.0,0.0,0.0,0.0,0.0,0.0,0.27385968918451886,0.25219429233820784,0.2971833041114662,0.8773433437293037,0.836671073055248,0.9202021175770847,0.6615972700322845,0.6285990695385202,0.6887469528652964,0.64,0.5759,0.7,0.09542424421011439,0.08372365035155249,0.10721646926140645,-0.02357859243185023,-0.04375066747095277,-0.004977006390775677,0.002581456780433655,6.639720797538758e-05,0.00632772369980812,0.012,-0.004,0.028,-5.697246196004468e-05,-0.0024727522091042985,0.002205403450873551,False
direct_invariance_only,False,10.0,0.5513084307449635,0.0,250,0.6113300852356478,0.5730685695574386,0.65210562803403,0.013295854021131386,0.011130199179169029,0.01542955707326869,0.057934158031447434,0.05414773354951793,0.06136378869921933,0.49430456438207626,0.4909759149148345,0.4977168144425035,0.09381562328338623,0.09012400092184543,0.09736652145981789,0.4139361531498342,0.3949808974957104,0.4320375902113814,-0.05077202445491352,-0.06897938642196662,-0.03165297602065008,0.20426601761994168,0.19302203405247934,0.2148307594090522,0.408,0.344,0.472,0.0,0.0,0.0,0.0,0.0,0.0,0.27385968918451886,0.25219429233820784,0.2971833041114662,0.8773433437293037,0.836671073055248,0.9202021175770847,0.6615972700322845,0.6285990695385202,0.6887469528652964,0.64,0.5759,0.7,0.09542424421011439,0.08372365035155249,0.10721646926140645,-0.02357859243185023,-0.04375066747095277,-0.004977006390775677,0.002581456780433655,6.639720797538758e-05,0.00632772369980812,0.012,-0.004,0.028,-5.697246196004468e-05,-0.0024727522091042985,0.002205403450873551,True
direct_invariance_only,False,10.0,1.0,0.0,250,0.6107854673443363,0.5730416756377322,0.650719712944585,0.013390023234392135,0.011219061031674468,0.015494933964205038,0.05737707474312541,0.05382496909695491,0.06073958259376857,0.4945117267296314,0.49113768156375887,0.4978314570982695,0.09381562328338623,0.09012400092184543,0.09736652145981789,0.4139361531498342,0.3949808974957104,0.4320375902113814,-0.052571336971061956,-0.0712285892264917,-0.033301219321972685,0.2038564026187968,0.19280948144048146,0.2142550049624367,0.404,0.3439,0.468,0.0,0.0,0.0,0.0,0.0,0.0,0.27364274486903256,0.2517871346195276,0.2965409264563262,0.8729965078647467,0.8331659509310192,0.9163159049621757,0.6610731703836574,0.6275455768925298,0.6883455680450344,0.648,0.584,0.704,0.09643237262593174,0.08488278447528601,0.1076032823918774,-0.027925428296407206,-0.047586579736900336,-0.008429162674497073,0.002036838889122009,-0.0007680743455886841,0.005851069176197051,0.008,-0.012,0.028,-0.00027391677744629205,-0.002892678156224794,0.002418800581907845,False
direct_invariance_only,False,10.0,2.0,0.0,250,0.6151137262163684,0.5764829294510652,0.6538280253669246,0.013155948049945401,0.010947715474830588,0.015240613020118149,0.056148334111857566,0.052555570986651826,0.059711550255372565,0.49455440640163423,0.4911000789474487,0.49800289494059685,0.09381562328338623,0.09012400092184543,0.09736652145981789,0.4139361531498342,0.3949808974957104,0.4320375902113814,-0.05800843454164796,-0.07686116075909225,-0.038626025494192875,0.20518784441847485,0.1945025327925187,0.21625531113823684,0.4,0.336,0.464,0.0,0.0,0.0,0.0,0.0,0.0,0.2704175073862751,0.24847662343928942,0.29288172115554173,0.8598613962558366,0.8192413207383304,0.9018810181633596,0.6532815588465521,0.621354583999066,0.6797816157590502,0.664,0.604,0.72,0.1007635401526035,0.08878662188368476,0.1118978929735587,-0.04106053990531733,-0.06340415100206134,-0.01956400383087645,0.0063650977611541745,0.0002889586269855501,0.01416538735926151,0.004,-0.02,0.028,-0.0034991542602037656,-0.007455169405818528,0.0002578358450932703,False
direct_invariance_only,False,10.0,5.0,0.0,250,0.6375205979375169,0.597582718621823,0.6768758804484504,0.012474672662800352,0.01044621613328507,0.014467572749166168,0.051624967141613666,0.04819172025511992,0.05503908663361819,0.4938008751924038,0.4904263175145567,0.49709601187645197,0.09381562328338623,0.09012400092184543,0.09736652145981789,0.4139361531498342,0.3949808974957104,0.4320375902113814,-0.07682238929901776,-0.09511017273729759,-0.058595723079540106,0.2031115540844646,0.19309273695769827,0.21298012868350416,0.4,0.336,0.468,0.0,0.0,0.0,0.0,0.0,0.0,0.2687853904339924,0.24692687479365424,0.2908958810306589,0.8144100516119691,0.776816579662794,0.8554928181192943,0.6493386487993708,0.6186133718641443,0.6772668941690247,0.704,0.644,0.76,0.11060460894788739,0.09937636254651577,0.1219760668081192,-0.08651188454918479,-0.12100517777120227,-0.05480831542326114,0.028771969482302664,0.014502086798101664,0.046765787952020764,0.004,-0.032,0.04,-0.005131271212486464,-0.012765381490927617,0.002567764351476615,False
soft_objective_recourse,False,30.0,0.0,0.0,250,0.7731907582757994,0.7191259358315263,0.8245742866137298,0.003606786251798464,0.0028726426198250293,0.004368263307937115,0.058541553215143455,0.054437448982815745,0.06236227164351548,0.4962777538337707,0.49233899974789025,0.49982793912820217,0.09381562328338623,0.09012400092184543,0.09736652145981789,0.4139361531498342,0.3949808974957104,0.4320375902113814,-0.06825722547944224,-0.08945911675021466,-0.04668714817534285,0.2285729197449208,0.21820721266586504,0.23844872719036347,0.596,0.536,0.656,0.0,0.0,0.0,0.0,0.0,0.0,0.25759108934975583,0.23568159941116043,0.27948358746201385,0.8351020442161405,0.7908028357787998,0.8786989687252944,0.6222951687629191,0.5894436650430328,0.6516878773454997,0.62,0.552,0.68,0.1123011446397603,0.09859302856753636,0.1261815147989348,0.0,0.0,0.0,0.0,0.0,0.0,0.0,0.0,0.0,0.0,0.0,0.0,False
direct_invariance_only,False,30.0,0.5,0.0,250,0.773280684995465,0.7188831881483551,0.8244754183151992,0.0036105973509471005,0.0028748701784365696,0.00437465352159171,0.05689256078557573,0.052934625292880885,0.060708347892700354,0.4965798302805424,0.49270403233168714,0.5000410560238062,0.09381562328338623,0.09012400092184543,0.09736652145981789,0.4139361531498342,0.3949808974957104,0.4320375902113814,-0.07342093360576114,-0.09456442723493541,-0.05149487197943762,0.22869832046282226,0.21883285517916481,0.23859626435840978,0.596,0.5399,0.66,0.0,0.0,0.0,0.0,0.0,0.0,0.2558856618561354,0.2347260800324393,0.27768149436600414,0.8226273954399324,0.7753053156133592,0.8686211071703249,0.6181751532273101,0.5856624525400356,0.6479741222041144,0.636,0.572,0.692,0.11573571244972994,0.10197281181850452,0.12990940402871556,-0.012474648776208186,-0.026470624034282925,0.0009247237687540039,8.992671966552735e-05,-0.0004380652904510498,0.000518136203289032,0.0,-0.012,0.012,-0.001705427493620386,-0.00414981730922877,0.00042562746207183824,False
direct_invariance_only,False,30.0,0.5513084307449635,0.0,250,0.773280684995465,0.7188831881483551,0.8244754183151992,0.0036105973509471005,0.0028748701784365696,0.00437465352159171,0.05689256078557573,0.052934625292880885,0.060708347892700354,0.4965798302805424,0.49270403233168714,0.5000410560238062,0.09381562328338623,0.09012400092184543,0.09736652145981789,0.4139361531498342,0.3949808974957104,0.4320375902113814,-0.07342093360576114,-0.09456442723493541,-0.05149487197943762,0.22869832046282226,0.21883285517916481,0.23859626435840978,0.596,0.5399,0.66,0.0,0.0,0.0,0.0,0.0,0.0,0.2558856618561354,0.2347260800324393,0.27768149436600414,0.8226273954399324,0.7753053156133592,0.8686211071703249,0.6181751532273101,0.5856624525400356,0.6479741222041144,0.636,0.572,0.692,0.11573571244972994,0.10197281181850452,0.12990940402871556,-0.012474648776208186,-0.026470624034282925,0.0009247237687540039,8.992671966552735e-05,-0.0004380652904510498,0.000518136203289032,0.0,-0.012,0.012,-0.001705427493620386,-0.00414981730922877,0.00042562746207183824,True
direct_invariance_only,False,30.0,1.0,0.0,250,0.7706923962114379,0.7162202098587761,0.8222006101645064,0.0037082781386208953,0.0029519923112830498,0.004474963658339,0.056369903731837964,0.05239474461977026,0.06026295208851912,0.496426859351635,0.4926546239755452,0.5000045901786804,0.09381562328338623,0.09012400092184543,0.09736652145981789,0.4139361531498342,0.3949808974957104,0.4320375902113814,-0.07639315363204394,-0.09750527161803808,-0.05502472559857491,0.22815574852739906,0.21786449988383572,0.23804706694618497,0.596,0.536,0.656,0.0,0.0,0.0,0.0,0.0,0.0,0.2548652252742588,0.23275072901426433,0.2772515459933426,0.8154470126594823,0.7664119958147126,0.8599140201229639,0.6157099563273174,0.5829635380566209,0.6453645357635625,0.644,0.58,0.7,0.11773204075380965,0.10342171479999046,0.1319140346928926,-0.019655031556658265,-0.03586039397582423,-0.003907175557060583,-0.002498362064361572,-0.009464608943462372,0.0015921234607696529,0.0,-0.016,0.016,-0.0027258640754969934,-0.006895921634272408,0.0008119222975482657,False
direct_invariance_only,False,30.0,2.0,0.0,250,0.7740606543300673,0.7175491064536152,0.8274341051461873,0.0036830944330468675,0.0029403510996403944,0.004428882318715779,0.054464888649315896,0.05070008433871596,0.058251189696909386,0.4962818852801323,0.4924262255675852,0.49977160726761827,0.09381562328338623,0.09012400092184543,0.09736652145981789,0.4139361531498342,0.3949808974957104,0.4320375902113814,-0.08531893701606313,-0.10567055789518767,-0.06413350813298131,0.226767885366891,0.2163307246600365,0.23722488851097523,0.588,0.528,0.652,0.0,0.0,0.0,0.0,0.0,0.0,0.25315334255009186,0.2306675074489072,0.27488480356259465,0.7938838239500673,0.7447647045631611,0.8416301445189655,0.6115743460799794,0.5797316201746786,0.6426092820029001,0.668,0.6039,0.724,0.12305087380790271,0.10878837749437449,0.13730209664738896,-0.04121822026607325,-0.06450549471350993,-0.02014782313028073,0.0008698960542678833,-0.00883839461505413,0.010705221620202062,-0.008,-0.032,0.016,-0.004437746799663936,-0.00910004328536569,-0.0004397635080384103,False
direct_invariance_only,False,30.0,5.0,0.0,250,0.800191680806689,0.7434409305848181,0.8557001618270297,0.003316368999990933,0.0026533172821412887,0.003988919840969244,0.05012750579512286,0.046390946567561916,0.0539022547953184,0.4962891284880638,0.4924281799364507,0.4998252032872677,0.09381562328338623,0.09012400092184543,0.09736652145981789,0.4139361531498342,0.3949808974957104,0.4320375902113814,-0.10309988960946492,-0.12299759550623277,-0.08208504397579025,0.22975781580415328,0.21947065691977147,0.2405712016081233,0.58,0.52,0.644,0.0,0.0,0.0,0.0,0.0,0.0,0.24469600751382492,0.22284916724369372,0.2667279640009807,0.7509280384790515,0.7063415853225908,0.797429632433937,0.591142898909335,0.5558219970088907,0.6242301929864132,0.704,0.64,0.76,0.13578805056319473,0.12096129569432768,0.15107206285233268,-0.084174005737089,-0.1143460012900504,-0.0562363274048969,0.02700092253088951,0.012811279771476985,0.043191621385514724,-0.016,-0.052,0.02,-0.012895081835930884,-0.020001394230774874,-0.006075154559378751,False
transport_anchor_only,False,0.0,0.0,0.1,250,2.2316240688269317e-08,0.0,5.376369460918795e-08,0.46319622477703926,0.4271968462753638,0.4988450131439328,0.04179833205221956,0.037045827479704294,0.046315120753305766,0.5266603980998993,0.5197905406946243,0.5329490558304965,0.09381562328338623,0.09012400092184543,0.09736652145981789,0.4139361531498342,0.3949808974957104,0.4320375902113814,0.41393607099447755,0.3936076630756449,0.43531297697654575,0.45431003585495294,0.4406878296030177,0.46958726683192387,0.1,0.068,0.14,0.0,0.0,0.0,0.0,0.0,0.0,8.215535667610574e-08,-1.0439681354057484e-08,2.2713644017136047e-07,1.9847349885804277e-07,-2.5047560964219783e-08,5.78828104794149e-07,1.9847302046294146e-07,-2.524641364298752e-08,5.532667461893847e-07,0.0,0.0,0.0,0.0,0.0,0.0,1.9847349885804277e-07,-2.5140946002810693e-08,5.422626222661984e-07,2.2316240688269317e-08,0.0,5.376369460918795e-08,0.0,0.0,0.0,8.215535667610574e-08,-1.0439681354057484e-08,2.2713644017136047e-07,False
mediation_aware_recourse,False,0.0,0.5,0.1,250,1.8793331264532754e-09,0.0,5.637999379359826e-09,0.46319632930731847,0.42719685672811,0.4988451070151636,0.04179828706056276,0.037045745381588883,0.046315102061530604,0.5266606262128354,0.5197906299080253,0.5329494495443582,0.09381562328338623,0.09012400092184543,0.09736652145981789,0.4139361531498342,0.3949808974957104,0.4320375902113814,0.41393610076378873,0.39360779914184907,0.4353129582381287,0.45431006119556855,0.44068782560522957,0.4695872679802033,0.1,0.068,0.14,0.0,0.0,0.0,0.0,0.0,0.0,5.238604546509151e-08,0.0,1.5715813639527454e-07,1.2655585901466537e-07,0.0,4.943233250426227e-07,1.265555539253782e-07,0.0,3.8973813978326886e-07,0.0,0.0,0.0,0.0,0.0,0.0,1.2655585901466537e-07,0.0,3.8570932441306384e-07,1.8793331264532754e-09,0.0,5.637999379359826e-09,0.0,0.0,0.0,5.238604546509151e-08,0.0,1.5715813639527454e-07,False
mediation_aware_recourse,False,0.0,0.5513084307449635,0.1,250,1.8793331264532754e-09,0.0,5.637999379359826e-09,0.46319632930731847,0.42719685672811,0.4988451070151636,0.04179828706056276,0.037045745381588883,0.046315102061530604,0.5266606262128354,0.5197906299080253,0.5329494495443582,0.09381562328338623,0.09012400092184543,0.09736652145981789,0.4139361531498342,0.3949808974957104,0.4320375902113814,0.41393610076378873,0.39360779914184907,0.4353129582381287,0.45431006119556855,0.44068782560522957,0.4695872679802033,0.1,0.068,0.14,0.0,0.0,0.0,0.0,0.0,0.0,5.238604546509151e-08,0.0,1.5715813639527454e-07,1.2655585901466537e-07,0.0,4.943233250426227e-07,1.265555539253782e-07,0.0,3.8973813978326886e-07,0.0,0.0,0.0,0.0,0.0,0.0,1.2655585901466537e-07,0.0,3.8570932441306384e-07,1.8793331264532754e-09,0.0,5.637999379359826e-09,0.0,0.0,0.0,5.238604546509151e-08,0.0,1.5715813639527454e-07,True
mediation_aware_recourse,False,0.0,1.0,0.1,250,1.8793331264532754e-09,0.0,5.637999379359826e-09,0.46319632930731847,0.42719685672811,0.4988451070151636,0.04179828706056276,0.037045745381588883,0.046315102061530604,0.5266606262128354,0.5197906299080253,0.5329494495443582,0.09381562328338623,0.09012400092184543,0.09736652145981789,0.4139361531498342,0.3949808974957104,0.4320375902113814,0.41393610076378873,0.39360779914184907,0.4353129582381287,0.45431006119556855,0.44068782560522957,0.4695872679802033,0.1,0.068,0.14,0.0,0.0,0.0,0.0,0.0,0.0,5.238604546509151e-08,0.0,1.5715813639527454e-07,1.2655585901466537e-07,0.0,4.943233250426227e-07,1.265555539253782e-07,0.0,3.8973813978326886e-07,0.0,0.0,0.0,0.0,0.0,0.0,1.2655585901466537e-07,0.0,3.8570932441306384e-07,1.8793331264532754e-09,0.0,5.637999379359826e-09,0.0,0.0,0.0,5.238604546509151e-08,0.0,1.5715813639527454e-07,False
mediation_aware_recourse,False,0.0,2.0,0.1,250,1.8793331264532754e-09,0.0,5.637999379359826e-09,0.46319632930731847,0.42719685672811,0.4988451070151636,0.04179828706056276,0.037045745381588883,0.046315102061530604,0.5266606262128354,0.5197906299080253,0.5329494495443582,0.09381562328338623,0.09012400092184543,0.09736652145981789,0.4139361531498342,0.3949808974957104,0.4320375902113814,0.41393610076378873,0.39360779914184907,0.4353129582381287,0.45431006119556855,0.44068782560522957,0.4695872679802033,0.1,0.068,0.14,0.0,0.0,0.0,0.0,0.0,0.0,5.238604546509151e-08,0.0,1.5715813639527454e-07,1.2655585901466537e-07,0.0,4.943233250426227e-07,1.265555539253782e-07,0.0,3.8973813978326886e-07,0.0,0.0,0.0,0.0,0.0,0.0,1.2655585901466537e-07,0.0,3.8570932441306384e-07,1.8793331264532754e-09,0.0,5.637999379359826e-09,0.0,0.0,0.0,5.238604546509151e-08,0.0,1.5715813639527454e-07,False
mediation_aware_recourse,False,0.0,5.0,0.1,250,0.0009213083930486619,5.04677789285779e-06,0.0024481191479116342,0.4631382993742635,0.4270790522555897,0.4988400723934865,0.041586985474325,0.03671434023620112,0.04605255782908148,0.5266339011352064,0.5197646436718404,0.5328899432773591,0.09381562328338623,0.09012400092184543,0.09736652145981789,0.4139361531498342,0.3949808974957104,0.4320375902113814,0.4126747544151425,0.3921311097233416,0.4343898353790021,0.45396507725162666,0.4401746173898466,0.46926339156544017,0.1,0.068,0.14,0.0,0.0,0.0,0.0,0.0,0.0,0.0004974646156069372,-0.000763779580250556,0.0021613967283269264,0.0030473268041293355,5.179463589660705e-07,0.007012580208950103,0.0012017877936079113,-0.002050226513085168,0.004956523548332908,0.0,0.0,0.0,0.0,0.0,0.0,0.0030473268041293355,6.908404937022994e-05,0.0070176392622175515,0.0009213083930486619,5.04677789285779e-06,0.0024481191479116342,0.0,0.0,0.0,0.0004974646156069372,-0.0007638293469937478,0.0020170401786577035,False
transport_anchor_only,False,1.0,0.0,0.1,250,0.1437798328252129,0.10982048414251615,0.17710303466780733,0.3046383671208577,0.27215785380235186,0.3390503964207087,0.050680259536066585,0.04647218410062744,0.05482358374592374,0.5080289094309807,0.5034234763558865,0.5125787955499946,0.09381562328338623,0.09012400092184543,0.09736652145981789,0.4139361531498342,0.3949808974957104,0.4320375902113814,0.28017781010499154,0.2515023741050762,0.30973098962069556,0.3682126197569303,0.35027395291622027,0.38565781023699824,0.116,0.08,0.156,0.0,0.0,0.0,0.0,0.0,0.0,0.09164080056396151,0.07018407721191673,0.11437941465265136,0.32313761923671735,0.25398221227599116,0.3856678848776571,0.22138819939958254,0.17116109855377276,0.2735086205637178,0.172,0.13190000000000002,0.216,0.021058771240440557,0.014701811815636456,0.0277320422157941,0.018240897590431016,7.341191310448758e-05,0.040779982696259584,0.009017944645136595,0.00020370201766490935,0.020551147442683573,0.0,0.0,0.0,0.005486003116249264,0.00018417361646042992,0.012238703370383996,False
mediation_aware_recourse,False,1.0,0.5,0.1,250,0.1178495008853597,0.08694763715225454,0.14803488008827528,0.33087356406131835,0.29757474645978,0.3654133449312973,0.04841955763933431,0.04415944337189743,0.05249332414260824,0.5100712527806758,0.5053056031059086,0.5147138538781286,0.09381562328338623,0.09012400092184543,0.09736652145981789,0.4139361531498342,0.3949808974957104,0.4320375902113814,0.3003753604424801,0.2742180370903916,0.3291523553063597,0.38372138535580164,0.3663415202356968,0.4018186323283623,0.116,0.08,0.156,0.0,0.0,0.0,0.0,0.0,0.0,0.07482610920784924,0.0552156434383398,0.09630942705841535,0.2743437407996784,0.20715735548319375,0.33921322502506285,0.1807668362089455,0.13507118939400253,0.22959020705747749,0.144,0.104,0.1840999999999999,0.01936734174975241,0.013224399887691186,0.02604394985983217,-0.030552980846607958,-0.06001609781488389,-0.0045226667702767676,-0.01691238729471661,-0.030839069647406358,-0.004782193049322818,0.0,0.0,0.0,-0.011328688239863,-0.020199634511019,-0.004231311585741457,False
mediation_aware_recourse,False,1.0,0.5513084307449635,0.1,250,0.1148546597865743,0.08351039152165911,0.14543950585259396,0.33394025228273033,0.3005770216100127,0.36878664750385753,0.04825049601673114,0.04385417709992255,0.05238510152473288,0.5102289454214571,0.5055859882103325,0.5148069173445224,0.09381562328338623,0.09012400092184543,0.09736652145981789,0.4139361531498342,0.3949808974957104,0.4320375902113814,0.3030041944159683,0.276454083190176,0.33239742468532557,0.385041615907758,0.3673802662217976,0.40305937522841107,0.116,0.08,0.156,0.0,0.0,0.0,0.0,0.0,0.0,0.0735123088234464,0.054118436195126234,0.09591934055533848,0.26799292086408155,0.20190964976554532,0.33270770238338504,0.17759292350103106,0.13136701630400094,0.22604125402841904,0.14,0.1,0.184,0.01870982495520971,0.01291481465903283,0.025196353195344367,-0.03690380078220479,-0.07171446191373661,-0.009177364442699598,-0.01990722839350201,-0.03508731650884638,-0.007006834421399982,0.0,0.0,0.0,-0.01264248862426584,-0.02153474538478377,-0.005235391660889448,True
mediation_aware_recourse,False,1.0,1.0,0.1,250,0.09662532817491865,0.06821011827414247,0.12734187968052432,0.3530105841577799,0.318516945378933,0.3887584997502891,0.04704310076510104,0.04258383401472243,0.051304542422367316,0.5113978701183796,0.5067391441682457,0.5160946084500491,0.09381562328338623,0.09012400092184543,0.09736652145981789,0.4139361531498342,0.3949808974957104,0.4320375902113814,0.319358954322471,0.29454153740577893,0.34671346727082814,0.3952522140963737,0.3782206248548377,0.41323167739890243,0.116,0.08,0.156,0.0,0.0,0.0,0.0,0.0,0.0,0.06270253629109258,0.043179946977559676,0.08328326702532834,0.22848257661883586,0.1630549775726419,0.2908664841387319,0.15147839741516866,0.10812650838468298,0.1983959973710405,0.116,0.08,0.156,0.015937331268135273,0.01038843337408692,0.02188920716106092,-0.07641414502745048,-0.12519041357378893,-0.03415988016817706,-0.03813656000515766,-0.059348166750717794,-0.01941360712223741,0.0,0.0,0.0,-0.023452261156619657,-0.034921919693020574,-0.013216481154873795,False
mediation_aware_recourse,False,1.0,2.0,0.1,250,0.05589918111283168,0.0353277300446355,0.07985151248950934,0.39713719198787645,0.36109222678158626,0.4334812830393223,0.04461770232205662,0.040030429981564315,0.049025773871336366,0.5162005469384193,0.5110229065270245,0.5212947068755388,0.09381562328338623,0.09012400092184543,0.09736652145981789,0.4139361531498342,0.3949808974957104,0.4320375902113814,0.35687857271951506,0.33179667938077534,0.3835500175747387,0.4179305297669651,0.4017940769342497,0.4349007921927784,0.108,0.072,0.148,0.0,0.0,0.0,0.0,0.0,0.0,0.038541274903222004,0.02327397022760107,0.05540449010177997,0.137841500424984,0.0859241273609675,0.19232375768445376,0.09310900167696867,0.057748322440037664,0.1333429632405913,0.068,0.04,0.1,0.009258152763548527,0.00513771791833461,0.014069733833585984,-0.16705522122130234,-0.22778124486598722,-0.10767805490252583,-0.07886270706724463,-0.10684614609192158,-0.0524514399707472,-0.008,-0.02,0.0,-0.047613522544490236,-0.06312763287369368,-0.031409007444611586,False
mediation_aware_recourse,False,1.0,5.0,0.1,250,0.016296961714634222,0.005700151446706173,0.02894321654320158,0.44678705861359547,0.40931557808206837,0.48123954433838023,0.041442422913330376,0.036789517988793784,0.045869029602476734,0.5237455389642716,0.517035134167409,0.5304149946320117,0.09381562328338623,0.09012400092184543,0.09736652145981789,0.4139361531498342,0.3949808974957104,0.4320375902113814,0.39602920584221557,0.37304008317287185,0.4183336608623052,0.44287124366011754,0.4281573173142611,0.4586993347938382,0.112,0.076,0.152,0.0,0.0,0.0,0.0,0.0,0.0,0.013347951132882839,0.005956862040855115,0.023782098300376746,0.04326016747113348,0.017868527267368588,0.07438343291853429,0.032246323131147725,0.01280617678321656,0.0553601090386219,0.016,0.004,0.032,0.0018975310278254987,0.0,0.004288697623599591,-0.26163655417515286,-0.3316303573759694,-0.191307775758337,-0.11846492646544209,-0.1520646909385187,-0.0852111509637618,-0.004,-0.024,0.012,-0.07280684631482942,-0.0945389342780401,-0.051359027714936646,False
transport_anchor_only,False,3.0,0.0,0.1,250,0.5202828205619008,0.480371888508182,0.559686889569601,0.031323616811804574,0.02620393184853165,0.03712938345240247,0.06127687055838014,0.05752385488244444,0.06502780264261195,0.49416696067118643,0.49095327261779903,0.4974394027783573,0.09381562328338623,0.09012400092184543,0.09736652145981789,0.4139361531498342,0.3949808974957104,0.4320375902113814,-0.008050259119668368,-0.029688915715531228,0.014981866125417775,0.21631904648533024,0.203301043776486,0.22900348021365916,0.272,0.22,0.328,0.0,0.0,0.0,0.0,0.0,0.0,0.2574856821937975,0.23410020086449743,0.2807565742343571,0.9805519303921386,0.9271511346807466,0.9984567351881102,0.6220405234486286,0.585281127700106,0.6560369643504699,0.588,0.524,0.648,0.08225036503785249,0.07170391417796948,0.09241515570830108,-0.000490615691052465,-0.004528149662281248,0.004051771594613537,0.00011201596260070801,-0.0005177204489707946,0.0008025410175323487,0.0,0.0,0.0,-0.0004093294871508544,-0.0020994574136120716,0.0014002462249139362,False
mediation_aware_recourse,False,3.0,0.5,0.1,250,0.5234578314032405,0.48405719419480303,0.5622674576672027,0.03039167654903519,0.025645461480518918,0.03554005897483793,0.059507236340917376,0.05582507450869679,0.06337506186116965,0.49477452787995346,0.49138024792996643,0.4982315017367482,0.09381562328338623,0.09012400092184543,0.09736652145981789,0.4139361531498342,0.3949808974957104,0.4320375902113814,-0.01630815895768212,-0.037585856843135715,0.007294058241933817,0.21517968062754234,0.20312986543321218,0.22744506739346151,0.276,0.224,0.336,0.0,0.0,0.0,0.0,0.0,0.0,0.2566705139959712,0.23332916392441105,0.2797681137302195,0.9606022357950962,0.9095598819136278,0.9979465900687108,0.6200712191822542,0.5825952236989855,0.6543300728303029,0.616,0.552,0.672,0.08678689905577255,0.075728954641285,0.09688768180591693,-0.0204403102880949,-0.03665975612041018,0.02408344093209899,0.0032870268039405346,-0.0010535377971827983,0.010138316138833762,0.004,-0.012,0.024,-0.001224497684977243,-0.004703409559205225,0.0033227049837137868,False
mediation_aware_recourse,False,3.0,0.5513084307449635,0.1,250,0.5246001692023128,0.4843001318564173,0.5632588734011399,0.03013740407515484,0.02518692967028932,0.0353590300968562,0.05877076509375648,0.05515036237350963,0.06248582268214144,0.4947337203061581,0.49137813849732276,0.4981894596858621,0.09381562328338623,0.09012400092184543,0.09736652145981789,0.4139361531498342,0.3949808974957104,0.4320375902113814,-0.01916917441337439,-0.04044536811726944,0.0033948694918393817,0.21425038175847835,0.20238398096398427,0.22563057100979375,0.28,0.228,0.34,0.0,0.0,0.0,0.0,0.0,0.0,0.25744470976555484,0.23429846745519287,0.2800604363664617,0.9536905045198223,0.9041559107136641,0.9967442072198944,0.6219415412042805,0.5853002598279365,0.6561091111320707,0.62,0.556,0.676,0.08783030889882687,0.07678054088710472,0.09787594503698833,-0.02735204156336879,-0.045631350569178324,0.027821058196611577,0.0044293646030128,-0.001243414705246687,0.011846230699308213,0.008,-0.008,0.028,-0.00045030191539358457,-0.004414578028013864,0.004546424571877256,True
mediation_aware_recourse,False,3.0,1.0,0.1,250,0.5242970996107906,0.4842452734265709,0.5629971494986675,0.030380232462292107,0.02557481723199543,0.03564610441059461,0.05823747554886738,0.05467546148320489,0.061964254611604465,0.49492575489568713,0.4915728176718831,0.4984363765388847,0.09381562328338623,0.09012400092184543,0.09736652145981789,0.4139361531498342,0.3949808974957104,0.4320375902113814,-0.021269769957230032,-0.04283539759622801,0.0013034509358043737,0.21416801291941584,0.202362045066203,0.2258050780073648,0.276,0.22390000000000002,0.336,0.0,0.0,0.0,0.0,0.0,0.0,0.2558226061636927,0.23286054861483943,0.2783075362773434,0.9486158196248905,0.8981589397564712,0.9935300638012052,0.6180228216661944,0.5823222967230187,0.652029150106541,0.628,0.564,0.684,0.08969165847168577,0.07864796266793428,0.09970270538240994,-0.03242672645830058,-0.05144976462024528,0.02774075589972606,0.004126295011490583,-0.0016346369177103043,0.011378868927061551,0.004,-0.016,0.024,-0.002072405517255761,-0.006612171067688793,0.0030045508710440007,False
mediation_aware_recourse,False,3.0,2.0,0.1,250,0.530129857677035,0.4902170872296672,0.5695110328106908,0.029165556261032954,0.024840933785825775,0.034143044289335275,0.05666798750819616,0.05303308528979984,0.060336654166118865,0.4948163949210644,0.49163940657731897,0.4983073183554292,0.09381562328338623,0.09012400092184543,0.09736652145981789,0.4139361531498342,0.3949808974957104,0.4320375902113814,-0.02842631418584174,-0.04934415590542197,-0.00545195248112863,0.21228188277868126,0.20041159863883537,0.2238260846945708,0.288,0.232,0.348,0.0,0.0,0.0,0.0,0.0,0.0,0.2562132122594129,0.23314307237939938,0.2783751473129994,0.9313268146076814,0.8839549316835097,0.9840529727144274,0.6189664579032614,0.5854318479073028,0.6505555397934912,0.636,0.572,0.692,0.09307462753813152,0.0821725644644585,0.10282020250029363,-0.04971573147550967,-0.06982601368224316,0.020350913130452133,0.009959053077735007,0.0012947635978460314,0.020479018974653446,0.016,-0.008,0.04,-0.001681799421535548,-0.007567702773275059,0.004586841202018954,False
mediation_aware_recourse,False,3.0,5.0,0.1,250,0.5512995325699449,0.5115002828349359,0.5880791590073146,0.028160288930113207,0.023657562187993187,0.03283514011713664,0.051470710067730525,0.04820486075281494,0.05493928873218779,0.494111037780285,0.49062795062286857,0.4975279882788181,0.09381562328338623,0.09012400092184543,0.09736652145981789,0.4139361531498342,0.3949808974957104,0.4320375902113814,-0.05143067294867683,-0.07227199243288847,-0.03182464481780722,0.20158686041329496,0.19094687828510812,0.21211273193417846,0.264,0.2119,0.324,0.0,0.0,0.0,0.0,0.0,0.0,0.26111223728957283,0.2380779134552182,0.2826832156990622,0.8757521599470915,0.8332912376597338,0.9210204205477452,0.6308016483813674,0.5998320669962706,0.6614828555241754,0.688,0.632,0.748,0.10174532734492675,0.09130921008879694,0.11178301802514469,-0.10529038613609953,-0.1361322026846426,-0.048169004493411806,0.03112872797064483,0.013456499570282176,0.050345698676560996,-0.008,-0.044,0.028,0.003217225608624397,-0.006611286834662314,0.013685278858703086,False
transport_anchor_only,False,10.0,0.0,0.1,250,0.6087605858622119,0.5715941971329972,0.6493599601814057,0.013519113966324551,0.011381602571129034,0.01564735778842201,0.05994191405721962,0.055982355327518364,0.06374339846570574,0.4941451259815693,0.49080553402276034,0.49745688341277844,0.09381562328338623,0.09012400092184543,0.09736652145981789,0.4139361531498342,0.3949808974957104,0.4320375902113814,-0.04260757827887984,-0.061336188162595756,-0.023041634251424126,0.20690237336607248,0.19634824359149847,0.21783045633852466,0.4,0.33990000000000004,0.464,0.0,0.0,0.0,0.0,0.0,0.0,0.27463061436485875,0.2524225738528766,0.2978764772595957,0.8970672700254404,0.8586158077502398,0.9395829282658772,0.6634596908808249,0.6304467412551876,0.6901116880293439,0.616,0.552,0.676,0.09095655853192759,0.07866158308436494,0.10203584265802851,-0.0038546661357135026,-0.010619862926587714,0.001138363612068818,1.1957406997680664e-05,-0.00020775890350341797,0.00019754038453102045,0.004,0.0,0.012,0.0007139527183798724,-0.00048072591893689044,0.0021049666505640417,False
mediation_aware_recourse,False,10.0,0.5,0.1,250,0.6112626504478976,0.5730668836877448,0.6520398791159736,0.013303147786005812,0.011137477973268315,0.015432308172132429,0.05792565609020248,0.054139231608272984,0.0613496776490216,0.4942483205888271,0.49087180111930373,0.4976115360418558,0.09381562328338623,0.09012400092184543,0.09736652145981789,0.4139361531498342,0.3949808974957104,0.4320375902113814,-0.050451865041494376,-0.06884394572569509,-0.031431402259846655,0.20415523798706084,0.19298330347161072,0.2148307594090522,0.408,0.344,0.472,0.0,0.0,0.0,0.0,0.0,0.0,0.274179848597938,0.2526552352223609,0.29732884017898703,0.8781167949269894,0.838026452462541,0.9205746628841455,0.6623707193651307,0.6292592021355495,0.6895016780835765,0.64,0.5759,0.7,0.09510408479669524,0.0836222857548356,0.10665628372350772,-0.02280514123416455,-0.042624341498264495,-0.004338868814796195,0.0025140219926834107,-2.7839142084121696e-05,0.006227059721946715,0.012,-0.004,0.028,0.00026318695145909987,-0.0021941803598085835,0.0027329225253161595,False
mediation_aware_recourse,False,10.0,0.5513084307449635,0.1,250,0.6112626504478976,0.5730668836877448,0.6520398791159736,0.013303147786005812,0.011137477973268315,0.015432308172132429,0.05792565609020248,0.054139231608272984,0.0613496776490216,0.4942483205888271,0.49087180111930373,0.4976115360418558,0.09381562328338623,0.09012400092184543,0.09736652145981789,0.4139361531498342,0.3949808974957104,0.4320375902113814,-0.050451865041494376,-0.06884394572569509,-0.031431402259846655,0.20415523798706084,0.19298330347161072,0.2148307594090522,0.408,0.344,0.472,0.0,0.0,0.0,0.0,0.0,0.0,0.274179848597938,0.2526552352223609,0.29732884017898703,0.8781167949269894,0.838026452462541,0.9205746628841455,0.6623707193651307,0.6292592021355495,0.6895016780835765,0.64,0.5759,0.7,0.09510408479669524,0.0836222857548356,0.10665628372350772,-0.02280514123416455,-0.042624341498264495,-0.004338868814796195,0.0025140219926834107,-2.7839142084121696e-05,0.006227059721946715,0.012,-0.004,0.028,0.00026318695145909987,-0.0021941803598085835,0.0027329225253161595,True
mediation_aware_recourse,False,10.0,1.0,0.1,250,0.6107854673443363,0.5730416756377322,0.650719712944585,0.013383133451137,0.01121234349300071,0.015463737420308814,0.0574522312192891,0.05391139982188714,0.06083890536094812,0.4943924753887653,0.49098628842860464,0.4977817005060851,0.09381562328338623,0.09012400092184543,0.09736652145981789,0.4139361531498342,0.3949808974957104,0.4320375902113814,-0.05216033833169528,-0.0707485533181297,-0.032929158809656904,0.20366550184846152,0.19256023348404366,0.21406410419210145,0.404,0.3439,0.468,0.0,0.0,0.0,0.0,0.0,0.0,0.2739941721711586,0.2520168384239356,0.2966984463876859,0.8739894113264018,0.8339372979562116,0.9168095369438105,0.661922157485022,0.6284067201099462,0.6893523795094463,0.644,0.58,0.7,0.09605115965518539,0.0844963080347261,0.10736161379031212,-0.02693252483475206,-0.04674372735818594,-0.007445761630755973,0.002036838889122009,-0.0007680743455886841,0.005851069176197051,0.008,-0.012,0.028,7.751052467972696e-05,-0.0025776516010763886,0.0026724875092525207,False
mediation_aware_recourse,False,10.0,2.0,0.1,250,0.6137471328554674,0.5751163360901643,0.653097013098374,0.013273576295680609,0.01115892817454215,0.015413912936506733,0.056245424487791205,0.05263937282373358,0.05980870169827372,0.49447580209898956,0.4910377816913963,0.49796680481917854,0.09381562328338623,0.09012400092184543,0.09736652145981789,0.4139361531498342,0.3949808974957104,0.4320375902113814,-0.05758380164347659,-0.07620080148188031,-0.038324268066564665,0.2047681969700298,0.19408288534407364,0.2156433672227925,0.396,0.332,0.46,0.0,0.0,0.0,0.0,0.0,0.0,0.2708421402844465,0.24863436030344957,0.2933646207930465,0.8608872377894647,0.821010903193939,0.9032533968418033,0.6543073979068119,0.6229410226970942,0.6807823633643733,0.664,0.604,0.72,0.10033890725443212,0.08860026743585445,0.11121708009022395,-0.04003469837168916,-0.06240927820872945,-0.018413172432490126,0.004998504400253296,-0.0004275408238172531,0.012417353665828702,0.0,-0.024,0.02,-0.0030745213620323912,-0.007212554784269602,0.0006004419796378352,False
mediation_aware_recourse,False,10.0,5.0,0.1,250,0.6374433264760301,0.5975807868352858,0.6767986089869635,0.012439250297726087,0.01039261319162947,0.014399539498626934,0.05171341888235612,0.048408589799251014,0.05507577914821449,0.49362424651885034,0.4902629166573882,0.49696260602301956,0.09381562328338623,0.09012400092184543,0.09736652145981789,0.4139361531498342,0.3949808974957104,0.4320375902113814,-0.0757652169238514,-0.09424385489027978,-0.05817549719024226,0.20245336656668972,0.1923434936534072,0.21243412732561961,0.4,0.336,0.468,0.0,0.0,0.0,0.0,0.0,0.0,0.26984256280915886,0.24748777331904426,0.2920530113849175,0.8169640019425258,0.7793717370645057,0.8572736532857904,0.6518925929721926,0.6209939276742817,0.6785729956355896,0.704,0.644,0.76,0.10954743657272102,0.09826065415997791,0.12078849503822957,-0.08395793421862807,-0.1170781533843648,-0.053449766198488034,0.02869469802081585,0.014461353509873152,0.04672722160033881,0.004,-0.032,0.04,-0.0040740988373200926,-0.01142509104366255,0.00349512218034217,False
transport_anchor_only,False,30.0,0.0,0.1,250,0.7758675559042022,0.7203658925684867,0.8279293961554067,0.0035182328088285567,0.002790394848587865,0.00430728301799309,0.05870998942866344,0.05458865530383276,0.06254790370156822,0.4958703101394176,0.49195955879486203,0.4993846515597403,0.09381562328338623,0.09012400092184543,0.09736652145981789,0.4139361531498342,0.3949808974957104,0.4320375902113814,-0.06792885553712143,-0.08887536674168257,-0.046714755807749565,0.2284842920141132,0.21818218628000577,0.23810884908127117,0.6,0.54,0.66,0.0,0.0,0.0,0.0,0.0,0.0,0.25878058383799235,0.23669530892706958,0.28112753354938896,0.8358953306682229,0.7911747384571645,0.879650426199301,0.6251687800946165,0.5922921218350082,0.6537479948448498,0.62,0.552,0.68,0.11154221242448159,0.09786635693362734,0.1254699594567106,0.0007932864520823202,-0.0031230424703940244,0.006304184383783553,0.00267679762840271,0.0,0.010391893035173414,0.004,0.0,0.016,0.001189494488236598,-0.00019361627361839638,0.003534406257273737,False
mediation_aware_recourse,False,30.0,0.5,0.1,250,0.7732854319093749,0.7188881724079605,0.8244756556608946,0.0036105973509471005,0.0028748701784365696,0.00437465352159171,0.056886247984181654,0.052934625292880885,0.06070331675895309,0.49655553555846216,0.4927034249636351,0.5000410560238062,0.09381562328338623,0.09012400092184543,0.09736652145981789,0.4139361531498342,0.3949808974957104,0.4320375902113814,-0.0735319414751743,-0.09497314058901533,-0.051605879848850775,0.2288117359020686,0.21891541136337794,0.23872030412347928,0.596,0.5399,0.66,0.0,0.0,0.0,0.0,0.0,0.0,0.2557746539867223,0.23470689965144761,0.27757048649659094,0.8223592191316575,0.7745030591501091,0.8685453154365428,0.6179069775656254,0.5853958539054206,0.6477125475236499,0.636,0.572,0.692,0.11584672031914311,0.10197473428734413,0.13012187217394156,-0.01274282508448299,-0.026713674035543686,0.0006348177102131448,9.467363357543945e-05,-0.0004345568835735321,0.0005214439809322357,0.0,-0.012,0.012,-0.001816435363033545,-0.004260825178641929,0.00032271446222776484,False
mediation_aware_recourse,False,30.0,0.5513084307449635,0.1,250,0.7733627033708617,0.7189693548946176,0.8245529271223815,0.0036105973509471005,0.0028748701784365696,0.00437465352159171,0.0567712661066244,0.05282463648155835,0.060549320069209114,0.4964024105584622,0.49261123018543124,0.4999257748338997,0.09381562328338623,0.09012400092184543,0.09736652145981789,0.4139361531498342,0.3949808974957104,0.4320375902113814,-0.07458122622848216,-0.09612067558765067,-0.052620276872582375,0.22798425147623066,0.21777082049714483,0.23761916311246906,0.596,0.5399,0.66,0.0,0.0,0.0,0.0,0.0,0.0,0.25656340367459857,0.2348750825165611,0.2785639456883629,0.8198243239664893,0.7720788842106227,0.8644529172948158,0.6198124593172174,0.5876724280282486,0.6508551793536278,0.64,0.576,0.696,0.11597698785185889,0.10217541268013457,0.13014287925128304,-0.015277720249651239,-0.03038922147440809,-0.0007302729227703114,0.00017194509506225587,-0.0003982750356197357,0.0006262911796569823,0.0,-0.012,0.012,-0.0010276856751572619,-0.0039364954116720965,0.0014815369311351684,True
mediation_aware_recourse,False,30.0,1.0,0.1,250,0.7706923962114379,0.7162202098587761,0.8222006101645064,0.0037082781386208953,0.0029519923112830498,0.004474963658339,0.056369903731837964,0.05239474461977026,0.06026295208851912,0.496426859351635,0.4926546239755452,0.5000045901786804,0.09381562328338623,0.09012400092184543,0.09736652145981789,0.4139361531498342,0.3949808974957104,0.4320375902113814,-0.07639315363204394,-0.09750527161803808,-0.05502472559857491,0.22815574852739906,0.21786449988383572,0.23804706694618497,0.596,0.536,0.656,0.0,0.0,0.0,0.0,0.0,0.0,0.2548652252742588,0.23275072901426433,0.2772515459933426,0.8154470126594823,0.7664119958147126,0.8599140201229639,0.6157099563273174,0.5829635380566209,0.6453645357635625,0.644,0.58,0.7,0.11773204075380965,0.10342171479999046,0.1319140346928926,-0.019655031556658265,-0.03586039397582423,-0.003907175557060583,-0.002498362064361572,-0.009464608943462372,0.0015921234607696529,0.0,-0.016,0.016,-0.0027258640754969934,-0.006895921634272408,0.0008119222975482657,False
mediation_aware_recourse,False,30.0,2.0,0.1,250,0.7740606543300673,0.7175491064536152,0.8274341051461873,0.0036830944330468675,0.0029403510996403944,0.004428882318715779,0.054464888649315896,0.05070008433871596,0.058251189696909386,0.4962818852801323,0.4924262255675852,0.49977160726761827,0.09381562328338623,0.09012400092184543,0.09736652145981789,0.4139361531498342,0.3949808974957104,0.4320375902113814,-0.08531893701606313,-0.10567055789518767,-0.06413350813298131,0.226767885366891,0.2163307246600365,0.23722488851097523,0.588,0.528,0.652,0.0,0.0,0.0,0.0,0.0,0.0,0.25315334255009186,0.2306675074489072,0.27488480356259465,0.7938838239500673,0.7447647045631611,0.8416301445189655,0.6115743460799794,0.5797316201746786,0.6426092820029001,0.668,0.6039,0.724,0.12305087380790271,0.10878837749437449,0.13730209664738896,-0.04121822026607325,-0.06450549471350993,-0.02014782313028073,0.0008698960542678833,-0.00883839461505413,0.010705221620202062,-0.008,-0.032,0.016,-0.004437746799663936,-0.00910004328536569,-0.0004397635080384103,False
mediation_aware_recourse,False,30.0,5.0,0.1,250,0.800191680806689,0.7434409305848181,0.8557001618270297,0.003316368999990933,0.0026533172821412887,0.003988919840969244,0.05012750579512286,0.046390946567561916,0.0539022547953184,0.4962891284880638,0.4924281799364507,0.4998252032872677,0.09381562328338623,0.09012400092184543,0.09736652145981789,0.4139361531498342,0.3949808974957104,0.4320375902113814,-0.10309988960946492,-0.12299759550623277,-0.08208504397579025,0.22975781580415328,0.21947065691977147,0.2405712016081233,0.58,0.52,0.644,0.0,0.0,0.0,0.0,0.0,0.0,0.24469600751382492,0.22284916724369372,0.2667279640009807,0.7509280384790515,0.7063415853225908,0.797429632433937,0.591142898909335,0.5558219970088907,0.6242301929864132,0.704,0.64,0.76,0.13578805056319473,0.12096129569432768,0.15107206285233268,-0.084174005737089,-0.1143460012900504,-0.0562363274048969,0.02700092253088951,0.012811279771476985,0.043191621385514724,-0.016,-0.052,0.02,-0.012895081835930884,-0.020001394230774874,-0.006075154559378751,False
transport_anchor_only,False,0.0,0.0,0.5,250,1.3902114716302095e-06,2.9729741118558193e-07,2.9157432053096954e-06,0.46317445284726905,0.42718328247078097,0.4988277516820836,0.041801534767371605,0.037046654476330834,0.04631561705519916,0.526655766366005,0.5197855217725336,0.5329463130679309,0.09381562328338623,0.09012400092184543,0.09736652145981789,0.4139361531498342,0.3949808974957104,0.4320375902113814,0.41392678638716834,0.3935970523762907,0.4353056124129046,0.4543020011587408,0.4406844861116096,0.4695748864204607,0.1,0.068,0.14,0.0,0.0,0.0,0.0,0.0,0.0,9.366762665787842e-06,7.002339438372362e-07,2.254876450494511e-05,2.2628520351619663e-05,2.20634240713502e-06,5.656757051754056e-05,2.262846579270672e-05,1.8893326961061386e-06,5.348034131647805e-05,0.0,0.0,0.0,0.0,0.0,0.0,2.2628520351619663e-05,2.179951718664364e-06,5.6056045360564067e-05,1.3902114716302095e-06,2.9729741118558193e-07,2.9157432053096954e-06,0.0,0.0,0.0,9.366762665787842e-06,8.914683990118855e-07,2.2859324235289566e-05,False
mediation_aware_recourse,False,0.0,0.5,0.5,250,1.029785356990942e-06,9.334545695196539e-08,2.3333004178311967e-06,0.4631931498634877,0.4271949536765669,0.49884093925298617,0.04179848722341981,0.03704596208010003,0.04631517237438126,0.5266569958190918,0.5197860456615985,0.5329478630825459,0.09381562328338623,0.09012400092184543,0.09736652145981789,0.4139361531498342,0.3949808974957104,0.4320375902113814,0.4139346111233018,0.39360723820478866,0.4353110655854096,0.45430870730482364,0.44068707666724105,0.46958570815699485,0.1,0.068,0.14,0.0,0.0,0.0,0.0,0.0,0.0,1.5420265323378147e-06,2.512781360186622e-07,3.287942400052812e-06,3.7252762790096483e-06,6.426665526970687e-07,7.92031382519931e-06,3.725267296972312e-06,5.356969835335069e-07,7.99878144222832e-06,0.0,0.0,0.0,0.0,0.0,0.0,3.7252762790096483e-06,5.718917160224546e-07,8.347449148518592e-06,1.029785356990942e-06,9.334545695196539e-08,2.3333004178311967e-06,0.0,0.0,0.0,1.5420265323378147e-06,2.387752223677708e-07,3.453125726108646e-06,False
mediation_aware_recourse,False,0.0,0.5513084307449635,0.5,250,1.029785356990942e-06,9.334545695196539e-08,2.3333004178311967e-06,0.4631931498634877,0.4271949536765669,0.49884093925298617,0.04179848722341981,0.03704596208010003,0.04631517237438126,0.5266569958190918,0.5197860456615985,0.5329478630825459,0.09381562328338623,0.09012400092184543,0.09736652145981789,0.4139361531498342,0.3949808974957104,0.4320375902113814,0.4139346111233018,0.39360723820478866,0.4353110655854096,0.45430870730482364,0.44068707666724105,0.46958570815699485,0.1,0.068,0.14,0.0,0.0,0.0,0.0,0.0,0.0,1.5420265323378147e-06,2.512781360186622e-07,3.287942400052812e-06,3.7252762790096483e-06,6.426665526970687e-07,7.92031382519931e-06,3.725267296972312e-06,5.356969835335069e-07,7.99878144222832e-06,0.0,0.0,0.0,0.0,0.0,0.0,3.7252762790096483e-06,5.718917160224546e-07,8.347449148518592e-06,1.029785356990942e-06,9.334545695196539e-08,2.3333004178311967e-06,0.0,0.0,0.0,1.5420265323378147e-06,2.387752223677708e-07,3.453125726108646e-06,True
mediation_aware_recourse,False,0.0,1.0,0.5,250,1.029785356990942e-06,9.334545695196539e-08,2.3333004178311967e-06,0.4631931498634877,0.4271949536765669,0.49884093925298617,0.04179848722341981,0.03704596208010003,0.04631517237438126,0.5266569958190918,0.5197860456615985,0.5329478630825459,0.09381562328338623,0.09012400092184543,0.09736652145981789,0.4139361531498342,0.3949808974957104,0.4320375902113814,0.4139346111233018,0.39360723820478866,0.4353110655854096,0.45430870730482364,0.44068707666724105,0.46958570815699485,0.1,0.068,0.14,0.0,0.0,0.0,0.0,0.0,0.0,1.5420265323378147e-06,2.512781360186622e-07,3.287942400052812e-06,3.7252762790096483e-06,6.426665526970687e-07,7.92031382519931e-06,3.725267296972312e-06,5.356969835335069e-07,7.99878144222832e-06,0.0,0.0,0.0,0.0,0.0,0.0,3.7252762790096483e-06,5.718917160224546e-07,8.347449148518592e-06,1.029785356990942e-06,9.334545695196539e-08,2.3333004178311967e-06,0.0,0.0,0.0,1.5420265323378147e-06,2.387752223677708e-07,3.453125726108646e-06,False
mediation_aware_recourse,False,0.0,2.0,0.5,250,6.723087204818512e-07,1.3185027455620002e-08,1.7862714851077042e-06,0.4631937026681858,0.4271954926611476,0.49884149741940553,0.041798362491559556,0.03704580089927821,0.04631515103160397,0.5266580338339806,0.5197879884213508,0.5329481417059481,0.09381562328338623,0.09012400092184543,0.09736652145981789,0.4139361531498342,0.3949808974957104,0.4320375902113814,0.41393482515972074,0.39360723781330065,0.4353110560603479,0.4543088560341504,0.4406872215595832,0.4695857116377252,0.1,0.068,0.14,0.0,0.0,0.0,0.0,0.0,0.0,1.3279901133966821e-06,8.737519735313448e-08,3.0143941114950884e-06,3.2082003548206117e-06,2.0618772681169077e-07,7.364505619242288e-06,3.2081926195637323e-06,1.6127352464034853e-07,7.354324213670881e-06,0.0,0.0,0.0,0.0,0.0,0.0,3.2082003548206117e-06,1.6255749375471144e-07,7.695253009007418e-06,6.723087204818512e-07,1.3185027455620002e-08,1.7862714851077042e-06,0.0,0.0,0.0,1.3279901133966821e-06,6.95384973183111e-08,3.172022891716741e-06,False
mediation_aware_recourse,False,0.0,5.0,0.5,250,0.0009219656374085617,5.1286989975182e-06,0.0024486857624803765,0.4631357690133162,0.42707506468608436,0.49883968752513963,0.041587034605440165,0.036714368796511763,0.04605256377332733,0.526631451217413,0.5197620057466924,0.532887386340618,0.09381562328338623,0.09012400092184543,0.09736652145981789,0.4139361531498342,0.3949808974957104,0.4320375902113814,0.4126735138002265,0.39212913237626373,0.43438841766444736,0.4539639021808791,0.4401730825746032,0.46926167567931637,0.1,0.068,0.14,0.0,0.0,0.0,0.0,0.0,0.0,0.0004987052305229807,-0.0007616611708246955,0.0021621113613764674,0.0030503239207294586,1.0981893420189411e-05,0.007015120212279244,0.0012047849029819258,-0.0020496976707502002,0.004958578989671793,0.0,0.0,0.0,0.0,0.0,0.0,0.0030503239207294586,7.021394872557817e-05,0.007023447368828259,0.0009219656374085617,5.1286989975182e-06,0.0024486857624803765,0.0,0.0,0.0,0.0004987052305229807,-0.0007619694852987942,0.0020170565541556855,False
transport_anchor_only,False,1.0,0.0,0.5,250,0.15318792450308957,0.11786854989116147,0.18957315413892623,0.2957025926266901,0.2632906690023971,0.32816977901936223,0.05127757312472025,0.04719547058042086,0.05550023864892866,0.506498862259388,0.502065000153923,0.5109993026807963,0.09381562328338623,0.09012400092184543,0.09736652145981789,0.4139361531498342,0.3949808974957104,0.4320375902113814,0.2721242585345933,0.24220373537775763,0.30229825605116545,0.3623430373493543,0.3444781593217598,0.3800516741140861,0.12,0.084,0.16,0.0,0.0,0.0,0.0,0.0,0.0,0.09764433274075517,0.0764012431085891,0.12049897502627775,0.34259364285078187,0.26638123799031155,0.4103867712379643,0.23589168660700965,0.18482976974546236,0.28772246467218887,0.184,0.14,0.228,0.022083780937242843,0.0159760764944973,0.028663735743493787,0.037696921204495526,0.0034048234213931803,0.07815049445482103,0.01842603632301325,0.0034668759724110717,0.036439422189779,0.004,0.0,0.01209999999999991,0.011489535293042915,0.003335721472779531,0.021561061553755003,False
mediation_aware_recourse,False,1.0,0.5,0.5,250,0.13932526132712064,0.10538406826803615,0.17268667844794117,0.3095348237747161,0.27682502696787525,0.34422546442023766,0.04983675228006597,0.045657775161262654,0.053953199088101964,0.507371344777584,0.5027402524554014,0.511882189685899,0.09381562328338623,0.09012400092184543,0.09736652145981789,0.4139361531498342,0.3949808974957104,0.4320375902113814,0.28171277160435587,0.2521646683101948,0.3108444667255786,0.37013896742441543,0.3522577475867275,0.38720845108640745,0.12,0.084,0.16,0.0,0.0,0.0,0.0,0.0,0.0,0.08917905768614227,0.06823249581972833,0.11201593852515525,0.31942941088698973,0.24538595053942377,0.38526076979725393,0.2154410577361403,0.16518443799086852,0.26885764919399663,0.168,0.128,0.212,0.021522161929668018,0.014884171989761762,0.028173943584850092,0.01453268924070339,-0.017347798615089595,0.04814522268031059,0.004563373147044331,-0.009927672631689347,0.01969274239155929,0.004,0.0,0.01209999999999991,0.003024260238430035,-0.005627642452688931,0.012241487958291273,False
mediation_aware_recourse,False,1.0,0.5513084307449635,0.5,250,0.13648496315130887,0.1024797252797141,0.16809085194071707,0.3124779909342618,0.2790997479967573,0.34690563634060423,0.04950268639592493,0.04549819881207973,0.05360532378984641,0.5075226856069565,0.5028998677599192,0.5121526932119429,0.09381562328338623,0.09012400092184543,0.09736652145981789,0.4139361531498342,0.3949808974957104,0.4320375902113814,0.28384617048190625,0.25472815244821423,0.3130953350489196,0.3723209809869785,0.3541686181413311,0.3892614283330664,0.12,0.084,0.16,0.0,0.0,0.0,0.0,0.0,0.0,0.0868460737097225,0.06548184791965231,0.10990971792606156,0.31427547866503636,0.2411975980458726,0.38351310166088254,0.20980497513331364,0.16051771578356125,0.26296503868536036,0.164,0.124,0.208,0.02162195447910269,0.014950289328186686,0.028566198866133343,0.009378757018750017,-0.02459493107774332,0.04395758721191825,0.0017230749712325633,-0.013501015872729477,0.017904364290332885,0.004,0.0,0.01209999999999991,0.0006912762620102674,-0.009171095835852443,0.011121284711863869,True
mediation_aware_recourse,False,1.0,1.0,0.5,250,0.11801673705143458,0.08629685957394115,0.14983225613626344,0.3311788888729818,0.29667850378308436,0.36750869549485954,0.04805274640567371,0.04375738576586674,0.05222534715957629,0.5091630580821037,0.5046344386977911,0.513781317792189,0.09381562328338623,0.09012400092184543,0.09736652145981789,0.4139361531498342,0.3949808974957104,0.4320375902113814,0.2990705527995196,0.272422287565685,0.327039606501835,0.38295802872103774,0.3648986537486483,0.39955090061802156,0.116,0.08,0.156,0.0,0.0,0.0,0.0,0.0,0.0,0.07528027314215119,0.055463664018470527,0.0967201801097532,0.2774959362120182,0.20935404845035144,0.34185492684896807,0.18186401710466626,0.13661303155927243,0.23070274380458147,0.144,0.104,0.188,0.019792663604081686,0.013751688533396178,0.02637358992882916,-0.02740078543426816,-0.061768414717963675,0.004324153349762844,-0.016745151128641736,-0.032006180153040624,-0.001695545927293461,0.0,0.0,0.0,-0.010874524305561057,-0.01937773417155952,-0.0026236846054712402,False
mediation_aware_recourse,False,1.0,2.0,0.5,250,0.08872503546335338,0.05991201496495189,0.11714166421841825,0.361963501731028,0.32552469322827454,0.3978516904484913,0.046275700964452264,0.04176949239859772,0.05059615482986817,0.5115505336449145,0.5068702968680262,0.516043170618093,0.09381562328338623,0.09012400092184543,0.09736652145981789,0.4139361531498342,0.3949808974957104,0.4320375902113814,0.3248574445378045,0.29869758587700707,0.3514612070339735,0.39815362496374956,0.38105793920795406,0.4155549730588213,0.112,0.076,0.152,0.0,0.0,0.0,0.0,0.0,0.0,0.05874580752885632,0.03940593745154341,0.07884530516541341,0.21519915072454532,0.1531005257810925,0.27866903786407227,0.14191963045991252,0.10019632382571361,0.18625837736115278,0.108,0.072,0.148,0.01516645054158665,0.009492247029937062,0.02154148406521311,-0.08969757092174102,-0.1388928290525074,-0.04609534709163389,-0.046036852716722934,-0.06846353731362469,-0.026381458485178887,-0.004,-0.016,0.0,-0.02740898991885592,-0.038971448752467365,-0.016107922013341488,False
mediation_aware_recourse,False,1.0,5.0,0.5,250,0.034729316157674134,0.018362313315114828,0.056100833039327835,0.42722665038471747,0.38860179932248445,0.4626200202765403,0.041915294853368354,0.03717985361350815,0.046272032916040165,0.5190166162238121,0.5134389498842298,0.5250252737792074,0.09381562328338623,0.09012400092184543,0.09736652145981789,0.4139361531498342,0.3949808974957104,0.4320375902113814,0.3763306165017675,0.3512555747823834,0.40038905092015553,0.4305535764272654,0.4160263585656091,0.4448609700205952,0.116,0.08,0.1560999999999999,0.0,0.0,0.0,0.0,0.0,0.0,0.02577414666954526,0.014263977532712257,0.03993845858732474,0.09084864021156036,0.04728261315237536,0.13596186120908185,0.062265845421644594,0.03279744327937654,0.09333647581425258,0.04,0.02,0.068,0.0055337279297183175,0.00203350745407019,0.009603881250948392,-0.21404808143472598,-0.28489078826651876,-0.14320522452422815,-0.10003257202240218,-0.13275865148387206,-0.06717248961950517,0.0,-0.02,0.02,-0.06038065077816698,-0.08075998335056107,-0.04079310571877066,False
transport_anchor_only,False,3.0,0.0,0.5,250,0.5234412285294384,0.48361793852515983,0.5619682844846975,0.030370948178146076,0.02556549171476575,0.03546734627308103,0.06107230698524058,0.05744912814106684,0.06477278181186442,0.493015684633255,0.4898048664394378,0.4963947024452388,0.09381562328338623,0.09012400092184543,0.09736652145981789,0.4139361531498342,0.3949808974957104,0.4320375902113814,-0.010476727799993445,-0.031539919642390724,0.012251218314274089,0.21438580241416352,0.20189519048478125,0.22664144997222468,0.28,0.22790000000000002,0.336,0.0,0.0,0.0,0.0,0.0,0.0,0.2593049389239976,0.2353785167452753,0.2820595630671333,0.9746899909073631,0.9253145257536278,0.9986505999326468,0.626435530577178,0.5898187044819474,0.659816774958561,0.592,0.524,0.652,0.08255397101291495,0.07196741941391872,0.09256616818894035,-0.006352555175828001,-0.018560958092112993,0.013388687332523061,0.0032704239301383493,-0.00020325972810387611,0.009529400404542684,0.008,0.0,0.02,0.0014099272430492735,-0.0020105484048989685,0.006181521501900632,False
mediation_aware_recourse,False,3.0,0.5,0.5,250,0.5235124588217587,0.4839774941122625,0.5625097431424539,0.030431814804658664,0.02560228736103265,0.035657511270354,0.05971486430529957,0.056004305818793496,0.0636012499953998,0.4932085011832714,0.4900166198183477,0.4966961991262197,0.09381562328338623,0.09012400092184543,0.09736652145981789,0.4139361531498342,0.3949808974957104,0.4320375902113814,-0.016445389664138013,-0.03807081055158119,0.006816988495865145,0.2151010005735642,0.20295181077491298,0.22721445401676402,0.284,0.228,0.348,0.0,0.0,0.0,0.0,0.0,0.0,0.256267466036953,0.2329362549924951,0.2791600948969602,0.9602707095309329,0.9092375109619469,0.9974688942552709,0.6190975255723163,0.5829650114458406,0.6528304448894208,0.608,0.544,0.664,0.08705703838850959,0.07646527506069985,0.09770977502313404,-0.020771836552258227,-0.037740061733633756,0.02488257191648791,0.003341654222458601,-0.0009633849911391734,0.010185313523095098,0.012,-0.004,0.028,-0.0016275456439954115,-0.005312462504897951,0.003144745853970201,False
mediation_aware_recourse,False,3.0,0.5513084307449635,0.5,250,0.5241647541131824,0.48465701650010884,0.5627441596063086,0.030275581233737688,0.02551722184303175,0.03546655398452108,0.05945588728981964,0.05576088924186475,0.06331125005000363,0.4931041455082893,0.4899129641597986,0.4966080062584461,0.09381562328338623,0.09012400092184543,0.09736652145981789,0.4139361531498342,0.3949808974957104,0.4320375902113814,-0.0176735052571727,-0.039292448312335644,0.005259682806206323,0.2144763671985382,0.20241273234976362,0.2265984216519103,0.288,0.232,0.348,0.0,0.0,0.0,0.0,0.0,0.0,0.2569224836289614,0.23397348327581693,0.27931939960698343,0.9573037891890169,0.9063048995935267,0.9966826003317685,0.620679933892381,0.5848041077692757,0.6537954206735399,0.612,0.548,0.668,0.08734358738902273,0.07670108011365342,0.09809873987686363,-0.02373875689417415,-0.041096915598684725,0.026257501963285326,0.0039939495138823985,-0.0007114678412675857,0.010987544526625422,0.016,0.0,0.036,-0.000972528051987011,-0.004864255892081143,0.004039037295481281,True
mediation_aware_recourse,False,3.0,1.0,0.5,250,0.526698892256245,0.48738279447341337,0.565501660358021,0.029642337866404994,0.02466804095626397,0.03492336040285335,0.058489732548531334,0.05489334034873412,0.0621429360358819,0.49331407173228264,0.4901312117302299,0.49669248255980614,0.09381562328338623,0.09012400092184543,0.09736652145981789,0.4139361531498342,0.3949808974957104,0.4320375902113814,-0.02190773600075657,-0.04298729498429735,0.0006086544457292004,0.2131491944792115,0.20104525301598689,0.22435348429825233,0.292,0.24,0.352,0.0,0.0,0.0,0.0,0.0,0.0,0.2580496884691894,0.23535971444821213,0.27997996919341633,0.947074601157569,0.8999411388524252,0.9932512902549067,0.6234030642927794,0.5877107597282454,0.6561675773994258,0.616,0.552,0.672,0.08889710034070067,0.07824192601530043,0.09954058147900609,-0.03396794492562205,-0.05181461076198077,0.027468873610496294,0.00652808765694499,0.00012851732522249222,0.014243771538697183,0.02,-0.004,0.044,0.00015467678824098452,-0.004441769922602738,0.005677240722905537,False
mediation_aware_recourse,False,3.0,2.0,0.5,250,0.5349118042467162,0.49563204439783004,0.5739646861665417,0.028105575040810554,0.023897227541964328,0.03315266347323014,0.056120229894585295,0.052520243071781034,0.05968985718284135,0.49348511055397987,0.4901613926739692,0.496775449461931,0.09381562328338623,0.09012400092184543,0.09736652145981789,0.4139361531498342,0.3949808974957104,0.4320375902113814,-0.03331017315992865,-0.05419203429844178,-0.01162378359366437,0.20910613009049542,0.1982957790131607,0.22047090358266466,0.292,0.236,0.356,0.0,0.0,0.0,0.0,0.0,0.0,0.2588057916374481,0.23494829012378715,0.2813695406254119,0.9195282342301925,0.8722089830285599,0.9702024214118752,0.6252296777438948,0.5918493383623387,0.6554438518408653,0.64,0.576,0.696,0.09422026733615732,0.08326977903828818,0.10381646022267765,-0.061514311852998604,-0.08438110227552534,0.004168333673707525,0.014740999647416174,0.003901555917877704,0.02688208966050297,0.02,-0.004,0.0440999999999999,0.0009107799564997532,-0.006002522397087451,0.008607817596566099,False
mediation_aware_recourse,False,3.0,5.0,0.5,250,0.5504244519844651,0.5107440253121779,0.5869282513241749,0.028377568685974467,0.02389417966817245,0.03293619041645105,0.05154679242723999,0.04829575240422356,0.05501648031241444,0.4936357507088185,0.4901447564989388,0.49707454177182325,0.09381562328338623,0.09012400092184543,0.09736652145981789,0.4139361531498342,0.3949808974957104,0.4320375902113814,-0.051675636064200545,-0.0721235415785902,-0.0323754232556511,0.20161129437794192,0.19096085857532266,0.21210777328832847,0.26,0.2079,0.32,0.0,0.0,0.0,0.0,0.0,0.0,0.26086727417404904,0.23869064733341977,0.28239618057685034,0.8751603703349504,0.8318443960037788,0.9213655530339997,0.6302098601960684,0.5993743588534248,0.6608404988704565,0.688,0.632,0.748,0.10199029046045047,0.09135159938751264,0.11221046715779767,-0.10588217574824066,-0.13660923878726292,-0.04745323399662409,0.030253647385165096,0.012754061206593179,0.04977846791329794,-0.012,-0.048,0.024,0.0029722624931006816,-0.006933322755907238,0.013580301192293117,False
transport_anchor_only,False,10.0,0.0,0.5,250,0.6065481854854151,0.5696957212802721,0.6464589311009972,0.01375912732033635,0.011504905682375234,0.015976791063058753,0.06015568448492444,0.0563204802746903,0.06379880235160378,0.4936479561355114,0.49024283557313086,0.49695378175714616,0.09381562328338623,0.09012400092184543,0.09736652145981789,0.4139361531498342,0.3949808974957104,0.4320375902113814,-0.04073194857435122,-0.05908685371816375,-0.02113551605440726,0.20579844348196955,0.19492125726146492,0.21691974148551596,0.392,0.332,0.456,0.0,0.0,0.0,0.0,0.0,0.0,0.27595134869530213,0.25464033643871686,0.2983037273091731,0.901598475358089,0.860885479462872,0.9451460630216902,0.6666503547936526,0.6348748785962453,0.694337595801176,0.616,0.552,0.676,0.08935837651444159,0.07732960696755008,0.1001526134373526,0.0006765391969351109,-0.01310061163125649,0.015323713877030586,-0.002200442969799042,-0.006858133196830749,0.00020779582262039182,-0.004,-0.016,0.008,0.0020346870488232847,-0.0003857426595856214,0.005020373799341254,False
mediation_aware_recourse,False,10.0,0.5,0.5,250,0.6112515971241519,0.5730629399225814,0.6520103865768062,0.013303147786005812,0.011137477973268315,0.015432308172132429,0.05809337769475597,0.05430708397045873,0.06157551640744748,0.4940429683768749,0.4905481049385071,0.4974772036840915,0.09381562328338623,0.09012400092184543,0.09736652145981789,0.4139361531498342,0.3949808974957104,0.4320375902113814,-0.05181430110321996,-0.06989957561474426,-0.03258511633783195,0.20360279802293507,0.1926774730290806,0.21440404473589794,0.408,0.344,0.472,0.0,0.0,0.0,0.0,0.0,0.0,0.27446328961360755,0.25277047482164683,0.2977844657463991,0.8748253789649909,0.8356302440682511,0.9169974113897298,0.6630554634497405,0.6299881020267523,0.690245624949317,0.644,0.5799,0.704,0.09564358231972324,0.08389433167638999,0.10716124686864345,-0.026096557196162995,-0.044858287339442665,-0.00828272904066249,0.002502968668937683,-3.478900790214537e-05,0.006209086221456526,0.012,-0.004,0.028,0.0005466279671287046,-0.0018381631888960432,0.002929286593614289,False
mediation_aware_recourse,False,10.0,0.5513084307449635,0.5,250,0.6112515971241519,0.5730629399225814,0.6520103865768062,0.013303147786005812,0.011137477973268315,0.015432308172132429,0.05809337769475597,0.05430708397045873,0.06157551640744748,0.4940429683768749,0.4905481049385071,0.4974772036840915,0.09381562328338623,0.09012400092184543,0.09736652145981789,0.4139361531498342,0.3949808974957104,0.4320375902113814,-0.05181430110321996,-0.06989957561474426,-0.03258511633783195,0.20360279802293507,0.1926774730290806,0.21440404473589794,0.408,0.344,0.472,0.0,0.0,0.0,0.0,0.0,0.0,0.27446328961360755,0.25277047482164683,0.2977844657463991,0.8748253789649909,0.8356302440682511,0.9169974113897298,0.6630554634497405,0.6299881020267523,0.690245624949317,0.644,0.5799,0.704,0.09564358231972324,0.08389433167638999,0.10716124686864345,-0.026096557196162995,-0.044858287339442665,-0.00828272904066249,0.002502968668937683,-3.478900790214537e-05,0.006209086221456526,0.012,-0.004,0.028,0.0005466279671287046,-0.0018381631888960432,0.002929286593614289,True
mediation_aware_recourse,False,10.0,1.0,0.5,250,0.6107150053558871,0.5729778528854949,0.650642611719924,0.013403032244506178,0.011229568063187654,0.015487294566062263,0.057373654283916165,0.05384412526130546,0.06077799454093816,0.49419538146471986,0.49080011269536017,0.4976051638996422,0.09381562328338623,0.09012400092184543,0.09736652145981789,0.4139361531498342,0.3949808974957104,0.4320375902113814,-0.051831920735310136,-0.07027875667620355,-0.03284056646217925,0.20355878041221429,0.19237643768466253,0.21391200888459763,0.404,0.34,0.468,0.0,0.0,0.0,0.0,0.0,0.0,0.27432258976754376,0.2526933543893602,0.29739418696441366,0.8747828129026741,0.8355110299225182,0.9178614000196984,0.6627155571483532,0.6297698762740294,0.6897354995101604,0.644,0.58,0.7,0.09572274205880026,0.08451917751002809,0.10716606575101782,-0.02613912325847978,-0.045959817092033096,-0.006628074221546631,0.0019663769006729127,-0.0008988557457923888,0.005857878649234771,0.008,-0.012,0.028,0.0004059281210648722,-0.0021576369226505823,0.0029557723969818503,False
mediation_aware_recourse,False,10.0,2.0,0.5,250,0.6156172152338549,0.5763526953342137,0.6541564429117135,0.013114577763045832,0.01095459717790939,0.015207648935305225,0.0561562292608149,0.05249819176477236,0.059707662675985713,0.49407176678442954,0.49061040475986,0.4974742339387715,0.09381562328338623,0.09012400092184543,0.09736652145981789,0.4139361531498342,0.3949808974957104,0.4320375902113814,-0.05589719464411252,-0.07466851068285818,-0.03651238940693531,0.20505885818602662,0.19448219825423313,0.2160231709227234,0.4,0.33990000000000004,0.464,0.0,0.0,0.0,0.0,0.0,0.0,0.2719384617502208,0.25081990114656083,0.29413456336218563,0.8649617961157425,0.8260057047424381,0.906790387163712,0.6569559194580994,0.6253244452882222,0.683403534183592,0.66,0.596,0.716,0.09894744302186294,0.0878547992412949,0.10997847405200972,-0.03596014004541137,-0.05692409789773384,-0.01571858735512843,0.006868586778640747,0.0003021091431379319,0.015220782312750814,0.004,-0.02,0.028,-0.001978199896258129,-0.0060542300438571495,0.0018225907748390597,False
mediation_aware_recourse,False,10.0,5.0,0.5,250,0.6375978693990036,0.5977491026344942,0.6770053400653879,0.0124192006330682,0.010376372005128788,0.014389362187358192,0.05174834105683806,0.04842155754736247,0.05512444519042868,0.4932860488576889,0.48975790280778403,0.4965892218946814,0.09381562328338623,0.09012400092184543,0.09736652145981789,0.4139361531498342,0.3949808974957104,0.4320375902113814,-0.07563923327125523,-0.09398414246048624,-0.0580709583083025,0.20239734574651694,0.19228758138249116,0.212435136866178,0.396,0.336,0.46009999999999995,0.0,0.0,0.0,0.0,0.0,0.0,0.2697623005464333,0.24747087806169005,0.2918347117957654,0.817268357219632,0.7793525130275474,0.8579410050846767,0.6516986933367118,0.6209881469049048,0.6785440064407343,0.7,0.64,0.756,0.10952457587778565,0.0982362227022615,0.12079647808154187,-0.08365357894152192,-0.1167621004114345,-0.05281286711190139,0.028849240943789482,0.014585164326429367,0.04688401752077043,0.0,-0.04,0.036,-0.004154361100045549,-0.011524341190348097,0.0033628003111920686,False
transport_anchor_only,False,30.0,0.0,0.5,250,0.7778964870451018,0.723804844513163,0.8294932708990993,0.0034592832541787467,0.0027257069177945184,0.004242446868303159,0.05869668947418297,0.05466410891934662,0.062431264954519824,0.4949206180553436,0.49098003177719124,0.49866814900070433,0.09381562328338623,0.09012400092184543,0.09736652145981789,0.4139361531498342,0.3949808974957104,0.4320375902113814,-0.06831588762832237,-0.08893536589447068,-0.04720367690937815,0.2263503823382128,0.2166207614121725,0.23615026046601273,0.6,0.54,0.66,0.0,0.0,0.0,0.0,0.0,0.0,0.26109400657546517,0.24011783823293578,0.28257784969984867,0.834960326348702,0.789862375732918,0.8792034689415191,0.6307576061540493,0.5980903275017513,0.6594356078913165,0.628,0.564,0.684,0.11057901710134567,0.09683948235612709,0.12436231273615338,-0.00014171786743855108,-0.012688071409029037,0.012790056717123272,0.0047057287693023685,-0.0012492771983146668,0.013379324507713317,0.004,0.0,0.016,0.0035029172257093682,0.0003900047756010944,0.007533325864081855,False
mediation_aware_recourse,False,30.0,0.5,0.5,250,0.7729665687559173,0.7184906997166574,0.8250235527716577,0.003636235887134111,0.002898273605835476,0.004400269748532727,0.05701184212986538,0.053100348649866715,0.0607634110262531,0.49474752264666555,0.4908746042622805,0.49835015758611556,0.09381562328338623,0.09012400092184543,0.09736652145981789,0.4139361531498342,0.3949808974957104,0.4320375902113814,-0.07534389670033176,-0.09597497286537787,-0.053816607748199276,0.2251765096266504,0.2146489958923661,0.23500877428481617,0.596,0.5399,0.66,0.0,0.0,0.0,0.0,0.0,0.0,0.25878646638459735,0.23706095308541586,0.2811724155299363,0.8179818406123631,0.7706276240842425,0.8603382774379984,0.6251829913017726,0.592935146249152,0.6566566287636073,0.648,0.584,0.7040999999999998,0.11524679173278427,0.10183455704554907,0.12923674133931873,-0.017120203603777417,-0.03204195553210622,-0.005262000247744092,-0.00022418951988220214,-0.0019497197806835173,0.0010848027050495146,0.0,-0.012,0.012,0.0011953770348415813,-0.0011302124927031088,0.0037017977290820744,False
mediation_aware_recourse,False,30.0,0.5513084307449635,0.5,250,0.7729665687559173,0.7184906997166574,0.8250235527716577,0.003636235887134111,0.002898273605835476,0.004400269748532727,0.05701184212986538,0.053100348649866715,0.0607634110262531,0.49474752264666555,0.4908746042622805,0.49835015758611556,0.09381562328338623,0.09012400092184543,0.09736652145981789,0.4139361531498342,0.3949808974957104,0.4320375902113814,-0.07534389670033176,-0.09597497286537787,-0.053816607748199276,0.2251765096266504,0.2146489958923661,0.23500877428481617,0.596,0.5399,0.66,0.0,0.0,0.0,0.0,0.0,0.0,0.25878646638459735,0.23706095308541586,0.2811724155299363,0.8179818406123631,0.7706276240842425,0.8603382774379984,0.6251829913017726,0.592935146249152,0.6566566287636073,0.648,0.584,0.7040999999999998,0.11524679173278427,0.10183455704554907,0.12923674133931873,-0.017120203603777417,-0.03204195553210622,-0.005262000247744092,-0.00022418951988220214,-0.0019497197806835173,0.0010848027050495146,0.0,-0.012,0.012,0.0011953770348415813,-0.0011302124927031088,0.0037017977290820744,True
mediation_aware_recourse,False,30.0,1.0,0.5,250,0.7703073149202392,0.7157969027758344,0.8221453455579699,0.003733916674807905,0.002976452775108203,0.004495669718123242,0.05626829262810449,0.05232486389501026,0.06013963646921602,0.4952228352508545,0.49143109776133903,0.4987301094865024,0.09381562328338623,0.09012400092184543,0.09736652145981789,0.4139361531498342,0.3949808974957104,0.4320375902113814,-0.07647076099102232,-0.0977831769470694,-0.05490020571642428,0.22654482562497108,0.2159479653113646,0.23630973196578325,0.596,0.536,0.656,0.0,0.0,0.0,0.0,0.0,0.0,0.2561274740197337,0.2338740614601549,0.2785897056552173,0.815259526356612,0.768835537084991,0.8599135202508059,0.6187593292620291,0.5856380305833467,0.6488792691985665,0.648,0.584,0.704,0.11713972006056142,0.10335137170304207,0.1306512027689307,-0.019842517859528508,-0.03664401043726537,-0.004380581596488295,-0.002883443355560303,-0.010097674483060837,0.0013986284852027893,0.0,-0.016,0.016,-0.0014636153300221447,-0.005376430575833087,0.0019618358624946966,False
mediation_aware_recourse,False,30.0,2.0,0.5,250,0.7762136484859511,0.7205469619616867,0.8281676486662356,0.003626617997925442,0.002866204811062077,0.0043419336306176485,0.05437518073905164,0.05057697772064897,0.05814384606902357,0.49544785511612893,0.4917550733841658,0.498906308791697,0.09381562328338623,0.09012400092184543,0.09736652145981789,0.4139361531498342,0.3949808974957104,0.4320375902113814,-0.08476604091617809,-0.10537621514334523,-0.06366108268176866,0.22711297970511668,0.21684840716156428,0.2375651381446282,0.592,0.5359,0.6520999999999999,0.0,0.0,0.0,0.0,0.0,0.0,0.253701922814516,0.2312693449061164,0.2752440010795959,0.7952195277673777,0.7474215989065521,0.8419097032354318,0.612899620370684,0.5803848429223941,0.6433588987808819,0.664,0.6,0.72,0.12250013562574816,0.10842176770073761,0.13672315624747228,-0.03988251644876284,-0.06332805884006001,-0.01826527931077435,0.0030228902101516724,-0.003880690041184425,0.011955695474147796,-0.004,-0.028,0.016,-0.0038891665352398202,-0.008408984564028896,0.00010582286559307706,False
mediation_aware_recourse,False,30.0,5.0,0.5,250,0.7995015348372981,0.7427668386086821,0.8550204345571576,0.003342007536177943,0.002675818360083587,0.004017723777621548,0.05015972314650767,0.04640455838940615,0.05396031466817402,0.4957142090394497,0.49199906007839445,0.4992325604053259,0.09381562328338623,0.09012400092184543,0.09736652145981789,0.4139361531498342,0.3949808974957104,0.4320375902113814,-0.102704211861138,-0.12251181094368195,-0.08188940233906232,0.22932948173116072,0.21913496461906162,0.24015813320795487,0.58,0.52,0.644,0.0,0.0,0.0,0.0,0.0,0.0,0.24509168526215183,0.22317074768557163,0.26726530973685847,0.7518839292494421,0.7068692222461797,0.7988139946707262,0.592098787375013,0.5567095416735233,0.6250186547126538,0.704,0.64,0.76,0.13539237281486782,0.12068369531748768,0.15070260900308516,-0.0832181149666984,-0.11293924421735825,-0.05515648169166753,0.02631077656149864,0.011977897998690604,0.042933446174114945,-0.016,-0.052,0.02,-0.01249940408760396,-0.019493919056504952,-0.005443569161973071,False
transport_anchor_only,False,0.0,0.0,1.0,250,2.8910132369901477e-06,4.838685639271034e-07,6.455910854685954e-06,0.46317010206065784,0.42717893168416976,0.4988276429124183,0.04180253486015218,0.037047679571430917,0.04631561705519916,0.526654000161171,0.5197820776731075,0.5329463130679309,0.09381562328338623,0.09012400092184543,0.09736652145981789,0.4139361531498342,0.3949808974957104,0.4320375902113814,0.413925111040253,0.3935953770293754,0.4353006701395044,0.45430087867630753,0.4406833916912371,0.4695737639380274,0.1,0.068,0.14,0.0,0.0,0.0,0.0,0.0,0.0,1.1042109581119065e-05,1.3820854983383757e-06,2.4224111420276333e-05,2.667587621218992e-05,2.947976165110222e-06,6.251264144090385e-05,2.667581189486068e-05,4.503209073755677e-06,6.002609104656941e-05,0.0,0.0,0.0,0.0,0.0,0.0,2.667587621218992e-05,3.375675005612422e-06,6.048716912740446e-05,2.8910132369901477e-06,4.838685639271034e-07,6.455910854685954e-06,0.0,0.0,0.0,1.1042109581119065e-05,1.4112242346135508e-06,2.5483778706844046e-05,False
mediation_aware_recourse,False,0.0,0.5,1.0,250,1.1535565992062403e-06,1.637998907625615e-07,2.4918539788188805e-06,0.46318749915034296,0.42718393478593464,0.4988407979851575,0.04179880322733366,0.03704658618782989,0.046315480478197266,0.526656471930027,0.5197855217725336,0.5329463307070316,0.09381562328338623,0.09012400092184543,0.09736652145981789,0.4139361531498342,0.3949808974957104,0.4320375902113814,0.41393194376868636,0.39360723820478866,0.43530586424390944,0.45430633335921594,0.44068470272163335,0.46958333421138715,0.1,0.068,0.14,0.0,0.0,0.0,0.0,0.0,0.0,4.209381147789681e-06,4.953473809506504e-07,9.967238851703842e-06,1.0169155595041168e-05,1.1205201152358901e-06,2.5454903107144376e-05,1.0169131076653848e-05,1.061112545239218e-06,2.4445270094658465e-05,0.0,0.0,0.0,0.0,0.0,0.0,1.0169155595041168e-05,1.1638662740870443e-06,2.4833547381397642e-05,1.1535565992062403e-06,1.637998907625615e-07,2.4918539788188805e-06,0.0,0.0,0.0,4.209381147789681e-06,4.773810558584002e-07,1.0260514532535753e-05,False
mediation_aware_recourse,False,0.0,0.5513084307449635,1.0,250,1.1535565992062403e-06,1.637998907625615e-07,2.4918539788188805e-06,0.46318749915034296,0.42718393478593464,0.4988407979851575,0.04179880322733366,0.03704658618782989,0.046315480478197266,0.526656471930027,0.5197855217725336,0.5329463307070316,0.09381562328338623,0.09012400092184543,0.09736652145981789,0.4139361531498342,0.3949808974957104,0.4320375902113814,0.41393194376868636,0.39360723820478866,0.43530586424390944,0.45430633335921594,0.44068470272163335,0.46958333421138715,0.1,0.068,0.14,0.0,0.0,0.0,0.0,0.0,0.0,4.209381147789681e-06,4.953473809506504e-07,9.967238851703842e-06,1.0169155595041168e-05,1.1205201152358901e-06,2.5454903107144376e-05,1.0169131076653848e-05,1.061112545239218e-06,2.4445270094658465e-05,0.0,0.0,0.0,0.0,0.0,0.0,1.0169155595041168e-05,1.1638662740870443e-06,2.4833547381397642e-05,1.1535565992062403e-06,1.637998907625615e-07,2.4918539788188805e-06,0.0,0.0,0.0,4.209381147789681e-06,4.773810558584002e-07,1.0260514532535753e-05,True
mediation_aware_recourse,False,0.0,1.0,1.0,250,6.2003344920640305e-06,2.5741828775096566e-07,1.6912211080406792e-05,0.46312946921728787,0.4270529306266343,0.4988329155236203,0.041797492986610035,0.03704530870312436,0.046315382210142995,0.5266522579174042,0.5197814131102265,0.5329380080321015,0.09381562328338623,0.09012400092184543,0.09736652145981789,0.4139361531498342,0.3949808974957104,0.4320375902113814,0.41390227368179705,0.39360723820478866,0.4352747106526757,0.4542778500758022,0.44068470272163335,0.46958333421138715,0.1,0.068,0.14,0.0,0.0,0.0,0.0,0.0,0.0,3.387946803712483e-05,7.822329582309995e-07,9.674059725098796e-05,8.184708627001491e-05,1.7929025926649578e-06,0.00023251107647893343,8.184688893153602e-05,1.5888534304009384e-06,0.0002325295538049832,0.0,0.0,0.0,0.0,0.0,0.0,8.184708627001491e-05,2.0001006272973856e-06,0.000233632172090023,6.2003344920640305e-06,2.5741828775096566e-07,1.6912211080406792e-05,0.0,0.0,0.0,3.387946803712483e-05,8.121624009003958e-07,9.69200255555404e-05,False
mediation_aware_recourse,False,0.0,2.0,1.0,250,6.0765632498487325e-06,1.754469603014286e-07,1.686609614944814e-05,0.46313511993043266,0.42707496840789894,0.49883856623676504,0.04179717698269619,0.0370446845953945,0.04631507410632699,0.526652781806469,0.5197819369992911,0.5329395404076158,0.09381562328338623,0.09012400092184543,0.09736652145981789,0.4139361531498342,0.3949808974957104,0.4320375902113814,0.4139049410364125,0.39360723820478866,0.43527991199417576,0.45428022402140994,0.44068707666724105,0.46958570815699485,0.1,0.068,0.14,0.0,0.0,0.0,0.0,0.0,0.0,3.121211342167296e-05,4.109957732147951e-07,9.145231594533145e-05,7.540320695387237e-05,1.2309582514191674e-06,0.00022377524970035588,7.540302515207653e-05,1.0090997482781194e-06,0.00022414558072351154,0.0,0.0,0.0,0.0,0.0,0.0,7.540320695387237e-05,8.988332444226366e-07,0.00022403529194971457,6.0765632498487325e-06,1.754469603014286e-07,1.686609614944814e-05,0.0,0.0,0.0,3.121211342167296e-05,3.6765576922377367e-07,9.157828446038153e-05,False
mediation_aware_recourse,False,0.0,5.0,1.0,250,0.0009223158621649646,5.181105170640876e-06,0.0024493774563742726,0.4631352244607119,0.42707506468608436,0.49883859841993095,0.04158714064552526,0.036714474836596865,0.04605267246441455,0.5266304988543987,0.5197601486388147,0.5328864339776038,0.09381562328338623,0.09012400092184543,0.09736652145981789,0.4139361531498342,0.3949808974957104,0.4320375902113814,0.4126732945439669,0.39212869934515104,0.4343877763398879,0.45396374870149736,0.44017307873761863,0.46926167567931637,0.1,0.068,0.14,0.0,0.0,0.0,0.0,0.0,0.0,0.0004989244867825988,-0.00076123362111844,0.0021623360990425766,0.003050853606909154,1.1493712715901502e-05,0.0070156479575921304,0.0012053145878844207,-0.0020491495689745343,0.004959105002381488,0.0,0.0,0.0,0.0,0.0,0.0,0.003050853606909154,7.123689546534862e-05,0.007023460553989863,0.0009223158621649646,5.181105170640876e-06,0.0024493774563742726,0.0,0.0,0.0,0.0004989244867825988,-0.0007617674636767674,0.002017495066674922,False
transport_anchor_only,False,1.0,0.0,1.0,250,0.18339970713734782,0.14641473993593718,0.22208873128078524,0.26881890864756347,0.23398958918373702,0.3011478756669853,0.052643727426213316,0.04860791651074963,0.056868087292939316,0.5021898069911003,0.4984101776053548,0.506565732904899,0.09381562328338623,0.09012400092184543,0.09736652145981789,0.4139361531498342,0.3949808974957104,0.4320375902113814,0.2467714962146081,0.21796149647930968,0.2782610550132034,0.34330082149956115,0.32573714331096326,0.36179005142660564,0.124,0.088,0.168,0.0,0.0,0.0,0.0,0.0,0.0,0.11776656302383924,0.09403387334670571,0.14319404550745343,0.40384164481210905,0.3293802500490504,0.4745698097910221,0.2845034872772414,0.23216965809561887,0.3357568843092499,0.216,0.168,0.26409999999999995,0.024699046955693426,0.01832146897209989,0.03142748053185469,0.0989449231658227,0.052679847657696476,0.15108352159652402,0.04863781895727152,0.0280070804393501,0.0734157950352077,0.008,0.0,0.02,0.03161176557612699,0.018423672759146654,0.04813108503368622,False
mediation_aware_recourse,False,1.0,0.5,1.0,250,0.17111791270846424,0.1330570757871734,0.20768335934372936,0.2805148201999625,0.24604296997608363,0.31477744783449374,0.05146540421576842,0.047238564956729685,0.0555554406410974,0.5030500798110962,0.4991280184405565,0.5073941085434138,0.09381562328338623,0.09012400092184543,0.09736652145981789,0.4139361531498342,0.3949808974957104,0.4320375902113814,0.255971243011744,0.22563323307099992,0.2854064861389953,0.3501428940673556,0.3325913745387056,0.3683580922522809,0.124,0.088,0.168,0.0,0.0,0.0,0.0,0.0,0.0,0.11018008492585867,0.08719061532816004,0.13503371939964326,0.38161660665796193,0.3077884509273815,0.45393179504912085,0.26617587866229875,0.2132937842714266,0.3183000952390461,0.2,0.152,0.248,0.02389241260611574,0.017266529863191566,0.030545514506822646,0.07671988501167559,0.033706739648777344,0.1231869224537063,0.03635602452838793,0.01809162002445664,0.059676861402601936,0.008,0.0,0.02,0.024025287478146418,0.012161518101437594,0.039375191750625184,False
mediation_aware_recourse,False,1.0,0.5513084307449635,1.0,250,0.16940327777216135,0.13126903604991633,0.2056067151780924,0.28228932473445945,0.24885169612169922,0.3164864642678677,0.05117383369416142,0.04703043338543414,0.05518125117406104,0.5031376616721153,0.4992368325247526,0.5075252153958619,0.09381562328338623,0.09012400092184543,0.09736652145981789,0.4139361531498342,0.3949808974957104,0.4320375902113814,0.25681934943723256,0.22751604812962367,0.286456014013497,0.3507818643807667,0.33329668279864,0.3689893349921337,0.124,0.088,0.168,0.0,0.0,0.0,0.0,0.0,0.0,0.10933197850037012,0.08547071791559799,0.13341935365218,0.3795677244353416,0.30486941504918386,0.4518563279153522,0.2641270013796623,0.21193546139820352,0.31638535558566355,0.2,0.152,0.248,0.02389241260611574,0.017266529863191566,0.030545514506822646,0.07467100278905525,0.031638665220396545,0.12222379682518475,0.034641389592085035,0.015062636315578129,0.057623629957297806,0.008,0.0,0.02,0.023177181052657866,0.01119171343195771,0.03888267282888671,True
mediation_aware_recourse,False,1.0,1.0,1.0,250,0.15094260185180156,0.11624888567461926,0.18694298934197212,0.3007678461162663,0.2673481080146862,0.33543089918500807,0.04935181488150734,0.045269668078502495,0.053380643723196466,0.5044489948661327,0.5004628639936388,0.5091067548997105,0.09381562328338623,0.09012400092184543,0.09736652145981789,0.4139361531498342,0.3949808974957104,0.4320375902113814,0.269885326676637,0.24169958082678938,0.29843948132851894,0.36160970581510327,0.3441605306641065,0.3796664132250722,0.124,0.088,0.168,0.0,0.0,0.0,0.0,0.0,0.0,0.09720566705199796,0.07430932131199175,0.12084777647600349,0.34800252497165785,0.27326586039232265,0.41845947324847366,0.23483194677088126,0.18223200613845258,0.29048594503320685,0.184,0.14,0.232,0.023422579710599585,0.01687880281689572,0.0303957673836868,0.043105803325371506,-0.0009992021775434953,0.09366793238360606,0.016180713671725244,-0.004374150858900975,0.039373854900139844,0.008,0.0,0.02,0.011050869604285718,-0.0019565551301803327,0.025963586812030252,False
mediation_aware_recourse,False,1.0,2.0,1.0,250,0.11832045369375101,0.08664380587254193,0.15307976086585307,0.3333602016860409,0.29665903257849047,0.36723268904960943,0.04727376300017752,0.04293769274832791,0.051495032571471186,0.5075757060203552,0.5033020085255087,0.5123688722811162,0.09381562328338623,0.09012400092184543,0.09736652145981789,0.4139361531498342,0.3949808974957104,0.4320375902113814,0.29661126961408446,0.27051006618456463,0.3253076119246705,0.38089497186223276,0.3637634182552742,0.3981047927689744,0.116,0.08,0.156,0.0,0.0,0.0,0.0,0.0,0.0,0.0760395166355718,0.05570274995490325,0.09812010765758326,0.28343715001207237,0.2102306036228249,0.35242154235576334,0.1836982170339535,0.13453147518288938,0.23340377097295428,0.152,0.112,0.196,0.020642683450088916,0.014389400403758341,0.027584013474865738,-0.02145957163421397,-0.0681538093504975,0.021305437124715557,-0.016441434486325308,-0.036965434446754805,0.0024904655795184223,0.0,-0.012,0.012,-0.010115280812140443,-0.02116288413356647,0.0009114724106806157,False
mediation_aware_recourse,False,1.0,5.0,1.0,250,0.07915435603954359,0.051312340986548494,0.10679672283057319,0.3885118989804773,0.35216959518299756,0.42586574704220936,0.04189014120100504,0.037401385053004534,0.04588968705063229,0.5114616446328162,0.5061295395635247,0.5165389454811393,0.09381562328338623,0.09012400092184543,0.09736652145981789,0.4139361531498342,0.3949808974957104,0.4320375902113814,0.3342223802263745,0.3081928611126259,0.3589015758216258,0.3994116545292233,0.382386233784721,0.4167506695626103,0.124,0.084,0.168,0.0,0.0,0.0,0.0,0.0,0.0,0.05679668959322019,0.038147885272045295,0.07742601136626463,0.1925750440421311,0.1303739995682421,0.2568022202398246,0.13721090129634794,0.09337142397531713,0.18729643800341939,0.1,0.064,0.14,0.011076574605577373,0.006540894851590834,0.016212056219835534,-0.11232167760415523,-0.1853115265704806,-0.04133522905103753,-0.055607532140532726,-0.08799775535127452,-0.02415738717321765,0.008,-0.016,0.032,-0.02935810785449205,-0.047735762945262494,-0.010280495407281383,False
transport_anchor_only,False,3.0,0.0,1.0,250,0.5227037023510784,0.4835026838267455,0.5607665181773482,0.031096313919050635,0.026392912299586586,0.03615872246692381,0.061829174208652804,0.05821934237299305,0.06548447501039095,0.49123987729358676,0.4880993704692424,0.4947079110371709,0.09381562328338623,0.09012400092184543,0.09736652145981789,0.4139361531498342,0.3949808974957104,0.4320375902113814,-0.004779502234855381,-0.025402533623655094,0.01770317696539481,0.21154754408299778,0.19884484431299695,0.22330315004078558,0.28,0.228,0.34,0.0,0.0,0.0,0.0,0.0,0.0,0.26412232660597484,0.23999747065367893,0.2874295154739439,0.9884535279209464,0.9387273788986157,0.9986245260741962,0.6380734994530421,0.5990742125963016,0.6720027301312694,0.584,0.52,0.6400999999999999,0.07729666438935735,0.06666535666968658,0.08679999899309293,0.007410981837755348,-0.016001624371592756,0.021104906390620765,0.002532897751778364,-0.0015114485874772072,0.009403885453939437,0.008,-0.012,0.028,0.006227314925026432,0.0016624318575394195,0.011380004888669276,False
mediation_aware_recourse,False,3.0,0.5,1.0,250,0.5234763952102512,0.4837167383251712,0.5624846140777227,0.030631709296820738,0.02565018975087873,0.03566692533788508,0.06014563365425349,0.056504148206911624,0.06389274213020885,0.49219677464509015,0.4890217555404424,0.49566668697235583,0.09381562328338623,0.09012400092184543,0.09736652145981789,0.4139361531498342,0.3949808974957104,0.4320375902113814,-0.013770139236057816,-0.03469513222153846,0.009024128235982474,0.21259887479263814,0.19971223140501376,0.22473352224870538,0.28,0.228,0.34,0.0,0.0,0.0,0.0,0.0,0.0,0.25969467560652154,0.23655404854093534,0.28237176162994093,0.9667336637999016,0.9166839079546049,0.9984709599024045,0.6273770664635182,0.5886365858420841,0.6608922424197797,0.608,0.5439,0.664,0.08400580838968523,0.07325212525480036,0.09428219221207816,-0.014308882283289526,-0.028577638680090618,0.021735665377956927,0.0033055906109511852,-0.001957509759068489,0.010678654221165923,0.008,-0.016,0.032,0.0017996639255730851,-0.0026753146925749907,0.007049195963217756,False
mediation_aware_recourse,False,3.0,0.5513084307449635,1.0,250,0.5242324371542781,0.4849760603241855,0.5631589563807472,0.03037798154583304,0.025458852907826467,0.035388432962952965,0.05982838196775292,0.05625624503501185,0.06350155365987249,0.4923653567755223,0.4891648970638751,0.49579405622150297,0.09381562328338623,0.09012400092184543,0.09736652145981789,0.4139361531498342,0.3949808974957104,0.4320375902113814,-0.01535162862842465,-0.036138413133995864,0.0075268768949192065,0.21286053357148307,0.20009461849257698,0.22470837152051268,0.284,0.232,0.344,0.0,0.0,0.0,0.0,0.0,0.0,0.25962748801424856,0.23691400842267835,0.28244726483468524,0.962913051900379,0.9138984909201772,0.9976853589400323,0.6272147529526828,0.5902358676420295,0.6607145145359946,0.608,0.5439,0.664,0.08483014688200513,0.07404333473798667,0.09504167217810211,-0.018129494182812067,-0.032959762402762195,0.022849419525983673,0.004061632554978132,-0.0014125117659568788,0.011377682138700038,0.012,-0.016,0.036,0.0017324763333001578,-0.002798951488237637,0.007265001779485606,True
mediation_aware_recourse,False,3.0,1.0,1.0,250,0.528935134681873,0.48916537742584476,0.5677832861264003,0.029020487181179305,0.024341835691939488,0.03401092087371678,0.05859444359434792,0.0550804833807878,0.06235332330877203,0.4926809101798535,0.4895180402486801,0.49623758201064466,0.09381562328338623,0.09012400092184543,0.09736652145981789,0.4139361531498342,0.3949808974957104,0.4320375902113814,-0.0216601625805231,-0.04286192707163402,0.0001362806710946074,0.21125156401670586,0.19904616424574392,0.22271938179084305,0.292,0.2399,0.352,0.0,0.0,0.0,0.0,0.0,0.0,0.26071678160688555,0.23775572684202395,0.28348346369012795,0.9476726968260666,0.9002025997057622,0.9930174783383683,0.6298462963875648,0.5949300660575418,0.6615157165683795,0.616,0.552,0.672,0.08743976706173584,0.07670929922097978,0.09770905201154202,-0.033369849257124495,-0.053648559205969566,0.029300000166328413,0.008764330082572996,0.0006312677286565304,0.018703517141123303,0.02,-0.008,0.048,0.002821769925937166,-0.002640018489416011,0.00892121386897812,False
mediation_aware_recourse,False,3.0,2.0,1.0,250,0.5314571400163696,0.49272088665503544,0.5718317494914867,0.029516831770410673,0.025046329320932537,0.03487551586501667,0.0562039287854792,0.052544274669430534,0.059859147976026594,0.4921893076400757,0.4888811876283229,0.49555386971544624,0.09381562328338623,0.09012400092184543,0.09736652145981789,0.4139361531498342,0.3949808974957104,0.4320375902113814,-0.03109687260459637,-0.05081853856567128,-0.009367726783172277,0.20824890372450364,0.19702817850093424,0.2197550559632274,0.284,0.228,0.344,0.0,0.0,0.0,0.0,0.0,0.0,0.25989947463857677,0.23608271176089074,0.2826396288684681,0.924875195442665,0.8778924633984643,0.9778766093638634,0.6278718252245338,0.5945058409347408,0.65842284931739,0.64,0.5799,0.7,0.09256677555792688,0.08223843115588281,0.10261216876200711,-0.056167350640526026,-0.08116884002260384,0.008834672104837784,0.011286335417069495,-0.0026560967539437114,0.025792186335357833,0.012,-0.012,0.036,0.0020044629576283788,-0.005261282043946466,0.009670996672863813,False
mediation_aware_recourse,False,3.0,5.0,1.0,250,0.5500209940252826,0.5103863391856197,0.5866899737815838,0.028478545972858677,0.02402091887150985,0.032983221557647296,0.051688469895721935,0.048437810057585254,0.055144896094081956,0.4929085926823616,0.48954788716254233,0.4963052381131411,0.09381562328338623,0.09012400092184543,0.09736652145981789,0.4139361531498342,0.3949808974957104,0.4320375902113814,-0.05180311806624232,-0.07244044713482611,-0.03245322070507359,0.2014029140574527,0.19068050955246155,0.2121762792596543,0.26,0.2079,0.32,0.0,0.0,0.0,0.0,0.0,0.0,0.2607720248049627,0.23869335982318507,0.282028124619717,0.8748523952980475,0.8309116445479777,0.9218306108687666,0.6299797543241619,0.5995695180404627,0.6609927818004043,0.688,0.632,0.748,0.10210165614601453,0.09108389774037066,0.1123459443310457,-0.1061901507851436,-0.13659257470931557,-0.04650239838229345,0.029850189425982533,0.012427874708897434,0.04940213901677635,-0.012,-0.048,0.024,0.002877013124014308,-0.007049229046443958,0.01389547770985719,False
transport_anchor_only,False,10.0,0.0,1.0,250,0.6070760747371241,0.5698359933422878,0.6469450832790462,0.013749919802551894,0.011497201328649568,0.01603791910241584,0.060215534601208716,0.05624259738332021,0.06376965414732703,0.4929901144664288,0.48966812864481807,0.49637706096673606,0.09381562328338623,0.09012400092184543,0.09736652145981789,0.4139361531498342,0.3949808974957104,0.4320375902113814,-0.04131568690836515,-0.059984888989728015,-0.021949612151745894,0.2054074009654378,0.1943735461273565,0.21665607261529832,0.396,0.336,0.46,0.0,0.0,0.0,0.0,0.0,0.0,0.2759967578362629,0.2549987512209989,0.2979471882229384,0.9001882618998733,0.8597826631464343,0.9424944445511458,0.6667600553625228,0.6349933967489807,0.6942134765832073,0.616,0.548,0.672,0.08962754111096818,0.07823067039756211,0.10010014773705539,-0.0007336742612805702,-0.016093899783146116,0.01571299532746231,-0.0016725537180900573,-0.006960811835527421,0.0016383286714553825,0.0,-0.016,0.016,0.002080096189784019,-0.0008243140749254238,0.0056522974595437795,False
mediation_aware_recourse,False,10.0,0.5,1.0,250,0.608815834778361,0.5714513654194306,0.6488927376943874,0.013599584051186902,0.011359596707187046,0.0158230195414077,0.05876409407197088,0.05511410284096023,0.06225462388998822,0.49301144917225836,0.48959758451750274,0.4963049607230008,0.09381562328338623,0.09012400092184543,0.09736652145981789,0.4139361531498342,0.3949808974957104,0.4320375902113814,-0.0478245089070283,-0.06569802528786937,-0.028157347606963555,0.2029329946354382,0.192273373859257,0.21353670211069828,0.404,0.34,0.468,0.0,0.0,0.0,0.0,0.0,0.0,0.2764753785407376,0.2550574411438831,0.2987833066692102,0.8844640446525166,0.8450102602788396,0.92527465263008,0.6679163195516933,0.6372772553578983,0.6948869226212813,0.636,0.572,0.696,0.09264264175806239,0.08181169216842024,0.1031056267917546,-0.0164578915086373,-0.03559380070720624,0.0034933703756943914,6.720632314682007e-05,-0.005776612728834152,0.004900943106412888,0.008,-0.012,0.028,0.002558716894258752,-0.0008947397043403364,0.006459850917244247,False
mediation_aware_recourse,False,10.0,0.5513084307449635,1.0,250,0.6088931062398478,0.5716020447693299,0.6488929206710309,0.013597811038644821,0.011352534634057245,0.015823159607617113,0.05856354201350052,0.05490732828257265,0.06213223448112466,0.49305937222695356,0.4896310473286569,0.49642495902172923,0.09381562328338623,0.09012400092184543,0.09736652145981789,0.4139361531498342,0.3949808974957104,0.4320375902113814,-0.048407127815475126,-0.065831660212563,-0.02889930678952145,0.20328092116170113,0.19271149317981145,0.21364407639620558,0.4,0.33990000000000004,0.464,0.0,0.0,0.0,0.0,0.0,0.0,0.27589275963229076,0.2548582946984003,0.2976902645220816,0.8830565355378538,0.8434772688816333,0.9235022238144918,0.6665088138306234,0.6357047126313405,0.6925376141329866,0.636,0.572,0.696,0.09322526066650921,0.082301124570043,0.10365338144821543,-0.01786540062330011,-0.03658222355615848,0.001632275322028861,0.00014447778463363647,-0.0057746809422969825,0.004978214567899704,0.004,-0.016,0.024,0.001976097985811934,-0.0012312610478622046,0.00568402474833938,True
mediation_aware_recourse,False,10.0,1.0,1.0,250,0.6123143603382633,0.5736390933261486,0.6520506056262879,0.013332129728969735,0.01116574168824302,0.015435964907129398,0.05721883474908984,0.053618069263051966,0.060673271759019314,0.49328742828512195,0.48987399359540346,0.49659197523841264,0.09381562328338623,0.09012400092184543,0.09736652145981789,0.4139361531498342,0.3949808974957104,0.4320375902113814,-0.05229043816682472,-0.0710204635398696,-0.03319323978324158,0.20435495314667457,0.19348321580173344,0.2144705245276445,0.408,0.344,0.472,0.0,0.0,0.0,0.0,0.0,0.0,0.2739858128647141,0.2522462461166637,0.29603361523144484,0.8736751120458499,0.8353682173541519,0.9165412720009225,0.6619019628578408,0.6297523546012486,0.6888485504509418,0.648,0.584,0.704,0.0961203892259724,0.08514815453040729,0.10730816629559833,-0.02724682411530399,-0.04715682724368205,-0.007644144986105282,0.003565731883049011,-0.0006305480360984802,0.00911883956491947,0.012,-0.008,0.032,6.9151218235193e-05,-0.0030672633465766543,0.003390464250971673,False
mediation_aware_recourse,False,10.0,2.0,1.0,250,0.6197982038585469,0.5813891327312914,0.6581811680809827,0.012906746353549926,0.010792550503835829,0.014962378130603759,0.055694787384138036,0.05207510935360084,0.05931016250089132,0.4925304232115746,0.4890377019821406,0.4957536716802717,0.09381562328338623,0.09012400092184543,0.09736652145981789,0.4139361531498342,0.3949808974957104,0.4320375902113814,-0.05805630295652108,-0.07652283557637381,-0.04019972916278138,0.20215522376658346,0.19170801897188497,0.21220858697996212,0.408,0.344,0.472,0.0,0.0,0.0,0.0,0.0,0.0,0.27570119195581866,0.25438961110907865,0.2975889036836369,0.8597457542310729,0.8246399898507702,0.899832987363779,0.6660460197182156,0.6376604139617192,0.6920226900703261,0.66,0.596,0.716,0.09814563207526829,0.08721894839644082,0.10914407817277763,-0.04117618193008099,-0.06449858311544047,-0.01900838691308588,0.01104957540333271,0.002501549372076988,0.0211360083784908,0.012,-0.012,0.036,0.001784530309339763,-0.0032124772549165397,0.007392585498760987,False
mediation_aware_recourse,False,10.0,5.0,1.0,250,0.6346030283002183,0.5951231307797367,0.6739078137478558,0.012689846966253504,0.010732479524806382,0.014690691556728978,0.05182061427307312,0.04845910978072702,0.05516658077463303,0.4931720326912403,0.48964887844278815,0.49646228877797133,0.09381562328338623,0.09012400092184543,0.09736652145981789,0.4139361531498342,0.3949808974957104,0.4320375902113814,-0.07485070943472989,-0.09320730939964411,-0.05696694870065745,0.201691267571604,0.19148795170139185,0.2117145584476855,0.392,0.33190000000000003,0.456,0.0,0.0,0.0,0.0,0.0,0.0,0.2705508243829587,0.24854256509211978,0.29250343345197993,0.8191732979466622,0.7824852931433792,0.8596044321617732,0.6536036294708102,0.6232120938560324,0.6803244417746356,0.7,0.64,0.756,0.10873605204126034,0.09776679767276679,0.11963120488884489,-0.08174863821449174,-0.1153086782989966,-0.051032456942631955,0.02585439984500408,0.01188194567859173,0.042556665769964454,-0.004,-0.044,0.032,-0.003365837263520224,-0.010185020364114512,0.0041483911906115885,False
transport_anchor_only,False,30.0,0.0,1.0,250,0.7760521381376311,0.7217958467780845,0.827768345984444,0.003542555903926231,0.002806682011743597,0.004317196533712019,0.05822297249826241,0.054317717574425224,0.06195475286865029,0.49391270082163813,0.49011824689441325,0.49737638098819853,0.09381562328338623,0.09012400092184543,0.09736652145981789,0.4139361531498342,0.3949808974957104,0.4320375902113814,-0.071304093194671,-0.09143719618608183,-0.04999053889226499,0.22451901305623595,0.21414263339096215,0.23441525836170568,0.604,0.544,0.664,0.0,0.0,0.0,0.0,0.0,0.0,0.2618435696472144,0.24087097439177182,0.2837530532627941,0.8277413251969301,0.7826771963058,0.8704123935551368,0.6325684198720631,0.599497043870865,0.6625392221861717,0.64,0.576,0.7,0.11169833834864537,0.09806035230850947,0.12537805593126833,-0.007360719019210427,-0.02290806299845103,0.0074791917881044945,0.002861379861831665,-0.00506392537355423,0.012847489660978314,0.008,0.0,0.024,0.0042524802974586145,0.0006919714631442224,0.00883750998036433,False
mediation_aware_recourse,False,30.0,0.5,1.0,250,0.7758926709173247,0.7215723100065486,0.8276449545222102,0.003548889629848154,0.0028094614348265685,0.004317354876860067,0.057615500908619464,0.05368235884865175,0.06135678768746067,0.4939995826613903,0.4901648218507111,0.49746210390226836,0.09381562328338623,0.09012400092184543,0.09736652145981789,0.4139361531498342,0.3949808974957104,0.4320375902113814,-0.07377216444371888,-0.09364662928926688,-0.05256040720797895,0.22461803056740517,0.21448739440254602,0.23450513720450664,0.6,0.54,0.664,0.0,0.0,0.0,0.0,0.0,0.0,0.26007000448897555,0.23765914218598658,0.28265195019369344,0.8217788809159289,0.7755055373335111,0.8626368305327666,0.6282837956164479,0.5953636568308288,0.6580128545362853,0.644,0.58,0.704,0.11381915655228876,0.10035362848546467,0.12755623572761474,-0.01332316330021166,-0.028953763208084054,0.0005851113638262017,0.0027019126415252686,-0.005188411962985992,0.012621080601215359,0.004,-0.008,0.02,0.002478915139219718,-0.00036410693185135086,0.0057828692068414254,False
mediation_aware_recourse,False,30.0,0.5513084307449635,1.0,250,0.7758926709173247,0.7215723100065486,0.8276449545222102,0.003548889629848154,0.0028094614348265685,0.004317354876860067,0.05746396890876722,0.05351486400773664,0.06114835467260914,0.49408272556495664,0.49020941452150346,0.4976119524746359,0.09381562328338623,0.09012400092184543,0.09736652145981789,0.4139361531498342,0.3949808974957104,0.4320375902113814,-0.0739849563558763,-0.09365194908707082,-0.05291767690069103,0.22453197032744396,0.21448519016389453,0.23437281330363083,0.6,0.54,0.664,0.0,0.0,0.0,0.0,0.0,0.0,0.2601454067290528,0.23773265937006194,0.28265195019369344,0.8212648115104465,0.7751150350681473,0.8620943293032577,0.6284659542844065,0.5954403288057414,0.6582146046743994,0.648,0.584,0.7040999999999998,0.11388785138832883,0.1005734561819333,0.1276250141092346,-0.013837232705694036,-0.029728955230564857,-0.00011775336578789015,0.0027019126415252686,-0.005188411962985992,0.012621080601215359,0.004,-0.008,0.02,0.002554317379297009,-0.00027380608647812916,0.005928919528710443,True
mediation_aware_recourse,False,30.0,1.0,1.0,250,0.7718671920774505,0.7172632320251315,0.8229253517373232,0.003696274990343454,0.002929900231330147,0.004461224159921659,0.05632012690888089,0.0523638443895717,0.06012048920288546,0.4945191173353195,0.49069353699759843,0.4981761980338574,0.09381562328338623,0.09012400092184543,0.09736652145981789,0.4139361531498342,0.3949808974957104,0.4320375902113814,-0.07737940919892584,-0.0975293082208384,-0.05588431654848287,0.22563787506579336,0.21541438137205718,0.23566393846608913,0.588,0.532,0.652,0.0,0.0,0.0,0.0,0.0,0.0,0.2566379029283698,0.234211216208986,0.2790938490374938,0.8130643853886411,0.7664664750234658,0.8559934738645469,0.6199924365276687,0.5874689597591372,0.6497282739342394,0.652,0.588,0.708,0.11733882971019512,0.10345536999818111,0.13118743277445583,-0.022037658827499418,-0.039965733226960364,-0.005179123145090009,-0.001323566198348999,-0.009989649665355682,0.007206075501441955,-0.008,-0.028,0.008,-0.0009531864213860335,-0.004496391094107764,0.002184355296822473,False
mediation_aware_recourse,False,30.0,2.0,1.0,250,0.7760648957965895,0.722124714593147,0.8276871187278536,0.003664120793245188,0.002919259297544453,0.00439875303994699,0.05419140831971745,0.05041934194539642,0.05789452920783963,0.49451457388567915,0.4906851266882718,0.49812573067576876,0.09381562328338623,0.09012400092184543,0.09736652145981789,0.4139361531498342,0.3949808974957104,0.4320375902113814,-0.08484076782697593,-0.10503818797653636,-0.06401293470709471,0.2246573781675437,0.21484277408760952,0.23467710634936345,0.592,0.532,0.652,0.0,0.0,0.0,0.0,0.0,0.0,0.25616558701567615,0.23399698458711116,0.2779126247992534,0.7950390001419717,0.7501871999730868,0.8398002292815886,0.6188514036163943,0.5866021349600761,0.649679457169544,0.668,0.6,0.724,0.12130566698056695,0.10749833172499414,0.13520403014384133,-0.04006304407416883,-0.06331850421877182,-0.01963451179814932,0.0028741375207901,-0.0011564887821674348,0.007851586166024205,-0.004,-0.024,0.016,-0.001425502334079624,-0.006209149034236158,0.0031259230388786708,False
mediation_aware_recourse,False,30.0,5.0,1.0,250,0.7980756129203365,0.7417977579443483,0.8538831717425958,0.003341973197971967,0.002677118964657663,0.004015379818523503,0.050510708690048534,0.04668707893286489,0.05421566431932882,0.4953309677050114,0.4914589964301526,0.4988546562444329,0.09381562328338623,0.09012400092184543,0.09736652145981789,0.4139361531498342,0.3949808974957104,0.4320375902113814,-0.10168847506586857,-0.1212886531592906,-0.08121451410722605,0.22887941565539585,0.2187015814835176,0.23984928348734477,0.58,0.52,0.64,0.0,0.0,0.0,0.0,0.0,0.0,0.24610742205742125,0.22443434305449972,0.2679510907527522,0.7543377782006396,0.7088465791685232,0.801719174656543,0.5945526304098263,0.5598455472526845,0.6277653018011333,0.704,0.64,0.76,0.1343766360195984,0.11905383256091771,0.14914582559974482,-0.08076426601550091,-0.1102863875997857,-0.05271459859810978,0.02488485464453697,0.010935609453171492,0.041298800643533466,-0.016,-0.052,0.02,-0.011483667292334557,-0.01820995583042179,-0.004776453461537841,False
transport_anchor_only,False,0.0,0.0,2.0,250,5.195845344690042e-05,2.1584666959176956e-05,8.709518872026364e-05,0.4627605191778873,0.4264419470910325,0.49865183247217526,0.04184516844078104,0.03707329353459715,0.04633325536589654,0.5266210637669564,0.5197494820112288,0.5329072592004717,0.09381562328338623,0.09012400092184543,0.09736652145981789,0.4139361531498342,0.3949808974957104,0.4320375902113814,0.4137416363891822,0.3935102909380944,0.4351663304107455,0.45414788290928665,0.4404835008934526,0.4694207437704632,0.1,0.068,0.14,0.0,0.0,0.0,0.0,0.0,0.0,0.00019451676065193046,6.361966297608533e-05,0.00035285293269078476,0.0004699197187097992,0.00018130549373795713,0.0008273424473007329,0.00046991858570366585,0.0001569279010557506,0.0008464169814888843,0.0,0.0,0.0,0.0,0.0,0.0,0.0004699197187097992,0.00016534618424597912,0.000820397885503285,5.195845344690042e-05,2.1584666959176956e-05,8.709518872026364e-05,0.0,0.0,0.0,0.00019451676065193046,6.833270437190666e-05,0.0003354740816685188,False
mediation_aware_recourse,False,0.0,0.5,2.0,250,2.3927218832000107e-05,4.183720800278934e-06,5.1424283627306965e-05,0.46310383684646417,0.42702264639142656,0.49880591490252807,0.04179974112329205,0.037046243479558316,0.0463166993401028,0.5266389513354301,0.5197690508193076,0.5329240233417928,0.09381562328338623,0.09012400092184543,0.09736652145981789,0.4139361531498342,0.3949808974957104,0.4320375902113814,0.4138905815647262,0.3936044331556753,0.43526939020933497,0.4542673837913851,0.44067493694035365,0.4695575943122941,0.1,0.068,0.14,0.0,0.0,0.0,0.0,0.0,0.0,4.557158510797032e-05,4.0968529924305e-06,0.000122924740388749,0.00011009327105448996,1.0473919124759368e-05,0.0002741500373754757,0.00011009300561259927,1.0821079957992752e-05,0.0002685108137611469,0.0,0.0,0.0,0.0,0.0,0.0,0.00011009327105448996,1.1883451882260809e-05,0.0002831796791558899,2.3927218832000107e-05,4.183720800278934e-06,5.1424283627306965e-05,0.0,0.0,0.0,4.557158510797032e-05,4.874942260923048e-06,0.00011816481366755914,False
mediation_aware_recourse,False,0.0,0.5513084307449635,2.0,250,2.3927218832000107e-05,4.183720800278934e-06,5.1424283627306965e-05,0.46310383684646417,0.42702264639142656,0.49880591490252807,0.04179974112329205,0.037046243479558316,0.0463166993401028,0.5266389513354301,0.5197690508193076,0.5329240233417928,0.09381562328338623,0.09012400092184543,0.09736652145981789,0.4139361531498342,0.3949808974957104,0.4320375902113814,0.4138905815647262,0.3936044331556753,0.43526939020933497,0.4542673837913851,0.44067493694035365,0.4695575943122941,0.1,0.068,0.14,0.0,0.0,0.0,0.0,0.0,0.0,4.557158510797032e-05,4.0968529924305e-06,0.000122924740388749,0.00011009327105448996,1.0473919124759368e-05,0.0002741500373754757,0.00011009300561259927,1.0821079957992752e-05,0.0002685108137611469,0.0,0.0,0.0,0.0,0.0,0.0,0.00011009327105448996,1.1883451882260809e-05,0.0002831796791558899,2.3927218832000107e-05,4.183720800278934e-06,5.1424283627306965e-05,0.0,0.0,0.0,4.557158510797032e-05,4.874942260923048e-06,0.00011816481366755914,True
mediation_aware_recourse,False,0.0,1.0,2.0,250,2.3927218832000107e-05,4.183720800278934e-06,5.1424283627306965e-05,0.46310383684646417,0.42702264639142656,0.49880591490252807,0.04179974112329205,0.037046243479558316,0.0463166993401028,0.5266389513354301,0.5197690508193076,0.5329240233417928,0.09381562328338623,0.09012400092184543,0.09736652145981789,0.4139361531498342,0.3949808974957104,0.4320375902113814,0.4138905815647262,0.3936044331556753,0.43526939020933497,0.4542673837913851,0.44067493694035365,0.4695575943122941,0.1,0.068,0.14,0.0,0.0,0.0,0.0,0.0,0.0,4.557158510797032e-05,4.0968529924305e-06,0.000122924740388749,0.00011009327105448996,1.0473919124759368e-05,0.0002741500373754757,0.00011009300561259927,1.0821079957992752e-05,0.0002685108137611469,0.0,0.0,0.0,0.0,0.0,0.0,0.00011009327105448996,1.1883451882260809e-05,0.0002831796791558899,2.3927218832000107e-05,4.183720800278934e-06,5.1424283627306965e-05,0.0,0.0,0.0,4.557158510797032e-05,4.874942260923048e-06,0.00011816481366755914,False
mediation_aware_recourse,False,0.0,2.0,2.0,250,2.3927218832000107e-05,4.183720800278934e-06,5.1424283627306965e-05,0.46310383684646417,0.42702264639142656,0.49880591490252807,0.04179974112329205,0.037046243479558316,0.0463166993401028,0.5266389513354301,0.5197690508193076,0.5329240233417928,0.09381562328338623,0.09012400092184543,0.09736652145981789,0.4139361531498342,0.3949808974957104,0.4320375902113814,0.4138905815647262,0.3936044331556753,0.43526939020933497,0.4542673837913851,0.44067493694035365,0.4695575943122941,0.1,0.068,0.14,0.0,0.0,0.0,0.0,0.0,0.0,4.557158510797032e-05,4.0968529924305e-06,0.000122924740388749,0.00011009327105448996,1.0473919124759368e-05,0.0002741500373754757,0.00011009300561259927,1.0821079957992752e-05,0.0002685108137611469,0.0,0.0,0.0,0.0,0.0,0.0,0.00011009327105448996,1.1883451882260809e-05,0.0002831796791558899,2.3927218832000107e-05,4.183720800278934e-06,5.1424283627306965e-05,0.0,0.0,0.0,4.557158510797032e-05,4.874942260923048e-06,0.00011816481366755914,False
mediation_aware_recourse,False,0.0,5.0,2.0,250,0.006909336931172334,0.00032070436906725495,0.01588739183951521,0.4615024648983571,0.42503522491820395,0.49730454353788167,0.04076934945342828,0.03611446800943148,0.04553694031596888,0.5254518208913803,0.5184726456273377,0.5320560710065424,0.09381562328338623,0.09012400092184543,0.09736652145981789,0.4139361531498342,0.3949808974957104,0.4320375902113814,0.40774022136509314,0.38706132078145394,0.4295840357377554,0.4501310109533421,0.43564759296966615,0.4665002729483993,0.104,0.068,0.144,0.0,0.0,0.0,0.0,0.0,0.0,0.00444289438643767,0.00013038709109996585,0.010214738914344629,0.014968327210835075,0.0018207114009560351,0.03364984047167614,0.010733258355260955,-6.768963307179905e-06,0.02604253289462215,0.008,0.0,0.02,0.0004945516396093396,0.0,0.001483654918828019,0.014968327210835075,0.0015989992320546043,0.033827343841528884,0.006909336931172334,0.00032070436906725495,0.01588739183951521,0.004,0.0,0.012,0.00444289438643767,0.0001413126233172968,0.01039950187738792,False
transport_anchor_only,False,1.0,0.0,2.0,250,0.2366844852145032,0.1967490632638072,0.2797780004760968,0.22571136258967306,0.1958882965057902,0.25760018461096434,0.0551110933493665,0.051051501088278176,0.059109921183053485,0.4955701337769032,0.4916417639998496,0.4995981759611905,0.09381562328338623,0.09012400092184543,0.09736652145981789,0.4139361531498342,0.3949808974957104,0.4320375902113814,0.20662469898079958,0.17839076232028306,0.23815083508386808,0.3099009827597293,0.2907925848322509,0.32794955607965576,0.132,0.092,0.176,0.0,0.0,0.0,0.0,0.0,0.0,0.15273860861156582,0.12734206669582132,0.18251284176279006,0.5008295424101147,0.4247213058454266,0.5733810667555954,0.36898985311363575,0.3099050704664407,0.4230951701868646,0.276,0.22390000000000002,0.328,0.027286422778734384,0.02116523922481438,0.03423503998141656,0.19593282076382834,0.13596314120571723,0.2683073655082333,0.10192259703442687,0.07417829376045848,0.13674858802445233,0.016,0.004,0.032,0.06658381116385358,0.04884900623630483,0.08890312015296216,False
mediation_aware_recourse,False,1.0,0.5,2.0,250,0.21901910664394655,0.17935112248508195,0.2587087425970887,0.24064905293051117,0.207514401199822,0.27146543454642325,0.05346600554878309,0.049437972901104174,0.05756088382628367,0.4971001938734054,0.49302744882508515,0.501127642929858,0.09381562328338623,0.09012400092184543,0.09736652145981789,0.4139361531498342,0.3949808974957104,0.4320375902113814,0.2173597600462901,0.18978078829678582,0.24764385570163006,0.32061979358214365,0.3026460448795198,0.3385980610285934,0.128,0.088,0.172,0.0,0.0,0.0,0.0,0.0,0.0,0.14075199933527696,0.1151152165072739,0.1673139567779236,0.4748954436757993,0.3984187957211917,0.547968889178438,0.340032294599819,0.2839198048030747,0.3957053674317612,0.26,0.208,0.312,0.02791219688413355,0.02147996411946813,0.035591131071283165,0.16999872202951294,0.11156477116148825,0.23545065997532963,0.08425721846387023,0.05749723251877585,0.11443888654184699,0.012,0.0,0.028,0.05459720188756472,0.03766928847631784,0.0746897075614636,False
mediation_aware_recourse,False,1.0,0.5513084307449635,2.0,250,0.21547189337268627,0.17599363251735836,0.25412601625679215,0.24402511057952228,0.21053696381149192,0.2751302365078252,0.05322094878309219,0.04916976457869242,0.05732547215748283,0.4972506053678989,0.49310278708891875,0.5012845841226817,0.09381562328338623,0.09012400092184543,0.09736652145981789,0.4139361531498342,0.3949808974957104,0.4320375902113814,0.22020445165482044,0.1928905803191405,0.25059632869559484,0.3221824256132276,0.30428940063444704,0.33988634731840384,0.128,0.088,0.172,0.0,0.0,0.0,0.0,0.0,0.0,0.13909774535821745,0.11344477136899017,0.16581277897886293,0.4680231480647883,0.3900247146624817,0.5427789413131547,0.33603590535968797,0.27959333813875054,0.39279088237906407,0.256,0.204,0.308,0.027316978068398137,0.02087037949656348,0.03466380138408573,0.16312642641850195,0.1051556329524609,0.22953951811137674,0.08071000519260997,0.054505136494770706,0.11249769435265043,0.012,0.0,0.028,0.05294294791050521,0.036650627811684,0.07311741976780081,True
mediation_aware_recourse,False,1.0,1.0,2.0,250,0.20766091323990532,0.16883304796406384,0.24708877167457408,0.25196324456633196,0.21860317201080273,0.28429458322631956,0.05218050563565758,0.04819501097749815,0.05614102165382742,0.497613462518692,0.4934269523595214,0.5016821963494837,0.09381562328338623,0.09012400092184543,0.09736652145981789,0.4139361531498342,0.3949808974957104,0.4320375902113814,0.22519614366982427,0.19803582383814466,0.2557986648437556,0.3265671739570689,0.30797113573334217,0.3441664064989157,0.128,0.088,0.172,0.0,0.0,0.0,0.0,0.0,0.0,0.13382640708554847,0.10849316360404862,0.16054570810596897,0.4559640612297301,0.3778466367303355,0.5291144608795221,0.32330127098907513,0.2672028853483507,0.377450015332771,0.248,0.196,0.3,0.027456801197230724,0.020891436885248093,0.035078651009838216,0.15106733958344376,0.09058434508150572,0.21679992659098535,0.072899025059829,0.04651493990182498,0.10416296794851368,0.012,0.0,0.028,0.04767160963783618,0.03107671560176779,0.06665556459817527,False
mediation_aware_recourse,False,1.0,2.0,2.0,250,0.17541175872707662,0.13829586319560822,0.2127971729800732,0.2831236252745186,0.2482640509565092,0.31825586929845984,0.04934879127212656,0.0451458523928525,0.053465529430946776,0.5000289799351693,0.4957133640721738,0.5044851795688331,0.09381562328338623,0.09012400092184543,0.09736652145981789,0.4139361531498342,0.3949808974957104,0.4320375902113814,0.24986849087066146,0.22151216035403076,0.27674045060523633,0.3434788561832718,0.3249656848829239,0.3604105107573666,0.124,0.084,0.168,0.0,0.0,0.0,0.0,0.0,0.0,0.11554592318800308,0.09236523055003595,0.1399592906928826,0.39635982754998567,0.32081087335592723,0.4694377618737309,0.2791388085343094,0.2242946553899678,0.333791054347648,0.212,0.16790000000000002,0.264,0.024260869545584804,0.01808387989651319,0.031096180497332298,0.09146310590369933,0.03435954450031129,0.1552222553744651,0.04064987054700032,0.015757607313350307,0.06999425987163557,0.008,-0.008,0.024,0.02939112574029085,0.01354404780058032,0.04860453390576038,False
mediation_aware_recourse,False,1.0,5.0,2.0,250,0.13276213072947712,0.09892428314384391,0.16726386096811158,0.3375718090562989,0.29996575066574943,0.375646836753654,0.043535812443652414,0.03915748664269524,0.04767630947633059,0.5036507330591679,0.4992729436256886,0.5080818057710648,0.09381562328338623,0.09012400092184543,0.09736652145981789,0.4139361531498342,0.3949808974957104,0.4320375902113814,0.28230366797321527,0.25314242036287865,0.30802466759135494,0.36701284100444503,0.3479043464069755,0.38434483015149545,0.132,0.092,0.176,0.0,0.0,0.0,0.0,0.0,0.0,0.08923597191838793,0.06659903410338928,0.11356626815948498,0.31800190482267765,0.23922988193027125,0.38963323417909396,0.21557855259999492,0.16553266666713545,0.2697360761299811,0.172,0.128,0.22,0.02081628956957312,0.01485237014456837,0.027163161507358004,0.01310518317639131,-0.061021514652353726,0.08453252945621209,-0.0019997574505991908,-0.03431482228611268,0.030082583666487635,0.016,-0.008,0.044,0.0030811744706756984,-0.015656308435106164,0.022549748885177297,False
transport_anchor_only,False,3.0,0.0,2.0,250,0.5269148250548169,0.48686405094873625,0.5658608620399144,0.030619797776814915,0.025918738902310338,0.03561939459569923,0.061332826917928254,0.05780130957210353,0.06502412618643151,0.4892944819972515,0.48620706260570884,0.49273445592676995,0.09381562328338623,0.09012400092184543,0.09736652145981789,0.4139361531498342,0.3949808974957104,0.4320375902113814,-0.007686408474825215,-0.02887127745371822,0.013904431692552179,0.2064246457338225,0.1938010658264753,0.21831041000773138,0.28,0.228,0.34,0.0,0.0,0.0,0.0,0.0,0.0,0.26855126701678284,0.24478193160224132,0.29246105909864534,0.9814309322432078,0.9327959804366555,0.9989570043260217,0.6487730474356295,0.6120075393459296,0.6819131386674556,0.6,0.536,0.66,0.07653564730393826,0.06597806835580777,0.08635359726842427,0.0003883861600166849,-0.01619196519495103,0.019489152865303207,0.006744020455516875,-0.0004998037949204444,0.015986790667730382,0.008,-0.02,0.036,0.010656255335834437,0.004511114492900506,0.017499057585598634,False
mediation_aware_recourse,False,3.0,0.5,2.0,250,0.5272656661598012,0.48806941075760407,0.5664408075916115,0.030458710761365502,0.025875669545273528,0.035466817076952505,0.0608480039467283,0.057278192743010055,0.06450398814994433,0.4894300258433819,0.4863533075581014,0.492840368336153,0.09381562328338623,0.09012400092184543,0.09736652145981789,0.4139361531498342,0.3949808974957104,0.4320375902113814,-0.009167805559388174,-0.03089407445479348,0.012616119975253042,0.2072835889421835,0.19471124681808516,0.21935918028186693,0.288,0.236,0.348,0.0,0.0,0.0,0.0,0.0,0.0,0.2680440669113344,0.2438862431364568,0.29159741334539335,0.9778521264943252,0.9283341784260547,0.998733227174377,0.6475477403956489,0.6112764315171946,0.6810439062172391,0.596,0.532,0.656,0.07752994589894394,0.06712268263806417,0.08719896648862645,-0.0031904195888659004,-0.01938395795077042,0.018833106573908576,0.0070948615605011586,-0.0003069030754268169,0.016292924460163342,0.016,-0.012,0.044,0.010149055230386061,0.003687900716347923,0.017108953410728316,False
mediation_aware_recourse,False,3.0,0.5513084307449635,2.0,250,0.5274117795554921,0.4881443480050657,0.5666355143604103,0.03058615122136666,0.026018316621167523,0.03554078276056991,0.06077409124993383,0.057192160012940335,0.06443081454278453,0.4891857691652775,0.4860099533654928,0.49255991027040485,0.09381562328338623,0.09012400092184543,0.09736652145981789,0.4139361531498342,0.3949808974957104,0.4320375902113814,-0.009711016696219328,-0.031338564175284966,0.011652192578943078,0.20654865119829813,0.19397270181598317,0.2184020554170852,0.284,0.232,0.344,0.0,0.0,0.0,0.0,0.0,0.0,0.2682678540125637,0.24411319937340967,0.2918156057690918,0.9765398199158888,0.9272448415363133,0.9989745150166247,0.6480883710218011,0.611847942391301,0.6816094123191555,0.6,0.536,0.66,0.07768965791674488,0.06742365176967827,0.08748831810329193,-0.004502726167302296,-0.02119860195207112,0.018912716198788846,0.007240974956192076,-0.0001615698483772575,0.016300777817028576,0.012,-0.016099999999999996,0.04,0.010372842331615314,0.0037568561156699947,0.01736591601069814,True
mediation_aware_recourse,False,3.0,1.0,2.0,250,0.5327462710766122,0.49405256144276355,0.571906310868985,0.02947456617420847,0.024969076879123763,0.03462414337007759,0.05915223813909118,0.055573366414835144,0.06267042107183335,0.4888411952528953,0.48548948938137887,0.49228081535557505,0.09381562328338623,0.09012400092184543,0.09736652145981789,0.4139361531498342,0.3949808974957104,0.4320375902113814,-0.01937123610316191,-0.03856172204222479,0.00222772076618257,0.20286702763110245,0.19115221030809712,0.21517661982134761,0.288,0.236,0.348,0.0,0.0,0.0,0.0,0.0,0.0,0.27024639231391695,0.24533662071722723,0.29311074900840167,0.9532023575236009,0.9072292559117598,0.995270872736278,0.6528681746603997,0.6163666358008665,0.6866405933230274,0.624,0.56,0.6800999999999999,0.08153049846953955,0.07063500398744636,0.09122588782985912,-0.02784018855959014,-0.05100263241011335,0.02767550072213478,0.012575466477312147,0.0030198823145357895,0.02381410580181982,0.016,-0.016,0.044,0.012351380632968575,0.0048882170278843695,0.02036063829077411,False
mediation_aware_recourse,False,3.0,2.0,2.0,250,0.5379932303903624,0.5003058926454979,0.57555556092076,0.028900984091352853,0.024458055821826457,0.033974953321679054,0.056319771063356054,0.05281876014375336,0.05983910988454384,0.4892378837628365,0.48572309767897137,0.4928426168503463,0.09381562328338623,0.09012400092184543,0.09736652145981789,0.4139361531498342,0.3949808974957104,0.4320375902113814,-0.029225476331585377,-0.04928248504969384,-0.008663037223149714,0.2020680559095446,0.1910828902784029,0.21315924916437629,0.28,0.224,0.34009999999999996,0.0,0.0,0.0,0.0,0.0,0.0,0.26896570749480353,0.24539140465096443,0.2927296111918495,0.9293961735180776,0.8834141875443874,0.9782001664235535,0.6497742633855412,0.6144688564612268,0.6819027094400345,0.644,0.584,0.7,0.08709796099330797,0.07590239417723087,0.09652527622428174,-0.05164637256511351,-0.07659282067216315,0.008008662523015742,0.017822425791062416,0.005686155399400741,0.03182275809617713,0.008,-0.024,0.036,0.01107069581385519,0.003133920543192096,0.019817438293387286,False
mediation_aware_recourse,False,3.0,5.0,2.0,250,0.5469663873491809,0.507768311707303,0.5835875959637109,0.029649806478321505,0.024831858350973776,0.03487752462865729,0.05216388742146615,0.048887795745478024,0.055561954460695534,0.4910296322300434,0.48766456457694773,0.4942493394432485,0.09381562328338623,0.09012400092184543,0.09736652145981789,0.4139361531498342,0.3949808974957104,0.4320375902113814,-0.047147268562420436,-0.06736775734267121,-0.02760188552492463,0.200703365755008,0.18964112445560588,0.21154072973942517,0.26,0.208,0.316,0.0,0.0,0.0,0.0,0.0,0.0,0.2629960928954765,0.241180803251565,0.2847482122194037,0.8861001432137425,0.8422719319716321,0.9335250947844151,0.6353527151327838,0.6042605148712525,0.6657944807935833,0.68,0.624,0.74,0.09866169734884674,0.087940105589991,0.10902077109947349,-0.09494240286944855,-0.12510008985208182,-0.035376480114125176,0.02679558274988085,0.008103692905325442,0.04765916911126114,-0.012,-0.048,0.024,0.005101081214528073,-0.004740311886988338,0.015789334085252477,False
transport_anchor_only,False,10.0,0.0,2.0,250,0.6131661638943479,0.5752805936450138,0.6515734034686814,0.013425020459744716,0.011194453880674865,0.015616867519874815,0.05950212113609824,0.05568156309020655,0.063067000534117,0.49112328460860255,0.4877987687214315,0.49421018274564144,0.09381562328338623,0.09012400092184543,0.09736652145981789,0.4139361531498342,0.3949808974957104,0.4320375902113814,-0.04568098672200624,-0.06389788358120259,-0.027086638550216344,0.20343958565646902,0.1932717900064547,0.21351789693128026,0.392,0.332,0.456,0.0,0.0,0.0,0.0,0.0,0.0,0.2774876290757769,0.2557533351918745,0.2988250245256586,0.8896424330795989,0.8518033503627088,0.9325384382450944,0.670361740389513,0.6409087639485223,0.6969268764594708,0.628,0.564,0.688,0.09106475539803173,0.0799926283431976,0.10158292010677202,-0.011279503081555009,-0.032922108377160676,0.009192245473198014,0.004417535439133644,-0.003585079175233841,0.013558329833671447,-0.004,-0.032,0.024,0.003570967429298008,-0.0014166544986066647,0.009294796031847236,False
mediation_aware_recourse,False,10.0,0.5,2.0,250,0.6154747596709058,0.57831948085404,0.6537762781903846,0.013324307695152691,0.011110590109831116,0.015575064402672211,0.05821294558930502,0.05455969342432465,0.061714552703473126,0.4906105065979958,0.4872299507931471,0.49376311533755063,0.09381562328338623,0.09012400092184543,0.09736652145981789,0.4139361531498342,0.3949808974957104,0.4320375902113814,-0.049834908871772984,-0.06701625057017609,-0.032279258639018496,0.20082077885685004,0.1902179137395972,0.21109765655393303,0.396,0.336,0.46,0.0,0.0,0.0,0.0,0.0,0.0,0.27929829568387843,0.2582711611998219,0.30139059982879557,0.879607257079248,0.8417552691902969,0.919565085371166,0.6747359952804967,0.6457131495402011,0.7011619563285876,0.64,0.5799,0.7,0.09223638316886432,0.08132289110025481,0.10274796791834125,-0.021314679081905874,-0.04513280840231926,0.0010164576944664341,0.006726131215691567,-0.0015916014716029164,0.016449391986802217,0.0,-0.028,0.024,0.005381634037399587,-3.7371800700917325e-05,0.011787786544921283,False
mediation_aware_recourse,False,10.0,0.5513084307449635,2.0,250,0.6154747596709058,0.57831948085404,0.6537762781903846,0.013324307695152691,0.011110590109831116,0.015575064402672211,0.05821294558930502,0.05455969342432465,0.061714552703473126,0.4906105065979958,0.4872299507931471,0.49376311533755063,0.09381562328338623,0.09012400092184543,0.09736652145981789,0.4139361531498342,0.3949808974957104,0.4320375902113814,-0.049834908871772984,-0.06701625057017609,-0.032279258639018496,0.20082077885685004,0.1902179137395972,0.21109765655393303,0.396,0.336,0.46,0.0,0.0,0.0,0.0,0.0,0.0,0.27929829568387843,0.2582711611998219,0.30139059982879557,0.879607257079248,0.8417552691902969,0.919565085371166,0.6747359952804967,0.6457131495402011,0.7011619563285876,0.64,0.5799,0.7,0.09223638316886432,0.08132289110025481,0.10274796791834125,-0.021314679081905874,-0.04513280840231926,0.0010164576944664341,0.006726131215691567,-0.0015916014716029164,0.016449391986802217,0.0,-0.028,0.024,0.005381634037399587,-3.7371800700917325e-05,0.011787786544921283,True
mediation_aware_recourse,False,10.0,1.0,2.0,250,0.6144227364985272,0.5770049134579255,0.6526683845213848,0.013472033240281803,0.0112573404570204,0.015601278480656967,0.0574990477142145,0.05405105622871156,0.060911128627821165,0.49071758359217643,0.48732932341425417,0.4939174321803688,0.09381562328338623,0.09012400092184543,0.09736652145981789,0.4139361531498342,0.3949808974957104,0.4320375902113814,-0.05221371102388686,-0.069302698888093,-0.034223088524100206,0.19954266290881395,0.18898039169931946,0.20958694326067465,0.396,0.336,0.46,0.0,0.0,0.0,0.0,0.0,0.0,0.279707969171319,0.25855896360393715,0.3014366961557705,0.8738604718950779,0.8372331980715428,0.9149150937688261,0.6757256950121451,0.6466975544807567,0.7028731538662336,0.648,0.584,0.708,0.093220947501201,0.08269491160968848,0.10394975864837028,-0.02706146426607603,-0.05047086705420126,-0.003846488556062442,0.0056741080433130265,-0.0024974529061466454,0.015327268250659106,0.0,-0.028,0.024,0.0057913075248401235,0.00024181755431324317,0.012048625489352387,False
mediation_aware_recourse,False,10.0,2.0,2.0,250,0.622894849809818,0.5841795015994926,0.660077369080158,0.01273710874168512,0.010668005678985055,0.014775687503101223,0.05558732398089475,0.051952430238780684,0.058987643383445205,0.4915766804840565,0.4879200054253578,0.4948405151557327,0.09381562328338623,0.09012400092184543,0.09736652145981789,0.4139361531498342,0.3949808974957104,0.4320375902113814,-0.06105603042961721,-0.07953215171836843,-0.04321007259678401,0.20117491282512892,0.19131670994384123,0.21077859086062803,0.416,0.352,0.48,0.0,0.0,0.0,0.0,0.0,0.0,0.2760918383442333,0.25487849870218304,0.29802319719554304,0.8524989180939784,0.8168660431281093,0.892038734702645,0.6669897532954088,0.6376103663430263,0.692709961375434,0.668,0.608,0.724,0.09945017261760902,0.08792585483750055,0.11015193097697461,-0.04842301806717553,-0.07559533138902548,-0.024862739348500345,0.014146221354603767,0.00443001163303852,0.02716730783767998,0.02,-0.004,0.044,0.0021751766977543946,-0.0031907537804895,0.008418363618166518,False
mediation_aware_recourse,False,10.0,5.0,2.0,250,0.6306455962685868,0.5927319989856332,0.6688575766599969,0.01310425872581737,0.011079244956915018,0.01513471096749274,0.05212310963386126,0.048682874552743616,0.05543554858542269,0.4920844812123776,0.48849199169525503,0.4953105954128504,0.09381562328338623,0.09012400092184543,0.09736652145981789,0.4139361531498342,0.3949808974957104,0.4320375902113814,-0.07612009167622628,-0.09300775002564497,-0.058681651039316135,0.19969641320840514,0.19004575996595263,0.209350414218657,0.384,0.324,0.448,0.0,0.0,0.0,0.0,0.0,0.0,0.271005734076223,0.24871244899606562,0.29317503403209744,0.8161066843352704,0.7787871081327883,0.8570791328573346,0.654702611990184,0.6241714731141115,0.6815057542734784,0.716,0.656,0.772,0.10914328831537637,0.09844768923812948,0.11997841008384884,-0.08481525182588345,-0.11784052425424761,-0.054430037142803,0.021896967813372612,0.009044397374242544,0.036785618428140876,-0.012,-0.0481,0.024,-0.0029109275702558952,-0.009776929199196958,0.004511750677910229,False
transport_anchor_only,False,30.0,0.0,2.0,250,0.7734371262071654,0.7201789649546146,0.8246335771122947,0.0036723933024800422,0.002906161274086328,0.004474510562362523,0.05867528102201722,0.054712089022620716,0.062422394468886866,0.49298447131514544,0.48923484474090334,0.4964246816642702,0.09381562328338623,0.09012400092184543,0.09736652145981789,0.4139361531498342,0.3949808974957104,0.4320375902113814,-0.06780205839367827,-0.08805973328930249,-0.04794068394316916,0.2221606068189838,0.21278408222821024,0.2318524511459408,0.588,0.528,0.648,0.0,0.0,0.0,0.0,0.0,0.0,0.26534560444820715,0.24428390343597534,0.2873009188842008,0.8362016512021464,0.792714505141917,0.8788325599564811,0.6410287254789017,0.6087017498622904,0.6696956094944593,0.64,0.576,0.7,0.10819630354765264,0.09498752119012725,0.12149590553850856,0.0010996069860058633,-0.0171255744423147,0.017491226873414797,0.0002463679313659668,-0.009304419469833375,0.010198789179325103,-0.008,-0.024099999999999996,0.012,0.007754515098451364,0.0025925859958503394,0.013259659893185399,False
mediation_aware_recourse,False,30.0,0.5,2.0,250,0.7742182701108977,0.7200438567038625,0.8259692722446751,0.0036947576300886964,0.002919133813028286,0.004496874889971177,0.05752173890777171,0.05369596526516388,0.06118720157865043,0.4923167081260681,0.48833734365692144,0.4956529799626708,0.09381562328338623,0.09012400092184543,0.09736652145981789,0.4139361531498342,0.3949808974957104,0.4320375902113814,-0.07321372810035688,-0.09309093596439004,-0.052836234437204616,0.2205022931494559,0.21101309925269016,0.23037650316760866,0.584,0.528,0.644,0.0,0.0,0.0,0.0,0.0,0.0,0.26482279021526967,0.24289785917468742,0.28614964197186904,0.8231279690279786,0.7801873632305891,0.8657422346952803,0.6397656974287516,0.609101932778636,0.6705709025092708,0.652,0.588,0.708,0.11116354551746067,0.09793520196473507,0.1246699883545477,-0.011974075188161959,-0.03211570117713373,0.005787935602525548,0.0010275118350982666,-0.008957009756565094,0.011471717053651806,-0.012,-0.032,0.008,0.0072317008655138635,0.0022070857281380816,0.012997822531134205,False
mediation_aware_recourse,False,30.0,0.5513084307449635,2.0,250,0.7746952956197783,0.720050188145414,0.8263335058907513,0.0036850105820466724,0.002909358131598327,0.004494291005590014,0.05725428414530578,0.0532218217017259,0.060889979855614375,0.4922920329120159,0.48833112183600663,0.49562830474861863,0.09381562328338623,0.09012400092184543,0.09736652145981789,0.4139361531498342,0.3949808974957104,0.4320375902113814,-0.07444246496523318,-0.09412988870132007,-0.05360790352858903,0.22091830480086752,0.21128452868727723,0.2305957770102905,0.588,0.528,0.648,0.0,0.0,0.0,0.0,0.0,0.0,0.26370780235361535,0.24185982641340956,0.28459045221549034,0.8201595477979742,0.7780514690797875,0.8631008030147728,0.6370720811189317,0.6069211667981127,0.6671457817098562,0.656,0.592,0.716,0.11233540788072598,0.09944254680257694,0.1257754210643298,-0.014942496418166362,-0.034982712135650094,0.003996725984157137,0.0015045373439788819,-0.008479984247684478,0.011845337396860122,-0.008,-0.028,0.016,0.00611671300385958,0.0004903607813546349,0.01199824698117454,True
mediation_aware_recourse,False,30.0,1.0,2.0,250,0.7770222423551604,0.7216397178198444,0.8278826395692304,0.003604222251545603,0.0028694565596653707,0.004387575262767072,0.05635708678759191,0.05247801573247581,0.0600810032289551,0.49266266609740256,0.48863311436591145,0.49612909969295854,0.09381562328338623,0.09012400092184543,0.09736652145981789,0.4139361531498342,0.3949808974957104,0.4320375902113814,-0.07786355566165014,-0.09717057091843143,-0.05648236716792089,0.2224636159978297,0.21289112166930219,0.23231325176443107,0.588,0.532,0.648,0.0,0.0,0.0,0.0,0.0,0.0,0.26033802465499867,0.23809160506725374,0.2824184067702876,0.8118947691107679,0.768204322376954,0.8544474417888192,0.6289312856164642,0.5956731616294908,0.6591484877778464,0.66,0.596,0.716,0.1157308420782428,0.10259926062890143,0.12902409265167397,-0.023207275105372682,-0.0422385589305492,-0.005850740302203121,0.003831484079360962,-0.004835684216022492,0.01339166113734245,-0.008,-0.028,0.012,0.0027469353052428733,-0.0017138719932414887,0.007519678795330225,False
mediation_aware_recourse,False,30.0,2.0,2.0,250,0.7765820852993056,0.7245129926180467,0.8278725631861016,0.0036650377928476555,0.0029235130968626303,0.004434019607064993,0.05498608237157438,0.05131245512881086,0.058738663144873214,0.49303129284262653,0.48909453866716024,0.49654126890030503,0.09381562328338623,0.09012400092184543,0.09736652145981789,0.4139361531498342,0.3949808974957104,0.4320375902113814,-0.08134684597148206,-0.10179329609192653,-0.061506675204337856,0.2228155892912713,0.21324136445803538,0.23259160199744544,0.588,0.532,0.652,0.0,0.0,0.0,0.0,0.0,0.0,0.2587140931661161,0.23659342309673767,0.28047064188535176,0.8034797266378504,0.7596740310555918,0.8492885635499968,0.6250081502219729,0.5928757864529177,0.6551639548454047,0.664,0.6,0.72,0.11828445297760007,0.10481087253878124,0.13205961918890693,-0.03162231757829015,-0.05449519025987536,-0.01074352571107241,0.0033913270235061644,-0.0044867417573928835,0.011424126318097111,-0.008,-0.028,0.012,0.001123003816360284,-0.0033448205889235307,0.005600580270710839,False
mediation_aware_recourse,False,30.0,5.0,2.0,250,0.7962222877917812,0.7399412977308268,0.8499758477979573,0.003440291472464714,0.0027515281505425346,0.004130235627772969,0.05053784452273153,0.04672405833511311,0.05420628834864296,0.494561246808052,0.4905993628878236,0.49802254635745286,0.09381562328338623,0.09012400092184543,0.09736652145981789,0.4139361531498342,0.3949808974957104,0.4320375902113814,-0.10231220251576173,-0.12191260371551174,-0.0815714312348384,0.22843260891340697,0.21839550003005806,0.2396429606607241,0.588,0.528,0.648,0.0,0.0,0.0,0.0,0.0,0.0,0.2460007964684508,0.22409382700084685,0.26688258683298566,0.7528309577764101,0.7078828377077611,0.7992423518622702,0.5942950415737749,0.5602630330507589,0.6269878075839208,0.708,0.644,0.764,0.1347418125390302,0.12003621112586883,0.14903044597967868,-0.08227108643973047,-0.11483347045304111,-0.05405957196429281,0.023031529515981673,0.009007983711361885,0.03873720081597567,-0.008,-0.04,0.024,-0.01159029288130501,-0.018703253471489035,-0.004265397285778654,False
transport_anchor_only,False,0.0,0.0,5.0,250,0.06032021040514349,0.03653721394965773,0.08694267420568552,0.405016335563074,0.37034840161794125,0.439892207997601,0.04471399393163744,0.03985765311160582,0.0491067457677756,0.5109628639535904,0.5055960084766805,0.5160250500159443,0.09381562328338623,0.09012400092184543,0.09736652145981789,0.4139361531498342,0.3949808974957104,0.4320375902113814,0.36367789774459974,0.3420032937231193,0.38518247237845155,0.4097314236058118,0.39341332217207775,0.42637419119887265,0.104,0.068,0.144,0.0,0.0,0.0,0.0,0.0,0.0,0.04629957675828269,0.028458088444578852,0.06572560883520791,0.12141547681398646,0.07469357999675473,0.16972721988754944,0.11185170653681442,0.06785429357359628,0.15417045655820694,0.04,0.016,0.068,0.0019793393234758395,0.0006419028955116456,0.003672282329477298,0.12141547681398646,0.07356720918835953,0.17118398577764063,0.06032021040514349,0.03653721394965773,0.08694267420568552,0.004,0.0,0.012,0.04629957675828269,0.028260547087660987,0.0662901651647011,False
mediation_aware_recourse,False,0.0,0.5,5.0,250,0.05423031117066978,0.03301238702870467,0.08060294836835803,0.4107984137438615,0.37441649710767116,0.4467943565411968,0.044268008134393716,0.03938450506104244,0.048632621718819914,0.5122014322965145,0.5068490085449934,0.5174066446728647,0.09381562328338623,0.09012400092184543,0.09736652145981789,0.4139361531498342,0.3949808974957104,0.4320375902113814,0.3675980985197542,0.34605159959868054,0.3896704388141875,0.41407349456398074,0.39866172737545313,0.43070376630021784,0.104,0.068,0.144,0.0,0.0,0.0,0.0,0.0,0.0,0.04186974304527368,0.024331863889603518,0.05976437326596053,0.11194493227390745,0.06484809335094131,0.15915161881242737,0.10115000049182932,0.06118733232686496,0.14589516324254312,0.04,0.016,0.068,0.002234155792403132,0.0006588918675846828,0.004410356935308526,0.11194493227390745,0.06669566099120271,0.1608497118031421,0.05423031117066978,0.03301238702870467,0.08060294836835803,0.004,0.0,0.012,0.04186974304527368,0.02507411077025801,0.061229529456901334,False
mediation_aware_recourse,False,0.0,0.5513084307449635,5.0,250,0.05423031117066978,0.03301238702870467,0.08060294836835803,0.4107984137438615,0.37441649710767116,0.4467943565411968,0.044268008134393716,0.03938450506104244,0.048632621718819914,0.5122014322965145,0.5068490085449934,0.5174066446728647,0.09381562328338623,0.09012400092184543,0.09736652145981789,0.4139361531498342,0.3949808974957104,0.4320375902113814,0.3675980985197542,0.34605159959868054,0.3896704388141875,0.41407349456398074,0.39866172737545313,0.43070376630021784,0.104,0.068,0.144,0.0,0.0,0.0,0.0,0.0,0.0,0.04186974304527368,0.024331863889603518,0.05976437326596053,0.11194493227390745,0.06484809335094131,0.15915161881242737,0.10115000049182932,0.06118733232686496,0.14589516324254312,0.04,0.016,0.068,0.002234155792403132,0.0006588918675846828,0.004410356935308526,0.11194493227390745,0.06669566099120271,0.1608497118031421,0.05423031117066978,0.03301238702870467,0.08060294836835803,0.004,0.0,0.012,0.04186974304527368,0.02507411077025801,0.061229529456901334,True
mediation_aware_recourse,False,0.0,1.0,5.0,250,0.05417335011249645,0.030410786474540995,0.08080560679246496,0.4136588336981818,0.3792355206921938,0.4489304064054574,0.043753422629640645,0.038965771889318275,0.04822475283267678,0.5122770969820023,0.5069535368730068,0.5174037581531524,0.09381562328338623,0.09012400092184543,0.09736652145981789,0.4139361531498342,0.3949808974957104,0.4320375902113814,0.36737576228551944,0.34594852617790506,0.38958508332331426,0.41441792100636604,0.39827035716319215,0.43061869275105646,0.108,0.072,0.148,0.0,0.0,0.0,0.0,0.0,0.0,0.04146132590337939,0.024176012931187693,0.06028780234068227,0.11248205915336196,0.06600343105347824,0.16137928055959647,0.10016333587201509,0.060348668130603605,0.14382492224995572,0.044,0.02,0.076,0.0025495324804676416,0.000845862498096428,0.004780231635269097,0.11248205915336196,0.0641434594982722,0.16453421565592546,0.05417335011249645,0.030410786474540995,0.08080560679246496,0.008,0.0,0.02,0.04146132590337939,0.023631046884642844,0.06103248445473202,False
mediation_aware_recourse,False,0.0,2.0,5.0,250,0.048093694146138774,0.02699366980892632,0.07474552139931463,0.42113875782203736,0.38367593564431995,0.4567754168256732,0.042636402157353516,0.03810431786369211,0.047206996389990104,0.5137887931046486,0.5082264548366069,0.5194137349255145,0.09381562328338623,0.09012400092184543,0.09736652145981789,0.4139361531498342,0.3949808974957104,0.4320375902113814,0.37107533417372135,0.348802709918693,0.3937023708678494,0.4185642716945935,0.4020869456348686,0.435101354726125,0.108,0.072,0.148,0.0,0.0,0.0,0.0,0.0,0.0,0.0370238193062129,0.021179678837951136,0.05480018723824448,0.10354451682938237,0.05781570931223787,0.152907478565164,0.08944309347643753,0.05196319796681514,0.1348717162271211,0.044,0.02,0.072,0.0029184998349499666,0.0009509278338157834,0.005358166371858795,0.10354451682938237,0.05647307484279373,0.1568113172375495,0.048093694146138774,0.02699366980892632,0.07474552139931463,0.008,0.0,0.02,0.0370238193062129,0.019755520931634324,0.05757223709081126,False
mediation_aware_recourse,False,0.0,5.0,5.0,250,0.05518628260085654,0.03202177723731073,0.0796428753977654,0.4282910527704031,0.39069869312261174,0.46359661016554893,0.03986046248890875,0.035452111937523366,0.04408235449580986,0.5143025159811973,0.5084083262292266,0.520130983180684,0.09381562328338623,0.09012400092184543,0.09736652145981789,0.4139361531498342,0.3949808974957104,0.4320375902113814,0.3667617674029635,0.341893533300471,0.39245616511165055,0.4184173782425356,0.40129964570153825,0.4356116063054172,0.104,0.068,0.144,0.0,0.0,0.0,0.0,0.0,0.0,0.03626736650114587,0.02112377260315199,0.054330295655451166,0.11396536733478979,0.06927590650643206,0.16212227176068655,0.08761563536374173,0.05091913256664227,0.1298182753818398,0.064,0.036,0.096,0.005071542563320049,0.0024290529860785423,0.008838798299638347,0.11396536733478979,0.0680448438982385,0.16251916046154632,0.05518628260085654,0.03202177723731073,0.0796428753977654,0.004,-0.008,0.016,0.03626736650114587,0.02029007754849223,0.05370928740180212,False
transport_anchor_only,False,1.0,0.0,5.0,250,0.3493875554763217,0.3053027663861303,0.392943579168557,0.1559104702537297,0.13534145291526012,0.1796481474260325,0.05932991107658283,0.05553450971164,0.06286492861926553,0.48259996541261674,0.4792284914707482,0.4859025228735149,0.09381562328338623,0.09012400092184543,0.09736652145981789,0.4139361531498342,0.3949808974957104,0.4320375902113814,0.1416950603479188,0.11718710848335484,0.16438808753185574,0.24104014386753164,0.2215759787219038,0.25815161114438273,0.144,0.104,0.188,0.0,0.0,0.0,0.0,0.0,0.0,0.2263526884810281,0.196285663905507,0.2561662057973606,0.6576886090531241,0.5852866536119156,0.7200275353526782,0.5468286377211804,0.4922642282423658,0.6001186234552736,0.324,0.268,0.384,0.022944202160443607,0.01744614067683499,0.02861297929661966,0.35279188740683776,0.27819146257285754,0.4284828924546169,0.2146256672962454,0.17395917847112333,0.2558406410051272,0.028,0.004,0.048,0.1401978910333159,0.11564837551649905,0.16448567610427178,False
mediation_aware_recourse,False,1.0,0.5,5.0,250,0.34392447373647883,0.3000421556808939,0.3877445780236041,0.15971797388413445,0.13817655470387177,0.18354736541679545,0.05814362345411446,0.05435245084914213,0.061761600106046796,0.48301129739809034,0.4796224886718154,0.4861938722453833,0.09381562328338623,0.09012400092184543,0.09736652145981789,0.4139361531498342,0.3949808974957104,0.4320375902113814,0.1415227462701612,0.11764358365833465,0.1655250538243579,0.24445325317949476,0.22488941103520518,0.261969810406221,0.148,0.108,0.192,0.0,0.0,0.0,0.0,0.0,0.0,0.22237307329237774,0.19199453063684935,0.2511028655939087,0.6581048908309934,0.5838360556965831,0.7224721662351329,0.5372145811492542,0.4807686333884936,0.5905509862409348,0.332,0.276,0.392,0.025020166793647606,0.01932551674038282,0.031010778230215592,0.3532081691847071,0.2772203157251677,0.4294222097035483,0.20916258555640252,0.16935554297404243,0.25080460757958783,0.032,0.012,0.0520999999999999,0.1362182758446655,0.11111799898093186,0.16129543166991686,False
mediation_aware_recourse,False,1.0,0.5513084307449635,5.0,250,0.3409561078940023,0.2965966230869137,0.3842151804492747,0.16154244388461883,0.14048090177856992,0.18464660763067975,0.058091316706005515,0.054351143180439404,0.06168362699296025,0.48324574765634537,0.4797097710766614,0.48659773322549466,0.09381562328338623,0.09012400092184543,0.09736652145981789,0.4139361531498342,0.3949808974957104,0.4320375902113814,0.1435155539705267,0.11916130358250507,0.1673873034875459,0.24591170648706345,0.22610256319315242,0.26398154407994806,0.148,0.108,0.192,0.0,0.0,0.0,0.0,0.0,0.0,0.22095336359303855,0.1899812176997667,0.25028217472804404,0.6532906032042632,0.5802042593843592,0.7173065415390053,0.5337848099984943,0.4774305227070295,0.5880998764868939,0.328,0.272,0.388,0.024733617793134457,0.019119000213425923,0.03063824391847266,0.3483938815579769,0.2706536981984292,0.423865817108682,0.20619421971392604,0.16632012567176474,0.24726862135728336,0.032,0.012,0.0520999999999999,0.13479856614532634,0.11036682958443579,0.1605152670109247,True
mediation_aware_recourse,False,1.0,1.0,5.0,250,0.3261734524782396,0.28367621390129466,0.37199138807305676,0.17310824693746388,0.14959361384721961,0.1998260232987966,0.0569360574010754,0.053207532609357726,0.06071000112864793,0.4840635998635292,0.4805428026857674,0.4872827456585169,0.09381562328338623,0.09012400092184543,0.09736652145981789,0.4139361531498342,0.3949808974957104,0.4320375902113814,0.1521201855077447,0.12642898557560914,0.17675105796248833,0.2537859354136698,0.2340450214532991,0.27203851164557197,0.148,0.108,0.192,0.0,0.0,0.0,0.0,0.0,0.0,0.21246164698995829,0.18305798012479088,0.24184715701076895,0.6325032632443652,0.5590691182862235,0.7015627259878222,0.5132703029558006,0.4559590360104789,0.5677161456309557,0.32,0.264,0.38009999999999994,0.024677160326065574,0.018814750739437124,0.03097056560346173,0.3276065415980789,0.2526557335860672,0.40232480448633107,0.19141156429816328,0.15199191652670851,0.2310457823149729,0.032,0.012,0.0520999999999999,0.12630684954224608,0.1020184947097219,0.15046980920463177,False
mediation_aware_recourse,False,1.0,2.0,5.0,250,0.3073495880010187,0.26599730872476757,0.35283589640820523,0.18933230491094294,0.16364976744023355,0.21655337001688468,0.05386706715226256,0.049752939238298724,0.057660274259992435,0.4855343111763001,0.48181777934514886,0.48888220518109204,0.09381562328338623,0.09012400092184543,0.09736652145981789,0.4139361531498342,0.3949808974957104,0.4320375902113814,0.15864233020136487,0.13153579492395032,0.18502314933229008,0.2639764105480988,0.24476898167096803,0.28231336607908114,0.148,0.108,0.196,0.0,0.0,0.0,0.0,0.0,0.0,0.19964344214626556,0.16954009793508246,0.22818073113926002,0.6167468606107946,0.542343897227446,0.6865926536082771,0.4823037545143182,0.4255990949784289,0.5380750737283729,0.336,0.276,0.392,0.027825190401101835,0.021624311829523773,0.03422866340792921,0.3118501389645083,0.23760242147708951,0.386504836088244,0.17258769982094235,0.13568475855200376,0.21068080019399021,0.032,0.012,0.056,0.11348864469855334,0.09098443208571708,0.13754240732542425,False
mediation_aware_recourse,False,1.0,5.0,5.0,250,0.25844709670634164,0.216017233946485,0.302108430135416,0.24417028285020048,0.21286107218725192,0.2789790493506037,0.04607470894791364,0.0423229533466833,0.049772068347449704,0.4898728139424323,0.4859199630362511,0.4936437712251007,0.09381562328338623,0.09012400092184543,0.09736652145981789,0.4139361531498342,0.3949808974957104,0.4320375902113814,0.18680774051861782,0.1580638778639075,0.21629314809081024,0.2953153170864535,0.27670321791116476,0.31278102766174626,0.148,0.108,0.196,0.0,0.0,0.0,0.0,0.0,0.0,0.1636653761951802,0.1368238621656935,0.18950158458019767,0.5487039750040914,0.4740473755099294,0.6210441308647667,0.39538701884884453,0.3401867344473422,0.45586893516464966,0.308,0.252,0.368,0.03134955115847572,0.024163803164894315,0.03910663524499095,0.24380725335780506,0.16719947579025965,0.3255874480086142,0.12368520852626534,0.08524975685614045,0.16393649558657925,0.032,0.004,0.060099999999999903,0.07751057874746797,0.0545765055970002,0.1022889013948505,False
transport_anchor_only,False,3.0,0.0,5.0,250,0.5391873648567125,0.5017510942836758,0.5774232787061715,0.03596571434967082,0.03104644520898391,0.04112362284853284,0.06235458970772581,0.05871484306740812,0.06580636077119657,0.4815838985905647,0.4779214470119178,0.4847187411756098,0.09381562328338623,0.09012400092184543,0.09736652145981789,0.4139361531498342,0.3949808974957104,0.4320375902113814,0.0009398236565058458,-0.017617859940010944,0.01986133899273817,0.1863846990832216,0.1732396617276491,0.19857895751021312,0.276,0.224,0.33609999999999995,0.0,0.0,0.0,0.0,0.0,0.0,0.2906537097649076,0.2655551238476258,0.3152315678242665,0.9977295444011007,0.9484563576176626,0.9993420800830966,0.7021686962320893,0.667267040138229,0.7328416068080114,0.592,0.528,0.6480999999999999,0.06117130986421034,0.052481400380513195,0.06991555835851802,0.01668699831790965,-0.03237134473999371,0.046791952109778046,0.019016560257412492,0.005710531526803971,0.03385273040181491,0.004,-0.032,0.036,0.0327586980839592,0.02365883322601697,0.04371311460387685,False
mediation_aware_recourse,False,3.0,0.5,5.0,250,0.5383860947070643,0.500828981040651,0.5763099685104797,0.035574602385220956,0.03077182402349956,0.0407152370103136,0.06164132992654423,0.05799396035050459,0.06510512727349002,0.48201792046213154,0.4782535333370388,0.48522683352597956,0.09381562328338623,0.09012400092184543,0.09736652145981789,0.4139361531498342,0.3949808974957104,0.4320375902113814,-0.0024580341986118388,-0.020508329444664478,0.017072446149999677,0.1865700313431862,0.17383563359566592,0.19879430132344567,0.28,0.228,0.34,0.0,0.0,0.0,0.0,0.0,0.0,0.2904808428702095,0.2649204301243642,0.3149537088641955,0.9940618035416634,0.9493127793864305,0.9994023136856817,0.70175107994854,0.6672199022912948,0.7336852322081521,0.608,0.544,0.6680999999999999,0.06295667223911824,0.053989206960053826,0.0716523674373034,0.013019257458472322,-0.024358535752037568,0.04196911875540902,0.018215290107764303,0.005115770096634515,0.03299233613687102,0.008,-0.028,0.04,0.0325858311892611,0.023200268744837455,0.04368253403470717,False
mediation_aware_recourse,False,3.0,0.5513084307449635,5.0,250,0.5382764369426295,0.5008274057179224,0.5761433853950119,0.035650476253485094,0.0308905885220785,0.040811280678269814,0.0614884037196267,0.05780470333991925,0.06494463190711576,0.4820098569192886,0.47824492599870566,0.4852187699831367,0.09381562328338623,0.09012400092184543,0.09736652145981789,0.4139361531498342,0.3949808974957104,0.4320375902113814,-0.003562301358770067,-0.02191012757969453,0.016076169799274884,0.18609362289697698,0.1732476522979062,0.19831415955516377,0.276,0.224,0.34,0.0,0.0,0.0,0.0,0.0,0.0,0.29032199141510523,0.2649204301243642,0.31481044605048353,0.9913940801457837,0.9487311429497762,0.9992549595384826,0.7013673225238872,0.6668440401039998,0.7329448847678522,0.612,0.548,0.672,0.0635882315467495,0.054762013899613965,0.07208893928301312,0.010351534062592593,-0.022363802822980245,0.040376139493842486,0.01810563234332949,0.005011529100174084,0.03298651726008393,0.004,-0.032,0.036,0.03242697973415682,0.02307945786750313,0.04347928995205675,True
mediation_aware_recourse,False,3.0,1.0,5.0,250,0.5404213732061908,0.5028465638885042,0.5786450514075113,0.03404004021575695,0.029242580534707532,0.039025170131125185,0.06050006160363266,0.05685566029238163,0.0639199902120021,0.4827110484449863,0.47926044128625395,0.4858300269541323,0.09381562328338623,0.09012400092184543,0.09736652145981789,0.4139361531498342,0.3949808974957104,0.4320375902113814,-0.0086921762982947,-0.026620774361182813,0.010766499687034517,0.18744588520576114,0.17492303401677806,0.19922534246800622,0.276,0.224,0.34,0.0,0.0,0.0,0.0,0.0,0.0,0.28884968917719767,0.2635408564417357,0.3121837590526441,0.979001166648161,0.9353536699719188,0.998699678433171,0.697810496967842,0.6646018330763667,0.7287169951415204,0.62,0.556,0.68,0.06688932013546563,0.057582471879583534,0.07583413433329295,-0.002041379435030133,-0.02644923581360762,0.031560120324173935,0.02025056860689074,0.00703345946718473,0.03416169600803405,0.004,-0.032,0.036,0.030954677496249222,0.02183791939791178,0.041682137904112494,False
mediation_aware_recourse,False,3.0,2.0,5.0,250,0.5436492281733081,0.5065092508286237,0.5810165052326163,0.031671429156333405,0.02697830295696691,0.03678972034915295,0.05827363295544434,0.05449894104178592,0.06178594696665118,0.4841332998571396,0.4807539049024046,0.48735764972319007,0.09381562328338623,0.09012400092184543,0.09736652145981789,0.4139361531498342,0.3949808974957104,0.4320375902113814,-0.022149604850837504,-0.04148533914039595,-0.002671462136050544,0.1918573892638038,0.17971151445220582,0.20335962985688352,0.28,0.228,0.34,0.0,0.0,0.0,0.0,0.0,0.0,0.28201524574076975,0.25737815210146336,0.30525038011340594,0.9464902867693706,0.9027564153268471,0.9887068404505777,0.6812996730010326,0.6471876392286764,0.7134975768261231,0.64,0.576,0.7,0.07703525612995096,0.06761957028825769,0.08669999100208685,-0.034552259313820444,-0.05858749106143569,0.024020154427977815,0.023478423574008048,0.009845785870030523,0.03799675931716338,0.008,-0.028,0.044,0.02412023405982132,0.015149331420624535,0.034156729198438644,False
mediation_aware_recourse,False,3.0,5.0,5.0,250,0.5707082624761388,0.535136321701086,0.6066582810044056,0.029402378915515184,0.02500503577566371,0.034451599632078986,0.05200280286881535,0.048862898639257184,0.055060101111800264,0.48445291479611396,0.48110461689159273,0.48768232641462683,0.09381562328338623,0.09012400092184543,0.09736652145981789,0.4139361531498342,0.3949808974957104,0.4320375902113814,-0.05124378597078999,-0.06938978358196603,-0.03292436587211336,0.18578172700444268,0.1743457121636857,0.1958541808441575,0.268,0.216,0.324,0.0,0.0,0.0,0.0,0.0,0.0,0.27973200245721863,0.2573211828080381,0.30124928360454956,0.876203647396218,0.836998917082849,0.9188301634582905,0.6757837552414123,0.6458856418019766,0.7055510673466121,0.704,0.644,0.7600999999999999,0.0923420012721604,0.08155560325225138,0.10254250323540035,-0.10483889868697305,-0.13566619552837844,-0.0539296568052182,0.05053745787683874,0.02744086043278221,0.07455264193727634,-0.004,-0.04,0.032,0.021836990776270247,0.011128105963381348,0.0326327525563255,False
transport_anchor_only,False,10.0,0.0,5.0,250,0.6179980287281797,0.5821953227788677,0.6551447851993841,0.014464721206822547,0.012037400346396008,0.016884240203295063,0.06046851830389342,0.05648132254066733,0.06396828333391963,0.4864393251340389,0.48294333152664903,0.48958206631320117,0.09381562328338623,0.09012400092184543,0.09736652145981789,0.4139361531498342,0.3949808974957104,0.4320375902113814,-0.04345759026569817,-0.06128994397736536,-0.02604205571602462,0.19319236590093952,0.18291804073771825,0.2030728091956874,0.388,0.328,0.452,0.0,0.0,0.0,0.0,0.0,0.0,0.28960234843902366,0.26789465477579,0.311070060364562,0.895013784287724,0.8593867447425838,0.9338368310056179,0.6996287905413556,0.6694525152042918,0.7262119803210936,0.644,0.5839,0.704,0.08389569748825432,0.07285640389027474,0.0937635611451964,-0.005908151873429857,-0.03310074065757888,0.01880850351435497,0.009249400272965431,-0.003956948713958263,0.024287251527979968,-0.008,-0.044,0.024,0.015685686792544763,0.008278240234598543,0.02353352588960368,False
mediation_aware_recourse,False,10.0,0.5,5.0,250,0.6196035767523572,0.5828784481945913,0.6575586993101286,0.014357727954803012,0.012025704388543404,0.016803209283463832,0.05960225317378828,0.05587759137811507,0.06313129711505784,0.4863726249032021,0.4829371639889538,0.4895446022152364,0.09381562328338623,0.09012400092184543,0.09736652145981789,0.4139361531498342,0.3949808974957104,0.4320375902113814,-0.046575090217837775,-0.06394157478032136,-0.029218287588850058,0.19273746225542607,0.18272268689130947,0.20251780100392516,0.392,0.336,0.456,0.0,0.0,0.0,0.0,0.0,0.0,0.2892916273694438,0.2672117125004241,0.31117946932444807,0.8874824296852882,0.8509945463438993,0.926359722616116,0.6988781426019393,0.668859136293916,0.7244644032482439,0.656,0.596,0.716,0.08560980799911405,0.07499308700175945,0.09550584148670828,-0.01343950647586567,-0.04079378149220426,0.013056369334852266,0.010854948297142982,-0.0029741769425570964,0.0261294096391648,-0.004,-0.04,0.028,0.015374965722964918,0.007814329301283056,0.023545560549345233,False
mediation_aware_recourse,False,10.0,0.5513084307449635,5.0,250,0.6196035767523572,0.5828784481945913,0.6575586993101286,0.014357727954803012,0.012025704388543404,0.016803209283463832,0.05960225317378828,0.05587759137811507,0.06313129711505784,0.4863726249032021,0.4829371639889538,0.4895446022152364,0.09381562328338623,0.09012400092184543,0.09736652145981789,0.4139361531498342,0.3949808974957104,0.4320375902113814,-0.046575090217837775,-0.06394157478032136,-0.029218287588850058,0.19273746225542607,0.18272268689130947,0.20251780100392516,0.392,0.336,0.456,0.0,0.0,0.0,0.0,0.0,0.0,0.2892916273694438,0.2672117125004241,0.31117946932444807,0.8874824296852882,0.8509945463438993,0.926359722616116,0.6988781426019393,0.668859136293916,0.7244644032482439,0.656,0.596,0.716,0.08560980799911405,0.07499308700175945,0.09550584148670828,-0.01343950647586567,-0.04079378149220426,0.013056369334852266,0.010854948297142982,-0.0029741769425570964,0.0261294096391648,-0.004,-0.04,0.028,0.015374965722964918,0.007814329301283056,0.023545560549345233,True
mediation_aware_recourse,False,10.0,1.0,5.0,250,0.6169011677233502,0.5805457698480458,0.6556733359852107,0.01462649340714647,0.012227025285162044,0.01700353474451678,0.05887278930564482,0.05522381227930922,0.06235898785371269,0.48650665757727624,0.48310736125053166,0.48957602095395925,0.09381562328338623,0.09012400092184543,0.09736652145981789,0.4139361531498342,0.3949808974957104,0.4320375902113814,-0.04868027616860613,-0.06623867144418832,-0.03151101711949577,0.19172359008772857,0.18149088899024723,0.20164829957806904,0.384,0.328,0.448,0.0,0.0,0.0,0.0,0.0,0.0,0.28887054987742067,0.26668104381629715,0.3112230083151268,0.8823966551407141,0.8470779702087312,0.9221504489741933,0.6978608927831577,0.6673692127968875,0.7239093790597437,0.664,0.604,0.72,0.0868729397205098,0.07657767879501672,0.09670318713710094,-0.01852528102043982,-0.04630442281681183,0.006493387492291617,0.008152539268136024,-0.005006193217262625,0.02278265820294618,-0.012,-0.044,0.02,0.01495388823094176,0.007632672540350095,0.022997209147092957,False
mediation_aware_recourse,False,10.0,2.0,5.0,250,0.6166196239916608,0.5796961960550397,0.6547624272610294,0.014623577171098195,0.012297896949073635,0.016938704782758475,0.05730510100806134,0.053691072185786615,0.06086202399946599,0.4870300076084137,0.48358754533796905,0.49009791606706377,0.09381562328338623,0.09012400092184543,0.09736652145981789,0.4139361531498342,0.3949808974957104,0.4320375902113814,-0.052507686829005126,-0.06987958409951943,-0.034412824010349806,0.19234701243632343,0.18204964257162914,0.20231457176225817,0.38,0.32,0.444,0.0,0.0,0.0,0.0,0.0,0.0,0.28660692704585394,0.26419140468253033,0.30794182607288045,0.8731502758832503,0.8368993678969164,0.911828983270861,0.6923923746153076,0.6636999594096816,0.7184082991184336,0.668,0.608,0.724,0.08991845646649267,0.07929646800445121,0.09959326814358237,-0.027771660277903565,-0.05805024773347265,0.0004962921105577747,0.007870995536446572,-0.00541073045283556,0.022033030014485113,-0.016,-0.052,0.02,0.012690265399375013,0.005398853579011296,0.020723605800549813,False
mediation_aware_recourse,False,10.0,5.0,5.0,250,0.6471146150855348,0.6080748797988286,0.6847945846770658,0.013315582818918724,0.011265027859592788,0.015308508687909018,0.05179479040307477,0.048518068448750694,0.05512241605059482,0.48743785649633414,0.4839405341037332,0.49051147962212555,0.09381562328338623,0.09012400092184543,0.09736652145981789,0.4139361531498342,0.3949808974957104,0.4320375902113814,-0.07766238305705495,-0.09351177463542693,-0.060778215057624645,0.19248553025721188,0.1827987143039291,0.2019278421111516,0.376,0.316,0.44009999999999994,0.0,0.0,0.0,0.0,0.0,0.0,0.279364392398091,0.2588409126143815,0.30045132930284696,0.8123807682269706,0.7779260562122564,0.8480182146393191,0.6748956734200993,0.6459845286009482,0.6996288134217028,0.724,0.664,0.78,0.10573510484485667,0.09497173341375424,0.11633000011234107,-0.08854116793418332,-0.12395631502854268,-0.05565652178170526,0.03836598663032055,0.020735301442071797,0.05791673078946769,-0.02,-0.064,0.016,0.005447730751612147,-0.002273666870288436,0.013836633590545194,False
transport_anchor_only,False,30.0,0.0,5.0,250,0.7889443599460646,0.7332029568921309,0.8415707495511975,0.003687154834946128,0.0029590967244408103,0.00445547305249188,0.06013030204691354,0.0561489475583572,0.06371256245473056,0.48756645779323576,0.4837178819658696,0.49107961494690183,0.09381562328338623,0.09012400092184543,0.09736652145981789,0.4139361531498342,0.3949808974957104,0.4320375902113814,-0.06825822389710984,-0.08725977917209281,-0.04865016484171489,0.2170288832518711,0.20802850922494323,0.2266854086623119,0.568,0.508,0.632,0.0,0.0,0.0,0.0,0.0,0.0,0.2702653236563391,0.24932288633085614,0.29154528643443073,0.8350996322072837,0.7935091025870543,0.8764362424723858,0.6529139094835925,0.6248876058598964,0.6812565747181919,0.648,0.584,0.708,0.10596452669530247,0.0932895530355455,0.11707500399600311,-2.4120088568668763e-06,-0.02201237702887919,0.022170787916205435,0.015753601670265197,-0.0008242183983325952,0.03352245736122131,-0.028,-0.06,0.004,0.012674234306583263,0.00544239950015101,0.020495185083103804,False
mediation_aware_recourse,False,30.0,0.5,5.0,250,0.7899483536956832,0.7335393162657973,0.8430501676861661,0.0036690411390130043,0.00294770864681182,0.0044455450536545465,0.05892114682488035,0.05479849404756734,0.0624092786929502,0.4874955880947113,0.483606392256409,0.49099284791734216,0.09381562328338623,0.09012400092184543,0.09736652145981789,0.4139361531498342,0.3949808974957104,0.4320375902113814,-0.07181556172642792,-0.09016992362369214,-0.05242744821154059,0.21614038271707647,0.20714226323191023,0.22579205305600258,0.572,0.512,0.636,0.0,0.0,0.0,0.0,0.0,0.0,0.26948949198521116,0.2480418353362199,0.29107983038750546,0.8265057034038954,0.7846649953293505,0.8685856317351752,0.6510396354086045,0.6227518922559461,0.6789679693235067,0.66,0.592,0.716,0.10813111144552548,0.09579966431485532,0.11990825485779015,-0.00859634081224514,-0.03249752220166746,0.014963453809687761,0.01675759541988373,-0.0002040674597024916,0.03433354523479938,-0.024,-0.0561,0.008,0.01189840263545533,0.004382308543614941,0.019987860445833037,False
mediation_aware_recourse,False,30.0,0.5513084307449635,5.0,250,0.7899483536956832,0.7335393162657973,0.8430501676861661,0.0036690411390130043,0.00294770864681182,0.0044455450536545465,0.05892114682488035,0.05479849404756734,0.0624092786929502,0.4874955880947113,0.483606392256409,0.49099284791734216,0.09381562328338623,0.09012400092184543,0.09736652145981789,0.4139361531498342,0.3949808974957104,0.4320375902113814,-0.07181556172642792,-0.09016992362369214,-0.05242744821154059,0.21614038271707647,0.20714226323191023,0.22579205305600258,0.572,0.512,0.636,0.0,0.0,0.0,0.0,0.0,0.0,0.26948949198521116,0.2480418353362199,0.29107983038750546,0.8265057034038954,0.7846649953293505,0.8685856317351752,0.6510396354086045,0.6227518922559461,0.6789679693235067,0.66,0.592,0.716,0.10813111144552548,0.09579966431485532,0.11990825485779015,-0.00859634081224514,-0.03249752220166746,0.014963453809687761,0.01675759541988373,-0.0002040674597024916,0.03433354523479938,-0.024,-0.0561,0.008,0.01189840263545533,0.004382308543614941,0.019987860445833037,True
mediation_aware_recourse,False,30.0,1.0,5.0,250,0.7893900040863082,0.7335627736737486,0.8415881682292093,0.0036886239437847203,0.0029663157029932476,0.004464953521048992,0.05762492000739136,0.05366804075626015,0.061121316907642144,0.4876621723029614,0.483834402362901,0.4912085523907661,0.09381562328338623,0.09012400092184543,0.09736652145981789,0.4139361531498342,0.3949808974957104,0.4320375902113814,-0.07631398684156863,-0.09527640046542676,-0.05762314490575686,0.21646227202511928,0.20773689422550454,0.22599130804772274,0.564,0.504,0.624,0.0,0.0,0.0,0.0,0.0,0.0,0.2673585771728108,0.2463369714350914,0.28943479592158405,0.8156382662860933,0.7738296606602388,0.8572010665623425,0.6458917166814875,0.6171603917030312,0.6733466204544919,0.668,0.6,0.724,0.111445781409296,0.09834765718345242,0.12355142076969038,-0.019463777930047277,-0.04500698211720104,0.0044798768811811695,0.016199245810508727,-0.000788077253103256,0.033643120551109316,-0.032,-0.068,0.0,0.009767487823054982,0.0021622221122660212,0.017479485863356257,False
mediation_aware_recourse,False,30.0,2.0,5.0,250,0.7993126334426924,0.7418719669063343,0.8541880126263248,0.0033684477918763606,0.00268412222734013,0.004061103121892106,0.05659420432887043,0.05265335796848681,0.06015206435936977,0.4879342700090409,0.48413623454555865,0.49143389453889724,0.09381562328338623,0.09012400092184543,0.09736652145981789,0.4139361531498342,0.3949808974957104,0.4320375902113814,-0.08032128136514487,-0.10022472763963287,-0.060401901240987474,0.21912433708302,0.210289445023837,0.22881666905496542,0.58,0.52,0.64,0.0,0.0,0.0,0.0,0.0,0.0,0.2636833770359956,0.24196555449439458,0.28431434363191216,0.8059573179246543,0.7626523160458031,0.8475483870015659,0.6370130738093671,0.606554550608082,0.666192941567057,0.672,0.604,0.728,0.11528702873949173,0.10120946099130844,0.12767215390506628,-0.029144726291486234,-0.05382242685924512,-0.005288620559046985,0.026121875166893006,0.009644885194301605,0.04400104030370712,-0.016,-0.052,0.016,0.006092287686239757,-0.0013089135218634803,0.013995037493912961,False
mediation_aware_recourse,False,30.0,5.0,5.0,250,0.812181136268191,0.7570258091882569,0.8642987384526758,0.0034542218697073313,0.0028097115981600947,0.004111493085475385,0.05091861473996503,0.04736158680974148,0.05425626730320877,0.48897734830379486,0.48525346772247546,0.49240127496190667,0.09381562328338623,0.09012400092184543,0.09736652145981789,0.4139361531498342,0.3949808974957104,0.4320375902113814,-0.10145986754591033,-0.12117786454187851,-0.0832978932795344,0.22032536800961236,0.21077313828167324,0.22948656876586188,0.568,0.508,0.632,0.0,0.0,0.0,0.0,0.0,0.0,0.2570851436445789,0.23634433053233253,0.27846664881014144,0.7548900554497242,0.7145934964072324,0.7969691975438528,0.6210728921353281,0.58979173664014,0.6496741268011936,0.716,0.6519,0.772,0.1287734714660404,0.11465477145099982,0.1418701190674973,-0.08021198876641633,-0.11400575928904999,-0.04760163306193262,0.038990377992391585,0.021113916228711605,0.05986980106085539,-0.028,-0.06409999999999999,0.008,-0.0005059457051768361,-0.008013255245862286,0.007715632582896624,False
transport_anchor_only,False,0.0,0.0,10.0,250,0.2184645296926419,0.1791048062913464,0.26058193674212426,0.28915089709668346,0.2543684269095027,0.32499042900872926,0.04892947776501752,0.0445548339016351,0.05302962759741911,0.4897395851383209,0.48552556937955027,0.49383624931823017,0.09381562328338623,0.09012400092184543,0.09736652145981789,0.4139361531498342,0.3949808974957104,0.4320375902113814,0.24360504263140376,0.21824595011161713,0.26832794388247283,0.3119148253946815,0.29061397849150367,0.33119810470914796,0.128,0.092,0.172,0.0,0.0,0.0,0.0,0.0,0.0,0.1472987308216829,0.11928360344624185,0.17310829194482677,0.4114912631387744,0.3436304663717981,0.4789563816315551,0.3558480566491298,0.2953778573176497,0.415263172335939,0.168,0.12,0.22,0.011516189848373715,0.007801908884613987,0.01592467045603606,0.4114912631387744,0.34008472871411805,0.47819375637637607,0.2184645296926419,0.1791048062913464,0.26058193674212426,0.028,0.008,0.048,0.1472987308216829,0.11950112668135417,0.1756436168788488,False
mediation_aware_recourse,False,0.0,0.5,10.0,250,0.2156630411813776,0.17653890585185691,0.25708157621345845,0.2910950726909101,0.2563065320302334,0.3275414337839628,0.04862686003705351,0.04418308286184563,0.05275063988953766,0.49002329705071446,0.48580968082214,0.4941815698334456,0.09381562328338623,0.09012400092184543,0.09736652145981789,0.4139361531498342,0.3949808974957104,0.4320375902113814,0.24546853711224895,0.22084020482601238,0.2712677281260193,0.3133621505731926,0.29219508490051216,0.3320872113734658,0.128,0.092,0.172,0.0,0.0,0.0,0.0,0.0,0.0,0.1456098531559141,0.1165289408762832,0.17132242503731848,0.40698937446182504,0.33978114086081507,0.473204584171992,0.3517680226126554,0.29042983081698964,0.41227995634296943,0.164,0.116,0.216,0.011428881440835523,0.007661915076113665,0.015842434143629628,0.40698937446182504,0.33821060540825487,0.4748378598215345,0.2156630411813776,0.17653890585185691,0.25708157621345845,0.028,0.008,0.048,0.1456098531559141,0.1187430322647472,0.17539137981124905,False
mediation_aware_recourse,False,0.0,0.5513084307449635,10.0,250,0.2156630411813776,0.17653890585185691,0.25708157621345845,0.2910950726909101,0.2563065320302334,0.3275414337839628,0.04862686003705351,0.04418308286184563,0.05275063988953766,0.49002329705071446,0.48580968082214,0.4941815698334456,0.09381562328338623,0.09012400092184543,0.09736652145981789,0.4139361531498342,0.3949808974957104,0.4320375902113814,0.24546853711224895,0.22084020482601238,0.2712677281260193,0.3133621505731926,0.29219508490051216,0.3320872113734658,0.128,0.092,0.172,0.0,0.0,0.0,0.0,0.0,0.0,0.1456098531559141,0.1165289408762832,0.17132242503731848,0.40698937446182504,0.33978114086081507,0.473204584171992,0.3517680226126554,0.29042983081698964,0.41227995634296943,0.164,0.116,0.216,0.011428881440835523,0.007661915076113665,0.015842434143629628,0.40698937446182504,0.33821060540825487,0.4748378598215345,0.2156630411813776,0.17653890585185691,0.25708157621345845,0.028,0.008,0.048,0.1456098531559141,0.1187430322647472,0.17539137981124905,True
mediation_aware_recourse,False,0.0,1.0,10.0,250,0.20914845721479924,0.17046809105957225,0.24940083357305626,0.29669670502885037,0.26302715168699525,0.33214737601292493,0.048042218051778454,0.043771823340503856,0.05220906671509802,0.4907224980568885,0.48654586413339973,0.49467239959811565,0.09381562328338623,0.09012400092184543,0.09736652145981789,0.4139361531498342,0.3949808974957104,0.4320375902113814,0.24960000756292813,0.22405156996404202,0.27410557312809264,0.3173862556684027,0.29609348725990337,0.3365304922774484,0.128,0.092,0.172,0.0,0.0,0.0,0.0,0.0,0.0,0.1412682102462848,0.11275627023966646,0.16816106409916157,0.3970084379834795,0.32933611819171715,0.4630966710252911,0.34127937017527366,0.28372937493695183,0.4038929965427988,0.16,0.11590000000000002,0.208,0.011533967670310598,0.007758105576904112,0.015943180955191136,0.3970084379834795,0.3277243758251546,0.4650953523574661,0.20914845721479924,0.17046809105957225,0.24940083357305626,0.028,0.008,0.048,0.1412682102462848,0.1131658168435244,0.16882292685158048,False
mediation_aware_recourse,False,0.0,2.0,10.0,250,0.19779575313125225,0.1612926850411405,0.23860860077562698,0.30733569420672335,0.27165495423351416,0.34291097108314783,0.04702844106873045,0.04276441267718482,0.05114347652850759,0.49203360635113713,0.48765891156390906,0.4961397688740015,0.09381562328338623,0.09012400092184543,0.09736652145981789,0.4139361531498342,0.3949808974957104,0.4320375902113814,0.25702215351965013,0.23081047270981014,0.2820803272748095,0.3243640813269869,0.3032658064397144,0.34368646738510755,0.128,0.092,0.172,0.0,0.0,0.0,0.0,0.0,0.0,0.1341181920315546,0.10767961389144955,0.16042924195922878,0.37907778394361513,0.3114563497287117,0.4464961165148584,0.32400617255486963,0.2640898508968511,0.3886080527635798,0.156,0.112,0.208,0.0113979037993147,0.00769131677571794,0.015836410117370785,0.37907778394361513,0.3132994704078469,0.44947760299422446,0.19779575313125225,0.1612926850411405,0.23860860077562698,0.028,0.008,0.048,0.1341181920315546,0.1073912612894409,0.16263838580195908,False
mediation_aware_recourse,False,0.0,5.0,10.0,250,0.182660164329047,0.14387875911676554,0.22152733710900915,0.33656624273033264,0.3003321769124751,0.3729158270393854,0.042111581882936566,0.037899115688360095,0.046271423857906675,0.4951393674855232,0.4904060348600745,0.4997476186073005,0.09381562328338623,0.09012400092184543,0.09736652145981789,0.4139361531498342,0.3949808974957104,0.4320375902113814,0.269412638072792,0.24152033290003513,0.29473026955814446,0.33963587553849095,0.3181507387830708,0.35996986208610793,0.12,0.08,0.16,0.0,0.0,0.0,0.0,0.0,0.0,0.11591323091708855,0.08841176013972585,0.14201862238396082,0.3491444609930663,0.28145372042410716,0.4134729578918505,0.28002615997894265,0.22339024995489745,0.3401528112940817,0.168,0.124,0.22,0.014305142079976805,0.009725472541500888,0.01970550138300744,0.3491444609930663,0.27800029232498463,0.41582966051954673,0.182660164329047,0.14387875911676554,0.22152733710900915,0.02,-0.004,0.044,0.11591323091708855,0.09079347930514028,0.1417761809491469,False
transport_anchor_only,False,1.0,0.0,10.0,250,0.4406317644348601,0.393775958612308,0.4840368195968506,0.11937687787046769,0.10261637258018592,0.13748275990769512,0.060186237045603254,0.056651607765140354,0.06357403334371098,0.4747887260856628,0.47175863633296494,0.47784315619452,0.09381562328338623,0.09012400092184543,0.09736652145981789,0.4139361531498342,0.3949808974957104,0.4320375902113814,0.09522203702843993,0.07396089365171778,0.11701859521466774,0.19757784194857161,0.18170492734954768,0.21421525887599463,0.152,0.108,0.2,0.0,0.0,0.0,0.0,0.0,0.0,0.26997764544042835,0.2411628132596466,0.2984128643822429,0.7699596029391228,0.7113940598740781,0.8212573274387609,0.6522189290618261,0.6061727338076278,0.6963266066500582,0.372,0.312,0.44,0.02436823534048294,0.019250557302139235,0.02991414539173668,0.46506288129283646,0.3902659675596383,0.5377067578556937,0.3058698762547838,0.26046171800374374,0.349756225654316,0.036,0.012,0.06,0.18382284799271614,0.1575918011306068,0.20834836494665263,False
mediation_aware_recourse,False,1.0,0.5,10.0,250,0.4405331333806971,0.39377050343187,0.48405380792793007,0.11940350266624561,0.10264268728972717,0.1375193955310448,0.06012706279055518,0.05664525898819717,0.06350657269023131,0.4747977038006782,0.4717691716879726,0.4778706305649817,0.09381562328338623,0.09012400092184543,0.09736652145981789,0.4139361531498342,0.3949808974957104,0.4320375902113814,0.09538170400614805,0.07415474104188892,0.1170968470588016,0.19761572089579427,0.1817398770889774,0.21425594681246168,0.152,0.108,0.2,0.0,0.0,0.0,0.0,0.0,0.0,0.2701294933783155,0.24132616311433863,0.2985725157764856,0.7695738744240048,0.7113745404065361,0.8208854193332816,0.6525857672097306,0.606351850956116,0.6966060763297183,0.372,0.312,0.44,0.024212477882685306,0.018950610926745826,0.029848318058878925,0.4646771527777185,0.38986689313696754,0.5376569700520333,0.3057712452006208,0.26036308694958077,0.34955570761470206,0.036,0.012,0.06,0.18397469593060328,0.15758789161069633,0.20849641668609256,False
mediation_aware_recourse,False,1.0,0.5513084307449635,10.0,250,0.4405331333806971,0.39377050343187,0.48405380792793007,0.11940350266624561,0.10264268728972717,0.1375193955310448,0.06012706279055518,0.05664525898819717,0.06350657269023131,0.4747977038006782,0.4717691716879726,0.4778706305649817,0.09381562328338623,0.09012400092184543,0.09736652145981789,0.4139361531498342,0.3949808974957104,0.4320375902113814,0.09538170400614805,0.07415474104188892,0.1170968470588016,0.19761572089579427,0.1817398770889774,0.21425594681246168,0.152,0.108,0.2,0.0,0.0,0.0,0.0,0.0,0.0,0.2701294933783155,0.24132616311433863,0.2985725157764856,0.7695738744240048,0.7113745404065361,0.8208854193332816,0.6525857672097306,0.606351850956116,0.6966060763297183,0.372,0.312,0.44,0.024212477882685306,0.018950610926745826,0.029848318058878925,0.4646771527777185,0.38986689313696754,0.5376569700520333,0.3057712452006208,0.26036308694958077,0.34955570761470206,0.036,0.012,0.06,0.18397469593060328,0.15758789161069633,0.20849641668609256,True
mediation_aware_recourse,False,1.0,1.0,10.0,250,0.44066342704801353,0.3941685313756287,0.48290263265164685,0.12124843413833339,0.10456458957655503,0.13855948531172949,0.059502085968143645,0.05593476400811853,0.06288726576768594,0.474653673830986,0.4716099761334121,0.4776022006430685,0.09381562328338623,0.09012400092184543,0.09736652145981789,0.4139361531498342,0.3949808974957104,0.4320375902113814,0.09538153607910689,0.07434448928714742,0.11692309176201669,0.1972543362920125,0.18086060267873766,0.21420105865160377,0.152,0.108,0.2,0.0,0.0,0.0,0.0,0.0,0.0,0.270261382207938,0.24100531112536763,0.2984993995846903,0.7695742801074414,0.7113795944819784,0.8216439682554741,0.6529043876313261,0.6059179154787016,0.698295340899369,0.372,0.312,0.436,0.02414661743139466,0.019071199815958555,0.029757757015114832,0.4646775584611551,0.3887691715771167,0.5380895001747503,0.30590153886793725,0.2613270610446592,0.3487852497276052,0.036,0.012,0.06,0.1841065847602257,0.15730088229244568,0.2082956124545727,False
mediation_aware_recourse,False,1.0,2.0,10.0,250,0.4322875266127521,0.3861388841620443,0.47519008669403845,0.12724362079155352,0.10949264169312051,0.1455973226396704,0.058240586587284905,0.05466599506813893,0.06158457377299837,0.47509399073338504,0.47204296250852346,0.4779786943531215,0.09381562328338623,0.09012400092184543,0.09736652145981789,0.4139361531498342,0.3949808974957104,0.4320375902113814,0.09724411161708926,0.07567998248335644,0.11959580586700429,0.20040143494990803,0.18352282422588245,0.2173205921737828,0.144,0.104,0.192,0.0,0.0,0.0,0.0,0.0,0.0,0.26594550962888425,0.23631252737225325,0.2931942785787131,0.7650746114416118,0.7035863330823884,0.8181397648747294,0.6424779918203483,0.5966261645348893,0.6891322937995217,0.376,0.316,0.44,0.025373265951930336,0.019912797951869544,0.031016764276297317,0.4601778897953255,0.3849818644665013,0.5339054819533993,0.2975256384326758,0.2506470920612216,0.3415884187653329,0.028,0.004,0.056,0.17979071218117199,0.15269956384853506,0.2045168121429726,False
mediation_aware_recourse,False,1.0,5.0,10.0,250,0.41077237169849107,0.365986085173022,0.45419537725845655,0.1603004641141629,0.1353853072423102,0.1889504004313601,0.05060575540891472,0.04728270753401217,0.053868408076057646,0.47673118374896045,0.4736702386468351,0.47970235693560836,0.09381562328338623,0.09012400092184543,0.09736652145981789,0.4139361531498342,0.3949808974957104,0.4320375902113814,0.10423147173181149,0.08035989405979198,0.12789571494862703,0.21354039208139247,0.1958687817751224,0.2308865932518865,0.152,0.108,0.196,0.0,0.0,0.0,0.0,0.0,0.0,0.2480042012305268,0.21987232211095478,0.2754324830081879,0.7481943267369487,0.6825368108854526,0.8065571224073004,0.5991349182467749,0.5503531081330114,0.6500906002475929,0.392,0.332,0.452,0.030850240093747924,0.024598168656029307,0.037481443942975264,0.4432976050906624,0.36140923692264365,0.5216166413219462,0.27601048351841473,0.23101427521808515,0.32161438800899317,0.036,0.004,0.068,0.16184940378281457,0.13527567684239694,0.18767360022495835,False
transport_anchor_only,False,3.0,0.0,10.0,250,0.5691461088089272,0.5309663072143216,0.6078630622255848,0.04522321197072768,0.03949207346492753,0.05116783392822937,0.06278925370852488,0.05939613743259328,0.06615592719348058,0.4739840110645294,0.4708127163340031,0.47680457786281705,0.09381562328338623,0.09012400092184543,0.09736652145981789,0.4139361531498342,0.3949808974957104,0.4320375902113814,0.008925558248435562,-0.007608663536397707,0.02554848789350778,0.16498099289911705,0.15218710990226694,0.1773179994484815,0.26,0.208,0.32,0.0,0.0,0.0,0.0,0.0,0.0,0.31179818313455515,0.2852495723204348,0.33516193078696865,0.9784373551802209,0.9345649181315184,0.9989017425732734,0.7532500580027283,0.7222776597320781,0.7821382129253329,0.536,0.476,0.596,0.04660620588342172,0.03925437049170058,0.054482640081921496,-0.002605190902970178,-0.047292149770820184,0.06080446119781076,0.04897530420962721,0.02878460276138503,0.07044930288204923,-0.012,-0.048,0.028,0.05390317145360673,0.04327253860336788,0.06606198377854769,False
mediation_aware_recourse,False,3.0,0.5,10.0,250,0.569643976422958,0.5320642618029612,0.608007936760597,0.045089832241226716,0.03922119797890442,0.051051387826740485,0.06238479291852342,0.05908743717980574,0.06569105696698888,0.4739850338742733,0.47081227636489864,0.4767881238119781,0.09381562328338623,0.09012400092184543,0.09736652145981789,0.4139361531498342,0.3949808974957104,0.4320375902113814,0.007616892304279775,-0.00847947363453036,0.023905154611702943,0.1643227102021929,0.151577292588409,0.17638239829654037,0.264,0.212,0.324,0.0,0.0,0.0,0.0,0.0,0.0,0.3131068490787109,0.28713562976521967,0.33595314502301415,0.9815988715981456,0.9390354710836814,0.9988108567310001,0.7564115667980382,0.725793580026654,0.7848399834259875,0.536,0.476,0.596,0.04660620588342172,0.03925437049170058,0.054482640081921496,0.0005563255149545476,-0.04289569851474991,0.059722793022744684,0.04947317182365805,0.028823184635816144,0.07090333955779206,-0.008,-0.048,0.028,0.055211837397762524,0.04417527420970243,0.0669343748623408,False
mediation_aware_recourse,False,3.0,0.5513084307449635,10.0,250,0.5695036935536191,0.5319169647901553,0.6077308780936524,0.04498328401714342,0.039193661786135786,0.05103928760600008,0.06230807186111179,0.0590043700215992,0.06563189678491275,0.47403504523301127,0.4708852660035968,0.47684877411704063,0.09381562328338623,0.09012400092184543,0.09736652145981789,0.4139361531498342,0.3949808974957104,0.4320375902113814,0.007169561004574803,-0.009105463285701795,0.02332782300105182,0.16473024583375862,0.1516260416650944,0.1769576414953519,0.268,0.22,0.328,0.0,0.0,0.0,0.0,0.0,0.0,0.3126595177790059,0.28668829846551475,0.33528864212762616,0.9826795486453207,0.9399458128217789,0.9988163462686416,0.7553308923564435,0.7251825504483534,0.7844913323011647,0.536,0.476,0.596,0.0470535371831267,0.03974058521609058,0.05530194178676915,0.0016370025621296191,-0.04232518096200823,0.06018133684378367,0.04933288895431906,0.028680428040516563,0.07090333955779206,-0.004,-0.044,0.032,0.05476450609805755,0.04382989514744743,0.06665776668672778,True
mediation_aware_recourse,False,3.0,1.0,10.0,250,0.568663536879234,0.5310843265798642,0.6074939756949199,0.04500892626127426,0.0390118705920575,0.05119597386287667,0.06197796257869245,0.058647601330692425,0.06539702242986178,0.47413801796364785,0.47091897649683956,0.4769523100975096,0.09381562328338623,0.09012400092184543,0.09736652145981789,0.4139361531498342,0.3949808974957104,0.4320375902113814,0.006039453455845957,-0.01006639165794812,0.022217289501176768,0.1650580058337383,0.1520935284588458,0.17738776127373593,0.268,0.22,0.328,0.0,0.0,0.0,0.0,0.0,0.0,0.3119241301068258,0.2857196791823858,0.3347470934488547,0.9854096980660207,0.9410678056579148,0.9990764373179545,0.7535543239327422,0.7235790822046811,0.782879948139456,0.544,0.484,0.604,0.047986284793581226,0.04049481963346743,0.05646185093144014,0.0043671519828296645,-0.0401142511044522,0.05992525238109495,0.04849273227993399,0.026990034013148395,0.07012609411973969,-0.004,-0.044,0.032,0.05402911842587734,0.04322491911715882,0.06613073982321885,False
mediation_aware_recourse,False,3.0,2.0,10.0,250,0.5772884708000346,0.5393296505856328,0.6148552624767413,0.04336787520468534,0.03754702788065344,0.04900256730732458,0.059316504738056205,0.05613271972018848,0.06253660988031921,0.4741599505884648,0.47107846262511605,0.47691871210579284,0.09381562328338623,0.09012400092184543,0.09736652145981789,0.4139361531498342,0.3949808974957104,0.4320375902113814,-0.006065772306027175,-0.021640168140653462,0.009619729149954338,0.16032977057292402,0.1480569196239138,0.17266540710567801,0.252,0.2,0.312,0.0,0.0,0.0,0.0,0.0,0.0,0.3131250139888745,0.2896520450287398,0.3366725975902595,0.9853461161585673,0.9496958952831267,0.999373852422162,0.7564554500544984,0.7287778356369016,0.7840162144491418,0.596,0.536,0.656,0.05343845573349341,0.04562710194385088,0.06166442957453312,0.004303570075376184,-0.027654546759128346,0.047654095327670405,0.057117666200734676,0.035174327609757895,0.08067526350833941,-0.02,-0.06,0.016,0.05523000230792611,0.04354694919315424,0.06767710290232928,False
mediation_aware_recourse,False,3.0,5.0,10.0,250,0.5992557981563732,0.5649287521970459,0.6333081126454518,0.03821538848861334,0.03318704729748684,0.04327209484170326,0.05371829427870758,0.05068684968982996,0.05690681963373128,0.4753714088346958,0.4722320879383266,0.47833621981560587,0.09381562328338623,0.09012400092184543,0.09736652145981789,0.4139361531498342,0.3949808974957104,0.4320375902113814,-0.03596425124623717,-0.05058820558730081,-0.020675914710173705,0.1582581133978465,0.14679292215085465,0.16984758263520944,0.248,0.196,0.304,0.0,0.0,0.0,0.0,0.0,0.0,0.3087506700374836,0.2861747967613049,0.33180857038013095,0.9131164287715187,0.8783478676896063,0.9499076633945791,0.7458877976006444,0.719443064844988,0.7730135280950684,0.692,0.632,0.748,0.07057486717929387,0.061561537338091166,0.0796883896086637,-0.06792611731167242,-0.10177295066642829,-0.01445627846876506,0.07908499355707317,0.05390918713088613,0.10547512179436161,-0.024,-0.064,0.016,0.05085565835653516,0.03872424888758696,0.06356444494143883,False
transport_anchor_only,False,10.0,0.0,10.0,250,0.6605945156468078,0.6179851138251368,0.70327519266624,0.014492663271838272,0.012256761241830588,0.01688601273919494,0.06043490708519573,0.05671670875659973,0.0637947027724337,0.480864585622549,0.47776617393263576,0.4839231041339934,0.09381562328338623,0.09012400092184543,0.09736652145981789,0.4139361531498342,0.3949808974957104,0.4320375902113814,-0.04550602648544169,-0.061176901211300025,-0.028721960222543252,0.18703616394710582,0.17668604136925473,0.19666377279392608,0.38,0.32,0.44,0.0,0.0,0.0,0.0,0.0,0.0,0.29600502619469,0.27362891904483916,0.31669233748670866,0.8900651075312823,0.8556380135425666,0.9266453493513745,0.7150965438885494,0.6876096169025664,0.7404267791892372,0.664,0.604,0.7200999999999999,0.08171857672029291,0.07157340554118824,0.09128454809508309,-0.010856828629871584,-0.043744492640105895,0.02186934328327474,0.051845887191593644,0.029581135880202055,0.07680142547767609,-0.016,-0.06,0.024,0.02208836454821112,0.01328741167748239,0.0313049606670988,False
mediation_aware_recourse,False,10.0,0.5,10.0,250,0.6619010599507019,0.6193793542223517,0.7044014248737367,0.014268999856960932,0.011955668134027077,0.01663105241679344,0.060045193647098274,0.05640957935585329,0.06352535004585101,0.48096893634128574,0.4778091331400394,0.4840418551187098,0.09381562328338623,0.09012400092184543,0.09736652145981789,0.4139361531498342,0.3949808974957104,0.4320375902113814,-0.04742331072676322,-0.06331731355220331,-0.030099202441127272,0.18723500794831538,0.17701858294134995,0.19693396882060527,0.384,0.324,0.444,0.0,0.0,0.0,0.0,0.0,0.0,0.2953111065229902,0.27327314911224265,0.31640425983907444,0.8854332718563067,0.8522712581921841,0.9231396052684682,0.7134201549253348,0.6857183916599904,0.7389403584777151,0.668,0.608,0.728,0.08302417867680359,0.07260996771428997,0.09242220386437824,-0.015488664304847188,-0.04956254532131166,0.01642297499883452,0.05315243149548769,0.030654466917924582,0.0788437872171402,-0.012,-0.056,0.032,0.021394444876511293,0.012724679573770933,0.030293310617549456,False
mediation_aware_recourse,False,10.0,0.5513084307449635,10.0,250,0.6619010599507019,0.6193793542223517,0.7044014248737367,0.014268999856960932,0.011955668134027077,0.01663105241679344,0.060045193647098274,0.05640957935585329,0.06352535004585101,0.48096893634128574,0.4778091331400394,0.4840418551187098,0.09381562328338623,0.09012400092184543,0.09736652145981789,0.4139361531498342,0.3949808974957104,0.4320375902113814,-0.04742331072676322,-0.06331731355220331,-0.030099202441127272,0.18723500794831538,0.17701858294134995,0.19693396882060527,0.384,0.324,0.444,0.0,0.0,0.0,0.0,0.0,0.0,0.2953111065229902,0.27327314911224265,0.31640425983907444,0.8854332718563067,0.8522712581921841,0.9231396052684682,0.7134201549253348,0.6857183916599904,0.7389403584777151,0.668,0.608,0.728,0.08302417867680359,0.07260996771428997,0.09242220386437824,-0.015488664304847188,-0.04956254532131166,0.01642297499883452,0.05315243149548769,0.030654466917924582,0.0788437872171402,-0.012,-0.056,0.032,0.021394444876511293,0.012724679573770933,0.030293310617549456,True
mediation_aware_recourse,False,10.0,1.0,10.0,250,0.6626561547173188,0.6203257050839719,0.70652679588045,0.01426706683451641,0.012024494288400335,0.016634381743286887,0.05945588732811082,0.05578484018131197,0.06286989628338313,0.48093788368439677,0.4778088493217051,0.48398596663516164,0.09381562328338623,0.09012400092184543,0.09736652145981789,0.4139361531498342,0.3949808974957104,0.4320375902113814,-0.04961483894778867,-0.06502275894054471,-0.03252200297640232,0.18728478274523025,0.1770501382726889,0.19719866239211073,0.384,0.324,0.444,0.0,0.0,0.0,0.0,0.0,0.0,0.2942554621238361,0.2718830611566185,0.3155447896378234,0.8801389089349986,0.846696407897235,0.9175041705734708,0.7108699020762028,0.6830148392503591,0.7368926300815595,0.676,0.616,0.732,0.08464776498689336,0.07372783018860607,0.09435361884477865,-0.020783027226155326,-0.05393310130569276,0.0103572400791667,0.05390752626210451,0.03165072421636433,0.08138960018698126,-0.012,-0.056,0.032,0.020338800477357193,0.011789248392691517,0.029246608107894145,False
mediation_aware_recourse,False,10.0,2.0,10.0,250,0.6623990251151844,0.6205576307544485,0.7053956840286032,0.013942631841039058,0.011677668061987197,0.016261650436892726,0.05838354501494683,0.05483410614150223,0.061694771557462086,0.4814506919133663,0.47837155725601316,0.4845486728355169,0.09381562328338623,0.09012400092184543,0.09736652145981789,0.4139361531498342,0.3949808974957104,0.4320375902113814,-0.052694530335029084,-0.0684636213026588,-0.03436251267954363,0.18780824549449654,0.1774580520337747,0.19757937570554976,0.38,0.32,0.44,0.0,0.0,0.0,0.0,0.0,0.0,0.2925254865117345,0.26998542680264437,0.3135989219937046,0.8726988934548198,0.8375470184924052,0.908988855877009,0.7066905825655548,0.6786490304690158,0.7326565415486204,0.68,0.62,0.74,0.08705259848656438,0.07599159269740163,0.09667277925182564,-0.028223042706334134,-0.06176702410466854,0.0032507395733246624,0.05365039665997028,0.031169073916599153,0.07850146624036133,-0.016,-0.06,0.02409999999999991,0.018608824865255575,0.009807280634373583,0.02773855706827746,False
mediation_aware_recourse,False,10.0,5.0,10.0,250,0.6757215122012421,0.6372329672302353,0.7162977336331503,0.014677581128363338,0.01247723829527815,0.016902808742392705,0.05232313117208661,0.049253813590627686,0.05534149355689389,0.481441945707798,0.47815054845135213,0.4843366996974945,0.09381562328338623,0.09012400092184543,0.09736652145981789,0.4139361531498342,0.3949808974957104,0.4320375902113814,-0.07672221894840758,-0.09144429496411093,-0.05988729545765825,0.18316120854918688,0.1733962377382918,0.19234359013318594,0.352,0.292,0.416,0.0,0.0,0.0,0.0,0.0,0.0,0.28792635643126735,0.26703054567795065,0.3085160822432842,0.8146520463008793,0.7823163568117697,0.8469513940459342,0.6955798860084201,0.6685738451340102,0.7204924108139595,0.748,0.688,0.8000999999999999,0.10136600783348718,0.09043600416489715,0.11109328475777346,-0.08626988986027462,-0.12376328363942705,-0.04766692512962088,0.06697288374602794,0.040455816857144236,0.09452003516033292,-0.044,-0.09209999999999999,0.004,0.014009694784788465,0.004589149723636181,0.02382861476839048,False
transport_anchor_only,False,30.0,0.0,10.0,250,0.8271706430120394,0.7690610548403114,0.8820161519732792,0.0038073546542913023,0.0030492000459576532,0.004589826664081135,0.06008790802453868,0.05642273513354338,0.06368355627813176,0.4819849248497486,0.47845661387224203,0.48530732140170335,0.09381562328338623,0.09012400092184543,0.09736652145981789,0.4139361531498342,0.3949808974957104,0.4320375902113814,-0.07018671090526275,-0.08757713848472319,-0.052532835078973744,0.20913028207890544,0.20030598079587514,0.21882382841327247,0.564,0.508,0.628,0.0,0.0,0.0,0.0,0.0,0.0,0.27845644719094137,0.2570752882469515,0.29896129412875305,0.8304407325352493,0.7942081116220338,0.8705919997339983,0.6727022360720258,0.6460955136668303,0.6996220687550531,0.684,0.62,0.74,0.10283320843207776,0.08994227738840163,0.11400996092408405,-0.004661311680891234,-0.0346750315986607,0.02468030865563082,0.05397988473623991,0.02966141329500824,0.08081051439493894,-0.032,-0.072,0.008,0.020865357841185577,0.012262938469184125,0.030313347880537172,False
mediation_aware_recourse,False,30.0,0.5,10.0,250,0.8278522941274569,0.7699338167157723,0.8820933089690981,0.0037801092129496963,0.003023896282646161,0.004550207718337537,0.05946979490939329,0.055803394925072074,0.06306491345503626,0.4820074252784252,0.4784745691330075,0.4852599037648321,0.09381562328338623,0.09012400092184543,0.09736652145981789,0.4139361531498342,0.3949808974957104,0.4320375902113814,-0.07270317639691959,-0.08992414555649667,-0.05497980243783598,0.209186079200975,0.20030959584715344,0.21887693474113012,0.568,0.512,0.632,0.0,0.0,0.0,0.0,0.0,0.0,0.27734858304220084,0.2561476489423028,0.29754083375331186,0.8243613759182737,0.7868553160836458,0.8636795657789373,0.6700258294108047,0.6430686611617652,0.6973842642379647,0.692,0.628,0.748,0.10464537325227644,0.09185714634699259,0.1158244529627956,-0.010740668297866796,-0.03976997465521476,0.01874376475858003,0.05466153585165739,0.03012552387397736,0.08076195306926966,-0.028,-0.068,0.008,0.019757493692445047,0.011130420742774299,0.02911191191041273,False
mediation_aware_recourse,False,30.0,0.5513084307449635,10.0,250,0.8276222125692293,0.7694794056382729,0.8818042198501993,0.0037950304891493907,0.00304656468329066,0.004559209178098939,0.05920987482028772,0.05564457310034645,0.06281039997142225,0.4819997904419899,0.47846712516748313,0.4852599037648321,0.09381562328338623,0.09012400092184543,0.09736652145981789,0.4139361531498342,0.3949808974957104,0.4320375902113814,-0.07351227898278162,-0.0911224187040012,-0.05543565060516875,0.20941190812547225,0.20053432403087074,0.2189797750943947,0.564,0.508,0.628,0.0,0.0,0.0,0.0,0.0,0.0,0.27653948045633886,0.25533763593918024,0.29682177615103883,0.8224067204002544,0.7845674950439445,0.8614987693687928,0.6680711786055826,0.6410353961443856,0.6954785660265344,0.692,0.628,0.748,0.10545447583813848,0.09270708151844795,0.11663820232171616,-0.012695323815886117,-0.04170593271717221,0.016362271719111893,0.054431454293429854,0.03012552387397736,0.08053187151104212,-0.032,-0.072,0.008,0.018948391106583022,0.010332251067351117,0.02801504012083202,True
mediation_aware_recourse,False,30.0,1.0,10.0,250,0.8276222125692293,0.7694794056382729,0.8818042198501993,0.0037950304891493907,0.00304656468329066,0.004559209178098939,0.05920987482028772,0.05564457310034645,0.06281039997142225,0.4819997904419899,0.47846712516748313,0.4852599037648321,0.09381562328338623,0.09012400092184543,0.09736652145981789,0.4139361531498342,0.3949808974957104,0.4320375902113814,-0.07351227898278162,-0.0911224187040012,-0.05543565060516875,0.20941190812547225,0.20053432403087074,0.2189797750943947,0.564,0.508,0.628,0.0,0.0,0.0,0.0,0.0,0.0,0.27653948045633886,0.25533763593918024,0.29682177615103883,0.8224067204002544,0.7845674950439445,0.8614987693687928,0.6680711786055826,0.6410353961443856,0.6954785660265344,0.692,0.628,0.748,0.10545447583813848,0.09270708151844795,0.11663820232171616,-0.012695323815886117,-0.04170593271717221,0.016362271719111893,0.054431454293429854,0.03012552387397736,0.08053187151104212,-0.032,-0.072,0.008,0.018948391106583022,0.010332251067351117,0.02801504012083202,False
mediation_aware_recourse,False,30.0,2.0,10.0,250,0.8287401654599235,0.7720160518713295,0.8844876686190022,0.003827315698730386,0.0030936846050118334,0.004593196145898644,0.057716837203432576,0.05401848587302261,0.06136013180114414,0.4820071052796841,0.4785337258532941,0.4853698534632146,0.09381562328338623,0.09012400092184543,0.09736652145981789,0.4139361531498342,0.3949808974957104,0.4320375902113814,-0.07736855516501592,-0.09446440096413106,-0.05907522390695547,0.20945329000870305,0.20062857672926643,0.21922954405227454,0.556,0.5,0.62,0.0,0.0,0.0,0.0,0.0,0.0,0.2749779779636186,0.25356841950437886,0.29585789933888007,0.8130906069057213,0.7713568920531296,0.8516554602520218,0.664298860783239,0.6352975967308007,0.69206134506854,0.696,0.632,0.756,0.10816336517561573,0.09537828002707532,0.11934672058994039,-0.022011437310419213,-0.053283237475036646,0.01028261158404319,0.055549407184123996,0.030848628791421653,0.08035413738563656,-0.04,-0.084,0.0,0.017386888613862814,0.00936080356370041,0.026291512523456198,False
mediation_aware_recourse,False,30.0,5.0,10.0,250,0.8496733351526782,0.7934658295923844,0.9051419506005942,0.003672781764330617,0.0029861955361825464,0.004375913313955256,0.052981308546154564,0.049549808193046364,0.05613748654087301,0.481923777993679,0.47835749709215764,0.48515593619278075,0.09381562328338623,0.09012400092184543,0.09736652145981789,0.4139361531498342,0.3949808974957104,0.4320375902113814,-0.09776821650531071,-0.11487190356548872,-0.0800238605726393,0.20867677095588955,0.19980857292339896,0.21791312220477863,0.556,0.4959,0.62,0.0,0.0,0.0,0.0,0.0,0.0,0.2684837571677803,0.24692465227263535,0.2892050022574424,0.7638084623405167,0.7295715000122943,0.8029676397062333,0.648609955408711,0.6208272126247883,0.6756272074626628,0.748,0.688,0.804,0.12161030624368228,0.10862873503954253,0.1334103316948708,-0.07129358187562385,-0.10866512135532724,-0.03650613251219165,0.07648257687687873,0.049499654012918476,0.10454226659834386,-0.04,-0.088,0.004,0.01089266781802446,0.0023603908380317442,0.01993570446165839,False
ordinary_actionable_recourse,True,0.0,0.0,0.0,250,0.6404873887374997,0.6158500448420644,0.6636562717534601,0.07376271622668977,0.0663863738388902,0.08116279629199985,0.06262771937975276,0.05952253856434587,0.06552751383788724,0.5011228881065845,0.49659716276115773,0.5054644105766415,0.09381562328338623,0.09012400092184543,0.09736652145981789,0.4139361531498342,0.3949808974957104,0.4320375902113814,0.028785181042072474,0.015372256861644713,0.04144665237249892,0.14070341629777597,0.13082294305535366,0.15104537037482124,0.248,0.196,0.308,1.0,1.0,1.0,0.0,0.0,0.0,0.33318733395399375,0.3133457136838774,0.35412421865208815,0.9304598527501583,0.9047050184143028,0.9592984264878408,0.8049225178400534,0.785628739889192,0.8213089892061902,0.384,0.324,0.448,0.02559985201734161,0.020101036528941206,0.03103854525396608,0.0,0.0,0.0,0.0,0.0,0.0,0.0,0.0,0.0,0.0,0.0,0.0,False
distribution_constrained_recourse,False,10.0,0.0,0.0,250,0.7611074345111847,0.6897630431473255,0.8614466042876243,0.09161858599283293,0.0838050454754247,0.09998007978240177,0.052867343393793065,0.050764758682506114,0.05501205969432232,0.49947619718194003,0.4951810115259707,0.5035136067376971,0.09381562328338623,0.09012400092184543,0.09736652145981789,0.4139361531498342,0.3949808974957104,0.4320375902113814,0.011254652821223076,0.0016073603743790871,0.02130195458505632,0.08398369985559594,0.07555882435998906,0.09366986169150153,0.036,0.016,0.06,0.936,0.904,0.964,0.064,0.036,0.09609999999999991,0.3639019878119336,0.34165035941410116,0.3858286796800511,0.9728106551322441,0.946512524793915,0.9953721949200822,0.8791237674029566,0.8571957889309989,0.8974455537619486,0.524,0.464,0.584,0.01941466491426408,0.01628691371729109,0.02263978323100034,0.04235080238208577,0.0030874663126788417,0.07761852414827229,0.12062004577368497,0.046105724196508525,0.22127571221198886,-0.064,-0.096,-0.036,0.030714653857939863,0.02036561266083331,0.04035116063519254,False
