method,is_ordinary_actionable_baseline,eta,lambda_invariance,rho_anchor,n,cost,cost_lo,cost_hi,shortfall,shortfall_lo,shortfall_hi,direct_effect,direct_effect_lo,direct_effect_hi,transport,transport_lo,transport_hi,pre_recourse_mediated_prediction_disparity,pre_recourse_mediated_prediction_disparity_lo,pre_recourse_mediated_prediction_disparity_hi,pre_recourse_factual_mediated_prediction_disparity,pre_recourse_factual_mediated_prediction_disparity_lo,pre_recourse_factual_mediated_prediction_disparity_hi,post_recourse_mediated_prediction_disparity,post_recourse_mediated_prediction_disparity_lo,post_recourse_mediated_prediction_disparity_hi,outcome_wasserstein,outcome_wasserstein_lo,outcome_wasserstein_hi,feasible_rate,feasible_rate_lo,feasible_rate_hi,constraint_feasible_rate,constraint_feasible_rate_lo,constraint_feasible_rate_hi,constraint_abstention_rate,constraint_abstention_rate_lo,constraint_abstention_rate_hi,mean_absolute_gap_reduction,mean_absolute_gap_reduction_lo,mean_absolute_gap_reduction_hi,factual_mediated_prediction_disparity_closure,factual_mediated_prediction_disparity_closure_lo,factual_mediated_prediction_disparity_closure_hi,recipient_level_closure,recipient_level_closure_lo,recipient_level_closure_hi,overshoot_rate,overshoot_rate_lo,overshoot_rate_hi,overshoot_magnitude,overshoot_magnitude_lo,overshoot_magnitude_hi,factual_closure_gain_vs_actionable_baseline,factual_closure_gain_vs_actionable_baseline_lo,factual_closure_gain_vs_actionable_baseline_hi,cost_difference_vs_actionable_baseline,cost_difference_vs_actionable_baseline_lo,cost_difference_vs_actionable_baseline_hi,feasibility_difference_vs_actionable_baseline,feasibility_difference_vs_actionable_baseline_lo,feasibility_difference_vs_actionable_baseline_hi,paired_absolute_gap_gain_vs_actionable_baseline,paired_absolute_gap_gain_vs_actionable_baseline_lo,paired_absolute_gap_gain_vs_actionable_baseline_hi,is_effect_ratio_heuristic
soft_objective_recourse,False,0.0,0.0,0.0,45,0.0,0.0,0.0,0.0734949549039205,0.05501899823546409,0.0951406484676732,0.18025905456807878,0.17027047010759513,0.19141183443367482,0.2695862058136198,0.25496974083284535,0.2842062588698334,0.24522837267981634,0.23976902339193557,0.25123493005832037,0.463124050365554,0.44242478386395506,0.4862496945675876,0.463124050365554,0.43951882633897993,0.48591016344726085,0.4638216293884648,0.44296044529680567,0.485519686583471,0.2222222222222222,0.1111111111111111,0.35555555555555557,0.0,0.0,0.0,0.0,0.0,0.0,0.0,0.0,0.0,0.0,0.0,0.0,0.0,0.0,0.0,0.0,0.0,0.0,0.0,0.0,0.0,0.0,0.0,0.0,0.0,0.0,0.0,0.0,0.0,0.0,0.0,0.0,0.0,False
direct_invariance_only,False,0.0,0.5,0.0,45,0.0,0.0,0.0,0.0734949549039205,0.05501899823546409,0.0951406484676732,0.18025905456807878,0.17027047010759513,0.19141183443367482,0.2695862058136198,0.25496974083284535,0.2842062588698334,0.24522837267981634,0.23976902339193557,0.25123493005832037,0.463124050365554,0.44242478386395506,0.4862496945675876,0.463124050365554,0.43951882633897993,0.48591016344726085,0.4638216293884648,0.44296044529680567,0.485519686583471,0.2222222222222222,0.1111111111111111,0.35555555555555557,0.0,0.0,0.0,0.0,0.0,0.0,0.0,0.0,0.0,0.0,0.0,0.0,0.0,0.0,0.0,0.0,0.0,0.0,0.0,0.0,0.0,0.0,0.0,0.0,0.0,0.0,0.0,0.0,0.0,0.0,0.0,0.0,0.0,False
direct_invariance_only,False,0.0,0.5119911176680398,0.0,45,0.0,0.0,0.0,0.0734949549039205,0.05501899823546409,0.0951406484676732,0.18025905456807878,0.17027047010759513,0.19141183443367482,0.2695862058136198,0.25496974083284535,0.2842062588698334,0.24522837267981634,0.23976902339193557,0.25123493005832037,0.463124050365554,0.44242478386395506,0.4862496945675876,0.463124050365554,0.43951882633897993,0.48591016344726085,0.4638216293884648,0.44296044529680567,0.485519686583471,0.2222222222222222,0.1111111111111111,0.35555555555555557,0.0,0.0,0.0,0.0,0.0,0.0,0.0,0.0,0.0,0.0,0.0,0.0,0.0,0.0,0.0,0.0,0.0,0.0,0.0,0.0,0.0,0.0,0.0,0.0,0.0,0.0,0.0,0.0,0.0,0.0,0.0,0.0,0.0,True
direct_invariance_only,False,0.0,1.0,0.0,45,0.0,0.0,0.0,0.0734949549039205,0.05501899823546409,0.0951406484676732,0.18025905456807878,0.17027047010759513,0.19141183443367482,0.2695862058136198,0.25496974083284535,0.2842062588698334,0.24522837267981634,0.23976902339193557,0.25123493005832037,0.463124050365554,0.44242478386395506,0.4862496945675876,0.463124050365554,0.43951882633897993,0.48591016344726085,0.4638216293884648,0.44296044529680567,0.485519686583471,0.2222222222222222,0.1111111111111111,0.35555555555555557,0.0,0.0,0.0,0.0,0.0,0.0,0.0,0.0,0.0,0.0,0.0,0.0,0.0,0.0,0.0,0.0,0.0,0.0,0.0,0.0,0.0,0.0,0.0,0.0,0.0,0.0,0.0,0.0,0.0,0.0,0.0,0.0,0.0,False
direct_invariance_only,False,0.0,2.0,0.0,45,0.0006555238531695471,0.0,0.001638809632923868,0.0734949549039205,0.05501899823546409,0.0951406484676732,0.17988134523232777,0.16985187052852577,0.1910077960623635,0.2695167620976766,0.2548178669499854,0.284215356455081,0.24522837267981634,0.23976902339193557,0.25123493005832037,0.463124050365554,0.44242478386395506,0.4862496945675876,0.4627139028575685,0.4389582442823384,0.48550580985844133,0.4634195674426026,0.44246045826743874,0.4853418585425864,0.2222222222222222,0.1111111111111111,0.35555555555555557,0.0,0.0,0.0,0.0,0.0,0.0,0.00041014750798543294,0.0,0.0009986857573191326,0.0008856104701574496,0.0,0.0023268781813307296,0.0008856104701574496,0.0,0.002372550061792866,0.0,0.0,0.0,0.0,0.0,0.0,0.0008856104701574496,0.0,0.002328727324145935,0.0006555238531695471,0.0,0.001638809632923868,0.0,0.0,0.0,0.00041014750798543294,0.0,0.001105417807896932,False
direct_invariance_only,False,0.0,5.0,0.0,45,0.014230016287830142,0.00875381781719625,0.020173919079825284,0.06954820950826009,0.05109577589564853,0.09136545055442385,0.17578474515014225,0.16563722952372498,0.18692545953724118,0.2657849592053228,0.25016137686454587,0.2809972399721543,0.24522837267981634,0.23976902339193557,0.25123493005832037,0.463124050365554,0.44242478386395506,0.4862496945675876,0.4531449440452788,0.4270483947959211,0.4767192925347222,0.45407369307345824,0.4311295198854473,0.4778807023663488,0.28888888888888886,0.17777777777777778,0.4222222222222222,0.0,0.0,0.0,0.0,0.0,0.0,0.0099791063202752,0.005684140407376819,0.014493418203459845,0.021547372269694276,0.01130593731400229,0.03245066519618671,0.021547372269694276,0.011694522618209028,0.03231245315379012,0.0,0.0,0.0,0.0,0.0,0.0,0.021547372269694276,0.01161670830151027,0.032431714683591725,0.014230016287830142,0.00875381781719625,0.020173919079825284,0.06666666666666667,0.0,0.15555555555555556,0.0099791063202752,0.005513448466857275,0.01467343085341983,False
soft_objective_recourse,False,1.0,0.0,0.0,45,0.0007954662872685326,0.0,0.0031818651490741305,0.07261597646607293,0.054236242953273985,0.09394536758462588,0.18005665904945797,0.1701571227113406,0.19133259310490555,0.2692859053611755,0.2546996008335716,0.28361542619971764,0.24522837267981634,0.23976902339193557,0.25123493005832037,0.463124050365554,0.44242478386395506,0.4862496945675876,0.4625698291593128,0.43930720110734306,0.4843107206374407,0.4632674081822236,0.44264500259504547,0.4844408690231128,0.2222222222222222,0.1111111111111111,0.35555555555555557,0.0,0.0,0.0,0.0,0.0,0.0,0.0005542212062411838,0.0,0.0016626636187235513,0.0011967014146723187,0.0,0.0036010314187959244,0.0011967014146723187,0.0,0.0037282222635832765,0.0,0.0,0.0,0.0,0.0,0.0,0.0,0.0,0.0,0.0,0.0,0.0,0.0,0.0,0.0,0.0,0.0,0.0,False
direct_invariance_only,False,1.0,0.5,0.0,45,0.0015909325745370653,0.0,0.003977331436342663,0.07183543642361959,0.05335467338562012,0.09321320939395163,0.17994030283557044,0.17003616673250993,0.19133204231659573,0.26899461415078907,0.25428429861242574,0.283608143919458,0.24522837267981634,0.23976902339193557,0.25123493005832037,0.463124050365554,0.44242478386395506,0.4862496945675876,0.46178928911685946,0.43818188318775764,0.48402264311081833,0.4625106247034338,0.442010981152455,0.4840617520012376,0.2222222222222222,0.1111111111111111,0.35555555555555557,0.0,0.0,0.0,0.0,0.0,0.0,0.0013347612486945258,0.0,0.0034500625398423937,0.0028820814804175754,0.0,0.007405829438453062,0.0028820814804175754,0.0,0.007293245624769895,0.0,0.0,0.0,0.0,0.0,0.0,0.0016853800657452567,0.0,0.005211787227439857,0.0007954662872685326,0.0,0.002386398861805598,0.0,0.0,0.0,0.000780540042453342,0.0,0.002341620127360026,False
direct_invariance_only,False,1.0,0.5119911176680398,0.0,45,0.0015909325745370653,0.0,0.003977331436342663,0.07183543642361959,0.05335467338562012,0.09321320939395163,0.17994030283557044,0.17003616673250993,0.19133204231659573,0.26899461415078907,0.25428429861242574,0.283608143919458,0.24522837267981634,0.23976902339193557,0.25123493005832037,0.463124050365554,0.44242478386395506,0.4862496945675876,0.46178928911685946,0.43818188318775764,0.48402264311081833,0.4625106247034338,0.442010981152455,0.4840617520012376,0.2222222222222222,0.1111111111111111,0.35555555555555557,0.0,0.0,0.0,0.0,0.0,0.0,0.0013347612486945258,0.0,0.0034500625398423937,0.0028820814804175754,0.0,0.007405829438453062,0.0028820814804175754,0.0,0.007293245624769895,0.0,0.0,0.0,0.0,0.0,0.0,0.0016853800657452567,0.0,0.005211787227439857,0.0007954662872685326,0.0,0.002386398861805598,0.0,0.0,0.0,0.000780540042453342,0.0,0.002341620127360026,True
direct_invariance_only,False,1.0,1.0,0.0,45,0.002386398861805598,0.0,0.005568264010879728,0.07105451623598734,0.05282364949584007,0.09174681608875593,0.17991647687223222,0.1699897061040004,0.19132727533578872,0.2686943140294817,0.25407183553402624,0.2833059060304529,0.24522837267981634,0.23976902339193557,0.25123493005832037,0.463124050365554,0.44242478386395506,0.4862496945675876,0.4613869160413742,0.43813901787002885,0.48321470297045177,0.46210825162794855,0.44175374619017055,0.4836636562755125,0.2222222222222222,0.1111111111111111,0.35555555555555557,0.0,0.0,0.0,0.0,0.0,0.0,0.0017371343241797553,0.0,0.003852435615327623,0.003750905017367634,0.0,0.008529748507892504,0.003750905017367634,0.0,0.008286318526272938,0.0,0.0,0.0,0.0,0.0,0.0,0.002554203602695315,0.0,0.006749245651009486,0.0015909325745370653,0.0,0.003977331436342663,0.0,0.0,0.0,0.0011829131179385715,0.0,0.0031463662783304852,False
direct_invariance_only,False,1.0,2.0,0.0,45,0.0069271886928213965,0.0034175616989119183,0.011233478938746782,0.06860688527425131,0.04952999911374516,0.08958870755301582,0.17847620083226098,0.16817902447448838,0.18980168724225627,0.26770512796938417,0.2529176549654868,0.282665313595078,0.24522837267981634,0.23976902339193557,0.25123493005832037,0.463124050365554,0.44242478386395506,0.4862496945675876,0.4585756450891495,0.4352529731558429,0.4814280758384201,0.45932828184962277,0.4384970383055507,0.481211243435906,0.24444444444444444,0.13333333333333333,0.37777777777777777,0.0,0.0,0.0,0.0,0.0,0.0,0.004548405276404487,0.0020155241588751473,0.007463235639863544,0.009821138143904062,0.0045175013952261315,0.01632103398585951,0.009821138143904062,0.004414997467294085,0.016478084032573895,0.0,0.0,0.0,0.0,0.0,0.0,0.008624436729231744,0.003571007278919214,0.014622984148619832,0.006131722405552864,0.002762037846777174,0.010019290016757115,0.022222222222222223,0.0,0.06666666666666667,0.003994184070163303,0.0016645746264192793,0.00676151908106274,False
direct_invariance_only,False,1.0,5.0,0.0,45,0.021764851651257938,0.015493186935782433,0.028786499485787414,0.06471183366245693,0.04575606395800909,0.08551893196172183,0.174902852707439,0.16445520337257122,0.18619458336797023,0.2633670555634631,0.24788009055476223,0.279092582475601,0.24522837267981634,0.23976902339193557,0.25123493005832037,0.463124050365554,0.44242478386395506,0.4862496945675876,0.44852737751271987,0.4232132233430942,0.4725118734108077,0.44949860144654913,0.42649559505929546,0.4737709367088146,0.3111111111111111,0.17777777777777778,0.4444444444444444,0.0,0.0,0.0,0.0,0.0,0.0,0.014596672852834065,0.009575961430867513,0.019499401367372937,0.031517846765488966,0.020088149377851756,0.04362645517840537,0.031517846765488966,0.020570525300708423,0.043348234365071195,0.0,0.0,0.0,0.0,0.0,0.0,0.030321145350816647,0.019675204776526636,0.04196341129681522,0.020969385363989405,0.014464515914312666,0.027900072411737503,0.08888888888888889,0.022222222222222223,0.17777777777777778,0.014042451646592883,0.009257486893071069,0.019068377481566534,False
soft_objective_recourse,False,3.0,0.0,0.0,45,0.03500420480138726,0.028264835765585302,0.043151382810125746,0.05215946038564046,0.03525729932718807,0.07007019379072718,0.17962778740459018,0.16948398447699017,0.19097746481498082,0.2578054173539082,0.24418861199584274,0.2710294827146249,0.24522837267981634,0.23976902339193557,0.25123493005832037,0.463124050365554,0.44242478386395506,0.4862496945675876,0.44276753730244106,0.4215073428551356,0.4628392066061497,0.44359055645267165,0.42476497004326014,0.4645994963280857,0.3111111111111111,0.17777777777777778,0.4444444444444444,0.0,0.0,0.0,0.0,0.0,0.0,0.020356513063112893,0.016683582042654355,0.024091066966454185,0.04395477420584204,0.03609266129789669,0.05138605645406641,0.04395477420584204,0.0366784109945655,0.05112109605287721,0.0,0.0,0.0,0.0,0.0,0.0,0.0,0.0,0.0,0.0,0.0,0.0,0.0,0.0,0.0,0.0,0.0,0.0,False
direct_invariance_only,False,3.0,0.5,0.0,45,0.035659728571772575,0.028780416978730097,0.043993528951994244,0.05195116533173455,0.03501637066404025,0.0699468221432633,0.17947032981448705,0.1692205644150575,0.19083936436308754,0.2575562553687228,0.2438850080832425,0.27082145791811246,0.24522837267981634,0.23976902339193557,0.25123493005832037,0.463124050365554,0.44242478386395506,0.4862496945675876,0.44255924224853516,0.42128915293349156,0.4626291419731246,0.44338226139876574,0.42455246779550276,0.46438688336470063,0.3111111111111111,0.17777777777777778,0.4444444444444444,0.0,0.0,0.0,0.0,0.0,0.0,0.020564808117018805,0.016879717227485446,0.02430956660045518,0.04440453502854491,0.03660654666532717,0.05176399230052926,0.04440453502854491,0.03708302747606208,0.05168880854035484,0.0,0.0,0.0,0.0,0.0,0.0,0.00044976082270287154,0.0,0.0011453625671541204,0.0006555237703853183,0.0,0.0016388094259632959,0.0,0.0,0.0,0.00020829505390591093,0.0,0.0005273805724249946,False
direct_invariance_only,False,3.0,0.5119911176680398,0.0,45,0.035659728571772575,0.028780416978730097,0.043993528951994244,0.05195116533173455,0.03501637066404025,0.0699468221432633,0.17947032981448705,0.1692205644150575,0.19083936436308754,0.2575562553687228,0.2438850080832425,0.27082145791811246,0.24522837267981634,0.23976902339193557,0.25123493005832037,0.463124050365554,0.44242478386395506,0.4862496945675876,0.44255924224853516,0.42128915293349156,0.4626291419731246,0.44338226139876574,0.42455246779550276,0.46438688336470063,0.3111111111111111,0.17777777777777778,0.4444444444444444,0.0,0.0,0.0,0.0,0.0,0.0,0.020564808117018805,0.016879717227485446,0.02430956660045518,0.04440453502854491,0.03660654666532717,0.05176399230052926,0.04440453502854491,0.03708302747606208,0.05168880854035484,0.0,0.0,0.0,0.0,0.0,0.0,0.00044976082270287154,0.0,0.0011453625671541204,0.0006555237703853183,0.0,0.0016388094259632959,0.0,0.0,0.0,0.00020829505390591093,0.0,0.0005273805724249946,True
direct_invariance_only,False,3.0,1.0,0.0,45,0.03631525234215789,0.02924812146048579,0.04473881674723493,0.05176463392045763,0.03497985704077615,0.06974109311898549,0.1793277362982432,0.16912193788422478,0.1907305082678795,0.2573437552899122,0.24380802005425922,0.2705817006435245,0.24522837267981634,0.23976902339193557,0.25123493005832037,0.463124050365554,0.44242478386395506,0.4862496945675876,0.4423727108372582,0.4210078051024013,0.46243923218713867,0.4431985331277053,0.4244582653045241,0.4641516523916275,0.3111111111111111,0.17777777777777778,0.4444444444444444,0.0,0.0,0.0,0.0,0.0,0.0,0.020751339528295727,0.01698198724952009,0.02447703388830026,0.044807302734367394,0.037081137962579336,0.05230545791240534,0.044807302734367394,0.03728852478252688,0.05214339188218072,0.0,0.0,0.0,0.0,0.0,0.0,0.0008525285285253537,0.00020189992487089082,0.0017384677526424668,0.0013110475407706367,0.00032776188519265917,0.0026220950815412734,0.0,0.0,0.0,0.0003948264651828342,9.274880091349283e-05,0.0008012323743767208,False
direct_invariance_only,False,3.0,2.0,0.0,45,0.03523990114529928,0.027889386591398054,0.043711342316948704,0.05274217194981045,0.035643892685572304,0.0712267208761639,0.17821586926778157,0.16792310231261784,0.1897887952460183,0.25793470984531774,0.24394000274025732,0.27175449138093327,0.24522837267981634,0.23976902339193557,0.25123493005832037,0.463124050365554,0.44242478386395506,0.4862496945675876,0.4429323607020908,0.421112499402629,0.4639348677131864,0.44376626855466106,0.4245325681162377,0.46486943909331324,0.3111111111111111,0.17777777777777778,0.4444444444444444,0.0,0.0,0.0,0.0,0.0,0.0,0.02019168966346317,0.01633444825808207,0.024228320552243127,0.04359887949573216,0.03541902144164052,0.05147023577810305,0.04359887949573216,0.03555370929711043,0.05154206956194894,0.0,0.0,0.0,0.0,0.0,0.0,-0.00035589471010988305,-0.0035376579610162965,0.002417395847920026,0.00023569634391201868,-0.0028982917478101123,0.0029498570919450785,0.0,0.0,0.0,-0.00016482339964972602,-0.0016812388764487372,0.0011113053560256956,False
direct_invariance_only,False,3.0,5.0,0.0,45,0.0481146809955438,0.03954748591511614,0.05761977620526321,0.05274946424696181,0.03451418967710601,0.07227386366989877,0.1740724907981025,0.1635654579102993,0.18550097485383352,0.25599435509906876,0.2410155444757806,0.2706458501538469,0.24522837267981634,0.23976902339193557,0.25123493005832037,0.463124050365554,0.44242478386395506,0.4862496945675876,0.43630281620555456,0.41258758318093086,0.45963780239224433,0.43733531143599097,0.4153271944758379,0.4599699869963031,0.35555555555555557,0.2222222222222222,0.5111111111111111,0.0,0.0,0.0,0.0,0.0,0.0,0.026821234159999423,0.022488014391726915,0.030896837934851647,0.05791371477864049,0.04771089278070615,0.0683202121405254,0.05791371477864049,0.047539469046074444,0.06871977491257275,0.0,0.0,0.0,0.0,0.0,0.0,0.01395894057279845,0.004245226424976745,0.025943452479653267,0.013110476194156541,0.004822061552355687,0.02322302863726185,0.044444444444444446,0.0,0.1111111111111111,0.006464721096886529,0.0019605292710993026,0.011859913733270432,False
soft_objective_recourse,False,10.0,0.0,0.0,45,0.2436189832372798,0.17270442343523934,0.32810300925436114,0.01984049015574985,0.008723959707551533,0.0315818354818556,0.17978564964400398,0.1690869990322325,0.1916609231299824,0.23965275436639785,0.2290341342137092,0.25106089943399035,0.24522837267981634,0.23976902339193557,0.25123493005832037,0.463124050365554,0.44242478386395506,0.4862496945675876,0.4106985085540348,0.39666846599843764,0.42484505030843944,0.41169007127483687,0.39870405605091813,0.4248756313155095,0.4222222222222222,0.28888888888888886,0.5777777777777777,0.0,0.0,0.0,0.0,0.0,0.0,0.0524255418115192,0.041812431166569394,0.06566344708204269,0.11319978258554819,0.08957370755973657,0.13588180645625764,0.11319978258554819,0.09049356633627888,0.13542321598833146,0.0,0.0,0.0,0.0,0.0,0.0,0.0,0.0,0.0,0.0,0.0,0.0,0.0,0.0,0.0,0.0,0.0,0.0,False
direct_invariance_only,False,10.0,0.5,0.0,45,0.23936176651881802,0.16832467291607625,0.3225747733294136,0.020271982749303183,0.009003635032309427,0.03223884531193309,0.17958069973521762,0.16892417108019192,0.19142233995927704,0.23970838470591438,0.22894369587302207,0.2509042861229844,0.24522837267981634,0.23976902339193557,0.25123493005832037,0.463124050365554,0.44242478386395506,0.4862496945675876,0.41094705594910513,0.39673822652962476,0.42532047142585117,0.41193880337145594,0.39868293364536433,0.4252397698250081,0.4444444444444444,0.3111111111111111,0.6,0.0,0.0,0.0,0.0,0.0,0.0,0.0521769944164488,0.04167896207008097,0.06500863046281867,0.11266310694783488,0.0893590002064617,0.13484850105494484,0.11266310694783488,0.08999742963125434,0.1345949409571636,0.0,0.0,0.0,0.0,0.0,0.0,-0.0005366756377133131,-0.0032181647342747503,0.001541583734846777,-0.004257216718461778,-0.016377031803131104,0.0032776196797688804,0.022222222222222223,0.0,0.06666666666666667,-0.0002485473950703939,-0.0014626430140601263,0.0007170008288489447,False
direct_invariance_only,False,10.0,0.5119911176680398,0.0,45,0.23936176651881802,0.16832467291607625,0.3225747733294136,0.020271982749303183,0.009003635032309427,0.03223884531193309,0.17958069973521762,0.16892417108019192,0.19142233995927704,0.23970838470591438,0.22894369587302207,0.2509042861229844,0.24522837267981634,0.23976902339193557,0.25123493005832037,0.463124050365554,0.44242478386395506,0.4862496945675876,0.41094705594910513,0.39673822652962476,0.42532047142585117,0.41193880337145594,0.39868293364536433,0.4252397698250081,0.4444444444444444,0.3111111111111111,0.6,0.0,0.0,0.0,0.0,0.0,0.0,0.0521769944164488,0.04167896207008097,0.06500863046281867,0.11266310694783488,0.0893590002064617,0.13484850105494484,0.11266310694783488,0.08999742963125434,0.1345949409571636,0.0,0.0,0.0,0.0,0.0,0.0,-0.0005366756377133131,-0.0032181647342747503,0.001541583734846777,-0.004257216718461778,-0.016377031803131104,0.0032776196797688804,0.022222222222222223,0.0,0.06666666666666667,-0.0002485473950703939,-0.0014626430140601263,0.0007170008288489447,True
direct_invariance_only,False,10.0,1.0,0.0,45,0.23936176651881802,0.16832467291607625,0.3225747733294136,0.020271982749303183,0.009003635032309427,0.03223884531193309,0.17958069973521762,0.16892417108019192,0.19142233995927704,0.23970838470591438,0.22894369587302207,0.2509042861229844,0.24522837267981634,0.23976902339193557,0.25123493005832037,0.463124050365554,0.44242478386395506,0.4862496945675876,0.41094705594910513,0.39673822652962476,0.42532047142585117,0.41193880337145594,0.39868293364536433,0.4252397698250081,0.4444444444444444,0.3111111111111111,0.6,0.0,0.0,0.0,0.0,0.0,0.0,0.0521769944164488,0.04167896207008097,0.06500863046281867,0.11266310694783488,0.0893590002064617,0.13484850105494484,0.11266310694783488,0.08999742963125434,0.1345949409571636,0.0,0.0,0.0,0.0,0.0,0.0,-0.0005366756377133131,-0.0032181647342747503,0.001541583734846777,-0.004257216718461778,-0.016377031803131104,0.0032776196797688804,0.022222222222222223,0.0,0.06666666666666667,-0.0002485473950703939,-0.0014626430140601263,0.0007170008288489447,False
direct_invariance_only,False,10.0,2.0,0.0,45,0.24329491907523737,0.17145884881623916,0.3260180714105566,0.02002073327700297,0.008771907322936588,0.03187046276198492,0.17867564757664997,0.16803583196467825,0.19075796256462732,0.2394222723113166,0.22866721322346065,0.2507393393458592,0.24522837267981634,0.23976902339193557,0.25123493005832037,0.463124050365554,0.44242478386395506,0.4862496945675876,0.409763236840566,0.3955397848288218,0.42407998040318484,0.4107777738538054,0.3972946093019926,0.4244557328243637,0.5111111111111111,0.35555555555555557,0.6449999999999996,0.0,0.0,0.0,0.0,0.0,0.0,0.05336081352498796,0.043056192075212794,0.06603502180841235,0.11521926680954953,0.09208170543437778,0.13706337863400805,0.11521926680954953,0.09327241326309078,0.13611596727534953,0.0,0.0,0.0,0.0,0.0,0.0,0.0020194842240013333,-0.00069717642878048,0.0045120503994739575,-0.00032406416204240585,-0.009494002787396313,0.005899715052089757,0.08888888888888889,0.022222222222222223,0.17777777777777778,0.0009352717134687636,-0.00032582220104005605,0.002097956587870916,False
direct_invariance_only,False,10.0,5.0,0.0,45,0.24063234296109942,0.17184180156017342,0.3225890643191006,0.02136202785703871,0.009208515303002464,0.03430551366673575,0.17552391555574204,0.16512020077970294,0.18760219603776931,0.23806765195396212,0.22627963451254698,0.2500871757024692,0.24522837267981634,0.23976902339193557,0.25123493005832037,0.463124050365554,0.44242478386395506,0.4862496945675876,0.40525221824645996,0.3883150009148651,0.42233416242731947,0.40644328022996584,0.3907071345795774,0.42270115277527115,0.5111111111111111,0.35555555555555557,0.6666666666666666,0.0,0.0,0.0,0.0,0.0,0.0,0.057871832119094004,0.04815158909393682,0.06943628235823578,0.12495967780860118,0.1047141456268806,0.1454553901367841,0.12495967780860118,0.10413920322626824,0.14541769210940733,0.0,0.0,0.0,0.0,0.0,0.0,0.011759895223052985,0.0018438466789237606,0.023151001811927398,-0.0029866402761803733,-0.020203399051808648,0.012880805638722244,0.08888888888888889,0.0,0.2,0.005446290307574802,0.0008600165943304698,0.010381028403838477,False
soft_objective_recourse,False,30.0,0.0,0.0,45,0.533242492005229,0.33130239999956557,0.7446869888601617,0.00042224460177951387,0.00014349160922898186,0.0007600497371620601,0.1806489732530382,0.1693400070236789,0.19364271149039267,0.2278505506614844,0.2210022519632346,0.2354030339440538,0.24522837267981634,0.23976902339193557,0.25123493005832037,0.463124050365554,0.44242478386395506,0.4862496945675876,0.38891004059049816,0.38274903115299014,0.39428767022159367,0.39008723818924695,0.38456548726326883,0.39511082530298985,0.7777777777777778,0.6666666666666666,0.8888888888888888,0.0,0.0,0.0,0.0,0.0,0.0,0.07421400977505578,0.058497504227691226,0.09203693413900005,0.16024650353717773,0.12970688641912323,0.18968349200480616,0.16024650353717773,0.1281510659294977,0.1901585821944044,0.0,0.0,0.0,0.0,0.0,0.0,0.0,0.0,0.0,0.0,0.0,0.0,0.0,0.0,0.0,0.0,0.0,0.0,False
direct_invariance_only,False,30.0,0.5,0.0,45,0.533242492005229,0.33130239999956557,0.7446869888601617,0.00042224460177951387,0.00014349160922898186,0.0007600497371620601,0.1806489732530382,0.1693400070236789,0.19364271149039267,0.2278505506614844,0.2210022519632346,0.2354030339440538,0.24522837267981634,0.23976902339193557,0.25123493005832037,0.463124050365554,0.44242478386395506,0.4862496945675876,0.38891004059049816,0.38274903115299014,0.39428767022159367,0.39008723818924695,0.38456548726326883,0.39511082530298985,0.7777777777777778,0.6666666666666666,0.8888888888888888,0.0,0.0,0.0,0.0,0.0,0.0,0.07421400977505578,0.058497504227691226,0.09203693413900005,0.16024650353717773,0.12970688641912323,0.18968349200480616,0.16024650353717773,0.1281510659294977,0.1901585821944044,0.0,0.0,0.0,0.0,0.0,0.0,0.0,0.0,0.0,0.0,0.0,0.0,0.0,0.0,0.0,0.0,0.0,0.0,False
direct_invariance_only,False,30.0,0.5119911176680398,0.0,45,0.533242492005229,0.33130239999956557,0.7446869888601617,0.00042224460177951387,0.00014349160922898186,0.0007600497371620601,0.1806489732530382,0.1693400070236789,0.19364271149039267,0.2278505506614844,0.2210022519632346,0.2354030339440538,0.24522837267981634,0.23976902339193557,0.25123493005832037,0.463124050365554,0.44242478386395506,0.4862496945675876,0.38891004059049816,0.38274903115299014,0.39428767022159367,0.39008723818924695,0.38456548726326883,0.39511082530298985,0.7777777777777778,0.6666666666666666,0.8888888888888888,0.0,0.0,0.0,0.0,0.0,0.0,0.07421400977505578,0.058497504227691226,0.09203693413900005,0.16024650353717773,0.12970688641912323,0.18968349200480616,0.16024650353717773,0.1281510659294977,0.1901585821944044,0.0,0.0,0.0,0.0,0.0,0.0,0.0,0.0,0.0,0.0,0.0,0.0,0.0,0.0,0.0,0.0,0.0,0.0,True
direct_invariance_only,False,30.0,1.0,0.0,45,0.5307677309960127,0.331052078028313,0.7446869888601617,0.0005119959513346354,0.00018145317832628886,0.0008961476551161871,0.1803492718272739,0.16923816705743472,0.19333411993251906,0.2276611373656326,0.22087683244918782,0.2352118482026789,0.24522837267981634,0.23976902339193557,0.25123493005832037,0.463124050365554,0.44242478386395506,0.4862496945675876,0.3890114770995246,0.3828479317492909,0.3944437755478753,0.3901876603331831,0.3846656118951323,0.39512151176498994,0.7555555555555555,0.6444444444444445,0.8666666666666667,0.0,0.0,0.0,0.0,0.0,0.0,0.07411257326602935,0.05839860363139047,0.09179187999831305,0.16002747688773822,0.12966582330901005,0.1896195369101943,0.16002747688773822,0.12814148960676597,0.18993366691507682,0.0,0.0,0.0,0.0,0.0,0.0,-0.00021902664943951322,-0.0006625194967284532,0.0,-0.0024747610092163085,-0.007424283027648926,0.0,-0.022222222222222223,-0.06666666666666667,0.0,-0.00010143650902642145,-0.0003043095270792643,0.0,False
direct_invariance_only,False,30.0,2.0,0.0,45,0.5314232548491822,0.3316994078333179,0.7453261246170021,0.0005119959513346354,0.00018145317832628886,0.0008961476551161871,0.1799715624915229,0.1687612301773495,0.19304124101996423,0.22759169364968937,0.22080053687509563,0.23516707852896718,0.24522837267981634,0.23976902339193557,0.25123493005832037,0.463124050365554,0.44242478386395506,0.4862496945675876,0.38860132959153915,0.3821522761219078,0.3941354692147838,0.38978559838732085,0.3840887031875964,0.3948835141725838,0.7555555555555555,0.6444444444444445,0.8666666666666667,0.0,0.0,0.0,0.0,0.0,0.0,0.0745227207740148,0.058863077602452706,0.09218567600680722,0.16091308735789567,0.13097474589742245,0.1905121493418202,0.16091308735789567,0.1291899184312759,0.19006912117970348,0.0,0.0,0.0,0.0,0.0,0.0,0.0006665838207179364,-0.0004280291301126532,0.0021023427509004405,-0.0018192371560467615,-0.0067769532226439975,0.0013110477063390943,-0.022222222222222223,-0.06666666666666667,0.0,0.0003087109989590115,-0.0002028730180528429,0.0009518170356750476,False
direct_invariance_only,False,30.0,5.0,0.0,45,0.5385898500680923,0.33863736967556174,0.7503888370127727,0.0005417883810069826,0.00022661674353811477,0.0009267738264881903,0.17731454968452454,0.1656535144812531,0.19006591957476404,0.22536054948965709,0.21809538989017407,0.23337665504465502,0.24522837267981634,0.23976902339193557,0.25123493005832037,0.463124050365554,0.44242478386395506,0.4862496945675876,0.38319116168551975,0.3745802761779891,0.3907473899258508,0.38455486687521134,0.37646879140767786,0.39180952604210223,0.7333333333333333,0.6,0.8444444444444444,0.0,0.0,0.0,0.0,0.0,0.0,0.07993288868003422,0.06500347918934292,0.09619129132065508,0.17259498533263695,0.14580178132049698,0.19756752668410374,0.17259498533263695,0.14571296892788377,0.19748723240905114,0.0,0.0,0.0,0.0,0.0,0.0,0.01234848179545922,0.0038932864295527446,0.022896177031865764,0.00534735806286335,-0.0019369758272336588,0.012130710844778349,-0.044444444444444446,-0.1111111111111111,0.0,0.005718878904978434,0.0018341331018341912,0.010277032951513923,False
transport_anchor_only,False,0.0,0.0,0.1,45,0.0,0.0,0.0,0.0734949549039205,0.05501899823546409,0.0951406484676732,0.18025905456807878,0.17027047010759513,0.19141183443367482,0.2695862058136198,0.25496974083284535,0.2842062588698334,0.24522837267981634,0.23976902339193557,0.25123493005832037,0.463124050365554,0.44242478386395506,0.4862496945675876,0.463124050365554,0.43951882633897993,0.48591016344726085,0.4638216293884648,0.44296044529680567,0.485519686583471,0.2222222222222222,0.1111111111111111,0.35555555555555557,0.0,0.0,0.0,0.0,0.0,0.0,0.0,0.0,0.0,0.0,0.0,0.0,0.0,0.0,0.0,0.0,0.0,0.0,0.0,0.0,0.0,0.0,0.0,0.0,0.0,0.0,0.0,0.0,0.0,0.0,0.0,0.0,0.0,False
mediation_aware_recourse,False,0.0,0.5,0.1,45,0.0,0.0,0.0,0.0734949549039205,0.05501899823546409,0.0951406484676732,0.18025905456807878,0.17027047010759513,0.19141183443367482,0.2695862058136198,0.25496974083284535,0.2842062588698334,0.24522837267981634,0.23976902339193557,0.25123493005832037,0.463124050365554,0.44242478386395506,0.4862496945675876,0.463124050365554,0.43951882633897993,0.48591016344726085,0.4638216293884648,0.44296044529680567,0.485519686583471,0.2222222222222222,0.1111111111111111,0.35555555555555557,0.0,0.0,0.0,0.0,0.0,0.0,0.0,0.0,0.0,0.0,0.0,0.0,0.0,0.0,0.0,0.0,0.0,0.0,0.0,0.0,0.0,0.0,0.0,0.0,0.0,0.0,0.0,0.0,0.0,0.0,0.0,0.0,0.0,False
mediation_aware_recourse,False,0.0,0.5119911176680398,0.1,45,0.0,0.0,0.0,0.0734949549039205,0.05501899823546409,0.0951406484676732,0.18025905456807878,0.17027047010759513,0.19141183443367482,0.2695862058136198,0.25496974083284535,0.2842062588698334,0.24522837267981634,0.23976902339193557,0.25123493005832037,0.463124050365554,0.44242478386395506,0.4862496945675876,0.463124050365554,0.43951882633897993,0.48591016344726085,0.4638216293884648,0.44296044529680567,0.485519686583471,0.2222222222222222,0.1111111111111111,0.35555555555555557,0.0,0.0,0.0,0.0,0.0,0.0,0.0,0.0,0.0,0.0,0.0,0.0,0.0,0.0,0.0,0.0,0.0,0.0,0.0,0.0,0.0,0.0,0.0,0.0,0.0,0.0,0.0,0.0,0.0,0.0,0.0,0.0,0.0,True
mediation_aware_recourse,False,0.0,1.0,0.1,45,0.0,0.0,0.0,0.0734949549039205,0.05501899823546409,0.0951406484676732,0.18025905456807878,0.17027047010759513,0.19141183443367482,0.2695862058136198,0.25496974083284535,0.2842062588698334,0.24522837267981634,0.23976902339193557,0.25123493005832037,0.463124050365554,0.44242478386395506,0.4862496945675876,0.463124050365554,0.43951882633897993,0.48591016344726085,0.4638216293884648,0.44296044529680567,0.485519686583471,0.2222222222222222,0.1111111111111111,0.35555555555555557,0.0,0.0,0.0,0.0,0.0,0.0,0.0,0.0,0.0,0.0,0.0,0.0,0.0,0.0,0.0,0.0,0.0,0.0,0.0,0.0,0.0,0.0,0.0,0.0,0.0,0.0,0.0,0.0,0.0,0.0,0.0,0.0,0.0,False
mediation_aware_recourse,False,0.0,2.0,0.1,45,0.0006555238531695471,0.0,0.001638809632923868,0.0734949549039205,0.05501899823546409,0.0951406484676732,0.17988134523232777,0.16985187052852577,0.1910077960623635,0.2695167620976766,0.2548178669499854,0.284215356455081,0.24522837267981634,0.23976902339193557,0.25123493005832037,0.463124050365554,0.44242478386395506,0.4862496945675876,0.4627139028575685,0.4389582442823384,0.48550580985844133,0.4634195674426026,0.44246045826743874,0.4853418585425864,0.2222222222222222,0.1111111111111111,0.35555555555555557,0.0,0.0,0.0,0.0,0.0,0.0,0.00041014750798543294,0.0,0.0009986857573191326,0.0008856104701574496,0.0,0.0023268781813307296,0.0008856104701574496,0.0,0.002372550061792866,0.0,0.0,0.0,0.0,0.0,0.0,0.0008856104701574496,0.0,0.002328727324145935,0.0006555238531695471,0.0,0.001638809632923868,0.0,0.0,0.0,0.00041014750798543294,0.0,0.001105417807896932,False
mediation_aware_recourse,False,0.0,5.0,0.1,45,0.014885540099607573,0.009218023496990402,0.020829442891602715,0.06945024066501193,0.05107819492618243,0.09112353129519356,0.1756546096669303,0.16550693759487733,0.18679530011283027,0.26552662489314877,0.25004054252058266,0.2806068170443177,0.24522837267981634,0.23976902339193557,0.25123493005832037,0.463124050365554,0.44242478386395506,0.4862496945675876,0.4529493335220549,0.42674905055099066,0.47660461581415603,0.4538819882174333,0.43057104206979274,0.4772490733099894,0.28888888888888886,0.17777777777777778,0.4222222222222222,0.0,0.0,0.0,0.0,0.0,0.0,0.010174716843499078,0.005833779060178333,0.014730745951334634,0.021969744036112848,0.01177918849605974,0.03305414667475107,0.021969744036112848,0.012113662641686992,0.03290170242302528,0.0,0.0,0.0,0.0,0.0,0.0,0.021969744036112848,0.011981580580909076,0.03310071041980656,0.014885540099607573,0.009218023496990402,0.020829442891602715,0.06666666666666667,0.0,0.15555555555555556,0.010174716843499078,0.005724401192532646,0.015023916860421498,False
transport_anchor_only,False,1.0,0.0,0.1,45,0.002386398861805598,0.0,0.005568264010879728,0.07105451623598734,0.05282364949584007,0.09174681608875593,0.17991647687223222,0.1699897061040004,0.19132727533578872,0.2686943140294817,0.25407183553402624,0.2833059060304529,0.24522837267981634,0.23976902339193557,0.25123493005832037,0.463124050365554,0.44242478386395506,0.4862496945675876,0.4613869160413742,0.43813901787002885,0.48321470297045177,0.46210825162794855,0.44175374619017055,0.4836636562755125,0.2222222222222222,0.1111111111111111,0.35555555555555557,0.0,0.0,0.0,0.0,0.0,0.0,0.0017371343241797553,0.0,0.003852435615327623,0.003750905017367634,0.0,0.008529748507892504,0.003750905017367634,0.0,0.008286318526272938,0.0,0.0,0.0,0.0,0.0,0.0,0.002554203602695315,0.0,0.006749245651009486,0.0015909325745370653,0.0,0.003977331436342663,0.0,0.0,0.0,0.0011829131179385715,0.0,0.0031463662783304852,False
mediation_aware_recourse,False,1.0,0.5,0.1,45,0.002386398861805598,0.0,0.005568264010879728,0.07105451623598734,0.05282364949584007,0.09174681608875593,0.17991647687223222,0.1699897061040004,0.19132727533578872,0.2686943140294817,0.25407183553402624,0.2833059060304529,0.24522837267981634,0.23976902339193557,0.25123493005832037,0.463124050365554,0.44242478386395506,0.4862496945675876,0.4613869160413742,0.43813901787002885,0.48321470297045177,0.46210825162794855,0.44175374619017055,0.4836636562755125,0.2222222222222222,0.1111111111111111,0.35555555555555557,0.0,0.0,0.0,0.0,0.0,0.0,0.0017371343241797553,0.0,0.003852435615327623,0.003750905017367634,0.0,0.008529748507892504,0.003750905017367634,0.0,0.008286318526272938,0.0,0.0,0.0,0.0,0.0,0.0,0.002554203602695315,0.0,0.006749245651009486,0.0015909325745370653,0.0,0.003977331436342663,0.0,0.0,0.0,0.0011829131179385715,0.0,0.0031463662783304852,False
mediation_aware_recourse,False,1.0,0.5119911176680398,0.1,45,0.002386398861805598,0.0,0.005568264010879728,0.07105451623598734,0.05282364949584007,0.09174681608875593,0.17991647687223222,0.1699897061040004,0.19132727533578872,0.2686943140294817,0.25407183553402624,0.2833059060304529,0.24522837267981634,0.23976902339193557,0.25123493005832037,0.463124050365554,0.44242478386395506,0.4862496945675876,0.4613869160413742,0.43813901787002885,0.48321470297045177,0.46210825162794855,0.44175374619017055,0.4836636562755125,0.2222222222222222,0.1111111111111111,0.35555555555555557,0.0,0.0,0.0,0.0,0.0,0.0,0.0017371343241797553,0.0,0.003852435615327623,0.003750905017367634,0.0,0.008529748507892504,0.003750905017367634,0.0,0.008286318526272938,0.0,0.0,0.0,0.0,0.0,0.0,0.002554203602695315,0.0,0.006749245651009486,0.0015909325745370653,0.0,0.003977331436342663,0.0,0.0,0.0,0.0011829131179385715,0.0,0.0031463662783304852,True
mediation_aware_recourse,False,1.0,1.0,0.1,45,0.0031818651490741305,0.0007954662872685326,0.006363730298148261,0.07039683924780951,0.05174146347575718,0.0913066819972462,0.17978674074014028,0.16961599798666105,0.1912028569728136,0.2684000194072723,0.25365811739737787,0.2832100987434387,0.24522837267981634,0.23976902339193557,0.25123493005832037,0.463124050365554,0.44242478386395506,0.4862496945675876,0.4607292390531964,0.4374967361821068,0.4830709621724155,0.46145715140965243,0.44136253156748906,0.4833138838755175,0.2222222222222222,0.1111111111111111,0.35555555555555557,0.0,0.0,0.0,0.0,0.0,0.0,0.002394811312357585,0.0004023730754852295,0.004746009243859185,0.0051709931938696,0.0008889890815389045,0.010741321052321855,0.0051709931938696,0.0008704539673595691,0.010358675422908949,0.0,0.0,0.0,0.0,0.0,0.0,0.003974291779197281,0.0,0.008996849186205441,0.002386398861805598,0.0,0.005568264010879728,0.0,0.0,0.0,0.0018405901061164008,0.0,0.004083553287718031,False
mediation_aware_recourse,False,1.0,2.0,0.1,45,0.008705940718452135,0.004680732347899013,0.013198853412436115,0.06761149300469292,0.048920189986626304,0.08790619174639383,0.17810904681682588,0.16785374629000824,0.1894229534102811,0.267029026357664,0.25229767728183006,0.28187782398942446,0.24522837267981634,0.23976902339193557,0.25123493005832037,0.463124050365554,0.44242478386395506,0.4862496945675876,0.4575685676601198,0.43442813106709055,0.47966204322874545,0.4583329600327544,0.43768237050866904,0.48092463792016116,0.26666666666666666,0.15555555555555556,0.4222222222222222,0.0,0.0,0.0,0.0,0.0,0.0,0.005555482705434164,0.002827184432082706,0.008708309349086549,0.011995668765310552,0.006057722337312813,0.019195942979693275,0.011995668765310552,0.006016906445459833,0.019253826301677924,0.0,0.0,0.0,0.0,0.0,0.0,0.010798967350638233,0.005228188424726865,0.017313896039173663,0.007910474431183603,0.004073085511724154,0.012216764676074186,0.044444444444444446,0.0,0.1111111111111111,0.005001261499192979,0.0023878027498722074,0.008021582133240168,False
mediation_aware_recourse,False,1.0,5.0,0.1,45,0.02307589931620492,0.01694417707415091,0.02986544700235956,0.06444263921843635,0.04553102069430881,0.08534483957621786,0.17469830811023712,0.16432436159087552,0.18597451514667934,0.2628587231453922,0.24729688996242152,0.27835790175737607,0.24522837267981634,0.23976902339193557,0.25123493005832037,0.463124050365554,0.44242478386395506,0.4862496945675876,0.4481605413887236,0.42267932338847053,0.4722355720731947,0.4491365507675542,0.42645756377329436,0.4733241428568959,0.3111111111111111,0.17777777777777778,0.4444444444444444,0.0,0.0,0.0,0.0,0.0,0.0,0.014963508976830377,0.009960999372932645,0.01984870140751203,0.032309937186417725,0.021012195232022444,0.04483216444592605,0.032309937186417725,0.02130787495722129,0.043962973845486406,0.0,0.0,0.0,0.0,0.0,0.0,0.031113235771745407,0.020745332154479917,0.04295767874156477,0.022280433028936387,0.01596089129439659,0.02901980206577314,0.08888888888888889,0.022222222222222223,0.17777777777777778,0.014409287770589193,0.00969955744014846,0.019517556693818834,False
transport_anchor_only,False,3.0,0.0,0.1,45,0.03533196668657992,0.028452655133894746,0.043477947777137156,0.0520530985461341,0.03511856878797213,0.06996383195122083,0.17953065236409504,0.16922088258796267,0.1909209003382259,0.2576701436191797,0.24405672010448246,0.2709650948798905,0.24522837267981634,0.23976902339193557,0.25123493005832037,0.463124050365554,0.44242478386395506,0.4862496945675876,0.4426611754629347,0.42137367881006665,0.46264091533091334,0.4434841946131653,0.4245575644562227,0.46438943169506064,0.3111111111111111,0.17777777777777778,0.4444444444444444,0.0,0.0,0.0,0.0,0.0,0.0,0.020462874902619256,0.016847961213853624,0.02423093866970804,0.04418443586867815,0.03642232930683757,0.05151405645566784,0.04418443586867815,0.03678938546629775,0.05135490732021972,0.0,0.0,0.0,0.0,0.0,0.0,0.00022966166283611145,0.0,0.0007039236640462937,0.00032776188519265917,0.0,0.0009832856555779775,0.0,0.0,0.0,0.00010636183950636122,0.0,0.00031908551851908367,False
mediation_aware_recourse,False,3.0,0.5,0.1,45,0.035659728571772575,0.028780416978730097,0.043993528951994244,0.05195116533173455,0.03501637066404025,0.0699468221432633,0.17947032981448705,0.1692205644150575,0.19083936436308754,0.2575562553687228,0.2438850080832425,0.27082145791811246,0.24522837267981634,0.23976902339193557,0.25123493005832037,0.463124050365554,0.44242478386395506,0.4862496945675876,0.44255924224853516,0.42128915293349156,0.4626291419731246,0.44338226139876574,0.42455246779550276,0.46438688336470063,0.3111111111111111,0.17777777777777778,0.4444444444444444,0.0,0.0,0.0,0.0,0.0,0.0,0.020564808117018805,0.016879717227485446,0.02430956660045518,0.04440453502854491,0.03660654666532717,0.05176399230052926,0.04440453502854491,0.03708302747606208,0.05168880854035484,0.0,0.0,0.0,0.0,0.0,0.0,0.00044976082270287154,0.0,0.0011453625671541204,0.0006555237703853183,0.0,0.0016388094259632959,0.0,0.0,0.0,0.00020829505390591093,0.0,0.0005273805724249946,False
mediation_aware_recourse,False,3.0,0.5119911176680398,0.1,45,0.03598749045696523,0.028968236346004737,0.04441105486204227,0.05185841653082106,0.03501637066404025,0.06977146865593062,0.17939870887332493,0.16914954410658942,0.1908014808429612,0.2574229234208663,0.24385065525459745,0.27069061925220816,0.24522837267981634,0.23976902339193557,0.25123493005832037,0.463124050365554,0.44242478386395506,0.4862496945675876,0.4424664934476217,0.42128915293349156,0.4626291419731246,0.4432904400858614,0.42455017226268016,0.4642032407388919,0.3111111111111111,0.17777777777777778,0.4444444444444444,0.0,0.0,0.0,0.0,0.0,0.0,0.0206575569179323,0.01697236946059598,0.024425507386525474,0.044604802755604744,0.03704961602658525,0.05216040379353474,0.044604802755604744,0.03714060831032097,0.051929822439028155,0.0,0.0,0.0,0.0,0.0,0.0,0.0006500285497627045,0.0,0.0015137552971741656,0.0009832856555779775,0.0,0.002294333196348614,0.0,0.0,0.0,0.00030104385481940376,0.0,0.0007041398187478382,True
mediation_aware_recourse,False,3.0,1.0,0.1,45,0.03664301422735055,0.029713524060530794,0.0448356750069393,0.05167732238769531,0.03497767425245709,0.06949129864573479,0.17927219072977701,0.1690102461145984,0.1906840998927752,0.25722708995971416,0.24366593095577424,0.270416252605824,0.24522837267981634,0.23976902339193557,0.25123493005832037,0.463124050365554,0.44242478386395506,0.4862496945675876,0.4422853993044959,0.4209226763579581,0.4623497378660573,0.443111221594943,0.42436877098344267,0.46389130497338876,0.3111111111111111,0.17777777777777778,0.4444444444444444,0.0,0.0,0.0,0.0,0.0,0.0,0.020838651061058044,0.017088080098231633,0.02460914906528261,0.04499583004728358,0.0373488746705366,0.05235450678262288,0.04499583004728358,0.03753175230067088,0.05237904889862087,0.0,0.0,0.0,0.0,0.0,0.0,0.0010410558414415405,0.00021011283732270958,0.0020603014446285706,0.0016388094259632959,0.00032776188519265917,0.0032776188519265917,0.0,0.0,0.0,0.00048213799794514974,9.378261036343044e-05,0.0009676966567834219,False
mediation_aware_recourse,False,3.0,2.0,0.1,45,0.038421766377157635,0.029811579648198354,0.048295123834783835,0.05162805716196696,0.034529803329043915,0.07010578211810854,0.17831814951366848,0.1677781475418144,0.18994122536645996,0.2573371120211151,0.2436424768022779,0.2710654299551,0.24522837267981634,0.23976902339193557,0.25123493005832037,0.463124050365554,0.44242478386395506,0.4862496945675876,0.44167611863878037,0.4204594287607405,0.46260355316930346,0.4425100264913506,0.4232745198495686,0.4633485749877989,0.3333333333333333,0.2,0.4666666666666667,0.0,0.0,0.0,0.0,0.0,0.0,0.02144793172677358,0.01720953202082051,0.02595354624092579,0.04631141852780973,0.036981679035662164,0.05479091754062278,0.04631141852780973,0.03766539351312741,0.055450231906822675,0.0,0.0,0.0,0.0,0.0,0.0,0.0023566443219676936,-0.001168217508880448,0.006993353894264071,0.003417561575770378,-0.0006076469189590877,0.009033702645036909,0.022222222222222223,0.0,0.06666666666666667,0.0010914186636606853,-0.0005418936245971255,0.0032265847424666084,False
mediation_aware_recourse,False,3.0,5.0,0.1,45,0.05321524060434765,0.04179403446925183,0.06589961730150712,0.051021189822090994,0.03350799625118574,0.0690367906788985,0.17409064173698424,0.16369512938790853,0.1854353060821692,0.25525925763779217,0.2405144160427153,0.2699307265091273,0.24522837267981634,0.23976902339193557,0.25123493005832037,0.463124050365554,0.44242478386395506,0.4862496945675876,0.435074512163798,0.41161507866448827,0.4575953969359398,0.43611774448884855,0.41463799776356264,0.45868301866683703,0.35555555555555557,0.2222222222222222,0.5111111111111111,0.0,0.0,0.0,0.0,0.0,0.0,0.028049538201755948,0.02331334549519751,0.032681669601135784,0.06056592867421995,0.04985882307217696,0.07158431988388922,0.06056592867421995,0.04973741252240809,0.07173110576161949,0.0,0.0,0.0,0.0,0.0,0.0,0.01661115446837791,0.006629229272996079,0.028357661187494863,0.018211035802960397,0.009084070823672746,0.02780681007127795,0.044444444444444446,0.0,0.1111111111111111,0.007693025138643053,0.00310858772860633,0.012826817433039348,False
transport_anchor_only,False,10.0,0.0,0.1,45,0.2436189832372798,0.17270442343523934,0.32810300925436114,0.01984049015574985,0.008723959707551533,0.0315818354818556,0.17978564964400398,0.1690869990322325,0.1916609231299824,0.23965275436639785,0.2290341342137092,0.25106089943399035,0.24522837267981634,0.23976902339193557,0.25123493005832037,0.463124050365554,0.44242478386395506,0.4862496945675876,0.4106985085540348,0.39666846599843764,0.42484505030843944,0.41169007127483687,0.39870405605091813,0.4248756313155095,0.4222222222222222,0.28888888888888886,0.5777777777777777,0.0,0.0,0.0,0.0,0.0,0.0,0.0524255418115192,0.041812431166569394,0.06566344708204269,0.11319978258554819,0.08957370755973657,0.13588180645625764,0.11319978258554819,0.09049356633627888,0.13542321598833146,0.0,0.0,0.0,0.0,0.0,0.0,0.0,0.0,0.0,0.0,0.0,0.0,0.0,0.0,0.0,0.0,0.0,0.0,False
mediation_aware_recourse,False,10.0,0.5,0.1,45,0.24493003110918735,0.173048597133408,0.32992624783991936,0.019713521665996974,0.008567496952083375,0.03157866126961178,0.1796435786618127,0.1690295320418146,0.1914852188858721,0.23941108766529295,0.22879897016617987,0.2506921904782454,0.24522837267981634,0.23976902339193557,0.25123493005832037,0.463124050365554,0.44242478386395506,0.4862496945675876,0.41038859486579893,0.3962875250478586,0.4246464090877109,0.4113805111547312,0.3983240226956705,0.4245832769090516,0.4444444444444444,0.3111111111111111,0.6,0.0,0.0,0.0,0.0,0.0,0.0,0.05273545549975501,0.04205436626242267,0.06587629268566768,0.11386896331151408,0.09017408576101658,0.13598514089880412,0.11386896331151408,0.09089948482630295,0.13605008984715536,0.0,0.0,0.0,0.0,0.0,0.0,0.00066918072596589,0.0,0.001799898201136804,0.001311047871907552,0.0,0.003933143615722656,0.022222222222222223,0.0,0.06666666666666667,0.0003099136882358127,0.0,0.0008325676123301188,False
mediation_aware_recourse,False,10.0,0.5119911176680398,0.1,45,0.24493003110918735,0.173048597133408,0.32992624783991936,0.019713521665996974,0.008567496952083375,0.03157866126961178,0.1796435786618127,0.1690295320418146,0.1914852188858721,0.23941108766529295,0.22879897016617987,0.2506921904782454,0.24522837267981634,0.23976902339193557,0.25123493005832037,0.463124050365554,0.44242478386395506,0.4862496945675876,0.41038859486579893,0.3962875250478586,0.4246464090877109,0.4113805111547312,0.3983240226956705,0.4245832769090516,0.4444444444444444,0.3111111111111111,0.6,0.0,0.0,0.0,0.0,0.0,0.0,0.05273545549975501,0.04205436626242267,0.06587629268566768,0.11386896331151408,0.09017408576101658,0.13598514089880412,0.11386896331151408,0.09089948482630295,0.13605008984715536,0.0,0.0,0.0,0.0,0.0,0.0,0.00066918072596589,0.0,0.001799898201136804,0.001311047871907552,0.0,0.003933143615722656,0.022222222222222223,0.0,0.06666666666666667,0.0003099136882358127,0.0,0.0008325676123301188,True
mediation_aware_recourse,False,10.0,1.0,0.1,45,0.23936176651881802,0.16832467291607625,0.3225747733294136,0.020271982749303183,0.009003635032309427,0.03223884531193309,0.17958069973521762,0.16892417108019192,0.19142233995927704,0.23970838470591438,0.22894369587302207,0.2509042861229844,0.24522837267981634,0.23976902339193557,0.25123493005832037,0.463124050365554,0.44242478386395506,0.4862496945675876,0.41094705594910513,0.39673822652962476,0.42532047142585117,0.41193880337145594,0.39868293364536433,0.4252397698250081,0.4444444444444444,0.3111111111111111,0.6,0.0,0.0,0.0,0.0,0.0,0.0,0.0521769944164488,0.04167896207008097,0.06500863046281867,0.11266310694783488,0.0893590002064617,0.13484850105494484,0.11266310694783488,0.08999742963125434,0.1345949409571636,0.0,0.0,0.0,0.0,0.0,0.0,-0.0005366756377133131,-0.0032181647342747503,0.001541583734846777,-0.004257216718461778,-0.016377031803131104,0.0032776196797688804,0.022222222222222223,0.0,0.06666666666666667,-0.0002485473950703939,-0.0014626430140601263,0.0007170008288489447,False
mediation_aware_recourse,False,10.0,2.0,0.1,45,0.24329491907523737,0.17145884881623916,0.3260180714105566,0.02002073327700297,0.008771907322936588,0.03187046276198492,0.17867564757664997,0.16803583196467825,0.19075796256462732,0.2394222723113166,0.22866721322346065,0.2507393393458592,0.24522837267981634,0.23976902339193557,0.25123493005832037,0.463124050365554,0.44242478386395506,0.4862496945675876,0.409763236840566,0.3955397848288218,0.42407998040318484,0.4107777738538054,0.3972946093019926,0.4244557328243637,0.5111111111111111,0.35555555555555557,0.6449999999999996,0.0,0.0,0.0,0.0,0.0,0.0,0.05336081352498796,0.043056192075212794,0.06603502180841235,0.11521926680954953,0.09208170543437778,0.13706337863400805,0.11521926680954953,0.09327241326309078,0.13611596727534953,0.0,0.0,0.0,0.0,0.0,0.0,0.0020194842240013333,-0.00069717642878048,0.0045120503994739575,-0.00032406416204240585,-0.009494002787396313,0.005899715052089757,0.08888888888888889,0.022222222222222223,0.17777777777777778,0.0009352717134687636,-0.00032582220104005605,0.002097956587870916,False
mediation_aware_recourse,False,10.0,5.0,0.1,45,0.25317567479279307,0.18605272037184073,0.3363955514308893,0.02002352082894908,0.008536877814266418,0.032480295357397854,0.17570215198728772,0.16480618481834727,0.18797534830040402,0.23693671988116372,0.2254983103627132,0.2486907075697349,0.24522837267981634,0.23976902339193557,0.25123493005832037,0.463124050365554,0.44242478386395506,0.4862496945675876,0.40381607015927634,0.3874251612027486,0.42043087580137783,0.4050136605948209,0.3897959408220318,0.42066070653005616,0.5111111111111111,0.35555555555555557,0.6666666666666666,0.0,0.0,0.0,0.0,0.0,0.0,0.05930798020627764,0.049857495087716315,0.07053652108543448,0.12806067868741555,0.10761146152446309,0.14834540037330363,0.12806067868741555,0.10743399004819273,0.14777141154828424,0.0,0.0,0.0,0.0,0.0,0.0,0.01486089610186736,0.0055767227514355675,0.025856465564185017,0.009556691555513277,-0.004343052380200889,0.022855722850395572,0.08888888888888889,0.0,0.2,0.006882438394758436,0.0026191722022162545,0.01183740284707811,False
transport_anchor_only,False,30.0,0.0,0.1,45,0.533242492005229,0.33130239999956557,0.7446869888601617,0.00042224460177951387,0.00014349160922898186,0.0007600497371620601,0.1806489732530382,0.1693400070236789,0.19364271149039267,0.2278505506614844,0.2210022519632346,0.2354030339440538,0.24522837267981634,0.23976902339193557,0.25123493005832037,0.463124050365554,0.44242478386395506,0.4862496945675876,0.38891004059049816,0.38274903115299014,0.39428767022159367,0.39008723818924695,0.38456548726326883,0.39511082530298985,0.7777777777777778,0.6666666666666666,0.8888888888888888,0.0,0.0,0.0,0.0,0.0,0.0,0.07421400977505578,0.058497504227691226,0.09203693413900005,0.16024650353717773,0.12970688641912323,0.18968349200480616,0.16024650353717773,0.1281510659294977,0.1901585821944044,0.0,0.0,0.0,0.0,0.0,0.0,0.0,0.0,0.0,0.0,0.0,0.0,0.0,0.0,0.0,0.0,0.0,0.0,False
mediation_aware_recourse,False,30.0,0.5,0.1,45,0.533242492005229,0.33130239999956557,0.7446869888601617,0.00042224460177951387,0.00014349160922898186,0.0007600497371620601,0.1806489732530382,0.1693400070236789,0.19364271149039267,0.2278505506614844,0.2210022519632346,0.2354030339440538,0.24522837267981634,0.23976902339193557,0.25123493005832037,0.463124050365554,0.44242478386395506,0.4862496945675876,0.38891004059049816,0.38274903115299014,0.39428767022159367,0.39008723818924695,0.38456548726326883,0.39511082530298985,0.7777777777777778,0.6666666666666666,0.8888888888888888,0.0,0.0,0.0,0.0,0.0,0.0,0.07421400977505578,0.058497504227691226,0.09203693413900005,0.16024650353717773,0.12970688641912323,0.18968349200480616,0.16024650353717773,0.1281510659294977,0.1901585821944044,0.0,0.0,0.0,0.0,0.0,0.0,0.0,0.0,0.0,0.0,0.0,0.0,0.0,0.0,0.0,0.0,0.0,0.0,False
mediation_aware_recourse,False,30.0,0.5119911176680398,0.1,45,0.533242492005229,0.33130239999956557,0.7446869888601617,0.00042224460177951387,0.00014349160922898186,0.0007600497371620601,0.1806489732530382,0.1693400070236789,0.19364271149039267,0.2278505506614844,0.2210022519632346,0.2354030339440538,0.24522837267981634,0.23976902339193557,0.25123493005832037,0.463124050365554,0.44242478386395506,0.4862496945675876,0.38891004059049816,0.38274903115299014,0.39428767022159367,0.39008723818924695,0.38456548726326883,0.39511082530298985,0.7777777777777778,0.6666666666666666,0.8888888888888888,0.0,0.0,0.0,0.0,0.0,0.0,0.07421400977505578,0.058497504227691226,0.09203693413900005,0.16024650353717773,0.12970688641912323,0.18968349200480616,0.16024650353717773,0.1281510659294977,0.1901585821944044,0.0,0.0,0.0,0.0,0.0,0.0,0.0,0.0,0.0,0.0,0.0,0.0,0.0,0.0,0.0,0.0,0.0,0.0,True
mediation_aware_recourse,False,30.0,1.0,0.1,45,0.5307677309960127,0.331052078028313,0.7446869888601617,0.0005119959513346354,0.00018145317832628886,0.0008961476551161871,0.1803492718272739,0.16923816705743472,0.19333411993251906,0.2276611373656326,0.22087683244918782,0.2352118482026789,0.24522837267981634,0.23976902339193557,0.25123493005832037,0.463124050365554,0.44242478386395506,0.4862496945675876,0.3890114770995246,0.3828479317492909,0.3944437755478753,0.3901876603331831,0.3846656118951323,0.39512151176498994,0.7555555555555555,0.6444444444444445,0.8666666666666667,0.0,0.0,0.0,0.0,0.0,0.0,0.07411257326602935,0.05839860363139047,0.09179187999831305,0.16002747688773822,0.12966582330901005,0.1896195369101943,0.16002747688773822,0.12814148960676597,0.18993366691507682,0.0,0.0,0.0,0.0,0.0,0.0,-0.00021902664943951322,-0.0006625194967284532,0.0,-0.0024747610092163085,-0.007424283027648926,0.0,-0.022222222222222223,-0.06666666666666667,0.0,-0.00010143650902642145,-0.0003043095270792643,0.0,False
mediation_aware_recourse,False,30.0,2.0,0.1,45,0.5314232548491822,0.3316994078333179,0.7453261246170021,0.0005119959513346354,0.00018145317832628886,0.0008961476551161871,0.1799715624915229,0.1687612301773495,0.19304124101996423,0.22759169364968937,0.22080053687509563,0.23516707852896718,0.24522837267981634,0.23976902339193557,0.25123493005832037,0.463124050365554,0.44242478386395506,0.4862496945675876,0.38860132959153915,0.3821522761219078,0.3941354692147838,0.38978559838732085,0.3840887031875964,0.3948835141725838,0.7555555555555555,0.6444444444444445,0.8666666666666667,0.0,0.0,0.0,0.0,0.0,0.0,0.0745227207740148,0.058863077602452706,0.09218567600680722,0.16091308735789567,0.13097474589742245,0.1905121493418202,0.16091308735789567,0.1291899184312759,0.19006912117970348,0.0,0.0,0.0,0.0,0.0,0.0,0.0006665838207179364,-0.0004280291301126532,0.0021023427509004405,-0.0018192371560467615,-0.0067769532226439975,0.0013110477063390943,-0.022222222222222223,-0.06666666666666667,0.0,0.0003087109989590115,-0.0002028730180528429,0.0009518170356750476,False
mediation_aware_recourse,False,30.0,5.0,0.1,45,0.538917611953285,0.3396124612840099,0.7503888370127727,0.0005417883810069826,0.00022661674353811477,0.0009267738264881903,0.17724996076689825,0.16559097444017729,0.19000133065713778,0.22522304952144623,0.21795924839460187,0.23318624366695684,0.24522837267981634,0.23976902339193557,0.25123493005832037,0.463124050365554,0.44242478386395506,0.4862496945675876,0.38309352000554403,0.3744370019104746,0.3907463462981913,0.38446113086243466,0.37644659287623233,0.39175986559494497,0.7333333333333333,0.6,0.8444444444444444,0.0,0.0,0.0,0.0,0.0,0.0,0.08003053036000994,0.0652603724433316,0.09624222667680846,0.17280581800241235,0.1458072751174709,0.19756752668410374,0.17280581800241235,0.14593978911455188,0.1974898191204149,0.0,0.0,0.0,0.0,0.0,0.0,0.012559314465234617,0.003939829082188598,0.023164908014064515,0.005675119948056009,-0.0017183805898659758,0.012793241733064247,-0.044444444444444446,-0.1111111111111111,0.0,0.005816520584954156,0.0018776559664143457,0.010513564431005054,False
transport_anchor_only,False,0.0,0.0,0.5,45,0.0,0.0,0.0,0.0734949549039205,0.05501899823546409,0.0951406484676732,0.18025905456807878,0.17027047010759513,0.19141183443367482,0.2695862058136198,0.25496974083284535,0.2842062588698334,0.24522837267981634,0.23976902339193557,0.25123493005832037,0.463124050365554,0.44242478386395506,0.4862496945675876,0.463124050365554,0.43951882633897993,0.48591016344726085,0.4638216293884648,0.44296044529680567,0.485519686583471,0.2222222222222222,0.1111111111111111,0.35555555555555557,0.0,0.0,0.0,0.0,0.0,0.0,0.0,0.0,0.0,0.0,0.0,0.0,0.0,0.0,0.0,0.0,0.0,0.0,0.0,0.0,0.0,0.0,0.0,0.0,0.0,0.0,0.0,0.0,0.0,0.0,0.0,0.0,0.0,False
mediation_aware_recourse,False,0.0,0.5,0.5,45,0.0,0.0,0.0,0.0734949549039205,0.05501899823546409,0.0951406484676732,0.18025905456807878,0.17027047010759513,0.19141183443367482,0.2695862058136198,0.25496974083284535,0.2842062588698334,0.24522837267981634,0.23976902339193557,0.25123493005832037,0.463124050365554,0.44242478386395506,0.4862496945675876,0.463124050365554,0.43951882633897993,0.48591016344726085,0.4638216293884648,0.44296044529680567,0.485519686583471,0.2222222222222222,0.1111111111111111,0.35555555555555557,0.0,0.0,0.0,0.0,0.0,0.0,0.0,0.0,0.0,0.0,0.0,0.0,0.0,0.0,0.0,0.0,0.0,0.0,0.0,0.0,0.0,0.0,0.0,0.0,0.0,0.0,0.0,0.0,0.0,0.0,0.0,0.0,0.0,False
mediation_aware_recourse,False,0.0,0.5119911176680398,0.5,45,0.0,0.0,0.0,0.0734949549039205,0.05501899823546409,0.0951406484676732,0.18025905456807878,0.17027047010759513,0.19141183443367482,0.2695862058136198,0.25496974083284535,0.2842062588698334,0.24522837267981634,0.23976902339193557,0.25123493005832037,0.463124050365554,0.44242478386395506,0.4862496945675876,0.463124050365554,0.43951882633897993,0.48591016344726085,0.4638216293884648,0.44296044529680567,0.485519686583471,0.2222222222222222,0.1111111111111111,0.35555555555555557,0.0,0.0,0.0,0.0,0.0,0.0,0.0,0.0,0.0,0.0,0.0,0.0,0.0,0.0,0.0,0.0,0.0,0.0,0.0,0.0,0.0,0.0,0.0,0.0,0.0,0.0,0.0,0.0,0.0,0.0,0.0,0.0,0.0,True
mediation_aware_recourse,False,0.0,1.0,0.5,45,0.0,0.0,0.0,0.0734949549039205,0.05501899823546409,0.0951406484676732,0.18025905456807878,0.17027047010759513,0.19141183443367482,0.2695862058136198,0.25496974083284535,0.2842062588698334,0.24522837267981634,0.23976902339193557,0.25123493005832037,0.463124050365554,0.44242478386395506,0.4862496945675876,0.463124050365554,0.43951882633897993,0.48591016344726085,0.4638216293884648,0.44296044529680567,0.485519686583471,0.2222222222222222,0.1111111111111111,0.35555555555555557,0.0,0.0,0.0,0.0,0.0,0.0,0.0,0.0,0.0,0.0,0.0,0.0,0.0,0.0,0.0,0.0,0.0,0.0,0.0,0.0,0.0,0.0,0.0,0.0,0.0,0.0,0.0,0.0,0.0,0.0,0.0,0.0,0.0,False
mediation_aware_recourse,False,0.0,2.0,0.5,45,0.001778752025630739,0.0,0.00468073222372267,0.07334381275706821,0.054566115885972974,0.09498950632082091,0.1794160375992457,0.1693517485095395,0.1904248994919989,0.26910185714562734,0.25418261892058786,0.2837161240706013,0.24522837267981634,0.23976902339193557,0.25123493005832037,0.463124050365554,0.44242478386395506,0.4862496945675876,0.46163526607884303,0.4374050422757864,0.48427603093286353,0.4623550704552068,0.441119988383063,0.48467216802454666,0.2222222222222222,0.1111111111111111,0.35555555555555557,0.0,0.0,0.0,0.0,0.0,0.0,0.0014887842867109511,0.0,0.003932311799791124,0.003214655523797183,0.0,0.00855244103223506,0.003214655523797183,0.0,0.008641382464177824,0.0,0.0,0.0,0.0,0.0,0.0,0.003214655523797183,0.0,0.008735733131104808,0.001778752025630739,0.0,0.00468073222372267,0.0,0.0,0.0,0.0014887842867109511,0.0,0.004083453946643405,False
mediation_aware_recourse,False,0.0,5.0,0.5,45,0.018862871618734466,0.011605619408397211,0.027473058390120663,0.0692349804772271,0.0508629347383976,0.09095407401522,0.1749142716328303,0.16474820993840694,0.18603805611530938,0.26463649881382784,0.24874280906903248,0.2801152701613804,0.24522837267981634,0.23976902339193557,0.25123493005832037,0.463124050365554,0.44242478386395506,0.4862496945675876,0.45023930039670734,0.4230157564083735,0.4750293709668848,0.45123100816872386,0.4271796657974108,0.47621529576695637,0.28888888888888886,0.17777777777777778,0.4222222222222222,0.0,0.0,0.0,0.0,0.0,0.0,0.01288474996884664,0.007496941073073281,0.01905459016561508,0.02782137951738073,0.015374400202971384,0.0409941752227739,0.02782137951738073,0.015607461182695301,0.043243384118700004,0.0,0.0,0.0,0.0,0.0,0.0,0.02782137951738073,0.015252434020647085,0.041747970366813526,0.018862871618734466,0.011605619408397211,0.027473058390120663,0.06666666666666667,0.0,0.15555555555555556,0.01288474996884664,0.007235246118572023,0.018921036852730645,False
transport_anchor_only,False,1.0,0.0,0.5,45,0.003977331436342663,0.0007954662872685326,0.007159196585416794,0.06970095568233066,0.05174146347575718,0.08977828342053625,0.17992746631304424,0.169756723559565,0.19124576840135785,0.26809971895482804,0.2534099357637266,0.2825563686734272,0.24522837267981634,0.23976902339193557,0.25123493005832037,0.463124050365554,0.44242478386395506,0.4862496945675876,0.46045165989134046,0.4372294685575697,0.48272425586978596,0.46117957224779654,0.44109189188467957,0.4824390705345407,0.2222222222222222,0.1111111111111111,0.35555555555555557,0.0,0.0,0.0,0.0,0.0,0.0,0.002672390474213494,0.0006576769881778293,0.004994969036844041,0.005770355636042113,0.0014444214313502428,0.01123101932259089,0.005770355636042113,0.0014345211334945095,0.010991675280497978,0.0,0.0,0.0,0.0,0.0,0.0,0.004573654221369794,0.0005979728629964875,0.009668740211157609,0.0031818651490741305,0.0007954662872685326,0.006363730298148261,0.0,0.0,0.0,0.00211816926797231,0.00027757916185590955,0.004489759860767258,False
mediation_aware_recourse,False,1.0,0.5,0.5,45,0.003977331436342663,0.0007954662872685326,0.007159196585416794,0.06976220740212334,0.05074661195278168,0.09102465917666752,0.17975423369142746,0.16958349093794822,0.19117886151704525,0.268099719285965,0.2533623925327427,0.28285704288217756,0.24522837267981634,0.23976902339193557,0.25123493005832037,0.463124050365554,0.44242478386395506,0.4862496945675876,0.4600946072075102,0.43722251008782126,0.4825576021108362,0.46082251956396625,0.4403220103992356,0.4827106227243527,0.2222222222222222,0.1111111111111111,0.35555555555555557,0.0,0.0,0.0,0.0,0.0,0.0,0.0030294431580437553,0.0006576769881778293,0.00574940777487225,0.006541321176588788,0.0014094365428726884,0.01233898258727496,0.006541321176588788,0.0014494254005440967,0.012490230368069502,0.0,0.0,0.0,0.0,0.0,0.0,0.005344619761916469,0.0008795808550896928,0.010865193542190415,0.0031818651490741305,0.0007954662872685326,0.006363730298148261,0.0,0.0,0.0,0.0024752219518025718,0.0004023730754852295,0.0050266608595848075,False
mediation_aware_recourse,False,1.0,0.5119911176680398,0.5,45,0.003977331436342663,0.0007954662872685326,0.007159196585416794,0.06976220740212334,0.05074661195278168,0.09102465917666752,0.17975423369142746,0.16958349093794822,0.19117886151704525,0.268099719285965,0.2533623925327427,0.28285704288217756,0.24522837267981634,0.23976902339193557,0.25123493005832037,0.463124050365554,0.44242478386395506,0.4862496945675876,0.4600946072075102,0.43722251008782126,0.4825576021108362,0.46082251956396625,0.4403220103992356,0.4827106227243527,0.2222222222222222,0.1111111111111111,0.35555555555555557,0.0,0.0,0.0,0.0,0.0,0.0,0.0030294431580437553,0.0006576769881778293,0.00574940777487225,0.006541321176588788,0.0014094365428726884,0.01233898258727496,0.006541321176588788,0.0014494254005440967,0.012490230368069502,0.0,0.0,0.0,0.0,0.0,0.0,0.005344619761916469,0.0008795808550896928,0.010865193542190415,0.0031818651490741305,0.0007954662872685326,0.006363730298148261,0.0,0.0,0.0,0.0024752219518025718,0.0004023730754852295,0.0050266608595848075,True
mediation_aware_recourse,False,1.0,1.0,0.5,45,0.007347015995118353,0.0031818651490741305,0.011979871161489023,0.06753978464338514,0.04880332819289631,0.08823957867092556,0.17911324931515588,0.16878386077781518,0.1906334010925558,0.2668698736362987,0.2527299390050272,0.281673894421094,0.24522837267981634,0.23976902339193557,0.25123493005832037,0.463124050365554,0.44242478386395506,0.4862496945675876,0.457872184448772,0.43561516592899957,0.4796985664798154,0.4586158202721013,0.4380282985387163,0.4806465239175078,0.2222222222222222,0.1111111111111111,0.35555555555555557,0.0,0.0,0.0,0.0,0.0,0.0,0.0052518659167819556,0.002072621848848131,0.008790828353828854,0.011340084611534573,0.004711614202431191,0.018236048663952124,0.011340084611534573,0.004931647999767838,0.018599342158469274,0.0,0.0,0.0,0.0,0.0,0.0,0.010143383196862255,0.003940497526486622,0.01692206243243254,0.006551549707849821,0.0025695228669792417,0.010996585505911045,0.0,0.0,0.0,0.004697644710540771,0.0017927633391486275,0.00783029524816407,False
mediation_aware_recourse,False,1.0,2.0,0.5,45,0.012215567669934696,0.007391394411938058,0.017785028481028146,0.065883340438207,0.046757498747772644,0.08641883773936165,0.1774287551641464,0.16714427288207742,0.18876047246985964,0.2656561768303315,0.2508264494656275,0.2807746577490535,0.24522837267981634,0.23976902339193557,0.25123493005832037,0.463124050365554,0.44242478386395506,0.4862496945675876,0.4544832934935888,0.4308698999881745,0.4763969603346454,0.45527021137542195,0.43445718544514633,0.47797244242317977,0.28888888888888886,0.17777777777777778,0.4222222222222222,0.0,0.0,0.0,0.0,0.0,0.0,0.008640756871965196,0.004494556138912836,0.012985936552286147,0.01865754297395017,0.010103609670526656,0.028112757598156738,0.01865754297395017,0.009760192573500434,0.028252932262294535,0.0,0.0,0.0,0.0,0.0,0.0,0.01746084155927785,0.00907491849122892,0.02687019851567071,0.011420101382666165,0.0065994267248445085,0.016898601487692858,0.06666666666666667,0.0,0.15555555555555556,0.008086535665724013,0.004233250336514578,0.012484526866012148,False
mediation_aware_recourse,False,1.0,5.0,0.5,45,0.029767391458153724,0.02242037562549942,0.03842895383739637,0.06277187201711866,0.04383917541967498,0.08398206717438168,0.17381563285986582,0.16360541551477378,0.18505751540263493,0.26068987925019527,0.2447553984551794,0.27645133066715466,0.24522837267981634,0.23976902339193557,0.25123493005832037,0.463124050365554,0.44242478386395506,0.4862496945675876,0.4434054278665119,0.41681259683436817,0.46862259176870186,0.4444389738076263,0.42019327165505127,0.4701696667863264,0.3333333333333333,0.2,0.4666666666666667,0.0,0.0,0.0,0.0,0.0,0.0,0.019718622499042087,0.013969924565818574,0.025951124777396518,0.04257740983971303,0.028374315115947527,0.056974725704244854,0.04257740983971303,0.029310691232171053,0.05788098817378094,0.0,0.0,0.0,0.0,0.0,0.0,0.04138070842504071,0.027900297935139144,0.055707616860808995,0.02897192517088519,0.021293648689364394,0.037535431844492755,0.1111111111111111,0.022222222222222223,0.2,0.019164401292800903,0.013226389239231745,0.025399570978350106,False
transport_anchor_only,False,3.0,0.0,0.5,45,0.03804612743357817,0.029572384702041748,0.04731413965320421,0.05119885272449917,0.034326099786493515,0.0693358658088578,0.17941390938229032,0.1691797245045503,0.19080186085568532,0.2571962353669935,0.24360748547646735,0.27062449043927095,0.24522837267981634,0.23976902339193557,0.25123493005832037,0.463124050365554,0.44242478386395506,0.4862496945675876,0.44180692964129975,0.42058452419108816,0.46186762910750173,0.4426308762795395,0.4238187805735817,0.46304783088469664,0.3111111111111111,0.17777777777777778,0.4444444444444444,0.0,0.0,0.0,0.0,0.0,0.0,0.021317120724254183,0.01715494236184491,0.025417834950817952,0.046028965041716496,0.03782413139693462,0.054218157278256664,0.046028965041716496,0.03807419128543886,0.05429601880989682,0.0,0.0,0.0,0.0,0.0,0.0,0.0020741908358744565,0.00020206980604246805,0.00504951624069064,0.0030419226321909162,0.00032776188519265917,0.007486958470609453,0.0,0.0,0.0,0.0009606076611412897,9.274880091349283e-05,0.002372713685035705,False
mediation_aware_recourse,False,3.0,0.5,0.5,45,0.039029413089156154,0.030555670359689327,0.0483883862156007,0.050929531786176895,0.03414737855394682,0.06914738362034162,0.1792487064997355,0.16901813002096283,0.19069814069403543,0.2568795675618781,0.2432253270275477,0.27028503512239294,0.24522837267981634,0.23976902339193557,0.25123493005832037,0.463124050365554,0.44242478386395506,0.4862496945675876,0.4415376087029775,0.420291347404321,0.4615064235197173,0.44236343099342457,0.42377944711790305,0.46280206201809143,0.3111111111111111,0.17777777777777778,0.4444444444444444,0.0,0.0,0.0,0.0,0.0,0.0,0.021586441662576464,0.017505502742197778,0.02567997777627574,0.046610495925525464,0.03825685859491318,0.05487014665804256,0.046610495925525464,0.03877946383386458,0.05501336186306454,0.0,0.0,0.0,0.0,0.0,0.0,0.0026557217196834237,0.0006080245350085056,0.005750124704730808,0.0040252082877688935,0.0009832856555779775,0.008472545767823853,0.0,0.0,0.0,0.0012299285994635688,0.00027576913436253865,0.0026698964337507876,False
mediation_aware_recourse,False,3.0,0.5119911176680398,0.5,45,0.039029413089156154,0.030555670359689327,0.0483883862156007,0.050929531786176895,0.03414737855394682,0.06914738362034162,0.1792487064997355,0.16901813002096283,0.19069814069403543,0.2568795675618781,0.2432253270275477,0.27028503512239294,0.24522837267981634,0.23976902339193557,0.25123493005832037,0.463124050365554,0.44242478386395506,0.4862496945675876,0.4415376087029775,0.420291347404321,0.4615064235197173,0.44236343099342457,0.42377944711790305,0.46280206201809143,0.3111111111111111,0.17777777777777778,0.4444444444444444,0.0,0.0,0.0,0.0,0.0,0.0,0.021586441662576464,0.017505502742197778,0.02567997777627574,0.046610495925525464,0.03825685859491318,0.05487014665804256,0.046610495925525464,0.03877946383386458,0.05501336186306454,0.0,0.0,0.0,0.0,0.0,0.0,0.0026557217196834237,0.0006080245350085056,0.005750124704730808,0.0040252082877688935,0.0009832856555779775,0.008472545767823853,0.0,0.0,0.0,0.0012299285994635688,0.00027576913436253865,0.0026698964337507876,True
mediation_aware_recourse,False,3.0,1.0,0.5,45,0.039029413089156154,0.030555670359689327,0.0483883862156007,0.050929531786176895,0.03414737855394682,0.06914738362034162,0.1792487064997355,0.16901813002096283,0.19069814069403543,0.2568795675618781,0.2432253270275477,0.27028503512239294,0.24522837267981634,0.23976902339193557,0.25123493005832037,0.463124050365554,0.44242478386395506,0.4862496945675876,0.4415376087029775,0.420291347404321,0.4615064235197173,0.44236343099342457,0.42377944711790305,0.46280206201809143,0.3111111111111111,0.17777777777777778,0.4444444444444444,0.0,0.0,0.0,0.0,0.0,0.0,0.021586441662576464,0.017505502742197778,0.02567997777627574,0.046610495925525464,0.03825685859491318,0.05487014665804256,0.046610495925525464,0.03877946383386458,0.05501336186306454,0.0,0.0,0.0,0.0,0.0,0.0,0.0026557217196834237,0.0006080245350085056,0.005750124704730808,0.0040252082877688935,0.0009832856555779775,0.008472545767823853,0.0,0.0,0.0,0.0012299285994635688,0.00027576913436253865,0.0026698964337507876,False
mediation_aware_recourse,False,3.0,2.0,0.5,45,0.04179145081175698,0.033457650433604914,0.051064158476268245,0.05076019167900085,0.033938559128178496,0.06902052241894933,0.17816026939286125,0.16767959025171067,0.18966107211179203,0.2560466092079878,0.24216769665376178,0.26944730610276263,0.24522837267981634,0.23976902339193557,0.25123493005832037,0.463124050365554,0.44242478386395506,0.4862496945675876,0.4396717389424642,0.4180516226920817,0.4598166467911667,0.44052042267388763,0.4210870372699781,0.461934669558497,0.3333333333333333,0.2,0.4666666666666667,0.0,0.0,0.0,0.0,0.0,0.0,0.023452311423089768,0.019273480284545157,0.028050601291987633,0.0506393727654143,0.041745117612307384,0.05959100911884124,0.0506393727654143,0.041823028208146144,0.06031034439054149,0.0,0.0,0.0,0.0,0.0,0.0,0.0066845985595722635,0.0019916684925750856,0.013668162436341455,0.006787246010369724,0.002622095122933388,0.01254332951683965,0.022222222222222223,0.0,0.06666666666666667,0.0030957983599768746,0.000922201606962416,0.006108377029498414,False
mediation_aware_recourse,False,3.0,5.0,0.5,45,0.05892344717350271,0.04618769501335919,0.07198686390597786,0.05027376148435805,0.03314951789047983,0.06858553081750869,0.1734667784637875,0.16312565152843794,0.1848755291269885,0.25404822147554823,0.23912912491915955,0.26867980813400616,0.24522837267981634,0.23976902339193557,0.25123493005832037,0.463124050365554,0.44242478386395506,0.4862496945675876,0.4319090671009488,0.40752765061126817,0.4551474182969994,0.4330091999007596,0.4108425960675296,0.4568748693820917,0.35555555555555557,0.2222222222222222,0.5111111111111111,0.0,0.0,0.0,0.0,0.0,0.0,0.031214983264605204,0.026018036587370764,0.03662027758856615,0.0674009117858736,0.0551015373324818,0.08056441000110774,0.0674009117858736,0.05449610858451986,0.08151978554336721,0.0,0.0,0.0,0.0,0.0,0.0,0.023446137580031556,0.01030536822731654,0.038339251715677494,0.023919242372115453,0.01291915777967208,0.03585363097695841,0.044444444444444446,0.0,0.1111111111111111,0.01085847020149231,0.0047867921657032434,0.017448007762432098,False
transport_anchor_only,False,10.0,0.0,0.5,45,0.2489073622971773,0.17590028073845637,0.3317495355817179,0.019330014122856988,0.008403390695651372,0.03101917020148701,0.17976400984658136,0.16919641610648897,0.1916056500706408,0.2391137902935346,0.2285099964754449,0.2503045604274505,0.24522837267981634,0.23976902339193557,0.25123493005832037,0.463124050365554,0.44242478386395506,0.4862496945675876,0.41000508732265895,0.39618112713098524,0.42405904768241776,0.41100427128540146,0.3980863916698843,0.42425709698047065,0.4444444444444444,0.3111111111111111,0.6,0.0,0.0,0.0,0.0,0.0,0.0,0.053118963042895,0.042418323424127366,0.06636104234390788,0.11469705147242315,0.09111811941123295,0.13707304916760582,0.11469705147242315,0.09169125156119706,0.13657432400851444,0.0,0.0,0.0,0.0,0.0,0.0,0.0014972688868749584,0.0,0.003624617698500496,0.005288379059897529,0.0,0.01423452138900756,0.022222222222222223,0.0,0.06666666666666667,0.0006934212313758002,0.0,0.0016737660434510968,False
mediation_aware_recourse,False,10.0,0.5,0.5,45,0.24493003110918735,0.173048597133408,0.32992624783991936,0.019713521665996974,0.008567496952083375,0.03157866126961178,0.1796435786618127,0.1690295320418146,0.1914852188858721,0.23941108766529295,0.22879897016617987,0.2506921904782454,0.24522837267981634,0.23976902339193557,0.25123493005832037,0.463124050365554,0.44242478386395506,0.4862496945675876,0.41038859486579893,0.3962875250478586,0.4246464090877109,0.4113805111547312,0.3983240226956705,0.4245832769090516,0.4444444444444444,0.3111111111111111,0.6,0.0,0.0,0.0,0.0,0.0,0.0,0.05273545549975501,0.04205436626242267,0.06587629268566768,0.11386896331151408,0.09017408576101658,0.13598514089880412,0.11386896331151408,0.09089948482630295,0.13605008984715536,0.0,0.0,0.0,0.0,0.0,0.0,0.00066918072596589,0.0,0.001799898201136804,0.001311047871907552,0.0,0.003933143615722656,0.022222222222222223,0.0,0.06666666666666667,0.0003099136882358127,0.0,0.0008325676123301188,False
mediation_aware_recourse,False,10.0,0.5119911176680398,0.5,45,0.24493003110918735,0.173048597133408,0.32992624783991936,0.019713521665996974,0.008567496952083375,0.03157866126961178,0.1796435786618127,0.1690295320418146,0.1914852188858721,0.23941108766529295,0.22879897016617987,0.2506921904782454,0.24522837267981634,0.23976902339193557,0.25123493005832037,0.463124050365554,0.44242478386395506,0.4862496945675876,0.41038859486579893,0.3962875250478586,0.4246464090877109,0.4113805111547312,0.3983240226956705,0.4245832769090516,0.4444444444444444,0.3111111111111111,0.6,0.0,0.0,0.0,0.0,0.0,0.0,0.05273545549975501,0.04205436626242267,0.06587629268566768,0.11386896331151408,0.09017408576101658,0.13598514089880412,0.11386896331151408,0.09089948482630295,0.13605008984715536,0.0,0.0,0.0,0.0,0.0,0.0,0.00066918072596589,0.0,0.001799898201136804,0.001311047871907552,0.0,0.003933143615722656,0.022222222222222223,0.0,0.06666666666666667,0.0003099136882358127,0.0,0.0008325676123301188,True
mediation_aware_recourse,False,10.0,1.0,0.5,45,0.24493003110918735,0.173048597133408,0.32992624783991936,0.019713521665996974,0.008567496952083375,0.03157866126961178,0.1796435786618127,0.1690295320418146,0.1914852188858721,0.23941108766529295,0.22879897016617987,0.2506921904782454,0.24522837267981634,0.23976902339193557,0.25123493005832037,0.463124050365554,0.44242478386395506,0.4862496945675876,0.41038859486579893,0.3962875250478586,0.4246464090877109,0.4113805111547312,0.3983240226956705,0.4245832769090516,0.4444444444444444,0.3111111111111111,0.6,0.0,0.0,0.0,0.0,0.0,0.0,0.05273545549975501,0.04205436626242267,0.06587629268566768,0.11386896331151408,0.09017408576101658,0.13598514089880412,0.11386896331151408,0.09089948482630295,0.13605008984715536,0.0,0.0,0.0,0.0,0.0,0.0,0.00066918072596589,0.0,0.001799898201136804,0.001311047871907552,0.0,0.003933143615722656,0.022222222222222223,0.0,0.06666666666666667,0.0003099136882358127,0.0,0.0008325676123301188,False
mediation_aware_recourse,False,10.0,2.0,0.5,45,0.24441814720630645,0.1725377875732051,0.3267075180852165,0.02002073327700297,0.008771907322936588,0.03187046276198492,0.17820710937182108,0.16748588237497541,0.19039670813414786,0.23899625854359732,0.22813302501001292,0.2504161145724356,0.24522837267981634,0.23976902339193557,0.25123493005832037,0.463124050365554,0.44242478386395506,0.4862496945675876,0.4086189819706811,0.39394765809178356,0.42347604688670903,0.4096476587752501,0.3959909964376025,0.424302835484056,0.5111111111111111,0.35555555555555557,0.6449999999999996,0.0,0.0,0.0,0.0,0.0,0.0,0.054505068394872874,0.04413248077862793,0.06676094556848208,0.11768999764069876,0.09504142354450452,0.13924040599960438,0.11768999764069876,0.0953949910208991,0.13906643596627316,0.0,0.0,0.0,0.0,0.0,0.0,0.00449021505515057,0.0001075835119483421,0.010514158987204678,0.0007991639690266715,-0.008051206858621703,0.007680768615876633,0.08888888888888889,0.022222222222222223,0.17777777777777778,0.0020795265833536782,4.942579401863949e-05,0.004831530286206139,False
mediation_aware_recourse,False,10.0,5.0,0.5,45,0.2578085396438837,0.19053165515574316,0.34222742183547883,0.019905667213930025,0.008420313065871597,0.032362441742378796,0.17506747510698106,0.16414945517977078,0.18734620942009822,0.23609937032063802,0.2245058265638848,0.2480854259369274,0.24522837267981634,0.23976902339193557,0.25123493005832037,0.463124050365554,0.44242478386395506,0.4862496945675876,0.4012034436066945,0.38388179300559894,0.4181601412594318,0.40245793451699935,0.38653005716527505,0.41862122906148436,0.5111111111111111,0.35555555555555557,0.6666666666666666,0.0,0.0,0.0,0.0,0.0,0.0,0.06192060675885942,0.05259039270381132,0.0730321480333805,0.13370198915384368,0.11366095160574448,0.15368671019654034,0.13370198915384368,0.11336290310272497,0.15344078780069675,0.0,0.0,0.0,0.0,0.0,0.0,0.02050220656829549,0.00841303891823661,0.03466398337950353,0.01418955640660392,-0.0013991250128795702,0.028652674894159038,0.08888888888888889,0.0,0.2,0.009495064947340223,0.004024191697438558,0.015595649994081919,False
transport_anchor_only,False,30.0,0.0,0.5,45,0.533242492005229,0.33130239999956557,0.7446869888601617,0.00042224460177951387,0.00014349160922898186,0.0007600497371620601,0.1806489732530382,0.1693400070236789,0.19364271149039267,0.2278505506614844,0.2210022519632346,0.2354030339440538,0.24522837267981634,0.23976902339193557,0.25123493005832037,0.463124050365554,0.44242478386395506,0.4862496945675876,0.38891004059049816,0.38274903115299014,0.39428767022159367,0.39008723818924695,0.38456548726326883,0.39511082530298985,0.7777777777777778,0.6666666666666666,0.8888888888888888,0.0,0.0,0.0,0.0,0.0,0.0,0.07421400977505578,0.058497504227691226,0.09203693413900005,0.16024650353717773,0.12970688641912323,0.18968349200480616,0.16024650353717773,0.1281510659294977,0.1901585821944044,0.0,0.0,0.0,0.0,0.0,0.0,0.0,0.0,0.0,0.0,0.0,0.0,0.0,0.0,0.0,0.0,0.0,0.0,False
mediation_aware_recourse,False,30.0,0.5,0.5,45,0.5307677309960127,0.331052078028313,0.7446869888601617,0.0005119959513346354,0.00018145317832628886,0.0008961476551161871,0.1803492718272739,0.16923816705743472,0.19333411993251906,0.2276611373656326,0.22087683244918782,0.2352118482026789,0.24522837267981634,0.23976902339193557,0.25123493005832037,0.463124050365554,0.44242478386395506,0.4862496945675876,0.3890114770995246,0.3828479317492909,0.3944437755478753,0.3901876603331831,0.3846656118951323,0.39512151176498994,0.7555555555555555,0.6444444444444445,0.8666666666666667,0.0,0.0,0.0,0.0,0.0,0.0,0.07411257326602935,0.05839860363139047,0.09179187999831305,0.16002747688773822,0.12966582330901005,0.1896195369101943,0.16002747688773822,0.12814148960676597,0.18993366691507682,0.0,0.0,0.0,0.0,0.0,0.0,-0.00021902664943951322,-0.0006625194967284532,0.0,-0.0024747610092163085,-0.007424283027648926,0.0,-0.022222222222222223,-0.06666666666666667,0.0,-0.00010143650902642145,-0.0003043095270792643,0.0,False
mediation_aware_recourse,False,30.0,0.5119911176680398,0.5,45,0.5307677309960127,0.331052078028313,0.7446869888601617,0.0005119959513346354,0.00018145317832628886,0.0008961476551161871,0.1803492718272739,0.16923816705743472,0.19333411993251906,0.2276611373656326,0.22087683244918782,0.2352118482026789,0.24522837267981634,0.23976902339193557,0.25123493005832037,0.463124050365554,0.44242478386395506,0.4862496945675876,0.3890114770995246,0.3828479317492909,0.3944437755478753,0.3901876603331831,0.3846656118951323,0.39512151176498994,0.7555555555555555,0.6444444444444445,0.8666666666666667,0.0,0.0,0.0,0.0,0.0,0.0,0.07411257326602935,0.05839860363139047,0.09179187999831305,0.16002747688773822,0.12966582330901005,0.1896195369101943,0.16002747688773822,0.12814148960676597,0.18993366691507682,0.0,0.0,0.0,0.0,0.0,0.0,-0.00021902664943951322,-0.0006625194967284532,0.0,-0.0024747610092163085,-0.007424283027648926,0.0,-0.022222222222222223,-0.06666666666666667,0.0,-0.00010143650902642145,-0.0003043095270792643,0.0,True
mediation_aware_recourse,False,30.0,1.0,0.5,45,0.5307677309960127,0.331052078028313,0.7446869888601617,0.0005119959513346354,0.00018145317832628886,0.0008961476551161871,0.1803492718272739,0.16923816705743472,0.19333411993251906,0.2276611373656326,0.22087683244918782,0.2352118482026789,0.24522837267981634,0.23976902339193557,0.25123493005832037,0.463124050365554,0.44242478386395506,0.4862496945675876,0.3890114770995246,0.3828479317492909,0.3944437755478753,0.3901876603331831,0.3846656118951323,0.39512151176498994,0.7555555555555555,0.6444444444444445,0.8666666666666667,0.0,0.0,0.0,0.0,0.0,0.0,0.07411257326602935,0.05839860363139047,0.09179187999831305,0.16002747688773822,0.12966582330901005,0.1896195369101943,0.16002747688773822,0.12814148960676597,0.18993366691507682,0.0,0.0,0.0,0.0,0.0,0.0,-0.00021902664943951322,-0.0006625194967284532,0.0,-0.0024747610092163085,-0.007424283027648926,0.0,-0.022222222222222223,-0.06666666666666667,0.0,-0.00010143650902642145,-0.0003043095270792643,0.0,False
mediation_aware_recourse,False,30.0,2.0,0.5,45,0.5322224217984411,0.3324867725496491,0.745486265514046,0.0005417883810069826,0.00022661674353811477,0.0009267738264881903,0.1792409102121989,0.16806800130340788,0.19220784886015788,0.22692040825883547,0.22012071031870115,0.23452142046557534,0.24522837267981634,0.23976902339193557,0.25123493005832037,0.463124050365554,0.44242478386395506,0.4862496945675876,0.38757444156540766,0.3807762043178081,0.3934054593907462,0.3887716758631997,0.38239532909347784,0.394404602241185,0.7333333333333333,0.6,0.8444444444444444,0.0,0.0,0.0,0.0,0.0,0.0,0.07554960880014631,0.060111311972141264,0.09290804266101785,0.16313039398518248,0.13347752670666949,0.19241449944861266,0.16313039398518248,0.1321261318050272,0.19089437844100646,0.0,0.0,0.0,0.0,0.0,0.0,0.0028838904480047445,-0.000488874074290116,0.008566946303808826,-0.001020070206787851,-0.006628614596815572,0.003380786711350083,-0.044444444444444446,-0.1111111111111111,0.0,0.0013355990250905356,-0.00022210410899586145,0.003879879729615317,False
mediation_aware_recourse,False,30.0,5.0,0.5,45,0.5425671816286114,0.343280277384652,0.7532628270983696,0.0005417883810069826,0.00022661674353811477,0.0009267738264881903,0.1765851590368483,0.16509080095423592,0.1894375866320398,0.2241843116780122,0.21661537105217576,0.23217618672384155,0.24522837267981634,0.23976902339193557,0.25123493005832037,0.463124050365554,0.44242478386395506,0.4862496945675876,0.380397148264779,0.37044764974051053,0.388889705505636,0.3818236755844619,0.37235813100958864,0.39024414287470277,0.7333333333333333,0.6,0.8444444444444444,0.0,0.0,0.0,0.0,0.0,0.0,0.08272690210077498,0.06818908512592316,0.09823490930928123,0.178627955156889,0.15371527388857356,0.20280370322111066,0.178627955156889,0.1528837404502699,0.2019199256777842,0.0,0.0,0.0,0.0,0.0,0.0,0.018381451619711275,0.006727085801643335,0.031870823333237396,0.009324689623382357,0.0005376003496348858,0.018439540926160083,-0.044444444444444446,-0.1111111111111111,0.0,0.008512892325719197,0.003153291957245933,0.014589832723140716,False
transport_anchor_only,False,0.0,0.0,1.0,45,0.0,0.0,0.0,0.0734949549039205,0.05501899823546409,0.0951406484676732,0.18025905456807878,0.17027047010759513,0.19141183443367482,0.2695862058136198,0.25496974083284535,0.2842062588698334,0.24522837267981634,0.23976902339193557,0.25123493005832037,0.463124050365554,0.44242478386395506,0.4862496945675876,0.463124050365554,0.43951882633897993,0.48591016344726085,0.4638216293884648,0.44296044529680567,0.485519686583471,0.2222222222222222,0.1111111111111111,0.35555555555555557,0.0,0.0,0.0,0.0,0.0,0.0,0.0,0.0,0.0,0.0,0.0,0.0,0.0,0.0,0.0,0.0,0.0,0.0,0.0,0.0,0.0,0.0,0.0,0.0,0.0,0.0,0.0,0.0,0.0,0.0,0.0,0.0,0.0,False
mediation_aware_recourse,False,0.0,0.5,1.0,45,0.0,0.0,0.0,0.0734949549039205,0.05501899823546409,0.0951406484676732,0.18025905456807878,0.17027047010759513,0.19141183443367482,0.2695862058136198,0.25496974083284535,0.2842062588698334,0.24522837267981634,0.23976902339193557,0.25123493005832037,0.463124050365554,0.44242478386395506,0.4862496945675876,0.463124050365554,0.43951882633897993,0.48591016344726085,0.4638216293884648,0.44296044529680567,0.485519686583471,0.2222222222222222,0.1111111111111111,0.35555555555555557,0.0,0.0,0.0,0.0,0.0,0.0,0.0,0.0,0.0,0.0,0.0,0.0,0.0,0.0,0.0,0.0,0.0,0.0,0.0,0.0,0.0,0.0,0.0,0.0,0.0,0.0,0.0,0.0,0.0,0.0,0.0,0.0,0.0,False
mediation_aware_recourse,False,0.0,0.5119911176680398,1.0,45,0.0,0.0,0.0,0.0734949549039205,0.05501899823546409,0.0951406484676732,0.18025905456807878,0.17027047010759513,0.19141183443367482,0.2695862058136198,0.25496974083284535,0.2842062588698334,0.24522837267981634,0.23976902339193557,0.25123493005832037,0.463124050365554,0.44242478386395506,0.4862496945675876,0.463124050365554,0.43951882633897993,0.48591016344726085,0.4638216293884648,0.44296044529680567,0.485519686583471,0.2222222222222222,0.1111111111111111,0.35555555555555557,0.0,0.0,0.0,0.0,0.0,0.0,0.0,0.0,0.0,0.0,0.0,0.0,0.0,0.0,0.0,0.0,0.0,0.0,0.0,0.0,0.0,0.0,0.0,0.0,0.0,0.0,0.0,0.0,0.0,0.0,0.0,0.0,0.0,True
mediation_aware_recourse,False,0.0,1.0,1.0,45,0.0,0.0,0.0,0.0734949549039205,0.05501899823546409,0.0951406484676732,0.18025905456807878,0.17027047010759513,0.19141183443367482,0.2695862058136198,0.25496974083284535,0.2842062588698334,0.24522837267981634,0.23976902339193557,0.25123493005832037,0.463124050365554,0.44242478386395506,0.4862496945675876,0.463124050365554,0.43951882633897993,0.48591016344726085,0.4638216293884648,0.44296044529680567,0.485519686583471,0.2222222222222222,0.1111111111111111,0.35555555555555557,0.0,0.0,0.0,0.0,0.0,0.0,0.0,0.0,0.0,0.0,0.0,0.0,0.0,0.0,0.0,0.0,0.0,0.0,0.0,0.0,0.0,0.0,0.0,0.0,0.0,0.0,0.0,0.0,0.0,0.0,0.0,0.0,0.0,False
mediation_aware_recourse,False,0.0,2.0,1.0,45,0.004540789872407913,0.0019665715595086415,0.007632891279127861,0.07283620370758905,0.05432610892587238,0.09415331943167579,0.17838291227817535,0.16819652957220874,0.18946640342473983,0.2681494250893593,0.2530210287910369,0.28306096063719854,0.24522837267981634,0.23976902339193557,0.25123493005832037,0.463124050365554,0.44242478386395506,0.4862496945675876,0.4598169462548362,0.4356662466045883,0.4824710305697388,0.46058386494384873,0.4386355996021794,0.4833204085914212,0.2222222222222222,0.1111111111111111,0.35555555555555557,0.0,0.0,0.0,0.0,0.0,0.0,0.0033071041107177734,0.0009983228478166793,0.006280962295002406,0.007140860225478218,0.0019561089486196726,0.01434076252409939,0.007140860225478218,0.0022065498547914593,0.014559769370436394,0.0,0.0,0.0,0.0,0.0,0.0,0.007140860225478218,0.00194945082450127,0.01391353066136875,0.004540789872407913,0.0019665715595086415,0.007632891279127861,0.0,0.0,0.0,0.0033071041107177734,0.000916407025522656,0.006413838615020115,False
mediation_aware_recourse,False,0.0,5.0,1.0,45,0.02349572674267822,0.016286351547266046,0.03197296815717385,0.06706325676706103,0.047992888672484295,0.08823337419165506,0.17429028120305803,0.16424310312502916,0.18571758279369935,0.26275504219035306,0.24691950854534903,0.27865122218202387,0.24522837267981634,0.23976902339193557,0.25123493005832037,0.463124050365554,0.44242478386395506,0.4862496945675876,0.44634105530050067,0.41892460172375046,0.4719507592585352,0.44738026006685366,0.42310194069908724,0.47354310115079085,0.3333333333333333,0.2,0.4666666666666667,0.0,0.0,0.0,0.0,0.0,0.0,0.016782995065053305,0.010792511999607088,0.022985941966374712,0.036238660142581924,0.022324120739589094,0.050506556569761225,0.036238660142581924,0.02355312992724526,0.05099564192821522,0.0,0.0,0.0,0.0,0.0,0.0,0.036238660142581924,0.023261778419148692,0.050717667062853196,0.02349572674267822,0.016286351547266046,0.03197296815717385,0.1111111111111111,0.022222222222222223,0.2,0.016782995065053305,0.010891342394881778,0.02306561450163523,False
transport_anchor_only,False,1.0,0.0,1.0,45,0.012727460596296522,0.007954662872685326,0.01750025831990772,0.06375218629837036,0.045381491333246225,0.08420071568753984,0.179819518327713,0.16976883189545738,0.19103839659028585,0.26481234663062625,0.2508090308205121,0.2792566671077576,0.24522837267981634,0.23976902339193557,0.25123493005832037,0.463124050365554,0.44242478386395506,0.4862496945675876,0.4545028905073802,0.4322580937710073,0.475986952698893,0.455266214599212,0.43460707435690693,0.47689838456122413,0.2222222222222222,0.1111111111111111,0.35555555555555557,0.0,0.0,0.0,0.0,0.0,0.0,0.008621159858173794,0.0050777787715196605,0.011990452855825423,0.018615228147553453,0.01154516730003284,0.025591197842511067,0.018615228147553453,0.01157479722840687,0.02580064524794446,0.0,0.0,0.0,0.0,0.0,0.0,0.017418526732881134,0.01075619661887985,0.02482088455193776,0.01193199430902799,0.007159196585416794,0.016704792032639186,0.0,0.0,0.0,0.008066938651932611,0.0048563263730870354,0.011489546398321787,False
mediation_aware_recourse,False,1.0,0.5,1.0,45,0.014833974465727807,0.009405653013123407,0.020265794602326217,0.06270965470208062,0.04464291996426052,0.08299525269203716,0.178856270843082,0.16865227681067255,0.19013014962275823,0.2640808934966723,0.24996183958111537,0.2784995294941796,0.24522837267981634,0.23976902339193557,0.25123493005832037,0.463124050365554,0.44242478386395506,0.4862496945675876,0.45303073194291854,0.43038498411575954,0.47452778476807805,0.45379996245106063,0.43356139876747296,0.475583410845614,0.24444444444444444,0.13333333333333333,0.37777777777777777,0.0,0.0,0.0,0.0,0.0,0.0,0.010093318422635396,0.006423036232590676,0.014238752673069637,0.02179398460232973,0.013650230028001503,0.030383485673356997,0.02179398460232973,0.014355530472638342,0.030525789772674134,0.0,0.0,0.0,0.0,0.0,0.0,0.02059728318765741,0.012340094455900516,0.02917432182128177,0.014038508178459273,0.008607885049035152,0.019330385757817158,0.022222222222222223,0.0,0.06666666666666667,0.009539097216394213,0.0056689610580603275,0.0134903980874353,False
mediation_aware_recourse,False,1.0,0.5119911176680398,1.0,45,0.014366270105044047,0.008794507535381451,0.019799287122570803,0.0630800465742747,0.04501267395085758,0.08346588025490444,0.17871603237258063,0.16859458282589912,0.18993159590495956,0.26424902578194936,0.2499622130311198,0.27883159391168094,0.24522837267981634,0.23976902339193557,0.25123493005832037,0.463124050365554,0.44242478386395506,0.4862496945675876,0.45338943865564135,0.4305921897292137,0.475790802737077,0.45415676693452733,0.4343189091966798,0.4763892387797849,0.26666666666666666,0.15555555555555556,0.4,0.0,0.0,0.0,0.0,0.0,0.0,0.009734611709912617,0.00598959454231792,0.013866019133064482,0.021019447602060204,0.012747691469034586,0.029147624041855842,0.021019447602060204,0.013305093117938534,0.02984138818475352,0.0,0.0,0.0,0.0,0.0,0.0,0.019822746187387885,0.011835078200266155,0.028276155209302493,0.013570803817775515,0.008142482364136313,0.019140264748906097,0.044444444444444446,0.0,0.1111111111111111,0.009180390503671434,0.005389168419771725,0.013069148270620239,True
mediation_aware_recourse,False,1.0,1.0,1.0,45,0.015817260162697896,0.010109053758076495,0.021576842144131657,0.06223690907160441,0.04416807528999117,0.08280071377754211,0.17849111954371136,0.16839243801103695,0.18962587861551178,0.26377380771769415,0.24951326152930656,0.2780717671414216,0.24522837267981634,0.23976902339193557,0.25123493005832037,0.463124050365554,0.44242478386395506,0.4862496945675876,0.45254630115297106,0.42989878725674413,0.4740363300343355,0.45332041275832397,0.43320426461050915,0.4752726162104556,0.26666666666666666,0.15555555555555556,0.4,0.0,0.0,0.0,0.0,0.0,0.0,0.010577749212582905,0.006908846886621581,0.014859165400266649,0.022839991151903383,0.014377389218330825,0.03133933116229757,0.022839991151903383,0.014803466249461791,0.03192136973194528,0.0,0.0,0.0,0.0,0.0,0.0,0.021643289737231064,0.013336804039555053,0.030268248893002545,0.015021793875429365,0.009452333022943802,0.02064143341965973,0.044444444444444446,0.0,0.1111111111111111,0.010023528006341723,0.006157361153099272,0.013987741983599132,False
mediation_aware_recourse,False,1.0,2.0,1.0,45,0.02293226814104451,0.017036242286364238,0.029157252884987325,0.060632540120018855,0.04150769636034965,0.08207771382398076,0.17617927491664886,0.1658922704640362,0.18730984662969907,0.2619113048331605,0.24705462327433958,0.27720932118284203,0.24522837267981634,0.23976902339193557,0.25123493005832037,0.463124050365554,0.44242478386395506,0.4862496945675876,0.447031373778979,0.42281136633621325,0.46974648863905005,0.4479147319628133,0.42644313000722067,0.4704699422372298,0.28888888888888886,0.17777777777777778,0.4222222222222222,0.0,0.0,0.0,0.0,0.0,0.0,0.01609267658657498,0.011716479311386745,0.021059344808260598,0.03474809087084263,0.024576379445429335,0.04551978736919723,0.03474809087084263,0.024954317933170253,0.0455669776275135,0.0,0.0,0.0,0.0,0.0,0.0,0.03355138945617031,0.023435666080465052,0.044622277765421936,0.022136801853775978,0.01605175962464677,0.02850172890971104,0.06666666666666667,0.0,0.15555555555555556,0.015538455380333795,0.010985251549217437,0.02032049576441447,False
mediation_aware_recourse,False,1.0,5.0,1.0,45,0.03505577035248279,0.02705323066769375,0.04432267805457943,0.06053424874941508,0.041464491354094614,0.08181368793050448,0.17345066368579865,0.16329100113775996,0.18493535555899143,0.25912028389672437,0.24330033008216156,0.2751205700284077,0.24522837267981634,0.23976902339193557,0.25123493005832037,0.463124050365554,0.44242478386395506,0.4862496945675876,0.44003884229395124,0.41358917352226043,0.4654861391749647,0.4411061403850715,0.417329477621201,0.4670198136955913,0.35555555555555557,0.2222222222222222,0.5111111111111111,0.0,0.0,0.0,0.0,0.0,0.0,0.023085208071602716,0.017662690463993286,0.029068037751648162,0.049846705333875585,0.03615829216190014,0.06413157234013342,0.049846705333875585,0.03727329634584563,0.06554039206923196,0.0,0.0,0.0,0.0,0.0,0.0,0.048650003919203266,0.03469906202607259,0.06352491826717879,0.03426030406521426,0.02597668246883485,0.04366715411655604,0.13333333333333333,0.044444444444444446,0.2222222222222222,0.022530986865361532,0.016473193284538057,0.028695743895239302,False
transport_anchor_only,False,3.0,0.0,1.0,45,0.04174357391893864,0.031542454696156914,0.05260371575959854,0.05016298492749532,0.03387597968180974,0.0672069536646207,0.17936663031578065,0.16907390519976614,0.1908162537879414,0.2564445462077856,0.24297022407253582,0.26931974327709113,0.24522837267981634,0.23976902339193557,0.25123493005832037,0.463124050365554,0.44242478386395506,0.4862496945675876,0.4411654531955719,0.42010496384567686,0.4610610936085383,0.4419926159414981,0.42336275147423147,0.4623201093907986,0.3111111111111111,0.17777777777777778,0.4444444444444444,0.0,0.0,0.0,0.0,0.0,0.0,0.021958597169982063,0.017829388711187572,0.02606321699089474,0.047414072218123215,0.03937247418472743,0.0553119052861299,0.047414072218123215,0.0396483821122242,0.05572259016412991,0.0,0.0,0.0,0.0,0.0,0.0,0.0034592980122811756,0.0009381093671929269,0.006853797867766414,0.0067393691175513795,0.0016388094259632959,0.01292347425594925,0.0,0.0,0.0,0.0016020841068691677,0.00042024339238802593,0.0031759681635432765,False
mediation_aware_recourse,False,3.0,0.5,1.0,45,0.04001269874473413,0.03121469269092712,0.0493285877774987,0.05073529150750902,0.03382235851552751,0.06882218273149596,0.1791538589530521,0.16894024877084626,0.19057390769322713,0.2564809581885735,0.2428010987531808,0.26988312141659354,0.24522837267981634,0.23976902339193557,0.25123493005832037,0.463124050365554,0.44242478386395506,0.4862496945675876,0.4413433684243096,0.42010187298059465,0.46137912066446407,0.4421711672577593,0.4234746044960287,0.4625712188042286,0.3111111111111111,0.17777777777777778,0.4444444444444444,0.0,0.0,0.0,0.0,0.0,0.0,0.021780681941244336,0.017650695832239258,0.025941067627734606,0.047029908993178826,0.038482560261173915,0.05514757649487684,0.047029908993178826,0.03911068612890919,0.05556262828658173,0.0,0.0,0.0,0.0,0.0,0.0,0.0030751347873367862,0.0010054789739223663,0.00608704618998098,0.005008493943346871,0.0016388094259632959,0.009453529781765408,0.0,0.0,0.0,0.0014241688781314425,0.0004643739097648197,0.0028452917105621757,False
mediation_aware_recourse,False,3.0,0.5119911176680398,1.0,45,0.04001269874473413,0.03121469269092712,0.0493285877774987,0.05073529150750902,0.03382235851552751,0.06882218273149596,0.1791538589530521,0.16894024877084626,0.19057390769322713,0.2564809581885735,0.2428010987531808,0.26988312141659354,0.24522837267981634,0.23976902339193557,0.25123493005832037,0.463124050365554,0.44242478386395506,0.4862496945675876,0.4413433684243096,0.42010187298059465,0.46137912066446407,0.4421711672577593,0.4234746044960287,0.4625712188042286,0.3111111111111111,0.17777777777777778,0.4444444444444444,0.0,0.0,0.0,0.0,0.0,0.0,0.021780681941244336,0.017650695832239258,0.025941067627734606,0.047029908993178826,0.038482560261173915,0.05514757649487684,0.047029908993178826,0.03911068612890919,0.05556262828658173,0.0,0.0,0.0,0.0,0.0,0.0,0.0030751347873367862,0.0010054789739223663,0.00608704618998098,0.005008493943346871,0.0016388094259632959,0.009453529781765408,0.0,0.0,0.0,0.0014241688781314425,0.0004643739097648197,0.0028452917105621757,True
mediation_aware_recourse,False,3.0,1.0,1.0,45,0.042726859657300845,0.03280562546932035,0.05358350289675096,0.050010026163525054,0.033558267719215815,0.06786546506815486,0.1789410564634535,0.16855078380968835,0.1904751084579362,0.25611004841824375,0.2427370395552781,0.26945923271278543,0.24522837267981634,0.23976902339193557,0.25123493005832037,0.463124050365554,0.44242478386395506,0.4862496945675876,0.44047597580485875,0.41999357591072717,0.45991020234094726,0.44131060606572364,0.42280483817975556,0.4618928640090343,0.3333333333333333,0.2,0.4666666666666667,0.0,0.0,0.0,0.0,0.0,0.0,0.022648074560695224,0.018227866821818883,0.027485459910498722,0.04890282537220558,0.03981035788701015,0.05833685690870426,0.04890282537220558,0.04008994302378941,0.0582497846862565,0.0,0.0,0.0,0.0,0.0,0.0,0.004948051166363543,0.0012680307735760676,0.010180024400434072,0.007722654855913586,0.002294333196348614,0.015209613574875725,0.022222222222222223,0.0,0.06666666666666667,0.0022915614975823296,0.0005898638400766585,0.004827281683683395,False
mediation_aware_recourse,False,3.0,2.0,1.0,45,0.04913846688965957,0.03945173187905716,0.05985746912968656,0.04942117200957404,0.0328043696946568,0.06737297566400634,0.17700530091921488,0.16645168791214626,0.18856401258044772,0.25455365309284794,0.24097284067525632,0.2679385049289299,0.24522837267981634,0.23976902339193557,0.25123493005832037,0.463124050365554,0.44242478386395506,0.4862496945675876,0.43609975708855525,0.41369694257775946,0.45649576491779753,0.4370287647412883,0.4172729491037213,0.45825843164924945,0.3333333333333333,0.2,0.4666666666666667,0.0,0.0,0.0,0.0,0.0,0.0,0.02702429327699873,0.02243607790933715,0.03189325933655103,0.05835216991142622,0.04898814506829402,0.06830494237216475,0.05835216991142622,0.048786163249531056,0.06855635409700407,0.0,0.0,0.0,0.0,0.0,0.0,0.014397395705584182,0.006951111833040488,0.0232050993723633,0.014134262088272306,0.006783747368802627,0.02246456378346516,0.022222222222222223,0.0,0.06666666666666667,0.006667780213885837,0.003222592423359553,0.010806310259633594,False
mediation_aware_recourse,False,3.0,5.0,1.0,45,0.06421182627479236,0.05077976796879537,0.0775064333083315,0.049170963631735905,0.03218565762043,0.06755971893668175,0.17320751945177715,0.1629637655781375,0.18460240753160584,0.2529341098335054,0.23817702861502765,0.26750422682820096,0.24522837267981634,0.23976902339193557,0.25123493005832037,0.463124050365554,0.44242478386395506,0.4862496945675876,0.42968276805347866,0.4052725853025913,0.4532034411198563,0.43079449910918877,0.40856622192292574,0.4544483914501136,0.37777777777777777,0.24444444444444444,0.5333333333333333,0.0,0.0,0.0,0.0,0.0,0.0,0.0334412823120753,0.02823806942337089,0.039006352507405806,0.0722080450921937,0.059091028885425945,0.0855499269238234,0.0722080450921937,0.059036694041674165,0.08586793776030825,0.0,0.0,0.0,0.0,0.0,0.0,0.028253270886351656,0.015669933371371566,0.04379731897289479,0.029207621473405096,0.01778651280949513,0.04114781003134945,0.06666666666666667,0.0,0.13333333333333333,0.013084769248962402,0.007446879082255893,0.019501208927896287,False
transport_anchor_only,False,10.0,0.0,1.0,45,0.2646767462707228,0.18805858158299493,0.3503880656365719,0.017841038439008923,0.007824190192752415,0.029027941392527682,0.1805622140566508,0.16989661816093657,0.19290451548165743,0.23796101295285754,0.22810540980555946,0.24863310153906543,0.24522837267981634,0.23976902339193557,0.25123493005832037,0.463124050365554,0.44242478386395506,0.4862496945675876,0.4085161116388109,0.39549930077460077,0.4218079554372363,0.40951529560155336,0.39751548416432403,0.4218793153385735,0.4444444444444444,0.3111111111111111,0.6,0.0,0.0,0.0,0.0,0.0,0.0,0.05460793872674306,0.043635497945878246,0.06755750743879212,0.11791212027023823,0.09405421832927355,0.14008630720150464,0.11791212027023823,0.09476207546442976,0.14038934222647503,0.0,0.0,0.0,0.0,0.0,0.0,0.004712337684690038,0.0012760148910501287,0.008743444499090284,0.021057763033443026,0.004305093155966865,0.04142032039662202,0.022222222222222223,0.0,0.06666666666666667,0.0021823969152238634,0.0005951014823383756,0.004124927189615038,False
mediation_aware_recourse,False,10.0,0.5,1.0,45,0.25321245512200724,0.18109889540614352,0.3360546284065478,0.018923470709058973,0.0081729380455282,0.030318846222427157,0.17994891670015123,0.16938125689824424,0.1919447416729397,0.23869149370325937,0.2283676421745784,0.24992120953069794,0.24522837267981634,0.23976902339193557,0.25123493005832037,0.463124050365554,0.44242478386395506,0.4862496945675876,0.40959854390886097,0.39599066312114395,0.42338991817500854,0.4105977278716034,0.39801279633988934,0.4234857499709973,0.4444444444444444,0.3111111111111111,0.6,0.0,0.0,0.0,0.0,0.0,0.0,0.05352550645669301,0.04303806400133504,0.0665984257310629,0.11557487980692027,0.09209424189007531,0.13756147174201638,0.11557487980692027,0.09265128509156119,0.1377520249011644,0.0,0.0,0.0,0.0,0.0,0.0,0.00237509722137208,0.0004045355232496081,0.004928754716504932,0.009593471884727478,0.000327761967976888,0.02185322676267889,0.022222222222222223,0.0,0.06666666666666667,0.0010999646451738145,0.0001919175684452058,0.002296559015909831,False
mediation_aware_recourse,False,10.0,0.5119911176680398,1.0,45,0.25321245512200724,0.18109889540614352,0.3360546284065478,0.018923470709058973,0.0081729380455282,0.030318846222427157,0.17994891670015123,0.16938125689824424,0.1919447416729397,0.23869149370325937,0.2283676421745784,0.24992120953069794,0.24522837267981634,0.23976902339193557,0.25123493005832037,0.463124050365554,0.44242478386395506,0.4862496945675876,0.40959854390886097,0.39599066312114395,0.42338991817500854,0.4105977278716034,0.39801279633988934,0.4234857499709973,0.4444444444444444,0.3111111111111111,0.6,0.0,0.0,0.0,0.0,0.0,0.0,0.05352550645669301,0.04303806400133504,0.0665984257310629,0.11557487980692027,0.09209424189007531,0.13756147174201638,0.11557487980692027,0.09265128509156119,0.1377520249011644,0.0,0.0,0.0,0.0,0.0,0.0,0.00237509722137208,0.0004045355232496081,0.004928754716504932,0.009593471884727478,0.000327761967976888,0.02185322676267889,0.022222222222222223,0.0,0.06666666666666667,0.0010999646451738145,0.0001919175684452058,0.002296559015909831,True
mediation_aware_recourse,False,10.0,1.0,1.0,45,0.2552269123908546,0.1836253219604906,0.3388248239467955,0.018789874182807073,0.007836537079678641,0.03046043985419803,0.17940221031506856,0.16881335179011028,0.19116124471028645,0.23847182492415112,0.22792588158614105,0.2496919061533279,0.24522837267981634,0.23976902339193557,0.25123493005832037,0.463124050365554,0.44242478386395506,0.4862496945675876,0.40885836084683735,0.39484059050679204,0.42278321610556713,0.4098702122469743,0.3966627828302069,0.4234944582958188,0.5111111111111111,0.35555555555555557,0.6444444444444445,0.0,0.0,0.0,0.0,0.0,0.0,0.0542656895187166,0.04345299373070399,0.06745015026794539,0.11717311911545847,0.09295894510654251,0.13943876012791476,0.11717311911545847,0.09405409709549746,0.13883694882567624,0.0,0.0,0.0,0.0,0.0,0.0,0.003973336529910276,0.001618727510619089,0.006973811584665703,0.011607929153574838,0.004260905004209942,0.021998057570308444,0.08888888888888889,0.022222222222222223,0.17777777777777778,0.0018401477071974012,0.0007325217955642276,0.003268525418308046,False
mediation_aware_recourse,False,10.0,2.0,1.0,45,0.25625807531177996,0.1856935823201719,0.33950256922282274,0.01910341183344523,0.00781584781077173,0.031253186348411774,0.1773941523498959,0.16686958879232405,0.18948316405216853,0.2374796943532096,0.22664063607446022,0.24905450301451815,0.24522837267981634,0.23976902339193557,0.25123493005832037,0.463124050365554,0.44242478386395506,0.4862496945675876,0.405236945549647,0.38974925700161195,0.420149259004328,0.4063402578334013,0.392454909859101,0.42117473672106864,0.5333333333333333,0.37777777777777777,0.6666666666666666,0.0,0.0,0.0,0.0,0.0,0.0,0.05788710481590695,0.047684758976101874,0.06955616556107998,0.12499265535921833,0.10310699140248239,0.14608144545172347,0.12499265535921833,0.10382868478255199,0.14514486847729693,0.0,0.0,0.0,0.0,0.0,0.0,0.011792872773670138,0.005599291960777061,0.01970494417563404,0.01263909207450019,0.006832729465224677,0.01956740126117236,0.1111111111111111,0.022222222222222223,0.2222222222222222,0.00546156300438775,0.002619596736298667,0.008918531735738115,False
mediation_aware_recourse,False,10.0,5.0,1.0,45,0.2625813274333874,0.19415914778701132,0.3455574136931035,0.019665277707907887,0.008264547935169604,0.03236217196513381,0.1746968984603882,0.16372049735652075,0.18691195088956092,0.23529689676231808,0.22381952514458034,0.24751018868966235,0.24522837267981634,0.23976902339193557,0.25123493005832037,0.463124050365554,0.44242478386395506,0.4862496945675876,0.3993634018633101,0.3818121583925353,0.41672875713970925,0.4006403598702616,0.3846942619531519,0.41728798959590496,0.5333333333333333,0.37777777777777777,0.6666666666666666,0.0,0.0,0.0,0.0,0.0,0.0,0.06376064850224389,0.054545207785235514,0.07444113712343904,0.13767509688152924,0.11891798435967273,0.1575112283241345,0.13767509688152924,0.11786129250072122,0.15775366502453753,0.0,0.0,0.0,0.0,0.0,0.0,0.024475314295981043,0.012374464601268892,0.03840335793677077,0.018962344196107653,0.0033749977747599288,0.03290999234550528,0.1111111111111111,0.022222222222222223,0.2222222222222222,0.01133510669072469,0.005869052658478419,0.01717460493246714,False
transport_anchor_only,False,30.0,0.0,1.0,45,0.533242492005229,0.33130239999956557,0.7446869888601617,0.00042224460177951387,0.00014349160922898186,0.0007600497371620601,0.1806489732530382,0.1693400070236789,0.19364271149039267,0.2278505506614844,0.2210022519632346,0.2354030339440538,0.24522837267981634,0.23976902339193557,0.25123493005832037,0.463124050365554,0.44242478386395506,0.4862496945675876,0.38891004059049816,0.38274903115299014,0.39428767022159367,0.39008723818924695,0.38456548726326883,0.39511082530298985,0.7777777777777778,0.6666666666666666,0.8888888888888888,0.0,0.0,0.0,0.0,0.0,0.0,0.07421400977505578,0.058497504227691226,0.09203693413900005,0.16024650353717773,0.12970688641912323,0.18968349200480616,0.16024650353717773,0.1281510659294977,0.1901585821944044,0.0,0.0,0.0,0.0,0.0,0.0,0.0,0.0,0.0,0.0,0.0,0.0,0.0,0.0,0.0,0.0,0.0,0.0,False
mediation_aware_recourse,False,30.0,0.5,1.0,45,0.5307677309960127,0.331052078028313,0.7446869888601617,0.0005119959513346354,0.00018145317832628886,0.0008961476551161871,0.1803492718272739,0.16923816705743472,0.19333411993251906,0.2276611373656326,0.22087683244918782,0.2352118482026789,0.24522837267981634,0.23976902339193557,0.25123493005832037,0.463124050365554,0.44242478386395506,0.4862496945675876,0.3890114770995246,0.3828479317492909,0.3944437755478753,0.3901876603331831,0.3846656118951323,0.39512151176498994,0.7555555555555555,0.6444444444444445,0.8666666666666667,0.0,0.0,0.0,0.0,0.0,0.0,0.07411257326602935,0.05839860363139047,0.09179187999831305,0.16002747688773822,0.12966582330901005,0.1896195369101943,0.16002747688773822,0.12814148960676597,0.18993366691507682,0.0,0.0,0.0,0.0,0.0,0.0,-0.00021902664943951322,-0.0006625194967284532,0.0,-0.0024747610092163085,-0.007424283027648926,0.0,-0.022222222222222223,-0.06666666666666667,0.0,-0.00010143650902642145,-0.0003043095270792643,0.0,False
mediation_aware_recourse,False,30.0,0.5119911176680398,1.0,45,0.5307677309960127,0.331052078028313,0.7446869888601617,0.0005119959513346354,0.00018145317832628886,0.0008961476551161871,0.1803492718272739,0.16923816705743472,0.19333411993251906,0.2276611373656326,0.22087683244918782,0.2352118482026789,0.24522837267981634,0.23976902339193557,0.25123493005832037,0.463124050365554,0.44242478386395506,0.4862496945675876,0.3890114770995246,0.3828479317492909,0.3944437755478753,0.3901876603331831,0.3846656118951323,0.39512151176498994,0.7555555555555555,0.6444444444444445,0.8666666666666667,0.0,0.0,0.0,0.0,0.0,0.0,0.07411257326602935,0.05839860363139047,0.09179187999831305,0.16002747688773822,0.12966582330901005,0.1896195369101943,0.16002747688773822,0.12814148960676597,0.18993366691507682,0.0,0.0,0.0,0.0,0.0,0.0,-0.00021902664943951322,-0.0006625194967284532,0.0,-0.0024747610092163085,-0.007424283027648926,0.0,-0.022222222222222223,-0.06666666666666667,0.0,-0.00010143650902642145,-0.0003043095270792643,0.0,True
mediation_aware_recourse,False,30.0,1.0,1.0,45,0.5307677309960127,0.331052078028313,0.7446869888601617,0.0005119959513346354,0.00018145317832628886,0.0008961476551161871,0.1803492718272739,0.16923816705743472,0.19333411993251906,0.2276611373656326,0.22087683244918782,0.2352118482026789,0.24522837267981634,0.23976902339193557,0.25123493005832037,0.463124050365554,0.44242478386395506,0.4862496945675876,0.3890114770995246,0.3828479317492909,0.3944437755478753,0.3901876603331831,0.3846656118951323,0.39512151176498994,0.7555555555555555,0.6444444444444445,0.8666666666666667,0.0,0.0,0.0,0.0,0.0,0.0,0.07411257326602935,0.05839860363139047,0.09179187999831305,0.16002747688773822,0.12966582330901005,0.1896195369101943,0.16002747688773822,0.12814148960676597,0.18993366691507682,0.0,0.0,0.0,0.0,0.0,0.0,-0.00021902664943951322,-0.0006625194967284532,0.0,-0.0024747610092163085,-0.007424283027648926,0.0,-0.022222222222222223,-0.06666666666666667,0.0,-0.00010143650902642145,-0.0003043095270792643,0.0,False
mediation_aware_recourse,False,30.0,2.0,1.0,45,0.5344688781847556,0.3355131341568712,0.7480370650223146,0.0005417883810069826,0.00022661674353811477,0.0009267738264881903,0.17838358481725056,0.16703459729750952,0.19097538837128214,0.22615977086954647,0.21956130541861058,0.2336428425192005,0.24522837267981634,0.23976902339193557,0.25123493005832037,0.463124050365554,0.44242478386395506,0.4862496945675876,0.3853414793809255,0.37764544505212044,0.3919161373045709,0.3866108657171328,0.3798002170688576,0.393136090677066,0.7333333333333333,0.6,0.8444444444444444,0.0,0.0,0.0,0.0,0.0,0.0,0.07778257098462847,0.06242032881412241,0.09430904290742344,0.1679519146613807,0.139387153911132,0.1945512480679036,0.1679519146613807,0.13940951489161874,0.19352251756956249,0.0,0.0,0.0,0.0,0.0,0.0,0.007705411124202977,0.0017772122816922086,0.01521082337342529,0.001226386179526647,-0.004986306364751524,0.00628026327325238,-0.044444444444444446,-0.1111111111111111,0.0,0.003568561209572686,0.0008094533118936751,0.00693583668933974,False
mediation_aware_recourse,False,30.0,5.0,1.0,45,0.5459847432457738,0.34778446847159,0.7546789399565508,0.0005417883810069826,0.00022661674353811477,0.0009267738264881903,0.1759944200515747,0.16455729310711223,0.18882255312469268,0.22347774911257956,0.21613910426903105,0.23159093324922855,0.24522837267981634,0.23976902339193557,0.25123493005832037,0.463124050365554,0.44242478386395506,0.4862496945675876,0.37895002563794455,0.36869189370009636,0.3877112622227934,0.3803950908631086,0.37126331049630207,0.3892045471133871,0.7333333333333333,0.6,0.8444444444444444,0.0,0.0,0.0,0.0,0.0,0.0,0.08417402472760942,0.06972690742048952,0.09937385198142792,0.18175265279609,0.15718906356552748,0.2048117102807626,0.18175265279609,0.1571781780018997,0.2041006274967958,0.0,0.0,0.0,0.0,0.0,0.0,0.021506149258912255,0.009483869328776586,0.03524539635546266,0.01274225124054485,0.0039035680300245684,0.02206028031081789,-0.044444444444444446,-0.1111111111111111,0.0,0.009960014952553643,0.0045317477650112575,0.015924539781279032,False
transport_anchor_only,False,0.0,0.0,2.0,45,0.0,0.0,0.0,0.0734949549039205,0.05501899823546409,0.0951406484676732,0.18025905456807878,0.17027047010759513,0.19141183443367482,0.2695862058136198,0.25496974083284535,0.2842062588698334,0.24522837267981634,0.23976902339193557,0.25123493005832037,0.463124050365554,0.44242478386395506,0.4862496945675876,0.463124050365554,0.43951882633897993,0.48591016344726085,0.4638216293884648,0.44296044529680567,0.485519686583471,0.2222222222222222,0.1111111111111111,0.35555555555555557,0.0,0.0,0.0,0.0,0.0,0.0,0.0,0.0,0.0,0.0,0.0,0.0,0.0,0.0,0.0,0.0,0.0,0.0,0.0,0.0,0.0,0.0,0.0,0.0,0.0,0.0,0.0,0.0,0.0,0.0,0.0,0.0,0.0,False
mediation_aware_recourse,False,0.0,0.5,2.0,45,0.0,0.0,0.0,0.0734949549039205,0.05501899823546409,0.0951406484676732,0.18025905456807878,0.17027047010759513,0.19141183443367482,0.2695862058136198,0.25496974083284535,0.2842062588698334,0.24522837267981634,0.23976902339193557,0.25123493005832037,0.463124050365554,0.44242478386395506,0.4862496945675876,0.463124050365554,0.43951882633897993,0.48591016344726085,0.4638216293884648,0.44296044529680567,0.485519686583471,0.2222222222222222,0.1111111111111111,0.35555555555555557,0.0,0.0,0.0,0.0,0.0,0.0,0.0,0.0,0.0,0.0,0.0,0.0,0.0,0.0,0.0,0.0,0.0,0.0,0.0,0.0,0.0,0.0,0.0,0.0,0.0,0.0,0.0,0.0,0.0,0.0,0.0,0.0,0.0,False
mediation_aware_recourse,False,0.0,0.5119911176680398,2.0,45,0.0,0.0,0.0,0.0734949549039205,0.05501899823546409,0.0951406484676732,0.18025905456807878,0.17027047010759513,0.19141183443367482,0.2695862058136198,0.25496974083284535,0.2842062588698334,0.24522837267981634,0.23976902339193557,0.25123493005832037,0.463124050365554,0.44242478386395506,0.4862496945675876,0.463124050365554,0.43951882633897993,0.48591016344726085,0.4638216293884648,0.44296044529680567,0.485519686583471,0.2222222222222222,0.1111111111111111,0.35555555555555557,0.0,0.0,0.0,0.0,0.0,0.0,0.0,0.0,0.0,0.0,0.0,0.0,0.0,0.0,0.0,0.0,0.0,0.0,0.0,0.0,0.0,0.0,0.0,0.0,0.0,0.0,0.0,0.0,0.0,0.0,0.0,0.0,0.0,True
mediation_aware_recourse,False,0.0,1.0,2.0,45,0.006131722364160749,0.0024342759201924006,0.01043801252833671,0.07194668981764052,0.05346473632587327,0.0935508570737309,0.17812357246875762,0.16836441612905925,0.18890007694562275,0.2673241654203998,0.2518292979751196,0.28231911225865286,0.24522837267981634,0.23976902339193557,0.25123493005832037,0.463124050365554,0.44242478386395506,0.4862496945675876,0.4584705693854226,0.43368117482297946,0.48144853668080434,0.4592627634108067,0.43714742642736265,0.4821791683825354,0.24444444444444444,0.13333333333333333,0.37777777777777777,0.0,0.0,0.0,0.0,0.0,0.0,0.004653480980131361,0.0015748575495349037,0.008482960396342807,0.010048022719740701,0.0030686671208457555,0.018713906276599836,0.010048022719740701,0.0033720510625710968,0.018991447485655913,0.0,0.0,0.0,0.0,0.0,0.0,0.010048022719740701,0.0035325218313582234,0.018393623516490935,0.006131722364160749,0.0024342759201924006,0.01043801252833671,0.022222222222222223,0.0,0.06666666666666667,0.004653480980131361,0.0016452451878123814,0.008521846599049036,False
mediation_aware_recourse,False,0.0,2.0,2.0,45,0.01736400437851747,0.01239988868435224,0.022792325831121868,0.06805089579688178,0.048648877756463156,0.08905650499794218,0.17572583986653223,0.16566742577486568,0.18671963412728573,0.2634235498805841,0.2479728698130283,0.27892299172571966,0.24522837267981634,0.23976902339193557,0.25123493005832037,0.463124050365554,0.44242478386395506,0.4862496945675876,0.4498475455575519,0.42349974188539713,0.47423788246181275,0.45080881356199587,0.4274609645140254,0.4756204894540211,0.26666666666666666,0.15555555555555556,0.4,0.0,0.0,0.0,0.0,0.0,0.0,0.013276504808002049,0.008744353204965591,0.018234523882468538,0.028667275641424017,0.017738930147256398,0.04011052335311509,0.028667275641424017,0.018251098392411607,0.040807387464870865,0.0,0.0,0.0,0.0,0.0,0.0,0.028667275641424017,0.018122743958393576,0.04018343540236643,0.01736400437851747,0.01239988868435224,0.022792325831121868,0.044444444444444446,0.0,0.1111111111111111,0.013276504808002049,0.008549493104219437,0.018127520432074863,False
mediation_aware_recourse,False,0.0,5.0,2.0,45,0.03416823852393362,0.024902528399187655,0.045073955248420436,0.06466152138180203,0.04540377578801579,0.08646253380510542,0.17286951707469092,0.16264079386161434,0.18427728470828797,0.26001380139754876,0.24395986082032323,0.2763273016301294,0.24522837267981634,0.23976902339193557,0.25123493005832037,0.463124050365554,0.44242478386395506,0.4862496945675876,0.441031966275639,0.41225022517972526,0.46724135167068903,0.4422473543915483,0.41665172914701204,0.4688706565382579,0.3333333333333333,0.2,0.4666666666666667,0.0,0.0,0.0,0.0,0.0,0.0,0.02209208408991496,0.01552358736594518,0.02862963267498546,0.04770230367539152,0.031710915015314235,0.06390559204472833,0.04770230367539152,0.032975591592759604,0.06447733640123118,0.0,0.0,0.0,0.0,0.0,0.0,0.04770230367539152,0.032923670648141085,0.06370711863012297,0.03416823852393362,0.024902528399187655,0.045073955248420436,0.1111111111111111,0.022222222222222223,0.2,0.02209208408991496,0.01583380409412914,0.028373178657558226,False
transport_anchor_only,False,1.0,0.0,2.0,45,0.03229004397160477,0.026533960672095416,0.037718365425243976,0.05383830269177755,0.036019057399696776,0.0737179048359394,0.1799023555384742,0.16960715623365508,0.1913476558857494,0.2575261460410224,0.24382201955343286,0.2707606163000067,0.24522837267981634,0.23976902339193557,0.25123493005832037,0.463124050365554,0.44242478386395506,0.4862496945675876,0.44389122128486636,0.4224555127488242,0.46369499976436296,0.44470779561665325,0.4258244621481332,0.46599638303704566,0.28888888888888886,0.17777777777777778,0.4222222222222222,0.0,0.0,0.0,0.0,0.0,0.0,0.01923282908068763,0.01589476661549674,0.022562595167093805,0.04152846103653385,0.03431875671642687,0.04848190381365577,0.04152846103653385,0.03456524981631793,0.04849886750892835,0.0,0.0,0.0,0.0,0.0,0.0,0.04033175962186153,0.032888256400486954,0.0467942063407347,0.031494577684336236,0.02540723385806713,0.03711071858803431,0.06666666666666667,0.0,0.15555555555555556,0.018678607874446446,0.015006252212656869,0.02191088083717558,False
mediation_aware_recourse,False,1.0,0.5,2.0,45,0.03425661528276073,0.027984950649034643,0.03987395302599503,0.05323465598954095,0.035567365835110346,0.0729271769689189,0.17934441367785137,0.1692644127541118,0.19065300751063557,0.25690239576829804,0.24326948375544616,0.2699423381748299,0.24522837267981634,0.23976902339193557,0.25123493005832037,0.463124050365554,0.44242478386395506,0.4862496945675876,0.44307081434461804,0.4217129291925166,0.46273948729038233,0.4438880247639286,0.42482756946902306,0.46512165295759,0.28888888888888886,0.17777777777777778,0.4222222222222222,0.0,0.0,0.0,0.0,0.0,0.0,0.020053236020935908,0.016461323027809463,0.023746679416961135,0.043299923649198324,0.035560285240413304,0.050639269162453045,0.043299923649198324,0.03615056516076424,0.050671954889723106,0.0,0.0,0.0,0.0,0.0,0.0,0.042103222234526005,0.03413588976437123,0.04920027740269669,0.03346114899549219,0.026909599370426602,0.03926741082738671,0.06666666666666667,0.0,0.15555555555555556,0.019499014814694723,0.015598083461324375,0.023028115464581382,False
mediation_aware_recourse,False,1.0,0.5119911176680398,2.0,45,0.03425661528276073,0.027984950649034643,0.03987395302599503,0.05323465598954095,0.035567365835110346,0.0729271769689189,0.17934441367785137,0.1692644127541118,0.19065300751063557,0.25690239576829804,0.24326948375544616,0.2699423381748299,0.24522837267981634,0.23976902339193557,0.25123493005832037,0.463124050365554,0.44242478386395506,0.4862496945675876,0.44307081434461804,0.4217129291925166,0.46273948729038233,0.4438880247639286,0.42482756946902306,0.46512165295759,0.28888888888888886,0.17777777777777778,0.4222222222222222,0.0,0.0,0.0,0.0,0.0,0.0,0.020053236020935908,0.016461323027809463,0.023746679416961135,0.043299923649198324,0.035560285240413304,0.050639269162453045,0.043299923649198324,0.03615056516076424,0.050671954889723106,0.0,0.0,0.0,0.0,0.0,0.0,0.042103222234526005,0.03413588976437123,0.04920027740269669,0.03346114899549219,0.026909599370426602,0.03926741082738671,0.06666666666666667,0.0,0.15555555555555556,0.019499014814694723,0.015598083461324375,0.023028115464581382,True
mediation_aware_recourse,False,1.0,1.0,2.0,45,0.03589542479150825,0.030186021625995638,0.041183803727229434,0.05421561665005154,0.036189581635925505,0.07393310493893092,0.17715807424651253,0.167131260269218,0.18826832974950472,0.2564613266123666,0.2420732829636998,0.2703178923121757,0.24522837267981634,0.23976902339193557,0.25123493005832037,0.463124050365554,0.44242478386395506,0.4862496945675876,0.4406257463826074,0.4180293742815654,0.4628615858488613,0.4415366253223685,0.4208727890657467,0.46460148814953856,0.28888888888888886,0.17777777777777778,0.4222222222222222,0.0,0.0,0.0,0.0,0.0,0.0,0.022498303982946607,0.018396187068687547,0.026520137588183085,0.04857943344809712,0.03969880432539112,0.05775867223380336,0.04857943344809712,0.039468461283285995,0.058184881105701816,0.0,0.0,0.0,0.0,0.0,0.0,0.0473827320334248,0.0383922968928785,0.057055688134546347,0.03509995850423972,0.02901611332057251,0.040719597886006036,0.06666666666666667,0.0,0.15555555555555556,0.021944082776705422,0.017864147838619022,0.026250812452700403,False
mediation_aware_recourse,False,1.0,2.0,2.0,45,0.040388337481353016,0.03509645990302993,0.044693430720104114,0.054380524158477786,0.03632387696041001,0.07401297534505526,0.17563871608840095,0.1654648788438903,0.18678252852625318,0.2551283239076535,0.24044820762135916,0.269613496074453,0.24522837267981634,0.23976902339193557,0.25123493005832037,0.463124050365554,0.44242478386395506,0.4862496945675876,0.43651110066307913,0.4122229986223909,0.4598745077351729,0.4375345951947901,0.4156112483982409,0.46144936130440073,0.28888888888888886,0.17777777777777778,0.4222222222222222,0.0,0.0,0.0,0.0,0.0,0.0,0.026612949702474804,0.02293368602792422,0.0300467050075531,0.05746397683616011,0.047884723722794634,0.06687255278673784,0.05746397683616011,0.047859841586294964,0.06772568841555977,0.0,0.0,0.0,0.0,0.0,0.0,0.056267275421487795,0.04617844569862044,0.06615701282553565,0.039592871194084486,0.03410967564210296,0.04441354568633768,0.06666666666666667,0.0,0.15555555555555556,0.026058728496233623,0.022038807430201108,0.029895159477988875,False
mediation_aware_recourse,False,1.0,5.0,2.0,45,0.04909796652694543,0.03963964341932701,0.059911617792935835,0.05693465338812934,0.03811611880858739,0.07768079996109009,0.17230189144611358,0.16221232005291517,0.18392171268661817,0.25552961598667834,0.23946123897511926,0.27140450642961594,0.24522837267981634,0.23976902339193557,0.25123493005832037,0.463124050365554,0.44242478386395506,0.4862496945675876,0.43353189329306285,0.4059127830134498,0.45990510685576336,0.4347933506667614,0.4098435091539389,0.4608229325525462,0.35555555555555557,0.2222222222222222,0.5111111111111111,0.0,0.0,0.0,0.0,0.0,0.0,0.029592157072491115,0.023714636299345226,0.035541088233391444,0.06389682645315742,0.050172054644013274,0.07918628794373109,0.06389682645315742,0.050219093561184557,0.08001595877914898,0.0,0.0,0.0,0.0,0.0,0.0,0.0627001250384851,0.048623386984961325,0.07787268559475204,0.0483025002396769,0.03880109348230892,0.05913364431096446,0.13333333333333333,0.044444444444444446,0.2222222222222222,0.029037935866249934,0.023305710504452386,0.03478167358371946,False
transport_anchor_only,False,3.0,0.0,2.0,45,0.05260021715528435,0.0394901204864598,0.06664222426609033,0.04740670455826653,0.03094286792808109,0.06439799398183822,0.1791501866446601,0.16890328832798532,0.19053114251957998,0.2546217965169085,0.24183693977072834,0.26745574229189917,0.24522837267981634,0.23976902339193557,0.25123493005832037,0.463124050365554,0.44242478386395506,0.4862496945675876,0.4384091728263431,0.4179480606979794,0.45798162799742487,0.43925005797213973,0.4212084044808728,0.4596742175754573,0.3111111111111111,0.17777777777777778,0.4444444444444444,0.0,0.0,0.0,0.0,0.0,0.0,0.02471487753921085,0.01977760962314076,0.030077339005139137,0.053365567000251635,0.042506579483703906,0.06357157521023349,0.053365567000251635,0.04358619600947965,0.06405644869585023,0.0,0.0,0.0,0.0,0.0,0.0,0.009410792794409595,0.004354237958445714,0.015258893425640718,0.017596012353897093,0.008378178543514676,0.02779713190264172,0.0,0.0,0.0,0.0043583644760979545,0.0019810057845380574,0.007094285521242354,False
mediation_aware_recourse,False,3.0,0.5,2.0,45,0.05564213995304373,0.041881214956649475,0.07000841030747526,0.046792551543977524,0.0306232783695062,0.06363247972395684,0.1786476837264167,0.16832541580001514,0.1902670028143459,0.2541131614396969,0.2413500250886298,0.26724395990164745,0.24522837267981634,0.23976902339193557,0.25123493005832037,0.463124050365554,0.44242478386395506,0.4862496945675876,0.43743613229857553,0.41731914068261783,0.4572121526797613,0.43827701744437214,0.4203499443765729,0.4583345551449392,0.3333333333333333,0.2,0.4666666666666667,0.0,0.0,0.0,0.0,0.0,0.0,0.025687918066978455,0.020534282558494144,0.031253674767083586,0.055466603487127064,0.04384624980019189,0.06611920083903981,0.055466603487127064,0.044906486765499916,0.06697309840770956,0.0,0.0,0.0,0.0,0.0,0.0,0.011511829281285024,0.005893305584107031,0.01789851273409369,0.020637935151656468,0.010344749937454859,0.0325781239175962,0.022222222222222223,0.0,0.06666666666666667,0.00533140500386556,0.0027018512619866267,0.008461040589544508,False
mediation_aware_recourse,False,3.0,0.5119911176680398,2.0,45,0.05564213995304373,0.041881214956649475,0.07000841030747526,0.046792551543977524,0.0306232783695062,0.06363247972395684,0.1786476837264167,0.16832541580001514,0.1902670028143459,0.2541131614396969,0.2413500250886298,0.26724395990164745,0.24522837267981634,0.23976902339193557,0.25123493005832037,0.463124050365554,0.44242478386395506,0.4862496945675876,0.43743613229857553,0.41731914068261783,0.4572121526797613,0.43827701744437214,0.4203499443765729,0.4583345551449392,0.3333333333333333,0.2,0.4666666666666667,0.0,0.0,0.0,0.0,0.0,0.0,0.025687918066978455,0.020534282558494144,0.031253674767083586,0.055466603487127064,0.04384624980019189,0.06611920083903981,0.055466603487127064,0.044906486765499916,0.06697309840770956,0.0,0.0,0.0,0.0,0.0,0.0,0.011511829281285024,0.005893305584107031,0.01789851273409369,0.020637935151656468,0.010344749937454859,0.0325781239175962,0.022222222222222223,0.0,0.06666666666666667,0.00533140500386556,0.0027018512619866267,0.008461040589544508,True
mediation_aware_recourse,False,3.0,1.0,2.0,45,0.059339586397012076,0.046560750254947283,0.07272606973536312,0.046792551543977524,0.0306232783695062,0.06363247972395684,0.17724373605516222,0.16691343747907217,0.18859858396980497,0.2528075279047092,0.23960849024769332,0.2660117766706066,0.24522837267981634,0.23976902339193557,0.25123493005832037,0.463124050365554,0.44242478386395506,0.4862496945675876,0.43401784433258905,0.4126181900170114,0.4548267370296849,0.4349489948054155,0.415544265438699,0.4559314843557775,0.3333333333333333,0.2,0.4666666666666667,0.0,0.0,0.0,0.0,0.0,0.0,0.029106206032964918,0.02394991305967172,0.0345148433248202,0.06284753730666925,0.052516797815903585,0.07384522687869245,0.06284753730666925,0.05164936756156897,0.07491694231719234,0.0,0.0,0.0,0.0,0.0,0.0,0.018892763100827215,0.01078531526992069,0.02811181584157045,0.024335381595624817,0.013994319611746405,0.03542523013738294,0.022222222222222223,0.0,0.06666666666666667,0.008749692969852023,0.005002530912558238,0.012871556000577067,False
mediation_aware_recourse,False,3.0,2.0,2.0,45,0.07005628703369035,0.05512315692587031,0.0845170170503358,0.04546799461046855,0.02911560535430908,0.06283335771825578,0.17567157745361328,0.16539029381341405,0.18721916907363467,0.2506041905532281,0.23693541978175442,0.2644036774865041,0.24522837267981634,0.23976902339193557,0.25123493005832037,0.463124050365554,0.44242478386395506,0.4862496945675876,0.42798900802930195,0.40550024529298145,0.4501615247958236,0.4290468527509107,0.40854992198079,0.4513233331377307,0.37777777777777777,0.24444444444444444,0.5111111111111111,0.0,0.0,0.0,0.0,0.0,0.0,0.035135042336252004,0.030574352989594142,0.04001528011427986,0.075865294209012,0.06545520164175657,0.08608747953067704,0.075865294209012,0.06471278460321457,0.08670807294136997,0.0,0.0,0.0,0.0,0.0,0.0,0.03191052000316996,0.021236461893173415,0.04344004464170354,0.03505208223230309,0.022652383354595965,0.04745528004235691,0.06666666666666667,0.0,0.13333333333333333,0.014778529273139105,0.010063163191080094,0.01964135842190848,False
mediation_aware_recourse,False,3.0,5.0,2.0,45,0.0793293736461136,0.06271185443633133,0.09561903370026913,0.04714605609575907,0.029552875094943577,0.06610814188917477,0.1720465064048767,0.1620087842312124,0.1834769338203801,0.2503320284187794,0.23539554595947268,0.2651728243753314,0.24522837267981634,0.23976902339193557,0.25123493005832037,0.463124050365554,0.44242478386395506,0.4862496945675876,0.42456309000651044,0.39937614940934707,0.44918164471785227,0.4258557354907194,0.40242843670960937,0.45061220856669054,0.4,0.26666666666666666,0.5555555555555556,0.0,0.0,0.0,0.0,0.0,0.0,0.03856096035904354,0.03294226166274812,0.04459359320501487,0.08326270321873053,0.06894116227515269,0.09818812892698353,0.08326270321873053,0.06926414097417316,0.09906877669245402,0.0,0.0,0.0,0.0,0.0,0.0,0.03930792901288849,0.024775456708204698,0.05602495957282564,0.04432516884472635,0.029393046538655956,0.06089481180637247,0.08888888888888889,0.022222222222222223,0.17777777777777778,0.01820444729593065,0.011830079158147176,0.02531287325753106,False
transport_anchor_only,False,10.0,0.0,2.0,45,0.28409940670761796,0.20435535416214,0.3740975867066946,0.016080082125133937,0.0064973322219318815,0.0269671507510874,0.1804905547036065,0.16985263226760758,0.19272543657157154,0.2365357902314928,0.22675659676392873,0.24708243728097942,0.24522837267981634,0.23976902339193557,0.25123493005832037,0.463124050365554,0.44242478386395506,0.4862496945675876,0.40652340253194175,0.39356446799304745,0.41894036168853444,0.4075315891802311,0.3958652942104886,0.41996355077421493,0.4666666666666667,0.3333333333333333,0.6222222222222222,0.0,0.0,0.0,0.0,0.0,0.0,0.05660064783361223,0.045275395355290834,0.06986563041806221,0.1222148748028441,0.09745987916497437,0.14508224905774098,0.1222148748028441,0.098080919230621,0.1439260146267357,0.0,0.0,0.0,0.0,0.0,0.0,0.009015092217295906,0.004734468512789314,0.013642033746186189,0.04048042347033819,0.018480244696968132,0.06476433382680019,0.044444444444444446,0.0,0.1111111111111111,0.004175106022093031,0.0020721815526485443,0.006475152555439206,False
mediation_aware_recourse,False,10.0,0.5,2.0,45,0.28442716859281064,0.20500268388539553,0.3746397107508447,0.016080082125133937,0.0064973322219318815,0.0269671507510874,0.1803501546382904,0.16971268893943892,0.19260869781176249,0.23640106800529692,0.22667650006711482,0.24694771505478355,0.24522837267981634,0.23976902339193557,0.25123493005832037,0.463124050365554,0.44242478386395506,0.4862496945675876,0.40630664229393004,0.3934547809594207,0.4188963632451163,0.40731482894221943,0.3957636639979978,0.41948666335981744,0.4666666666666667,0.3333333333333333,0.6222222222222222,0.0,0.0,0.0,0.0,0.0,0.0,0.05681740807162391,0.045534395492739146,0.069978171893292,0.12268291406325527,0.09783755076660071,0.14564517139332994,0.12268291406325527,0.09843739014643182,0.14467930643914814,0.0,0.0,0.0,0.0,0.0,0.0,0.009483131477707074,0.004938442498271803,0.014250577424388058,0.040808185355530845,0.018533932763255302,0.06478893678842318,0.044444444444444446,0.0,0.1111111111111111,0.004391866260104709,0.0022471298111809623,0.006691277358267043,False
mediation_aware_recourse,False,10.0,0.5119911176680398,2.0,45,0.28442716859281064,0.20500268388539553,0.3746397107508447,0.016080082125133937,0.0064973322219318815,0.0269671507510874,0.1803501546382904,0.16971268893943892,0.19260869781176249,0.23640106800529692,0.22667650006711482,0.24694771505478355,0.24522837267981634,0.23976902339193557,0.25123493005832037,0.463124050365554,0.44242478386395506,0.4862496945675876,0.40630664229393004,0.3934547809594207,0.4188963632451163,0.40731482894221943,0.3957636639979978,0.41948666335981744,0.4666666666666667,0.3333333333333333,0.6222222222222222,0.0,0.0,0.0,0.0,0.0,0.0,0.05681740807162391,0.045534395492739146,0.069978171893292,0.12268291406325527,0.09783755076660071,0.14564517139332994,0.12268291406325527,0.09843739014643182,0.14467930643914814,0.0,0.0,0.0,0.0,0.0,0.0,0.009483131477707074,0.004938442498271803,0.014250577424388058,0.040808185355530845,0.018533932763255302,0.06478893678842318,0.044444444444444446,0.0,0.1111111111111111,0.004391866260104709,0.0022471298111809623,0.006691277358267043,True
mediation_aware_recourse,False,10.0,1.0,2.0,45,0.29205777711338465,0.21198593304285573,0.38203704599808486,0.01576882004737854,0.006360072096188863,0.026531092276175814,0.1786223828792572,0.16787548998991647,0.19069046883119475,0.23477737878759702,0.22484899437675873,0.24546149376365872,0.24522837267981634,0.23976902339193557,0.25123493005832037,0.463124050365554,0.44242478386395506,0.4862496945675876,0.4022022585074107,0.3881442593534788,0.41573154744174745,0.40331241525875194,0.3907628822081204,0.41649380138110786,0.5111111111111111,0.35555555555555557,0.6444444444444445,0.0,0.0,0.0,0.0,0.0,0.0,0.060921791858143275,0.05042843215995365,0.07329301118022866,0.131545299385891,0.10900755854958054,0.1525621415746642,0.131545299385891,0.10986433736916842,0.15267534619988885,0.0,0.0,0.0,0.0,0.0,0.0,0.018345516800342798,0.01089179516964114,0.026549646228813277,0.048438793876104884,0.025740994992148544,0.07664099875527121,0.08888888888888889,0.022222222222222223,0.17777777777777778,0.008496250046624078,0.004980345070362091,0.012501532932122549,False
mediation_aware_recourse,False,10.0,2.0,2.0,45,0.28489856976601813,0.21058280815266903,0.37238526769810254,0.016918072435590955,0.006595271560880873,0.028173685802353753,0.17676412264506022,0.16626048887769382,0.18902101122670703,0.23389284022980267,0.2229302596155968,0.2455121825945874,0.24522837267981634,0.23976902339193557,0.25123493005832037,0.463124050365554,0.44242478386395506,0.4862496945675876,0.3988204254044427,0.38253798976540565,0.41408694555362063,0.40004675429066017,0.38576853119793036,0.4152034897272786,0.5333333333333333,0.37777777777777777,0.6666666666666666,0.0,0.0,0.0,0.0,0.0,0.0,0.06430362496111128,0.054758622745672864,0.07520980202489429,0.1388475180901425,0.12064968316957896,0.15783033460564697,0.1388475180901425,0.12013812198175934,0.15725136650877977,0.0,0.0,0.0,0.0,0.0,0.0,0.025647735504594316,0.016134987248470838,0.036375715734141445,0.04127958652873834,0.024242220654462777,0.06388161218207743,0.1111111111111111,0.022222222222222223,0.2222222222222222,0.011878083149592081,0.007526210695505142,0.016670844439003202,False
mediation_aware_recourse,False,10.0,5.0,2.0,45,0.2951107976337274,0.21629972250097326,0.3833477829148372,0.017404337765442,0.007018771982855267,0.02965333782860802,0.17346966399086847,0.1625923859245247,0.1857705710000462,0.23242761087086466,0.22073490800542964,0.24453290066785283,0.24522837267981634,0.23976902339193557,0.25123493005832037,0.463124050365554,0.44242478386395506,0.4862496945675876,0.39389004906018577,0.37611277042163743,0.4113140992323558,0.3953746979220046,0.378897829710361,0.41192288494197027,0.5777777777777777,0.4444444444444444,0.7111111111111111,0.0,0.0,0.0,0.0,0.0,0.0,0.0692340013053682,0.06060988523066044,0.07979654097722637,0.1494934267627006,0.13157762805181902,0.16782192929354867,0.1494934267627006,0.13047064039644318,0.16666206807606285,0.0,0.0,0.0,0.0,0.0,0.0,0.03629364417715242,0.022166255138780268,0.052157133238016136,0.05149181439644761,0.024721065664456948,0.08987043913867739,0.15555555555555556,0.06666666666666667,0.26666666666666666,0.01680845949384901,0.010520673808124329,0.02349286597636011,False
transport_anchor_only,False,30.0,0.0,2.0,45,0.5307677309960127,0.331052078028313,0.7446869888601617,0.0005119959513346354,0.00018145317832628886,0.0008961476551161871,0.1803492718272739,0.16923816705743472,0.19333411993251906,0.2276611373656326,0.22087683244918782,0.2352118482026789,0.24522837267981634,0.23976902339193557,0.25123493005832037,0.463124050365554,0.44242478386395506,0.4862496945675876,0.3890114770995246,0.3828479317492909,0.3944437755478753,0.3901876603331831,0.3846656118951323,0.39512151176498994,0.7555555555555555,0.6444444444444445,0.8666666666666667,0.0,0.0,0.0,0.0,0.0,0.0,0.07411257326602935,0.05839860363139047,0.09179187999831305,0.16002747688773822,0.12966582330901005,0.1896195369101943,0.16002747688773822,0.12814148960676597,0.18993366691507682,0.0,0.0,0.0,0.0,0.0,0.0,-0.00021902664943951322,-0.0006625194967284532,0.0,-0.0024747610092163085,-0.007424283027648926,0.0,-0.022222222222222223,-0.06666666666666667,0.0,-0.00010143650902642145,-0.0003043095270792643,0.0,False
mediation_aware_recourse,False,30.0,0.5,2.0,45,0.5307714316993952,0.33104397649876777,0.7440532304253429,0.0005417883810069826,0.00022661674353811477,0.0009267738264881903,0.1799467576874627,0.16877481223808394,0.19290900505251354,0.2272811435163021,0.22053055211280784,0.2349724568426609,0.24522837267981634,0.23976902339193557,0.25123493005832037,0.463124050365554,0.44242478386395506,0.4862496945675876,0.3889120837052663,0.38263328017459974,0.394327442712254,0.3900870926496055,0.384482772267941,0.39516939670845047,0.7333333333333333,0.6,0.8444444444444444,0.0,0.0,0.0,0.0,0.0,0.0,0.07421196666028765,0.058599069259232944,0.0917204756124152,0.16024209194428696,0.1295656592460013,0.18980108877237864,0.16024209194428696,0.12858394962760497,0.18970376918790202,0.0,0.0,0.0,0.0,0.0,0.0,-4.411592890773974e-06,-0.0010132892918730263,0.0011996913816179342,-0.0024710603058338164,-0.007748344209459093,0.0006592244737678104,-0.044444444444444446,-0.1111111111111111,0.0,-2.043114768134223e-06,-0.0004694673750135634,0.0005488442050086128,False
mediation_aware_recourse,False,30.0,0.5119911176680398,2.0,45,0.5307714316993952,0.33104397649876777,0.7440532304253429,0.0005417883810069826,0.00022661674353811477,0.0009267738264881903,0.1799467576874627,0.16877481223808394,0.19290900505251354,0.2272811435163021,0.22053055211280784,0.2349724568426609,0.24522837267981634,0.23976902339193557,0.25123493005832037,0.463124050365554,0.44242478386395506,0.4862496945675876,0.3889120837052663,0.38263328017459974,0.394327442712254,0.3900870926496055,0.384482772267941,0.39516939670845047,0.7333333333333333,0.6,0.8444444444444444,0.0,0.0,0.0,0.0,0.0,0.0,0.07421196666028765,0.058599069259232944,0.0917204756124152,0.16024209194428696,0.1295656592460013,0.18980108877237864,0.16024209194428696,0.12858394962760497,0.18970376918790202,0.0,0.0,0.0,0.0,0.0,0.0,-4.411592890773974e-06,-0.0010132892918730263,0.0011996913816179342,-0.0024710603058338164,-0.007748344209459093,0.0006592244737678104,-0.044444444444444446,-0.1111111111111111,0.0,-2.043114768134223e-06,-0.0004694673750135634,0.0005488442050086128,True
mediation_aware_recourse,False,30.0,1.0,2.0,45,0.5344688781433635,0.3355170025324656,0.7473947418801901,0.0005417883810069826,0.00022661674353811477,0.0009267738264881903,0.17854281001620823,0.16734074433644613,0.19109249071942436,0.22597550998131435,0.21934608700374764,0.23350704975426198,0.24522837267981634,0.23976902339193557,0.25123493005832037,0.463124050365554,0.44242478386395506,0.4862496945675876,0.38549379573927983,0.37768605652782655,0.3921314057873355,0.38675907001064874,0.37967457619785433,0.3933825194803377,0.7333333333333333,0.6,0.8444444444444444,0.0,0.0,0.0,0.0,0.0,0.0,0.07763025462627411,0.061942997963892084,0.09439752841989199,0.16762302576382915,0.13861259545112478,0.19483047137251325,0.16762302576382915,0.13881058882727196,0.19364435661865576,0.0,0.0,0.0,0.0,0.0,0.0,0.007376522226651416,0.0014689131129905443,0.015469144282919763,0.0012263861381345326,-0.005076970069979628,0.006415307852956984,-0.044444444444444446,-0.1111111111111111,0.0,0.0034162448512183295,0.0006829679674572415,0.006897599465317196,False
mediation_aware_recourse,False,30.0,2.0,2.0,45,0.5400850192540222,0.34005450842902063,0.7506977370257178,0.0005417883810069826,0.00022661674353811477,0.0009267738264881903,0.1772802280055152,0.16636393816934691,0.19005178933342298,0.22401604652404786,0.2168565846648481,0.2318234283601244,0.24522837267981634,0.23976902339193557,0.25123493005832037,0.463124050365554,0.44242478386395506,0.4862496945675876,0.3809086998303731,0.3713965167436335,0.3888209371434318,0.3822878110590908,0.37398046545998914,0.39014310323699486,0.7333333333333333,0.6,0.8444444444444444,0.0,0.0,0.0,0.0,0.0,0.0,0.08221535053518084,0.0678635974559519,0.09732927141918075,0.1775233881079734,0.1527796895247143,0.2005277307771864,0.1775233881079734,0.15201429570699376,0.2006883181263764,0.0,0.0,0.0,0.0,0.0,0.0,0.01727688457079568,0.007176932430200303,0.028423665009750666,0.006842527248793178,-0.000774472921879755,0.01347883091825578,-0.044444444444444446,-0.1111111111111111,0.0,0.008001340760125054,0.0034382495449648966,0.012702930453750821,False
mediation_aware_recourse,False,30.0,5.0,2.0,45,0.5618093925217787,0.3661139249139362,0.7741159556909568,0.00031964783039357925,8.133674557838176e-05,0.0006106161719395052,0.17451486190160115,0.1629528617196613,0.187257574862904,0.22192400205466484,0.21441536308576664,0.23032300900874866,0.24522837267981634,0.23976902339193557,0.25123493005832037,0.463124050365554,0.44242478386395506,0.4862496945675876,0.3753670116265615,0.36390479198760456,0.38532998919487,0.3769985623078213,0.3669931665373759,0.386661866155184,0.8,0.6888888888888889,0.9111111111111111,0.0,0.0,0.0,0.0,0.0,0.0,0.08775703873899247,0.07456854470902019,0.10238392432530721,0.18948927111369818,0.16575987677673404,0.21077240975473172,0.18948927111369818,0.16572824286135707,0.2113101755634255,0.0,0.0,0.0,0.0,0.0,0.0,0.029242767576520445,0.015729790040671928,0.04483313229336785,0.028566900516549747,0.01442395684412784,0.0445312943123281,0.022222222222222223,-0.06666666666666667,0.1111111111111111,0.0135430289639367,0.007552939140134388,0.020051922947168347,False
transport_anchor_only,False,0.0,0.0,5.0,45,0.04726764890882704,0.045628839482863746,0.04923422021998299,0.05322031974792481,0.03546725531419118,0.07281655336419741,0.1771828187836541,0.166736851318015,0.18860913180642658,0.25212909397151734,0.23771837773215437,0.2662441066549056,0.24522837267981634,0.23976902339193557,0.25123493005832037,0.463124050365554,0.44242478386395506,0.4862496945675876,0.43327554994159273,0.4082331450117959,0.45662121935023203,0.43439753783080315,0.4116644347206586,0.4579920749055429,0.28888888888888886,0.17777777777777778,0.4222222222222222,0.0,0.0,0.0,0.0,0.0,0.0,0.029848500423961217,0.027266767968734104,0.03248609106573794,0.06445033549953016,0.05657068384878969,0.07284799543431872,0.06445033549953016,0.05712527456667636,0.07367366148446566,0.0,0.0,0.0,0.0,0.0,0.0,0.06445033549953016,0.056875690286474184,0.07298812206284001,0.04726764890882704,0.045628839482863746,0.04923422021998299,0.06666666666666667,0.0,0.15555555555555556,0.029848500423961217,0.027192413525448905,0.032620506303177935,False
mediation_aware_recourse,False,0.0,0.5,5.0,45,0.0475954107940197,0.045956601368056404,0.04923422021998299,0.05322031974792481,0.03546725531419118,0.07281655336419741,0.1769345349735684,0.16668303339017762,0.1883029178612762,0.25207909378740523,0.23770684510676396,0.2662438792010976,0.24522837267981634,0.23976902339193557,0.25123493005832037,0.463124050365554,0.44242478386395506,0.4862496945675876,0.433058410220676,0.40759085062477324,0.45662121935023203,0.4342064548763965,0.41166095275601583,0.45766501259609227,0.28888888888888886,0.17777777777777778,0.4222222222222222,0.0,0.0,0.0,0.0,0.0,0.0,0.030065640144877965,0.027470250402887662,0.03269877119196786,0.0649191941579077,0.056715757016644844,0.07342305313066107,0.0649191941579077,0.05752399686070417,0.07400149929922374,0.0,0.0,0.0,0.0,0.0,0.0,0.0649191941579077,0.057306884602834486,0.07333956219753814,0.0475954107940197,0.045956601368056404,0.04923422021998299,0.06666666666666667,0.0,0.15555555555555556,0.030065640144877965,0.02744248777627945,0.032865336495969025,False
mediation_aware_recourse,False,0.0,0.5119911176680398,5.0,45,0.0475954107940197,0.045956601368056404,0.04923422021998299,0.05322031974792481,0.03546725531419118,0.07281655336419741,0.1769345349735684,0.16668303339017762,0.1883029178612762,0.25207909378740523,0.23770684510676396,0.2662438792010976,0.24522837267981634,0.23976902339193557,0.25123493005832037,0.463124050365554,0.44242478386395506,0.4862496945675876,0.433058410220676,0.40759085062477324,0.45662121935023203,0.4342064548763965,0.41166095275601583,0.45766501259609227,0.28888888888888886,0.17777777777777778,0.4222222222222222,0.0,0.0,0.0,0.0,0.0,0.0,0.030065640144877965,0.027470250402887662,0.03269877119196786,0.0649191941579077,0.056715757016644844,0.07342305313066107,0.0649191941579077,0.05752399686070417,0.07400149929922374,0.0,0.0,0.0,0.0,0.0,0.0,0.0649191941579077,0.057306884602834486,0.07333956219753814,0.0475954107940197,0.045956601368056404,0.04923422021998299,0.06666666666666667,0.0,0.15555555555555556,0.030065640144877965,0.02744248777627945,0.032865336495969025,True
mediation_aware_recourse,False,0.0,1.0,5.0,45,0.0475954107940197,0.045956601368056404,0.04923422021998299,0.05322031974792481,0.03546725531419118,0.07281655336419741,0.1769345349735684,0.16668303339017762,0.1883029178612762,0.25207909378740523,0.23770684510676396,0.2662438792010976,0.24522837267981634,0.23976902339193557,0.25123493005832037,0.463124050365554,0.44242478386395506,0.4862496945675876,0.433058410220676,0.40759085062477324,0.45662121935023203,0.4342064548763965,0.41166095275601583,0.45766501259609227,0.28888888888888886,0.17777777777777778,0.4222222222222222,0.0,0.0,0.0,0.0,0.0,0.0,0.030065640144877965,0.027470250402887662,0.03269877119196786,0.0649191941579077,0.056715757016644844,0.07342305313066107,0.0649191941579077,0.05752399686070417,0.07400149929922374,0.0,0.0,0.0,0.0,0.0,0.0,0.0649191941579077,0.057306884602834486,0.07333956219753814,0.0475954107940197,0.045956601368056404,0.04923422021998299,0.06666666666666667,0.0,0.15555555555555556,0.030065640144877965,0.02744248777627945,0.032865336495969025,False
mediation_aware_recourse,False,0.0,2.0,5.0,45,0.04988974407315254,0.0475954107940197,0.052511839403046504,0.05280425084961785,0.03512758038110204,0.0723361183868514,0.17633906867769028,0.16622268999616305,0.18804944593045447,0.25178603687220147,0.23738729170420103,0.2661724150160121,0.24522837267981634,0.23976902339193557,0.25123493005832037,0.463124050365554,0.44242478386395506,0.4862496945675876,0.43201326264275447,0.40653444977270237,0.4557145667738384,0.43317896486984364,0.4104070907718605,0.45732367002641156,0.3111111111111111,0.17777777777777778,0.4444444444444444,0.0,0.0,0.0,0.0,0.0,0.0,0.031110787722799512,0.02820109544528855,0.03408323201868269,0.06717592769851422,0.05872818868275294,0.07646547716413922,0.06717592769851422,0.05918657612357851,0.07637576346025475,0.0,0.0,0.0,0.0,0.0,0.0,0.06717592769851422,0.05880565723498094,0.07636172927516677,0.04988974407315254,0.0475954107940197,0.052511839403046504,0.08888888888888889,0.022222222222222223,0.17777777777777778,0.031110787722799512,0.028199973512027,0.03437834837370449,False
mediation_aware_recourse,False,0.0,5.0,5.0,45,0.08654013553427325,0.07025397409167555,0.10368143032511903,0.051999089452955456,0.03384353225429853,0.07160673812031744,0.17014718386862013,0.16032734488447506,0.1815228052934011,0.24878610004153517,0.23295509877407716,0.26461263014107117,0.24522837267981634,0.23976902339193557,0.25123493005832037,0.463124050365554,0.44242478386395506,0.4862496945675876,0.4228824469778273,0.39281128853559494,0.44990791743000347,0.4244715299705665,0.3984931425585101,0.4521983940990435,0.35555555555555557,0.2222222222222222,0.5111111111111111,0.0,0.0,0.0,0.0,0.0,0.0,0.04024160338772668,0.033224619693226286,0.04735930876599418,0.08689162948018592,0.06942687966950499,0.10676582128261684,0.08689162948018592,0.06855749391163612,0.10550118294577021,0.0,0.0,0.0,0.0,0.0,0.0,0.08689162948018592,0.0690548003848766,0.10718829838659788,0.08654013553427325,0.07025397409167555,0.10368143032511903,0.13333333333333333,0.044444444444444446,0.2222222222222222,0.04024160338772668,0.03317045004003578,0.047524207217825784,False
transport_anchor_only,False,1.0,0.0,5.0,45,0.050637333426210615,0.04726764890882704,0.05541013114982181,0.05176721082793342,0.03497474349207348,0.06990523296925756,0.17697709732585484,0.16663005888462068,0.18837583993872006,0.2517107369999091,0.23744884906336666,0.2659327329819401,0.24522837267981634,0.23976902339193557,0.25123493005832037,0.463124050365554,0.44242478386395506,0.4862496945675876,0.4322866525914934,0.4075078805949953,0.45583402580685084,0.43341204367412467,0.4109842584228764,0.4569509515561164,0.28888888888888886,0.17777777777777778,0.4222222222222222,0.0,0.0,0.0,0.0,0.0,0.0,0.030837397774060568,0.02821185939013958,0.03348884568446212,0.06658561080928527,0.05891129748439639,0.0749928700501688,0.06658561080928527,0.059286460587989594,0.07532198012314158,0.0,0.0,0.0,0.0,0.0,0.0,0.06538890939461295,0.056776273744910545,0.07386006675229861,0.049841867138942085,0.04581665885117319,0.05508236926462915,0.06666666666666667,0.0,0.15555555555555556,0.030283176567819384,0.027374556784828502,0.03317072218490972,False
mediation_aware_recourse,False,1.0,0.5,5.0,45,0.048578696449597676,0.04725945486169722,0.049889743990368315,0.05265766713354322,0.0350973459912671,0.07202388589580853,0.17669084668159485,0.16641000790728463,0.18817735105752945,0.2519610369371043,0.23758573287270135,0.266173670720309,0.24522837267981634,0.23976902339193557,0.25123493005832037,0.463124050365554,0.44242478386395506,0.4862496945675876,0.43249575760629444,0.4070396865242057,0.45615047155155075,0.4336472054554356,0.41102378470541695,0.45731167254054716,0.28888888888888886,0.17777777777777778,0.4222222222222222,0.0,0.0,0.0,0.0,0.0,0.0,0.030628292759259542,0.0280109388464027,0.033219983089301325,0.06613410107957896,0.05830159895460099,0.07488541814718386,0.06613410107957896,0.058647315184263596,0.07458954492646447,0.0,0.0,0.0,0.0,0.0,0.0,0.06493739966490664,0.056302023937184545,0.07365511730150115,0.047783230162329146,0.04553327525448468,0.04956198210517566,0.06666666666666667,0.0,0.15555555555555556,0.030074071553018358,0.02712464219166173,0.03286558700932397,False
mediation_aware_recourse,False,1.0,0.5119911176680398,5.0,45,0.048578696449597676,0.04725945486169722,0.049889743990368315,0.05265766713354322,0.0350973459912671,0.07202388589580853,0.17669084668159485,0.16641000790728463,0.18817735105752945,0.2519610369371043,0.23758573287270135,0.266173670720309,0.24522837267981634,0.23976902339193557,0.25123493005832037,0.463124050365554,0.44242478386395506,0.4862496945675876,0.43249575760629444,0.4070396865242057,0.45615047155155075,0.4336472054554356,0.41102378470541695,0.45731167254054716,0.28888888888888886,0.17777777777777778,0.4222222222222222,0.0,0.0,0.0,0.0,0.0,0.0,0.030628292759259542,0.0280109388464027,0.033219983089301325,0.06613410107957896,0.05830159895460099,0.07488541814718386,0.06613410107957896,0.058647315184263596,0.07458954492646447,0.0,0.0,0.0,0.0,0.0,0.0,0.06493739966490664,0.056302023937184545,0.07365511730150115,0.047783230162329146,0.04553327525448468,0.04956198210517566,0.06666666666666667,0.0,0.15555555555555556,0.030074071553018358,0.02712464219166173,0.03286558700932397,True
mediation_aware_recourse,False,1.0,1.0,5.0,45,0.048578696449597676,0.04725945486169722,0.049889743990368315,0.05265766713354322,0.0350973459912671,0.07202388589580853,0.17669084668159485,0.16641000790728463,0.18817735105752945,0.2519610369371043,0.23758573287270135,0.266173670720309,0.24522837267981634,0.23976902339193557,0.25123493005832037,0.463124050365554,0.44242478386395506,0.4862496945675876,0.43249575760629444,0.4070396865242057,0.45615047155155075,0.4336472054554356,0.41102378470541695,0.45731167254054716,0.28888888888888886,0.17777777777777778,0.4222222222222222,0.0,0.0,0.0,0.0,0.0,0.0,0.030628292759259542,0.0280109388464027,0.033219983089301325,0.06613410107957896,0.05830159895460099,0.07488541814718386,0.06613410107957896,0.058647315184263596,0.07458954492646447,0.0,0.0,0.0,0.0,0.0,0.0,0.06493739966490664,0.056302023937184545,0.07365511730150115,0.047783230162329146,0.04553327525448468,0.04956198210517566,0.06666666666666667,0.0,0.15555555555555556,0.030074071553018358,0.02712464219166173,0.03286558700932397,False
mediation_aware_recourse,False,1.0,2.0,5.0,45,0.05630135147107972,0.04988974407315254,0.06379420268038907,0.051045405202441746,0.033693742702404654,0.0705442799296644,0.17576819327142504,0.16540397551324632,0.18772472714384397,0.25101043519874416,0.23676203054272466,0.26544585020591815,0.24522837267981634,0.23976902339193557,0.25123493005832037,0.463124050365554,0.44242478386395506,0.4862496945675876,0.4301621821191576,0.4053090296023422,0.45371277863780657,0.4313285732434856,0.4092056977628007,0.4546934012527682,0.3333333333333333,0.2,0.4888888888888889,0.0,0.0,0.0,0.0,0.0,0.0,0.03296186824639638,0.02950284910698732,0.036592390545540386,0.07117287089793523,0.06171258605028219,0.08098090600516915,0.07117287089793523,0.062378039652962035,0.08154713477158494,0.0,0.0,0.0,0.0,0.0,0.0,0.0699761694832629,0.060788408196381524,0.08010488852133685,0.055505885183811186,0.04988974407315254,0.06196647423216038,0.1111111111111111,0.022222222222222223,0.2,0.032407647040155196,0.02898780342605379,0.03613400694396761,False
mediation_aware_recourse,False,1.0,5.0,5.0,45,0.09725683617095153,0.08045509346139927,0.11494611074423625,0.04908753765953912,0.03139670196506712,0.06782115209433767,0.17015868955188326,0.16001735670699013,0.1814305578172207,0.24704060302012495,0.23178383153863252,0.26212377315076685,0.24522837267981634,0.23976902339193557,0.25123493005832037,0.463124050365554,0.44242478386395506,0.4862496945675876,0.419791218969557,0.39087010643548437,0.445941971325212,0.42139032488067946,0.3955764974798593,0.44811817058631115,0.37777777777777777,0.24444444444444444,0.5111111111111111,0.0,0.0,0.0,0.0,0.0,0.0,0.04333283139599694,0.03634954821732309,0.05072589721944597,0.09356635951381365,0.07628365926038198,0.11381733753722383,0.09356635951381365,0.07598079392621172,0.11234105147723858,0.0,0.0,0.0,0.0,0.0,0.0,0.09236965809914133,0.07442763878272778,0.11180749522876327,0.09646136988368299,0.07989172725317378,0.113601273248593,0.15555555555555556,0.06666666666666667,0.26666666666666666,0.042778610189755754,0.03556714389059279,0.05022105993496047,False
transport_anchor_only,False,3.0,0.0,5.0,45,0.11736812459097969,0.09774726600489683,0.138249759150462,0.0373965667353736,0.023277495056390762,0.05220708042383193,0.1775718437300788,0.166786240140597,0.1896305203768942,0.24361297053595385,0.23085116408144435,0.2560145789457278,0.24522837267981634,0.23976902339193557,0.25123493005832037,0.463124050365554,0.44242478386395506,0.4862496945675876,0.41850959327485826,0.39681524061494405,0.4394937131305535,0.4196981017291546,0.3999707862831238,0.44093547299044816,0.35555555555555557,0.2222222222222222,0.4894444444444439,0.0,0.0,0.0,0.0,0.0,0.0,0.0446144570906957,0.040765239753656916,0.0484680749144819,0.09633370811876552,0.0889333274133984,0.10426593985066505,0.09633370811876552,0.08828583131552215,0.1043854693264264,0.0,0.0,0.0,0.0,0.0,0.0,0.052378933912923475,0.04279633798683923,0.06248496639247022,0.08236391978959243,0.06603107909465002,0.0988390976894233,0.044444444444444446,-0.044444444444444446,0.13333333333333333,0.024257944027582804,0.01974586072895262,0.02851787605219417,False
mediation_aware_recourse,False,3.0,0.5,5.0,45,0.11769588647617234,0.09817887884461217,0.13871406191753016,0.0373965667353736,0.023277495056390762,0.05220708042383193,0.17732355991999307,0.16675001346402699,0.1894321037828922,0.2435629703518417,0.23070241353371077,0.25596332875701283,0.24522837267981634,0.23976902339193557,0.25123493005832037,0.463124050365554,0.44242478386395506,0.4862496945675876,0.4182924535539415,0.3961692499452167,0.43949243533942434,0.4195070187747479,0.3995886203743103,0.44064624095567395,0.35555555555555557,0.2222222222222222,0.4894444444444439,0.0,0.0,0.0,0.0,0.0,0.0,0.044831596811612445,0.041004667191041844,0.04867482744985156,0.09680256677714294,0.08955790422365476,0.1046685152574252,0.09680256677714294,0.08872133750842022,0.10494373924972174,0.0,0.0,0.0,0.0,0.0,0.0,0.0528477925713009,0.043276334986771386,0.06311816000227241,0.08269168167478508,0.06682304679933522,0.0989824452644421,0.044444444444444446,-0.044444444444444446,0.13333333333333333,0.024475083748499552,0.02003705397248268,0.028715225756168365,False
mediation_aware_recourse,False,3.0,0.5119911176680398,5.0,45,0.11769588647617234,0.09817887884461217,0.13871406191753016,0.0373965667353736,0.023277495056390762,0.05220708042383193,0.17732355991999307,0.16675001346402699,0.1894321037828922,0.2435629703518417,0.23070241353371077,0.25596332875701283,0.24522837267981634,0.23976902339193557,0.25123493005832037,0.463124050365554,0.44242478386395506,0.4862496945675876,0.4182924535539415,0.3961692499452167,0.43949243533942434,0.4195070187747479,0.3995886203743103,0.44064624095567395,0.35555555555555557,0.2222222222222222,0.4894444444444439,0.0,0.0,0.0,0.0,0.0,0.0,0.044831596811612445,0.041004667191041844,0.04867482744985156,0.09680256677714294,0.08955790422365476,0.1046685152574252,0.09680256677714294,0.08872133750842022,0.10494373924972174,0.0,0.0,0.0,0.0,0.0,0.0,0.0528477925713009,0.043276334986771386,0.06311816000227241,0.08269168167478508,0.06682304679933522,0.0989824452644421,0.044444444444444446,-0.044444444444444446,0.13333333333333333,0.024475083748499552,0.02003705397248268,0.028715225756168365,True
mediation_aware_recourse,False,3.0,1.0,5.0,45,0.12172109476394123,0.10185874014058047,0.14231695257127286,0.03697497049967448,0.02298054286175304,0.051789423061741724,0.17680074373881022,0.16643366100059614,0.18883768947588073,0.24308813483350808,0.2302697862105237,0.2555277804440508,0.24522837267981634,0.23976902339193557,0.25123493005832037,0.463124050365554,0.44242478386395506,0.4862496945675876,0.417212270365821,0.39517307735151713,0.43764790362781947,0.4184503784676393,0.3983270972625249,0.43971244266587817,0.4222222222222222,0.26666666666666666,0.5555555555555556,0.0,0.0,0.0,0.0,0.0,0.0,0.04591177999973297,0.04236217297613621,0.04968310707145267,0.09913495091324631,0.0917033429498257,0.10721880712482561,0.09913495091324631,0.09151965364856636,0.107783562803278,0.0,0.0,0.0,0.0,0.0,0.0,0.05518017670740427,0.045992944294545215,0.06521233787309266,0.08671688996255397,0.07173827771925265,0.10276744875642989,0.1111111111111111,0.022222222222222223,0.2,0.025555266936620077,0.021542724354399575,0.029555823306242627,False
mediation_aware_recourse,False,3.0,2.0,5.0,45,0.11783951703045104,0.09790498365751571,0.13871185249752468,0.03796736862924364,0.023312873707877265,0.053250099867582314,0.17588983045683967,0.16543726397885217,0.18777361869812012,0.24354426956011188,0.23036743563703366,0.2567597369984206,0.24522837267981634,0.23976902339193557,0.25123493005832037,0.463124050365554,0.44242478386395506,0.4862496945675876,0.4177630066871643,0.3950710895823108,0.43903750931223234,0.4190083315405581,0.39921586886640226,0.4406166477433095,0.4222222222222222,0.26666666666666666,0.5555555555555556,0.0,0.0,0.0,0.0,0.0,0.0,0.045361043678389654,0.041515074546138446,0.04953798954685529,0.09794577423173167,0.08959738058179902,0.10645925620625277,0.09794577423173167,0.0883282601541967,0.10757873955957283,0.0,0.0,0.0,0.0,0.0,0.0,0.053991000025889635,0.044457712653801176,0.06457410815781937,0.08283531222906378,0.06725006098652052,0.0987447297003948,0.1111111111111111,0.022222222222222223,0.2,0.02500453061527676,0.021112509253952236,0.02925554351674186,False
mediation_aware_recourse,False,3.0,5.0,5.0,45,0.13099787988596492,0.11188439863837428,0.14901731966477302,0.04141297605302599,0.025077790651056503,0.05860499247908592,0.17033639815118579,0.16007339008980329,0.18186659801337454,0.24253272600471973,0.2278049998740769,0.25729379496330185,0.24522837267981634,0.23976902339193557,0.25123493005832037,0.463124050365554,0.44242478386395506,0.4862496945675876,0.4119627515474955,0.3841730112830798,0.4377688153915935,0.41360834019382803,0.38916585104850443,0.439033060922722,0.4444444444444444,0.28888888888888886,0.5777777777777777,0.0,0.0,0.0,0.0,0.0,0.0,0.051161298818058434,0.04494488643275367,0.057630742780036395,0.11046996755550864,0.09411466531706694,0.1273084379424422,0.11046996755550864,0.09326851546135725,0.12755200860449384,0.0,0.0,0.0,0.0,0.0,0.0,0.0665151933496666,0.048751439287495146,0.08755347658460406,0.09599367508457766,0.07704233438811368,0.1157440786715597,0.13333333333333333,0.044444444444444446,0.2222222222222222,0.030804785754945545,0.02323915852440728,0.03929930761456489,False
transport_anchor_only,False,10.0,0.0,5.0,45,0.3475121099087927,0.25678151108117564,0.4559796197050147,0.012249032035470009,0.0047429650856388944,0.021563303586509493,0.17803214722209507,0.1671682115892569,0.19071238363782564,0.22860179419318835,0.21886720440660914,0.23886652822916707,0.24522837267981634,0.23976902339193557,0.25123493005832037,0.463124050365554,0.44242478386395506,0.4862496945675876,0.39054617749320136,0.37516680151224135,0.4047864934967624,0.3919128658357593,0.3789601364514067,0.4053075892353223,0.5777777777777777,0.4222222222222222,0.7111111111111111,0.0,0.0,0.0,0.0,0.0,0.0,0.0725778728723526,0.06329725980758667,0.08286689437925816,0.15671367707003192,0.13927139611914385,0.1725563718936966,0.15671367707003192,0.14044403386223794,0.1720132676683769,0.0,0.0,0.0,0.0,0.0,0.0,0.04351389448448373,0.031077528618977366,0.05682056315193967,0.10389312667151292,0.054606485263341005,0.16526349940337237,0.15555555555555556,0.044444444444444446,0.26666666666666666,0.0201523310608334,0.014562621348434026,0.02608841720554564,False
mediation_aware_recourse,False,10.0,0.5,5.0,45,0.3498985087705983,0.25724027383451664,0.4574549619667232,0.012179062142968178,0.004669359632664257,0.02149451855052676,0.17771467500262791,0.16680780039893256,0.19027762903107537,0.22828482712308565,0.21855023733650644,0.23867432923573587,0.24522837267981634,0.23976902339193557,0.25123493005832037,0.463124050365554,0.44242478386395506,0.4862496945675876,0.3897055248419444,0.374153857992755,0.40414919280343586,0.3911107402096192,0.37827699309604035,0.40484514988118575,0.6,0.4444444444444444,0.7333333333333333,0.0,0.0,0.0,0.0,0.0,0.0,0.07341852552360958,0.06439763372970952,0.08334453818698723,0.1585288552077111,0.14165270541346187,0.1741971921460183,0.1585288552077111,0.14293587792370102,0.17337251900345593,0.0,0.0,0.0,0.0,0.0,0.0,0.0453290726221629,0.03311953329322676,0.0585852608898352,0.10627952553331851,0.05716901997414728,0.16736072095421453,0.17777777777777778,0.06666666666666667,0.28888888888888886,0.020992983712090386,0.015478274805678262,0.02669179692864418,False
mediation_aware_recourse,False,10.0,0.5119911176680398,5.0,45,0.3498985087705983,0.25724027383451664,0.4574549619667232,0.012179062142968178,0.004669359632664257,0.02149451855052676,0.17771467500262791,0.16680780039893256,0.19027762903107537,0.22828482712308565,0.21855023733650644,0.23867432923573587,0.24522837267981634,0.23976902339193557,0.25123493005832037,0.463124050365554,0.44242478386395506,0.4862496945675876,0.3897055248419444,0.374153857992755,0.40414919280343586,0.3911107402096192,0.37827699309604035,0.40484514988118575,0.6,0.4444444444444444,0.7333333333333333,0.0,0.0,0.0,0.0,0.0,0.0,0.07341852552360958,0.06439763372970952,0.08334453818698723,0.1585288552077111,0.14165270541346187,0.1741971921460183,0.1585288552077111,0.14293587792370102,0.17337251900345593,0.0,0.0,0.0,0.0,0.0,0.0,0.0453290726221629,0.03311953329322676,0.0585852608898352,0.10627952553331851,0.05716901997414728,0.16736072095421453,0.17777777777777778,0.06666666666666667,0.28888888888888886,0.020992983712090386,0.015478274805678262,0.02669179692864418,True
mediation_aware_recourse,False,10.0,1.0,5.0,45,0.34882315753234755,0.25715843725328646,0.45744566332134934,0.012179062142968178,0.004669359632664257,0.02149451855052676,0.1775998095671336,0.16668427002098826,0.19027574035856457,0.22851846093932787,0.2187753812989427,0.23886569490242335,0.24522837267981634,0.23976902339193557,0.25123493005832037,0.463124050365554,0.44242478386395506,0.4862496945675876,0.3901114794943068,0.37457925336228476,0.4043513028489219,0.39150857576893433,0.37851377696970273,0.4050364353852968,0.6,0.4444444444444444,0.7333333333333333,0.0,0.0,0.0,0.0,0.0,0.0,0.07301257087124718,0.06393853171832033,0.08305874082777236,0.15765229815557358,0.14023281332513268,0.17348476907103588,0.15765229815557358,0.14155396226154215,0.17285418395312943,0.0,0.0,0.0,0.0,0.0,0.0,0.044452515570025386,0.03208668607382921,0.057686468251886835,0.10520417429506779,0.056233722812806565,0.16656635297772784,0.17777777777777778,0.06666666666666667,0.28888888888888886,0.020587029059727986,0.015092784000767603,0.026446774684720568,False
mediation_aware_recourse,False,10.0,2.0,5.0,45,0.34451806743939717,0.2542904826336437,0.44675573097541926,0.012579452370603879,0.004175964683915178,0.022445428107554715,0.17673904962009854,0.165826553536786,0.18951486100753148,0.2288201495177216,0.21895295770424936,0.23925570393809015,0.24522837267981634,0.23976902339193557,0.25123493005832037,0.463124050365554,0.44242478386395506,0.4862496945675876,0.39005741940604316,0.37422298623455896,0.4042891403536002,0.3914604877349403,0.3781503959428519,0.40565692640898954,0.6222222222222222,0.4888888888888889,0.7555555555555555,0.0,0.0,0.0,0.0,0.0,0.0,0.0730666309595108,0.06409794164200623,0.08366938639846112,0.15776902733044795,0.14045286787942718,0.17507975518562438,0.15776902733044795,0.1410708047695637,0.17409221394717952,0.0,0.0,0.0,0.0,0.0,0.0,0.04456924474489976,0.033583989268968446,0.057101941343067716,0.10089908420211739,0.05817352223210037,0.15160527840567126,0.2,0.08888888888888889,0.3111111111111111,0.020641089147991603,0.015848845591147742,0.025864750328991146,False
mediation_aware_recourse,False,10.0,5.0,5.0,45,0.3714350814620654,0.291781982469062,0.4698181574874454,0.012811279338267114,0.004420557870633073,0.023046366339549422,0.17212108042505053,0.1611035229596827,0.18444046086735194,0.2259231239557266,0.21476895176495114,0.23734537677218515,0.24522837267981634,0.23976902339193557,0.25123493005832037,0.463124050365554,0.44242478386395506,0.4862496945675876,0.38142088585429723,0.362106257163816,0.3985183812015587,0.3832407281845808,0.3657984757049216,0.4002093392051757,0.6666666666666666,0.5333333333333333,0.8,0.0,0.0,0.0,0.0,0.0,0.0,0.08170316451125675,0.07338861323065228,0.09128865748643875,0.1764174511057386,0.16034503799084207,0.19454947847609458,0.1764174511057386,0.15945704805395333,0.19278954546539076,0.0,0.0,0.0,0.0,0.0,0.0,0.0632176685201904,0.04551415462594106,0.08416227849617287,0.1278160982247856,0.09074243884637123,0.17461582434674103,0.24444444444444444,0.13333333333333333,0.37777777777777777,0.02927762269973755,0.021518729941712486,0.037761611060963735,False
transport_anchor_only,False,30.0,0.0,5.0,45,0.550702276163631,0.3480145702159239,0.7615867706160577,0.00045027935670481785,0.00015587627991206116,0.0007859681463903851,0.1775893145137363,0.16627206939789985,0.19028129590882195,0.22158899605274202,0.2147050539176497,0.22941932190830508,0.24522837267981634,0.23976902339193557,0.25123493005832037,0.463124050365554,0.44242478386395506,0.4862496945675876,0.3778148803446028,0.3676546333067947,0.38674809702568586,0.37931792094144556,0.3704451381711496,0.3878677590560996,0.7555555555555555,0.6222222222222222,0.8666666666666667,0.0,0.0,0.0,0.0,0.0,0.0,0.08530917002095116,0.07192043006420135,0.10048613509370222,0.18420371378600353,0.16247572920223585,0.20635968951376404,0.18420371378600353,0.16159030022487894,0.20543159188933932,0.0,0.0,0.0,0.0,0.0,0.0,0.0239572102488258,0.01297589861124788,0.03611786206303106,0.01745978415840202,0.006895321808341477,0.02848927327431738,-0.022222222222222223,-0.08888888888888889,0.044444444444444446,0.011095160245895385,0.006311584032244153,0.016027031441529588,False
mediation_aware_recourse,False,30.0,0.5,5.0,45,0.5510300380488237,0.3486700939863092,0.7619145325012504,0.00045027935670481785,0.00015587627991206116,0.0007859681463903851,0.1773410307036506,0.16627206939789985,0.19008687193195023,0.22153899586862988,0.21457021362458667,0.22941904697153304,0.24522837267981634,0.23976902339193557,0.25123493005832037,0.463124050365554,0.44242478386395506,0.4862496945675876,0.37759774062368606,0.3671997166507774,0.386708417981863,0.37912683798703883,0.3702366320776029,0.3878139429863128,0.7555555555555555,0.6222222222222222,0.8666666666666667,0.0,0.0,0.0,0.0,0.0,0.0,0.08552630974186791,0.07209583687285583,0.10048780101868841,0.18467257244438096,0.16297398125661186,0.20678813280438457,0.18467257244438096,0.16210281195039686,0.20549754452647853,0.0,0.0,0.0,0.0,0.0,0.0,0.024426068907203224,0.013789979150251847,0.03690726542774519,0.017787546043594678,0.00735479540605512,0.02891039683587021,-0.022222222222222223,-0.08888888888888889,0.044444444444444446,0.011312299966812133,0.0065273162391450675,0.016440931326813166,False
mediation_aware_recourse,False,30.0,0.5119911176680398,5.0,45,0.5510300380488237,0.3486700939863092,0.7619145325012504,0.00045027935670481785,0.00015587627991206116,0.0007859681463903851,0.1773410307036506,0.16627206939789985,0.19008687193195023,0.22153899586862988,0.21457021362458667,0.22941904697153304,0.24522837267981634,0.23976902339193557,0.25123493005832037,0.463124050365554,0.44242478386395506,0.4862496945675876,0.37759774062368606,0.3671997166507774,0.386708417981863,0.37912683798703883,0.3702366320776029,0.3878139429863128,0.7555555555555555,0.6222222222222222,0.8666666666666667,0.0,0.0,0.0,0.0,0.0,0.0,0.08552630974186791,0.07209583687285583,0.10048780101868841,0.18467257244438096,0.16297398125661186,0.20678813280438457,0.18467257244438096,0.16210281195039686,0.20549754452647853,0.0,0.0,0.0,0.0,0.0,0.0,0.024426068907203224,0.013789979150251847,0.03690726542774519,0.017787546043594678,0.00735479540605512,0.02891039683587021,-0.022222222222222223,-0.08888888888888889,0.044444444444444446,0.011312299966812133,0.0065273162391450675,0.016440931326813166,True
mediation_aware_recourse,False,30.0,1.0,5.0,45,0.5499546868105729,0.34756813652192553,0.7608391812629997,0.00045027935670481785,0.00015587627991206116,0.0007859681463903851,0.17722616526815627,0.16621736761596467,0.19005780276325013,0.2217726296848721,0.21464500014359753,0.22945583582959242,0.24522837267981634,0.23976902339193557,0.25123493005832037,0.463124050365554,0.44242478386395506,0.4862496945675876,0.37800369527604843,0.3674087969793214,0.38704338250888715,0.3795246735463539,0.37056986047720736,0.3882995215353866,0.7555555555555555,0.6222222222222222,0.8666666666666667,0.0,0.0,0.0,0.0,0.0,0.0,0.08512035508950551,0.07188705979122056,0.0999116613053613,0.18379601539224355,0.16125971373899609,0.20526498427057496,0.18379601539224355,0.1610390137511998,0.2053269025526993,0.0,0.0,0.0,0.0,0.0,0.0,0.02354951185506582,0.012479150511023954,0.03606161565912089,0.016712194805343947,0.006844046295930942,0.027557941007738312,-0.022222222222222223,-0.08888888888888889,0.044444444444444446,0.010906345314449735,0.0059075860348012715,0.01596753744615449,False
mediation_aware_recourse,False,30.0,2.0,5.0,45,0.5529045522212982,0.3511626680919694,0.7640844833809468,0.00042048431932926176,0.00013862927754720053,0.0007573968078941107,0.17691584097014534,0.16579523740543262,0.1898008552690347,0.22145318430331018,0.21426070162612532,0.22907704883358543,0.24522837267981634,0.23976902339193557,0.25123493005832037,0.463124050365554,0.44242478386395506,0.4862496945675876,0.3773492932319641,0.36689287814829086,0.38639774335755245,0.3788826257967286,0.3698511214246767,0.38762175528672,0.7777777777777778,0.6666666666666666,0.8888888888888888,0.0,0.0,0.0,0.0,0.0,0.0,0.08577475713358985,0.07246854130592612,0.10047198385828071,0.18520903214999518,0.16269246859223013,0.20708429248678215,0.18520903214999518,0.16221340686384714,0.20617574719425405,0.0,0.0,0.0,0.0,0.0,0.0,0.024962528612817447,0.013761556045243878,0.03758729070341456,0.01966206021606922,0.009799988883444005,0.030840902310899556,0.0,-0.08888888888888889,0.08888888888888889,0.011560747358534072,0.0066408070425192514,0.016675431380669275,False
mediation_aware_recourse,False,30.0,5.0,5.0,45,0.5874558205405871,0.394502690397203,0.7981440297224455,0.00028985279301802316,6.845857430663374e-05,0.0005784372809446519,0.17214933898713852,0.16098937506477037,0.1848388350672192,0.21847447661889924,0.2102016237564385,0.22681866452097893,0.24522837267981634,0.23976902339193557,0.25123493005832037,0.463124050365554,0.44242478386395506,0.4862496945675876,0.36803317533599006,0.35350066655211976,0.38000067735711734,0.3699880960964494,0.35749999707171487,0.3815010894019571,0.8222222222222222,0.7111111111111111,0.9333333333333333,0.0,0.0,0.0,0.0,0.0,0.0,0.0950908750295639,0.08259522505932385,0.10839843920535511,0.20532484753168534,0.18356509270431765,0.22481923752261224,0.20532484753168534,0.18348732850538294,0.22494076578403344,0.0,0.0,0.0,0.0,0.0,0.0,0.04507834399450761,0.026358799866398993,0.06737288630980476,0.05421332853535811,0.033889138970731036,0.07526858411315414,0.044444444444444446,-0.044444444444444446,0.15555555555555556,0.020876865254508124,0.012564083519909118,0.030021284206045995,False
transport_anchor_only,False,0.0,0.0,10.0,45,0.1861207428905699,0.17923774645560317,0.19300374885400137,0.036711924605899386,0.021872183514965907,0.05291587140825059,0.1725102206071218,0.16189585748645996,0.1846613764266173,0.23496282539433902,0.2211536783600847,0.2489429751742217,0.24522837267981634,0.23976902339193557,0.25123493005832037,0.463124050365554,0.44242478386395506,0.4862496945675876,0.39991506603029037,0.3729279005030791,0.4255019115904967,0.4017597683370114,0.37777670497289956,0.42793919306459516,0.5555555555555556,0.4,0.6888888888888889,0.0,0.0,0.0,0.0,0.0,0.0,0.06320898433526358,0.058273519550760586,0.06847222242090438,0.13648391675053662,0.12000392301911803,0.15422034098058957,0.13648391675053662,0.12158854062392616,0.15343380397095305,0.0,0.0,0.0,0.0,0.0,0.0,0.13648391675053662,0.12078360764153823,0.1534258131029838,0.1861207428905699,0.17923774645560317,0.19300374885400137,0.3333333333333333,0.2,0.4666666666666667,0.06320898433526358,0.05796073588232199,0.06857739085952441,False
mediation_aware_recourse,False,0.0,0.5,10.0,45,0.1861207428905699,0.17923774645560317,0.19300374885400137,0.036711924605899386,0.021872183514965907,0.05291587140825059,0.1725102206071218,0.16189585748645996,0.1846613764266173,0.23496282539433902,0.2211536783600847,0.2489429751742217,0.24522837267981634,0.23976902339193557,0.25123493005832037,0.463124050365554,0.44242478386395506,0.4862496945675876,0.39991506603029037,0.3729279005030791,0.4255019115904967,0.4017597683370114,0.37777670497289956,0.42793919306459516,0.5555555555555556,0.4,0.6888888888888889,0.0,0.0,0.0,0.0,0.0,0.0,0.06320898433526358,0.058273519550760586,0.06847222242090438,0.13648391675053662,0.12000392301911803,0.15422034098058957,0.13648391675053662,0.12158854062392616,0.15343380397095305,0.0,0.0,0.0,0.0,0.0,0.0,0.13648391675053662,0.12078360764153823,0.1534258131029838,0.1861207428905699,0.17923774645560317,0.19300374885400137,0.3333333333333333,0.2,0.4666666666666667,0.06320898433526358,0.05796073588232199,0.06857739085952441,False
mediation_aware_recourse,False,0.0,0.5119911176680398,10.0,45,0.1861207428905699,0.17923774645560317,0.19300374885400137,0.036711924605899386,0.021872183514965907,0.05291587140825059,0.1725102206071218,0.16189585748645996,0.1846613764266173,0.23496282539433902,0.2211536783600847,0.2489429751742217,0.24522837267981634,0.23976902339193557,0.25123493005832037,0.463124050365554,0.44242478386395506,0.4862496945675876,0.39991506603029037,0.3729279005030791,0.4255019115904967,0.4017597683370114,0.37777670497289956,0.42793919306459516,0.5555555555555556,0.4,0.6888888888888889,0.0,0.0,0.0,0.0,0.0,0.0,0.06320898433526358,0.058273519550760586,0.06847222242090438,0.13648391675053662,0.12000392301911803,0.15422034098058957,0.13648391675053662,0.12158854062392616,0.15343380397095305,0.0,0.0,0.0,0.0,0.0,0.0,0.13648391675053662,0.12078360764153823,0.1534258131029838,0.1861207428905699,0.17923774645560317,0.19300374885400137,0.3333333333333333,0.2,0.4666666666666667,0.06320898433526358,0.05796073588232199,0.06857739085952441,True
mediation_aware_recourse,False,0.0,1.0,10.0,45,0.1861207428905699,0.17923774645560317,0.19300374885400137,0.036711924605899386,0.021872183514965907,0.05291587140825059,0.1725102206071218,0.16189585748645996,0.1846613764266173,0.23496282539433902,0.2211536783600847,0.2489429751742217,0.24522837267981634,0.23976902339193557,0.25123493005832037,0.463124050365554,0.44242478386395506,0.4862496945675876,0.39991506603029037,0.3729279005030791,0.4255019115904967,0.4017597683370114,0.37777670497289956,0.42793919306459516,0.5555555555555556,0.4,0.6888888888888889,0.0,0.0,0.0,0.0,0.0,0.0,0.06320898433526358,0.058273519550760586,0.06847222242090438,0.13648391675053662,0.12000392301911803,0.15422034098058957,0.13648391675053662,0.12158854062392616,0.15343380397095305,0.0,0.0,0.0,0.0,0.0,0.0,0.13648391675053662,0.12078360764153823,0.1534258131029838,0.1861207428905699,0.17923774645560317,0.19300374885400137,0.3333333333333333,0.2,0.4666666666666667,0.06320898433526358,0.05796073588232199,0.06857739085952441,False
mediation_aware_recourse,False,0.0,2.0,10.0,45,0.1866842008299298,0.17905361181332005,0.19398702449268765,0.037229111459520126,0.021925581081045996,0.05391095699535476,0.17159751852353414,0.16123299754328196,0.18339822775787776,0.23505434319376944,0.22075186163393987,0.24923318033003145,0.24522837267981634,0.23976902339193557,0.25123493005832037,0.463124050365554,0.44242478386395506,0.4862496945675876,0.39975294669469197,0.37173995917042096,0.42601909844411745,0.40165395328402514,0.37722748237049414,0.4281594442822039,0.5555555555555556,0.4,0.6888888888888889,0.0,0.0,0.0,0.0,0.0,0.0,0.06337110367086199,0.057627589462531936,0.0689756798495849,0.13683397271388043,0.11999565182558229,0.1557384332858153,0.13683397271388043,0.12087854279406073,0.15500650103598906,0.0,0.0,0.0,0.0,0.0,0.0,0.13683397271388043,0.12024875761091852,0.15435006168980778,0.1866842008299298,0.17905361181332005,0.19398702449268765,0.3333333333333333,0.2,0.4666666666666667,0.06337110367086199,0.05784161601629522,0.06911666582028071,False
mediation_aware_recourse,False,0.0,5.0,10.0,45,0.2158514259590043,0.18785932881550657,0.24272266146209504,0.038964640431933935,0.023454662097824944,0.05609122092525164,0.16654664675394695,0.15624030464225344,0.17846116743153995,0.233978315608369,0.21824722792746293,0.24919780341908335,0.24522837267981634,0.23976902339193557,0.25123493005832037,0.463124050365554,0.44242478386395506,0.4862496945675876,0.3947834961944156,0.36247677758336067,0.4234886830382877,0.3971282777819368,0.3698138254230635,0.4273616965944155,0.5333333333333333,0.4,0.6666666666666666,0.0,0.0,0.0,0.0,0.0,0.0,0.06834055417113834,0.05872303974297312,0.07752912877334488,0.14756425220671587,0.1223727423283464,0.17620863686843882,0.14756425220671587,0.12264688502743691,0.17395586402879426,0.0,0.0,0.0,0.0,0.0,0.0,0.14756425220671587,0.12242160036718021,0.1745759244403133,0.2158514259590043,0.18785932881550657,0.24272266146209504,0.3111111111111111,0.17777777777777778,0.4444444444444444,0.06834055417113834,0.05903963867988851,0.07794718897177114,False
transport_anchor_only,False,1.0,0.0,10.0,45,0.19009807374742296,0.18153207335207197,0.19932070245345435,0.03561531702677409,0.021445737878481547,0.05043166478474935,0.17260727485020955,0.16202130190200278,0.1846613764266173,0.23466252494189474,0.22070019227556056,0.24890964143806035,0.24522837267981634,0.23976902339193557,0.25123493005832037,0.463124050365554,0.44242478386395506,0.4862496945675876,0.39941124187575444,0.37272254425618384,0.4247846361994744,0.40125594418247545,0.37727288081836363,0.4271417101408459,0.5555555555555556,0.4,0.6888888888888889,0.0,0.0,0.0,0.0,0.0,0.0,0.0637128084897995,0.05859340944223934,0.06885627085136042,0.1375717983972321,0.12187627708494254,0.15488064940792262,0.1375717983972321,0.12261611489555413,0.1546836861331952,0.0,0.0,0.0,0.0,0.0,0.0,0.13637509698255978,0.12004619166894605,0.15330268451715467,0.18930260746015443,0.18059547101871834,0.19866517545448412,0.3333333333333333,0.2,0.4666666666666667,0.06315858728355832,0.05776712265279558,0.06866386060913404,False
mediation_aware_recourse,False,1.0,0.5,10.0,45,0.19009807374742296,0.18153207335207197,0.19932070245345435,0.03561531702677409,0.021445737878481547,0.05043166478474935,0.17260727485020955,0.16202130190200278,0.1846613764266173,0.23466252494189474,0.22070019227556056,0.24890964143806035,0.24522837267981634,0.23976902339193557,0.25123493005832037,0.463124050365554,0.44242478386395506,0.4862496945675876,0.39941124187575444,0.37272254425618384,0.4247846361994744,0.40125594418247545,0.37727288081836363,0.4271417101408459,0.5555555555555556,0.4,0.6888888888888889,0.0,0.0,0.0,0.0,0.0,0.0,0.0637128084897995,0.05859340944223934,0.06885627085136042,0.1375717983972321,0.12187627708494254,0.15488064940792262,0.1375717983972321,0.12261611489555413,0.1546836861331952,0.0,0.0,0.0,0.0,0.0,0.0,0.13637509698255978,0.12004619166894605,0.15330268451715467,0.18930260746015443,0.18059547101871834,0.19866517545448412,0.3333333333333333,0.2,0.4666666666666667,0.06315858728355832,0.05776712265279558,0.06866386060913404,False
mediation_aware_recourse,False,1.0,0.5119911176680398,10.0,45,0.19009807374742296,0.18153207335207197,0.19932070245345435,0.03561531702677409,0.021445737878481547,0.05043166478474935,0.17260727485020955,0.16202130190200278,0.1846613764266173,0.23466252494189474,0.22070019227556056,0.24890964143806035,0.24522837267981634,0.23976902339193557,0.25123493005832037,0.463124050365554,0.44242478386395506,0.4862496945675876,0.39941124187575444,0.37272254425618384,0.4247846361994744,0.40125594418247545,0.37727288081836363,0.4271417101408459,0.5555555555555556,0.4,0.6888888888888889,0.0,0.0,0.0,0.0,0.0,0.0,0.0637128084897995,0.05859340944223934,0.06885627085136042,0.1375717983972321,0.12187627708494254,0.15488064940792262,0.1375717983972321,0.12261611489555413,0.1546836861331952,0.0,0.0,0.0,0.0,0.0,0.0,0.13637509698255978,0.12004619166894605,0.15330268451715467,0.18930260746015443,0.18059547101871834,0.19866517545448412,0.3333333333333333,0.2,0.4666666666666667,0.06315858728355832,0.05776712265279558,0.06866386060913404,True
mediation_aware_recourse,False,1.0,1.0,10.0,45,0.19009807374742296,0.18153207335207197,0.19932070245345435,0.03561531702677409,0.021445737878481547,0.05043166478474935,0.17260727485020955,0.16202130190200278,0.1846613764266173,0.23466252494189474,0.22070019227556056,0.24890964143806035,0.24522837267981634,0.23976902339193557,0.25123493005832037,0.463124050365554,0.44242478386395506,0.4862496945675876,0.39941124187575444,0.37272254425618384,0.4247846361994744,0.40125594418247545,0.37727288081836363,0.4271417101408459,0.5555555555555556,0.4,0.6888888888888889,0.0,0.0,0.0,0.0,0.0,0.0,0.0637128084897995,0.05859340944223934,0.06885627085136042,0.1375717983972321,0.12187627708494254,0.15488064940792262,0.1375717983972321,0.12261611489555413,0.1546836861331952,0.0,0.0,0.0,0.0,0.0,0.0,0.13637509698255978,0.12004619166894605,0.15330268451715467,0.18930260746015443,0.18059547101871834,0.19866517545448412,0.3333333333333333,0.2,0.4666666666666667,0.06315858728355832,0.05776712265279558,0.06866386060913404,False
mediation_aware_recourse,False,1.0,2.0,10.0,45,0.19103717075453863,0.1844819366104073,0.19694508824911383,0.03651005625724792,0.021728550410932964,0.05271162158913082,0.17175263696246676,0.1611405856245094,0.18371017065313128,0.23460731903711954,0.22051986722275616,0.24863803343847393,0.24522837267981634,0.23976902339193557,0.25123493005832037,0.463124050365554,0.44242478386395506,0.4862496945675876,0.39903389149241975,0.371493748790688,0.4253963808218638,0.4009368789295355,0.3767221046374905,0.42713171184224374,0.5555555555555556,0.4,0.6888888888888889,0.0,0.0,0.0,0.0,0.0,0.0,0.06409015887313418,0.05890137737823857,0.06938701146178775,0.138386591718885,0.12191393890643148,0.15651457611938824,0.138386591718885,0.12293687119806544,0.15653401719912233,0.0,0.0,0.0,0.0,0.0,0.0,0.1371898903042127,0.12041882362191383,0.15503756780979644,0.19024170446727012,0.18382640937136277,0.19646918027765223,0.3333333333333333,0.2,0.4666666666666667,0.063535937666893,0.057971695587039,0.06918463580310345,False
mediation_aware_recourse,False,1.0,5.0,10.0,45,0.23466645843452877,0.21158221285376283,0.258871525021063,0.03603071371714274,0.020854418641991085,0.05240454407201872,0.16682148642010158,0.15614496952957577,0.17895249280664655,0.23204385427137217,0.2168096061092284,0.24711830984594094,0.24522837267981634,0.23976902339193557,0.25123493005832037,0.463124050365554,0.44242478386395506,0.4862496945675876,0.39179003768497045,0.3606995733413431,0.42115267020132807,0.3941573847366704,0.36719984244257214,0.4236159439851427,0.5555555555555556,0.4,0.6888888888888889,0.0,0.0,0.0,0.0,0.0,0.0,0.07133401268058354,0.062485020483533535,0.08003308375676473,0.15402787357788483,0.13050140626011408,0.18217959320184568,0.15402787357788483,0.1301520612196954,0.18069005946835165,0.0,0.0,0.0,0.0,0.0,0.0,0.15283117216321251,0.12851023564507943,0.17824993713393322,0.23387099214726023,0.21018257854713335,0.25779258576532205,0.3333333333333333,0.2,0.4666666666666667,0.07077979147434235,0.06201348035699791,0.07926340704990757,False
transport_anchor_only,False,3.0,0.0,10.0,45,0.2724620557493634,0.24241251537369357,0.30687393171919713,0.025198496712578667,0.013296246197488574,0.03792597863409254,0.17300596568319532,0.16210557219054963,0.18559554480844073,0.2285405666877826,0.2152993123543759,0.24125672853448324,0.24522837267981634,0.23976902339193557,0.25123493005832037,0.463124050365554,0.44242478386395506,0.4862496945675876,0.38863604333665636,0.3642043615049786,0.4106897789736589,0.3905440692471133,0.36949473033419084,0.4133879231414033,0.5777777777777777,0.4438888888888889,0.7111111111111111,0.0,0.0,0.0,0.0,0.0,0.0,0.0744880070288976,0.06988097890383668,0.07905371889472008,0.16083813174915573,0.14848922597687375,0.17466994062628002,0.16083813174915573,0.14800778310967302,0.17443892694984378,0.0,0.0,0.0,0.0,0.0,0.0,0.11688335754331369,0.10194521456090426,0.13319425193020865,0.2374578509479761,0.20815933836106626,0.270274232659075,0.26666666666666666,0.15500000000000003,0.4,0.05413149396578471,0.0480892909069856,0.06040775270925628,False
mediation_aware_recourse,False,3.0,0.5,10.0,45,0.2724620557493634,0.24241251537369357,0.30687393171919713,0.025198496712578667,0.013296246197488574,0.03792597863409254,0.17300596568319532,0.16210557219054963,0.18559554480844073,0.2285405666877826,0.2152993123543759,0.24125672853448324,0.24522837267981634,0.23976902339193557,0.25123493005832037,0.463124050365554,0.44242478386395506,0.4862496945675876,0.38863604333665636,0.3642043615049786,0.4106897789736589,0.3905440692471133,0.36949473033419084,0.4133879231414033,0.5777777777777777,0.4438888888888889,0.7111111111111111,0.0,0.0,0.0,0.0,0.0,0.0,0.0744880070288976,0.06988097890383668,0.07905371889472008,0.16083813174915573,0.14848922597687375,0.17466994062628002,0.16083813174915573,0.14800778310967302,0.17443892694984378,0.0,0.0,0.0,0.0,0.0,0.0,0.11688335754331369,0.10194521456090426,0.13319425193020865,0.2374578509479761,0.20815933836106626,0.270274232659075,0.26666666666666666,0.15500000000000003,0.4,0.05413149396578471,0.0480892909069856,0.06040775270925628,False
mediation_aware_recourse,False,3.0,0.5119911176680398,10.0,45,0.2724620557493634,0.24241251537369357,0.30687393171919713,0.025198496712578667,0.013296246197488574,0.03792597863409254,0.17300596568319532,0.16210557219054963,0.18559554480844073,0.2285405666877826,0.2152993123543759,0.24125672853448324,0.24522837267981634,0.23976902339193557,0.25123493005832037,0.463124050365554,0.44242478386395506,0.4862496945675876,0.38863604333665636,0.3642043615049786,0.4106897789736589,0.3905440692471133,0.36949473033419084,0.4133879231414033,0.5777777777777777,0.4438888888888889,0.7111111111111111,0.0,0.0,0.0,0.0,0.0,0.0,0.0744880070288976,0.06988097890383668,0.07905371889472008,0.16083813174915573,0.14848922597687375,0.17466994062628002,0.16083813174915573,0.14800778310967302,0.17443892694984378,0.0,0.0,0.0,0.0,0.0,0.0,0.11688335754331369,0.10194521456090426,0.13319425193020865,0.2374578509479761,0.20815933836106626,0.270274232659075,0.26666666666666666,0.15500000000000003,0.4,0.05413149396578471,0.0480892909069856,0.06040775270925628,True
mediation_aware_recourse,False,3.0,1.0,10.0,45,0.27643938693735337,0.24470199326674144,0.3117772659493817,0.024872287776735093,0.013037101808521483,0.03775258877211147,0.17281403144200644,0.16191363794936076,0.18535312270124754,0.2282557682444652,0.21510945703316894,0.24094533674936328,0.24522837267981634,0.23976902339193557,0.25123493005832037,0.463124050365554,0.44242478386395506,0.4862496945675876,0.38791174954838226,0.36348677651749717,0.41013121702604827,0.38982228042350875,0.36887625097342663,0.41280458314228397,0.6,0.4444444444444444,0.7333333333333333,0.0,0.0,0.0,0.0,0.0,0.0,0.07521230081717173,0.07044003499878777,0.08003422542578645,0.1624020621641329,0.1497684954597814,0.17591271205183637,0.1624020621641329,0.14968952279836173,0.17606164421679424,0.0,0.0,0.0,0.0,0.0,0.0,0.11844728795829085,0.10354853540729138,0.13504381633101786,0.2414351821359661,0.2113903873299973,0.2745267386827618,0.28888888888888886,0.15555555555555556,0.4222222222222222,0.05485578775405884,0.04897461872961786,0.0611331754260593,False
mediation_aware_recourse,False,3.0,2.0,10.0,45,0.27139040562841626,0.24092099195553196,0.3050872883697351,0.02579517430729336,0.0133607203927305,0.039077069676584655,0.17141028775109185,0.16093582454654906,0.18382476217216917,0.22870299166275396,0.21509809954919748,0.2420719070970598,0.24522837267981634,0.23976902339193557,0.25123493005832037,0.463124050365554,0.44242478386395506,0.4862496945675876,0.3880028002791934,0.3629459844198492,0.4107629210253556,0.38996469796697303,0.36878065994406733,0.4130238810256952,0.6222222222222222,0.4666666666666667,0.7555555555555555,0.0,0.0,0.0,0.0,0.0,0.0,0.0751212500863605,0.06947138521406386,0.08033930382794804,0.16220546099272037,0.14836411751425155,0.17782444389348545,0.16220546099272037,0.14705549578007543,0.17744723373651972,0.0,0.0,0.0,0.0,0.0,0.0,0.11825068678687833,0.10175788774051656,0.13643962170928492,0.23638620082702902,0.20745272977070675,0.2688245150001926,0.3111111111111111,0.17777777777777778,0.4444444444444444,0.05476473702324761,0.048418392688035966,0.061574944009383514,False
mediation_aware_recourse,False,3.0,5.0,10.0,45,0.31506384246879154,0.27186224297516876,0.36115383411447205,0.025291959486073917,0.012039819790257348,0.03912384672400851,0.16645129058096145,0.1559950039949682,0.17838921803567145,0.22622996084392072,0.21177091444635557,0.2403218438848853,0.24522837267981634,0.23976902339193557,0.25123493005832037,0.463124050365554,0.44242478386395506,0.4862496945675876,0.3804694844616784,0.3519922865927219,0.40635271756185426,0.3829075052589178,0.35860376663973764,0.4085365430867093,0.6222222222222222,0.4666666666666667,0.7555555555555555,0.0,0.0,0.0,0.0,0.0,0.0,0.08265456590387556,0.07381817355751992,0.09178029295470978,0.17847176331834746,0.1561184750360344,0.2026204560380528,0.17847176331834746,0.1552313350823805,0.20253672445212445,0.0,0.0,0.0,0.0,0.0,0.0,0.13451698911250543,0.11070268673156167,0.16173037663894818,0.28005963766740427,0.23709333892187312,0.32715015156505006,0.3111111111111111,0.17777777777777778,0.4444444444444444,0.06229805284076267,0.05227499749925402,0.07311838103665246,False
transport_anchor_only,False,10.0,0.0,10.0,45,0.48997802370124394,0.36983607983423605,0.6235446153581142,0.006309837144282129,0.0010413784864876006,0.014170869175965585,0.1729660365316603,0.16153000215689342,0.1860980658729871,0.21830717631512217,0.20823494732172954,0.2285807752671341,0.24522837267981634,0.23976902339193557,0.25123493005832037,0.463124050365554,0.44242478386395506,0.4862496945675876,0.36886252893341914,0.350299359112978,0.3844920964207914,0.3709003196143441,0.356106527603252,0.38668873918197216,0.6888888888888889,0.5555555555555556,0.8222222222222222,0.0,0.0,0.0,0.0,0.0,0.0,0.09426152143213484,0.0844270205580526,0.1039248627755377,0.20353406686120523,0.18763263956787643,0.2196851895608995,0.20353406686120523,0.1864098886703624,0.21974140475376447,0.0,0.0,0.0,0.0,0.0,0.0,0.09033428427565704,0.06754896368753036,0.11316670949127432,0.24635904046396415,0.15592940004438988,0.35442770690967634,0.26666666666666666,0.13333333333333333,0.4,0.041835979620615645,0.03202837549977832,0.051389391140805346,False
mediation_aware_recourse,False,10.0,0.5,10.0,45,0.48997802370124394,0.36983607983423605,0.6235446153581142,0.006309837144282129,0.0010413784864876006,0.014170869175965585,0.1729660365316603,0.16153000215689342,0.1860980658729871,0.21830717631512217,0.20823494732172954,0.2285807752671341,0.24522837267981634,0.23976902339193557,0.25123493005832037,0.463124050365554,0.44242478386395506,0.4862496945675876,0.36886252893341914,0.350299359112978,0.3844920964207914,0.3709003196143441,0.356106527603252,0.38668873918197216,0.6888888888888889,0.5555555555555556,0.8222222222222222,0.0,0.0,0.0,0.0,0.0,0.0,0.09426152143213484,0.0844270205580526,0.1039248627755377,0.20353406686120523,0.18763263956787643,0.2196851895608995,0.20353406686120523,0.1864098886703624,0.21974140475376447,0.0,0.0,0.0,0.0,0.0,0.0,0.09033428427565704,0.06754896368753036,0.11316670949127432,0.24635904046396415,0.15592940004438988,0.35442770690967634,0.26666666666666666,0.13333333333333333,0.4,0.041835979620615645,0.03202837549977832,0.051389391140805346,False
mediation_aware_recourse,False,10.0,0.5119911176680398,10.0,45,0.48997802370124394,0.36983607983423605,0.6235446153581142,0.006309837144282129,0.0010413784864876006,0.014170869175965585,0.1729660365316603,0.16153000215689342,0.1860980658729871,0.21830717631512217,0.20823494732172954,0.2285807752671341,0.24522837267981634,0.23976902339193557,0.25123493005832037,0.463124050365554,0.44242478386395506,0.4862496945675876,0.36886252893341914,0.350299359112978,0.3844920964207914,0.3709003196143441,0.356106527603252,0.38668873918197216,0.6888888888888889,0.5555555555555556,0.8222222222222222,0.0,0.0,0.0,0.0,0.0,0.0,0.09426152143213484,0.0844270205580526,0.1039248627755377,0.20353406686120523,0.18763263956787643,0.2196851895608995,0.20353406686120523,0.1864098886703624,0.21974140475376447,0.0,0.0,0.0,0.0,0.0,0.0,0.09033428427565704,0.06754896368753036,0.11316670949127432,0.24635904046396415,0.15592940004438988,0.35442770690967634,0.26666666666666666,0.13333333333333333,0.4,0.041835979620615645,0.03202837549977832,0.051389391140805346,True
mediation_aware_recourse,False,10.0,1.0,10.0,45,0.48997802370124394,0.36983607983423605,0.6235446153581142,0.006309837144282129,0.0010413784864876006,0.014170869175965585,0.1729660365316603,0.16153000215689342,0.1860980658729871,0.21830717631512217,0.20823494732172954,0.2285807752671341,0.24522837267981634,0.23976902339193557,0.25123493005832037,0.463124050365554,0.44242478386395506,0.4862496945675876,0.36886252893341914,0.350299359112978,0.3844920964207914,0.3709003196143441,0.356106527603252,0.38668873918197216,0.6888888888888889,0.5555555555555556,0.8222222222222222,0.0,0.0,0.0,0.0,0.0,0.0,0.09426152143213484,0.0844270205580526,0.1039248627755377,0.20353406686120523,0.18763263956787643,0.2196851895608995,0.20353406686120523,0.1864098886703624,0.21974140475376447,0.0,0.0,0.0,0.0,0.0,0.0,0.09033428427565704,0.06754896368753036,0.11316670949127432,0.24635904046396415,0.15592940004438988,0.35442770690967634,0.26666666666666666,0.13333333333333333,0.4,0.041835979620615645,0.03202837549977832,0.051389391140805346,False
mediation_aware_recourse,False,10.0,2.0,10.0,45,0.48352223038673403,0.3716603219923046,0.6140562682267692,0.006931467230121295,0.0009779712392224205,0.014963437541284494,0.17189691662788392,0.16056578283508618,0.18480109246240722,0.21849062558677462,0.20807058180785842,0.2292289815718929,0.24522837267981634,0.23976902339193557,0.25123493005832037,0.463124050365554,0.44242478386395506,0.4862496945675876,0.3686358398861355,0.349523432172007,0.38500793976916203,0.37072456565664874,0.3551872581564304,0.3874269216649648,0.6888888888888889,0.5555555555555556,0.8222222222222222,0.0,0.0,0.0,0.0,0.0,0.0,0.09448821047941844,0.08516254431671566,0.10382613531417317,0.20402354489005015,0.1880101150632445,0.221046662387193,0.20402354489005015,0.1870562652505714,0.2201155525967699,0.0,0.0,0.0,0.0,0.0,0.0,0.09082376230450195,0.0680397091739173,0.11319458676907139,0.2399032471494542,0.158041743527477,0.3409112402745005,0.26666666666666666,0.13333333333333333,0.4,0.04206266866789924,0.03223661023709509,0.05164455576075448,False
mediation_aware_recourse,False,10.0,5.0,10.0,45,0.5012656311194102,0.4045322203305033,0.6228654618892404,0.008157283771369192,0.0018148906228856907,0.016333083973990546,0.16793630652957492,0.15697428145342404,0.18088788131872813,0.21690633561876085,0.20536586201646262,0.2287166432870759,0.24522837267981634,0.23976902339193557,0.25123493005832037,0.463124050365554,0.44242478386395506,0.4862496945675876,0.36283155481020607,0.3406950697965092,0.3814177629682753,0.3653712457600567,0.34617019846041996,0.38450533210912513,0.6888888888888889,0.5555555555555556,0.8222222222222222,0.0,0.0,0.0,0.0,0.0,0.0,0.10029249555534786,0.08995176814496517,0.11029726071490183,0.21655643984842687,0.19711253113851945,0.23728995292036234,0.21655643984842687,0.1951107246646864,0.23676583756931324,0.0,0.0,0.0,0.0,0.0,0.0,0.10335665726287868,0.07553772740713535,0.13397772949655354,0.25764664788213043,0.18918357054185536,0.3389949509460065,0.26666666666666666,0.13333333333333333,0.4,0.04786695374382867,0.03538121685385704,0.060287666337357625,False
transport_anchor_only,False,30.0,0.0,10.0,45,0.6152492592732112,0.42752179006735486,0.8202105724397633,0.00015844441950321197,1.8121716048982408e-05,0.00038359371945261944,0.17233188350995382,0.16104287031624054,0.18530489058958158,0.21477963750561077,0.2065218948904011,0.2236421183600194,0.24522837267981634,0.23976902339193557,0.25123493005832037,0.463124050365554,0.44242478386395506,0.4862496945675876,0.36206983062956066,0.3469692467649778,0.37552977591753006,0.3641879572984245,0.35122639818319845,0.37753281379201337,0.8444444444444444,0.7333333333333333,0.9333333333333333,0.0,0.0,0.0,0.0,0.0,0.0,0.10105421973599328,0.08954825193517739,0.11315434573425187,0.21820119178917396,0.20060570134891784,0.23436745427786007,0.21820119178917396,0.1995699662880892,0.23527298019653947,0.0,0.0,0.0,0.0,0.0,0.0,0.057954688251996234,0.03591511296640362,0.08260396654570809,0.08200676726798216,0.061622818641157616,0.103065250299664,0.06666666666666667,-0.044444444444444446,0.17777777777777778,0.0268402099609375,0.017532488720284567,0.036887050618728,False
mediation_aware_recourse,False,30.0,0.5,10.0,45,0.6152492592732112,0.42752179006735486,0.8202105724397633,0.00015844441950321197,1.8121716048982408e-05,0.00038359371945261944,0.17233188350995382,0.16104287031624054,0.18530489058958158,0.21477963750561077,0.2065218948904011,0.2236421183600194,0.24522837267981634,0.23976902339193557,0.25123493005832037,0.463124050365554,0.44242478386395506,0.4862496945675876,0.36206983062956066,0.3469692467649778,0.37552977591753006,0.3641879572984245,0.35122639818319845,0.37753281379201337,0.8444444444444444,0.7333333333333333,0.9333333333333333,0.0,0.0,0.0,0.0,0.0,0.0,0.10105421973599328,0.08954825193517739,0.11315434573425187,0.21820119178917396,0.20060570134891784,0.23436745427786007,0.21820119178917396,0.1995699662880892,0.23527298019653947,0.0,0.0,0.0,0.0,0.0,0.0,0.057954688251996234,0.03591511296640362,0.08260396654570809,0.08200676726798216,0.061622818641157616,0.103065250299664,0.06666666666666667,-0.044444444444444446,0.17777777777777778,0.0268402099609375,0.017532488720284567,0.036887050618728,False
mediation_aware_recourse,False,30.0,0.5119911176680398,10.0,45,0.6152492592732112,0.42752179006735486,0.8202105724397633,0.00015844441950321197,1.8121716048982408e-05,0.00038359371945261944,0.17233188350995382,0.16104287031624054,0.18530489058958158,0.21477963750561077,0.2065218948904011,0.2236421183600194,0.24522837267981634,0.23976902339193557,0.25123493005832037,0.463124050365554,0.44242478386395506,0.4862496945675876,0.36206983062956066,0.3469692467649778,0.37552977591753006,0.3641879572984245,0.35122639818319845,0.37753281379201337,0.8444444444444444,0.7333333333333333,0.9333333333333333,0.0,0.0,0.0,0.0,0.0,0.0,0.10105421973599328,0.08954825193517739,0.11315434573425187,0.21820119178917396,0.20060570134891784,0.23436745427786007,0.21820119178917396,0.1995699662880892,0.23527298019653947,0.0,0.0,0.0,0.0,0.0,0.0,0.057954688251996234,0.03591511296640362,0.08260396654570809,0.08200676726798216,0.061622818641157616,0.103065250299664,0.06666666666666667,-0.044444444444444446,0.17777777777777778,0.0268402099609375,0.017532488720284567,0.036887050618728,True
mediation_aware_recourse,False,30.0,1.0,10.0,45,0.6152492592732112,0.42752179006735486,0.8202105724397633,0.00015844441950321197,1.8121716048982408e-05,0.00038359371945261944,0.17233188350995382,0.16104287031624054,0.18530489058958158,0.21477963750561077,0.2065218948904011,0.2236421183600194,0.24522837267981634,0.23976902339193557,0.25123493005832037,0.463124050365554,0.44242478386395506,0.4862496945675876,0.36206983062956066,0.3469692467649778,0.37552977591753006,0.3641879572984245,0.35122639818319845,0.37753281379201337,0.8444444444444444,0.7333333333333333,0.9333333333333333,0.0,0.0,0.0,0.0,0.0,0.0,0.10105421973599328,0.08954825193517739,0.11315434573425187,0.21820119178917396,0.20060570134891784,0.23436745427786007,0.21820119178917396,0.1995699662880892,0.23527298019653947,0.0,0.0,0.0,0.0,0.0,0.0,0.057954688251996234,0.03591511296640362,0.08260396654570809,0.08200676726798216,0.061622818641157616,0.103065250299664,0.06666666666666667,-0.044444444444444446,0.17777777777777778,0.0268402099609375,0.017532488720284567,0.036887050618728,False
mediation_aware_recourse,False,30.0,2.0,10.0,45,0.6234433127774133,0.43564799004130894,0.8325912721786234,6.575588550832537e-05,8.911556667751737e-06,0.00013636313896212308,0.17131858070691428,0.16026897713541985,0.18418419347869025,0.21440880596637726,0.20607870479424795,0.22337436738941405,0.24522837267981634,0.23976902339193557,0.25123493005832037,0.463124050365554,0.44242478386395506,0.4862496945675876,0.36098036236233183,0.3455848749147521,0.3748164520661036,0.3631620277878311,0.3500541731290933,0.37651919433664943,0.8666666666666667,0.7555555555555555,0.9555555555555556,0.0,0.0,0.0,0.0,0.0,0.0,0.10214368800322214,0.0902968821922938,0.11412627748317189,0.22055362472019735,0.20252522464524594,0.23770771794347587,0.22055362472019735,0.20137560440696423,0.23752080832467762,0.0,0.0,0.0,0.0,0.0,0.0,0.06030712118301962,0.038215924522479815,0.08565988389822418,0.09020082077218426,0.06865160237169929,0.11121696073354946,0.08888888888888889,-0.022222222222222223,0.2222222222222222,0.027929678228166367,0.01845812330643336,0.03827042582962248,False
mediation_aware_recourse,False,30.0,5.0,10.0,45,0.6610291911496057,0.47539654270642334,0.8650157864143451,6.575588550832537e-05,8.911556667751737e-06,0.00013636313896212308,0.16773096786604988,0.1565455008877648,0.18083288926217292,0.21197158561812507,0.20276789592165084,0.22146478176737824,0.24522837267981634,0.23976902339193557,0.25123493005832037,0.463124050365554,0.44242478386395506,0.4862496945675876,0.3539502607451545,0.33523669261071415,0.3702241008977095,0.35659304974310924,0.34035564868971707,0.3724533530003496,0.8666666666666667,0.7555555555555555,0.9555555555555556,0.0,0.0,0.0,0.0,0.0,0.0,0.10917378962039948,0.09667413104739454,0.12113888195819325,0.23573336244193366,0.21531789915360208,0.2563403817282611,0.23573336244193366,0.21356186508593633,0.25485764281684936,0.0,0.0,0.0,0.0,0.0,0.0,0.07548685890475593,0.04694770076338294,0.10836067322532722,0.12778669914437665,0.09333624808014268,0.16640233447257843,0.08888888888888889,-0.022222222222222223,0.2222222222222222,0.034959779845343694,0.022538411170244216,0.048576357182529235,False
ordinary_actionable_recourse,True,0.0,0.0,0.0,45,0.892878129126297,0.6163204109265159,1.1898131746591794,0.0,0.0,0.0,0.1713564872741699,0.16040498044755724,0.184202621281147,0.21000175029039383,0.20302739073004988,0.2185185967406465,0.24522837267981634,0.23976902339193557,0.25123493005832037,0.463124050365554,0.44242478386395506,0.4862496945675876,0.3428603874312507,0.3383695104055935,0.34723716643121505,0.3450149069527785,0.3408310879338946,0.34919150206823313,1.0,1.0,1.0,1.0,1.0,1.0,0.0,0.0,0.0,0.12026366293430328,0.1029474864486191,0.14006010837025112,0.25967915688977183,0.22792850404912268,0.28856779053096066,0.25967915688977183,0.2276738473293258,0.2885158319655108,0.0,0.0,0.0,0.0,0.0,0.0,0.0,0.0,0.0,0.0,0.0,0.0,0.0,0.0,0.0,0.0,0.0,0.0,False
distribution_constrained_recourse,False,10.0,0.0,0.0,45,5.710678116480509,4.960699571371078,6.540167960325877,0.0,0.0,0.0,0.07839691638946533,0.07479688151015176,0.08210215949349933,0.11857859533694055,0.11147533041114609,0.1262283786613908,0.24522837267981634,0.23976902339193557,0.25123493005832037,0.463124050365554,0.44242478386395506,0.4862496945675876,0.04621827469931709,0.04054665939675437,0.050762739611996545,0.09851044747895664,0.09810886208373641,0.0988853380617582,1.0,1.0,1.0,1.0,1.0,1.0,0.0,0.0,0.0,0.41570073664188384,0.3963229106366634,0.43813366758326694,0.9002032508075622,0.89020563312503,0.9107400799409278,0.8976012718703815,0.8890353350590512,0.9070141557670365,0.022222222222222223,0.0,0.06666666666666667,0.0006025195121765137,0.0,0.001807558536529541,0.6405240939177904,0.6121675397841876,0.6710963464841592,4.8177999873542126,4.3081020621541475,5.365607376329394,0.0,0.0,0.0,0.29543707370758054,0.29121139244900807,0.29921804530753027,False
