method,is_ordinary_actionable_baseline,eta,lambda_invariance,rho_anchor,n,cost,cost_lo,cost_hi,shortfall,shortfall_lo,shortfall_hi,direct_effect,direct_effect_lo,direct_effect_hi,transport,transport_lo,transport_hi,pre_recourse_mediated_prediction_disparity,pre_recourse_mediated_prediction_disparity_lo,pre_recourse_mediated_prediction_disparity_hi,pre_recourse_factual_mediated_prediction_disparity,pre_recourse_factual_mediated_prediction_disparity_lo,pre_recourse_factual_mediated_prediction_disparity_hi,post_recourse_mediated_prediction_disparity,post_recourse_mediated_prediction_disparity_lo,post_recourse_mediated_prediction_disparity_hi,outcome_wasserstein,outcome_wasserstein_lo,outcome_wasserstein_hi,feasible_rate,feasible_rate_lo,feasible_rate_hi,constraint_feasible_rate,constraint_feasible_rate_lo,constraint_feasible_rate_hi,constraint_abstention_rate,constraint_abstention_rate_lo,constraint_abstention_rate_hi,mean_absolute_gap_reduction,mean_absolute_gap_reduction_lo,mean_absolute_gap_reduction_hi,factual_mediated_prediction_disparity_closure,factual_mediated_prediction_disparity_closure_lo,factual_mediated_prediction_disparity_closure_hi,recipient_level_closure,recipient_level_closure_lo,recipient_level_closure_hi,overshoot_rate,overshoot_rate_lo,overshoot_rate_hi,overshoot_magnitude,overshoot_magnitude_lo,overshoot_magnitude_hi,factual_closure_gain_vs_actionable_baseline,factual_closure_gain_vs_actionable_baseline_lo,factual_closure_gain_vs_actionable_baseline_hi,cost_difference_vs_actionable_baseline,cost_difference_vs_actionable_baseline_lo,cost_difference_vs_actionable_baseline_hi,feasibility_difference_vs_actionable_baseline,feasibility_difference_vs_actionable_baseline_lo,feasibility_difference_vs_actionable_baseline_hi,paired_absolute_gap_gain_vs_actionable_baseline,paired_absolute_gap_gain_vs_actionable_baseline_lo,paired_absolute_gap_gain_vs_actionable_baseline_hi,is_effect_ratio_heuristic
soft_objective_recourse,False,0.0,0.0,0.0,250,0.0,0.0,0.0,0.5361731748853646,0.5006139114821817,0.5736748975177399,0.06115287079691234,0.05609591081568662,0.0665631703542692,0.4997030647060275,0.4892552119334341,0.511531534341596,0.03272994783893227,0.028341776256170126,0.037362179163098336,0.19928217575921908,0.17969574866500743,0.2215058220663786,0.19928217575921908,0.1781932242074842,0.2194385488096682,0.25996022091583393,0.24471305651100514,0.27646867977741696,0.06,0.036,0.092,0.0,0.0,0.0,0.0,0.0,0.0,0.0,0.0,0.0,0.0,0.0,0.0,0.0,0.0,0.0,0.0,0.0,0.0,0.0,0.0,0.0,0.0,0.0,0.0,0.0,0.0,0.0,0.0,0.0,0.0,0.0,0.0,0.0,False
direct_invariance_only,False,0.0,0.5,0.0,250,0.0,0.0,0.0,0.5361731748853646,0.5006139114821817,0.5736748975177399,0.06115287079691234,0.05609591081568662,0.0665631703542692,0.4997030647060275,0.4892552119334341,0.511531534341596,0.03272994783893227,0.028341776256170126,0.037362179163098336,0.19928217575921908,0.17969574866500743,0.2215058220663786,0.19928217575921908,0.1781932242074842,0.2194385488096682,0.25996022091583393,0.24471305651100514,0.27646867977741696,0.06,0.036,0.092,0.0,0.0,0.0,0.0,0.0,0.0,0.0,0.0,0.0,0.0,0.0,0.0,0.0,0.0,0.0,0.0,0.0,0.0,0.0,0.0,0.0,0.0,0.0,0.0,0.0,0.0,0.0,0.0,0.0,0.0,0.0,0.0,0.0,False
direct_invariance_only,False,0.0,1.0,0.0,250,0.0,0.0,0.0,0.5361731748853646,0.5006139114821817,0.5736748975177399,0.06115287079691234,0.05609591081568662,0.0665631703542692,0.4997030647060275,0.4892552119334341,0.511531534341596,0.03272994783893227,0.028341776256170126,0.037362179163098336,0.19928217575921908,0.17969574866500743,0.2215058220663786,0.19928217575921908,0.1781932242074842,0.2194385488096682,0.25996022091583393,0.24471305651100514,0.27646867977741696,0.06,0.036,0.092,0.0,0.0,0.0,0.0,0.0,0.0,0.0,0.0,0.0,0.0,0.0,0.0,0.0,0.0,0.0,0.0,0.0,0.0,0.0,0.0,0.0,0.0,0.0,0.0,0.0,0.0,0.0,0.0,0.0,0.0,0.0,0.0,0.0,False
direct_invariance_only,False,0.0,1.830018569291007,0.0,250,0.0,0.0,0.0,0.5361731748853646,0.5006139114821817,0.5736748975177399,0.06115287079691234,0.05609591081568662,0.0665631703542692,0.4997030647060275,0.4892552119334341,0.511531534341596,0.03272994783893227,0.028341776256170126,0.037362179163098336,0.19928217575921908,0.17969574866500743,0.2215058220663786,0.19928217575921908,0.1781932242074842,0.2194385488096682,0.25996022091583393,0.24471305651100514,0.27646867977741696,0.06,0.036,0.092,0.0,0.0,0.0,0.0,0.0,0.0,0.0,0.0,0.0,0.0,0.0,0.0,0.0,0.0,0.0,0.0,0.0,0.0,0.0,0.0,0.0,0.0,0.0,0.0,0.0,0.0,0.0,0.0,0.0,0.0,0.0,0.0,0.0,True
direct_invariance_only,False,0.0,2.0,0.0,250,0.0,0.0,0.0,0.5361731748853646,0.5006139114821817,0.5736748975177399,0.06115287079691234,0.05609591081568662,0.0665631703542692,0.4997030647060275,0.4892552119334341,0.511531534341596,0.03272994783893227,0.028341776256170126,0.037362179163098336,0.19928217575921908,0.17969574866500743,0.2215058220663786,0.19928217575921908,0.1781932242074842,0.2194385488096682,0.25996022091583393,0.24471305651100514,0.27646867977741696,0.06,0.036,0.092,0.0,0.0,0.0,0.0,0.0,0.0,0.0,0.0,0.0,0.0,0.0,0.0,0.0,0.0,0.0,0.0,0.0,0.0,0.0,0.0,0.0,0.0,0.0,0.0,0.0,0.0,0.0,0.0,0.0,0.0,0.0,0.0,0.0,False
direct_invariance_only,False,0.0,5.0,0.0,250,0.0,0.0,0.0,0.5361731748853646,0.5006139114821817,0.5736748975177399,0.06115287079691234,0.05609591081568662,0.0665631703542692,0.4997030647060275,0.4892552119334341,0.511531534341596,0.03272994783893227,0.028341776256170126,0.037362179163098336,0.19928217575921908,0.17969574866500743,0.2215058220663786,0.19928217575921908,0.1781932242074842,0.2194385488096682,0.25996022091583393,0.24471305651100514,0.27646867977741696,0.06,0.036,0.092,0.0,0.0,0.0,0.0,0.0,0.0,0.0,0.0,0.0,0.0,0.0,0.0,0.0,0.0,0.0,0.0,0.0,0.0,0.0,0.0,0.0,0.0,0.0,0.0,0.0,0.0,0.0,0.0,0.0,0.0,0.0,0.0,0.0,False
soft_objective_recourse,False,1.0,0.0,0.0,250,0.1844942097067833,0.1524347420312464,0.22076939635649323,0.30039513082637603,0.2619993144439184,0.3359990954836802,0.08051839462918889,0.07606578773838814,0.0847545984719647,0.4844429884489626,0.4774582446103152,0.4928818307601194,0.03272994783893227,0.028341776256170126,0.037362179163098336,0.19928217575921908,0.17969574866500743,0.2215058220663786,0.014109204857275027,-0.012167228697554048,0.04008441828965292,0.2354898669061842,0.2219835152255326,0.24953650278712886,0.084,0.052,0.116,0.0,0.0,0.0,0.0,0.0,0.0,0.03852504839632467,0.022685478995405475,0.05558372613315561,0.9291998654494703,0.7944644432954313,0.9961122015127091,0.18051324379655087,0.1136830974433615,0.2512051788078202,0.316,0.26,0.372,0.0733239612528097,0.05670172240626947,0.08853390721706125,0.0,0.0,0.0,0.0,0.0,0.0,0.0,0.0,0.0,0.0,0.0,0.0,False
direct_invariance_only,False,1.0,0.5,0.0,250,0.16468498390913008,0.13265359481573105,0.2001545460037887,0.32067834874210377,0.28172301817447887,0.3571286689862204,0.0778799049757101,0.0732200942254801,0.08217883952797443,0.4826475531641394,0.47593183183519544,0.49052861136832837,0.03272994783893227,0.028341776256170126,0.037362179163098336,0.19928217575921908,0.17969574866500743,0.2215058220663786,0.024502064431366825,-0.0026875016356028084,0.050563290981800936,0.23688205581781946,0.22368332733471274,0.25153109718016287,0.088,0.056,0.124,0.0,0.0,0.0,0.0,0.0,0.0,0.03446587090830402,0.018642790328538047,0.05068688777126912,0.8770483896112654,0.7392332940975289,0.9876155457362361,0.16149353256944055,0.09695088623823161,0.23006716989844359,0.284,0.228,0.344,0.07015712020977412,0.054625373422236584,0.08561397170639885,-0.0521514758382049,-0.10208799295623787,0.05081399126211731,-0.019809225797653197,-0.033629254853725435,-0.007819901704788208,0.004,0.0,0.012,-0.004059177488020641,-0.009041668163590274,0.0001673864098773692,False
direct_invariance_only,False,1.0,1.0,0.0,250,0.15852742165327072,0.12652630410790444,0.19255556230321524,0.32856543923195575,0.2890564178608512,0.36701588875789115,0.07574851570635414,0.07087315270855446,0.08029028845522321,0.4817325629188865,0.47477263998677205,0.48935537044703403,0.03272994783893227,0.028341776256170126,0.037362179163098336,0.19928217575921908,0.17969574866500743,0.2215058220663786,0.02358423414460163,-0.003552765026466449,0.0502776453232302,0.2381830823472589,0.22476820706279865,0.2524096729481244,0.092,0.056,0.128,0.0,0.0,0.0,0.0,0.0,0.0,0.03027114279794783,0.016119123845856495,0.04540112273327633,0.8816540713952408,0.7336942023095339,0.9892328706924312,0.14183868437158043,0.07962239376984986,0.2047929001000588,0.276,0.2199,0.332,0.07271339940833482,0.05738704464799773,0.08837123805342964,-0.04754579405422954,-0.11573078012531145,0.04796057004574269,-0.025966788053512574,-0.04430341078639031,-0.009217961686849597,0.008,0.0,0.02,-0.008253905598376831,-0.015683438485217006,-0.0016660028886582585,False
direct_invariance_only,False,1.0,1.830018569291007,0.0,250,0.14019197210669518,0.11173707153201103,0.17177003491297366,0.35102045855841857,0.30958388934559244,0.38856027595242537,0.07256439084039168,0.0679252627080072,0.07722685195972008,0.4830156243665516,0.47591871461265906,0.4906037966388278,0.03272994783893227,0.028341776256170126,0.037362179163098336,0.19928217575921908,0.17969574866500743,0.2215058220663786,0.034443592993225434,0.008098086684081247,0.06264692695376531,0.24246185285961053,0.228608784952445,0.2574743369288969,0.092,0.056,0.128,0.0,0.0,0.0,0.0,0.0,0.0,0.021316565846888964,0.00934614492965237,0.03391669731184768,0.8271616974172261,0.6766755101599786,0.9666077602353752,0.0998810542180083,0.04647813678865542,0.15591861076267585,0.248,0.192,0.304,0.07176100845955234,0.05663850555263573,0.08893506927396662,-0.10203816803224419,-0.1877047785194421,0.028916331356483384,-0.04430223760008812,-0.06606227806210518,-0.02338401747569442,0.008,-0.008,0.024,-0.017208482549435702,-0.026990290968314293,-0.008214632588878746,True
direct_invariance_only,False,1.0,2.0,0.0,250,0.13195027098059653,0.10253032543882729,0.1628407366745174,0.3615412293577921,0.3201316570906735,0.3999609447379123,0.07135852893735967,0.06675989797110357,0.0760692014854143,0.48397514750793574,0.47684244874082504,0.4914343360586985,0.03272994783893227,0.028341776256170126,0.037362179163098336,0.19928217575921908,0.17969574866500743,0.2215058220663786,0.040993481851283,0.013900551549307801,0.07089675429123682,0.24429904977757214,0.23014419482564655,0.25925487718768875,0.092,0.056,0.128,0.0,0.0,0.0,0.0,0.0,0.0,0.01791357331962532,0.006617680586489806,0.030201043752526132,0.7942942880109207,0.6472739100131704,0.9430917049478312,0.08393596796159775,0.029347829450862405,0.14006968564125358,0.232,0.18,0.288,0.07018756029415539,0.05501894615485629,0.08760244486050377,-0.13490557743854958,-0.23210554500846806,0.00197722621017436,-0.052543938726186755,-0.07572337345406413,-0.02975740818157793,0.008,-0.008,0.024,-0.020611475076699345,-0.031278035855895996,-0.010972686486932951,False
direct_invariance_only,False,1.0,5.0,0.0,250,0.09762321424484253,0.07151181480884553,0.12638504966497421,0.43213962629826663,0.38900356853405016,0.4760385939150468,0.06050308629503759,0.055795924384300075,0.06581727448322554,0.4925884730377048,0.48445688774003465,0.5018810643506999,0.03272994783893227,0.028341776256170126,0.037362179163098336,0.19928217575921908,0.17969574866500743,0.2215058220663786,0.07735741002077433,0.04893639323191839,0.10479456759142092,0.24201218102107097,0.22854996515226694,0.25559374820348796,0.1,0.064,0.14,0.0,0.0,0.0,0.0,0.0,0.0,0.01641478594417283,0.007985604090002924,0.026422112181145953,0.6118197238360106,0.4581853372845567,0.7504319415017332,0.07691323905751002,0.03633417345903063,0.1184898737393854,0.168,0.124,0.22,0.052754989897135965,0.03834241398197505,0.06847545968473641,-0.31738014161345973,-0.46254278665342896,-0.1338998189646722,-0.08687099546194077,-0.12422741596922278,-0.050879443789273504,0.016,-0.012,0.04009999999999991,-0.022110262452151835,-0.03536641585828664,-0.009350199737474864,False
soft_objective_recourse,False,3.0,0.0,0.0,250,0.5611260124444961,0.5210131539523601,0.6010864949196577,0.03820024662401576,0.03269688783274172,0.04408931236833614,0.09394958300335608,0.09101336075840798,0.09668824786508597,0.5308771156076342,0.5219123852266409,0.5403078729158565,0.03272994783893227,0.028341776256170126,0.037362179163098336,0.19928217575921908,0.17969574866500743,0.2215058220663786,-0.22486228479732132,-0.2511460393863659,-0.1969883303660709,0.32468525943142024,0.31035842049386797,0.33774871300436093,0.148,0.104,0.192,0.0,0.0,0.0,0.0,0.0,0.0,-0.05974555900729948,-0.08803695109139804,-0.02684990181762924,-0.12836124927203318,-0.33177884695173904,0.05350577448500478,-0.2799442209104339,-0.44624339147751324,-0.1278110705293581,0.712,0.66,0.768,0.22020689935414037,0.1965797467586754,0.2426670503755608,0.0,0.0,0.0,0.0,0.0,0.0,0.0,0.0,0.0,0.0,0.0,0.0,False
direct_invariance_only,False,3.0,0.5,0.0,250,0.5620567983388901,0.522234875151515,0.6018538257062435,0.03799577632665503,0.03251547653031319,0.04395308009203406,0.0919450148010793,0.08916942868838261,0.0948752630823411,0.5327132774638385,0.5238147288657053,0.5422149010413606,0.03272994783893227,0.028341776256170126,0.037362179163098336,0.19928217575921908,0.17969574866500743,0.2215058220663786,-0.23592698866844886,-0.2609666131083974,-0.20892604854536403,0.330606018824952,0.31660040095911424,0.3431333135843932,0.144,0.1,0.188,0.0,0.0,0.0,0.0,0.0,0.0,-0.07080152154964776,-0.09776276597959235,-0.03926819585133712,-0.18388404667713765,-0.38894020033166304,-0.0016238257598267147,-0.33174811850145813,-0.49241959234873145,-0.18145686921947699,0.716,0.664,0.7680999999999999,0.23125856307337128,0.20801647575019533,0.2551928429357178,-0.05552279740510446,-0.08446323647216628,-0.027850478105877676,0.0009307858943939208,-0.0014331604599952697,0.0033743953704833984,-0.004,-0.012,0.0,-0.011055962542348287,-0.01682196497651314,-0.005629194321986479,False
direct_invariance_only,False,3.0,1.0,0.0,250,0.5636690874099731,0.5242206052571535,0.6038909236192703,0.037711336291258474,0.03206991113346326,0.044000282039974685,0.09097602059557593,0.08808512471517067,0.0940714397001898,0.5325345291400702,0.5237116351628565,0.5421835343095511,0.03272994783893227,0.028341776256170126,0.037362179163098336,0.19928217575921908,0.17969574866500743,0.2215058220663786,-0.24081998657507614,-0.26521423313291304,-0.2132657225773538,0.33212754385022153,0.3182329230536773,0.3450853916007946,0.148,0.108,0.192,0.0,0.0,0.0,0.0,0.0,0.0,-0.07391085009507681,-0.10157127027018434,-0.04338673830797451,-0.20843716031103932,-0.41668453679146494,-0.02396242573009073,-0.3463172106928689,-0.5098689537242631,-0.1945749320649932,0.72,0.668,0.776,0.23528193585103035,0.21145638542473652,0.2586887427841701,-0.08007591103900613,-0.1152845099888927,-0.04319662486608386,0.00254307496547699,-0.0008183553397655486,0.006294620198011398,0.0,-0.012,0.012,-0.01416529108777733,-0.020289341496760118,-0.008060788123166344,False
direct_invariance_only,False,3.0,1.830018569291007,0.0,250,0.5825082396268845,0.5444341550976037,0.6239937148928641,0.033267755470516906,0.028206044589973736,0.03895219185560754,0.08726204989651329,0.08396598902436243,0.09014602042096276,0.5361433272434026,0.5275344336535801,0.5453151523023583,0.03272994783893227,0.028341776256170126,0.037362179163098336,0.19928217575921908,0.17969574866500743,0.2215058220663786,-0.26473168281397125,-0.28788876285907256,-0.23909722056025448,0.3401666361791569,0.32575502816408375,0.3542980468116078,0.156,0.11190000000000001,0.2,0.0,0.0,0.0,0.0,0.0,0.0,-0.08738678102124652,-0.1144927452020111,-0.057430918349218325,-0.32842629706046034,-0.5374576619037925,-0.13640539213107075,-0.4094601295449376,-0.579293765150447,-0.2519960464489478,0.748,0.696,0.8,0.2506476437779238,0.22847945826025556,0.2723306070428977,-0.20006504778842715,-0.26556264107521776,-0.13885994825830236,0.021382227182388306,0.011281511607766151,0.034409559142589564,0.008,-0.008,0.024,-0.027641222013947052,-0.03740686610478528,-0.018567686887257087,True
direct_invariance_only,False,3.0,2.0,0.0,250,0.5829300390481948,0.54514904563725,0.6244072413831949,0.03323751792833642,0.028205041650663745,0.038921198374872554,0.0870829614896323,0.08375510171398938,0.09002872138160663,0.5362295930648595,0.527620699475037,0.5454539071839564,0.03272994783893227,0.028341776256170126,0.037362179163098336,0.19928217575921908,0.17969574866500743,0.2215058220663786,-0.26564150424336347,-0.2889084644539941,-0.23999195822044464,0.34060452487975135,0.3263688716379735,0.3549052422152222,0.156,0.11190000000000001,0.2,0.0,0.0,0.0,0.0,0.0,0.0,-0.08829660245063868,-0.11603247319125903,-0.05775069030863802,-0.3329917903160715,-0.5530879446509979,-0.14369529282902063,-0.4137231953769551,-0.5854938239652411,-0.2558672285791607,0.748,0.696,0.8,0.251557465207316,0.22944893499003471,0.2727499083314709,-0.20463054104403833,-0.2714110803833496,-0.1445672703730417,0.02180402660369873,0.0117053107380867,0.035021059092879295,0.008,-0.008,0.024,-0.028551043443339218,-0.03846189758489354,-0.019021405914193594,False
direct_invariance_only,False,3.0,5.0,0.0,250,0.639170977473259,0.5991212568283082,0.6791963352829218,0.02648798741468962,0.021956631022365888,0.03157220900238052,0.07643788301712004,0.07305811058782295,0.07967207012139317,0.5462507340324672,0.5379888951789551,0.5548611835434808,0.03272994783893227,0.028341776256170126,0.037362179163098336,0.19928217575921908,0.17969574866500743,0.2215058220663786,-0.325873009398627,-0.3479408821809643,-0.30262543866534897,0.370072697554675,0.35485142654813145,0.38453863482321293,0.228,0.172,0.28,0.0,0.0,0.0,0.0,0.0,0.0,-0.13169808182616063,-0.1574113323357429,-0.10071646678357174,-0.6352341003761428,-0.8712097093464509,-0.4300585108662981,-0.6170854792356821,-0.802851018593262,-0.4492431554837431,0.8,0.752,0.848,0.29726672535954896,0.27440667585274314,0.3179809439064034,-0.5068728511041096,-0.6158769663960776,-0.4071348764790309,0.07804496502876282,0.059455976817011834,0.0984375020891428,0.08,0.04,0.12,-0.07195252281886115,-0.08685773481997822,-0.057179878122153555,False
soft_objective_recourse,False,10.0,0.0,0.0,250,0.6771205197572708,0.6357066895961762,0.7192434433221817,0.014817697906008542,0.01147160504392684,0.018596340060714277,0.08720860988727862,0.08404245289412263,0.09014070972721254,0.5378118426280468,0.5294836288747862,0.5469650761711505,0.03272994783893227,0.028341776256170126,0.037362179163098336,0.19928217575921908,0.17969574866500743,0.2215058220663786,-0.2926378839103854,-0.3185343125453398,-0.26635899143098446,0.3588239394408832,0.3430824186055416,0.3736589979154754,0.276,0.224,0.332,0.0,0.0,0.0,0.0,0.0,0.0,-0.10354409821981934,-0.1329087337297439,-0.06776455140427408,-0.46845990011651883,-0.7073023504661408,-0.2629699439029528,-0.485166971196626,-0.6915558260957484,-0.30638839157912856,0.772,0.72,0.82,0.26168783622084013,0.23945316210583298,0.28426943347875866,0.0,0.0,0.0,0.0,0.0,0.0,0.0,0.0,0.0,0.0,0.0,0.0,False
direct_invariance_only,False,10.0,0.5,0.0,250,0.6768231736421585,0.6347960793584585,0.7193455442130565,0.01490572443312728,0.011445790268995757,0.018748795284331564,0.08417165285919977,0.08084939961760218,0.08715984065720933,0.5398970471020789,0.5317602867833693,0.5488306820830815,0.03272994783893227,0.028341776256170126,0.037362179163098336,0.19928217575921908,0.17969574866500743,0.2215058220663786,-0.30779601184054284,-0.3324728121294249,-0.2811093654527307,0.3660696279678205,0.35034384505186195,0.3813607003181481,0.28,0.224,0.336,0.0,0.0,0.0,0.0,0.0,0.0,-0.11668834487558027,-0.14516827240161612,-0.0827095767868948,-0.5445235413950651,-0.7850765810870762,-0.3274856965333358,-0.5467557478461504,-0.7557510372731447,-0.36727987199189205,0.78,0.7319,0.828,0.2758303540262923,0.2526105130019417,0.2983618260486322,-0.07606364127854626,-0.11649593742528537,-0.04005874776882494,-0.0002973461151123047,-0.00668874449133873,0.005220324301719664,0.004,-0.016,0.024,-0.013144246655760928,-0.02027355471467248,-0.006808640191835392,False
direct_invariance_only,False,10.0,1.0,0.0,250,0.6790643281936646,0.6365822691202164,0.7214979235321284,0.0148309049737272,0.011424183029986096,0.01855547773309961,0.08212204869225047,0.07893420277866388,0.08523148525719289,0.5418209859719129,0.5336891595117673,0.5507419099178315,0.03272994783893227,0.028341776256170126,0.037362179163098336,0.19928217575921908,0.17969574866500743,0.2215058220663786,-0.31787600945972416,-0.3418599013592927,-0.2930847210169741,0.3705949594246025,0.35516697319576584,0.38583878710098285,0.272,0.216,0.328,0.0,0.0,0.0,0.0,0.0,0.0,-0.1259299052381651,-0.15397363951192086,-0.09370656350626964,-0.5951050727376392,-0.841925479755298,-0.3738194250551944,-0.590058069536445,-0.7939169181319635,-0.41040706187753784,0.788,0.74,0.836,0.2854911330171753,0.2627240085856746,0.30808731868045225,-0.1266451726211204,-0.1758343535873456,-0.08035840573486082,0.0019438084363937378,-0.005703840532898903,0.00898705024421214,-0.004,-0.032,0.02009999999999991,-0.02238580701834576,-0.03107375407105922,-0.014105139018004439,False
direct_invariance_only,False,10.0,1.830018569291007,0.0,250,0.6855749697685242,0.6430686501771211,0.7293480158984661,0.014409545467514344,0.010969551960600588,0.018291141573134793,0.0803867192921445,0.07720944708799411,0.08347051892447908,0.542315803315267,0.5342558668336272,0.5506815837174505,0.03272994783893227,0.028341776256170126,0.037362179163098336,0.19928217575921908,0.17969574866500743,0.2215058220663786,-0.32621977291522425,-0.35056005060790746,-0.3001506111746932,0.3766880212887765,0.36098907025560395,0.3920684585561403,0.292,0.236,0.352,0.0,0.0,0.0,0.0,0.0,0.0,-0.13427366869366517,-0.1616426197880754,-0.10150060227520684,-0.6369741632557062,-0.8914028324899617,-0.4181305365878376,-0.629153667582913,-0.8329236286808778,-0.44539809719911777,0.788,0.74,0.836,0.292987421998466,0.2700075194767479,0.3155572986222462,-0.16851426313918738,-0.2260276823004966,-0.11657969407920694,0.008454450011253356,0.0011942046284675598,0.015575241249799728,0.016,-0.016099999999999996,0.048,-0.030729570473845818,-0.04116356096309854,-0.021184241610106035,True
direct_invariance_only,False,10.0,2.0,0.0,250,0.6892764410972595,0.6467103468447923,0.7333182760119438,0.014205845947931419,0.010828383385244484,0.018079700524561787,0.0795248949089638,0.07642052401203603,0.08270470879266432,0.542550448571518,0.534350717805747,0.5509507554062866,0.03272994783893227,0.028341776256170126,0.037362179163098336,0.19928217575921908,0.17969574866500743,0.2215058220663786,-0.3306941172398241,-0.35493691471567507,-0.30501178867463297,0.380101757872628,0.3645817353853803,0.3953460988951414,0.304,0.248,0.364,0.0,0.0,0.0,0.0,0.0,0.0,-0.13874801301826498,-0.16685876022228185,-0.1061863525483871,-0.65942646892506,-0.9075766592394563,-0.4418108157424,-0.6501186875249325,-0.8553455079516039,-0.4655482862150197,0.788,0.74,0.836,0.2974617663230658,0.2741786702900172,0.32114295957427036,-0.19096656880854113,-0.25227562806583687,-0.1311958499464466,0.01215592133998871,0.003572364056110382,0.020262806588411328,0.028,-0.008,0.06409999999999991,-0.035203914798445625,-0.046534412399685,-0.024339086239279994,False
direct_invariance_only,False,10.0,5.0,0.0,250,0.7155210782289505,0.6726614910572768,0.756814598789811,0.013544533703846631,0.010222816256632615,0.017373978795834084,0.07387683650889966,0.07058401337549912,0.07707236905684241,0.547289911442399,0.5394601228322425,0.5555583564082609,0.03272994783893227,0.028341776256170126,0.037362179163098336,0.19928217575921908,0.17969574866500743,0.2215058220663786,-0.35666898346542314,-0.37933600385452537,-0.3334990759944924,0.3957023386441793,0.3800243789668884,0.4102857148650313,0.348,0.292,0.408,0.0,0.0,0.0,0.0,0.0,0.0,-0.16115072487931595,-0.1886037289591598,-0.13052510131289016,-0.7897686138090205,-1.0387752351320625,-0.5651184232870722,-0.755088995317293,-0.9654343887875741,-0.5631944056057164,0.804,0.756,0.852,0.32045390676345165,0.29647167098075533,0.3433281530929702,-0.3213087136925017,-0.4027218879231327,-0.24301889481094413,0.03840055847167969,0.024380636417865753,0.05170465923547745,0.072,0.028,0.116,-0.05760662665949663,-0.07076923800470424,-0.04417759399037184,False
soft_objective_recourse,False,30.0,0.0,0.0,250,0.8606880252361298,0.782933920264244,0.9463015655905007,0.004534801458633038,0.003180030043588948,0.0061629381334499375,0.0839798003006683,0.08050545456595026,0.0874969927827717,0.5376309586641939,0.5293318721186518,0.5462445268040895,0.03272994783893227,0.028341776256170126,0.037362179163098336,0.19928217575921908,0.17969574866500743,0.2215058220663786,-0.32095660836033335,-0.34496250555364055,-0.2926737017553851,0.38242653503467533,0.3662555355148209,0.39816193893947005,0.524,0.46390000000000003,0.5800999999999998,0.0,0.0,0.0,0.0,0.0,0.0,-0.13001736360093336,-0.15866923443296332,-0.095948941531845,-0.610563549587728,-0.8661151888228286,-0.3859643135497619,-0.6092102938336383,-0.820876335417684,-0.41409093899165095,0.776,0.724,0.824,0.2862463001802835,0.260687228593063,0.3100610593659487,0.0,0.0,0.0,0.0,0.0,0.0,0.0,0.0,0.0,0.0,0.0,0.0,False
direct_invariance_only,False,30.0,0.5,0.0,250,0.8645017085075378,0.78549889588058,0.9485576405853032,0.004415975247653625,0.0030916026166699453,0.006080170178859677,0.08003611750011075,0.07648637460710077,0.08368105878393339,0.5412945013520867,0.533426722099796,0.5499728729644082,0.03272994783893227,0.028341776256170126,0.037362179163098336,0.19928217575921908,0.17969574866500743,0.2215058220663786,-0.3398235481235906,-0.3639729482732548,-0.31252568765653366,0.3958875318936493,0.3795558147509271,0.4120996975124163,0.536,0.472,0.592,0.0,0.0,0.0,0.0,0.0,0.0,-0.1480984336573727,-0.17600942813381457,-0.11610713196374539,-0.7052380466488855,-0.963805573300966,-0.4746595980001355,-0.6939310857097087,-0.9096855059289682,-0.49704572779474654,0.784,0.736,0.832,0.3033640612080889,0.2780672744649362,0.32703970086139805,-0.09467449706115749,-0.13293413503779186,-0.06314901645264324,0.003813683271408081,-0.0003811349272727965,0.010321790117025373,0.012,-0.004,0.028,-0.018081070056439368,-0.025273431296895157,-0.012164276373881382,False
direct_invariance_only,False,30.0,1.0,0.0,250,0.8677596158981323,0.7906499546170235,0.9515014661133289,0.0043365706648648686,0.003000078909555733,0.005941909276761999,0.07870596290114146,0.07487723090099457,0.08246630320254741,0.5422547101112456,0.5342704836174472,0.5505911478092874,0.03272994783893227,0.028341776256170126,0.037362179163098336,0.19928217575921908,0.17969574866500743,0.2215058220663786,-0.34666124578543434,-0.3706376171969556,-0.31962675628277387,0.3988157201133143,0.38275842413007777,0.4151645279226122,0.532,0.472,0.588,0.0,0.0,0.0,0.0,0.0,0.0,-0.1525067900735006,-0.18134604685470182,-0.11965047310965815,-0.7395496835817605,-0.9976072657469126,-0.5115534078963881,-0.7145869122332777,-0.9354334061922442,-0.5164937570378106,0.792,0.744,0.84,0.30898708824707466,0.2838579221509054,0.33170186334164986,-0.12898613399403258,-0.1808379947238406,-0.08730360483805508,0.007071590662002564,-0.00025732147097587584,0.016292831766605374,0.008,-0.016,0.028,-0.022489426472567266,-0.030787333232947703,-0.015975322245075783,False
direct_invariance_only,False,30.0,1.830018569291007,0.0,250,0.8723508377075195,0.7958051488310098,0.9568286246687173,0.004274565355975253,0.0029342206009397138,0.005885002859016662,0.07680329027574022,0.07325538715702463,0.08042581525298123,0.5439727219646424,0.5362587298597135,0.5523914657424559,0.03272994783893227,0.028341776256170126,0.037362179163098336,0.19928217575921908,0.17969574866500743,0.2215058220663786,-0.35480221636541814,-0.3784753834655749,-0.3286375002255464,0.4028003068937046,0.38635554991112653,0.41935517562345154,0.532,0.46790000000000004,0.592,0.0,0.0,0.0,0.0,0.0,0.0,-0.16007147890520293,-0.18929751152905713,-0.12909962580383655,-0.7804011573724725,-1.0455272435897678,-0.5545104017652298,-0.7500320726202117,-0.9764294050368939,-0.5517157024307251,0.8,0.752,0.848,0.3168399179529178,0.29158460725961277,0.3401699131237229,-0.16983760778474455,-0.22693256840289053,-0.12257704522840787,0.01166281247138977,0.0031518717288970947,0.022355102902650827,0.008,-0.024,0.0360999999999999,-0.030054115304269578,-0.04034821998595366,-0.021938055214391346,True
direct_invariance_only,False,30.0,2.0,0.0,250,0.8736822962760925,0.7964573023885488,0.9576955569058656,0.004284271941176552,0.0029496678818425625,0.005895641159295898,0.07593965631139799,0.07243506094839806,0.07958389771089075,0.5450870164590328,0.5372210800296442,0.5533928863416202,0.03272994783893227,0.028341776256170126,0.037362179163098336,0.19928217575921908,0.17969574866500743,0.2215058220663786,-0.3594112590400731,-0.38323702013542726,-0.3336009129788888,0.4044144827713109,0.3880888281627683,0.4212326444441776,0.524,0.46,0.5800999999999998,0.0,0.0,0.0,0.0,0.0,0.0,-0.16364825404230743,-0.1929190930230823,-0.1327593253968156,-0.8035293807426538,-1.0659220710184114,-0.576498004261939,-0.7667914359229504,-0.9860081038686678,-0.5683165737047935,0.804,0.756,0.848,0.32093282685879754,0.2961727766098774,0.3442642670587098,-0.19296583115492583,-0.2545491822390469,-0.13665781842940625,0.01299427103996277,0.004102754521369934,0.02373753033876419,0.0,-0.028,0.028,-0.033630890441374066,-0.04453879764293747,-0.0242193018075201,False
direct_invariance_only,False,30.0,5.0,0.0,250,0.902229402422905,0.826304527810216,0.9840971231848001,0.004028663837400343,0.0026906140528045607,0.005664006312270347,0.0698384945444888,0.06634050176668789,0.07346739239484402,0.5484778890458495,0.5408868666183279,0.5565995757310261,0.03272994783893227,0.028341776256170126,0.037362179163098336,0.19928217575921908,0.17969574866500743,0.2215058220663786,-0.3859041231391675,-0.40821353146520833,-0.36182032571718664,0.4219962734862859,0.4052005466802707,0.4375337441419654,0.568,0.504,0.628,0.0,0.0,0.0,0.0,0.0,0.0,-0.18811197984852068,-0.215905157982876,-0.1570624760091898,-0.9364708442637275,-1.2023787047733134,-0.7054437019655115,-0.8814188454773597,-1.10267968535624,-0.6793459520729606,0.812,0.764,0.856,0.34641112181145134,0.3211776534296852,0.37046672122926316,-0.32590729467599955,-0.40872658327684375,-0.25742933230569226,0.04154137718677521,0.027784050205349922,0.05800150534510612,0.044,0.0,0.092,-0.05809461624758734,-0.0718772339488632,-0.046243215126274266,False
transport_anchor_only,False,0.0,0.0,0.1,250,0.0,0.0,0.0,0.5361731748853646,0.5006139114821817,0.5736748975177399,0.06115287079691234,0.05609591081568662,0.0665631703542692,0.4997030647060275,0.4892552119334341,0.511531534341596,0.03272994783893227,0.028341776256170126,0.037362179163098336,0.19928217575921908,0.17969574866500743,0.2215058220663786,0.19928217575921908,0.1781932242074842,0.2194385488096682,0.25996022091583393,0.24471305651100514,0.27646867977741696,0.06,0.036,0.092,0.0,0.0,0.0,0.0,0.0,0.0,0.0,0.0,0.0,0.0,0.0,0.0,0.0,0.0,0.0,0.0,0.0,0.0,0.0,0.0,0.0,0.0,0.0,0.0,0.0,0.0,0.0,0.0,0.0,0.0,0.0,0.0,0.0,False
mediation_aware_recourse,False,0.0,0.5,0.1,250,0.0,0.0,0.0,0.5361731748853646,0.5006139114821817,0.5736748975177399,0.06115287079691234,0.05609591081568662,0.0665631703542692,0.4997030647060275,0.4892552119334341,0.511531534341596,0.03272994783893227,0.028341776256170126,0.037362179163098336,0.19928217575921908,0.17969574866500743,0.2215058220663786,0.19928217575921908,0.1781932242074842,0.2194385488096682,0.25996022091583393,0.24471305651100514,0.27646867977741696,0.06,0.036,0.092,0.0,0.0,0.0,0.0,0.0,0.0,0.0,0.0,0.0,0.0,0.0,0.0,0.0,0.0,0.0,0.0,0.0,0.0,0.0,0.0,0.0,0.0,0.0,0.0,0.0,0.0,0.0,0.0,0.0,0.0,0.0,0.0,0.0,False
mediation_aware_recourse,False,0.0,1.0,0.1,250,0.0,0.0,0.0,0.5361731748853646,0.5006139114821817,0.5736748975177399,0.06115287079691234,0.05609591081568662,0.0665631703542692,0.4997030647060275,0.4892552119334341,0.511531534341596,0.03272994783893227,0.028341776256170126,0.037362179163098336,0.19928217575921908,0.17969574866500743,0.2215058220663786,0.19928217575921908,0.1781932242074842,0.2194385488096682,0.25996022091583393,0.24471305651100514,0.27646867977741696,0.06,0.036,0.092,0.0,0.0,0.0,0.0,0.0,0.0,0.0,0.0,0.0,0.0,0.0,0.0,0.0,0.0,0.0,0.0,0.0,0.0,0.0,0.0,0.0,0.0,0.0,0.0,0.0,0.0,0.0,0.0,0.0,0.0,0.0,0.0,0.0,False
mediation_aware_recourse,False,0.0,1.830018569291007,0.1,250,0.0,0.0,0.0,0.5361731748853646,0.5006139114821817,0.5736748975177399,0.06115287079691234,0.05609591081568662,0.0665631703542692,0.4997030647060275,0.4892552119334341,0.511531534341596,0.03272994783893227,0.028341776256170126,0.037362179163098336,0.19928217575921908,0.17969574866500743,0.2215058220663786,0.19928217575921908,0.1781932242074842,0.2194385488096682,0.25996022091583393,0.24471305651100514,0.27646867977741696,0.06,0.036,0.092,0.0,0.0,0.0,0.0,0.0,0.0,0.0,0.0,0.0,0.0,0.0,0.0,0.0,0.0,0.0,0.0,0.0,0.0,0.0,0.0,0.0,0.0,0.0,0.0,0.0,0.0,0.0,0.0,0.0,0.0,0.0,0.0,0.0,True
mediation_aware_recourse,False,0.0,2.0,0.1,250,0.0,0.0,0.0,0.5361731748853646,0.5006139114821817,0.5736748975177399,0.06115287079691234,0.05609591081568662,0.0665631703542692,0.4997030647060275,0.4892552119334341,0.511531534341596,0.03272994783893227,0.028341776256170126,0.037362179163098336,0.19928217575921908,0.17969574866500743,0.2215058220663786,0.19928217575921908,0.1781932242074842,0.2194385488096682,0.25996022091583393,0.24471305651100514,0.27646867977741696,0.06,0.036,0.092,0.0,0.0,0.0,0.0,0.0,0.0,0.0,0.0,0.0,0.0,0.0,0.0,0.0,0.0,0.0,0.0,0.0,0.0,0.0,0.0,0.0,0.0,0.0,0.0,0.0,0.0,0.0,0.0,0.0,0.0,0.0,0.0,0.0,False
mediation_aware_recourse,False,0.0,5.0,0.1,250,0.0,0.0,0.0,0.5361731748853646,0.5006139114821817,0.5736748975177399,0.06115287079691234,0.05609591081568662,0.0665631703542692,0.4997030647060275,0.4892552119334341,0.511531534341596,0.03272994783893227,0.028341776256170126,0.037362179163098336,0.19928217575921908,0.17969574866500743,0.2215058220663786,0.19928217575921908,0.1781932242074842,0.2194385488096682,0.25996022091583393,0.24471305651100514,0.27646867977741696,0.06,0.036,0.092,0.0,0.0,0.0,0.0,0.0,0.0,0.0,0.0,0.0,0.0,0.0,0.0,0.0,0.0,0.0,0.0,0.0,0.0,0.0,0.0,0.0,0.0,0.0,0.0,0.0,0.0,0.0,0.0,0.0,0.0,0.0,0.0,0.0,False
transport_anchor_only,False,1.0,0.0,0.1,250,0.17334848445653916,0.1412206952817738,0.20822008647769688,0.3117072909532825,0.2743288973004739,0.3488477562887443,0.07952880428611778,0.07487977969736578,0.08388702655336068,0.4814207175279409,0.47474695974832215,0.4894565290598981,0.03272994783893227,0.028341776256170126,0.037362179163098336,0.19928217575921908,0.17969574866500743,0.2215058220663786,0.02174745784313049,-0.0045935065092130795,0.04737737413182807,0.23486636977537426,0.2212088574862419,0.24899380875382152,0.088,0.056,0.124,0.0,0.0,0.0,0.0,0.0,0.0,0.03759879649795997,0.021794866036777966,0.05413442880237227,0.8908710336974308,0.7549503774482258,0.9937035146468531,0.1761731912409651,0.11192388463163995,0.24552929295224693,0.296,0.24,0.3520999999999999,0.06996796070906432,0.05345372366629748,0.08480754038985823,-0.038328831752039494,-0.080039183629669,0.04162711698254206,-0.01114572525024414,-0.023605502164363863,-0.00041942807435989596,0.004,0.0,0.012,-0.0009262518983647002,-0.005306695916337821,0.002814332004451014,False
mediation_aware_recourse,False,1.0,0.5,0.1,250,0.16426318448781968,0.1326293581202626,0.19797313341721892,0.32140085913012606,0.28069516751409346,0.35883703654582527,0.07746325781148214,0.07284466413140639,0.081940459829383,0.48141864710994065,0.4748202419195548,0.48904439948694406,0.03272994783893227,0.028341776256170126,0.037362179163098336,0.19928217575921908,0.17969574866500743,0.2215058220663786,0.02348980513976592,-0.0033308130350361096,0.04967140540763029,0.23652038163471498,0.22313159306086808,0.2506313235143378,0.092,0.056,0.128,0.0,0.0,0.0,0.0,0.0,0.0,0.034823550745210756,0.01915115571114187,0.051366229723692806,0.8821279171091183,0.7421968353830538,0.9914408937711875,0.1631694797852995,0.09950344926286722,0.23110107717353082,0.284,0.228,0.34,0.07048440993712121,0.055298161051210215,0.0857692692421813,-0.047071948340352,-0.10392115792839231,0.04873655126963528,-0.020231025218963625,-0.035316297841072083,-0.006086421966552734,0.008,0.0,0.02,-0.003701497651113912,-0.008817253731542813,0.0006757972581430612,False
mediation_aware_recourse,False,1.0,1.0,0.1,250,0.15520159810781478,0.12405583868846297,0.18845988303422928,0.33159796331231517,0.29187759010208614,0.3700777216764629,0.07607574458529275,0.07142604912096279,0.08062272753796654,0.4808227457963675,0.4740728886832707,0.4881381486870367,0.03272994783893227,0.028341776256170126,0.037362179163098336,0.19928217575921908,0.17969574866500743,0.2215058220663786,0.028729062372498115,0.003310072543047668,0.054422625247925085,0.23633267311548337,0.22286899590625958,0.25103132003399475,0.092,0.056,0.128,0.0,0.0,0.0,0.0,0.0,0.0,0.033620202286457866,0.0190378044928152,0.0493592699883725,0.8558372706287102,0.7073710613373003,0.9855749400572854,0.1575310615937785,0.09302535728276703,0.2227192279524529,0.272,0.216,0.32809999999999995,0.06846645555013156,0.054149625062623184,0.08389443084981153,-0.07336259482076013,-0.1447024737924125,0.04514345813761097,-0.029292611598968506,-0.048402228468656536,-0.011817003965377812,0.008,0.0,0.02,-0.004904846109866791,-0.011536641587704795,0.0007324293088295611,False
mediation_aware_recourse,False,1.0,1.830018569291007,0.1,250,0.1399835941195488,0.11017129529938102,0.1709071245126426,0.35161086922954166,0.3109157832332252,0.38846945179501335,0.07237049123976097,0.06758375248987646,0.07710435157216654,0.4826090219859779,0.47558167156183345,0.49010053093555944,0.03272994783893227,0.028341776256170126,0.037362179163098336,0.19928217575921908,0.17969574866500743,0.2215058220663786,0.0344043151846866,0.007426490097528442,0.06207312782913575,0.2412751541667167,0.2275951587660289,0.2560721745191191,0.092,0.056,0.128,0.0,0.0,0.0,0.0,0.0,0.0,0.02278025188002605,0.010765177391359062,0.03599493017457607,0.8273587938629529,0.6772636125981893,0.9668047273257158,0.10673931202013176,0.05212906814215103,0.16659208610666174,0.248,0.192,0.308,0.07104880434725322,0.05594029389008317,0.08800206068460036,-0.10184107158651745,-0.18973844968996134,0.029309020870611952,-0.0445106155872345,-0.06649289871454239,-0.023577610093355184,0.008,-0.008,0.024,-0.015744796516298617,-0.02506419093532709,-0.007208015754142803,True
mediation_aware_recourse,False,1.0,2.0,0.1,250,0.13132009357213975,0.10216317216306925,0.1622626234717667,0.36169644666462114,0.31893917168621105,0.40019993231495055,0.07162593230171242,0.06686304070280884,0.07638101185900692,0.4825956652031839,0.47559679670109606,0.4899738134443276,0.03272994783893227,0.028341776256170126,0.037362179163098336,0.19928217575921908,0.17969574866500743,0.2215058220663786,0.042654771994162774,0.015324705338501516,0.07325320986836882,0.24262287188861392,0.22901795165069064,0.25769630097496715,0.092,0.056,0.128,0.0,0.0,0.0,0.0,0.0,0.0,0.02042527844056914,0.009108185260438153,0.03338531713802667,0.785957917050745,0.6444448185139393,0.933817595129393,0.09570483153777509,0.040923972004195265,0.15166701956000705,0.232,0.18,0.288,0.0681010626622436,0.053251745373196234,0.08447671100774794,-0.14324194839872528,-0.23412381083400421,-0.00655585667178832,-0.053174116134643554,-0.07715513566732406,-0.030822252953052534,0.008,-0.008,0.024,-0.018099769955755525,-0.028476605962532178,-0.008891667606560195,False
mediation_aware_recourse,False,1.0,5.0,0.1,250,0.09263505125045776,0.06795027293562889,0.12143830878138542,0.4372973959912782,0.3941690902305929,0.47970035919883464,0.060477236630239524,0.05579505940947511,0.06585536456900805,0.49180873742662373,0.48329479251484386,0.5010977342324927,0.03272994783893227,0.028341776256170126,0.037362179163098336,0.19928217575921908,0.17969574866500743,0.2215058220663786,0.08310478216411872,0.05536799050448226,0.11045376714581716,0.24165635183434592,0.2280903751139324,0.2548454661730007,0.1,0.064,0.14,0.0,0.0,0.0,0.0,0.0,0.0,0.016833226447606202,0.008626637410696287,0.02649886440199576,0.5829793515275077,0.43004864479021515,0.720974829494593,0.07887388688937169,0.03911976364062454,0.11931754747411451,0.16,0.116,0.208,0.04967208357374709,0.03547406308308255,0.06508049912218991,-0.3462205139219626,-0.49485703584806356,-0.16008483230604173,-0.09185915845632553,-0.12815604056492447,-0.05562570894211531,0.016,-0.012,0.04009999999999991,-0.02169182194871846,-0.034910936545669666,-0.00909316545221328,False
transport_anchor_only,False,3.0,0.0,0.1,250,0.5589432882070542,0.5187262976258993,0.5991613168805837,0.03893221804778999,0.0333473102447623,0.0447803966638805,0.09411305251054274,0.09117188297360726,0.09691053046800646,0.5302700317061693,0.5212082672759629,0.5400453348669558,0.03272994783893227,0.028341776256170126,0.037362179163098336,0.19928217575921908,0.17969574866500743,0.2215058220663786,-0.22301462922750237,-0.2492496178639238,-0.19537546382627197,0.3243103728109911,0.3102506290558739,0.33732056987240333,0.148,0.104,0.192,0.0,0.0,0.0,0.0,0.0,0.0,-0.05861608145044542,-0.08718386851161884,-0.024870552312145706,-0.11908969468979413,-0.3215464533678465,0.06261504443266248,-0.27465193274805033,-0.4398587658686099,-0.12296710491497699,0.708,0.652,0.764,0.2187183327908039,0.19561412161230254,0.24112033112776918,0.00927155458223905,-0.0013521850469495555,0.024634725738480998,-0.0021827242374420166,-0.005530499702692032,0.0,0.0,0.0,0.0,0.0011294775568540553,-0.00030634282143104306,0.0031828951701008664,False
mediation_aware_recourse,False,3.0,0.5,0.1,250,0.5615926152467727,0.5211678105264902,0.601800295484066,0.038116409476516525,0.03269291163980221,0.04408479819767175,0.0922951389198965,0.08949366266742886,0.0951226864840293,0.5317436293732376,0.5228164266430045,0.5411978242115602,0.03272994783893227,0.028341776256170126,0.037362179163098336,0.19928217575921908,0.17969574866500743,0.2215058220663786,-0.23385963073077373,-0.2581213302275842,-0.2064803261025485,0.32914333453389033,0.315023314565438,0.3419940947401154,0.148,0.104,0.192,0.0,0.0,0.0,0.0,0.0,0.0,-0.0687341636119727,-0.09526028811094091,-0.03719815231945964,-0.17351002336171084,-0.3795945995205479,0.005919372150110009,-0.32206129128247185,-0.48719984755166224,-0.16995690054472848,0.716,0.664,0.7680999999999999,0.22919120513569619,0.20562280483655218,0.2533022514144689,-0.04514877408967766,-0.07337905036866844,-0.02151068697277748,0.00046660280227661134,-0.0018673352658748626,0.0027378628253936768,0.0,0.0,0.0,-0.00898860460467321,-0.014499495955981944,-0.0043777095353807255,False
mediation_aware_recourse,False,3.0,1.0,0.1,250,0.5643480033874512,0.5248995212346316,0.6045769291818142,0.03747571619309755,0.032004294737851775,0.04357338750668973,0.0910145631709773,0.08809618666089365,0.09408955747491983,0.5323990908081084,0.5236538358716033,0.5418703998096903,0.03272994783893227,0.028341776256170126,0.037362179163098336,0.19928217575921908,0.17969574866500743,0.2215058220663786,-0.24092052481352869,-0.2653905866022259,-0.21334460650296616,0.3322359443340909,0.318256402282985,0.34512975634019816,0.148,0.108,0.192,0.0,0.0,0.0,0.0,0.0,0.0,-0.07401138833352937,-0.10157420168232591,-0.04338673830797451,-0.20894166222180743,-0.4177615035090837,-0.024746212404185036,-0.34678829338592476,-0.510459783601138,-0.19534341312022915,0.72,0.668,0.776,0.23536026453785197,0.2116110845812092,0.2586926592185112,-0.08058041294977425,-0.11586587887510097,-0.04406285518667471,0.003221990942955017,-5.033545494079588e-05,0.006777478772401808,0.0,-0.012,0.012,-0.014265829326229886,-0.02034383004987878,-0.008228326594960995,False
mediation_aware_recourse,False,3.0,1.830018569291007,0.1,250,0.5798613322973252,0.5424672875195742,0.6202978623867035,0.03377328488441254,0.0286584934213577,0.039274077925213806,0.08789920884949788,0.08481463337414853,0.09068215869568791,0.5351634440136701,0.5263940533628613,0.5442793077341057,0.03272994783893227,0.028341776256170126,0.037362179163098336,0.19928217575921908,0.17969574866500743,0.2215058220663786,-0.26139993471553236,-0.28480426435236733,-0.23558308102927708,0.33930952541692455,0.3251205567425066,0.35342918415684527,0.152,0.108,0.196,0.0,0.0,0.0,0.0,0.0,0.0,-0.08589076115040385,-0.11350106263835585,-0.05594216309491381,-0.31170755096214187,-0.5310898345207727,-0.12077975807644975,-0.4024503680803506,-0.571014481596579,-0.2477482733990992,0.744,0.692,0.796,0.24823375979328302,0.2262005133123491,0.26983583385423837,-0.18334630169010868,-0.24758332546255007,-0.12496532575860558,0.018735319852828978,0.008542134293913843,0.030781560462713242,0.004,-0.008,0.02,-0.02614520214310437,-0.035332555611093594,-0.017406970790955042,True
mediation_aware_recourse,False,3.0,2.0,0.1,250,0.5818293236494064,0.5446363480687142,0.6222489686876534,0.03358108667919394,0.028614297594193226,0.03921335467974554,0.0871334385003575,0.08384845153123435,0.09007794649927034,0.5357380308521539,0.5272138262666147,0.5447462736710849,0.03272994783893227,0.028341776256170126,0.037362179163098336,0.19928217575921908,0.17969574866500743,0.2215058220663786,-0.2651912026939202,-0.2882694298982554,-0.23943942947632843,0.34029363411385166,0.3260468283757406,0.3548486273879008,0.152,0.108,0.196,0.0,0.0,0.0,0.0,0.0,0.0,-0.08784630090119552,-0.11598112971490075,-0.05785439780190843,-0.3307321725267347,-0.5475691284832697,-0.1410762350063396,-0.41161325919879976,-0.5858139374259461,-0.25242312703910524,0.748,0.696,0.8,0.2513504307549001,0.22915983949238095,0.2725774291340685,-0.20237092325470152,-0.2690521080695451,-0.14078948193913832,0.020703311204910278,0.0103466337621212,0.033715659019351,0.004,-0.016,0.02,-0.02810074189389604,-0.03785495445626148,-0.01849847545841394,False
mediation_aware_recourse,False,3.0,5.0,0.1,250,0.6394280942678452,0.5991807200849056,0.6796586832463741,0.026219008235952634,0.021736348285561622,0.03126594729199173,0.07654923780843716,0.07316966593541109,0.07980324282882484,0.5458153575897963,0.5376451491067522,0.5544714466896151,0.03272994783893227,0.028341776256170126,0.037362179163098336,0.19928217575921908,0.17969574866500743,0.2215058220663786,-0.32589732696301243,-0.3480856065063101,-0.3030512315299395,0.3702350452303919,0.3547235547794742,0.3847249039862431,0.228,0.172,0.28,0.0,0.0,0.0,0.0,0.0,0.0,-0.13172239939054606,-0.15760315820724188,-0.10054567397734311,-0.6353561261634106,-0.8710366727137112,-0.4290699379794694,-0.6171994217902321,-0.8041387097573226,-0.4486320531023251,0.8,0.752,0.848,0.2972910429239344,0.2744025034761156,0.31819039276377475,-0.5069948768913775,-0.6164806327544586,-0.4077289387060991,0.078302081823349,0.05949824989140033,0.09817996130883694,0.08,0.04,0.12,-0.07197684038324659,-0.08690576029350752,-0.05757223123001097,False
transport_anchor_only,False,10.0,0.0,0.1,250,0.6765625659227371,0.6347920360952616,0.7190540541917085,0.014876610233944008,0.011541828736896602,0.01868038291418196,0.08719087956850156,0.08387634381680703,0.09016338163659042,0.5367721397804469,0.5285746456443203,0.545900477957774,0.03272994783893227,0.028341776256170126,0.037362179163098336,0.19928217575921908,0.17969574866500743,0.2215058220663786,-0.2932047656695761,-0.3177781982615585,-0.2671896790975215,0.35771339153526815,0.34208125550643226,0.3721641493137861,0.268,0.216,0.324,0.0,0.0,0.0,0.0,0.0,0.0,-0.10284159135290374,-0.13245221804598048,-0.06820736195123143,-0.4713045185929632,-0.7062383481353768,-0.2655493467802145,-0.48187529996933187,-0.6892257718055402,-0.3021205446711226,0.776,0.7279,0.824,0.2616200236669777,0.23933741088793248,0.28370764282289945,-0.0028446184764443494,-0.023929755803786607,0.014090143175075492,-0.0005579538345336914,-0.0016871976852416992,0.0,-0.008,-0.02,0.0,0.0007025068669156074,-0.001420976853510329,0.0030937519312882935,False
mediation_aware_recourse,False,10.0,0.5,0.1,250,0.6789073127508164,0.6372127413123847,0.7211251745909453,0.014696626002220487,0.011338466085968743,0.018458110181233233,0.08425333472776197,0.0809297126844849,0.08725091856445501,0.5393237533266098,0.5312433059443851,0.5482704018890764,0.03272994783893227,0.028341776256170126,0.037362179163098336,0.19928217575921908,0.17969574866500743,0.2215058220663786,-0.3077332426523573,-0.33228605777549425,-0.28089704176312963,0.3660278307155417,0.3502122238906665,0.3812706758810644,0.28,0.224,0.336,0.0,0.0,0.0,0.0,0.0,0.0,-0.11662557568739479,-0.14493426217137875,-0.08272136295940914,-0.5442085649655555,-0.7847134972745868,-0.3271439454960774,-0.5464616360866199,-0.7557245580810118,-0.36685441486363735,0.78,0.7319,0.828,0.2757675848381068,0.2524064631411355,0.298389810504036,-0.07574866484903664,-0.11598252644450902,-0.039224060565930544,0.0017867929935455322,-0.001961301529407501,0.00628374626636505,0.004,-0.016,0.024,-0.013081477467575441,-0.020266879431033072,-0.00676121997734185,False
mediation_aware_recourse,False,10.0,1.0,0.1,250,0.6811247537136078,0.6386426946401597,0.7235629636257886,0.014634104286752592,0.01123332971565638,0.01842488414450253,0.08204671238858295,0.07886942832321533,0.08511723213789063,0.5414920426552743,0.5332813879976087,0.550391612813942,0.03272994783893227,0.028341776256170126,0.037362179163098336,0.19928217575921908,0.17969574866500743,0.2215058220663786,-0.31843259197577006,-0.3423673126392934,-0.29364256433394414,0.3711506335340715,0.35549397198344934,0.3862924820185195,0.272,0.216,0.328,0.0,0.0,0.0,0.0,0.0,0.0,-0.12648648775421095,-0.15491946604488738,-0.09387031457569173,-0.5978980095064468,-0.8488631359251857,-0.379339061454096,-0.5926659965759731,-0.7982797776474447,-0.41154442862633306,0.788,0.74,0.836,0.2860477155332212,0.2633151701109114,0.30865936829417917,-0.12943810938992795,-0.18141259290026365,-0.08351839550356926,0.004004233956336975,-0.0016596975177526475,0.010443638652563092,-0.004,-0.032,0.02009999999999991,-0.022942389534391597,-0.03198560810048269,-0.014679621698118492,False
mediation_aware_recourse,False,10.0,1.830018569291007,0.1,250,0.6858320865631103,0.6435324537485838,0.7288766109824181,0.014334246991035684,0.010905785211143108,0.018200560427368197,0.08067513154843578,0.07749055649283956,0.08372923007759268,0.5417856581413,0.5338177091351617,0.5503304714945498,0.03272994783893227,0.028341776256170126,0.037362179163098336,0.19928217575921908,0.17969574866500743,0.2215058220663786,-0.32521045757046624,-0.34900301572268594,-0.29999027978772913,0.376026806601269,0.3605201192921047,0.3916673287614545,0.3,0.244,0.356,0.0,0.0,0.0,0.0,0.0,0.0,-0.13326435334890718,-0.16071288644939047,-0.10119118085303258,-0.6319094085132775,-0.883351556811289,-0.41309558529366475,-0.6244244123456042,-0.8270904446302642,-0.44323066424825786,0.788,0.74,0.836,0.291978106653708,0.2690460622282499,0.3141243849510804,-0.16344950839675865,-0.22000165011073458,-0.1095866621644681,0.008711566805839538,0.0014029754787683488,0.015494119498133658,0.024,-0.008,0.056,-0.029720255129087825,-0.03976919804934199,-0.020073600006745674,True
mediation_aware_recourse,False,10.0,2.0,0.1,250,0.6894387040138245,0.6467144034177065,0.7336272808670998,0.014170297862526745,0.010816505491172398,0.018020140248288706,0.07962481415206513,0.07646463865841006,0.08280727247342552,0.5423892189153284,0.534188516895026,0.5506812227103021,0.03272994783893227,0.028341776256170126,0.037362179163098336,0.19928217575921908,0.17969574866500743,0.2215058220663786,-0.3302925390348946,-0.3543596640532041,-0.30435270253949087,0.37993049802804396,0.3644836075599196,0.3951256678145122,0.304,0.248,0.364,0.0,0.0,0.0,0.0,0.0,0.0,-0.13834643481333547,-0.16645844281827654,-0.10568643187136717,-0.6574113453777604,-0.9038893248211582,-0.43901852152909,-0.6482370498001959,-0.8529437456020172,-0.46373259015945756,0.788,0.74,0.836,0.2970601881181363,0.273809902695613,0.3203454255355253,-0.18895144526124152,-0.250068325078025,-0.1300667302720542,0.01231818425655365,0.0037915556758642195,0.020582219436764717,0.028,-0.008,0.06409999999999991,-0.034802336593516114,-0.046136412237586064,-0.02392004154186163,False
mediation_aware_recourse,False,10.0,5.0,0.1,250,0.7155210782289505,0.6726614910572768,0.756814598789811,0.013533514077586895,0.010209595202347916,0.017363679073791945,0.07390094034985878,0.0706093196074791,0.0771146198659057,0.5470985203170776,0.5392754104166777,0.5553773862161302,0.03272994783893227,0.028341776256170126,0.037362179163098336,0.19928217575921908,0.17969574866500743,0.2215058220663786,-0.35662342793034657,-0.37904767272582185,-0.3332467475640444,0.39566568232512317,0.3798828882419893,0.41033482547127603,0.348,0.292,0.408,0.0,0.0,0.0,0.0,0.0,0.0,-0.16110516934423938,-0.1886444168219662,-0.13070601299836324,-0.7895400156671997,-1.0411394706921346,-0.5641752301006909,-0.7548755399745515,-0.9662742821251902,-0.562947307926256,0.804,0.756,0.852,0.3204083512283751,0.2964824612879845,0.34349243157571807,-0.32108011555068083,-0.40300427535078404,-0.2425629771553357,0.03840055847167969,0.024380636417865753,0.05170465923547745,0.072,0.028,0.116,-0.057561071124420056,-0.07077411450659711,-0.044455704260393865,False
transport_anchor_only,False,30.0,0.0,0.1,250,0.8617663760185241,0.7836058844685554,0.9469399458408355,0.004499183907403273,0.003149372385515498,0.006122282333994051,0.08382873864567358,0.08025658147734911,0.08734856770110656,0.5369105448678881,0.5285480657441132,0.5454755517035442,0.03272994783893227,0.028341776256170126,0.037362179163098336,0.19928217575921908,0.17969574866500743,0.2215058220663786,-0.32234006145264643,-0.34683667216924285,-0.29454896684358134,0.3842696934698342,0.36799785515556754,0.3999067145169348,0.532,0.468,0.592,0.0,0.0,0.0,0.0,0.0,0.0,-0.13162480705773436,-0.16093757374288511,-0.0976206684360212,-0.6175057313811696,-0.8713142887862495,-0.3896746926725547,-0.6167421424538304,-0.8308945037545477,-0.4223957618255535,0.776,0.724,0.824,0.2866824850527645,0.2607186548216363,0.31056723577521955,-0.0069421817934416374,-0.02852204272162437,0.014977552025187168,0.001078350782394409,0.0,0.00279323410987854,0.008,-0.008,0.024,-0.0016074434568010153,-0.005649909146460095,0.0023301391209600533,False
mediation_aware_recourse,False,30.0,0.5,0.1,250,0.8634009928703308,0.7854125838130712,0.9485021265238524,0.004451573752263489,0.003110006946248438,0.006081768588987381,0.08020110785646359,0.07667166761901792,0.08381763143467641,0.5404479876295477,0.5323969870415329,0.549353308209164,0.03272994783893227,0.028341776256170126,0.037362179163098336,0.19928217575921908,0.17969574866500743,0.2215058220663786,-0.3392776378859346,-0.3634621075259007,-0.3119384864337034,0.39545331097895825,0.37923440598059266,0.4116360354541625,0.532,0.46790000000000004,0.588,0.0,0.0,0.0,0.0,0.0,0.0,-0.1475525234197167,-0.17549094824482203,-0.11485422988014742,-0.7024986634823971,-0.9604811607606685,-0.4726001839852382,-0.6913731647745478,-0.9064095984818804,-0.4941479469170523,0.784,0.736,0.832,0.3027984500538156,0.277131200346875,0.3265045839758136,-0.09193511389466913,-0.13063453665782285,-0.05988217954595732,0.00271296763420105,-0.000736060220003128,0.008385323625802995,0.008,-0.004,0.024,-0.017535159818783317,-0.024790984665163465,-0.011592632224202017,False
mediation_aware_recourse,False,30.0,1.0,0.1,250,0.8677596158981323,0.7906499546170235,0.9515014661133289,0.0043364910368273646,0.0030000769188547956,0.005941752011387927,0.07873318886452392,0.07487760346885801,0.08249302959748103,0.5419964168377965,0.5341392854557392,0.5503826021715496,0.03272994783893227,0.028341776256170126,0.037362179163098336,0.19928217575921908,0.17969574866500743,0.2215058220663786,-0.34660286860235495,-0.37057542788856984,-0.319578547309534,0.3987583958097416,0.38273458344646877,0.41514360867872496,0.532,0.472,0.588,0.0,0.0,0.0,0.0,0.0,0.0,-0.1524484128904212,-0.1813615813931894,-0.11955097219062243,-0.7392567462788784,-0.9978078598084233,-0.5112637674195045,-0.714313379684455,-0.9350131923429509,-0.5160820064319366,0.792,0.744,0.84,0.30890901014737804,0.2837736659463558,0.3316298316473478,-0.12869319669115042,-0.18064065769593235,-0.08710835554097482,0.007071590662002564,-0.00025732147097587584,0.016292831766605374,0.008,-0.016,0.028,-0.022431049289487845,-0.030734509932347394,-0.01589017139209102,False
mediation_aware_recourse,False,30.0,1.830018569291007,0.1,250,0.8712501220703125,0.7938966746628284,0.9564000828981399,0.004291200767006229,0.00295085601197069,0.005912871394776582,0.07714800665515677,0.07346709340262646,0.08088170173536155,0.5436022125854344,0.5358270947790315,0.5519926930755545,0.03272994783893227,0.028341776256170126,0.037362179163098336,0.19928217575921908,0.17969574866500743,0.2215058220663786,-0.35348496022367304,-0.37728996339761617,-0.32738166738049645,0.4018255562745188,0.3858117206764466,0.41813918163072616,0.528,0.46390000000000003,0.5840999999999998,0.0,0.0,0.0,0.0,0.0,0.0,-0.1587542227634578,-0.18781757262565804,-0.1276222908606111,-0.7737911525552998,-1.0357862434949212,-0.5487305620060875,-0.743859927770161,-0.9687314675589773,-0.5451016950031783,0.8,0.752,0.848,0.31550296089455543,0.2907084349699189,0.33927101235907126,-0.16322760296757188,-0.21983369038823045,-0.11581063285872517,0.010562096834182738,0.0022113383769989015,0.021391135418415072,0.004,-0.024,0.032,-0.02873685916252446,-0.0387447755262285,-0.02104514404037966,True
mediation_aware_recourse,False,30.0,2.0,0.1,250,0.8732604968547821,0.7959178290635347,0.9568625030487775,0.0042839831925126646,0.002949547566065432,0.005894420695554073,0.07616176587924522,0.07265784039549335,0.07980732978913269,0.5446812878083438,0.5367730530531519,0.5529676254006215,0.03272994783893227,0.028341776256170126,0.037362179163098336,0.19928217575921908,0.17969574866500743,0.2215058220663786,-0.35869765263611836,-0.3827758217685452,-0.33323310743954154,0.40395926422414175,0.38808402283012394,0.42043153258789795,0.524,0.46,0.584,0.0,0.0,0.0,0.0,0.0,0.0,-0.16293464763835266,-0.19209825928909943,-0.13210277684884686,-0.7999484964952992,-1.0633198116455103,-0.5730901117807354,-0.7634477566250897,-0.9851014542884429,-0.5644727172807359,0.804,0.756,0.848,0.32021922045484275,0.2953294273462065,0.3436947049736299,-0.18938494690757124,-0.24916485516871306,-0.13466818978884598,0.012572471618652343,0.003807143193483353,0.023289956969022745,0.0,-0.032,0.028,-0.03291728403741931,-0.04335863207181019,-0.023865500308394332,False
mediation_aware_recourse,False,30.0,5.0,0.1,250,0.902229402422905,0.826304527810216,0.9840971231848001,0.004028663837400343,0.0026906140528045607,0.005664006312270347,0.0698384945444888,0.06634050176668789,0.07346739239484402,0.5484778890458495,0.5408868666183279,0.5565995757310261,0.03272994783893227,0.028341776256170126,0.037362179163098336,0.19928217575921908,0.17969574866500743,0.2215058220663786,-0.3859041231391675,-0.40821353146520833,-0.36182032571718664,0.4219962734862859,0.4052005466802707,0.4375337441419654,0.568,0.504,0.628,0.0,0.0,0.0,0.0,0.0,0.0,-0.18811197984852068,-0.215905157982876,-0.1570624760091898,-0.9364708442637275,-1.2023787047733134,-0.7054437019655115,-0.8814188454773597,-1.10267968535624,-0.6793459520729606,0.812,0.764,0.856,0.34641112181145134,0.3211776534296852,0.37046672122926316,-0.32590729467599955,-0.40872658327684375,-0.25742933230569226,0.04154137718677521,0.027784050205349922,0.05800150534510612,0.044,0.0,0.092,-0.05809461624758734,-0.0718772339488632,-0.046243215126274266,False
transport_anchor_only,False,0.0,0.0,0.5,250,0.0,0.0,0.0,0.5361731748853646,0.5006139114821817,0.5736748975177399,0.06115287079691234,0.05609591081568662,0.0665631703542692,0.4997030647060275,0.4892552119334341,0.511531534341596,0.03272994783893227,0.028341776256170126,0.037362179163098336,0.19928217575921908,0.17969574866500743,0.2215058220663786,0.19928217575921908,0.1781932242074842,0.2194385488096682,0.25996022091583393,0.24471305651100514,0.27646867977741696,0.06,0.036,0.092,0.0,0.0,0.0,0.0,0.0,0.0,0.0,0.0,0.0,0.0,0.0,0.0,0.0,0.0,0.0,0.0,0.0,0.0,0.0,0.0,0.0,0.0,0.0,0.0,0.0,0.0,0.0,0.0,0.0,0.0,0.0,0.0,0.0,False
mediation_aware_recourse,False,0.0,0.5,0.5,250,0.0,0.0,0.0,0.5361731748853646,0.5006139114821817,0.5736748975177399,0.06115287079691234,0.05609591081568662,0.0665631703542692,0.4997030647060275,0.4892552119334341,0.511531534341596,0.03272994783893227,0.028341776256170126,0.037362179163098336,0.19928217575921908,0.17969574866500743,0.2215058220663786,0.19928217575921908,0.1781932242074842,0.2194385488096682,0.25996022091583393,0.24471305651100514,0.27646867977741696,0.06,0.036,0.092,0.0,0.0,0.0,0.0,0.0,0.0,0.0,0.0,0.0,0.0,0.0,0.0,0.0,0.0,0.0,0.0,0.0,0.0,0.0,0.0,0.0,0.0,0.0,0.0,0.0,0.0,0.0,0.0,0.0,0.0,0.0,0.0,0.0,False
mediation_aware_recourse,False,0.0,1.0,0.5,250,0.0,0.0,0.0,0.5361731748853646,0.5006139114821817,0.5736748975177399,0.06115287079691234,0.05609591081568662,0.0665631703542692,0.4997030647060275,0.4892552119334341,0.511531534341596,0.03272994783893227,0.028341776256170126,0.037362179163098336,0.19928217575921908,0.17969574866500743,0.2215058220663786,0.19928217575921908,0.1781932242074842,0.2194385488096682,0.25996022091583393,0.24471305651100514,0.27646867977741696,0.06,0.036,0.092,0.0,0.0,0.0,0.0,0.0,0.0,0.0,0.0,0.0,0.0,0.0,0.0,0.0,0.0,0.0,0.0,0.0,0.0,0.0,0.0,0.0,0.0,0.0,0.0,0.0,0.0,0.0,0.0,0.0,0.0,0.0,0.0,0.0,False
mediation_aware_recourse,False,0.0,1.830018569291007,0.5,250,0.0,0.0,0.0,0.5361731748853646,0.5006139114821817,0.5736748975177399,0.06115287079691234,0.05609591081568662,0.0665631703542692,0.4997030647060275,0.4892552119334341,0.511531534341596,0.03272994783893227,0.028341776256170126,0.037362179163098336,0.19928217575921908,0.17969574866500743,0.2215058220663786,0.19928217575921908,0.1781932242074842,0.2194385488096682,0.25996022091583393,0.24471305651100514,0.27646867977741696,0.06,0.036,0.092,0.0,0.0,0.0,0.0,0.0,0.0,0.0,0.0,0.0,0.0,0.0,0.0,0.0,0.0,0.0,0.0,0.0,0.0,0.0,0.0,0.0,0.0,0.0,0.0,0.0,0.0,0.0,0.0,0.0,0.0,0.0,0.0,0.0,True
mediation_aware_recourse,False,0.0,2.0,0.5,250,0.0,0.0,0.0,0.5361731748853646,0.5006139114821817,0.5736748975177399,0.06115287079691234,0.05609591081568662,0.0665631703542692,0.4997030647060275,0.4892552119334341,0.511531534341596,0.03272994783893227,0.028341776256170126,0.037362179163098336,0.19928217575921908,0.17969574866500743,0.2215058220663786,0.19928217575921908,0.1781932242074842,0.2194385488096682,0.25996022091583393,0.24471305651100514,0.27646867977741696,0.06,0.036,0.092,0.0,0.0,0.0,0.0,0.0,0.0,0.0,0.0,0.0,0.0,0.0,0.0,0.0,0.0,0.0,0.0,0.0,0.0,0.0,0.0,0.0,0.0,0.0,0.0,0.0,0.0,0.0,0.0,0.0,0.0,0.0,0.0,0.0,False
mediation_aware_recourse,False,0.0,5.0,0.5,250,0.004120850563049316,0.0,0.010302126407623291,0.5354237791619227,0.49913385492838386,0.5728685163074339,0.06038460112884874,0.05538304759931924,0.06579517666301873,0.49879382724910976,0.4885835435170978,0.5102041672699862,0.03272994783893227,0.028341776256170126,0.037362179163098336,0.19928217575921908,0.17969574866500743,0.2215058220663786,0.19492689693969673,0.1745642504500008,0.21675951994315906,0.2602001705522036,0.24504989080711775,0.27663163474956537,0.06,0.036,0.092,0.0,0.0,0.0,0.0,0.0,0.0,-0.0009317556086413401,-0.0035957300395335397,0.0,0.021854833744813118,0.0,0.05654109205094769,-0.00436584078003488,-0.013684766590149371,0.0,0.008,0.0,0.02,0.0026435172140818488,0.0,0.0066369928034035845,0.021854833744813118,0.0,0.05810255517137983,0.004120850563049316,0.0,0.010302126407623291,0.0,0.0,0.0,-0.0009317556086413401,-0.0027624437271660655,0.0,False
transport_anchor_only,False,1.0,0.0,0.5,250,0.1667916913330555,0.13492299100905658,0.19988450519442558,0.3191895060330609,0.27955087181331034,0.35690999164988435,0.07915329954043884,0.07421598825079892,0.08354909399087283,0.47783889020584525,0.471585495188767,0.48515746651565844,0.03272994783893227,0.028341776256170126,0.037362179163098336,0.19928217575921908,0.17969574866500743,0.2215058220663786,0.02932328980978971,0.004498245616365962,0.055993624462272566,0.2319834847570796,0.218680615994838,0.24621333922710356,0.092,0.056,0.128,0.0,0.0,0.0,0.0,0.0,0.0,0.042371426292710006,0.026514928843471366,0.05981553445309354,0.8528554312593449,0.7249908685794829,0.9775391175295662,0.1985358597268686,0.13340197923279676,0.2674695291287757,0.284,0.228,0.344,0.0637937298283597,0.0498844436772438,0.07855410233568112,-0.07634443419012538,-0.13994879972016488,0.03689591276247463,-0.0177025183737278,-0.03498676572218538,-0.0021066256724298024,0.008,0.0,0.02,0.0038463778963853394,-0.0018890588622364481,0.009211822916547416,False
mediation_aware_recourse,False,1.0,0.5,0.5,250,0.15718973797559738,0.12634831103682517,0.1900774429477751,0.32929179074758885,0.2875583871057348,0.365991907121364,0.07798596789466326,0.07304654844693127,0.08237070914506953,0.4773361949623376,0.4710509226151798,0.48451258125983365,0.03272994783893227,0.028341776256170126,0.037362179163098336,0.19928217575921908,0.17969574866500743,0.2215058220663786,0.03551922173963507,0.010755603050571416,0.06121871701221698,0.2321696415778867,0.21870291789125043,0.24641419456916333,0.092,0.056,0.128,0.0,0.0,0.0,0.0,0.0,0.0,0.04136971583251358,0.025531435191986286,0.05833010285226601,0.8217641813457975,0.6879480218272344,0.9555401049095921,0.1938422379913476,0.13003843626818287,0.261024626100546,0.268,0.212,0.324,0.06119661909353523,0.047475415375134826,0.07568681555409085,-0.10743568410367277,-0.17597015739036173,0.030076340157182753,-0.027304471731185914,-0.045632570755481716,-0.010579358953237536,0.008,0.0,0.02,0.0028446674361889105,-0.002921421198941266,0.008290675822893011,False
mediation_aware_recourse,False,1.0,1.0,0.5,250,0.144405386865139,0.1145073300100863,0.1759692427277565,0.343672431048288,0.3034696072947198,0.3819958078451143,0.07573526277789268,0.07095021358367075,0.08040768820019681,0.47766791637979444,0.4712969320390839,0.48484685546910206,0.03272994783893227,0.028341776256170126,0.037362179163098336,0.19928217575921908,0.17969574866500743,0.2215058220663786,0.041468756866489175,0.015669346832144354,0.06668016001112109,0.23395397017064523,0.22013033740342636,0.24779245496445615,0.092,0.056,0.128,0.0,0.0,0.0,0.0,0.0,0.0,0.03743906367647225,0.022896418039124115,0.05338994551610187,0.7919093531144831,0.6547491290368429,0.9287261140464705,0.17542474598397562,0.11274671518643792,0.24120803595898777,0.256,0.2,0.312,0.06018717760812883,0.04651167618542945,0.07414499010088994,-0.13729051233498724,-0.21836680528318603,-0.008534454230407953,-0.040088822841644285,-0.061962059563398356,-0.020651667588949207,0.008,0.0,0.02,-0.0010859847198524187,-0.007656415292258069,0.0047049121494492615,False
mediation_aware_recourse,False,1.0,1.830018569291007,0.5,250,0.12588527292013169,0.09644922312498093,0.1554384728498757,0.3671445616597541,0.3270464267951365,0.4045679696029146,0.07223148249116715,0.06724465142130505,0.07686317772320576,0.4788736167677492,0.4719994877493772,0.4862603426215984,0.03272994783893227,0.028341776256170126,0.037362179163098336,0.19928217575921908,0.17969574866500743,0.2215058220663786,0.05206475198072753,0.024242411000610725,0.07772028669272245,0.23762010057464736,0.2243828914867358,0.25199978406292783,0.092,0.056,0.128,0.0,0.0,0.0,0.0,0.0,0.0,0.028728319595301918,0.01652626085585923,0.04270169484843031,0.7387385410542973,0.6003894526790327,0.8690131289061277,0.1346096208789369,0.08007067234848057,0.19277900428960376,0.224,0.176,0.28,0.05924455209159482,0.04527563014171703,0.07459051029576672,-0.19046132439517305,-0.290007172886724,-0.05875456463984831,-0.05860893678665161,-0.08470074468255043,-0.03623762007355691,0.008,0.0,0.02,-0.009796728801022742,-0.018887688622571477,-0.001916545451920882,True
mediation_aware_recourse,False,1.0,2.0,0.5,250,0.1197039970755577,0.0920856309838593,0.14855228125676512,0.3744378186759809,0.33420710804563236,0.41230310095919903,0.07152892676577709,0.06653316566441922,0.07632798097463787,0.4793430325071513,0.47252258706454187,0.48689431538982686,0.03272994783893227,0.028341776256170126,0.037362179163098336,0.19928217575921908,0.17969574866500743,0.2215058220663786,0.05717476391683432,0.02977746852819048,0.08355893301889156,0.2382894698618681,0.22498875620312223,0.25279656111466053,0.092,0.056,0.128,0.0,0.0,0.0,0.0,0.0,0.0,0.02694448344129367,0.014753179057853552,0.04107579525593969,0.7130964487967293,0.5787029388847929,0.8489820398195292,0.1262512653682839,0.07137806126926663,0.1861877495482058,0.212,0.164,0.26409999999999995,0.057581464200545544,0.043698058393887323,0.07286983015534812,-0.21610341665274102,-0.32013253817024623,-0.08294020172160728,-0.06479021263122559,-0.09192201417684555,-0.042615620261430745,0.008,0.0,0.02,-0.011580564955030997,-0.020295677843783874,-0.0037731911317866844,False
mediation_aware_recourse,False,1.0,5.0,0.5,250,0.09797272825241089,0.07235429715514183,0.12589329515695571,0.4264183987428068,0.38382148288329243,0.4662850989887415,0.06191199512941961,0.05717157096689992,0.06736556849619348,0.48503564575500785,0.47754245810766144,0.4935306118837093,0.03272994783893227,0.028341776256170126,0.037362179163098336,0.19928217575921908,0.17969574866500743,0.2215058220663786,0.07574926990394405,0.047447757747458706,0.10172529872826261,0.24103708239468472,0.22820454573110305,0.2542919805764084,0.1,0.064,0.13609999999999992,0.0,0.0,0.0,0.0,0.0,0.0,0.017195145354569768,0.008424421096420004,0.02726781205954744,0.6198893874208427,0.4875955423409079,0.7545519360736442,0.0805696967223718,0.03857547381482221,0.12354450437271124,0.172,0.124,0.224,0.053168880250352636,0.03890545794891969,0.06793859306453108,-0.30931047802862766,-0.4495388426133903,-0.14082658039265702,-0.08652148145437241,-0.12125314075723291,-0.053427364074438814,0.016,-0.008,0.04,-0.021329903041754895,-0.03453370671163951,-0.009605549777176006,False
transport_anchor_only,False,3.0,0.0,0.5,250,0.5619349067211151,0.5211475886821746,0.6027345408856869,0.03830890057969407,0.03259445035439534,0.044203478221563,0.0952278213257961,0.09243100328614734,0.09796313658767761,0.526875329238847,0.5181571866489967,0.53683187243657,0.03272994783893227,0.028341776256170126,0.037362179163098336,0.19928217575921908,0.17969574866500743,0.2215058220663786,-0.21833697252754342,-0.2442258049884034,-0.19090658275331354,0.32180931719115374,0.30768671649020984,0.3351926073285411,0.16,0.116,0.204,0.0,0.0,0.0,0.0,0.0,0.0,-0.05232930789463076,-0.08137475123510646,-0.018732281552340555,-0.09561716543755083,-0.29760027716233517,0.08516156520245188,-0.2451945813672085,-0.41678137185785863,-0.08885195140921988,0.708,0.652,0.764,0.21323611766291709,0.19019896775171655,0.23501230941912354,0.03274408383448235,-0.004236871568294298,0.07145937835011296,0.0008088942766189576,-0.0034231178641319273,0.004877805811166763,0.012,-0.004,0.032,0.007416251112668726,0.002050039341740448,0.013872521048137477,False
mediation_aware_recourse,False,3.0,0.5,0.5,250,0.5607428650856018,0.5209908337205648,0.601360882344842,0.03851729250717394,0.03294909345093704,0.044477188920286834,0.09336469561781982,0.09055280128051739,0.0962056396831421,0.5286099890474231,0.520186977079179,0.53834284806972,0.03272994783893227,0.028341776256170126,0.037362179163098336,0.19928217575921908,0.17969574866500743,0.2215058220663786,-0.22792450727677105,-0.2544164404508434,-0.20030548044146224,0.3260905512345661,0.31228596685982146,0.33949981353291675,0.156,0.112,0.2,0.0,0.0,0.0,0.0,0.0,0.0,-0.06174229013851584,-0.08937200389357211,-0.029225946503837124,-0.14372751305244091,-0.34795639259511907,0.04072207495864111,-0.28930011865720506,-0.4573787903509197,-0.1310733442173673,0.712,0.656,0.768,0.22273637615947342,0.19963856716661196,0.24564262723704416,-0.01536626378040773,-0.04486606292524689,0.010889551332630814,-0.00038314735889434813,-0.0047561616122722625,0.003563024777173996,0.008,0.0,0.02,-0.0019967311312163614,-0.005736328090317305,0.0015257403209944032,False
mediation_aware_recourse,False,3.0,1.0,0.5,250,0.5629603060483932,0.524424672755599,0.6038019010543824,0.037855363241785386,0.032295263241521315,0.04396555141899226,0.09186091692642222,0.08892219910558942,0.09477941317814978,0.5302613814929873,0.5215941794588547,0.5400372242873647,0.03272994783893227,0.028341776256170126,0.037362179163098336,0.19928217575921908,0.17969574866500743,0.2215058220663786,-0.23691288123457924,-0.2619335163828464,-0.20920055546557073,0.3305112740498408,0.31652377372641144,0.3428120126974865,0.152,0.108,0.196,0.0,0.0,0.0,0.0,0.0,0.0,-0.07072192276754477,-0.09812751466247019,-0.038813991812525796,-0.18883126567640018,-0.39968441397483984,-0.008269180158639472,-0.33137514987564765,-0.5005597962831486,-0.17929478039729155,0.716,0.6639,0.772,0.23058131014047786,0.20693300279452279,0.25375073280040905,-0.060470016404367,-0.09952229266921007,-0.025136744830558066,0.0018342936038970947,-0.0028618410378694536,0.006836183416843413,0.004,-0.008,0.02,-0.010976363760245288,-0.017204307582680975,-0.005485720177608764,False
mediation_aware_recourse,False,3.0,1.830018569291007,0.5,250,0.571663493514061,0.5332330173224211,0.6120385317742825,0.0358870680639595,0.030378611980316106,0.042496069195947686,0.08939089590119605,0.0863998206452216,0.09216168161511393,0.5315806250039489,0.523040491524674,0.5409071424272489,0.03272994783893227,0.028341776256170126,0.037362179163098336,0.19928217575921908,0.17969574866500743,0.2215058220663786,-0.2521002143903105,-0.27556771047048156,-0.22545981507307372,0.33387033935128463,0.318700155282682,0.34733313179720254,0.148,0.108,0.192,0.0,0.0,0.0,0.0,0.0,0.0,-0.07748085803967686,-0.10477104966664617,-0.045246477361553364,-0.26504145907614096,-0.4769858437157569,-0.08429974874570667,-0.3630448655897456,-0.5289392358396107,-0.20944820255926389,0.74,0.6879,0.792,0.24181992100306782,0.21854356481972606,0.26574641565852564,-0.13668020980410778,-0.1923365540594524,-0.0866750359321812,0.010537481069564819,0.003459006881713867,0.01908360266983509,0.0,-0.016,0.016,-0.01773529903237739,-0.025659167950932295,-0.009973360757005972,True
mediation_aware_recourse,False,3.0,2.0,0.5,250,0.571663493514061,0.5332330173224211,0.6120385317742825,0.035886968746855125,0.03037860453153328,0.04249587056173896,0.08935165692665527,0.08633832550575712,0.09216168161511393,0.5317315072498472,0.5231068171146364,0.5410418450929448,0.03272994783893227,0.028341776256170126,0.037362179163098336,0.19928217575921908,0.17969574866500743,0.2215058220663786,-0.252241422057002,-0.2757053879455058,-0.22546687545640828,0.3340115470179762,0.3188384439179613,0.347447383297984,0.148,0.108,0.192,0.0,0.0,0.0,0.0,0.0,0.0,-0.07762206570636837,-0.10490872714167039,-0.045465064117964235,-0.265750040594551,-0.4777014543367732,-0.0850043587056997,-0.36370650924820924,-0.5289745187234088,-0.2106479670667022,0.74,0.6879,0.792,0.24196112866975933,0.21854356481972606,0.2660237733662457,-0.1373887913225178,-0.19339774801139042,-0.08701312547527852,0.010537481069564819,0.003459006881713867,0.01908360266983509,0.0,-0.016,0.016,-0.01787650669906889,-0.025838149453886346,-0.010191035094854575,False
mediation_aware_recourse,False,3.0,5.0,0.5,250,0.6327527703046799,0.5935399804055691,0.6730071924239397,0.026631953903176835,0.022227003427638472,0.03165076246661417,0.07781347738181929,0.07448956437460644,0.08107922218150315,0.5430036314401776,0.5350992297876924,0.5515421927747632,0.03272994783893227,0.028341776256170126,0.037362179163098336,0.19928217575921908,0.17969574866500743,0.2215058220663786,-0.31900268246409486,-0.3411105169391828,-0.2947924049881145,0.3669598049495926,0.35192780636340626,0.38127225344603843,0.212,0.16,0.264,0.0,0.0,0.0,0.0,0.0,0.0,-0.12701839044489627,-0.15295620280441968,-0.09486974716723832,-0.6007587294185659,-0.8448230783076338,-0.39912722521803323,-0.59515828364832,-0.7795184537324868,-0.4263691317594493,0.796,0.744,0.844,0.2929118484822337,0.2720039317865387,0.31326734791521943,-0.4723974801465327,-0.5782028339013143,-0.37599145138642787,0.07162675786018372,0.05335761234760285,0.0914641678124666,0.064,0.028,0.1,-0.06727283143759677,-0.0816126548381111,-0.053466014267290335,False
transport_anchor_only,False,10.0,0.0,0.5,250,0.6799273191690445,0.6381206731826067,0.7233444423258304,0.014580844001610308,0.011207042829534842,0.018276299134528506,0.0878813605132526,0.08474864395372118,0.09082564733148046,0.535363365991488,0.5269153716148232,0.5444180336483996,0.03272994783893227,0.028341776256170126,0.037362179163098336,0.19928217575921908,0.17969574866500743,0.2215058220663786,-0.2902443594173287,-0.3150945882539726,-0.2635075014999324,0.35807530511301416,0.3424351564841385,0.37247483782867724,0.28,0.224,0.34,0.0,0.0,0.0,0.0,0.0,0.0,-0.10190009934831523,-0.13129625109154605,-0.0679230773006334,-0.45644916968396543,-0.6926015704215177,-0.25001059670353265,-0.4774638382624339,-0.6860023412447211,-0.29520939359318094,0.768,0.716,0.816,0.2596690745385597,0.23679653501852604,0.28226949767451937,0.012010730432553407,-0.01773226923931866,0.04295866150134079,0.0028067994117736816,-0.0019474839329719543,0.0091065667450428,0.004,-0.012,0.02,0.0016439988715041042,-0.0011089192042487855,0.004792382811319704,False
mediation_aware_recourse,False,10.0,0.5,0.5,250,0.6774897505044937,0.6355456721007824,0.7200294378846884,0.014833601794966773,0.011388746188302608,0.018593363157954318,0.08604813294149932,0.08286222973232298,0.08909021711228965,0.536099766684845,0.5278124125777054,0.5449490295824072,0.03272994783893227,0.028341776256170126,0.037362179163098336,0.19928217575921908,0.17969574866500743,0.2215058220663786,-0.29947521265637206,-0.32430798569533287,-0.27358406412179914,0.3618013298201819,0.34548282468038854,0.37655098098736456,0.276,0.22390000000000002,0.32809999999999995,0.0,0.0,0.0,0.0,0.0,0.0,-0.10836754569140948,-0.13816486469161177,-0.07369103920693781,-0.5027696858258428,-0.7430313554467746,-0.2947426095477306,-0.5077677513545575,-0.7168529064130219,-0.32712841048434055,0.78,0.7319,0.828,0.2675182243296285,0.24497085894369203,0.29057865014119244,-0.03430978570932397,-0.06342283323554566,-0.011410108895262411,0.0003692307472229004,-0.0038504852890968323,0.004716318249702454,0.0,-0.02,0.02,-0.0048234474715901435,-0.008253431056754372,-0.0018044302105814736,False
mediation_aware_recourse,False,10.0,1.0,0.5,250,0.6790845140218734,0.6361453422933817,0.721955961638689,0.014750345282142295,0.011342120259443868,0.018589845902396443,0.08388927723090953,0.08059607679433863,0.08692064186454278,0.5377072036734969,0.5294918324250337,0.5464028830311969,0.03272994783893227,0.028341776256170126,0.037362179163098336,0.19928217575921908,0.17969574866500743,0.2215058220663786,-0.30962812836570663,-0.3339857594607873,-0.2827320516688841,0.3674198627181743,0.3517800451345689,0.3822792337025497,0.292,0.236,0.348,0.0,0.0,0.0,0.0,0.0,0.0,-0.1185204614007441,-0.14718754008890614,-0.08498882621655646,-0.5537171208919962,-0.792498760614241,-0.3366990670520538,-0.5553403262110708,-0.7647590124743284,-0.37587078219275466,0.78,0.7319,0.828,0.2776624705514561,0.2547151212185144,0.29989632097548724,-0.08525722077547737,-0.1277735883140048,-0.04807722291719675,0.001963994264602661,-0.003301027506589889,0.007254756253957747,0.016,-0.008,0.04,-0.01497636318092476,-0.022734566517243246,-0.00836335442042829,False
mediation_aware_recourse,False,10.0,1.830018569291007,0.5,250,0.686181637763977,0.6424693092763424,0.7290024553596973,0.014290362011191363,0.010903279802486603,0.018152114737976878,0.08122686538008571,0.07810495633400609,0.0843620948866523,0.5394634324111789,0.5313685464360827,0.5482332502335515,0.03272994783893227,0.028341776256170126,0.037362179163098336,0.19928217575921908,0.17969574866500743,0.2215058220663786,-0.3231548390600358,-0.34674723481551906,-0.29869737956946923,0.3745753040387536,0.3584676533298671,0.38919211321289476,0.296,0.236,0.352,0.0,0.0,0.0,0.0,0.0,0.0,-0.1312087348384767,-0.15892079125083716,-0.09916035283199026,-0.6215942937640582,-0.8694659375171918,-0.4016319744874768,-0.6147925914713326,-0.8195158633645149,-0.43623137195342554,0.788,0.74,0.836,0.29076996261748694,0.2668513891311424,0.31302293102971024,-0.15313439364753934,-0.21172340844248835,-0.10149846705341528,0.009061118006706238,0.0012771324723958968,0.016792951834201812,0.02,-0.012,0.052,-0.027664636618657326,-0.03715176582374264,-0.017870821219327756,True
mediation_aware_recourse,False,10.0,2.0,0.5,250,0.6874707126617432,0.6441648952960968,0.730407216629386,0.01423727070740138,0.01088322214383194,0.018101262873408117,0.0805320843980908,0.07740977149512018,0.08370750290791813,0.5406047442462295,0.5324992247642875,0.5491190195174087,0.03272994783893227,0.028341776256170126,0.037362179163098336,0.19928217575921908,0.17969574866500743,0.2215058220663786,-0.3262942352703045,-0.3495609958001138,-0.30076905391819203,0.3771253703885609,0.3619843303249655,0.39242063753115464,0.308,0.248,0.368,0.0,0.0,0.0,0.0,0.0,0.0,-0.13434813104874535,-0.16224860358653603,-0.10222646752198179,-0.6373478161165131,-0.8903123786460116,-0.4180423320617746,-0.6295025689293299,-0.8325832357595753,-0.4508376014340542,0.788,0.74,0.836,0.2930618843535462,0.2696095819562654,0.3156062267058055,-0.1688879159999943,-0.22611881187411212,-0.11530896959169777,0.01035019290447235,0.002333634588122368,0.01808949714899063,0.032,-0.004,0.068,-0.030804032828926034,-0.04116492832954854,-0.020704923336771822,False
mediation_aware_recourse,False,10.0,5.0,0.5,250,0.7150930906534195,0.6734289732784033,0.7568089649915695,0.013508518023281922,0.010165823518527838,0.01734903410560792,0.07414080495682873,0.07090281900682065,0.07735248730638962,0.5453340214443951,0.5374567257298678,0.5536166771496496,0.03272994783893227,0.028341776256170126,0.037362179163098336,0.19928217575921908,0.17969574866500743,0.2215058220663786,-0.35620167565445926,-0.3789112596786716,-0.33264099585841894,0.3944752833826389,0.377958036991392,0.40931282142870823,0.352,0.292,0.408,0.0,0.0,0.0,0.0,0.0,0.0,-0.1597813653376391,-0.18773820063320323,-0.1285447713401037,-0.7874236584251106,-1.048816326432981,-0.5586416488567971,-0.7486727144018501,-0.95824106484972,-0.5571115436157648,0.808,0.76,0.856,0.3195355730871313,0.29597977241312,0.34269021512244435,-0.3189637583085918,-0.40083531574078324,-0.24181269465860292,0.03797257089614868,0.02355885382294655,0.05152142079472541,0.076,0.032,0.116,-0.056237267117819775,-0.06929137988157483,-0.042441120307833716,False
transport_anchor_only,False,30.0,0.0,0.5,250,0.861198600769043,0.7828883175492287,0.9464171840548515,0.004533932976884278,0.003182714541079658,0.006180468529897495,0.08437798115961333,0.0807050211010003,0.08778962715161855,0.535445146323517,0.5270011650717594,0.5441286715998872,0.03272994783893227,0.028341776256170126,0.037362179163098336,0.19928217575921908,0.17969574866500743,0.2215058220663786,-0.3202083769615148,-0.34452285452790976,-0.2923741550203787,0.3839271779300066,0.367576860124791,0.39993989058412066,0.52,0.4559,0.576,0.0,0.0,0.0,0.0,0.0,0.0,-0.13069908234258426,-0.16034513359090594,-0.09578348014988045,-0.6068089167613451,-0.8612128092512281,-0.37904481958653546,-0.6124045600717063,-0.8241206402811998,-0.41646566800333834,0.772,0.72,0.82,0.2851537804496236,0.2589436738339689,0.30792780249105967,0.0037546328263828865,-0.02711485173469274,0.034536488330334174,0.000510575532913208,-0.0012442159950733184,0.0026035958647727966,-0.004,-0.024,0.016,-0.0006817187416509276,-0.005783490655251394,0.0041134709870664,False
mediation_aware_recourse,False,30.0,0.5,0.5,250,0.8617186465263367,0.7834875734329224,0.9470738729149103,0.004516580537004037,0.0031632588711733444,0.00615474656724692,0.08162826290853255,0.07795763432499306,0.08521343041454751,0.5367614423619957,0.5284915800034852,0.5453483560087401,0.03272994783893227,0.028341776256170126,0.037362179163098336,0.19928217575921908,0.17969574866500743,0.2215058220663786,-0.3340471638696099,-0.35797832464545337,-0.3075461059915165,0.38941040249550984,0.37312647094419976,0.4054637785173859,0.524,0.46,0.584,0.0,0.0,0.0,0.0,0.0,0.0,-0.14105266077728568,-0.168557326389701,-0.10793210100464035,-0.676252091271923,-0.9343393567115887,-0.44665420633322844,-0.6609173616371491,-0.8733162578229196,-0.4688399482419375,0.788,0.74,0.836,0.2969419512119448,0.27181818029975624,0.3209250070937599,-0.06568854168419502,-0.10129006573326925,-0.0376684418808878,0.001030621290206909,-0.0007588319778442383,0.003046301817893981,0.0,-0.02,0.02,-0.011035297176352338,-0.016287803543398215,-0.0067130006345854825,False
mediation_aware_recourse,False,30.0,1.0,0.5,250,0.8643468472957611,0.7864402040243149,0.9494643922120333,0.004433997390848501,0.003082524005657525,0.006043750416421358,0.08008070595816497,0.07653058778789926,0.08370821741742146,0.5389537195467203,0.530643470156474,0.5477003915227168,0.03272994783893227,0.028341776256170126,0.037362179163098336,0.19928217575921908,0.17969574866500743,0.2215058220663786,-0.3407184054775109,-0.3644086373598671,-0.31258493965539175,0.394657170851672,0.37833365985985284,0.4109144033486606,0.532,0.468,0.5880999999999998,0.0,0.0,0.0,0.0,0.0,0.0,-0.1477239023851867,-0.17669790782443845,-0.11532020398148593,-0.7097284500204419,-0.9671442609639379,-0.47534578966340874,-0.6921761792875274,-0.9073509144511113,-0.4940545335297748,0.788,0.74,0.836,0.3036045233323388,0.2781531835975127,0.32711895373554084,-0.09916490043271398,-0.1441320168914315,-0.06111819192890032,0.0036588220596313475,1.9551992416381844e-05,0.00954688912630081,0.008,-0.008,0.028,-0.01770653878425333,-0.025037988624101382,-0.011456087787405827,False
mediation_aware_recourse,False,30.0,1.830018569291007,0.5,250,0.8713849396705627,0.7936177799850702,0.9576971100360155,0.004273492777540288,0.002932976386741941,0.0059321600628855975,0.07763423280912983,0.07399475599572553,0.08133153264961086,0.5415779272758215,0.5334295716419555,0.5500946143593097,0.03272994783893227,0.028341776256170126,0.037362179163098336,0.19928217575921908,0.17969574866500743,0.2215058220663786,-0.35187251697142813,-0.37590637867016163,-0.3253156591307292,0.40078049500207885,0.3852562963878882,0.4168218204396142,0.528,0.464,0.584,0.0,0.0,0.0,0.0,0.0,0.0,-0.15714177951121291,-0.18653109229930964,-0.125407488423482,-0.7656998957928629,-1.0295575763955163,-0.5413034503230473,-0.7363046520724836,-0.9609840547866982,-0.5370148971136933,0.8,0.752,0.848,0.3138905176423106,0.28918006930576995,0.33721652589256845,-0.15513634620513495,-0.21050502707935076,-0.10835566755895137,0.010696914434432983,0.002411315840482712,0.021149055546522137,0.004,-0.024,0.032,-0.027124415910279566,-0.03696608057895408,-0.019375260446970455,True
mediation_aware_recourse,False,30.0,2.0,0.5,250,0.8713849396705627,0.7936177799850702,0.9576971100360155,0.004276009950550637,0.002932976386741941,0.0059321600628855975,0.07761072620657862,0.07397066172811051,0.0812942748101151,0.5415208005612344,0.5334281434740907,0.5500367560320385,0.03272994783893227,0.028341776256170126,0.037362179163098336,0.19928217575921908,0.17969574866500743,0.2215058220663786,-0.35195451974789976,-0.3759084287395734,-0.32532110890670696,0.4008622185023752,0.38527563108496937,0.4169820381969004,0.528,0.464,0.584,0.0,0.0,0.0,0.0,0.0,0.0,-0.15722378228768452,-0.18661104500636944,-0.12554859372139557,-0.7661113865654783,-1.0295575763955163,-0.5420578382707925,-0.7366888848715949,-0.960994520018458,-0.5373095400823591,0.8,0.752,0.848,0.3139725204187821,0.2893420247893014,0.3375192036688387,-0.15554783697775032,-0.21085786426249598,-0.10891662927080452,0.010696914434432983,0.002411315840482712,0.021149055546522137,0.004,-0.024,0.032,-0.02720641868675116,-0.03712598599307368,-0.01945471078548154,False
mediation_aware_recourse,False,30.0,5.0,0.5,250,0.9027673126459121,0.8264934148311615,0.9848462805986404,0.004019409197649753,0.0026825331666065237,0.005655258618767721,0.06986751827183667,0.06632580030138405,0.07346777837117645,0.5470013584394008,0.5391629024555759,0.5551913457644841,0.03272994783893227,0.028341776256170126,0.037362179163098336,0.19928217575921908,0.17969574866500743,0.2215058220663786,-0.3862657921416761,-0.40886200384284294,-0.36232730957889947,0.42114220847332556,0.4038039048652075,0.4367848958417557,0.568,0.5079,0.628,0.0,0.0,0.0,0.0,0.0,0.0,-0.18757159712031626,-0.2150090139671411,-0.15646232882396693,-0.9382857030243303,-1.2040057256166223,-0.7031733061494452,-0.8788868242802332,-1.1010448546786855,-0.6748150047133844,0.816,0.768,0.86,0.3463020640319862,0.3218188082851003,0.3703281336860796,-0.3277221534366024,-0.4083502178310462,-0.25674691854291437,0.04207928740978241,0.027281107199192047,0.05888523142635822,0.044,0.0,0.088,-0.05755423351938291,-0.07133236229132743,-0.04536096857856856,False
transport_anchor_only,False,0.0,0.0,1.0,250,0.0,0.0,0.0,0.5361731748853646,0.5006139114821817,0.5736748975177399,0.06115287079691234,0.05609591081568662,0.0665631703542692,0.4997030647060275,0.4892552119334341,0.511531534341596,0.03272994783893227,0.028341776256170126,0.037362179163098336,0.19928217575921908,0.17969574866500743,0.2215058220663786,0.19928217575921908,0.1781932242074842,0.2194385488096682,0.25996022091583393,0.24471305651100514,0.27646867977741696,0.06,0.036,0.092,0.0,0.0,0.0,0.0,0.0,0.0,0.0,0.0,0.0,0.0,0.0,0.0,0.0,0.0,0.0,0.0,0.0,0.0,0.0,0.0,0.0,0.0,0.0,0.0,0.0,0.0,0.0,0.0,0.0,0.0,0.0,0.0,0.0,False
mediation_aware_recourse,False,0.0,0.5,1.0,250,0.0,0.0,0.0,0.5361731748853646,0.5006139114821817,0.5736748975177399,0.06115287079691234,0.05609591081568662,0.0665631703542692,0.4997030647060275,0.4892552119334341,0.511531534341596,0.03272994783893227,0.028341776256170126,0.037362179163098336,0.19928217575921908,0.17969574866500743,0.2215058220663786,0.19928217575921908,0.1781932242074842,0.2194385488096682,0.25996022091583393,0.24471305651100514,0.27646867977741696,0.06,0.036,0.092,0.0,0.0,0.0,0.0,0.0,0.0,0.0,0.0,0.0,0.0,0.0,0.0,0.0,0.0,0.0,0.0,0.0,0.0,0.0,0.0,0.0,0.0,0.0,0.0,0.0,0.0,0.0,0.0,0.0,0.0,0.0,0.0,0.0,False
mediation_aware_recourse,False,0.0,1.0,1.0,250,0.0,0.0,0.0,0.5361731748853646,0.5006139114821817,0.5736748975177399,0.06115287079691234,0.05609591081568662,0.0665631703542692,0.4997030647060275,0.4892552119334341,0.511531534341596,0.03272994783893227,0.028341776256170126,0.037362179163098336,0.19928217575921908,0.17969574866500743,0.2215058220663786,0.19928217575921908,0.1781932242074842,0.2194385488096682,0.25996022091583393,0.24471305651100514,0.27646867977741696,0.06,0.036,0.092,0.0,0.0,0.0,0.0,0.0,0.0,0.0,0.0,0.0,0.0,0.0,0.0,0.0,0.0,0.0,0.0,0.0,0.0,0.0,0.0,0.0,0.0,0.0,0.0,0.0,0.0,0.0,0.0,0.0,0.0,0.0,0.0,0.0,False
mediation_aware_recourse,False,0.0,1.830018569291007,1.0,250,0.0,0.0,0.0,0.5361731748853646,0.5006139114821817,0.5736748975177399,0.06115287079691234,0.05609591081568662,0.0665631703542692,0.4997030647060275,0.4892552119334341,0.511531534341596,0.03272994783893227,0.028341776256170126,0.037362179163098336,0.19928217575921908,0.17969574866500743,0.2215058220663786,0.19928217575921908,0.1781932242074842,0.2194385488096682,0.25996022091583393,0.24471305651100514,0.27646867977741696,0.06,0.036,0.092,0.0,0.0,0.0,0.0,0.0,0.0,0.0,0.0,0.0,0.0,0.0,0.0,0.0,0.0,0.0,0.0,0.0,0.0,0.0,0.0,0.0,0.0,0.0,0.0,0.0,0.0,0.0,0.0,0.0,0.0,0.0,0.0,0.0,True
mediation_aware_recourse,False,0.0,2.0,1.0,250,0.0,0.0,0.0,0.5361731748853646,0.5006139114821817,0.5736748975177399,0.06115287079691234,0.05609591081568662,0.0665631703542692,0.4997030647060275,0.4892552119334341,0.511531534341596,0.03272994783893227,0.028341776256170126,0.037362179163098336,0.19928217575921908,0.17969574866500743,0.2215058220663786,0.19928217575921908,0.1781932242074842,0.2194385488096682,0.25996022091583393,0.24471305651100514,0.27646867977741696,0.06,0.036,0.092,0.0,0.0,0.0,0.0,0.0,0.0,0.0,0.0,0.0,0.0,0.0,0.0,0.0,0.0,0.0,0.0,0.0,0.0,0.0,0.0,0.0,0.0,0.0,0.0,0.0,0.0,0.0,0.0,0.0,0.0,0.0,0.0,0.0,False
mediation_aware_recourse,False,0.0,5.0,1.0,250,0.006181275844573975,0.0,0.014422976970672607,0.5344974105876584,0.49835085626869874,0.5719352401497381,0.06009100411803554,0.05502805222555588,0.06559549068129374,0.4981409012824297,0.48818349072559925,0.509442120378349,0.03272994783893227,0.028341776256170126,0.037362179163098336,0.19928217575921908,0.17969574866500743,0.2215058220663786,0.19245005635005305,0.1709079671431197,0.21451539285167778,0.259879259709876,0.24472621631533575,0.27641363832969784,0.064,0.036,0.096,0.0,0.0,0.0,0.0,0.0,0.0,-0.0007309386647372596,-0.0028253554767253427,0.0005368046341963313,0.034283645203778135,0.0,0.07707005215445942,-0.0034248914636181294,-0.013043638743211933,0.002500602554240077,0.012,0.0,0.028,0.0037815290369516545,0.0,0.008701069896773115,0.034283645203778135,0.0,0.07674197764675801,0.006181275844573975,0.0,0.014422976970672607,0.004,0.0,0.012,-0.0007309386647372596,-0.0027624437271660655,0.0005376252116652794,False
transport_anchor_only,False,1.0,0.0,1.0,250,0.16031239393353464,0.12952626414000987,0.19243334925994277,0.3289080208151137,0.2905382206481917,0.36687580556414506,0.07947661313267312,0.07454719690905015,0.08391169906120273,0.4737753361638635,0.4678945264936239,0.48095451768687,0.03272994783893227,0.028341776256170126,0.037362179163098336,0.19928217575921908,0.17969574866500743,0.2215058220663786,0.0439591048473993,0.020733483604810192,0.06766616741246662,0.2261410145600193,0.21287350762463972,0.24020051233830494,0.092,0.056,0.128,0.0,0.0,0.0,0.0,0.0,0.0,0.05089058046095591,0.034586207189669003,0.06851948930128193,0.779412761427733,0.6632313126000893,0.9020218089050817,0.23845326975820025,0.17266072996339263,0.3087381540113086,0.264,0.208,0.32,0.05221624522543193,0.039729505927324583,0.06521636791803452,-0.14978710402173734,-0.22369197785320555,-0.018317082309499088,-0.024181815773248672,-0.04509306896403432,-0.005556384136527782,0.008,0.0,0.02,0.012365532064631252,0.004785079807775976,0.0201713621006793,False
mediation_aware_recourse,False,1.0,0.5,1.0,250,0.15105474427342414,0.12122408856600524,0.18363399543985726,0.3376426612582502,0.29918843153502955,0.37420387808681005,0.07766024005956193,0.07274382904065534,0.08231696786504669,0.47466663006938997,0.4683708582002148,0.48175804669982386,0.03272994783893227,0.028341776256170126,0.037362179163098336,0.19928217575921908,0.17969574866500743,0.2215058220663786,0.044366039376491126,0.019398132230241467,0.06846921343114559,0.22943671426216428,0.21651167215693912,0.2435529030553029,0.092,0.056,0.128,0.0,0.0,0.0,0.0,0.0,0.0,0.04519552218721745,0.029941838498525535,0.06247219347677994,0.7773707597909008,0.6508876080593714,0.907247290553666,0.21176846375803438,0.14695217314296943,0.28124654635952406,0.26,0.204,0.32,0.05486030709775525,0.04209899322565895,0.06900486974677875,-0.15182910565856955,-0.2409723153889194,-0.028106867600860584,-0.03343946543335915,-0.056155086440593006,-0.01390861344113946,0.008,0.0,0.02,0.006670473790892792,0.0004501986176581074,0.012854227910204406,False
mediation_aware_recourse,False,1.0,1.0,1.0,250,0.14196944430470468,0.11396549858525395,0.17183454486355182,0.3475677556460075,0.3091021385275651,0.3849901248527544,0.07642233866755965,0.07147414065745415,0.08099709358635501,0.47488733167581254,0.46884375204210543,0.482009603711756,0.03272994783893227,0.028341776256170126,0.037362179163098336,0.19928217575921908,0.17969574866500743,0.2215058220663786,0.04990266788783851,0.02527545799526299,0.07388396442405595,0.2304182696880974,0.21658895606784104,0.24495496743439837,0.092,0.056,0.128,0.0,0.0,0.0,0.0,0.0,0.0,0.04335801987202811,0.02847244331485777,0.05967127346254614,0.7495879011872444,0.6217509647547885,0.8800126967354802,0.2031586496966421,0.13919008494760043,0.2694338437112354,0.244,0.192,0.304,0.05301074399967624,0.03989109309273765,0.06709140812968935,-0.17961196426222592,-0.26860115220329356,-0.05512844033532977,-0.042524765402078626,-0.0657628422640264,-0.021762880116701133,0.008,0.0,0.02,0.0048329714757034455,-0.0009401408196227454,0.011092091516727827,False
mediation_aware_recourse,False,1.0,1.830018569291007,1.0,250,0.12787341278791428,0.09960444790720939,0.1581966713808477,0.366693360529285,0.32791053086009025,0.40566637455125437,0.07304419381065046,0.06809326006914541,0.07784189578809854,0.4748560034935922,0.4685698191322666,0.48189601500612683,0.03272994783893227,0.028341776256170126,0.037362179163098336,0.19928217575921908,0.17969574866500743,0.2215058220663786,0.05588113495536714,0.0292250315804911,0.08190515938589697,0.23438443941401055,0.2207854543088919,0.2486333831920306,0.096,0.06,0.132,0.0,0.0,0.0,0.0,0.0,0.0,0.0349173410636121,0.02184967040685596,0.04987192111465673,0.7195878921811601,0.5908740843544423,0.8539584405007338,0.16360894437564,0.10266344116477977,0.23105207618975762,0.228,0.176,0.284,0.05424184987011993,0.041225193884624145,0.06825540230541881,-0.20961197326831016,-0.3174234565504765,-0.07253829449911353,-0.05662079691886902,-0.08408038051128387,-0.03272651486992837,0.012,0.0,0.028,-0.003607707332712565,-0.012901419249782475,0.004648794128851089,True
mediation_aware_recourse,False,1.0,2.0,1.0,250,0.12417436164617539,0.09599653900191188,0.1537982827067375,0.3716962395656633,0.3328201262007713,0.41259942355097934,0.07221950082017482,0.06724153140882211,0.07707680294079249,0.47512418913520876,0.46895706237064305,0.48222707966944206,0.03272994783893227,0.028341776256170126,0.037362179163098336,0.19928217575921908,0.17969574866500743,0.2215058220663786,0.05751275358241567,0.030537056967050363,0.08274953252600481,0.2354128488007615,0.22191506228883923,0.24999328617681205,0.096,0.06,0.132,0.0,0.0,0.0,0.0,0.0,0.0,0.03216523323122827,0.019292292596960067,0.046515552381774496,0.7114004131914691,0.5809883919101728,0.8462861586219866,0.1507136481260215,0.08973101624589337,0.2154792395039461,0.224,0.172,0.276,0.05480209447278758,0.04151089417511482,0.06880443730802581,-0.21779945225800124,-0.3284702936883556,-0.07869026985168566,-0.06031984806060791,-0.08903191358447075,-0.03493466567993164,0.012,0.0,0.028,-0.0063598151650964,-0.015640463603671398,0.002012193108871601,False
mediation_aware_recourse,False,1.0,5.0,1.0,250,0.09295970702171326,0.06930341638326645,0.1191918619453907,0.4269784116491734,0.3861860502097621,0.4672741821249253,0.06363818094538258,0.05872665904091306,0.06878572255119392,0.4797073987939954,0.47267748889212685,0.4873288756693564,0.03272994783893227,0.028341776256170126,0.037362179163098336,0.19928217575921908,0.17969574866500743,0.2215058220663786,0.08302678858861816,0.05768814133256409,0.1079742892681584,0.24015245859289544,0.22648097781770024,0.2533493824106524,0.092,0.056,0.132,0.0,0.0,0.0,0.0,0.0,0.0,0.019095822478323064,0.009424118759469876,0.029962636066328468,0.583370724088568,0.452448939680777,0.7161502086147524,0.08947552312105689,0.04464722601765093,0.13779924147606898,0.168,0.12,0.216,0.048579782346138925,0.035300380168672305,0.06262101992700356,-0.34582914136090226,-0.48403603678470086,-0.1737028967986479,-0.09153450268507003,-0.1282180618688464,-0.05737996686846018,0.008,-0.012,0.028,-0.019429225918001603,-0.03199552075507605,-0.007885556566126802,False
transport_anchor_only,False,3.0,0.0,1.0,250,0.5607070776224137,0.5196795353770256,0.6012840647339821,0.03916710320791239,0.03340717534936915,0.04527093476118801,0.09565244339182098,0.09298907306167793,0.09838372673529616,0.5252242841283232,0.5165361749412902,0.5349335529325734,0.03272994783893227,0.028341776256170126,0.037362179163098336,0.19928217575921908,0.17969574866500743,0.2215058220663786,-0.21533824404995291,-0.24131373851174998,-0.18716933871067087,0.3205931089862406,0.30630411235688515,0.33367332222550306,0.164,0.12,0.208,0.0,0.0,0.0,0.0,0.0,0.0,-0.049859738867999555,-0.07931795986273184,-0.016259568883450346,-0.08056951520909439,-0.2876853466879216,0.09957868553021827,-0.2336231509775395,-0.4064883096422862,-0.07197550331437093,0.7,0.644,0.756,0.2104529074608665,0.1873809455891956,0.2327540203541446,0.047791734062938795,0.00805132728403428,0.09342501505147754,-0.00041893482208251956,-0.006064552912116051,0.004556441098451613,0.016,-0.004,0.036,0.009885820139299924,0.00387288462648767,0.01714587919207315,False
mediation_aware_recourse,False,3.0,0.5,1.0,250,0.5602352277040482,0.5197774696975946,0.6010879697233438,0.039310368727340915,0.033579223667107395,0.04540809860806834,0.09478126255616773,0.09197554998691823,0.09760100504392225,0.5254599387746305,0.5169144092438427,0.5350818675085919,0.03272994783893227,0.028341776256170126,0.037362179163098336,0.19928217575921908,0.17969574866500743,0.2215058220663786,-0.21967341774411364,-0.2459289530808734,-0.19276087890297597,0.32277626469902493,0.3084296771419826,0.33591232432744894,0.16,0.116,0.208,0.0,0.0,0.0,0.0,0.0,0.0,-0.05401720821304467,-0.08286562826314259,-0.021000513740666086,-0.10232346122882618,-0.307420574058981,0.07854782489432013,-0.2531034192367332,-0.42455303497057056,-0.09466073582774505,0.704,0.648,0.76,0.2149424960774967,0.19189559410120274,0.23734835639215118,0.026037788043207,-0.014090197041953145,0.07070734492141821,-0.0008907847404479981,-0.006832917779684067,0.0045558723866939545,0.012,-0.008,0.032,0.005728350794254812,-0.0007160315966241026,0.013161480046391566,False
mediation_aware_recourse,False,3.0,1.0,1.0,250,0.5617449585199356,0.5227826045632362,0.6016115087717772,0.03870769169338371,0.033226962232657316,0.04468379376650941,0.09272399622217654,0.08981022029138111,0.09557182893622822,0.5272651173568517,0.5184983358444385,0.5369144881368373,0.03272994783893227,0.028341776256170126,0.037362179163098336,0.19928217575921908,0.17969574866500743,0.2215058220663786,-0.23121677361533308,-0.2568424093550246,-0.20381710773058126,0.3275323575045554,0.3131815100335838,0.3406635146778524,0.16,0.116,0.208,0.0,0.0,0.0,0.0,0.0,0.0,-0.0639537385612732,-0.09133203755119013,-0.030638120517229087,-0.1602481392751285,-0.3758976814836167,0.019903302698060274,-0.29966209728923654,-0.46824158137683364,-0.14328111284201403,0.708,0.652,0.764,0.22460110081225335,0.2008509384824478,0.24738048565965312,-0.0318868900030953,-0.07576046045306079,0.009071187289024544,0.0006189460754394531,-0.005989074826240539,0.0064113392055034635,0.012,-0.004,0.032,-0.004208179553973718,-0.009944768455294803,0.0013385219538481839,False
mediation_aware_recourse,False,3.0,1.830018569291007,1.0,250,0.5666093068122864,0.5283000382333994,0.6072659002065658,0.03746539779630608,0.03181646002782111,0.04361973377446211,0.0904076113431933,0.08739919169469779,0.09336347836435978,0.5293792650533468,0.5207325351970531,0.5390719390305226,0.03272994783893227,0.028341776256170126,0.037362179163098336,0.19928217575921908,0.17969574866500743,0.2215058220663786,-0.24473007490625157,-0.2689111494097956,-0.21773884403946095,0.33180674863520404,0.31791251926925185,0.3442204107985213,0.152,0.112,0.196,0.0,0.0,0.0,0.0,0.0,0.0,-0.0736293684860494,-0.10143952639325278,-0.04213040394029207,-0.22805802362346994,-0.4366748629552591,-0.04634880232220212,-0.34499829844149676,-0.5113578324119589,-0.19124297577972374,0.724,0.672,0.7760999999999999,0.23618689693259365,0.21345238841563532,0.25997098425305165,-0.09969677435143676,-0.149926476535285,-0.051522197572055554,0.005483294367790222,-0.0019891485333442685,0.012800199106335638,0.004,-0.012,0.02,-0.01388380947874992,-0.021146720350191345,-0.007106973841396733,True
mediation_aware_recourse,False,3.0,2.0,1.0,250,0.5666093068122864,0.5283000382333994,0.6072659002065658,0.03749416919073436,0.03184169488990985,0.043648174569341766,0.09039000335511425,0.0873769776091076,0.09332826238820172,0.5293280259454995,0.5206812960892059,0.5390219809003715,0.03272994783893227,0.028341776256170126,0.037362179163098336,0.19928217575921908,0.17969574866500743,0.2215058220663786,-0.2448051853101507,-0.26891302716989307,-0.2178173639951948,0.3318818590391031,0.31798762967315103,0.3443549940141482,0.152,0.112,0.196,0.0,0.0,0.0,0.0,0.0,0.0,-0.07370447888994852,-0.10158974720105103,-0.04220551434419119,-0.22843492839989055,-0.4368408045930298,-0.04735159129002123,-0.34535023629011974,-0.5113764342404683,-0.19157114504999417,0.724,0.672,0.7760999999999999,0.23626200733649277,0.21360014753382933,0.26012120506084985,-0.10007367912785736,-0.1507554312972875,-0.05231946522720665,0.005483294367790222,-0.0019891485333442685,0.012800199106335638,0.004,-0.012,0.02,-0.013958919882649046,-0.021150475870386303,-0.007189566836555289,False
mediation_aware_recourse,False,3.0,5.0,1.0,250,0.6213301864862442,0.5822431909531355,0.6605664056330919,0.02885235472854825,0.02365209023872495,0.03485400371577673,0.07938469154323752,0.0761441033243851,0.08251876404699976,0.5389965493949503,0.5306381904528346,0.5477215391135196,0.03272994783893227,0.028341776256170126,0.037362179163098336,0.19928217575921908,0.17969574866500743,0.2215058220663786,-0.3088009618654189,-0.331290685535814,-0.2832060505236186,0.35905485407624554,0.3438426255913218,0.3727196692417754,0.216,0.16,0.26809999999999995,0.0,0.0,0.0,0.0,0.0,0.0,-0.11714108279838147,-0.14384918964801202,-0.08625329095012432,-0.5495663909175947,-0.7756738101316372,-0.3565066641025981,-0.5488770999128321,-0.7353495544378729,-0.38413209504733736,0.792,0.744,0.84,0.28756704406676586,0.26592143775917587,0.30788334150629737,-0.42120514164556155,-0.5161506718611862,-0.3263204673957419,0.06020417404174805,0.0427983335852623,0.07640794131457805,0.068,0.036,0.104,-0.05739552379108197,-0.07082272686135292,-0.043531801286483415,False
transport_anchor_only,False,10.0,0.0,1.0,250,0.6806899310350418,0.6387356147319079,0.723498176562786,0.014655963055472487,0.011288081274017963,0.01840488819824163,0.08868040727397096,0.08556494570218534,0.09158026998480344,0.5333352428623289,0.5249345727314484,0.542286946539577,0.03272994783893227,0.028341776256170126,0.037362179163098336,0.19928217575921908,0.17969574866500743,0.2215058220663786,-0.28678708099020206,-0.3122205046175324,-0.2594235519383788,0.35749242364692646,0.3418159115972825,0.3716661654242803,0.292,0.236,0.3440999999999999,0.0,0.0,0.0,0.0,0.0,0.0,-0.09947508845873915,-0.12911515496206538,-0.06492831123954419,-0.43910051110998505,-0.6760071829753166,-0.22921336741898474,-0.4661011898001648,-0.6713622257121765,-0.2796259605834426,0.764,0.712,0.816,0.2566857948313458,0.23358060521386736,0.2798093267611929,0.029359389006533787,-0.00436536718032744,0.06764158381303266,0.003569411277770996,-0.0022449742257595064,0.010505834054946898,0.016,-0.008,0.04,0.004069009761080183,0.00025777213186408066,0.008294787936692822,False
mediation_aware_recourse,False,10.0,0.5,1.0,250,0.6824057756662368,0.6387577091664076,0.7253355325013399,0.014424552093909838,0.011029909047077402,0.01816451176145769,0.08710565039728599,0.08398174803283068,0.09010620925822925,0.5343128515868634,0.5259281988192313,0.543425969121486,0.03272994783893227,0.028341776256170126,0.037362179163098336,0.19928217575921908,0.17969574866500743,0.2215058220663786,-0.2948353540268331,-0.3205043513490278,-0.26760790715971317,0.3617626599050517,0.3451678064395392,0.37671907426885287,0.288,0.232,0.344,0.0,0.0,0.0,0.0,0.0,0.0,-0.10649109395781972,-0.13557565762652696,-0.07202303317556716,-0.4794868276782831,-0.7159212160992638,-0.26817690372732067,-0.49897543561822566,-0.7062074768391361,-0.31138687822434574,0.768,0.716,0.816,0.2642600691480642,0.2403600794534073,0.2875431400209137,-0.011026927561764266,-0.04428670738058109,0.0241754504199458,0.005285255908966065,-0.0012007662177085875,0.012849386709928511,0.012,-0.008099999999999994,0.032,-0.002946995738000373,-0.007626308233905501,0.0013759540049316096,False
mediation_aware_recourse,False,10.0,1.0,1.0,250,0.6800668293237686,0.6372032256752252,0.7236903960227966,0.014675902567113774,0.011183082829796966,0.018392122111208584,0.08528351760119657,0.08219991485708225,0.08836310450498548,0.5355013806607574,0.5271002453680262,0.5444834143992159,0.03272994783893227,0.028341776256170126,0.037362179163098336,0.19928217575921908,0.17969574866500743,0.2215058220663786,-0.30389290855694173,-0.3280088395008923,-0.27812782593766544,0.3644298780550346,0.3483331266489381,0.37890253604544705,0.292,0.236,0.348,0.0,0.0,0.0,0.0,0.0,0.0,-0.11278524159197918,-0.14130604578906403,-0.0789704598440645,-0.524937729122938,-0.7600011150661415,-0.30595394375018314,-0.5284673390335868,-0.7343504999129138,-0.3452320165536637,0.78,0.7319,0.828,0.27193592023019825,0.24877019920702,0.294953479310965,-0.05647782900641918,-0.09417332105721386,-0.021276663866578695,0.002946309566497803,-0.0024625698328018188,0.008255467081069947,0.016,-0.008,0.04,-0.009241143372159843,-0.016237958336431685,-0.003193727777134397,False
mediation_aware_recourse,False,10.0,1.830018569291007,1.0,250,0.6865336084365845,0.6425641370236873,0.7295038331091404,0.01425003176061433,0.010858761011095853,0.01810417032615978,0.08187556279562708,0.07870707149289323,0.08493582433631948,0.5380148812032491,0.5298960535419733,0.5468548566536324,0.03272994783893227,0.028341776256170126,0.037362179163098336,0.19928217575921908,0.17969574866500743,0.2215058220663786,-0.3203819223502952,-0.34363541592033897,-0.2953583485324827,0.37294833024979335,0.35748448776052727,0.38748816530051516,0.296,0.24,0.352,0.0,0.0,0.0,0.0,0.0,0.0,-0.1286103706340786,-0.15691864497903793,-0.0968317702697391,-0.6076797693005611,-0.8603047298581482,-0.38419395539643886,-0.6026176774705632,-0.8116541662715537,-0.4214300353132517,0.784,0.736,0.832,0.2880843221604176,0.26459901616550396,0.3107912573312056,-0.13921986918404228,-0.1913429360999158,-0.08995626472899237,0.00941308867931366,0.0015824455857276919,0.016890587019920345,0.02,-0.012,0.052,-0.02506627241425926,-0.033945901829139216,-0.016013029829542957,True
mediation_aware_recourse,False,10.0,2.0,1.0,250,0.6865336084365845,0.6425641370236873,0.7295038331091404,0.014248903211225804,0.010857632461707328,0.01810301356303654,0.08178974713868413,0.07859550612359115,0.08487566520089941,0.5381905587822944,0.5300726123594176,0.5470320746419057,0.03272994783893227,0.028341776256170126,0.037362179163098336,0.19928217575921908,0.17969574866500743,0.2215058220663786,-0.32075096373467493,-0.3438260261889803,-0.29544817585599853,0.3732754365939712,0.35757699986233327,0.38792200114359593,0.3,0.244,0.356,0.0,0.0,0.0,0.0,0.0,0.0,-0.12897941201845836,-0.15733498104916524,-0.0971638652863015,-0.6095316227489378,-0.8608328327130494,-0.3852399272383184,-0.6043468604349618,-0.8149070434880056,-0.4233103375930818,0.784,0.736,0.832,0.28845336354479734,0.2649610771983621,0.3111449510826648,-0.14107172263241896,-0.19350897685525234,-0.09267393538820988,0.00941308867931366,0.0015824455857276919,0.016890587019920345,0.024,-0.004,0.056,-0.025435313798639014,-0.03404902574215591,-0.016385834787478272,False
mediation_aware_recourse,False,10.0,5.0,1.0,250,0.7108075572252274,0.6694236165195703,0.751740240162611,0.013668184432285936,0.010373468883939337,0.01756090239307476,0.07499364298675988,0.07172483964904479,0.07821234343939487,0.5433073510930687,0.5354950681902078,0.5517377108400818,0.03272994783893227,0.028341776256170126,0.037362179163098336,0.19928217575921908,0.17969574866500743,0.2215058220663786,-0.35235471688782416,-0.37485677887633395,-0.3294556218958629,0.3918366036774743,0.37537004700260984,0.4065911433451451,0.36,0.296,0.416,0.0,0.0,0.0,0.0,0.0,0.0,-0.155934406571004,-0.18378536793041572,-0.12492118599021872,-0.7681195799144305,-1.0219789119078753,-0.5447098576447158,-0.730647376741713,-0.935833210988668,-0.5394024846627988,0.808,0.76,0.856,0.31568861432049616,0.2919443608443876,0.33866288415203993,-0.29965967979791164,-0.38214539760506594,-0.22398781510008445,0.033687037467956545,0.020117454248666764,0.04716773121058941,0.084,0.044,0.124,-0.05239030835118464,-0.06611843253109354,-0.039439095739850355,False
transport_anchor_only,False,30.0,0.0,1.0,250,0.8625778374671936,0.7844598244100809,0.9468746987998484,0.004551487692326258,0.0031915617047881526,0.006200793214451311,0.08575376346116348,0.08216763740021601,0.08884807337546705,0.5326701054253429,0.5243038299292624,0.5413934258744847,0.03272994783893227,0.028341776256170126,0.037362179163098336,0.19928217575921908,0.17969574866500743,0.2215058220663786,-0.31409440236138303,-0.33934231532064796,-0.2859140009333567,0.38071543433773725,0.3643632308220158,0.3965949344581093,0.528,0.46390000000000003,0.588,0.0,0.0,0.0,0.0,0.0,0.0,-0.12554387643276635,-0.15528613571444155,-0.09144767030347768,-0.5761289295681156,-0.8215466924409455,-0.3450136984981364,-0.5882492901899645,-0.7981694506573129,-0.39502168483135414,0.768,0.716,0.82,0.28183047314185583,0.2565875373013247,0.3052246745338605,0.034434620019612394,-0.006738842069897971,0.07511154970642735,0.0018898122310638428,-0.003801307106018066,0.008383783292770383,0.004,-0.024,0.032,0.004473487168166994,-0.002496896551015808,0.010974058949395805,False
mediation_aware_recourse,False,30.0,0.5,1.0,250,0.8613606345653534,0.7831975746095181,0.9465953781217337,0.004568572434335741,0.003225588327248162,0.0062207280963575435,0.08311220063273822,0.07953342873874687,0.08651013367663761,0.5341163461647184,0.526099003595939,0.542772364980476,0.03272994783893227,0.028341776256170126,0.037362179163098336,0.19928217575921908,0.17969574866500743,0.2215058220663786,-0.32688304327755313,-0.3509589056387749,-0.2996928585367024,0.38565295161847724,0.36962622378087656,0.4012673468871391,0.516,0.452,0.572,0.0,0.0,0.0,0.0,0.0,0.0,-0.13583899260950075,-0.16532217460430135,-0.10270847276224083,-0.64030246073039,-0.8944094373421051,-0.419581326136625,-0.6364881605790791,-0.8517118115307702,-0.4418570315732257,0.78,0.732,0.828,0.2921969085291749,0.26655221844541,0.31512869459937265,-0.029738911142662028,-0.07020591271747753,0.009566916101409414,0.0006726093292236328,-0.004692202496528626,0.00742334558367729,-0.008,-0.032,0.016,-0.005821629008567378,-0.011907698666856759,0.0001563527081416935,False
mediation_aware_recourse,False,30.0,1.0,1.0,250,0.863423332452774,0.7862075204074382,0.9478311986893415,0.004489379246863505,0.003148991849150444,0.006154890358827764,0.08126400554642402,0.0778500835869348,0.08470768662570831,0.5359022436051817,0.5277076970444191,0.5445257166369838,0.03272994783893227,0.028341776256170126,0.037362179163098336,0.19928217575921908,0.17969574866500743,0.2215058220663786,-0.33619789405004374,-0.35976234536257096,-0.3098983970362707,0.3902908104106988,0.3738362369882259,0.405838382900694,0.52,0.456,0.58,0.0,0.0,0.0,0.0,0.0,0.0,-0.14320339095771953,-0.17213325124628245,-0.10992279869583911,-0.6870444773558266,-0.9472350260067757,-0.45612704569111573,-0.6709948384363289,-0.8889316827953792,-0.4753908818129297,0.788,0.74,0.836,0.29909268139237866,0.27470046911687873,0.3218601476054668,-0.07648092776809867,-0.11791877456633691,-0.04365854024400731,0.002735307216644287,-0.0009750234425067902,0.00822831311225891,-0.004,-0.028,0.02,-0.013186027356786176,-0.019739851954157256,-0.007580150323363502,False
mediation_aware_recourse,False,30.0,1.830018569291007,1.0,250,0.8688095817565918,0.7910712620407343,0.9539135271161795,0.0043352449628684874,0.0029899498452745817,0.0058958282060757655,0.07959963733408014,0.07592136312602045,0.0831773113258131,0.5378086550014467,0.52967055549198,0.5464201425886359,0.03272994783893227,0.028341776256170126,0.037362179163098336,0.19928217575921908,0.17969574866500743,0.2215058220663786,-0.34296099449359646,-0.3666929348392896,-0.3157477706106656,0.39568238898337504,0.37942523759815305,0.4122323098182402,0.536,0.476,0.596,0.0,0.0,0.0,0.0,0.0,0.0,-0.14956476215833325,-0.1779223794464679,-0.11799372380262212,-0.7209817846829214,-0.9756984118493603,-0.4937878407986954,-0.7008017250780676,-0.9208634241460583,-0.5037416491148115,0.792,0.744,0.84,0.30564624772695487,0.2794464037411298,0.3288645932828049,-0.11041823509519344,-0.15444351949154536,-0.07070879692099587,0.008121556520462037,0.0017060934126377108,0.01678916885852813,0.012,-0.012,0.04,-0.019547398557399908,-0.02710121662499699,-0.012790284247026386,True
mediation_aware_recourse,False,30.0,2.0,1.0,250,0.8679131400585175,0.7906052691012622,0.9526225852668285,0.004380941156643728,0.003058573792167938,0.005986078188781865,0.07904999675024707,0.07540998684426048,0.08250949746226979,0.538397888591513,0.5300847736381237,0.5468114551051687,0.03272994783893227,0.028341776256170126,0.037362179163098336,0.19928217575921908,0.17969574866500743,0.2215058220663786,-0.34567457437839616,-0.3691712384346819,-0.3181552612474911,0.39744399421752563,0.3809977385389494,0.4138179912893876,0.532,0.472,0.592,0.0,0.0,0.0,0.0,0.0,0.0,-0.15227834204313292,-0.18103485226081614,-0.12062615957745886,-0.7345985563508419,-0.9926745744205188,-0.5066468491172236,-0.7135164944994343,-0.9377786125356732,-0.5173219061989831,0.792,0.744,0.84,0.30835982761175457,0.2830421836436633,0.3313515656099943,-0.12403500676311396,-0.17213899631542023,-0.08133032439987392,0.007225114822387696,-4.504365324974047e-05,0.015638232338428492,0.008,-0.02,0.036,-0.022260978442199604,-0.03068153435460298,-0.015033467244948166,False
mediation_aware_recourse,False,30.0,5.0,1.0,250,0.8978028630018234,0.821846401154995,0.9800977581530809,0.0041205676055836625,0.0027621341322846,0.005740625985797034,0.07057779750383887,0.06716125196534514,0.07416493909300699,0.5446595424031466,0.5369170556600615,0.5530527507598921,0.03272994783893227,0.028341776256170126,0.037362179163098336,0.19928217575921908,0.17969574866500743,0.2215058220663786,-0.38365062322049787,-0.40559498744287276,-0.3600629084252118,0.4192552791920634,0.40187061404489266,0.43536495072504827,0.564,0.5,0.624,0.0,0.0,0.0,0.0,0.0,0.0,-0.18495642819913802,-0.21231358707508477,-0.1538969434927153,-0.9251627585802773,-1.1895796736905009,-0.692246461398248,-0.866633169977677,-1.089291820363636,-0.6644283976438883,0.816,0.768,0.86,0.34368689511080797,0.3181469197220065,0.3679944437488775,-0.31459920899254934,-0.39428947846247425,-0.24391645682397667,0.037114837765693666,0.023921190747618677,0.05270268019735813,0.04,0.0,0.084,-0.05493906459820469,-0.06854304953916134,-0.0435194171451091,False
transport_anchor_only,False,0.0,0.0,2.0,250,0.014446690462529659,0.00416827754676342,0.024749409707449377,0.5235267232435685,0.4867626918821785,0.5604172371117695,0.06297216561935087,0.05788143469294569,0.06842536210641795,0.4911561204332113,0.48201137182709947,0.5006290757815018,0.03272994783893227,0.028341776256170126,0.037362179163098336,0.19928217575921908,0.17969574866500743,0.2215058220663786,0.19239126372899362,0.17209848385551924,0.2121319972844812,0.25372732140618975,0.2387124438144821,0.26936998299339965,0.06,0.036,0.092,0.0,0.0,0.0,0.0,0.0,0.0,0.006890912030225449,0.001781171768484067,0.013483051642697254,0.03457866717870117,0.008388681651083366,0.0684759704207123,0.03228810696085549,0.007895094392370839,0.06924887946551454,0.0,0.0,0.0,0.0,0.0,0.0,0.03457866717870117,0.00927264985586038,0.06688991325067693,0.014446690462529659,0.00416827754676342,0.024749409707449377,0.0,0.0,0.0,0.006890912030225449,0.0017668451113874034,0.013771218715613844,False
mediation_aware_recourse,False,0.0,0.5,2.0,250,0.012386265181005001,0.004120850563049316,0.02268839158862829,0.5257818164042407,0.48905027161631104,0.562609715095752,0.06250197010349223,0.057574239538552244,0.06787610228763273,0.49220718755424026,0.4826363289567232,0.5011875747331344,0.03272994783893227,0.028341776256170126,0.037362179163098336,0.19928217575921908,0.17969574866500743,0.2215058220663786,0.19261037063707323,0.1709396455025459,0.21219576002876672,0.25444533196685987,0.23962558216025673,0.2714018460881746,0.06,0.036,0.092,0.0,0.0,0.0,0.0,0.0,0.0,0.006164997969163571,0.0007543802681794776,0.013203066219471305,0.03347918646877379,0.005123955087484774,0.07302846559201577,0.02888675881635039,0.004617969328565719,0.06537509809742492,0.004,0.0,0.012,0.00025340357649114554,0.0,0.0007665458188857094,0.03347918646877379,0.00569060482489745,0.07433214551739613,0.012386265181005001,0.004120850563049316,0.02268839158862829,0.0,0.0,0.0,0.006164997969163571,0.0010974886632737224,0.014024618728774278,False
mediation_aware_recourse,False,0.0,1.0,2.0,250,0.010302126407623291,0.002060425281524658,0.018543827533721923,0.5267045413347847,0.4894309765395624,0.5633554687034901,0.06231927662315192,0.057420839856156994,0.06778988666834189,0.4933006750530004,0.483797024082642,0.5024929182127194,0.03272994783893227,0.028341776256170126,0.037362179163098336,0.19928217575921908,0.17969574866500743,0.2215058220663786,0.19298038636217513,0.17127870218690827,0.21255950198990411,0.25481369934686215,0.23997562872789244,0.2717587892889051,0.06,0.036,0.092,0.0,0.0,0.0,0.0,0.0,0.0,0.005794982244061672,0.0006151744617215783,0.01307791062561101,0.031622443768669184,0.0034640351569890067,0.06894469973733235,0.027153010474057604,0.0032464611474938313,0.06237431334592853,0.004,0.0,0.012,0.00025340357649114554,0.0,0.0007665458188857094,0.031622443768669184,0.0036117596040915,0.07274312863863673,0.010302126407623291,0.002060425281524658,0.018543827533721923,0.0,0.0,0.0,0.005794982244061672,0.0006816210872959096,0.013665485865908857,False
mediation_aware_recourse,False,0.0,1.830018569291007,2.0,250,0.006181275844573975,0.0,0.014422976970672607,0.5311862140777925,0.49345561629988344,0.5681622448365995,0.06156070550080521,0.05658211986440907,0.06707451988338205,0.49582759659558534,0.4861278142458424,0.5056503411851675,0.03272994783893227,0.028341776256170126,0.037362179163098336,0.19928217575921908,0.17969574866500743,0.2215058220663786,0.19513218562669143,0.17405439712819862,0.21548946995125282,0.2580586152120809,0.24339558374172585,0.274177004833043,0.064,0.036,0.096,0.0,0.0,0.0,0.0,0.0,0.0,0.001899924093259613,0.0,0.0047074322654495895,0.020824693009884765,0.0,0.06064553348597431,0.008902297993588548,0.0,0.02475467612757758,0.004,0.0,0.012,0.0011250330196340226,0.0,0.0033750990589020676,0.020824693009884765,0.0,0.05789656824033597,0.006181275844573975,0.0,0.014422976970672607,0.004,0.0,0.012,0.001899924093259613,0.0,0.0047074322654495895,True
mediation_aware_recourse,False,0.0,2.0,2.0,250,0.004120850563049316,0.0,0.010302126407623291,0.5319568374036607,0.4941671000682069,0.5688836511329447,0.06141152002900377,0.056427175193403914,0.06682347172427505,0.4970017915388942,0.48732450053054843,0.5075980678562931,0.03272994783893227,0.028341776256170126,0.037362179163098336,0.19928217575921908,0.17969574866500743,0.2215058220663786,0.19544290455372476,0.1741921639244444,0.21549504778519618,0.2583702739428866,0.24339558374172585,0.2746481429007341,0.064,0.036,0.096,0.0,0.0,0.0,0.0,0.0,0.0,0.0015892051662262728,0.0,0.004396713338416249,0.019265502250101263,0.0,0.05886937448381926,0.007446391154724674,0.0,0.023110268813366197,0.004,0.0,0.012,0.0011250330196340226,0.0,0.0033750990589020676,0.019265502250101263,0.0,0.05591572685603668,0.004120850563049316,0.0,0.010302126407623291,0.004,0.0,0.012,0.0015892051662262728,0.0,0.004396713338416249,False
mediation_aware_recourse,False,0.0,5.0,2.0,250,0.016483402252197264,0.006181275844573975,0.028897464573383283,0.5293017198455993,0.49236027744224503,0.5672375131024056,0.05907495217787481,0.05406913903412041,0.06438177756060255,0.4950675682243705,0.48519456558308754,0.505747873629406,0.03272994783893227,0.028341776256170126,0.037362179163098336,0.19928217575921908,0.17969574866500743,0.2215058220663786,0.18145392778924746,0.15658915549744984,0.20579351804766657,0.2607344393848931,0.24557327135880205,0.27724482867201505,0.068,0.04,0.1,0.0,0.0,0.0,0.0,0.0,0.0,-0.003812114303895017,-0.0096421926788109,0.0014711064190386738,0.08946233099899736,0.03218046083915372,0.15900417111462287,-0.017862070194958557,-0.04785410493050363,0.007361748937441128,0.024,0.008,0.044,0.007655212858822505,0.0024176338163735215,0.014522436163329683,0.08946233099899736,0.030666144391221017,0.16290262648881296,0.016483402252197264,0.006181275844573975,0.028897464573383283,0.008,-0.008,0.024,-0.003812114303895017,-0.009733311137366895,0.0014698586306707753,False
transport_anchor_only,False,1.0,0.0,2.0,250,0.17193885484337806,0.14208634918928148,0.20278948584869502,0.3233411655989197,0.2857735107177307,0.3601071814681432,0.08090182308280836,0.07634821600201536,0.08558335110803071,0.46959604693718254,0.4639083542630058,0.4760439334560707,0.03272994783893227,0.028341776256170126,0.037362179163098336,0.19928217575921908,0.17969574866500743,0.2215058220663786,0.046033495297012374,0.02335630160511337,0.0680312877664097,0.22176277866683,0.209160806249203,0.23470174901489005,0.088,0.056,0.124,0.0,0.0,0.0,0.0,0.0,0.0,0.0560857873416774,0.039519270663099834,0.07390528675818558,0.7690034488953396,0.6593034718953155,0.8902050776567673,0.2627959684768515,0.1912884285778966,0.3326209258649808,0.276,0.22,0.336,0.04831656067123858,0.036643212352458196,0.06055355871889595,-0.16019641655413075,-0.24433461917625673,-0.037922916991726736,-0.012555354863405227,-0.03666573640853167,0.00885723675638437,0.004,0.0,0.012,0.017560738945352736,0.008589260423277227,0.026761739278107807,False
mediation_aware_recourse,False,1.0,0.5,2.0,250,0.1616041661798954,0.13259742966368795,0.19233182111307978,0.3327032753640643,0.2956344242876919,0.3694682600871194,0.07927340088374812,0.07456547934971058,0.08376007211119442,0.4702996464755386,0.46453920511064306,0.4768333913505748,0.03272994783893227,0.028341776256170126,0.037362179163098336,0.19928217575921908,0.17969574866500743,0.2215058220663786,0.04829649785064226,0.025117661886084334,0.07156213135451618,0.2224594223624943,0.20963977292099548,0.23666138968429756,0.096,0.06,0.132,0.0,0.0,0.0,0.0,0.0,0.0,0.05428390980837221,0.037412090683738394,0.07212689882785205,0.7576476788922855,0.6424945699862326,0.8792112945041493,0.2543530781496305,0.18859642668889112,0.3246883897398284,0.268,0.212,0.328,0.04835088405010231,0.03628116926466395,0.06096176736897665,-0.17155218655718485,-0.25815171021553235,-0.04144563156563334,-0.022890043526887893,-0.048294114842265846,-0.0017974112235009743,0.012,0.0,0.028,0.01575886141204754,0.007742580842278354,0.02431251552600418,False
mediation_aware_recourse,False,1.0,1.0,2.0,250,0.14904436960816383,0.12055176767483354,0.18024525074511766,0.3457052344401785,0.3059406314495891,0.38312172735312156,0.07677348605896077,0.07169081373040101,0.08149865832305761,0.47093022275887425,0.4652246915519238,0.4774736642699837,0.03272994783893227,0.028341776256170126,0.037362179163098336,0.19928217575921908,0.17969574866500743,0.2215058220663786,0.05084310201859202,0.02645573535215847,0.07406999650207241,0.2242589598115208,0.21068756392090773,0.23844639545903512,0.096,0.06,0.132,0.0,0.0,0.0,0.0,0.0,0.0,0.05122495868032395,0.034838487605108374,0.06843677912403358,0.7448687930825146,0.6287741244124618,0.8700276601215841,0.24002003474735967,0.17483412373721496,0.3117763105906856,0.252,0.2,0.308,0.048607057530151564,0.036590142654064496,0.06203828514185467,-0.18433107236695567,-0.27614315556145563,-0.05198340586219642,-0.03544984009861946,-0.060701841615885495,-0.012923097898811102,0.012,0.0,0.028,0.012699910283999291,0.0047986561260047874,0.020400074142102594,False
mediation_aware_recourse,False,1.0,1.830018569291007,2.0,250,0.12708228436112404,0.09980627664327622,0.1549737787038088,0.37129449520619584,0.3316052839059609,0.4093840237735548,0.07346173056112662,0.06857735330541888,0.07821150372719454,0.4714607002290338,0.4658040429647658,0.4780185000868589,0.03272994783893227,0.028341776256170126,0.037362179163098336,0.19928217575921908,0.17969574866500743,0.2215058220663786,0.06381079764226785,0.03795681541955512,0.0883413713006678,0.23088802873485242,0.21674328435610699,0.24514881879576847,0.096,0.06,0.132,0.0,0.0,0.0,0.0,0.0,0.0,0.039115932184527975,0.024516636121181632,0.05461633256725118,0.6797967635632065,0.5566183268808198,0.8179781968731162,0.18328189312355714,0.1202725814218086,0.24779012253804372,0.228,0.176,0.28,0.04817772296621163,0.03615539692291792,0.06205965089488358,-0.2494031018862638,-0.3579919221143426,-0.11182048038818057,-0.057411925345659254,-0.08584205274283886,-0.032682063388079406,0.012,0.0,0.028,0.0005908837882033128,-0.008989834695895885,0.009050342880044446,True
mediation_aware_recourse,False,1.0,2.0,2.0,250,0.12708228436112404,0.09980627664327622,0.1549737787038088,0.37129449520619584,0.3316052839059609,0.4093840237735548,0.07346173056112662,0.06857735330541888,0.07821150372719454,0.4714607002290338,0.4658040429647658,0.4780185000868589,0.03272994783893227,0.028341776256170126,0.037362179163098336,0.19928217575921908,0.17969574866500743,0.2215058220663786,0.06381079764226785,0.03795681541955512,0.0883413713006678,0.23088802873485242,0.21674328435610699,0.24514881879576847,0.096,0.06,0.132,0.0,0.0,0.0,0.0,0.0,0.0,0.039115932184527975,0.024516636121181632,0.05461633256725118,0.6797967635632065,0.5566183268808198,0.8179781968731162,0.18328189312355714,0.1202725814218086,0.24779012253804372,0.228,0.176,0.28,0.04817772296621163,0.03615539692291792,0.06205965089488358,-0.2494031018862638,-0.3579919221143426,-0.11182048038818057,-0.057411925345659254,-0.08584205274283886,-0.032682063388079406,0.012,0.0,0.028,0.0005908837882033128,-0.008989834695895885,0.009050342880044446,False
mediation_aware_recourse,False,1.0,5.0,2.0,250,0.1088153885230422,0.08183601009994745,0.1367333891088143,0.4119046195699074,0.37059762084438275,0.45133995790797427,0.06492363654848243,0.06023585680042693,0.06992024317003878,0.474803277746886,0.46873322072508183,0.4815434511507973,0.03272994783893227,0.028341776256170126,0.037362179163098336,0.19928217575921908,0.17969574866500743,0.2215058220663786,0.07017313097780396,0.04284438530586426,0.09707957659207385,0.24410278510365993,0.22969185556878133,0.25787366301875525,0.1,0.064,0.14,0.0,0.0,0.0,0.0,0.0,0.0,0.01397949245229424,0.0020580158876415647,0.02685484860928091,0.6478705096907913,0.516530406380718,0.7856009726585266,0.06550241035995086,0.009830550704539597,0.12616399908835446,0.188,0.144,0.236,0.05439980788644964,0.04022281754441068,0.07013022665781775,-0.281329355758679,-0.41634495680436234,-0.12232835988697084,-0.0756788211837411,-0.11103719075974076,-0.04296215836405754,0.016,0.0,0.036,-0.024545555944030427,-0.03758224071241944,-0.012611715670441071,False
transport_anchor_only,False,3.0,0.0,2.0,250,0.5525118991136551,0.5114929732590914,0.5913504140228033,0.04614195298068331,0.03967205217651231,0.05321186455808018,0.09913770710766409,0.09650743145181644,0.10169283952934283,0.5168679792395978,0.5079892915743793,0.5264749001809751,0.03272994783893227,0.028341776256170126,0.037362179163098336,0.19928217575921908,0.17969574866500743,0.2215058220663786,-0.18907674067455152,-0.21378324096895318,-0.16263225301667872,0.30383567259149163,0.28983869157091224,0.3165446849047745,0.152,0.112,0.196,0.0,0.0,0.0,0.0,0.0,0.0,-0.026410019089741645,-0.05560634155488121,0.005972488662906027,0.05121097782973927,-0.1521373438679795,0.22305921791446107,-0.12374697535935919,-0.2765589230881035,0.02166500695321454,0.684,0.628,0.74,0.18711336211336735,0.1655016016386159,0.20833342357337123,0.17957222710177245,0.1109021917992501,0.2572164863909778,-0.008614113330841064,-0.019265679365396502,0.0005473201870918263,0.004,-0.02,0.032,0.03333553991755784,0.022905201554321727,0.044950703613724934,False
mediation_aware_recourse,False,3.0,0.5,2.0,250,0.5586244175434113,0.5187399993121624,0.5995692881315946,0.04303079484054033,0.036513409577423966,0.04995451485900641,0.09714373966955481,0.0944202695095886,0.09986026311104981,0.5186384565953166,0.5095677513515595,0.5285771375969239,0.03272994783893227,0.028341776256170126,0.037362179163098336,0.19928217575921908,0.17969574866500743,0.2215058220663786,-0.20343450641772265,-0.22752127248084084,-0.17643104763949072,0.312320398151046,0.29731264329443624,0.3249062292799268,0.156,0.116,0.2,0.0,0.0,0.0,0.0,0.0,0.0,-0.038648950008974586,-0.0688011725099106,-0.005576086272055168,-0.020836437793215312,-0.22995625544667694,0.1545079539955636,-0.1810937980837508,-0.3496086998427612,-0.029462102837970825,0.692,0.636,0.752,0.19800851148735904,0.17684572358846368,0.21947160876577027,0.10752481147881787,0.04637968230416534,0.18104496666306424,-0.0025015949010849,-0.011951761868596077,0.005712121453881263,0.008,-0.016,0.032,0.02109660899832489,0.010825198371801136,0.032314625780259655,False
mediation_aware_recourse,False,3.0,1.0,2.0,250,0.5596987593173981,0.5205608384549617,0.6006816246509551,0.04160012744560407,0.03548176204657141,0.04848531709780113,0.09539827006507562,0.09245529940351642,0.0981567126267385,0.5209451981932669,0.5121751711723135,0.5312807571507022,0.03272994783893227,0.028341776256170126,0.037362179163098336,0.19928217575921908,0.17969574866500743,0.2215058220663786,-0.21388428724270267,-0.23786686953654418,-0.18723803223868846,0.31697996552738306,0.3020300584176895,0.3294704217756915,0.156,0.116,0.2,0.0,0.0,0.0,0.0,0.0,0.0,-0.04684217937789927,-0.07620501644459589,-0.013885975083082109,-0.07327354505164796,-0.2831760704859352,0.10264521345469393,-0.2194840525316819,-0.39168818157804214,-0.06438987119102157,0.704,0.648,0.76,0.2073300165843114,0.1848198987121849,0.2285425250980641,0.055087704220385225,-0.0005569184688752195,0.11539090995791422,-0.0014272531270980834,-0.010005000841617583,0.005783331352472305,0.008,-0.016,0.032,0.012903379629400209,0.0034454109805215705,0.022838419647031073,False
mediation_aware_recourse,False,3.0,1.830018569291007,2.0,250,0.5604360684156418,0.5218554324626923,0.6003168269097805,0.04127122006658439,0.035221286975568165,0.04817011671272372,0.09338017187284241,0.09044074683444979,0.09608248977361743,0.5225173099104315,0.5140962110809646,0.5326691152439471,0.03272994783893227,0.028341776256170126,0.037362179163098336,0.19928217575921908,0.17969574866500743,0.2215058220663786,-0.22459314228108884,-0.24866654575093822,-0.19700021380306496,0.3223482323357352,0.3077785860832768,0.3354126619943904,0.16,0.116,0.204,0.0,0.0,0.0,0.0,0.0,0.0,-0.05541722724699621,-0.0837788428748793,-0.023216124954398985,-0.12701068936768078,-0.33919684582900506,0.05084993932382847,-0.25966335848964817,-0.430314114075619,-0.09870652409885348,0.708,0.656,0.764,0.21697196803805294,0.19451404363811806,0.2392873829310917,0.0013505599043523997,-0.05022160051519454,0.05653986497596227,-0.0006899440288543701,-0.00956677180826664,0.00699989397227764,0.012,-0.012099999999999994,0.04,0.0043283317603032756,-0.003620889058074153,0.012766778236152243,True
mediation_aware_recourse,False,3.0,2.0,2.0,250,0.5599642182588578,0.521869774389267,0.5999229340106249,0.041412073732082506,0.035310891916201466,0.04841118195489412,0.09268525346738428,0.08972076054951748,0.09542126584707952,0.5232127536154538,0.5148625283816717,0.5333864342445004,0.03272994783893227,0.028341776256170126,0.037362179163098336,0.19928217575921908,0.17969574866500743,0.2215058220663786,-0.2281813081416863,-0.2528453155754991,-0.19981604289689753,0.3237903309143829,0.3086054321529238,0.3365573443147363,0.16,0.116,0.204,0.0,0.0,0.0,0.0,0.0,0.0,-0.059005393107593666,-0.08712629165882772,-0.026584880888350444,-0.1450161424240186,-0.3582525426992583,0.030820676748522683,-0.2764760942482951,-0.4518487112789861,-0.11781460120223862,0.708,0.656,0.764,0.22056013389865042,0.1978726721735618,0.24331457932415176,-0.016654893151985428,-0.06922693036473956,0.038229385476528134,-0.0011617941856384277,-0.010264528036117554,0.006837552097439764,0.012,-0.012099999999999994,0.04,0.0007401658997057994,-0.007689352334681678,0.009483694348008906,False
mediation_aware_recourse,False,3.0,5.0,2.0,250,0.6036516215801239,0.5643190014123917,0.6417071457952261,0.03801525353080554,0.028194363060932752,0.05059779033479804,0.0810461636945718,0.07754421712578168,0.08435514261498331,0.5269899888572843,0.5186214700039216,0.5359745004445892,0.03272994783893227,0.028341776256170126,0.037362179163098336,0.19928217575921908,0.17969574866500743,0.2215058220663786,-0.29079845540065036,-0.31426567559676816,-0.26639359280801495,0.3466890056230386,0.33177421366167703,0.36115916580691165,0.2,0.148,0.248,0.0,0.0,0.0,0.0,0.0,0.0,-0.10251423614061964,-0.12972862562382678,-0.07192017457444558,-0.45922962900608333,-0.6901325591485151,-0.26653332173797983,-0.4803414420326666,-0.6589977563803969,-0.3181758433559411,0.772,0.72,0.824,0.27107839751140894,0.2488387695529909,0.29313039781102085,-0.33086837973405014,-0.4248469209104816,-0.23938451759446377,0.042525609135627744,0.018858333143591883,0.06330538878440857,0.052,0.019900000000000004,0.08409999999999991,-0.04276867713332014,-0.05637442882131145,-0.028359484472567562,False
transport_anchor_only,False,10.0,0.0,2.0,250,0.6882629624605179,0.646182835239172,0.7312014190614223,0.014706918475146945,0.011487036988911415,0.018538703136110217,0.09124150857621217,0.08823065415696858,0.094072166149572,0.5278864375037701,0.5189356447999495,0.5372365614515692,0.03272994783893227,0.028341776256170126,0.037362179163098336,0.19928217575921908,0.17969574866500743,0.2215058220663786,-0.2756685788989028,-0.3010169086567861,-0.24795883320884882,0.3522815766338953,0.33672120660934945,0.36722193075317006,0.296,0.24,0.352,0.0,0.0,0.0,0.0,0.0,0.0,-0.0887583156103789,-0.11931198778457186,-0.05351945069590245,-0.38330775368478953,-0.6191738608763867,-0.1775863257183089,-0.4158866018783782,-0.6274113601286994,-0.2358437370348321,0.76,0.708,0.812,0.24576815736151603,0.2216955571186799,0.2682786598110004,0.0851521464317293,0.03951795677445809,0.13490867301892182,0.01114244270324707,0.002635702669620514,0.02027247344255447,0.02,-0.012,0.052,0.014785782609440438,0.007371164237040146,0.02200699879629093,False
mediation_aware_recourse,False,10.0,0.5,2.0,250,0.6859927741289139,0.6424730849355459,0.729514310914278,0.014700886739125793,0.011361948505930437,0.018521204516290055,0.08979409492027367,0.08671987057169685,0.09267798312913024,0.5291863376323134,0.5204243589628543,0.538378811881082,0.03272994783893227,0.028341776256170126,0.037362179163098336,0.19928217575921908,0.17969574866500743,0.2215058220663786,-0.2829371233563539,-0.3083557012624695,-0.25388729556384876,0.3570976041228,0.3411382544076917,0.3723616013039147,0.296,0.24,0.3480999999999999,0.0,0.0,0.0,0.0,0.0,0.0,-0.09602686006782991,-0.1259965323025406,-0.06062425719734364,-0.41978138425290057,-0.6579584204084262,-0.20352238434891762,-0.44994414605576893,-0.6680964763579307,-0.2646953444679496,0.76,0.708,0.812,0.25303670181896704,0.22928879399966684,0.27592510221476113,0.048678515863618266,0.003712336088818403,0.09708873293096645,0.008872254371643067,0.0011273582756519318,0.01731649352908134,0.02,-0.012,0.052,0.007517238151989412,0.0008576567206019653,0.014340278487676291,False
mediation_aware_recourse,False,10.0,1.0,2.0,250,0.6848706542253494,0.6411968107104301,0.7295702167004346,0.014689954569184024,0.011407293281014448,0.01857250077564399,0.08803426714471174,0.08504172725858332,0.09105772200915327,0.5303637085894495,0.5219671453804374,0.5392892488286942,0.03272994783893227,0.028341776256170126,0.037362179163098336,0.19928217575921908,0.17969574866500743,0.2215058220663786,-0.2915134370866207,-0.31711353232830264,-0.2634915077691166,0.3613694686348557,0.3448266743918521,0.37646856884637087,0.288,0.232,0.34009999999999996,0.0,0.0,0.0,0.0,0.0,0.0,-0.10345695190686754,-0.134591864070671,-0.06885845937843126,-0.46281741443268465,-0.7038202817892824,-0.24541890766080693,-0.48475863780599604,-0.7020754402823219,-0.29657588109941624,0.768,0.716,0.82,0.26103990460361925,0.23643154475328293,0.2842159848707383,0.005642485683834186,-0.03728113002343309,0.05210477228575122,0.007750134468078613,-0.00028296418190002415,0.016849434387683868,0.012,-0.02,0.048,8.714631295179442e-05,-0.0059861364781446805,0.006068856279791614,False
mediation_aware_recourse,False,10.0,1.830018569291007,2.0,250,0.6851424199342727,0.6427817206323146,0.7280168162077665,0.014672645670716687,0.0112810291484405,0.018535459923735974,0.08432392733034011,0.08113725637738735,0.08725208738038058,0.5329830527948588,0.5246765843964126,0.5421668986398895,0.03272994783893227,0.028341776256170126,0.037362179163098336,0.19928217575921908,0.17969574866500743,0.2215058220663786,-0.30957635760718566,-0.3339307820913372,-0.28234367195190174,0.36789205249872325,0.3513147022303822,0.3830091850749536,0.312,0.256,0.368,0.0,0.0,0.0,0.0,0.0,0.0,-0.1184686906422231,-0.1471866280615621,-0.08421286093761274,-0.553457334695244,-0.7880819687689025,-0.33313437687297287,-0.5550977487726652,-0.769637845631708,-0.3760460139412575,0.78,0.7319,0.828,0.27757723423157954,0.2535364311380249,0.3006081208159783,-0.08499743457872522,-0.13655235579969613,-0.039764288748433047,0.008021900177001953,0.0002287831723690033,0.015236092245578765,0.036,0.0,0.068,-0.014924592422403762,-0.023314091123299074,-0.006396945246863237,True
mediation_aware_recourse,False,10.0,2.0,2.0,250,0.6855642193555832,0.6429408340543509,0.7287734482049942,0.014643445890125329,0.01123512273719612,0.01854031316754412,0.08405661021248104,0.0809341865488511,0.08695791525887364,0.5331765664129705,0.5248202238739991,0.5422991838448457,0.03272994783893227,0.028341776256170126,0.037362179163098336,0.19928217575921908,0.17969574866500743,0.2215058220663786,-0.31103849566099495,-0.3353717582727946,-0.2842187336694948,0.36855282869609696,0.3524959287326283,0.38367444230034964,0.316,0.2599,0.372,0.0,0.0,0.0,0.0,0.0,0.0,-0.11993082869603243,-0.14866959304083274,-0.08701580616814882,-0.5607943584317567,-0.794196139123193,-0.3391746624296532,-0.5619487533517191,-0.7775373811268291,-0.3768512022518621,0.78,0.7319,0.828,0.27903937228538883,0.25503489097929216,0.30182107845292716,-0.0923344583152379,-0.14541863502857025,-0.04452669039047443,0.008443699598312378,0.00075401309132576,0.015870497018098832,0.04,0.004,0.076,-0.01638673047621308,-0.025277574415479103,-0.00749306239066225,False
mediation_aware_recourse,False,10.0,5.0,2.0,250,0.7111272433996201,0.6703166922241449,0.7537048956334591,0.01407423593610537,0.010729600574109413,0.018005226040134437,0.07608143626332489,0.07283343448896533,0.07933149343409261,0.5369425843998045,0.5290852786027697,0.5455592227849718,0.03272994783893227,0.028341776256170126,0.037362179163098336,0.19928217575921908,0.17969574866500743,0.2215058220663786,-0.347940632386831,-0.3706881463445557,-0.3242108158110651,0.3891070128694986,0.3721579082689699,0.40502085175883096,0.336,0.276,0.396,0.0,0.0,0.0,0.0,0.0,0.0,-0.1526027090678374,-0.18101418282222945,-0.11892362004879439,-0.7459696586574163,-1.005796366001062,-0.516501891831678,-0.7150363509628888,-0.930734319031526,-0.5291621019799951,0.804,0.756,0.852,0.30984740364324465,0.2854888934659397,0.33334124347225014,-0.27750975854089743,-0.3527455274949943,-0.20069644272175244,0.034006723642349246,0.017988414829969403,0.0477249678581953,0.06,0.019900000000000004,0.104,-0.04905861084801806,-0.061852746608501194,-0.03622014216177741,False
transport_anchor_only,False,30.0,0.0,2.0,250,0.8682262217998504,0.791118030434847,0.9508975576996802,0.0045127345923669905,0.003136170863465769,0.0061284876068931375,0.08701463061585596,0.08336556291690471,0.09010630488716694,0.5294602310401947,0.5211286689183805,0.5387831129999217,0.03272994783893227,0.028341776256170126,0.037362179163098336,0.19928217575921908,0.17969574866500743,0.2215058220663786,-0.30879095958967306,-0.3349378893943083,-0.2805983825515701,0.3769378264159764,0.36042715162130523,0.39342259400540036,0.512,0.444,0.572,0.0,0.0,0.0,0.0,0.0,0.0,-0.11892835504821861,-0.1489864071953247,-0.08496540950340024,-0.549516199395409,-0.7990361833250095,-0.33364134355842684,-0.5572515556188098,-0.7660410446490059,-0.3636216897379048,0.772,0.724,0.824,0.2758709910637269,0.2504770819816054,0.2987796811575938,0.061047350192318994,0.00782952923587385,0.11531579791167809,0.007538196563720703,-0.0006665955483913421,0.0169316995203495,-0.012,-0.0481,0.024,0.011089008552714748,0.0023041331432666736,0.01941864950137326,False
mediation_aware_recourse,False,30.0,0.5,2.0,250,0.8680114886760711,0.7906515964359044,0.9508499553352594,0.004495053919250356,0.0031101129017743786,0.006123004919043172,0.08582109232669191,0.08216426241877309,0.08903435828152373,0.5299255250722915,0.5215079809147939,0.5392414204601161,0.03272994783893227,0.028341776256170126,0.037362179163098336,0.19928217575921908,0.17969574866500743,0.2215058220663786,-0.3149097954837668,-0.33996181463650754,-0.2869148375762347,0.3807884991459151,0.36385443467899864,0.39735418123080757,0.516,0.448,0.576,0.0,0.0,0.0,0.0,0.0,0.0,-0.12504719094231237,-0.15458436565051756,-0.09081452644709632,-0.5802205806115532,-0.8317658463636037,-0.35783207266043526,-0.5859220170842654,-0.8000652357732401,-0.39709479526229,0.772,0.724,0.824,0.2816818150487436,0.2561404362492989,0.3046505674005085,0.030342968976174722,-0.020988571707758558,0.08022595625415682,0.007323463439941406,-0.0007300574719905853,0.016784610480070114,-0.008,-0.04,0.028,0.004970172658620964,-0.0032143398598389705,0.012750486051591453,False
mediation_aware_recourse,False,30.0,1.0,2.0,250,0.8671415159702301,0.7892012434422969,0.9506205198615789,0.004501713729030657,0.0031062464380941213,0.006101444150756189,0.08424515914378494,0.0806755038996576,0.08742836528573969,0.5308110232209414,0.5224699799936712,0.5397657338057701,0.03272994783893227,0.028341776256170126,0.037362179163098336,0.19928217575921908,0.17969574866500743,0.2215058220663786,-0.3225899570102667,-0.34646961283828437,-0.2943744478525476,0.3837378830999967,0.36714862361225387,0.40007817354180597,0.52,0.456,0.576,0.0,0.0,0.0,0.0,0.0,0.0,-0.13198285982052207,-0.16038626085116064,-0.09865192221071667,-0.6187597098499826,-0.865142265857326,-0.3918530418461335,-0.6184198370538794,-0.8298515309272491,-0.4278223577308841,0.776,0.724,0.828,0.28898973025109836,0.2639087423169353,0.3118228235698995,-0.00819616026225467,-0.06061583042136512,0.040551893666209315,0.006453490734100341,-0.0016381428122520445,0.015629386168718336,-0.004,-0.04,0.036,-0.001965496219588716,-0.01003182399306092,0.005823642871064072,False
mediation_aware_recourse,False,30.0,1.830018569291007,2.0,250,0.8686899800300598,0.7903445698916912,0.9506727723926305,0.004442522526354788,0.003059546479519184,0.0060545094778549,0.08198571230325227,0.0783972226555733,0.08530891049429108,0.5325547928295286,0.5245868215932734,0.5413590817985627,0.03272994783893227,0.028341776256170126,0.037362179163098336,0.19928217575921908,0.17969574866500743,0.2215058220663786,-0.3332481991925912,-0.3562734926525058,-0.30633199257198446,0.3881289596059188,0.3720813708937539,0.4039078430526653,0.516,0.4559,0.576,0.0,0.0,0.0,0.0,0.0,0.0,-0.14105792663330954,-0.17053063134298463,-0.10778610117253652,-0.6722428783356689,-0.9325530186906991,-0.4508866610575552,-0.6609420353700004,-0.8819916315676897,-0.46623460608086564,0.788,0.74,0.84,0.29798895349859833,0.27303006106499544,0.32097691621506036,-0.06167932874794091,-0.11126786802256969,-0.016411729230256036,0.008001954793930054,-0.0008130666375160216,0.0179927466571331,-0.008,-0.04,0.028,-0.011040563032376174,-0.018942590892073854,-0.0037960093356779025,True
mediation_aware_recourse,False,30.0,2.0,2.0,250,0.8698143725395202,0.7906218599706889,0.9518294581115245,0.004398701648440065,0.0030344184478897735,0.006041456016139166,0.08153718600414518,0.07797477236523273,0.0848023334213174,0.533073641095385,0.524930486846527,0.5420976365710498,0.03272994783893227,0.028341776256170126,0.037362179163098336,0.19928217575921908,0.17969574866500743,0.2215058220663786,-0.33510751476249867,-0.3579867977831629,-0.30856591359897667,0.38932711486730087,0.37337363081931424,0.4058864774334298,0.52,0.456,0.5760999999999998,0.0,0.0,0.0,0.0,0.0,0.0,-0.14291724220321703,-0.1720674554032258,-0.11031029923622981,-0.6815729429178319,-0.9427690777021513,-0.45822435944042517,-0.6696540577745578,-0.88811932401507,-0.4719554046296664,0.788,0.74,0.84,0.2998482690685058,0.27512762041729183,0.32326409355995567,-0.07100939333010392,-0.11761980299339744,-0.02692480606312375,0.009126347303390504,0.00023685234189033515,0.019800482457876207,-0.004,-0.036,0.028,-0.012899878602283657,-0.02018673463470798,-0.006282835237015079,False
mediation_aware_recourse,False,30.0,5.0,2.0,250,0.8997348009347915,0.8221354873239994,0.9793204187244177,0.0042069497310553315,0.0028631889599952205,0.005836787405988505,0.07149934417677185,0.06820452945212112,0.0749279692983459,0.5388095614332705,0.530909404827144,0.5469639679938536,0.03272994783893227,0.028341776256170126,0.037362179163098336,0.19928217575921908,0.17969574866500743,0.2215058220663786,-0.3810205064985971,-0.4032096376272151,-0.3575731638738907,0.41697561983671777,0.40017330963343406,0.43388780418601275,0.544,0.4839,0.604,0.0,0.0,0.0,0.0,0.0,0.0,-0.183339565647357,-0.2124379896490616,-0.15159356061366688,-0.9119648059190288,-1.1773310636915253,-0.6686862655836391,-0.8590571871783148,-1.0889204948984568,-0.6580271670966208,0.816,0.768,0.86,0.3383984371958562,0.3131240501242106,0.36287089143706774,-0.3014012563313009,-0.3776654139284536,-0.2307294973084053,0.0390467756986618,0.025328002902865413,0.05286700097620486,0.02,-0.024,0.064,-0.05332220204642367,-0.06570830066305688,-0.04196122634935601,False
transport_anchor_only,False,0.0,0.0,5.0,250,0.09909257810562849,0.07431206074394285,0.12406058589424938,0.4696975527141969,0.43244262506773373,0.5045325266105778,0.06940724353243914,0.06480835083133676,0.07426155622298261,0.46441501904696225,0.45898695839733256,0.47015097792633626,0.03272994783893227,0.028341776256170126,0.037362179163098336,0.19928217575921908,0.17969574866500743,0.2215058220663786,0.15899548160411697,0.13873655379647065,0.17777479178533268,0.2299701306272475,0.21575022165890692,0.24523187959949008,0.048,0.024,0.076,0.0,0.0,0.0,0.0,0.0,0.0,0.031067520824457632,0.02072158291527675,0.04277795557269881,0.20215904408720498,0.1426231058786947,0.26737737523139793,0.14557019897928947,0.09825793184814977,0.19747379116446073,0.04,0.02,0.06409999999999991,0.0038118428744502264,0.0008694868874650078,0.008151901041955557,0.20215904408720498,0.14450806747058223,0.2688451624207743,0.09909257810562849,0.07431206074394285,0.12406058589424938,-0.012,-0.024099999999999996,0.0,0.031067520824457632,0.020393206622422163,0.04348977074103667,False
mediation_aware_recourse,False,0.0,0.5,5.0,250,0.09635323660820723,0.07311944333706051,0.12241768820565194,0.4719203646812521,0.4356201096891515,0.5067055077352004,0.06877831120009167,0.0641437039888199,0.07373105050559144,0.4650002141737938,0.45936241602103406,0.4708152999032773,0.03272994783893227,0.028341776256170126,0.037362179163098336,0.19928217575921908,0.17969574866500743,0.2215058220663786,0.15836068962949304,0.13842031769269317,0.17778472255927438,0.23058244457092805,0.2162680552081327,0.24542975202214345,0.048,0.024,0.076,0.0,0.0,0.0,0.0,0.0,0.0,0.02949136661694861,0.019315684946826187,0.04136493167453514,0.2053444367205678,0.14244479985884947,0.27262951022093573,0.13818495949057863,0.0908475458210396,0.18841103313993335,0.044,0.02,0.072,0.00491731596551671,0.0013631986991595676,0.00972513820728618,0.2053444367205678,0.14595390537144018,0.2747937480934572,0.09635323660820723,0.07311944333706051,0.12241768820565194,-0.012,-0.028,0.004,0.02949136661694861,0.019098193257515717,0.041436323885471416,False
mediation_aware_recourse,False,0.0,1.0,5.0,250,0.09635323660820723,0.07311944333706051,0.12241768820565194,0.4710661870689307,0.43493806965106924,0.5063166807778305,0.06856843614413756,0.06391398982631771,0.07350713003662881,0.4650301438269019,0.45947569680869577,0.4708161932492666,0.03272994783893227,0.028341776256170126,0.037362179163098336,0.19928217575921908,0.17969574866500743,0.2215058220663786,0.15606818876149994,0.13611622011441504,0.17603690006959152,0.22999671592009838,0.21550173244260504,0.24523541343779542,0.048,0.024,0.076,0.0,0.0,0.0,0.0,0.0,0.0,0.030451119956234826,0.01978897656756509,0.0427417048108946,0.21684822956736505,0.14945644401603547,0.2897705451552501,0.1426819866386524,0.09175332753354458,0.1954177606281081,0.052,0.028,0.08,0.005583689729870144,0.0019168337649438287,0.010564470879064414,0.21684822956736505,0.1544330392441384,0.2921921508301327,0.09635323660820723,0.07311944333706051,0.12241768820565194,-0.012,-0.028,0.004,0.030451119956234826,0.019609889910087903,0.04363738848489167,False
mediation_aware_recourse,False,0.0,1.830018569291007,5.0,250,0.09181058662384749,0.06912100936062633,0.11576725541036575,0.4721731076270993,0.4349778411209943,0.5074368247919322,0.06767159526092281,0.06296815328818553,0.07263461792543276,0.46616522336155175,0.4603426756662726,0.4721721613268964,0.03272994783893227,0.028341776256170126,0.037362179163098336,0.19928217575921908,0.17969574866500743,0.2215058220663786,0.1535552633689736,0.1326902595552382,0.17435393130543067,0.23304488534841616,0.21872350979105418,0.24832180384695515,0.056,0.028,0.084,0.0,0.0,0.0,0.0,0.0,0.0,0.02690951681946716,0.016366711803621013,0.03950100932242804,0.22945811493695567,0.15977119159890474,0.3123714931782088,0.1260874255136113,0.07492495101888526,0.18123972385171974,0.052,0.028,0.08,0.008610953994517147,0.003141461001725596,0.015305090009733624,0.22945811493695567,0.16020314702768346,0.3088370908517133,0.09181058662384749,0.06912100936062633,0.11576725541036575,-0.004,-0.02,0.012,0.02690951681946716,0.01575033908074361,0.04081526373824674,True
mediation_aware_recourse,False,0.0,2.0,5.0,250,0.09171573265641927,0.06902615539319813,0.11567477279212325,0.4720048459717069,0.43480741834581976,0.5073526822305855,0.06749874980829204,0.0628163075700916,0.07252550949980965,0.4662478823673725,0.46042857192966713,0.472236238741532,0.03272994783893227,0.028341776256170126,0.037362179163098336,0.19928217575921908,0.17969574866500743,0.2215058220663786,0.15277643217442907,0.13181553623584116,0.1738528669681574,0.23381207270529486,0.2197114434513173,0.24916879396784028,0.056,0.028,0.084,0.0,0.0,0.0,0.0,0.0,0.0,0.026058874171284843,0.015285040517194542,0.037988984320095086,0.23336629785184682,0.16030165714811878,0.3185445711607186,0.12210164820438074,0.0718066667807493,0.17398164859559934,0.052,0.028,0.08,0.00942569091588058,0.003488791489595574,0.016589624273933106,0.23336629785184682,0.1614582609228706,0.314566341517094,0.09171573265641927,0.06902615539319813,0.11567477279212325,-0.004,-0.02,0.012,0.026058874171284843,0.014872184462479149,0.03902976596413225,False
mediation_aware_recourse,False,0.0,5.0,5.0,250,0.07049997248500585,0.049918840324319896,0.09155969036165623,0.49025010030730226,0.4500408712805096,0.527229228745929,0.06385004180298613,0.05910007145600273,0.06906526869233279,0.4729344451743364,0.46600729960041865,0.4801258120432049,0.03272994783893227,0.028341776256170126,0.037362179163098336,0.19928217575921908,0.17969574866500743,0.2215058220663786,0.15680761128138648,0.13292972847415027,0.17976749756231417,0.24403023079005326,0.22865677798183773,0.2596180325126783,0.076,0.044,0.108,0.0,0.0,0.0,0.0,0.0,0.0,0.014716635532309133,0.005945221293846414,0.025803449870862846,0.21313779978572756,0.13570167163550761,0.3042415732246272,0.06895637327640936,0.026399558113859765,0.11656061353468729,0.06,0.032,0.092,0.011984823906844022,0.005485704133810941,0.01944802318242455,0.21313779978572756,0.13237314591495658,0.30599528114354696,0.07049997248500585,0.049918840324319896,0.09155969036165623,0.016,-0.004,0.04,0.014716635532309133,0.005435435440927632,0.02576735768554413,False
transport_anchor_only,False,1.0,0.0,5.0,250,0.20458276537060738,0.17328313073292376,0.2363048599459231,0.32436340014750725,0.288024692137497,0.36122412115692903,0.08218008662740045,0.07757911702560155,0.08673967494095321,0.4603165307706594,0.455183575438179,0.46604411993349343,0.03272994783893227,0.028341776256170126,0.037362179163098336,0.19928217575921908,0.17969574866500743,0.2215058220663786,0.05523638814186044,0.033804945220397134,0.07632409190716279,0.21089881858865578,0.1981208495755243,0.22466135566728618,0.068,0.04,0.1,0.0,0.0,0.0,0.0,0.0,0.0,0.06775597199685456,0.05104305720462721,0.08639106791078606,0.7228232382980437,0.6249648410513357,0.8311848846339907,0.31747786961657165,0.24777766677587876,0.38318301277639527,0.24,0.192,0.296,0.0363228238813804,0.0263652560980981,0.04765517901558029,-0.20637662715142657,-0.29301210790225457,-0.07620159762922923,0.02008855566382408,-0.00827386432737112,0.0469129195548594,-0.016,-0.036,0.0,0.02923092360052988,0.01815757113575378,0.03992860188046397,False
mediation_aware_recourse,False,1.0,0.5,5.0,250,0.1973668340742588,0.16511192388162016,0.2299630103036761,0.333074481118249,0.29539566387248406,0.37064710689245123,0.08063499885662179,0.07591665232584956,0.08528044952370992,0.4601089335228503,0.45492661114714295,0.4657235401689596,0.03272994783893227,0.028341776256170126,0.037362179163098336,0.19928217575921908,0.17969574866500743,0.2215058220663786,0.05798715648581228,0.0376762421489076,0.07972706001633406,0.21373814612625713,0.20057942988427263,0.227569016185205,0.072,0.04,0.104,0.0,0.0,0.0,0.0,0.0,0.0,0.06341892696250676,0.046757108472661436,0.08153601272428453,0.7090198545610283,0.6094715125630713,0.8201713610476791,0.29715618021626633,0.22629155111488594,0.36545434577822,0.232,0.1839,0.288,0.037115962226578376,0.02679129462479754,0.04866383659846905,-0.22018001088844197,-0.31376493200814676,-0.08636249384717302,0.01287262436747551,-0.017175955659896134,0.04097341140210629,-0.012,-0.032,0.004,0.02489387856618209,0.013547789176673522,0.03592291503958455,False
mediation_aware_recourse,False,1.0,1.0,5.0,250,0.1915886507332325,0.1588863165423274,0.22265281913131477,0.34201762428550103,0.3023929881017432,0.3799955893167292,0.07852341002404581,0.07391629528682704,0.0833468735129399,0.45976534944579006,0.4547189288089089,0.4652410411001481,0.03272994783893227,0.028341776256170126,0.037362179163098336,0.19928217575921908,0.17969574866500743,0.2215058220663786,0.05792643643517496,0.03555009089182749,0.08106607483551999,0.21705838967055646,0.20308639100152806,0.23106059817091631,0.08,0.048,0.112,0.0,0.0,0.0,0.0,0.0,0.0,0.057235997869980425,0.04103401562808272,0.07550427967396889,0.7093245483973234,0.601893334304419,0.8276179406887625,0.2681854031993458,0.19809427256520587,0.3352188103052828,0.236,0.184,0.292,0.04050296777015166,0.0293745069060868,0.05335125668085394,-0.2198753170521469,-0.3216539907342192,-0.08254916441028932,0.007094441026449204,-0.024018827580660578,0.03531705302521586,-0.004,-0.02,0.012,0.018710949473655758,0.006820453762771558,0.029595166514498415,False
mediation_aware_recourse,False,1.0,1.830018569291007,5.0,250,0.17657649436593056,0.1448981616817415,0.20606487916782498,0.3588559998118191,0.31915151965135585,0.39546762259587087,0.07611478787525643,0.07140680579766293,0.0804645166497863,0.46012644367471334,0.4549956516194828,0.4655882350883633,0.03272994783893227,0.028341776256170126,0.037362179163098336,0.19928217575921908,0.17969574866500743,0.2215058220663786,0.06509867077325965,0.0426547060410824,0.08870494847133617,0.21843901867534773,0.20422169396969228,0.23246843159965963,0.08,0.048,0.112,0.0,0.0,0.0,0.0,0.0,0.0,0.051255184738258124,0.0354461408548063,0.06783492605537918,0.6733342029950811,0.5598450610523028,0.7946118373342043,0.24016166218176926,0.17146761807741345,0.30785094607604674,0.22,0.172,0.272,0.039907257166970474,0.02898216111442003,0.052658529943687436,-0.25586566245438924,-0.3568596475476715,-0.11323333150675471,-0.007917715340852737,-0.04032664596885443,0.021464140184968707,-0.004,-0.02,0.012,0.012730136341933459,0.0002605760854317483,0.02323186719271122,True
mediation_aware_recourse,False,1.0,2.0,5.0,250,0.17589757815003396,0.1448981616817415,0.205261803714931,0.359433423810042,0.3197312076593338,0.3960607773585714,0.07606685443082029,0.07140528064794262,0.08046429456559,0.4601651020999253,0.4550112192432023,0.4656655519387871,0.03272994783893227,0.028341776256170126,0.037362179163098336,0.19928217575921908,0.17969574866500743,0.2215058220663786,0.065363416050153,0.042850849257479,0.08896969374822955,0.21857157597729518,0.20443171145313216,0.2327335462035545,0.08,0.048,0.112,0.0,0.0,0.0,0.0,0.0,0.0,0.050990439461364744,0.03492186151555891,0.06752495659193072,0.6720057084827908,0.5572984992280627,0.7917058346236966,0.23892116980859424,0.170059938817069,0.3059999966499186,0.22,0.172,0.272,0.039907257166970474,0.02898216111442003,0.052658529943687436,-0.25719415696667947,-0.3579840562668037,-0.11551487188222843,-0.008596631556749343,-0.04114893797934056,0.021462801332771776,-0.004,-0.02,0.012,0.012465391065040077,0.0002573516013400926,0.02306306524599138,False
mediation_aware_recourse,False,1.0,5.0,5.0,250,0.14784758678078652,0.11699467460885643,0.17619556102603673,0.4010086440836906,0.3627260899226562,0.43998056331758656,0.06804817586428055,0.06330203410834344,0.07296240881890903,0.46342365591675044,0.4580284254842214,0.468916844747033,0.03272994783893227,0.028341776256170126,0.037362179163098336,0.19928217575921908,0.17969574866500743,0.2215058220663786,0.07194965308345638,0.04659477317948619,0.09627877235431728,0.2307672221268432,0.2159985806642853,0.24477616757429418,0.096,0.06,0.1320999999999999,0.0,0.0,0.0,0.0,0.0,0.0,0.02918421240384198,0.01580423856497335,0.04362039873011771,0.638955903560643,0.5139584964054478,0.7653258489752279,0.13674575550092316,0.07729604251759309,0.2013017311195117,0.196,0.148,0.248,0.04559965866991261,0.032997101623367324,0.05899321485305989,-0.2902439618888273,-0.42376198374064356,-0.12806545349794998,-0.03664662292599678,-0.07303520149439573,-0.0043831395052373505,0.012,-0.008,0.036,-0.009340835992482682,-0.022874333578889506,0.002727287328695426,False
transport_anchor_only,False,3.0,0.0,5.0,250,0.5070109122991562,0.46891341047286983,0.5452191954970359,0.09272079883500513,0.07388777858026814,0.11425173442586782,0.09980023969371694,0.09691522503170644,0.10250964966483922,0.4898536127198488,0.4819503785576038,0.498520850186795,0.03272994783893227,0.028341776256170126,0.037362179163098336,0.19928217575921908,0.17969574866500743,0.2215058220663786,-0.12766213133618007,-0.15213112743268872,-0.10415437659993247,0.2591809199840324,0.24642031708151932,0.27166833632339304,0.116,0.08,0.156,0.0,0.0,0.0,0.0,0.0,0.0,0.023428897972302985,-0.0020972844407863185,0.05234677815050399,0.35939011680388966,0.19894486004236636,0.4977526915264862,0.10977861281446988,-0.011647572611165686,0.21965870727908857,0.62,0.564,0.68,0.1382953792911973,0.1191491391484108,0.15907277514473822,0.48775136607592284,0.3739372022839428,0.6166784527381179,-0.05411510014533997,-0.08953415170013904,-0.021756642517447473,-0.032,-0.068,0.004,0.08317445697960246,0.06582677521563784,0.10272718849558221,False
mediation_aware_recourse,False,3.0,0.5,5.0,250,0.4953322459161282,0.4565076683819294,0.5346569794952869,0.10052907068687436,0.07897863216449966,0.12550700407861734,0.0975483594696912,0.09437061534740677,0.10063684219955882,0.48760219752199946,0.4802520573040024,0.4958633220370412,0.03272994783893227,0.028341776256170126,0.037362179163098336,0.19928217575921908,0.17969574866500743,0.2215058220663786,-0.13027733384344534,-0.15313466267640846,-0.10690864181384938,0.2567628884861541,0.24282805434579313,0.27001077856761035,0.124,0.088,0.164,0.0,0.0,0.0,0.0,0.0,0.0,0.023796490784229546,-0.00240496296951591,0.05258973189534999,0.3462670038245078,0.1862321606472667,0.48219197079155846,0.11150100833736531,-0.004422553310357678,0.22269184100191636,0.628,0.572,0.688,0.14068652969801665,0.12099657377643624,0.1602061838834498,0.474628253096541,0.3642988895536085,0.6032060295399754,-0.06579376652836799,-0.10533413841128349,-0.0314643554262817,-0.024,-0.06,0.012,0.08354204979152903,0.06494135243649635,0.10388385966942779,False
mediation_aware_recourse,False,3.0,1.0,5.0,250,0.4895165301263332,0.45349871105775236,0.5286803963035345,0.1056225913443837,0.08289026975153872,0.1332590756897904,0.0953340810213835,0.09173481863892236,0.09860478476900514,0.48602105410046875,0.47924068672461434,0.49383700657092033,0.03272994783893227,0.028341776256170126,0.037362179163098336,0.19928217575921908,0.17969574866500743,0.2215058220663786,-0.1347562009655321,-0.15790797195171627,-0.11143057839286867,0.2554350892961993,0.24114526182100302,0.268887402636233,0.12,0.08,0.1600999999999999,0.0,0.0,0.0,0.0,0.0,0.0,0.02257187558371597,-0.0019833872693890055,0.05060363344895703,0.3237920027110198,0.16804679845638917,0.46009688729225934,0.1057629425477229,-0.011232698485326674,0.21570470685763718,0.64,0.584,0.7,0.1435382708593168,0.12472532473573132,0.16285063904451896,0.452153251983053,0.3373812268099872,0.584958530977879,-0.07160948231816291,-0.113999178763479,-0.035879232591390614,-0.028,-0.064,0.004,0.08231743459101545,0.06384156623085452,0.10312471183339006,False
mediation_aware_recourse,False,3.0,1.830018569291007,5.0,250,0.4725225264728069,0.43535631975382566,0.5133822329953313,0.11484395160322133,0.08951916492579602,0.14443894323628495,0.09316860862594302,0.08928902780065852,0.0967786548136125,0.48453238404639065,0.4777871773967202,0.4921410228018649,0.03272994783893227,0.028341776256170126,0.037362179163098336,0.19928217575921908,0.17969574866500743,0.2215058220663786,-0.13495578017037702,-0.1586896383494476,-0.1123087807429176,0.25355226142114523,0.23984664086655094,0.2671858316209647,0.128,0.088,0.172,0.0,0.0,0.0,0.0,0.0,0.0,0.022376231336168215,-0.0013754946391699053,0.04943732608674847,0.32279051221602406,0.1709741759525882,0.45580965450224664,0.10484623045455,-0.012725817272228573,0.21213925937682088,0.636,0.58,0.7,0.1447780069850296,0.1257995103440424,0.16333611649284369,0.45115176148805725,0.3286691894942769,0.5857004887600086,-0.08860348597168922,-0.1308537943303585,-0.04939029765427113,-0.02,-0.056,0.016,0.0821217903434677,0.06309338270843821,0.1030115819277595,True
mediation_aware_recourse,False,3.0,2.0,5.0,250,0.4747476343810558,0.43735394190549853,0.5145314720213414,0.11359877664827439,0.08843018026445562,0.14253116586295186,0.0926052017473313,0.08866796170049687,0.09619920861258817,0.4850462990052252,0.47839156339372324,0.4924182040109001,0.03272994783893227,0.028341776256170126,0.037362179163098336,0.19928217575921908,0.17969574866500743,0.2215058220663786,-0.139457998811381,-0.16330551722597617,-0.11548820286592135,0.254339459946407,0.2403823595075159,0.2677126575698562,0.128,0.092,0.168,0.0,0.0,0.0,0.0,0.0,0.0,0.019973060780248516,-0.00453117089536888,0.04680720441393903,0.30019833294132703,0.1435166565995739,0.4312279183475648,0.0935859172167135,-0.024693112322160884,0.20377592527492144,0.64,0.584,0.704,0.14823070158349144,0.12907809138077622,0.16697695565875934,0.4285595822133602,0.31352089970238056,0.5674407759426774,-0.08637837806344033,-0.12934110129252074,-0.04728195674791933,-0.02,-0.056,0.012,0.07971861978754799,0.061088769859750224,0.10074015726802449,False
mediation_aware_recourse,False,3.0,5.0,5.0,250,0.4729699779450893,0.43389351359903816,0.510710851714015,0.12359201447670211,0.09392423635699322,0.15551193051821538,0.08234124811287628,0.07805712473569004,0.0865871063656296,0.48607212658829985,0.4796972099594679,0.49299250665612326,0.03272994783893227,0.028341776256170126,0.037362179163098336,0.19928217575921908,0.17969574866500743,0.2215058220663786,-0.181193549628119,-0.2057341593925942,-0.15750013573821336,0.26887186633544274,0.25399488940698445,0.283934323308894,0.168,0.124,0.2120999999999999,0.0,0.0,0.0,0.0,0.0,0.0,-0.010564418370057477,-0.03524277684443388,0.015421589912625957,0.09076891127962938,-0.058346056234569454,0.23048006107975902,-0.049500714682681135,-0.17121575196186972,0.06126070072802945,0.652,0.588,0.712,0.1821945086013753,0.16102297495172685,0.20262365587554418,0.21913016055166257,0.08807206382431405,0.373010760432353,-0.08815603449940682,-0.1395999041110277,-0.04531540578827262,0.02,-0.02,0.06,0.049181140637242,0.02793682858150817,0.07339529008144939,False
transport_anchor_only,False,10.0,0.0,5.0,250,0.7067397949695587,0.6603893884688616,0.7530560674548149,0.017106527771967847,0.01357981383937611,0.020869238389788863,0.09474740503401577,0.0921378883903336,0.09741581241133061,0.5164375935854763,0.5077600282479562,0.5260176502775085,0.03272994783893227,0.028341776256170126,0.037362179163098336,0.19928217575921908,0.17969574866500743,0.2215058220663786,-0.25504993584190333,-0.28017889536105006,-0.2277861091489549,0.3373608388833126,0.3218537446079464,0.35315820043838897,0.268,0.216,0.32009999999999994,0.0,0.0,0.0,0.0,0.0,0.0,-0.06975140274865416,-0.09974697630493616,-0.033782001507286746,-0.27984319154596715,-0.5101925488130101,-0.09044916773438982,-0.3268276742961971,-0.5295748698540431,-0.16032395608946123,0.748,0.696,0.8,0.23017797918227853,0.20752366400806002,0.25312369842179155,0.18861670857055168,0.12282502405140665,0.26333773718726816,0.029619275212287903,0.015271857130527497,0.04618078373670578,-0.008,-0.052,0.04,0.03379269547116517,0.022725087349862522,0.04658543292019863,False
mediation_aware_recourse,False,10.0,0.5,5.0,250,0.7084506692886352,0.6620769315809011,0.7541511349797249,0.016676268336800894,0.013212806498168427,0.02052308341395291,0.09330989584263878,0.09064950777340108,0.0959886092386526,0.5170383928834646,0.5083361052219887,0.5266497691805047,0.03272994783893227,0.028341776256170126,0.037362179163098336,0.19928217575921908,0.17969574866500743,0.2215058220663786,-0.2634349996119036,-0.28985108817588523,-0.2354460266371835,0.3425520348920394,0.32639672415573506,0.35787944577566544,0.284,0.228,0.336,0.0,0.0,0.0,0.0,0.0,0.0,-0.0777415841266839,-0.10930659063973176,-0.04215653340110802,-0.3219195274653994,-0.5583260534453235,-0.1212256337221874,-0.3642665256178883,-0.575811699117728,-0.19669082115924807,0.752,0.7039,0.804,0.2368905533942449,0.2135370635520118,0.2600370694362842,0.1465403726511194,0.08089208296777514,0.21743378386907158,0.03133014953136444,0.016911728513240815,0.04838095012903213,0.008,-0.04,0.056,0.025802514093135435,0.014863275186770055,0.03802189538617904,False
mediation_aware_recourse,False,10.0,1.0,5.0,250,0.7099968612194061,0.6638591495722532,0.7561093612253665,0.016537115678519718,0.013110039306629117,0.020333847533994687,0.09204975242664276,0.08910223145871805,0.09477485105117048,0.5171880212415009,0.5082784772011711,0.5267515212605856,0.03272994783893227,0.028341776256170126,0.037362179163098336,0.19928217575921908,0.17969574866500743,0.2215058220663786,-0.26958258092042775,-0.2947380984753822,-0.2428057479729683,0.3456503303974944,0.3299030169925515,0.3606274788290788,0.288,0.232,0.34009999999999996,0.0,0.0,0.0,0.0,0.0,0.0,-0.08298711370449502,-0.11439234531135248,-0.0472724001426525,-0.35276815346570944,-0.591766046244999,-0.15089744281878265,-0.3888450167278894,-0.5983934377949464,-0.21759406633197725,0.756,0.708,0.808,0.2425871088374125,0.21903889516252997,0.2653543523369993,0.11569174665080939,0.04867658254264653,0.18865372834556304,0.03287634146213531,0.017810297349095346,0.05016810527443886,0.012,-0.032,0.06,0.020556984515324325,0.008922821849963255,0.03183912312914954,False
mediation_aware_recourse,False,10.0,1.830018569291007,5.0,250,0.7174721822738648,0.6718968423455953,0.76350299680233,0.01588700394556454,0.01244774216952983,0.019576796884259756,0.08971728991888722,0.08674067235256179,0.09262271065242669,0.5176400343935937,0.5088723606717735,0.5271115416327381,0.03272994783893227,0.028341776256170126,0.037362179163098336,0.19928217575921908,0.17969574866500743,0.2215058220663786,-0.2826640661979222,-0.30735663112982925,-0.2558018464162869,0.3510279484163049,0.33427881731233794,0.36615352650857763,0.296,0.24,0.352,0.0,0.0,0.0,0.0,0.0,0.0,-0.09354371976384286,-0.12664421967044776,-0.0585330211759821,-0.4184111806338795,-0.6612579393798855,-0.2115653781502076,-0.4383091259913314,-0.6521668027608557,-0.2623527582774151,0.772,0.724,0.824,0.25158566280405664,0.2284315267223726,0.273667068048257,0.05004871948263934,-0.018095961094171692,0.12014351376125536,0.04035166251659393,0.024370751667022704,0.059790395534038546,0.02,-0.028,0.072,0.010000378455976467,-0.0013428156192596533,0.021798895116089383,True
mediation_aware_recourse,False,10.0,2.0,5.0,250,0.7184367434978485,0.6732756545066833,0.7644548845857382,0.01567244890654582,0.012279315519809465,0.01948057145918432,0.08932387832860064,0.08633914763618564,0.09216218354258633,0.5180246562897414,0.5092888645381872,0.5275953262142465,0.03272994783893227,0.028341776256170126,0.037362179163098336,0.19928217575921908,0.17969574866500743,0.2215058220663786,-0.2852389664452252,-0.3099777308283474,-0.25908722405394174,0.3524980429601407,0.3351948598599617,0.367406803239485,0.3,0.244,0.356,0.0,0.0,0.0,0.0,0.0,0.0,-0.09611862001114585,-0.12883015582803056,-0.061530265051304704,-0.431332056459794,-0.671684465027334,-0.2224289708807747,-0.45037409710600884,-0.6627618274721055,-0.27260666715278603,0.772,0.724,0.824,0.2541605630513596,0.23100400368816842,0.27696712469304485,0.037127843656724835,-0.030068444777859655,0.10602027576563733,0.041316223740577696,0.02556355651319027,0.05925250513553619,0.024,-0.024,0.076,0.007425478208673497,-0.003628851418150323,0.018296667679226285,False
mediation_aware_recourse,False,10.0,5.0,5.0,250,0.7356395435333252,0.6913731931626796,0.7804750216394664,0.013968898736651964,0.010518550829008405,0.017874245837954002,0.08052107919075896,0.07732826530187814,0.08362331558366946,0.5243908675795048,0.5160081307042484,0.533764326149799,0.03272994783893227,0.028341776256170126,0.037362179163098336,0.19928217575921908,0.17969574866500743,0.2215058220663786,-0.3290292059114587,-0.3532669727841305,-0.3033541180583565,0.3785133002325786,0.3609293183716598,0.39442402017275935,0.356,0.3,0.416,0.0,0.0,0.0,0.0,0.0,0.0,-0.13565681202606156,-0.16604456999982925,-0.10173432297040082,-0.651071926819011,-0.9131565198327559,-0.4244655010243333,-0.63563453392727,-0.8444401380190529,-0.4522538109053361,0.796,0.748,0.844,0.2924733181402905,0.26933174648354563,0.3164916625273138,-0.18261202670249221,-0.25456620176230726,-0.11211631105545808,0.058519023776054384,0.03999513930380344,0.07836641618311405,0.08,0.032,0.128,-0.03211271380624221,-0.04415722830157304,-0.020152464721810693,False
transport_anchor_only,False,30.0,0.0,5.0,250,0.8839435503482819,0.8049024974763394,0.9684395811557769,0.004817186983369422,0.0034309574878780055,0.006402485201582387,0.08945874442978025,0.08624029178775028,0.09258089955633993,0.5225844925773889,0.5136300254045241,0.5319963188072051,0.03272994783893227,0.028341776256170126,0.037362179163098336,0.19928217575921908,0.17969574866500743,0.2215058220663786,-0.2973065835048535,-0.3225235094816774,-0.26917298146920376,0.3696259947034416,0.3526045557842273,0.3865185790721948,0.472,0.412,0.536,0.0,0.0,0.0,0.0,0.0,0.0,-0.1085489052377522,-0.13864762274309597,-0.07316897379947528,-0.49188748252162573,-0.7408136371994584,-0.2797338004847223,-0.5086175309490439,-0.7218268608945891,-0.3228444795744839,0.768,0.716,0.8160999999999998,0.2661719545858166,0.24196284983983293,0.2894033697835056,0.11867606706610223,0.054946128894635515,0.17542948904340017,0.0232555251121521,0.011677033394575119,0.03649688638448715,-0.052,-0.1,-0.004,0.021468458363181165,0.010255905646413013,0.03122288559773762,False
mediation_aware_recourse,False,30.0,0.5,5.0,250,0.8834293167591095,0.8045331357866525,0.9678994034737348,0.004744602822928387,0.003389946600243547,0.006301915925504645,0.0882101488313682,0.08486756314522959,0.0911577817435655,0.5231983883618564,0.5143954373971839,0.5325809214701374,0.03272994783893227,0.028341776256170126,0.037362179163098336,0.19928217575921908,0.17969574866500743,0.2215058220663786,-0.30374352466724563,-0.3275454236336433,-0.276439144705335,0.3732333735139621,0.35603125955040066,0.3899050485491741,0.484,0.4239,0.544,0.0,0.0,0.0,0.0,0.0,0.0,-0.1141268847720948,-0.14424588029412616,-0.07894075357156242,-0.5241881192337092,-0.7709979058151132,-0.311399595796241,-0.5347537519659917,-0.7502226921963684,-0.3451583873555088,0.772,0.7239,0.82,0.2718714030251069,0.24754691473020915,0.2958513270480186,0.08637543035401873,0.018858156041142087,0.15041770953312664,0.022741291522979736,0.011111308258771895,0.03548153678178787,-0.04,-0.088,0.008,0.015890478828838546,0.004142082698207072,0.0267777826248673,False
mediation_aware_recourse,False,30.0,1.0,5.0,250,0.885232625246048,0.8089324400842189,0.968879258647561,0.004628578673076415,0.0032700563106591524,0.006222625260866784,0.08687184545392025,0.08337589998397306,0.09004233600270015,0.5237465827741474,0.5150169604696037,0.5330301277092266,0.03272994783893227,0.028341776256170126,0.037362179163098336,0.19928217575921908,0.17969574866500743,0.2215058220663786,-0.3098022451607764,-0.3339063899573231,-0.2828030046138798,0.3766635442193634,0.35974138560597735,0.39348992209473355,0.496,0.432,0.556,0.0,0.0,0.0,0.0,0.0,0.0,-0.11928355353491261,-0.15048895383506253,-0.08429004002186002,-0.5545908407538276,-0.8014715617092378,-0.33725235149416916,-0.558915876202269,-0.768391955399761,-0.37525385517605625,0.776,0.728,0.824,0.2774790976532812,0.25299985970005706,0.3013648457683155,0.055972708833900375,-0.0108410774589625,0.11939464806262491,0.024544600009918212,0.012360684406757355,0.03764947888851165,-0.028,-0.072,0.02,0.010733810066020732,-0.00024024964201691258,0.02098703662983372,False
mediation_aware_recourse,False,30.0,1.830018569291007,5.0,250,0.8890986313819885,0.8137106848299503,0.9722433824688197,0.004534348691795522,0.0032042572946120954,0.006142436386120811,0.08407147064775981,0.08074193569942155,0.08722473447488993,0.5243967225705832,0.5162066313775108,0.5340007850022465,0.03272994783893227,0.028341776256170126,0.037362179163098336,0.19928217575921908,0.17969574866500743,0.2215058220663786,-0.3245087074185094,-0.3487126770508728,-0.29790178062633665,0.3824040078284987,0.3652869168958168,0.3985438277583406,0.504,0.44,0.564,0.0,0.0,0.0,0.0,0.0,0.0,-0.13203000918651908,-0.16250143063925498,-0.09837719241911477,-0.6283880190599391,-0.885703511076957,-0.40123270396132826,-0.6186407604622428,-0.832047052553319,-0.4296290562836502,0.788,0.74,0.836,0.28692912957461975,0.26202145364597057,0.31082757976896563,-0.01782446947221117,-0.08474217640545466,0.043053470662017444,0.028410606145858764,0.015321617478132248,0.043131663918495176,-0.02,-0.064,0.028,-0.0020126455855857582,-0.012878679574921214,0.007918920054700532,True
mediation_aware_recourse,False,30.0,2.0,5.0,250,0.890100724697113,0.814463093584776,0.9738077859699725,0.0045387214610903715,0.0032042572946120954,0.006142436386120811,0.08383261078439425,0.08051862690815345,0.08697470767972286,0.5242612443815917,0.5160431541967522,0.5338436704619284,0.03272994783893227,0.028341776256170126,0.037362179163098336,0.19928217575921908,0.17969574866500743,0.2215058220663786,-0.32539418530191677,-0.34959815493428015,-0.2992592231110768,0.38254154651970307,0.36529035536309695,0.3985882819840307,0.5,0.436,0.56,0.0,0.0,0.0,0.0,0.0,0.0,-0.13291548706992645,-0.1629470807038349,-0.09916860275720994,-0.6328313561523506,-0.8904738890256976,-0.40724785604444735,-0.6227897620001412,-0.8360907305011954,-0.4397250814759496,0.788,0.74,0.836,0.2878146074580271,0.26262275690363546,0.3109929883829946,-0.022267806564622683,-0.09205249555787351,0.039358395248428595,0.029412699460983276,0.015890936505794526,0.04441690672039985,-0.024,-0.072,0.024,-0.0028981234689931168,-0.014111624851703967,0.007372045604088188,False
mediation_aware_recourse,False,30.0,5.0,5.0,250,0.8996671546697617,0.8237183876693249,0.9820301887333392,0.004440232002709587,0.003062556433063264,0.006054590231204922,0.07754219543395038,0.0740811146099093,0.08086240479797513,0.5275484544517846,0.5194529089715593,0.536741823459724,0.03272994783893227,0.028341776256170126,0.037362179163098336,0.19928217575921908,0.17969574866500743,0.2215058220663786,-0.35482331790021315,-0.37822836898136125,-0.3301775827914209,0.40086698637625795,0.38397105005024823,0.41765765920377224,0.532,0.46790000000000004,0.592,0.0,0.0,0.0,0.0,0.0,0.0,-0.1604679184017894,-0.19106233803172035,-0.1281054895839922,-0.7805070450903009,-1.0483415535678717,-0.5392925462272908,-0.7518896323761841,-0.9756469321050558,-0.5541810373349296,0.8,0.752,0.848,0.3152129733521393,0.2896302635741302,0.3392250840720405,-0.16994349550257293,-0.24296822072279964,-0.10305044056863578,0.038979129433631896,0.02481797910928726,0.05346616091430187,0.008,-0.036,0.052,-0.030450554800856056,-0.04184370573022883,-0.018591398628297402,False
transport_anchor_only,False,0.0,0.0,10.0,250,0.18333740201592447,0.15281493202894925,0.21595111651569604,0.43359830255251625,0.39697680375380834,0.46887289060840026,0.07322955062581528,0.06871882249486214,0.07794943410447337,0.4523755559045076,0.4478999404384792,0.45731199375328424,0.03272994783893227,0.028341776256170126,0.037362179163098336,0.19928217575921908,0.17969574866500743,0.2215058220663786,0.13658316628754086,0.11775781068345925,0.1542754306699292,0.21510308317880003,0.202047654829669,0.22937744207529437,0.048,0.024,0.076,0.0,0.0,0.0,0.0,0.0,0.0,0.04968734315146422,0.037379636146627995,0.06348966382734589,0.31462427200430476,0.24822068654548554,0.38688261382969136,0.23281537236845684,0.18350086652907302,0.28455272360325184,0.076,0.044,0.112,0.005776391998070925,0.002398760361325929,0.010590005793018489,0.31462427200430476,0.25036539739051344,0.3865181238630442,0.18333740201592447,0.15281493202894925,0.21595111651569604,-0.012,-0.028,0.004,0.04968734315146422,0.03674190303415847,0.06427713397686187,False
mediation_aware_recourse,False,0.0,0.5,10.0,250,0.1789407277405262,0.14847695015594364,0.21212520750537514,0.4356479706548058,0.3986912996504975,0.4697958483354708,0.07300619554146431,0.06853885892801599,0.07774773890721931,0.4528217559921741,0.4482625749036967,0.457790215502873,0.03272994783893227,0.028341776256170126,0.037362179163098336,0.19928217575921908,0.17969574866500743,0.2215058220663786,0.13764120217763337,0.11854846094105573,0.15505248751757222,0.21600461061741816,0.2026863885145313,0.2306278118371251,0.048,0.024,0.076,0.0,0.0,0.0,0.0,0.0,0.0,0.04862930726137168,0.03599018996476124,0.06217940230763353,0.30931503706614916,0.24193693805501118,0.3823748200243015,0.22785783179358232,0.177319588782852,0.2793042525712785,0.076,0.044,0.112,0.005776391998070925,0.002398760361325929,0.010590005793018489,0.30931503706614916,0.24419071697890135,0.38206800013124975,0.1789407277405262,0.14847695015594364,0.21212520750537514,-0.012,-0.028,0.004,0.04862930726137168,0.03568619144134896,0.0635993426023462,False
mediation_aware_recourse,False,0.0,1.0,10.0,250,0.17755921867489816,0.14661200389266013,0.21071308693140745,0.43736030340580356,0.4005478587921857,0.47174231350836354,0.07256421834609976,0.06813192412455246,0.0772440932828215,0.45299238376393913,0.4484588145071306,0.45793634674375133,0.03272994783893227,0.028341776256170126,0.037362179163098336,0.19928217575921908,0.17969574866500743,0.2215058220663786,0.1368754827333636,0.11761273256370046,0.15444979234326153,0.2163794976462073,0.20322206489364789,0.23109195573551583,0.052,0.028,0.08,0.0,0.0,0.0,0.0,0.0,0.0,0.04781057413456193,0.035465626632704285,0.0609600835084202,0.31315742508380584,0.24281991460197075,0.3880668648343355,0.22402156996715417,0.1735406411588194,0.2744378465736034,0.076,0.048,0.112,0.006568618283610677,0.0026284455118724234,0.011695415441021508,0.31315742508380584,0.24620232935188352,0.38461467717439257,0.17755921867489816,0.14661200389266013,0.21071308693140745,-0.008,-0.028,0.012,0.04781057413456193,0.03489230264624358,0.06268595143384824,False
mediation_aware_recourse,False,0.0,1.830018569291007,10.0,250,0.17088119750469924,0.14042685123328122,0.20238165853824466,0.445521813545039,0.40938035044124393,0.48062717025666946,0.07132414361493844,0.06691706847906234,0.0761018142218909,0.4538390968351066,0.4492670890751183,0.4589208475661799,0.03272994783893227,0.028341776256170126,0.037362179163098336,0.19928217575921908,0.17969574866500743,0.2215058220663786,0.13960980192293956,0.12058995634665291,0.158249180193925,0.21842286715919407,0.2044240102917715,0.23267035612851028,0.052,0.028,0.08,0.0,0.0,0.0,0.0,0.0,0.0,0.04471084709462247,0.03303422840742355,0.058741196928322185,0.29943658337200274,0.22702518326204352,0.37725195987118604,0.20949746665890912,0.16052400586248414,0.260576287590015,0.084,0.056,0.12,0.007573020985395663,0.0034355435046951248,0.012909023894400296,0.29943658337200274,0.22884140554883592,0.38021448079027137,0.17088119750469924,0.14042685123328122,0.20238165853824466,-0.008,-0.028,0.012,0.04471084709462247,0.032285179059594105,0.05922375492540712,True
mediation_aware_recourse,False,0.0,2.0,10.0,250,0.17088119750469924,0.14042685123328122,0.20238165853824466,0.445521813545039,0.40938035044124393,0.48062717025666946,0.07132414361493844,0.06691706847906234,0.0761018142218909,0.4538390968351066,0.4492670890751183,0.4589208475661799,0.03272994783893227,0.028341776256170126,0.037362179163098336,0.19928217575921908,0.17969574866500743,0.2215058220663786,0.13960980192293956,0.12058995634665291,0.158249180193925,0.21842286715919407,0.2044240102917715,0.23267035612851028,0.052,0.028,0.08,0.0,0.0,0.0,0.0,0.0,0.0,0.04471084709462247,0.03303422840742355,0.058741196928322185,0.29943658337200274,0.22702518326204352,0.37725195987118604,0.20949746665890912,0.16052400586248414,0.260576287590015,0.084,0.056,0.12,0.007573020985395663,0.0034355435046951248,0.012909023894400296,0.29943658337200274,0.22884140554883592,0.38021448079027137,0.17088119750469924,0.14042685123328122,0.20238165853824466,-0.008,-0.028,0.012,0.04471084709462247,0.032285179059594105,0.05922375492540712,False
mediation_aware_recourse,False,0.0,5.0,10.0,250,0.16499942176789045,0.13427717046570034,0.19475148263368755,0.4516530770834762,0.41362570076062116,0.4872658127616085,0.06913500181370158,0.06477168043275465,0.07382407785268988,0.4551344321462512,0.4503460445203371,0.46007777448111775,0.03272994783893227,0.028341776256170126,0.037362179163098336,0.19928217575921908,0.17969574866500743,0.2215058220663786,0.1362345998107972,0.11581523122466776,0.15721797860529832,0.22396084448143655,0.2097289027529412,0.23875869465948082,0.064,0.036,0.096,0.0,0.0,0.0,0.0,0.0,0.0,0.03749992574333304,0.02617166403511071,0.0496814017403783,0.3163733821563578,0.236255433817342,0.4067396957133049,0.17570992172211297,0.1252308172687248,0.2308791395457637,0.088,0.056,0.124,0.012866082717111569,0.006261599600361534,0.02114053023801249,0.3163733821563578,0.2386756671362962,0.4024711212883688,0.16499942176789045,0.13427717046570034,0.19475148263368755,0.004,-0.016,0.028,0.03749992574333304,0.025395467553766694,0.05122953663826791,False
transport_anchor_only,False,1.0,0.0,10.0,250,0.25948196855187416,0.22367828263938427,0.29440871047899125,0.3460564851171754,0.3089093233868621,0.3802969292002361,0.08083029404970273,0.07624356069876832,0.0856189564492285,0.44966735125079754,0.4453019227242842,0.4542733605700172,0.03272994783893227,0.028341776256170126,0.037362179163098336,0.19928217575921908,0.17969574866500743,0.2215058220663786,0.07299940438108823,0.05399363743888664,0.09297736139698275,0.2057060966487125,0.19261800957646744,0.21902844524308998,0.056,0.032,0.084,0.0,0.0,0.0,0.0,0.0,0.0,0.06874324032241379,0.053775671033069794,0.08520675401687867,0.633688240792347,0.5408442823132159,0.7320557768619057,0.3221038211821846,0.26293402025267304,0.3803372098349161,0.2,0.152,0.2480999999999999,0.027136691086809484,0.01882373370171832,0.036574572558669305,-0.29551162465712333,-0.39174426221117264,-0.16803460276427654,0.07498775884509086,0.04387899970412255,0.1051294946104288,-0.028,-0.052,-0.004,0.030218191926089127,0.016333072803812704,0.044720940853919165,False
mediation_aware_recourse,False,1.0,0.5,10.0,250,0.25396090200543403,0.21997371434420346,0.289772094014287,0.3516329025948263,0.3143540113749957,0.387010943119073,0.08003676386299569,0.07550035634661978,0.08478235203101861,0.4496699201919138,0.44523446032264824,0.45417827200158684,0.03272994783893227,0.028341776256170126,0.037362179163098336,0.19928217575921908,0.17969574866500743,0.2215058220663786,0.07568514047213085,0.056823233968204614,0.09527043819675286,0.20635627209051927,0.19385028460623555,0.21970427233186765,0.056,0.032,0.084,0.0,0.0,0.0,0.0,0.0,0.0,0.06737541964986458,0.05248057121374064,0.08421820524534195,0.6202111895668143,0.5275376005372295,0.7140497560960894,0.31569475080299214,0.25635342133402056,0.3752174209910674,0.188,0.144,0.236,0.02647773337756279,0.018185282287196118,0.03600008354218578,-0.308988675882656,-0.4049643872558656,-0.18074212370532342,0.06946669229865074,0.037050520054250954,0.09950288362726568,-0.028,-0.052,-0.004,0.028850371253539925,0.015221681437788919,0.042320700477654426,False
mediation_aware_recourse,False,1.0,1.0,10.0,250,0.24695970383286475,0.21253998587727546,0.28102510442361234,0.3573628774004744,0.32046796317234305,0.39356371206288493,0.07885855283224093,0.07429583051527193,0.0835874444977206,0.44988529899194835,0.44545278330987315,0.45433261622949317,0.03272994783893227,0.028341776256170126,0.037362179163098336,0.19928217575921908,0.17969574866500743,0.2215058220663786,0.07645986643228148,0.05746744613298703,0.09694172220473249,0.20778836897536906,0.1948532634516398,0.22108180546634743,0.06,0.036,0.092,0.0,0.0,0.0,0.0,0.0,0.0,0.06540412744862775,0.05030255983424263,0.08250001013914014,0.6163236067601779,0.5230007595118087,0.7163771181193509,0.30645804988946246,0.2477160002111736,0.3658873996279473,0.192,0.148,0.244,0.027280455462906524,0.01851524476693219,0.03748439813004432,-0.31287625868929236,-0.4136754775343673,-0.18060730659035548,0.06246549412608147,0.030727462743967773,0.0934675308510661,-0.024,-0.048,-0.004,0.02687907905230309,0.011999135784784464,0.04022448794760915,False
mediation_aware_recourse,False,1.0,1.830018569291007,10.0,250,0.2389800892174244,0.20535699260011317,0.27242461266964674,0.3624854645324842,0.32546558022723304,0.3977695743803186,0.07808932752346093,0.07368106873544766,0.08277510638025654,0.4502847846592963,0.4459647867256998,0.45481014232794564,0.03272994783893227,0.028341776256170126,0.037362179163098336,0.19928217575921908,0.17969574866500743,0.2215058220663786,0.07859278077080108,0.059438877206698604,0.09862836864918678,0.20876233847510423,0.19553262001083027,0.22213353770449834,0.06,0.036,0.092,0.0,0.0,0.0,0.0,0.0,0.0,0.0626045920035008,0.04791537996057603,0.0794056681728789,0.6056206207535585,0.5093848230095931,0.7082327717388732,0.2933405264765264,0.23359990462300215,0.3530841014297062,0.196,0.152,0.244,0.027613766016210215,0.01896832450656809,0.03783372925437867,-0.3235792446959118,-0.4215345740239031,-0.19180670772693373,0.0544858795106411,0.02392307362481952,0.08500149489268662,-0.024,-0.048,-0.004,0.024079543607176134,0.010068837974243152,0.03707018993773519,True
mediation_aware_recourse,False,1.0,2.0,10.0,250,0.23662016358971596,0.20336277656555174,0.2697969052307308,0.36694594690972104,0.33021795326663306,0.40360362184363807,0.07775891178524932,0.07325826498768291,0.08250173852296205,0.4501367223162949,0.4457546249000802,0.45451817175659914,0.03272994783893227,0.028341776256170126,0.037362179163098336,0.19928217575921908,0.17969574866500743,0.2215058220663786,0.08240854123355205,0.06336174185893631,0.1025272084677709,0.20703509152588442,0.1941476080367275,0.22020383914757793,0.06,0.036,0.092,0.0,0.0,0.0,0.0,0.0,0.0,0.06417050615442405,0.04973764934535038,0.08056729812436275,0.5864730956514573,0.4928221402985146,0.6855739408803995,0.30067778508246357,0.2409552534920013,0.35540044187335823,0.192,0.148,0.244,0.02492292870937309,0.01673892412914731,0.034875011242401624,-0.342726769798013,-0.4404650643561991,-0.20812515676383664,0.05212595388293266,0.021957019777596,0.08343777268752454,-0.024,-0.048,-0.004,0.025645457758099382,0.011035386879256702,0.03919071430195935,False
mediation_aware_recourse,False,1.0,5.0,10.0,250,0.2194302525818348,0.18610460269898177,0.25053319558799264,0.3888106237462366,0.35089041922126163,0.424679291563693,0.07276111809935813,0.0678144462748228,0.07728310518138198,0.4514818925824761,0.44709772492306304,0.45602345965331414,0.03272994783893227,0.028341776256170126,0.037362179163098336,0.19928217575921908,0.17969574866500743,0.2215058220663786,0.0819964415753977,0.061207791351383524,0.10440257106332665,0.21026784283722574,0.197381922033355,0.22356739989531774,0.084,0.052,0.116,0.0,0.0,0.0,0.0,0.0,0.0,0.05434242407504639,0.04081852201737039,0.06953792242833635,0.5885410159588523,0.48365253122178636,0.7018039851581211,0.2546272530183309,0.2021810940566281,0.31290237290007555,0.188,0.14,0.236,0.030308200550130542,0.020161046236890856,0.0415529433081703,-0.340658849490618,-0.45039665756414576,-0.19138835629377324,0.0349360428750515,0.002589020438492299,0.06668469969034195,0.0,-0.024,0.024,0.015817375678721733,0.0022349739321049877,0.028573477508349068,False
transport_anchor_only,False,3.0,0.0,10.0,250,0.4501029894053936,0.40842132976576684,0.4904815313063562,0.16906434693782887,0.1383337685960381,0.20228732644044392,0.093571653966584,0.08964095441677099,0.09757485881683256,0.46377808203421533,0.45900043901939874,0.4691348929169197,0.03272994783893227,0.028341776256170126,0.037362179163098336,0.19928217575921908,0.17969574866500743,0.2215058220663786,-0.06764768450215725,-0.08994150587726801,-0.04688587880692304,0.2193367956803193,0.20747017410921426,0.23116880708001364,0.108,0.072,0.148,0.0,0.0,0.0,0.0,0.0,0.0,0.06396004698213881,0.04280065035474748,0.08471822877602213,0.6605432259837831,0.5459242311379231,0.764520070663868,0.29969165607140746,0.22080853813486617,0.3802861851597144,0.512,0.448,0.576,0.09428585443845666,0.07796348679116821,0.1093147810444745,0.7889044752558163,0.6352238813777366,0.9627293677159102,-0.11102302303910255,-0.16644664781615137,-0.06335804424136877,-0.04,-0.08,-0.004,0.12370560598943826,0.10241469197479137,0.14610862822550297,False
mediation_aware_recourse,False,3.0,0.5,10.0,250,0.44556033942103385,0.4050938330732286,0.4865035804122686,0.17369095255268246,0.14219389412858968,0.20798006825619544,0.09298991701652468,0.08877681562555323,0.09700286928237152,0.46286068981014195,0.4581315993487109,0.4679645518110413,0.03272994783893227,0.028341776256170126,0.037362179163098336,0.19928217575921908,0.17969574866500743,0.2215058220663786,-0.06540179926503335,-0.08743554466131877,-0.04505499744174159,0.2181284620889583,0.20647242359779075,0.23013198637340188,0.108,0.072,0.148,0.0,0.0,0.0,0.0,0.0,0.0,0.06554025046806387,0.04463892773765905,0.08618518774231845,0.6718131011172093,0.5545071045505694,0.7780657550146567,0.30709586888818285,0.23073332559168896,0.3855915794900602,0.5,0.436,0.564,0.09237281007693218,0.07626496519478841,0.10741460869370366,0.8001743503892425,0.6461124419263714,0.9765910300329586,-0.1155656730234623,-0.16989462698698043,-0.0676959315568209,-0.04,-0.08,-0.004,0.12528580947536333,0.10378869607553631,0.14806521113964713,False
mediation_aware_recourse,False,3.0,1.0,10.0,250,0.44602452239394186,0.4049292105711997,0.48754637706056236,0.17461683299442882,0.14287702880550268,0.20993695008081148,0.09201858495268032,0.08774557803504904,0.09598393680083873,0.4626145010624081,0.4577843890859634,0.4676303038714882,0.03272994783893227,0.028341776256170126,0.037362179163098336,0.19928217575921908,0.17969574866500743,0.2215058220663786,-0.0700409200888208,-0.09226932937102605,-0.04882487390779679,0.21798156839172964,0.20580891153944703,0.22996871134547092,0.116,0.08,0.156,0.0,0.0,0.0,0.0,0.0,0.0,0.06457472098629227,0.043819902319071624,0.0848817376629218,0.6485339452864709,0.5320357969835121,0.7583400576762735,0.302571777005344,0.22015229937264544,0.3837436903722174,0.508,0.44,0.5680999999999998,0.09517513522971169,0.07911408622701342,0.11051355164563849,0.7768951945585041,0.6255351222538387,0.9537275307067272,-0.11510149005055427,-0.168710546322912,-0.06592071057856083,-0.032,-0.072,0.004,0.12432027999359176,0.10280779134049335,0.14680247870867746,False
mediation_aware_recourse,False,3.0,1.830018569291007,10.0,250,0.4419273484647274,0.40089701962992547,0.4841247114963829,0.17690952133812765,0.14544502303543969,0.2119000221052355,0.09133710510295816,0.08716718590443848,0.09530432684719113,0.46241686173491175,0.45769465575523305,0.46743662635640426,0.03272994783893227,0.028341776256170126,0.037362179163098336,0.19928217575921908,0.17969574866500743,0.2215058220663786,-0.07072943056415622,-0.09288732616731904,-0.04919958909992579,0.21866624265873488,0.20658026199195953,0.2310132406775359,0.116,0.08,0.156,0.0,0.0,0.0,0.0,0.0,0.0,0.06373661629845981,0.04314704214051869,0.08444560387625547,0.6450789926660856,0.5258856001406051,0.7538245728433106,0.29864474765328797,0.21853648523366573,0.37852780341456765,0.508,0.4439,0.568,0.09653588169162068,0.08063124030078037,0.1119739262557011,0.7734402419381188,0.618292309967065,0.9496803022678676,-0.11919866397976875,-0.17323164585456252,-0.07053849915191532,-0.032,-0.072,0.004,0.12348217530575928,0.10203461586662523,0.14598897046618145,True
mediation_aware_recourse,False,3.0,2.0,10.0,250,0.44407254073023794,0.4009955555960536,0.4855125052124262,0.17921414363796098,0.14652986855852107,0.2134349633687323,0.09002510982362777,0.08585813028765701,0.09424628277797303,0.4617667260172218,0.45708372875460423,0.46677243627277387,0.03272994783893227,0.028341776256170126,0.037362179163098336,0.19928217575921908,0.17969574866500743,0.2215058220663786,-0.07503512202823973,-0.09672031242507403,-0.05449830231576763,0.21644268093347124,0.2044509330056022,0.2291454064760795,0.124,0.0879,0.168,0.0,0.0,0.0,0.0,0.0,0.0,0.06458460914438496,0.0449328824430962,0.08494907538292407,0.6234729887789852,0.5082986288423411,0.7299613461023783,0.30261810903000796,0.2175061720658784,0.3789622387737895,0.516,0.448,0.576,0.09913072517013623,0.0831309330858856,0.11504881506641751,0.7518342380510183,0.5956242950993084,0.932525534759916,-0.1170534717142582,-0.17240217270553113,-0.0692154725752771,-0.024,-0.064,0.016,0.12433016815168445,0.10263430218409583,0.14773672107278432,False
mediation_aware_recourse,False,3.0,5.0,10.0,250,0.4494936245381832,0.4048533926226199,0.493125865522027,0.18776896101105614,0.15392936420559075,0.2253341742296123,0.0846831450192409,0.0800597551867908,0.08925205971368629,0.4605981883562356,0.4556631484844311,0.4656731314033978,0.03272994783893227,0.028341776256170126,0.037362179163098336,0.19928217575921908,0.17969574866500743,0.2215058220663786,-0.09258028081573688,-0.11445808785733327,-0.07026109183114708,0.22279838036375066,0.20930389776261182,0.2359129882767942,0.16,0.116,0.208,0.0,0.0,0.0,0.0,0.0,0.0,0.05071228462706181,0.030343163685788325,0.07031496410174018,0.5354312021984535,0.41459079154040457,0.6465688374098868,0.23761784551679388,0.152342283383569,0.3155368751673491,0.528,0.464,0.588,0.11496635520453441,0.09665949139581269,0.13461175154567653,0.6637924514704867,0.49819354091286605,0.8640076838140028,-0.11163238790631294,-0.16750165248438714,-0.059719123359769595,0.012,-0.032,0.056,0.11045784363436127,0.08762619879478047,0.1351457096149311,False
transport_anchor_only,False,10.0,0.0,10.0,250,0.7641431323289871,0.7176170019835234,0.8124144486963749,0.020548016236532792,0.01677052975705827,0.02462151976302828,0.09812574320311887,0.09548576201636345,0.10064543925900614,0.5027587568286805,0.4939900326078478,0.5124413392913956,0.03272994783893227,0.028341776256170126,0.037362179163098336,0.19928217575921908,0.17969574866500743,0.2215058220663786,-0.2335915110556089,-0.25748867651751506,-0.2081883988536938,0.32384951244305965,0.3095135565986787,0.3380690627844353,0.264,0.208,0.32,0.0,0.0,0.0,0.0,0.0,0.0,-0.048019581428633315,-0.07945966641076384,-0.01304442570174551,-0.172164596084317,-0.3927267107493084,0.012751008108923519,-0.22500089604721119,-0.411124229339414,-0.06480195508297812,0.74,0.688,0.796,0.21236975543740477,0.1895957778469134,0.23492428319342967,0.29629530403220183,0.2006490664268139,0.3915309473015484,0.08702261257171631,0.06266265647113324,0.11251025905013085,-0.012,-0.06,0.044,0.055524516791186015,0.04003350502517412,0.07118109014973494,False
mediation_aware_recourse,False,10.0,0.5,10.0,250,0.7679416238069534,0.7202072290450334,0.8166921645432711,0.020094534277558158,0.016429968899806226,0.02426243107124872,0.09688640335146849,0.09409805349328933,0.09941687239048314,0.5028684196086973,0.4943076233796943,0.5125717860148605,0.03272994783893227,0.028341776256170126,0.037362179163098336,0.19928217575921908,0.17969574866500743,0.2215058220663786,-0.24093734216825105,-0.26505213148119255,-0.2155166933345062,0.32798475294282503,0.3129041571877583,0.34211610461435993,0.268,0.2159,0.328,0.0,0.0,0.0,0.0,0.0,0.0,-0.05483175644550767,-0.08734791781814877,-0.01981745361988808,-0.20902605188013124,-0.43510181599597875,-0.017145770594298542,-0.256920072292117,-0.44660091612286223,-0.09119954531968687,0.748,0.7,0.8,0.21944875850216297,0.1964551900765319,0.241790732823373,0.2594338482363876,0.1692551489550545,0.35275145191254115,0.09082110404968262,0.06553510786890983,0.11710327386260033,-0.008,-0.056,0.048,0.04871234177431168,0.03412425874807151,0.06476921463956857,False
mediation_aware_recourse,False,10.0,1.0,10.0,250,0.7704475251436234,0.722618854880333,0.8181028769165277,0.019829368678641223,0.016106463458892998,0.023891199690122,0.09610762637178226,0.09341592418888546,0.09867809196862494,0.5029367724270374,0.4942392858101037,0.5125832485028972,0.03272994783893227,0.028341776256170126,0.037362179163098336,0.19928217575921908,0.17969574866500743,0.2215058220663786,-0.24577287446257629,-0.2696312463139803,-0.22041373622819938,0.32873429516492547,0.31330021029591193,0.3429057361403141,0.268,0.212,0.328,0.0,0.0,0.0,0.0,0.0,0.0,-0.05725477642514881,-0.08933063006007132,-0.02282279069758895,-0.23329080248265233,-0.4620790492670174,-0.04461878006956898,-0.26827339213247847,-0.4562805497240356,-0.1018167951758968,0.76,0.712,0.812,0.2230780346391462,0.20009646174544254,0.24585471544441398,0.2351690976338665,0.14837736545846797,0.32346589460689823,0.09332700538635254,0.06846914513707161,0.12003177430331707,-0.008,-0.0561,0.048,0.04628932179467052,0.031997570621631256,0.06198237731160899,False
mediation_aware_recourse,False,10.0,1.830018569291007,10.0,250,0.770190408706665,0.723270795160532,0.8182109508126975,0.019706796542986474,0.015994850116793104,0.023847909786012436,0.09536506769368146,0.09238564660679512,0.09795676856641776,0.5031845677498729,0.49444163137888725,0.5126917286561337,0.03272994783893227,0.028341776256170126,0.037362179163098336,0.19928217575921908,0.17969574866500743,0.2215058220663786,-0.2500715333748382,-0.27462230332185517,-0.22473723747194577,0.33002939762567673,0.3150858748189091,0.34439682415746153,0.28,0.224,0.34,0.0,0.0,0.0,0.0,0.0,0.0,-0.06071048889127253,-0.09319819297564545,-0.02678459509535736,-0.2548615169526496,-0.48562200893846463,-0.06534730266234502,-0.2844655033135166,-0.47165849634165463,-0.12189675012738457,0.768,0.72,0.82,0.22695522032833898,0.20389755415213104,0.24961733511987075,0.21359838316386925,0.12558098987539854,0.3004173788532445,0.09306988894939422,0.06867599753439427,0.12052920768857002,0.004,-0.048,0.060099999999999903,0.042833609328546816,0.028737824661336602,0.05826447038011723,True
mediation_aware_recourse,False,10.0,2.0,10.0,250,0.7695114924907684,0.7224750218093395,0.8175320345968008,0.01974876176561341,0.016005804428777796,0.02387686838372231,0.09530874814875338,0.09235634149992313,0.09790733196865142,0.5032210800040514,0.4944464721716586,0.5127629275517818,0.03272994783893227,0.028341776256170126,0.037362179163098336,0.19928217575921908,0.17969574866500743,0.2215058220663786,-0.2502396886762368,-0.27483583718998383,-0.22490233239793836,0.3301075862531761,0.3150878295345966,0.344398778873149,0.28,0.224,0.34,0.0,0.0,0.0,0.0,0.0,0.0,-0.060878644192671125,-0.09343796924655974,-0.026960574067483783,-0.25570532197815155,-0.48562200893846463,-0.0668606726573259,-0.28525341300294205,-0.472490704160393,-0.12191526150387284,0.768,0.72,0.82,0.22712337562973756,0.20391723531722633,0.2498918127347988,0.2127545781383673,0.1239280034231622,0.29952922239542984,0.09239097273349763,0.0679897676229477,0.11984737977683543,0.004,-0.048,0.060099999999999903,0.04266545402714822,0.028660847475300885,0.057932363659855005,False
mediation_aware_recourse,False,10.0,5.0,10.0,250,0.7828395185470581,0.7346654651165008,0.8332169054031372,0.018322158801972726,0.01463233948862462,0.02246949151214634,0.09055909534086061,0.08765492907062573,0.09347767937722759,0.5050026945034415,0.4961417506636511,0.5143428606908527,0.03272994783893227,0.028341776256170126,0.037362179163098336,0.19928217575921908,0.17969574866500743,0.2215058220663786,-0.27656072367246076,-0.3004110242645775,-0.24965872046423443,0.34375500119800945,0.32830895925350045,0.35824221426266645,0.32,0.264,0.38,0.0,0.0,0.0,0.0,0.0,0.0,-0.08512646287263223,-0.11600086895504212,-0.05230322826776734,-0.38778454530029216,-0.6150474676578634,-0.18985443445747122,-0.3988691665740123,-0.5916849540767166,-0.22852192959216658,0.78,0.732,0.832,0.24980094171013206,0.2273746416311827,0.2706984513730843,0.08067535481622667,-0.004031017680917221,0.16292298555956589,0.10571899878978729,0.07836467613577842,0.13362543940544128,0.044,-0.008,0.104,0.018417635347187107,0.0039682395263099385,0.03246318801341482,False
transport_anchor_only,False,30.0,0.0,10.0,250,0.9410394387245178,0.8644422512531281,1.0271075194597246,0.006180248829945363,0.0047453650343864924,0.007870427478151249,0.09265937482323526,0.08969374790618606,0.09543312513432947,0.5093018898700923,0.5004856103648935,0.5188926409345549,0.03272994783893227,0.028341776256170126,0.037362179163098336,0.19928217575921908,0.17969574866500743,0.2215058220663786,-0.28202808169375787,-0.3080334181978024,-0.25458493648487274,0.3602906709265002,0.34349997316875686,0.37585912407519423,0.432,0.372,0.496,0.0,0.0,0.0,0.0,0.0,0.0,-0.09391137520851052,-0.1256342944975398,-0.05863234957093893,-0.41521980387506296,-0.6633521412511616,-0.20683371325025426,-0.4400318149866491,-0.6523479999949688,-0.266702456583231,0.756,0.704,0.808,0.24964329626699544,0.22493234376676127,0.2732962700935874,0.195343745712665,0.11781784374661067,0.27993342777399693,0.08035141348838806,0.057250270825624464,0.10465195592045784,-0.092,-0.14809999999999998,-0.028,0.036105988392422815,0.021924734873202834,0.05033484188580686,False
mediation_aware_recourse,False,30.0,0.5,10.0,250,0.9407823224067688,0.8644993831366301,1.0251588256359099,0.006004822214279824,0.004597025176342824,0.0076778207648723245,0.09149563431705085,0.08841057193700055,0.09447678464340824,0.5098723472695798,0.5010453844419308,0.5197056619271654,0.03272994783893227,0.028341776256170126,0.037362179163098336,0.19928217575921908,0.17969574866500743,0.2215058220663786,-0.28825375122103913,-0.3132058119851112,-0.2605928410578201,0.36380876771290105,0.34684622845527496,0.3792455649085832,0.432,0.372,0.496,0.0,0.0,0.0,0.0,0.0,0.0,-0.09961567892053147,-0.13133802543198259,-0.06433758476652439,-0.44646027735726435,-0.6971352155965348,-0.23530312968443692,-0.4667599414789143,-0.6802560062385419,-0.29026310880889367,0.76,0.708,0.808,0.25530027097756947,0.2307163360282334,0.27902018682537905,0.16410327223046361,0.08473282923810581,0.24183817728467666,0.08009429717063904,0.056167945179343225,0.10427603681683541,-0.092,-0.152,-0.031900000000000095,0.030401684680401882,0.015984858765117557,0.04362320478106478,False
mediation_aware_recourse,False,30.0,1.0,10.0,250,0.940848382472992,0.8654097731739283,1.0266279564142227,0.005943884651791507,0.004513460213847147,0.007582174516687635,0.09104860732306834,0.08792467759421739,0.09391664156028429,0.5100859546097368,0.5013372894825879,0.5198125029359719,0.03272994783893227,0.028341776256170126,0.037362179163098336,0.19928217575921908,0.17969574866500743,0.2215058220663786,-0.29092314219479654,-0.31598860358461206,-0.26303061400231487,0.36516272725113424,0.3484223296215933,0.38055756884130887,0.428,0.368,0.492,0.0,0.0,0.0,0.0,0.0,0.0,-0.10188521833771257,-0.13307067540884673,-0.06615090151573542,-0.4598553086167718,-0.708958129236768,-0.2430655715624164,-0.4773941116921454,-0.6872717823315195,-0.29944050976485626,0.764,0.712,0.812,0.2566975565254401,0.23232791580342343,0.28106943649440325,0.15070824097095614,0.07308370498883537,0.2273545994231451,0.08016035723686218,0.05665049629509449,0.10444953761994838,-0.096,-0.15209999999999999,-0.036,0.028132145263220776,0.013616912907171524,0.041132266496720714,False
mediation_aware_recourse,False,30.0,1.830018569291007,10.0,250,0.9411451855897903,0.8642179174244403,1.0229265152931213,0.0058156097864243625,0.0044085139457325905,0.007435768504946495,0.08898472707075702,0.08588470084709802,0.09188304060179216,0.5107399682826549,0.501925863521306,0.5202930146073513,0.03272994783893227,0.028341776256170126,0.037362179163098336,0.19928217575921908,0.17969574866500743,0.2215058220663786,-0.3010973745248557,-0.3262748768461481,-0.2746000118724262,0.36794529567276174,0.3504084168200488,0.3839604706736809,0.444,0.3879,0.508,0.0,0.0,0.0,0.0,0.0,0.0,-0.10827007760064013,-0.14001322371849495,-0.07330399917440034,-0.510909710704152,-0.7699728957322969,-0.294166000503535,-0.5073110541675627,-0.720120171518366,-0.3224063335128541,0.784,0.732,0.832,0.26497710232193344,0.24156003459755843,0.28882758422393157,0.09965383888357593,0.020759128416653706,0.17490621463312897,0.08045716035366059,0.05681769835948944,0.10378771332204342,-0.08,-0.1361,-0.02,0.021747286000293214,0.007312118705513492,0.03543573078367017,True
mediation_aware_recourse,False,30.0,2.0,10.0,250,0.9388513201475144,0.8634954240292311,1.0212842584222555,0.0058253430574901725,0.004413562379975035,0.007443257387301275,0.0886431493830973,0.0854856386131234,0.09167309263768969,0.5110047181340307,0.5024067349146587,0.5205639680866934,0.03272994783893227,0.028341776256170126,0.037362179163098336,0.19928217575921908,0.17969574866500743,0.2215058220663786,-0.3029644825051993,-0.3276960518429175,-0.2761626691142013,0.3690414570923508,0.3518162319642576,0.38506403961011765,0.444,0.3879,0.508,0.0,0.0,0.0,0.0,0.0,0.0,-0.11013718558098373,-0.14189590934380625,-0.07541177993463827,-0.5202788776817322,-0.7720013841267572,-0.3000614231272422,-0.5160595887464943,-0.7355971952870258,-0.3288429766820694,0.784,0.732,0.832,0.266844210302277,0.24315303805130656,0.2911354933119076,0.09028467190599576,0.011081814784802252,0.16400228595943409,0.07816329491138459,0.054527785274386405,0.10140040907859803,-0.08,-0.1361,-0.02,0.019880178019949617,0.00592573888492869,0.033354272400240415,False
mediation_aware_recourse,False,30.0,5.0,10.0,250,0.9446327139139176,0.869480567407608,1.0262749686598778,0.005523318572500723,0.004148230907817158,0.007179996280353062,0.08410979271826756,0.08087856750095981,0.08728114404706677,0.5129530429255217,0.5041802176241501,0.522198116750719,0.03272994783893227,0.028341776256170126,0.037362179163098336,0.19928217575921908,0.17969574866500743,0.2215058220663786,-0.32538411274535456,-0.35126081595758435,-0.3006412441368466,0.381407060218086,0.3645859135370403,0.3974064407759813,0.48,0.416,0.544,0.0,0.0,0.0,0.0,0.0,0.0,-0.13120077441965544,-0.1612656377591072,-0.09725016502727694,-0.632780811960308,-0.8947185710249717,-0.40550581088278237,-0.6147552920756612,-0.8336229124781379,-0.4260263056808493,0.796,0.748,0.844,0.2885858198416905,0.26468693701508067,0.3122218293231093,-0.022217262372580038,-0.10358286874611915,0.055605075112602466,0.08394468867778779,0.06033718185722828,0.10731123181879519,-0.044,-0.104,0.012,-0.0011834108187220647,-0.014944579705466518,0.011528468139511614,False
ordinary_actionable_recourse,True,0.0,0.0,0.0,250,0.6852851343154908,0.628407107564807,0.74885417098701,0.07261988497951406,0.06594893373853991,0.07929146967969082,0.09421808222435343,0.09246136898729244,0.09584817468262453,0.529434883429408,0.5218844610822834,0.5376581618119516,0.03272994783893227,0.028341776256170126,0.037362179163098336,0.19928217575921908,0.17969574866500743,0.2215058220663786,-0.20440597862636928,-0.22397869516019897,-0.18439068244122678,0.2577226256486596,0.24305464521029,0.2711689185949176,0.1,0.068,0.14,1.0,1.0,1.0,0.0,0.0,0.0,-0.0022996774404935535,-0.03383931243237503,0.03155539135279888,-0.02571129529085936,-0.23591450473255485,0.13814476862921066,-0.010775385151984729,-0.18114596991445814,0.13228069285796612,0.78,0.728,0.832,0.17141308067152083,0.15378969357804978,0.19096651237519052,0.0,0.0,0.0,0.0,0.0,0.0,0.0,0.0,0.0,0.0,0.0,0.0,False
distribution_constrained_recourse,False,10.0,0.0,0.0,250,0.252293890953064,0.19064388216137887,0.3137670091867447,0.451661796643298,0.40833867783889755,0.48961973043541046,0.06148157201855633,0.057011559087855906,0.0661807278839751,0.4992737669898569,0.4901781631242633,0.5085308387667462,0.03272994783893227,0.028341776256170126,0.037362179163098336,0.19928217575921908,0.17969574866500743,0.2215058220663786,0.09545897949741762,0.078085287085178,0.11416540159206268,0.169255195209867,0.15507112328017084,0.18377658277199332,0.02,0.004,0.04,0.308,0.252,0.368,0.692,0.632,0.748,0.08841488276090692,0.07050949674236622,0.10778221598522775,0.5209858627158152,0.43595262221681463,0.6109744118121961,0.41427741044929256,0.34425096240508696,0.48527766235764913,0.196,0.148,0.248,0.007704156750447275,0.0053801004052770615,0.010145894911121235,0.5466971580066745,0.37173586103032913,0.7358995601325143,-0.4329912433624268,-0.5310154620110988,-0.33847836283147337,-0.692,-0.752,-0.6359000000000001,0.09071456020140048,0.06614261849315536,0.11460952116884116,False
