method,is_ordinary_actionable_baseline,eta,lambda_invariance,rho_anchor,n,cost,cost_lo,cost_hi,shortfall,shortfall_lo,shortfall_hi,direct_effect,direct_effect_lo,direct_effect_hi,transport,transport_lo,transport_hi,pre_recourse_mediated_prediction_disparity,pre_recourse_mediated_prediction_disparity_lo,pre_recourse_mediated_prediction_disparity_hi,pre_recourse_factual_mediated_prediction_disparity,pre_recourse_factual_mediated_prediction_disparity_lo,pre_recourse_factual_mediated_prediction_disparity_hi,post_recourse_mediated_prediction_disparity,post_recourse_mediated_prediction_disparity_lo,post_recourse_mediated_prediction_disparity_hi,feasible_rate,feasible_rate_lo,feasible_rate_hi,factual_mediated_prediction_disparity_closure,factual_mediated_prediction_disparity_closure_lo,factual_mediated_prediction_disparity_closure_hi,factual_closure_gain_vs_actionable_baseline,factual_closure_gain_vs_actionable_baseline_lo,factual_closure_gain_vs_actionable_baseline_hi,cost_difference_vs_actionable_baseline,cost_difference_vs_actionable_baseline_lo,cost_difference_vs_actionable_baseline_hi,feasibility_difference_vs_actionable_baseline,feasibility_difference_vs_actionable_baseline_lo,feasibility_difference_vs_actionable_baseline_hi,is_effect_ratio_heuristic
ordinary_actionable_recourse,True,0.0,0.0,0.0,250,0.0,0.0,0.0,0.5903105240509305,0.5553828259720055,0.6260823815771271,0.0677462751673739,0.06027234379531775,0.07576523136614695,0.5950017077827454,0.5847643276958864,0.6043412503771286,0.004660799076780677,0.0014158227316569535,0.00807146411910653,0.1847458653909323,0.16359308179058893,0.20769895419676893,0.1847458653909323,0.1630182627898886,0.20747210815487477,0.056,0.028,0.084,0.0,0.0,0.0,0.0,0.0,0.0,0.0,0.0,0.0,0.0,0.0,0.0,False
direct_invariance_only,False,0.0,0.5,0.0,250,8.274971880018711e-05,4.137485940009356e-05,0.00013102038810029626,0.5898258778655042,0.5544652084336877,0.625391228791307,0.06749436749923612,0.060097686281624964,0.07541367155540406,0.5950010499660174,0.584753879546543,0.6043649714969695,0.004660799076780677,0.0014158227316569535,0.00807146411910653,0.1847458653909323,0.16359308179058893,0.20769895419676893,0.18398572400227128,0.1621956756445562,0.20683632934663507,0.06,0.032,0.088,0.004114524495866356,0.001840792624269616,0.006891228131583688,0.004114524495866356,0.0017046643208139978,0.007354565052311137,8.274971880018711e-05,4.137485940009356e-05,0.00013102038810029626,0.004,0.0,0.012,False
direct_invariance_only,False,0.0,1.0,0.0,250,0.00024135334324091673,0.00011033295840024948,0.00039995696450350807,0.5891219988707981,0.5535568649130875,0.6250486336201498,0.06727643831064274,0.05986129946843704,0.07508064857191757,0.5950232054396469,0.5847900220159887,0.6044030154964825,0.004660799076780677,0.0014158227316569535,0.00807146411910653,0.1847458653909323,0.16359308179058893,0.20769895419676893,0.18320508139579425,0.1615634667614945,0.20600617244067337,0.06,0.032,0.088,0.008340018824657625,0.004604286920153272,0.012926391653414518,0.008340018824657625,0.004681175427668516,0.012853285671546002,0.00024135334324091673,0.00011033295840024948,0.00039995696450350807,0.004,0.0,0.012,False
direct_invariance_only,False,0.0,2.0,0.0,250,0.0010550589049234985,0.000558560598641634,0.0016275835217908023,0.5883031147216948,0.5527841056251775,0.623999039215095,0.06667847246207512,0.059325026884449635,0.07439617038273151,0.5950234313412508,0.5848325147228143,0.6043552516979972,0.004660799076780677,0.0014158227316569535,0.00807146411910653,0.1847458653909323,0.16359308179058893,0.20769895419676893,0.18101433806069187,0.15836041873136258,0.20391267675016883,0.072,0.04,0.108,0.020198164231412297,0.010978357782814354,0.03224704087211612,0.020198164231412297,0.011332329060367793,0.03267288953872198,0.0010550589049234985,0.000558560598641634,0.0016275835217908023,0.016,0.004,0.032,False
direct_invariance_only,False,0.0,5.0,0.0,250,0.08005732747027651,0.05744592190815601,0.10332420882399893,0.5759295622910001,0.5362362844661115,0.6147836337834208,0.04332560370155832,0.03861349644880694,0.048187765099445105,0.6010389334813755,0.5910877408850789,0.60987961730057,0.004660799076780677,0.0014158227316569535,0.00807146411910653,0.1847458653909323,0.16359308179058893,0.20769895419676893,0.13072623022972815,0.09975986249375786,0.16128430470822389,0.12,0.08,0.16,0.2923996975352907,0.184154711909095,0.4141491537355407,0.2923996975352907,0.18654368811151598,0.41381536069997255,0.08005732747027651,0.05744592190815601,0.10332420882399893,0.064,0.032,0.1,False
direct_invariance_only,False,0.0,8.34825211619237,0.0,250,0.19668944493215532,0.1648898310449091,0.2309252088896581,0.5230297174999201,0.47879278458615115,0.5666153381161622,0.02493526733517224,0.02211974277614725,0.027777993660980126,0.6079150282998881,0.5990896819984118,0.6160606246440907,0.004660799076780677,0.0014158227316569535,0.00807146411910653,0.1847458653909323,0.16359308179058893,0.20769895419676893,0.05307551982589913,0.0178587764636386,0.0907243118215289,0.212,0.168,0.264,0.7127106486871116,0.5418415522075698,0.9054284273433195,0.7127106486871116,0.5455176379196722,0.8956441471573644,0.19668944493215532,0.1648898310449091,0.2309252088896581,0.156,0.108,0.204,True
ordinary_actionable_recourse,True,1.0,0.0,0.0,250,0.2816997316358611,0.24823879212675384,0.31226001620214666,0.20528121163822893,0.1671844412978472,0.24484720605422142,0.1038444703603775,0.09491040456889362,0.11348561332568807,0.602215021526416,0.5953535739885271,0.6084709155932467,0.004660799076780677,0.0014158227316569535,0.00807146411910653,0.1847458653909323,0.16359308179058893,0.20769895419676893,-0.06864138364133905,-0.09333919013553707,-0.04487873771454559,0.192,0.144,0.2400999999999999,0.6284551023857008,0.4749209688024661,0.7696759596754235,0.0,0.0,0.0,0.0,0.0,0.0,0.0,0.0,0.0,False
direct_invariance_only,False,1.0,0.5,0.0,250,0.2827357215792872,0.24870151980055963,0.3148750803427305,0.20888276968152217,0.1688182335208046,0.24791686926595521,0.07986899737424377,0.07229320438636955,0.08763545241735883,0.6035546183915933,0.5966711375590364,0.6102026226745348,0.004660799076780677,0.0014158227316569535,0.00807146411910653,0.1847458653909323,0.16359308179058893,0.20769895419676893,-0.10064554980450237,-0.12859459653296823,-0.07304510307743808,0.208,0.16,0.264,0.45522163870065013,0.2850908034054801,0.6062150401057872,-0.17323346368505066,-0.2543843643066285,-0.08764057079125197,0.0010359899434261024,-0.013380896827310789,0.013227242490148635,0.016,-0.02,0.048,False
direct_invariance_only,False,1.0,1.0,0.0,250,0.29129403801355513,0.2569312195039936,0.3234274877666147,0.20783209528549243,0.16748308589030386,0.24910098102300293,0.06982432242049649,0.06239819653472649,0.07764217606778614,0.6064020279312133,0.5990365284350315,0.6125390448822179,0.004660799076780677,0.0014158227316569535,0.00807146411910653,0.1847458653909323,0.16359308179058893,0.20769895419676893,-0.11670387994521926,-0.1425078923964582,-0.0901762179022105,0.236,0.184,0.292,0.3683004504687155,0.19299215392755623,0.5206914969028756,-0.2601546519169853,-0.3636664732694993,-0.16110834969370033,0.00959430637769401,-0.007304761340201367,0.027723106038826512,0.044,0.0,0.08409999999999991,False
direct_invariance_only,False,1.0,2.0,0.0,250,0.3154322693622671,0.28164054314468523,0.34950622570468115,0.20780374530272933,0.166218421539809,0.24929602905771917,0.05373833998117547,0.04732037854699246,0.06040005396520709,0.6083547074802717,0.6012157960915964,0.6151540574901799,0.004660799076780677,0.0014158227316569535,0.00807146411910653,0.1847458653909323,0.16359308179058893,0.20769895419676893,-0.16436956754193396,-0.1918775197748002,-0.13393052801296848,0.28,0.224,0.34009999999999996,0.11029366100226912,-0.07510118149007615,0.2688862229222447,-0.5181614413834317,-0.657554632525,-0.38190815974485687,0.033732537726406005,0.009020621957152617,0.060175901585561214,0.088,0.04,0.14,False
direct_invariance_only,False,1.0,5.0,0.0,250,0.3783660073829815,0.3444249070716673,0.41317916921975556,0.22172003767663376,0.17902765887984864,0.26600237790434733,0.02808571407467906,0.02509713594949183,0.03112943635932415,0.6106611038064957,0.6035700747059981,0.6173616499806444,0.004660799076780677,0.0014158227316569535,0.00807146411910653,0.1847458653909323,0.16359308179058893,0.20769895419676893,-0.21850095547136505,-0.245873493134139,-0.1892882459777276,0.372,0.312,0.432,-0.1827109365019084,-0.39140074534852237,-0.027546038615759275,-0.8111660388876092,-1.0067594908244337,-0.6316567183946044,0.09666627574712038,0.05784933173068566,0.135875791651255,0.18,0.124,0.244,False
direct_invariance_only,False,1.0,8.34825211619237,0.0,250,0.3882364271413535,0.3534531544561847,0.42320954137482913,0.2597673764319952,0.21428450086568251,0.3081756155748011,0.020301822222925297,0.018368738015047476,0.022244194156941417,0.61346618856589,0.6060345758490859,0.6204550107584198,0.004660799076780677,0.0014158227316569535,0.00807146411910653,0.1847458653909323,0.16359308179058893,0.20769895419676893,-0.20891283032698682,-0.23859283480522897,-0.17855699410470766,0.392,0.332,0.452,-0.1308119393357785,-0.36463745910341666,0.0502894125303144,-0.7592670417214793,-1.0061509189036504,-0.531151089267068,0.10653669550549238,0.06337129154122667,0.15252039627816993,0.2,0.136,0.264,True
ordinary_actionable_recourse,True,3.0,0.0,0.0,250,0.5455907531846315,0.5048491121017374,0.5837941593802302,0.028911240930458035,0.022074477581897678,0.036321632557348126,0.09616759484702211,0.08940076880704266,0.10337797609181953,0.6377287972736357,0.630736561359038,0.644652703723073,0.004660799076780677,0.0014158227316569535,0.00807146411910653,0.1847458653909323,0.16359308179058893,0.20769895419676893,-0.227965934596031,-0.2528503864127583,-0.20475394924932921,0.416,0.356,0.476,-0.23394336384006587,-0.49781823730424,-0.03638897720449653,0.0,0.0,0.0,0.0,0.0,0.0,0.0,0.0,0.0,False
direct_invariance_only,False,3.0,0.5,0.0,250,0.5540216118209064,0.5136469368602847,0.591540633397398,0.026939359595936962,0.02028129555644341,0.034239304591313385,0.08186573184765869,0.07579092084182286,0.08824151597353255,0.6405460526355108,0.6339451715736389,0.6473811721476813,0.004660799076780677,0.0014158227316569535,0.00807146411910653,0.1847458653909323,0.16359308179058893,0.20769895419676893,-0.24411928231408914,-0.26768953101145404,-0.22100556768958515,0.444,0.384,0.5040999999999999,-0.3213788671130444,-0.5899586542923241,-0.11575944287302903,-0.08743550327297855,-0.14965222174821535,-0.030558367337239132,0.008430858636274933,0.0028909858776372858,0.015243233070441056,0.028,0.0,0.056,False
direct_invariance_only,False,3.0,1.0,0.0,250,0.5639446218833327,0.5240950427303905,0.6018359288376872,0.026156517103416908,0.019781019087914742,0.033429812838506205,0.07121115340934901,0.06557077496905117,0.07734760635580779,0.642526733803749,0.636102594348371,0.6490692931875388,0.004660799076780677,0.0014158227316569535,0.00807146411910653,0.1847458653909323,0.16359308179058893,0.20769895419676893,-0.2635345480474085,-0.28693358552191367,-0.2376651357052779,0.448,0.3879,0.508,-0.42647061405003606,-0.6872254541469168,-0.2192709197742313,-0.1925272502099702,-0.2763089519611409,-0.12121708263144007,0.018353868698701262,0.010555950985709205,0.0270328699152451,0.032,-0.004,0.068,False
direct_invariance_only,False,3.0,2.0,0.0,250,0.5853899250160903,0.5453529000484734,0.6234743534489069,0.026204193707421043,0.01975405092190219,0.0336114795182316,0.057108593812338355,0.052402468665960364,0.06225351149235211,0.6469203597978751,0.6406095451601743,0.6535973581909835,0.004660799076780677,0.0014158227316569535,0.00807146411910653,0.1847458653909323,0.16359308179058893,0.20769895419676893,-0.30282706176301405,-0.3250521274150497,-0.2781988626804438,0.452,0.388,0.516,-0.639154744395581,-0.9220792110481165,-0.42848311534640915,-0.4052113805555151,-0.520694650915824,-0.30190146284291247,0.039799171831458806,0.02861453879973851,0.0520437149361358,0.036,-0.012,0.088,False
direct_invariance_only,False,3.0,5.0,0.0,250,0.6441833878066391,0.6090014350052109,0.6809046886066091,0.028257356739760993,0.02159312492417394,0.03570484068792401,0.03655415901657983,0.03356792495283333,0.03955908389436271,0.6508865946729978,0.6451439606691102,0.657075613648365,0.004660799076780677,0.0014158227316569535,0.00807146411910653,0.1847458653909323,0.16359308179058893,0.20769895419676893,-0.34545925724542054,-0.3647121576765743,-0.32575729627377054,0.46,0.4,0.524,-0.8699160412299889,-1.1772941647318351,-0.6462292722799003,-0.635972677389923,-0.7828339145475998,-0.5133131799547348,0.09859263462200761,0.07833589306458599,0.1205200383256888,0.044,-0.012,0.1,False
direct_invariance_only,False,3.0,8.34825211619237,0.0,250,0.6854839206333272,0.6508948956966167,0.7201936492659152,0.030421568422207123,0.021727066953284177,0.04029975367765336,0.0291136972834722,0.02675059316473743,0.03151799641299593,0.6517007325911522,0.6455368351965051,0.6575876888453365,0.004660799076780677,0.0014158227316569535,0.00807146411910653,0.1847458653909323,0.16359308179058893,0.20769895419676893,-0.36466110458990875,-0.3811389882724371,-0.3458704042397258,0.504,0.444,0.564,-0.9738525883557179,-1.2924742447252409,-0.7436027027238595,-0.739909224515652,-0.900724752362739,-0.6070587286175521,0.13989316744869576,0.11469935595968273,0.16795550033923934,0.088,0.028,0.148,True
ordinary_actionable_recourse,True,10.0,0.0,0.0,250,0.6022104266681708,0.5611526591784786,0.6405144245750155,0.016812669154748314,0.010930353581375767,0.023608659970320994,0.0907202560843866,0.08486333109191388,0.09678354991328775,0.6428367857913176,0.6358618743472993,0.6496507608607214,0.004660799076780677,0.0014158227316569535,0.00807146411910653,0.1847458653909323,0.16359308179058893,0.20769895419676893,-0.2565077193768792,-0.2810052118326223,-0.2335955927876516,0.62,0.56,0.68,-0.38843550752323974,-0.6533142316213723,-0.17943972969776212,0.0,0.0,0.0,0.0,0.0,0.0,0.0,0.0,0.0,False
direct_invariance_only,False,10.0,0.5,0.0,250,0.6054532519360073,0.5647212885812972,0.6444566049152054,0.016662703991368197,0.01073180897592112,0.0234480372283393,0.07650443162519759,0.07084043484112022,0.08254452428041338,0.6459127464413643,0.6392266877049209,0.6525896789701183,0.004660799076780677,0.0014158227316569535,0.00807146411910653,0.1847458653909323,0.16359308179058893,0.20769895419676893,-0.2706572601017576,-0.2947989336404742,-0.24693317785779093,0.624,0.564,0.684,-0.4650247220907062,-0.7349017633868135,-0.25363963491824904,-0.07658921456746648,-0.12231412874783085,-0.031214572438478683,0.0032428252678364513,0.00012292728404281664,0.007866611117776482,0.004,-0.012,0.024,False
direct_invariance_only,False,10.0,1.0,0.0,250,0.6101090850573965,0.5694483458300005,0.6490857566209394,0.016778720363357293,0.010846578449978994,0.02357732762250097,0.06875487755027501,0.0632694997076671,0.07461948644565793,0.6475767674732208,0.641070068909476,0.6537335420729816,0.004660799076780677,0.0014158227316569535,0.00807146411910653,0.1847458653909323,0.16359308179058893,0.20769895419676893,-0.2828399434634481,-0.30587561869152063,-0.25909153701010634,0.628,0.572,0.692,-0.5309676504258616,-0.8113037460679735,-0.31007096836231096,-0.14253214290262184,-0.2128740207076922,-0.07581116680904963,0.007898658389225603,0.0037421262395684607,0.013603776482411192,0.008,-0.016,0.032,False
direct_invariance_only,False,10.0,2.0,0.0,250,0.6256809250940569,0.5848223097084206,0.6653642292641802,0.016878563289874422,0.010911263918926616,0.023701674957632254,0.058338587684373666,0.05321669140209811,0.06377576497535649,0.6503038690026601,0.6441920892305175,0.6563271503244836,0.004660799076780677,0.0014158227316569535,0.00807146411910653,0.1847458653909323,0.16359308179058893,0.20769895419676893,-0.3133807064400353,-0.3362024729719832,-0.2896803177892755,0.608,0.552,0.668,-0.6962799453016428,-0.9883709099520669,-0.478254378425097,-0.3078444377784031,-0.41432179218100484,-0.21466328951197236,0.023470498425886034,0.016953591729607434,0.03089488552650437,-0.012,-0.048,0.02,False
direct_invariance_only,False,10.0,5.0,0.0,250,0.6871185008198955,0.6501623413657187,0.722010244694422,0.01703786212600543,0.01121795869283375,0.023982019038652352,0.03932220243059971,0.03592683010956303,0.0423912804248772,0.6554796675415833,0.6497102554802497,0.6612033973047337,0.004660799076780677,0.0014158227316569535,0.00807146411910653,0.1847458653909323,0.16359308179058893,0.20769895419676893,-0.3591069377877174,-0.3786693131221965,-0.3388160794088359,0.624,0.564,0.6840999999999999,-0.9437887664106994,-1.2651485457190312,-0.7139922618769623,-0.5553532588874597,-0.7015654198657671,-0.43503706056621233,0.08490807415172458,0.06679677512977504,0.10546988407963653,0.004,-0.048,0.04809999999999991,False
direct_invariance_only,False,10.0,8.34825211619237,0.0,250,0.76540482719196,0.7275654551903251,0.801421445018053,0.016092002675154284,0.010228949567019,0.022953447346395178,0.028388970806357883,0.02561106985165699,0.03110981440145903,0.6556938062604267,0.6501213417276144,0.6614258901389043,0.004660799076780677,0.0014158227316569535,0.00807146411910653,0.1847458653909323,0.16359308179058893,0.20769895419676893,-0.3766691473623032,-0.3953733586267619,-0.35781976711591423,0.672,0.616,0.728,-1.0388502149439223,-1.3908861028335169,-0.7961739020465068,-0.6504147074206825,-0.8161313255317899,-0.5147794062705529,0.16319440052378922,0.13663800472985022,0.19101166717346058,0.052,-0.008,0.1080999999999999,True
ordinary_actionable_recourse,True,30.0,0.0,0.0,250,0.8049144782819785,0.6733219341847347,0.9495488006609143,0.006865001203946382,0.003576608231037423,0.010539272742933847,0.08771554445057171,0.08196478677921583,0.09407122562630624,0.6430499632434049,0.6359645371893843,0.6498372561063469,0.004660799076780677,0.0014158227316569535,0.00807146411910653,0.1847458653909323,0.16359308179058893,0.20769895419676893,-0.2697225962908682,-0.29361354474040813,-0.24539134649728897,0.768,0.712,0.824,-0.4599655354674408,-0.736892227505335,-0.24711691544264436,0.0,0.0,0.0,0.0,0.0,0.0,0.0,0.0,0.0,False
direct_invariance_only,False,30.0,0.5,0.0,250,0.8061854194183834,0.6742850230922457,0.9511071683750022,0.006868845039845829,0.0035762422017876585,0.010537707988968626,0.07334498154006523,0.06746982053398058,0.07931694606084107,0.649545988064607,0.6424721084542075,0.6563310902582208,0.004660799076780677,0.0014158227316569535,0.00807146411910653,0.1847458653909323,0.16359308179058893,0.20769895419676893,-0.27971892391963216,-0.3036794442193832,-0.25505384502304596,0.764,0.708,0.82,-0.5140740677889148,-0.7951666130090506,-0.29662744674974323,-0.05410853232147406,-0.11207296341855674,-0.002045652187279776,0.001270941136404872,0.000554501689283643,0.002239099991705734,-0.004,-0.02,0.012,False
direct_invariance_only,False,30.0,1.0,0.0,250,0.815109214161057,0.684407924525172,0.9623158230789587,0.006740633714420461,0.0034075002298403524,0.010424121091707383,0.06644752056912441,0.06098373117609886,0.07215923740406237,0.6511549850352606,0.6444496023571988,0.6574301577850085,0.004660799076780677,0.0014158227316569535,0.00807146411910653,0.1847458653909323,0.16359308179058893,0.20769895419676893,-0.2879155842649753,-0.3112405099377818,-0.2641313966768519,0.784,0.728,0.84,-0.5584412872013687,-0.8440766113185182,-0.3389463912445789,-0.09847575173392786,-0.17341025846710229,-0.03685699870157788,0.010194735879078508,0.005663310257520061,0.016324342589557634,0.016,-0.008,0.04,False
direct_invariance_only,False,30.0,2.0,0.0,250,0.8303815614809282,0.6995341702658101,0.9764732874026406,0.006745493850407253,0.0034272289223618484,0.010359584525221425,0.05679843446336498,0.05170128281031317,0.06251555310790666,0.6531799683376153,0.6467823442212144,0.6590651465206244,0.004660799076780677,0.0014158227316569535,0.00807146411910653,0.1847458653909323,0.16359308179058893,0.20769895419676893,-0.31744626423076044,-0.34061314720278063,-0.292833453817208,0.776,0.72,0.828,-0.7182861633142743,-1.022449162795728,-0.493024741146053,-0.2583206278468335,-0.3660628599890849,-0.17023440869247425,0.025467083198949695,0.01693784728334285,0.033873666189610956,0.008,-0.02,0.036,False
direct_invariance_only,False,30.0,5.0,0.0,250,0.8995743821770884,0.7752530194869963,1.0382251751338947,0.006568256127897317,0.0032300873062026925,0.010245279865867337,0.037960064175162865,0.034202108879773006,0.04162921534299478,0.6571605716745059,0.651132521090885,0.6630293987693787,0.004660799076780677,0.0014158227316569535,0.00807146411910653,0.1847458653909323,0.16359308179058893,0.20769895419676893,-0.35997127516069916,-0.3807956604036924,-0.33893794140992317,0.82,0.772,0.868,-0.9484672872054829,-1.2772384103238072,-0.7131715497826591,-0.4885017517380421,-0.6419844571749481,-0.370279486249285,0.09465990389510989,0.07335844026188133,0.11685495586030883,0.052,0.016,0.088,False
direct_invariance_only,False,30.0,8.34825211619237,0.0,250,0.9539644104535692,0.8294132629603032,1.097114517845947,0.006681876687498997,0.0033240826706409095,0.010402439551724332,0.028857708921067912,0.02597694781744143,0.03194190380806931,0.6579619597260157,0.6519738126133681,0.6637911015161971,0.004660799076780677,0.0014158227316569535,0.00807146411910653,0.1847458653909323,0.16359308179058893,0.20769895419676893,-0.3737088041204595,-0.39297704595315475,-0.35368968403389517,0.832,0.784,0.872,-1.022826347586569,-1.373464540864469,-0.7690812065309339,-0.5628608121191283,-0.7336454210515702,-0.43065119563774984,0.14904993217159063,0.12435196263993857,0.17514623386043823,0.064,0.016,0.108,True
transport_anchor_only,False,0.0,0.0,0.1,250,0.0,0.0,0.0,0.5903105240509305,0.5553828259720055,0.6260823815771271,0.0677462751673739,0.06027234379531775,0.07576523136614695,0.5950017077827454,0.5847643276958864,0.6043412503771286,0.004660799076780677,0.0014158227316569535,0.00807146411910653,0.1847458653909323,0.16359308179058893,0.20769895419676893,0.1847458653909323,0.1630182627898886,0.20747210815487477,0.056,0.028,0.084,0.0,0.0,0.0,0.0,0.0,0.0,0.0,0.0,0.0,0.0,0.0,0.0,False
mediation_aware_recourse,False,0.0,0.5,0.1,250,8.274971880018711e-05,4.137485940009356e-05,0.00013102038810029626,0.5898258778655042,0.5544652084336877,0.625391228791307,0.06749436749923612,0.060097686281624964,0.07541367155540406,0.5950010499660174,0.584753879546543,0.6043649714969695,0.004660799076780677,0.0014158227316569535,0.00807146411910653,0.1847458653909323,0.16359308179058893,0.20769895419676893,0.18398572400227128,0.1621956756445562,0.20683632934663507,0.06,0.032,0.088,0.004114524495866356,0.001840792624269616,0.006891228131583688,0.004114524495866356,0.0017046643208139978,0.007354565052311137,8.274971880018711e-05,4.137485940009356e-05,0.00013102038810029626,0.004,0.0,0.012,False
mediation_aware_recourse,False,0.0,1.0,0.1,250,0.00024135334324091673,0.00011033295840024948,0.00039995696450350807,0.5891219988707981,0.5535568649130875,0.6250486336201498,0.06727643831064274,0.05986129946843704,0.07508064857191757,0.5950232054396469,0.5847900220159887,0.6044030154964825,0.004660799076780677,0.0014158227316569535,0.00807146411910653,0.1847458653909323,0.16359308179058893,0.20769895419676893,0.18320508139579425,0.1615634667614945,0.20600617244067337,0.06,0.032,0.088,0.008340018824657625,0.004604286920153272,0.012926391653414518,0.008340018824657625,0.004681175427668516,0.012853285671546002,0.00024135334324091673,0.00011033295840024948,0.00039995696450350807,0.004,0.0,0.012,False
mediation_aware_recourse,False,0.0,2.0,0.1,250,0.0010067882323637604,0.0005447689754189923,0.0015377655883901753,0.5883031147216948,0.5527841056251775,0.623999039215095,0.06670278743352995,0.05934934185590446,0.07444431919749894,0.5950198155645531,0.5848325147228143,0.6043515455268819,0.004660799076780677,0.0014158227316569535,0.00807146411910653,0.1847458653909323,0.16359308179058893,0.20769895419676893,0.18106137689186705,0.15845214445215416,0.203959715581344,0.072,0.04,0.108,0.01994355051610308,0.010978357782814354,0.03166702465537544,0.01994355051610308,0.011094309185036424,0.031988114910008116,0.0010067882323637604,0.0005447689754189923,0.0015377655883901753,0.016,0.004,0.032,False
mediation_aware_recourse,False,0.0,5.0,0.1,250,0.08005732747027651,0.05744592190815601,0.10332420882399893,0.5759295622910001,0.5362362844661115,0.6147836337834208,0.04332560370155832,0.03861349644880694,0.048187765099445105,0.6010389334813755,0.5910877408850789,0.60987961730057,0.004660799076780677,0.0014158227316569535,0.00807146411910653,0.1847458653909323,0.16359308179058893,0.20769895419676893,0.13072623022972815,0.09975986249375786,0.16128430470822389,0.12,0.08,0.16,0.2923996975352907,0.184154711909095,0.4141491537355407,0.2923996975352907,0.18654368811151598,0.41381536069997255,0.08005732747027651,0.05744592190815601,0.10332420882399893,0.064,0.032,0.1,False
mediation_aware_recourse,False,0.0,8.34825211619237,0.1,250,0.19458320585172623,0.16339087520489703,0.22737822177982886,0.5248394169858145,0.4802762181057701,0.5688144741908887,0.025189173017509767,0.022278165748973743,0.028098345157935627,0.6077053107901416,0.5986529987816911,0.6157935169691741,0.004660799076780677,0.0014158227316569535,0.00807146411910653,0.1847458653909323,0.16359308179058893,0.20769895419676893,0.05510502315766846,0.01967136518091733,0.0912502941934584,0.208,0.164,0.26,0.7017252697858043,0.5332263768876483,0.892841734723744,0.7017252697858043,0.5357776327986651,0.8931678736696071,0.19458320585172623,0.16339087520489703,0.22737822177982886,0.152,0.104,0.196,True
transport_anchor_only,False,1.0,0.0,0.1,250,0.2731407814775594,0.239961490622093,0.3042878166688024,0.21389612917658857,0.17365399367710968,0.2526786903989147,0.10499103855824579,0.09593392383642427,0.11487293161998147,0.5987004338693619,0.5915616929379999,0.6053248555883467,0.004660799076780677,0.0014158227316569535,0.00807146411910653,0.1847458653909323,0.16359308179058893,0.20769895419676893,-0.06352556840726901,-0.0888440943126699,-0.03907290480551892,0.188,0.144,0.2360999999999999,0.6561461969779651,0.5084106571364598,0.7957875814324681,0.027691094592264265,0.0015703697133595239,0.06635858071016504,-0.00855895015830174,-0.019162604396173264,-0.0010992785191629084,-0.004,-0.016,0.0,False
mediation_aware_recourse,False,1.0,0.5,0.1,250,0.28013659042678773,0.24732100902297532,0.31242975889971714,0.2113160382756195,0.1714883505613043,0.25010709415088944,0.08037391760946838,0.07268511543733056,0.08839069660278741,0.6018249648964404,0.594838647010982,0.6087651676592132,0.004660799076780677,0.0014158227316569535,0.00807146411910653,0.1847458653909323,0.16359308179058893,0.20769895419676893,-0.09948975745286494,-0.12518409512620263,-0.0721515380229466,0.204,0.1559,0.26,0.4614777589618084,0.29595400160587654,0.6084992304606099,-0.16697734342389237,-0.25345829587656843,-0.08094887368861299,-0.0015631412090733648,-0.014951884257583878,0.00909732128556352,0.012,-0.02,0.044,False
mediation_aware_recourse,False,1.0,1.0,0.1,250,0.28131815732829274,0.2450814048679662,0.31469351666498696,0.21754598075488235,0.1762176686555847,0.25743853902316466,0.07022479905149007,0.0628722702887687,0.07806146749028164,0.6037967439091204,0.5970731985268991,0.610251560706397,0.004660799076780677,0.0014158227316569535,0.00807146411910653,0.1847458653909323,0.16359308179058893,0.20769895419676893,-0.10829204474978023,-0.13394388703260393,-0.08042155241467942,0.232,0.18,0.288,0.4138323771380302,0.2467912654792991,0.5646641578250751,-0.21462272524767056,-0.3197784422672489,-0.11253418022622673,-0.0003815743075683713,-0.018318555839045438,0.018762766556988934,0.04,0.0,0.08,False
mediation_aware_recourse,False,1.0,2.0,0.1,250,0.3085933931968175,0.274078254552593,0.34327377059758873,0.21270148010405437,0.17122003912169978,0.25425825818004366,0.054776121651419075,0.04827462507321324,0.061852388003752284,0.6063435270798206,0.5992590025315483,0.6131944482223491,0.004660799076780677,0.0014158227316569535,0.00807146411910653,0.1847458653909323,0.16359308179058893,0.20769895419676893,-0.15952056372017429,-0.18682758479189407,-0.1300540126485003,0.276,0.22,0.336,0.13654054783515668,-0.04523154775837619,0.29071238134583527,-0.4919145545505441,-0.6295725692813133,-0.359293833009087,0.026893661560956388,0.0017428183996235024,0.05332594398948131,0.084,0.036,0.136,False
mediation_aware_recourse,False,1.0,5.0,0.1,250,0.378262570197694,0.3444249070716673,0.4131765832901234,0.22172899732353557,0.17903661852675046,0.26601111356007656,0.028105232654505805,0.0251039321851657,0.03112943635932415,0.6105017606949806,0.6034108202596307,0.6172016872563659,0.004660799076780677,0.0014158227316569535,0.00807146411910653,0.1847458653909323,0.16359308179058893,0.20769895419676893,-0.21806524294543295,-0.24497426209729492,-0.1887687519467786,0.368,0.3079,0.428,-0.18035249386499141,-0.38877177430063814,-0.027546038615759275,-0.8088075962506922,-1.0053073535847437,-0.6295423124931137,0.09656283856183291,0.057647629219375086,0.1357723544659675,0.176,0.1199,0.236,False
mediation_aware_recourse,False,1.0,8.34825211619237,0.1,250,0.38998408420197667,0.3563385377342696,0.42497241209101627,0.2565805193643768,0.21175944149341797,0.30500603517306635,0.020477856180543076,0.018531831724169973,0.02251393053690712,0.6127390571816762,0.6053821872258385,0.619657005728642,0.004660799076780677,0.0014158227316569535,0.00807146411910653,0.1847458653909323,0.16359308179058893,0.20769895419676893,-0.2120956760483481,-0.24117773338290222,-0.18230613982415894,0.392,0.332,0.452,-0.14804017724316654,-0.3703358018232359,0.028427117575678548,-0.7764952796288673,-1.0213924885755548,-0.5563181249326871,0.10828435256611556,0.06639085191036576,0.1530136426711455,0.2,0.136,0.264,True
transport_anchor_only,False,3.0,0.0,0.1,250,0.5443707838524133,0.5042595049961819,0.5828892062396859,0.029344460674046637,0.022328635792727043,0.03678187670577193,0.097273059778987,0.09039374767774197,0.10476259886277513,0.6358373755224546,0.629004896465987,0.6428455025953251,0.004660799076780677,0.0014158227316569535,0.00807146411910653,0.1847458653909323,0.16359308179058893,0.20769895419676893,-0.22606903614838286,-0.25081144107750913,-0.20304846063166437,0.392,0.332,0.456,-0.22367575409608476,-0.4832001809820426,-0.033826949532989606,0.01026760974398111,-0.007782261817171843,0.03659756256268707,-0.00121996933221817,-0.0037327889800071717,7.288098335266113e-05,-0.024,-0.044,-0.008,False
mediation_aware_recourse,False,3.0,0.5,0.1,250,0.554014716040343,0.513399757309386,0.5918891459120553,0.02694978159633968,0.02022435673717838,0.0342909547957698,0.08205190795926182,0.07590082089511448,0.08848404891088796,0.6382193317083519,0.6315338931593001,0.6450626915870409,0.004660799076780677,0.0014158227316569535,0.00807146411910653,0.1847458653909323,0.16359308179058893,0.20769895419676893,-0.2446162878112269,-0.2686521686948086,-0.22167588024598867,0.432,0.372,0.496,-0.32406907885925107,-0.5870918138629215,-0.12090574393097078,-0.0901257150191852,-0.14596970523724848,-0.03813807509222749,0.00842396285571158,0.0030152373933466153,0.015113426400464957,0.016,-0.012,0.044,False
mediation_aware_recourse,False,3.0,1.0,0.1,250,0.5626901735886931,0.5232977927095839,0.6008010374900069,0.02629092039788864,0.019904973033060186,0.03364076119768052,0.07214969883715222,0.06657754715694358,0.0780625227172457,0.6412033953082562,0.6348934399924775,0.6478382214631239,0.004660799076780677,0.0014158227316569535,0.00807146411910653,0.1847458653909323,0.16359308179058893,0.20769895419676893,-0.260700303467343,-0.2850634087810394,-0.23552737162991366,0.436,0.372,0.496,-0.41112929870277215,-0.6711334596199477,-0.203139414905772,-0.17718593486270628,-0.26013825473880203,-0.10586403430558469,0.017099420404061674,0.00945573998959735,0.025791143103654032,0.02,-0.016,0.056,False
mediation_aware_recourse,False,3.0,2.0,0.1,250,0.5823530681561678,0.5426292114526732,0.6197318190414458,0.026622349632758183,0.020005771366718064,0.033984881426976976,0.058022640637434404,0.05300395220173048,0.06328046863348914,0.645800976019303,0.6397624761622845,0.6524843963383932,0.004660799076780677,0.0014158227316569535,0.00807146411910653,0.1847458653909323,0.16359308179058893,0.20769895419676893,-0.30091709265909555,-0.32282147036263853,-0.2767410788219793,0.444,0.38,0.504,-0.6288163852670727,-0.908742960255219,-0.42743174863624867,-0.39487302142700687,-0.5094968947776358,-0.29549709136163677,0.0367623149715364,0.02655053560268134,0.04842122451238101,0.028,-0.020099999999999996,0.08,False
mediation_aware_recourse,False,3.0,5.0,0.1,250,0.6441902835872024,0.6090150541718234,0.6809117567816866,0.028256570128570472,0.02159159103235244,0.03570484068792401,0.036553307233947015,0.03356707317020051,0.03955823211172989,0.650828948020935,0.6451101310041051,0.6570102369731565,0.004660799076780677,0.0014158227316569535,0.00807146411910653,0.1847458653909323,0.16359308179058893,0.20769895419676893,-0.3455054504051984,-0.36472330641323697,-0.32584968259332625,0.464,0.404,0.528,-0.8701660774604623,-1.1778550478423506,-0.6462292722799003,-0.6362227136203964,-0.7833290649619694,-0.5135537360688234,0.09859953040257097,0.07833589306458599,0.1205200383256888,0.048,-0.012,0.104,False
mediation_aware_recourse,False,3.0,8.34825211619237,0.1,250,0.6852356713409535,0.6507167278707028,0.7199733281172812,0.030421568422207123,0.021727066953284177,0.04029975367765336,0.029145552564359516,0.026784110605676155,0.03153167183929589,0.6514307468807696,0.6453534575190742,0.6573767460662823,0.004660799076780677,0.0014158227316569535,0.00807146411910653,0.1847458653909323,0.16359308179058893,0.20769895419676893,-0.364277245404487,-0.38092049326213007,-0.34529184599877244,0.504,0.444,0.564,-0.9717748196077707,-1.290019108411634,-0.7406372261923403,-0.7378314557677048,-0.8974268235329013,-0.6080356884648694,0.1396449181563221,0.11448036800028057,0.16776611673228906,0.088,0.028,0.148,True
transport_anchor_only,False,10.0,0.0,0.1,250,0.603706545213703,0.5630773888071183,0.6425155926313949,0.016671917526480843,0.010770523448453324,0.02347748381135901,0.09256488232339759,0.08630586510928942,0.09922488004779849,0.6401990383394559,0.6332129740395943,0.6468393444164098,0.004660799076780677,0.0014158227316569535,0.00807146411910653,0.1847458653909323,0.16359308179058893,0.20769895419676893,-0.2565054842317732,-0.2813023654799229,-0.23331463556996504,0.612,0.552,0.672,-0.3884234090381058,-0.6614120315646642,-0.18187506606088674,1.2098485133948955e-05,-0.020377235965307598,0.021320605771382072,0.0014961185455322267,1.3791561126708984e-05,0.0056223964929580685,-0.008,-0.024,0.008,False
mediation_aware_recourse,False,10.0,0.5,0.1,250,0.6052532735844143,0.5646128923652577,0.6443257037170348,0.016690903059080987,0.010761782545025543,0.023509272803093027,0.07657706500349672,0.07089085679500218,0.08257368629707436,0.6441605191262563,0.6375049539908966,0.6507287614552578,0.004660799076780677,0.0014158227316569535,0.00807146411910653,0.1847458653909323,0.16359308179058893,0.20769895419676893,-0.2696041626634957,-0.2934841042737278,-0.24695386288246124,0.612,0.556,0.676,-0.4593244730700663,-0.7224284289357931,-0.25552794270420714,-0.07088896554682655,-0.11260447152386481,-0.02785093040521725,0.003042846916243434,-6.954834779025987e-05,0.007724169589788652,-0.008,-0.028,0.008,False
mediation_aware_recourse,False,10.0,1.0,0.1,250,0.6090579049331136,0.568530579399818,0.647759421216417,0.01679615685161323,0.010861553125587784,0.0235974022417763,0.06967329834243938,0.0640770035700162,0.07530979196858006,0.6464843488220374,0.6398277594422299,0.6527016801243821,0.004660799076780677,0.0014158227316569535,0.00807146411910653,0.1847458653909323,0.16359308179058893,0.20769895419676893,-0.2808604155521625,-0.3040543932602659,-0.257034889366877,0.62,0.564,0.6800999999999999,-0.5202527805309558,-0.8008889097990443,-0.3031999078293484,-0.13181727300771606,-0.19713262842152066,-0.06804040429896496,0.006847478264942765,0.0030114116760785693,0.012158627137728036,0.0,-0.024,0.02,False
mediation_aware_recourse,False,10.0,2.0,0.1,250,0.62468134950893,0.5838608668426634,0.6638216518160655,0.016951715273697314,0.010976588600547768,0.0238250509570537,0.05851092018963714,0.05333879232769744,0.06405643230937585,0.6486921678980192,0.6423687554936608,0.654826295907249,0.004660799076780677,0.0014158227316569535,0.00807146411910653,0.1847458653909323,0.16359308179058893,0.20769895419676893,-0.31376434148973603,-0.3361694356567866,-0.2907989083784774,0.612,0.552,0.6720999999999999,-0.6983565008385635,-0.9927794912779068,-0.48170994506980597,-0.30992099331532375,-0.407461903412727,-0.22350277965953863,0.022470922840759158,0.015924279629485682,0.029584877313952894,-0.008,-0.044,0.028,False
mediation_aware_recourse,False,10.0,5.0,0.1,250,0.6891419905335643,0.6510242832917255,0.7244292179485666,0.016903262959161343,0.011186404796879398,0.023929926702938642,0.039191850601896644,0.035736288201083655,0.04221672639055699,0.6547661447469393,0.6487923936932086,0.6604388225377301,0.004660799076780677,0.0014158227316569535,0.00807146411910653,0.1847458653909323,0.16359308179058893,0.20769895419676893,-0.3591705831876607,-0.3790648206376884,-0.3391990048360826,0.628,0.572,0.692,-0.9441332688427762,-1.269330202657749,-0.7131144136891177,-0.5556977613195364,-0.7064261106936034,-0.4319822518913438,0.0869315638653934,0.06853077846240485,0.1079535958996159,0.008,-0.04,0.052,False
mediation_aware_recourse,False,10.0,8.34825211619237,0.1,250,0.7670697344089858,0.729532044820767,0.8031213258426521,0.016051542749763514,0.010228949567019,0.022913998919139176,0.028241471426236217,0.0255044093603307,0.030874068327575593,0.6552175670238336,0.6496544662217398,0.6609074338940183,0.004660799076780677,0.0014158227316569535,0.00807146411910653,0.1847458653909323,0.16359308179058893,0.20769895419676893,-0.3760199551932637,-0.39480464297269185,-0.3566776414415066,0.676,0.616,0.732,-1.0353362409360827,-1.3868414330139263,-0.7930337618036146,-0.6469007334128429,-0.8138644356082175,-0.513743768341479,0.16485930774081498,0.13788006806925407,0.19291163089172914,0.056,-0.004,0.11209999999999991,True
transport_anchor_only,False,30.0,0.0,0.1,250,0.8049975447454489,0.6733542481574463,0.9496020794295124,0.006865066258608049,0.00357667491206563,0.010539337797595513,0.09047403046251304,0.08429433276660728,0.09734191086351411,0.6402989914743106,0.6326906528816719,0.6468486374767323,0.004660799076780677,0.0014158227316569535,0.00807146411910653,0.1847458653909323,0.16359308179058893,0.20769895419676893,-0.26753297126287556,-0.2925493113913925,-0.24423909637126578,0.764,0.708,0.816,-0.44811344327929215,-0.72351131420053,-0.23101524814939403,0.011852092188148644,-0.012327192436306773,0.04056325457974574,8.306646347045899e-05,1.3791561126708984e-05,0.00018361350893974295,-0.004,-0.012,0.0,False
mediation_aware_recourse,False,30.0,0.5,0.1,250,0.809463673688937,0.6795030725707766,0.9575030045585241,0.0067689867024570355,0.0034156891533056624,0.010441735913618388,0.07306929375145077,0.06724762988098147,0.0790171613035049,0.6469539436848959,0.6401079853399197,0.653344575698028,0.004660799076780677,0.0014158227316569535,0.00807146411910653,0.1847458653909323,0.16359308179058893,0.20769895419676893,-0.2805844945224621,-0.30475766086687467,-0.2564425854891643,0.772,0.716,0.8240999999999998,-0.5187592638608178,-0.7906099030495066,-0.3042940836711427,-0.05879372839337704,-0.1066708078206689,-0.012634434102754003,0.004549195406958461,0.0008700099068693817,0.009899963013455271,0.004,-0.016,0.024,False
mediation_aware_recourse,False,30.0,1.0,0.1,250,0.8140718253594823,0.6830753951889579,0.9616150100779486,0.006754872747915538,0.0034213832874980523,0.01045224318286016,0.0670916229460098,0.06157183153567593,0.07288197484520233,0.6501500882414977,0.6436971135242183,0.6563940100408892,0.004660799076780677,0.0014158227316569535,0.00807146411910653,0.1847458653909323,0.16359308179058893,0.20769895419676893,-0.28849033275677394,-0.31265241296777646,-0.26461973316482273,0.78,0.724,0.836,-0.5615523094187396,-0.8437876525394591,-0.3395869023684557,-0.10158677395129878,-0.17325034075136717,-0.04310330519444908,0.0091573470775038,0.004524317320447881,0.014957012722594662,0.012,-0.012,0.036,False
mediation_aware_recourse,False,30.0,2.0,0.1,250,0.8298266067435034,0.6994234918195172,0.9760201278945314,0.006745493850407253,0.0034272289223618484,0.010359584525221425,0.057111682403999865,0.05197372172493452,0.0627037564887512,0.6514929754122099,0.6450492245708407,0.6576193168973328,0.004660799076780677,0.0014158227316569535,0.00807146411910653,0.1847458653909323,0.16359308179058893,0.20769895419676893,-0.3184290712933823,-0.3406527781257813,-0.29487517465429297,0.776,0.72,0.828,-0.7236059417057541,-1.0203341973821431,-0.4934158458924278,-0.2636404062383133,-0.3587275419208576,-0.17642417005592476,0.024912128461524845,0.016563014120701703,0.0331668156654574,0.008,-0.02,0.036,False
mediation_aware_recourse,False,30.0,5.0,0.1,250,0.8994916328103282,0.7751164643225144,1.038170008889388,0.006568325324708235,0.003230089036122965,0.01024528159578761,0.03798354252934873,0.03422717174706582,0.04164556969143456,0.6566768682734171,0.6506519655070503,0.6624050066616535,0.004660799076780677,0.0014158227316569535,0.00807146411910653,0.1847458653909323,0.16359308179058893,0.20769895419676893,-0.361436509213889,-0.38202511228551767,-0.34078648982489973,0.816,0.768,0.864,-0.9563983662046762,-1.286883806587707,-0.7205031165479684,-0.49643283073723543,-0.6496535420085564,-0.3802534007074891,0.09457715452834964,0.07319614162378713,0.11679978961580201,0.048,0.012,0.084,False
mediation_aware_recourse,False,30.0,8.34825211619237,0.1,250,0.9535023912484758,0.8290329685513279,1.0967151583507542,0.006681876687498997,0.0033240826706409095,0.010402439551724332,0.02892108588672484,0.026062823256476162,0.031988947780321374,0.6570428860104083,0.6509544201556146,0.6628717844406664,0.004660799076780677,0.0014158227316569535,0.00807146411910653,0.1847458653909323,0.16359308179058893,0.20769895419676893,-0.37562291000273795,-0.3949709802709603,-0.3560981637750938,0.832,0.784,0.872,-1.033187098438709,-1.3821152987344565,-0.7830413855242697,-0.5732215629712683,-0.7447994591828221,-0.4421323103085536,0.14858791296649723,0.12414577831233618,0.17488209806146332,0.064,0.016,0.108,True
transport_anchor_only,False,0.0,0.0,0.5,250,0.0,0.0,0.0,0.5903105240509305,0.5553828259720055,0.6260823815771271,0.0677462751673739,0.06027234379531775,0.07576523136614695,0.5950017077827454,0.5847643276958864,0.6043412503771286,0.004660799076780677,0.0014158227316569535,0.00807146411910653,0.1847458653909323,0.16359308179058893,0.20769895419676893,0.1847458653909323,0.1630182627898886,0.20747210815487477,0.056,0.028,0.084,0.0,0.0,0.0,0.0,0.0,0.0,0.0,0.0,0.0,0.0,0.0,0.0,False
mediation_aware_recourse,False,0.0,0.5,0.5,250,9.65413386002183e-05,4.827066930010915e-05,0.00014481200790032744,0.5895655166416439,0.5543060741169774,0.6251879776135056,0.06751023315762293,0.060060151584023565,0.07548069745133347,0.5949189649327596,0.584690028126955,0.6042767127008737,0.004660799076780677,0.0014158227316569535,0.00807146411910653,0.1847458653909323,0.16359308179058893,0.20769895419676893,0.1841179927279097,0.16251662200073946,0.20704282098791196,0.06,0.032,0.088,0.0033985749109674,0.0015449182018937163,0.00556046695220508,0.0033985749109674,0.0016152947242615207,0.005615874296543466,9.65413386002183e-05,4.827066930010915e-05,0.00014481200790032744,0.004,0.0,0.012,False
mediation_aware_recourse,False,0.0,1.0,0.5,250,0.00031720725214108824,0.0001586036276188679,0.0004964983062818646,0.5890631636247883,0.553896094443772,0.6249156857628773,0.06722607301288082,0.059857917529133046,0.07512327948362851,0.5949125255648295,0.5846911523445646,0.6042584381846587,0.004660799076780677,0.0014158227316569535,0.00807146411910653,0.1847458653909323,0.16359308179058893,0.20769895419676893,0.1832223544834354,0.16136582573112065,0.20592449943816019,0.064,0.032,0.096,0.008246522347187923,0.004627376907146466,0.012602244122985882,0.008246522347187923,0.004388168400034739,0.012761761718974316,0.00031720725214108824,0.0001586036276188679,0.0004964983062818646,0.008,0.0,0.02,False
mediation_aware_recourse,False,0.0,2.0,0.5,250,0.0009861008059233428,0.0005308049606974237,0.001523973965330515,0.588308572994152,0.5524980512207814,0.6237939612184029,0.06672079475359671,0.05935805472065654,0.07448296827133852,0.5949660302801927,0.5847960963819622,0.604292661615014,0.004660799076780677,0.0014158227316569535,0.00807146411910653,0.1847458653909323,0.16359308179058893,0.20769895419676893,0.18115053209887289,0.1585706863126218,0.20408399614601888,0.072,0.04,0.108,0.019460967553733832,0.010494356530620145,0.031095434890289795,0.019460967553733832,0.01060253776279127,0.03162255791106142,0.0009861008059233428,0.0005308049606974237,0.001523973965330515,0.016,0.004,0.032,False
mediation_aware_recourse,False,0.0,5.0,0.5,250,0.08032301837718114,0.05796393944000592,0.10433729015613206,0.5756915611647825,0.5384821801923965,0.6143086361839857,0.043578137740719995,0.03903725458404228,0.04905486164865737,0.5967003651738166,0.5870318351258933,0.6055253796714346,0.004660799076780677,0.0014158227316569535,0.00807146411910653,0.1847458653909323,0.16359308179058893,0.20769895419676893,0.13031050933403787,0.10099202459267244,0.15997732218813654,0.116,0.076,0.156,0.29464992865581185,0.18764063253185662,0.42080048087906846,0.29464992865581185,0.1951618181130775,0.4175081641585123,0.08032301837718114,0.05796393944000592,0.10433729015613206,0.06,0.032,0.092,False
mediation_aware_recourse,False,0.0,8.34825211619237,0.5,250,0.1928907152665779,0.1615270218198071,0.22517718337435508,0.5232954131453367,0.47851207746523333,0.5690715847251108,0.025491226582797327,0.02263063498930937,0.028429821179505658,0.6053754510176181,0.5966589710669717,0.6135324170077444,0.004660799076780677,0.0014158227316569535,0.00807146411910653,0.1847458653909323,0.16359308179058893,0.20769895419676893,0.053494325221400296,0.01896814285551742,0.08947070759130776,0.204,0.156,0.256,0.7104437216594623,0.5396629195571458,0.8982806475167052,0.7104437216594623,0.5449139461391472,0.8920528115089383,0.1928907152665779,0.1615270218198071,0.22517718337435508,0.148,0.1,0.196,True
transport_anchor_only,False,1.0,0.0,0.5,250,0.24920437573967502,0.2190283726731199,0.2785897677824949,0.24054277606438074,0.19942204345887463,0.28089362620039987,0.10340376973074483,0.09471449666183274,0.112905770157018,0.5907196423586208,0.5835233829603097,0.597238463356316,0.004660799076780677,0.0014158227316569535,0.00807146411910653,0.1847458653909323,0.16359308179058893,0.20769895419676893,-0.04716504513958587,-0.0714627487661977,-0.023691519563926556,0.172,0.128,0.22,0.7447031085660181,0.6000497605942892,0.8666901619558772,0.11624800618031728,0.046516233206681315,0.20197400914012892,-0.03249535589618608,-0.05220049224797404,-0.016516529606201223,-0.02,-0.04,-0.004,False
mediation_aware_recourse,False,1.0,0.5,0.5,250,0.2530737265232019,0.22173748873508303,0.28328974873442203,0.24046401388640237,0.19846492772785718,0.2797177931768833,0.08177097007935363,0.07423310043990516,0.09018148155939053,0.5930765369129181,0.5860141854709785,0.5996963456014196,0.004660799076780677,0.0014158227316569535,0.00807146411910653,0.1847458653909323,0.16359308179058893,0.20769895419676893,-0.0736947105716415,-0.09762123637618965,-0.0479579764922744,0.18,0.132,0.2240999999999999,0.6011022470478595,0.4413524479798281,0.7377806841366413,-0.027352855337841264,-0.12021290597500972,0.07846397087031873,-0.028626005112659187,-0.047902692101488356,-0.01090301867459203,-0.012,-0.048,0.02,False
mediation_aware_recourse,False,1.0,1.0,0.5,250,0.2552338654701598,0.22164131001237547,0.28902471789177503,0.24485007727797098,0.20220678521886545,0.2863898682448929,0.0718054221905696,0.06437446418152123,0.07978826384694968,0.5941629217656452,0.5871593968331019,0.600702306805998,0.004660799076780677,0.0014158227316569535,0.00807146411910653,0.1847458653909323,0.16359308179058893,0.20769895419676893,-0.08935685925157034,-0.11444988444412085,-0.0629257443113512,0.212,0.16,0.264,0.5163255260815371,0.36124520174139835,0.6531880490525303,-0.11212957630416365,-0.22540631284968132,0.010281733895600647,-0.0264658661657013,-0.04961161309966119,-0.005232540391129447,0.02,-0.02,0.06,False
mediation_aware_recourse,False,1.0,2.0,0.5,250,0.2954362043906003,0.2620396035990445,0.3302370981765911,0.2249589510740242,0.18425407096047636,0.26839558988622925,0.05609282884072732,0.049814730158693046,0.06323298420466002,0.5998048181899388,0.5927895901827315,0.6061232703059117,0.004660799076780677,0.0014158227316569535,0.00807146411910653,0.1847458653909323,0.16359308179058893,0.20769895419676893,-0.1465295961179215,-0.1728643379586943,-0.11801735727967134,0.272,0.216,0.332,0.20685859027016984,0.04322835486538657,0.3561927331555328,-0.42159651211553095,-0.5634540386231858,-0.2815034106138542,0.013736472754739226,-0.01430851618956076,0.04298895303378812,0.08,0.032,0.128,False
mediation_aware_recourse,False,1.0,5.0,0.5,250,0.3676040038368665,0.33347518404939913,0.40113292064743583,0.23574227360580602,0.19188102630240386,0.28099286758231284,0.027669514899230016,0.024598189213111958,0.03073924038116913,0.6069762498235702,0.6001604187493225,0.6134798466398815,0.004660799076780677,0.0014158227316569535,0.00807146411910653,0.1847458653909323,0.16359308179058893,0.20769895419676893,-0.20713094619431408,-0.23379501796105445,-0.17786599600807773,0.364,0.304,0.4240999999999999,-0.12116688379473994,-0.32948009903926617,0.03173271724604737,-0.7496219861804407,-0.9475577725460534,-0.5656223234318316,0.08590427220100537,0.04536553674185416,0.1259233980293735,0.172,0.116,0.232,False
mediation_aware_recourse,False,1.0,8.34825211619237,0.5,250,0.39235926000447946,0.35849484454336344,0.4291958681709366,0.25308798098587376,0.20771748681560506,0.30110838736136514,0.020700345672045616,0.018774388367384705,0.022727715206685904,0.6109987720223269,0.6040255030627846,0.6176996788773239,0.004660799076780677,0.0014158227316569535,0.00807146411910653,0.1847458653909323,0.16359308179058893,0.20769895419676893,-0.21240169249656374,-0.24043271181589082,-0.1811994928243255,0.388,0.328,0.448,-0.14969659562940807,-0.37966447855673535,0.02257928436388787,-0.7781516980151089,-1.0089894732362936,-0.5558775980882688,0.11065952836861834,0.06880813476055628,0.15273054496695987,0.196,0.132,0.26,True
transport_anchor_only,False,3.0,0.0,0.5,250,0.5426474645845591,0.5019534982734011,0.580913214483601,0.030308586887408458,0.023520287843991114,0.03796762338608447,0.10042571738589719,0.0934850343066373,0.10753067194898254,0.6315956792195638,0.6247517268941304,0.6383321005386015,0.004660799076780677,0.0014158227316569535,0.00807146411910653,0.1847458653909323,0.16359308179058893,0.20769895419676893,-0.21685042751222272,-0.24134724370033772,-0.19409145767661978,0.372,0.316,0.436,-0.17377689104627825,-0.4180482415429156,0.018064212808460323,0.06016647279378762,0.015039897172486867,0.112263873508233,-0.0029432886000722645,-0.006450285365572199,-0.0005753046635072681,-0.044,-0.076,-0.016,False
mediation_aware_recourse,False,3.0,0.5,0.5,250,0.552711725038942,0.5118500632446376,0.5893939528725226,0.027286394706841813,0.020627558089174314,0.03469551385827444,0.08423152363747496,0.07827340869657798,0.09049161412748707,0.635259608851274,0.6285524087018272,0.6421384182652334,0.004660799076780677,0.0014158227316569535,0.00807146411910653,0.1847458653909323,0.16359308179058893,0.20769895419676893,-0.24123545923002315,-0.2640567579637503,-0.21779799953323467,0.428,0.368,0.492,-0.30576919120520407,-0.5626441350195933,-0.10593207896326633,-0.0718258273651382,-0.1172858609007159,-0.030435746450607953,0.007120971854310483,0.0018081882691010833,0.013678244724695103,0.012,-0.016,0.044,False
mediation_aware_recourse,False,3.0,1.0,0.5,250,0.5590057437582873,0.5198103209838854,0.5965999674569467,0.027081155077976718,0.020657950846553825,0.034454588620705204,0.074683825311384,0.06917252482970813,0.08092824470791211,0.6368515278033415,0.6302682603726784,0.643638656325082,0.004660799076780677,0.0014158227316569535,0.00807146411910653,0.1847458653909323,0.16359308179058893,0.20769895419676893,-0.2526400364029955,-0.27555506897481397,-0.22916818628189742,0.424,0.364,0.488,-0.36750035443767803,-0.6325160882173203,-0.16456635900807237,-0.13355699059761217,-0.198514519063154,-0.07148008001166359,0.013414990573655814,0.006348153299756814,0.021901345575216693,0.008,-0.024,0.04,False
mediation_aware_recourse,False,3.0,2.0,0.5,250,0.5800025031608529,0.5411518516587559,0.6175809671207215,0.026745357961938585,0.02007610571671406,0.03403493651497077,0.05968127077314137,0.05477420845095434,0.06502059418426044,0.6412518723527592,0.6350552073830863,0.6479405011210144,0.004660799076780677,0.0014158227316569535,0.00807146411910653,0.1847458653909323,0.16359308179058893,0.20769895419676893,-0.29750242999589294,-0.3195785489920691,-0.27394464042464245,0.448,0.388,0.5080999999999999,-0.6103333591058269,-0.8830818184131336,-0.4050291996310463,-0.376389995265761,-0.4810343809746603,-0.28657581514622715,0.03441174997622147,0.02402179781878367,0.04562052518540295,0.032,-0.012,0.076,False
mediation_aware_recourse,False,3.0,5.0,0.5,250,0.6385162096302957,0.6031408459461177,0.674848264741816,0.03051593133935277,0.02221305376474653,0.04074932068095125,0.03655927104496808,0.03361621857849129,0.03947743114068274,0.6470446682957809,0.640602552213937,0.6530726242313186,0.004660799076780677,0.0014158227316569535,0.00807146411910653,0.1847458653909323,0.16359308179058893,0.20769895419676893,-0.3421467316857637,-0.36043467291427395,-0.32283095773947873,0.452,0.392,0.516,-0.8519858669733291,-1.1539196470821393,-0.639660214936838,-0.6180425031332633,-0.7699662095836989,-0.5012082203618686,0.09292545644566416,0.07015467349641258,0.11716782269109971,0.036,-0.02,0.096,False
mediation_aware_recourse,False,3.0,8.34825211619237,0.5,250,0.6746010823692196,0.6385309996356257,0.7101792954845354,0.0335175856871517,0.02345866098266774,0.045950225615017846,0.029419389851575967,0.02695535876368366,0.03186320310749216,0.6480703633948167,0.640964795625925,0.654372017340382,0.004660799076780677,0.0014158227316569535,0.00807146411910653,0.1847458653909323,0.16359308179058893,0.20769895419676893,-0.355305303733116,-0.3740897483027254,-0.3364176754213818,0.488,0.4279,0.552,-0.923211125625305,-1.2341311445483443,-0.6964624806008278,-0.6892677617852392,-0.8425846550117956,-0.5608257584228937,0.12901032918458805,0.1003062810737174,0.15766663513123058,0.072,0.012,0.132,True
transport_anchor_only,False,10.0,0.0,0.5,250,0.6034796165027656,0.5624334966951399,0.6427934268506477,0.01674871673475898,0.010832495880214458,0.023601722626720216,0.09364161932828681,0.08739439269888759,0.10019511805117849,0.6375979517443975,0.6305363277230759,0.6443275170120597,0.004660799076780677,0.0014158227316569535,0.00807146411910653,0.1847458653909323,0.16359308179058893,0.20769895419676893,-0.24960214576297768,-0.27533917580083106,-0.22715870906000654,0.6,0.54,0.664,-0.351056735341849,-0.6181585630542937,-0.14640015698718978,0.03737877218139074,0.003016033246859813,0.07815236382517328,0.0012691898345947267,-0.0014313421547412872,0.005510358315706252,-0.02,-0.04,0.0,False
mediation_aware_recourse,False,10.0,0.5,0.5,250,0.6035266205165535,0.5633603889159509,0.6425799032008159,0.016895452282310146,0.010983876989833637,0.02383202211973901,0.07876847290675575,0.07337307992932156,0.0845315502535155,0.6393267155353228,0.6321515307647289,0.6458140718172888,0.004660799076780677,0.0014158227316569535,0.00807146411910653,0.1847458653909323,0.16359308179058893,0.20769895419676893,-0.2658042798547972,-0.28917157107789015,-0.24301226627705735,0.608,0.552,0.672,-0.4387563115003461,-0.6960823231158177,-0.2378874143840602,-0.050320803977106365,-0.08573179339661602,-0.0160650534523814,0.0013161938483826816,-0.001985556734807324,0.006030219815962481,-0.012,-0.032,0.004,False
mediation_aware_recourse,False,10.0,1.0,0.5,250,0.6076106905993074,0.567133158181596,0.6466014087458258,0.016864063760219216,0.010900996258431621,0.02365666005558409,0.07187804157971212,0.06668876326264937,0.07731462412539189,0.6417041135660808,0.6349902803987165,0.6481113984078167,0.004660799076780677,0.0014158227316569535,0.00807146411910653,0.1847458653909323,0.16359308179058893,0.20769895419676893,-0.2753240638017356,-0.2991666521687746,-0.2515190085326487,0.608,0.548,0.672,-0.49028538862904925,-0.7562936981907228,-0.2855512883813849,-0.1018498811058095,-0.15339745986132253,-0.046296399325591334,0.005400263931136578,0.0018217863942496478,0.010585708886722568,-0.012,-0.036,0.008,False
mediation_aware_recourse,False,10.0,2.0,0.5,250,0.622572137682233,0.580851111595612,0.6620077917469549,0.016935960283655713,0.011012304923755508,0.023743706502331634,0.06007979666595916,0.055080903453521325,0.06559569240410162,0.6455378193155924,0.6391057888228,0.6517915673403342,0.004660799076780677,0.0014158227316569535,0.00807146411910653,0.1847458653909323,0.16359308179058893,0.20769895419676893,-0.3078412078625206,-0.3298363584574645,-0.2836209996865176,0.608,0.548,0.6680999999999999,-0.6662955201249667,-0.9571482017097784,-0.45405534545559745,-0.277860012601727,-0.36612842101481363,-0.1995180846204992,0.020361711014062166,0.014003474852861837,0.027704586386820298,-0.012,-0.048,0.02,False
mediation_aware_recourse,False,10.0,5.0,0.5,250,0.6865845936299302,0.6493428220181493,0.722111734154541,0.01724777710077814,0.01157593269099755,0.024202412260734597,0.039309811962410283,0.035809192930980116,0.04259558623053647,0.6498553817558288,0.6442087969955305,0.6557239758605361,0.004660799076780677,0.0014158227316569535,0.00807146411910653,0.1847458653909323,0.16359308179058893,0.20769895419676893,-0.35560086592245077,-0.3767703765783427,-0.33520610473791534,0.612,0.556,0.6720999999999999,-0.9248109567701557,-1.2486235243237793,-0.6897206358409089,-0.5363754492469159,-0.6827169156488682,-0.4157846177211989,0.08437416696175933,0.06558858445818769,0.10605828694833908,-0.008,-0.06,0.04,False
mediation_aware_recourse,False,10.0,8.34825211619237,0.5,250,0.7650051871086471,0.7272719879334909,0.7999938782761106,0.01617881644228031,0.01039700219678228,0.023145456261840676,0.028407467959334624,0.025643039890066624,0.030968321920482687,0.6531225355752309,0.6475814960352779,0.659024106886983,0.004660799076780677,0.0014158227316569535,0.00807146411910653,0.1847458653909323,0.16359308179058893,0.20769895419676893,-0.37717784926094233,-0.3956878646849158,-0.3578683653509989,0.672,0.612,0.728,-1.0416037374520588,-1.376096122712202,-0.7944979531168692,-0.6531682299288191,-0.8160086218203783,-0.5214389595674013,0.16279476044047625,0.13626286594733827,0.1914442372742691,0.052,-0.008,0.112,True
transport_anchor_only,False,30.0,0.0,0.5,250,0.8069527087011374,0.6769814869555878,0.9531797412656596,0.006825255009235597,0.0035012631019088187,0.010517265751905518,0.0913101185086715,0.08507683392772436,0.09809512406293386,0.6379727371263505,0.6308553614827792,0.6447450616234939,0.004660799076780677,0.0014158227316569535,0.00807146411910653,0.1847458653909323,0.16359308179058893,0.20769895419676893,-0.2618323438874961,-0.2865790570727764,-0.23754267383328243,0.764,0.708,0.816,-0.4172568535346901,-0.6920507793271437,-0.20738028367353847,0.04270868193275068,0.009098348286153394,0.08361460566334791,0.0020382304191589357,-0.0006824873149394989,0.006609674102067948,-0.004,-0.02,0.008,False
mediation_aware_recourse,False,30.0,0.5,0.5,250,0.8088817244861275,0.678465855824633,0.9566150974497548,0.006785487551980745,0.003451800272180816,0.010472448696382934,0.07659358538919744,0.07084860826097394,0.08233232566306292,0.6404297074306011,0.6332228134093284,0.6471004396893283,0.004660799076780677,0.0014158227316569535,0.00807146411910653,0.1847458653909323,0.16359308179058893,0.20769895419676893,-0.27818427452878824,-0.3025839002972444,-0.25428124836477967,0.776,0.72,0.828,-0.5057672546020728,-0.7751278316848063,-0.29868247829236055,-0.045801719134632046,-0.08104745262300887,-0.011371751534819268,0.003967246204148978,0.0002817769259214402,0.009455658577207942,0.008,-0.012,0.024,False
mediation_aware_recourse,False,30.0,1.0,0.5,250,0.811800719147548,0.6818346602627542,0.9593333078124211,0.006790863605319323,0.0034833783578732784,0.01047195003571551,0.07026867429062952,0.06464906650979714,0.07611234181521492,0.6433065638407071,0.6362802297782599,0.6497440976420541,0.004660799076780677,0.0014158227316569535,0.00807146411910653,0.1847458653909323,0.16359308179058893,0.20769895419676893,-0.28345065557396115,-0.30775929011866976,-0.2587508021112848,0.764,0.708,0.82,-0.5342733379941367,-0.8119607271148441,-0.32512858357297386,-0.07430780252669589,-0.12999828152927118,-0.021464203623380505,0.006886240865569561,0.0023044172829249877,0.01294747579419054,-0.004,-0.032,0.02,False
mediation_aware_recourse,False,30.0,2.0,0.5,250,0.8290897043631412,0.6972597969161696,0.9757300846069585,0.00673949180222692,0.003412691065096035,0.010360618433352904,0.05805889301375238,0.05280066078584233,0.0638791627068563,0.6480402865835031,0.6413215328702232,0.6541843322217266,0.004660799076780677,0.0014158227316569535,0.00807146411910653,0.1847458653909323,0.16359308179058893,0.20769895419676893,-0.3126503597223955,-0.3356726853559766,-0.28882656358517256,0.776,0.724,0.832,-0.6923266946235054,-0.9877183626562386,-0.4733681794487884,-0.2323611591560646,-0.31433591331236743,-0.1538811750820829,0.024175226081162692,0.015929822012921795,0.03265246605896391,0.008,-0.024,0.036,False
mediation_aware_recourse,False,30.0,5.0,0.5,250,0.8987612629891373,0.7738794462481513,1.0370132027232437,0.006643634653844958,0.00327557974842161,0.010288916479805224,0.0380213265962737,0.034443024884753454,0.04166667859327649,0.6508862955963611,0.6448962224550941,0.6565859077910582,0.004660799076780677,0.0014158227316569535,0.00807146411910653,0.1847458653909323,0.16359308179058893,0.20769895419676893,-0.3611098632857071,-0.38154399440135367,-0.34037494986766764,0.804,0.752,0.852,-0.9546302837228806,-1.2803004880776687,-0.7202220023597685,-0.4946647482554398,-0.6489195499122455,-0.37648207442918435,0.0938467847071588,0.0734606462184107,0.11563304081921232,0.036,0.0,0.0720999999999999,False
mediation_aware_recourse,False,30.0,8.34825211619237,0.5,250,0.9570465649659745,0.8324475848777335,1.0983132040652328,0.006644976515392719,0.003260080188631492,0.010340160187738713,0.028736591285746207,0.025907499233938314,0.03190610520103891,0.6539714845514297,0.6482015738973023,0.659644577551663,0.004660799076780677,0.0014158227316569535,0.00807146411910653,0.1847458653909323,0.16359308179058893,0.20769895419676893,-0.3798508870268056,-0.39826298732864895,-0.3603027670536005,0.828,0.78,0.872,-1.0560724659413645,-1.390418652125124,-0.8046704571226929,-0.5961069304739237,-0.7586069129203228,-0.4602123210527585,0.15213208668399603,0.12758361613051966,0.17830479531097226,0.06,0.012,0.108,True
transport_anchor_only,False,0.0,0.0,1.0,250,0.0008343929979018867,0.0007309558494016528,0.0009378301464021206,0.5868017528718135,0.5517776583758067,0.6231514523976598,0.06816562191013967,0.060716068380401056,0.07612121022679252,0.5938009453221161,0.5837069314146737,0.6030699090702236,0.004660799076780677,0.0014158227316569535,0.00807146411910653,0.1847458653909323,0.16359308179058893,0.20769895419676893,0.1829929077246312,0.16141129531243378,0.2058286993571119,0.056,0.028,0.084,0.009488481177057695,0.007034798524538916,0.012292703600140347,0.009488481177057695,0.007076975050306053,0.012430119783839488,0.0008343929979018867,0.0007309558494016528,0.0009378301464021206,0.0,0.0,0.0,False
mediation_aware_recourse,False,0.0,0.5,1.0,250,0.0006413103207014501,0.0005377007769537158,0.0007309558494016528,0.5888142218049874,0.5536884222162879,0.6245715452018785,0.06758332468465462,0.0601526314521846,0.0755140464728991,0.5941110903127987,0.5839554934693872,0.6033007854548991,0.004660799076780677,0.0014158227316569535,0.00807146411910653,0.1847458653909323,0.16359308179058893,0.20769895419676893,0.1837788910730974,0.1620465365254724,0.20665374861992103,0.06,0.032,0.088,0.005234078260905828,0.0032685850601383514,0.0076217768296845114,0.005234078260905828,0.00327781331097676,0.00745779442098676,0.0006413103207014501,0.0005377007769537158,0.0007309558494016528,0.004,0.0,0.012,False
mediation_aware_recourse,False,0.0,1.0,1.0,250,0.0007516432791016996,0.0005861438415013253,0.0009033510969020426,0.5886087415667541,0.5537118485142202,0.6243839093721701,0.06732147050320961,0.059962586374980975,0.07522603090410006,0.5941935773098468,0.5840432875959575,0.6033675186158122,0.004660799076780677,0.0014158227316569535,0.00807146411910653,0.1847458653909323,0.16359308179058893,0.20769895419676893,0.18314430795392395,0.1613229680966824,0.20588447162114745,0.064,0.032,0.096,0.008668975804245305,0.0053079621000188095,0.012545145149219457,0.008668975804245305,0.005105044313142451,0.012897968468278816,0.0007516432791016996,0.0005861438415013253,0.0009033510969020426,0.008,0.0,0.02,False
mediation_aware_recourse,False,0.0,2.0,1.0,250,0.0014688074924051762,0.0009861008091014809,0.002006853056105319,0.5878066360298749,0.5523318773359603,0.6239731096915762,0.06672871528549511,0.059320292425073654,0.07449468293549569,0.5942998305761814,0.5841566373952727,0.6034811571581166,0.004660799076780677,0.0014158227316569535,0.00807146411910653,0.1847458653909323,0.16359308179058893,0.20769895419676893,0.18110776611453447,0.1586524016617338,0.20408700047032596,0.068,0.036,0.1,0.019692453028377188,0.011604738750748292,0.030549278153823762,0.019692453028377188,0.011446667792666598,0.031085185399926895,0.0014688074924051762,0.0009861008091014809,0.002006853056105319,0.012,0.0,0.028,False
mediation_aware_recourse,False,0.0,5.0,1.0,250,0.08065401730779559,0.05844029768913751,0.10452692628967342,0.5732388634865426,0.5351795756262248,0.6109316852284099,0.04373075608756173,0.03901330221499975,0.049429583640862085,0.5952484744632244,0.5856791308927835,0.604091987519304,0.004660799076780677,0.0014158227316569535,0.00807146411910653,0.1847458653909323,0.16359308179058893,0.20769895419676893,0.12602751861865605,0.09606917951621394,0.1559960317736581,0.12,0.08,0.16,0.3178330765239321,0.2079322301264151,0.4513107559269089,0.3178330765239321,0.21823436523806367,0.4496379142128874,0.08065401730779559,0.05844029768913751,0.10452692628967342,0.064,0.0359,0.096,False
mediation_aware_recourse,False,0.0,8.34825211619237,1.0,250,0.18981248329347,0.1599377563135931,0.22235307586017297,0.525662510255114,0.4808214844810298,0.5704726240896574,0.02610850668807726,0.023335565220652835,0.029050839965481558,0.6025907352260749,0.5938740730599662,0.6107347360727688,0.004660799076780677,0.0014158227316569535,0.00807146411910653,0.1847458653909323,0.16359308179058893,0.20769895419676893,0.055876465469421106,0.020411217728546305,0.0926748753222677,0.2,0.152,0.252,0.6975495751897696,0.523796208521837,0.8901592842301355,0.6975495751897696,0.5373704168040687,0.8836855614059856,0.18981248329347,0.1599377563135931,0.22235307586017297,0.144,0.1,0.1880999999999999,True
transport_anchor_only,False,1.0,0.0,1.0,250,0.23040029155416414,0.19888165797749535,0.2603056841059588,0.2663918990278295,0.22605119448668687,0.30793129510111644,0.10223591741895086,0.09357148092304783,0.1116219955926842,0.5810971071525415,0.5735317669507265,0.5877205777596831,0.004660799076780677,0.0014158227316569535,0.00807146411910653,0.1847458653909323,0.16359308179058893,0.20769895419676893,-0.030725285669516215,-0.05451550175414516,-0.008202243602276789,0.176,0.132,0.228,0.833688913121277,0.6933194948027951,0.9512624847611143,0.20523381073557623,0.10594262865681918,0.3243788805522807,-0.051299440081696956,-0.07747121611739277,-0.02746241363767768,-0.016,-0.044,0.008,False
mediation_aware_recourse,False,1.0,0.5,1.0,250,0.2286854867762886,0.1966806891372311,0.2601891384497168,0.2708892972591855,0.22977108616732092,0.3128990162365846,0.08424855398514298,0.07634445517845075,0.0927121739513554,0.5830168388795853,0.5752987864703437,0.5900742972176074,0.004660799076780677,0.0014158227316569535,0.00807146411910653,0.1847458653909323,0.16359308179058893,0.20769895419676893,-0.04823622813758232,-0.07194516287600347,-0.02335452877149147,0.164,0.116,0.212,0.7389049652856272,0.5864012517960294,0.8746210399620072,0.11044986289992642,0.004529820735420999,0.23734852429254633,-0.0530142448595725,-0.08003443581743631,-0.03081285253086826,-0.028,-0.06,0.0,False
mediation_aware_recourse,False,1.0,1.0,1.0,250,0.23985969983553515,0.2079153270444018,0.27130120390985396,0.26509545833405423,0.2236867963979792,0.30792457826158454,0.07369487989558139,0.06646289121524679,0.08164030059091744,0.5854307857143879,0.5781973674824138,0.5918984908119638,0.004660799076780677,0.0014158227316569535,0.00807146411910653,0.1847458653909323,0.16359308179058893,0.20769895419676893,-0.07180128037309365,-0.09653819680954881,-0.0452864597878256,0.192,0.144,0.2440999999999999,0.6113510837108141,0.4491122412053009,0.7419192412663788,-0.017104018674886645,-0.14755021643157565,0.11335980988907021,-0.04184003180032596,-0.06895679157138802,-0.017141316314693542,0.0,-0.04,0.036,False
mediation_aware_recourse,False,1.0,2.0,1.0,250,0.2776665362152271,0.24409836204311577,0.3105279069467564,0.2409720793403849,0.20004616952077592,0.28543630499226214,0.05942627399635176,0.05273021563832664,0.06687855669325853,0.5931665767351786,0.5859701437521179,0.5997875957697829,0.004660799076780677,0.0014158227316569535,0.00807146411910653,0.1847458653909323,0.16359308179058893,0.20769895419676893,-0.1275873934172301,-0.15487184887621938,-0.10051879441366979,0.236,0.184,0.2920999999999999,0.30938972221517247,0.1517318213612362,0.4489396224740815,-0.3190653801705283,-0.46769466507147106,-0.1699358280208844,-0.004033195420634001,-0.032875698484294114,0.025529652975313365,0.044,-0.004,0.088,False
mediation_aware_recourse,False,1.0,5.0,1.0,250,0.3653466460504569,0.3301364055412705,0.39862247807355594,0.2392693966446001,0.1958783491905674,0.28384579981399577,0.02781145689583682,0.024782856727156743,0.030883725639977096,0.6040881837666034,0.5972412342449626,0.6107476704941093,0.004660799076780677,0.0014158227316569535,0.00807146411910653,0.1847458653909323,0.16359308179058893,0.20769895419676893,-0.20459898766875023,-0.23147996943733223,-0.17583897759923742,0.344,0.284,0.408,-0.10746179480557072,-0.3033503357045711,0.044239851019281067,-0.7359168971912715,-0.9377270917375605,-0.5405676277869234,0.08364691441459582,0.04516192029960221,0.12454693521044682,0.152,0.096,0.208,False
mediation_aware_recourse,False,1.0,8.34825211619237,1.0,250,0.3817246709777974,0.3467144537782995,0.41645368532505816,0.2639205404787848,0.21950390408081896,0.3105665159426771,0.02101408030228899,0.019030024676892122,0.02311068396701044,0.6073751359784603,0.5999782596408825,0.6144210319056312,0.004660799076780677,0.0014158227316569535,0.00807146411910653,0.1847458653909323,0.16359308179058893,0.20769895419676893,-0.2003292711955133,-0.22887768349741575,-0.1694545078072012,0.36,0.3,0.424,-0.08435049829995211,-0.30542031848009754,0.08019190488875995,-0.7128056006856529,-0.9500356564867785,-0.49098217188044124,0.10002493934193626,0.05763458205892239,0.1466997946562944,0.168,0.104,0.232,True
transport_anchor_only,False,3.0,0.0,1.0,250,0.5419647792982869,0.5013434553291183,0.5808311960914055,0.03179127906562113,0.023322749011447746,0.04224609507103732,0.10026201883254758,0.09333241074755493,0.10741275100120137,0.6269694892418385,0.6196183400819004,0.6343158172318141,0.004660799076780677,0.0014158227316569535,0.00807146411910653,0.1847458653909323,0.16359308179058893,0.20769895419676893,-0.21331981283142193,-0.23663902324876152,-0.19117693985028852,0.38,0.32,0.444,-0.15466623504686083,-0.4002104690717802,0.03530944794567054,0.07927712879320503,0.024177586047912158,0.13953021036396887,-0.0036259738863445817,-0.015834248721681068,0.006606079364567995,-0.036,-0.068,-0.004,False
mediation_aware_recourse,False,3.0,0.5,1.0,250,0.5428911134470255,0.5018990360104013,0.5837803219994879,0.03237799552517707,0.02261654772813794,0.04507727475831142,0.08544488955857099,0.07942462905708275,0.09154540893399468,0.6275031199614207,0.6198928258286516,0.6350754288787842,0.004660799076780677,0.0014158227316569535,0.00807146411910653,0.1847458653909323,0.16359308179058893,0.20769895419676893,-0.23149182667775262,-0.255011643345677,-0.20819478219353948,0.396,0.336,0.456,-0.2530284571614272,-0.5045573718668754,-0.05898695304300594,-0.019085093321361324,-0.07645250369728744,0.03602990247483489,-0.0026996397376060485,-0.01874665278303437,0.011273435479542236,-0.02,-0.052,0.012,False
mediation_aware_recourse,False,3.0,1.0,1.0,250,0.5510980169931426,0.5116555568886804,0.590407957724086,0.031239618650132448,0.021570288400112488,0.04351093954849386,0.07609801545798399,0.07026212649062076,0.08219050445776058,0.6296047561983268,0.6220119614965419,0.6368416622997323,0.004660799076780677,0.0014158227316569535,0.00807146411910653,0.1847458653909323,0.16359308179058893,0.20769895419676893,-0.24472068192064542,-0.2674196252066547,-0.22107704143062926,0.412,0.352,0.472,-0.32463414757782605,-0.5800497840403972,-0.12600379996024968,-0.09069078373776018,-0.15691601864073582,-0.027861953081063644,0.005507263808511197,-0.011984481943154242,0.01989647781397216,-0.004,-0.04,0.032,False
mediation_aware_recourse,False,3.0,2.0,1.0,250,0.5660801073960029,0.5271593667144654,0.6058984705330688,0.03136851562519018,0.021240928044539014,0.04410885948101682,0.062274439484057253,0.05689413208235496,0.06809874222146237,0.6344893545818329,0.6276134069835841,0.6416826034562191,0.004660799076780677,0.0014158227316569535,0.00807146411910653,0.1847458653909323,0.16359308179058893,0.20769895419676893,-0.2824304558469844,-0.3044304364565164,-0.25972171327093313,0.452,0.392,0.516,-0.528751159054879,-0.7984500923736054,-0.33145019224819755,-0.29480779521481315,-0.388656620454088,-0.20999408929291452,0.02048935421137139,0.002517816728248727,0.035256517111463465,0.036,-0.004,0.076,False
mediation_aware_recourse,False,3.0,5.0,1.0,250,0.6334216568144039,0.5999336831232417,0.6690512411319535,0.03266299120212787,0.022444830244851426,0.0450743859175058,0.03698579242788438,0.03409789141431881,0.04001137792171278,0.6419833311291536,0.6349170504391094,0.6486995572870473,0.004660799076780677,0.0014158227316569535,0.00807146411910653,0.1847458653909323,0.16359308179058893,0.20769895419676893,-0.3379973072444855,-0.35696707090336155,-0.31837625374805484,0.448,0.388,0.512,-0.8295256921136764,-1.1312532734905223,-0.6222177510541047,-0.5955823282736106,-0.7365137688043606,-0.47992114129678987,0.08783090362977236,0.06286709081237205,0.11358682550465454,0.032,-0.024,0.092,False
mediation_aware_recourse,False,3.0,8.34825211619237,1.0,250,0.675245409114752,0.6390333848347306,0.7094258646534057,0.033832083346537686,0.02354237773280228,0.04611707895653989,0.029420243983197543,0.02686074278739646,0.03191885390303878,0.6459809126977125,0.6389944527728558,0.6522538508300683,0.004660799076780677,0.0014158227316569535,0.00807146411910653,0.1847458653909323,0.16359308179058893,0.20769895419676893,-0.3548891616106482,-0.37338617687954095,-0.3362091493282025,0.472,0.412,0.532,-0.9209586144712005,-1.2298114498796537,-0.7001800350299918,-0.6870152506311347,-0.8362986458260863,-0.5630145200109261,0.1296546559301205,0.1006052448618575,0.1582996701825643,0.056,-0.004,0.12,True
transport_anchor_only,False,10.0,0.0,1.0,250,0.6020764771499671,0.5620346018062555,0.6413017004822265,0.01715361306618626,0.011307947751189778,0.024015259446006302,0.09323207611997887,0.08700948437718128,0.09967384585457274,0.6338764674667519,0.6267076578069528,0.6407518638363877,0.004660799076780677,0.0014158227316569535,0.00807146411910653,0.1847458653909323,0.16359308179058893,0.20769895419676893,-0.24785897639639382,-0.2726969707839554,-0.22577253032388336,0.584,0.524,0.6440999999999999,-0.34162123667509814,-0.6125015351288327,-0.13617955890728195,0.046814270848141604,0.006699759884142394,0.09681658017294094,-0.00013394951820373536,-0.003967868947982788,0.004716391170024871,-0.036,-0.064,-0.011900000000000091,False
mediation_aware_recourse,False,10.0,0.5,1.0,250,0.6051504248473794,0.5653577431833604,0.6441135984019493,0.0169808915379058,0.011121338528938374,0.023844071637398465,0.08027718539910844,0.07463965528257048,0.08628270188667057,0.63509004013141,0.6275692701675792,0.6418255240326127,0.004660799076780677,0.0014158227316569535,0.00807146411910653,0.1847458653909323,0.16359308179058893,0.20769895419676893,-0.26199273094175235,-0.2860168243099102,-0.23902065341144554,0.592,0.532,0.6520999999999999,-0.4181250031623793,-0.6864267093863953,-0.20995002839408913,-0.029689495639139585,-0.06770228111315946,0.010962323741017199,0.002939998179208487,-0.0006373409688472748,0.008062704383127856,-0.028,-0.056,-0.004,False
mediation_aware_recourse,False,10.0,1.0,1.0,250,0.607093821501825,0.5672534575880971,0.6460138502794667,0.016979056634582258,0.01107548170704771,0.02383290680820716,0.07404769258844277,0.06850869688770451,0.0796192266562938,0.6378834693789481,0.6308424898355106,0.6444673277151287,0.004660799076780677,0.0014158227316569535,0.00807146411910653,0.1847458653909323,0.16359308179058893,0.20769895419676893,-0.2715398723597199,-0.29569772052511956,-0.24821861584019006,0.596,0.5399,0.66,-0.46980216193269997,-0.7314652845512173,-0.26653495369505914,-0.08136665440946023,-0.12864797194080113,-0.03511041340464987,0.004883394833654165,0.0010735548287862911,0.010261887352529447,-0.024,-0.048,0.0,False
mediation_aware_recourse,False,10.0,2.0,1.0,250,0.6193805558085441,0.5779712026967434,0.6581493695796468,0.017017673341254973,0.011092183114891666,0.023808027426206742,0.06244723773976676,0.05723515092015125,0.06789726336058816,0.6425087697549661,0.6360181414529085,0.6487457698427042,0.004660799076780677,0.0014158227316569535,0.00807146411910653,0.1847458653909323,0.16359308179058893,0.20769895419676893,-0.3023751175806451,-0.32433548038681703,-0.2799462565467241,0.604,0.544,0.664,-0.6367084423827452,-0.9177866721369701,-0.4218377646090815,-0.2482729348595054,-0.3319800906631962,-0.1706256376476419,0.01717012914037332,0.011437232786417008,0.024023749531607606,-0.016,-0.052,0.016,False
mediation_aware_recourse,False,10.0,5.0,1.0,250,0.6832277848483064,0.6462448897027759,0.7197202007639455,0.017388751118773867,0.01166930908489428,0.02426631433877234,0.040183578789815676,0.03660178298398453,0.0435848027336705,0.64669726699392,0.6410139357873897,0.6526250632084707,0.004660799076780677,0.0014158227316569535,0.00807146411910653,0.1847458653909323,0.16359308179058893,0.20769895419676893,-0.3487545506608299,-0.3699823528909755,-0.32792556245456334,0.6,0.5439,0.664,-0.8877529406292601,-1.1931586424665288,-0.6577291847013427,-0.4993174331060204,-0.6359321718831124,-0.3809676514345985,0.08101735818013549,0.0621310895065777,0.10205309720933438,-0.02,-0.068,0.024,False
mediation_aware_recourse,False,10.0,8.34825211619237,1.0,250,0.7649674177910202,0.7271602018879145,0.8000149147197487,0.016153725066259655,0.010398980355634435,0.02305921372042794,0.028717822039867197,0.02595611063031677,0.031388599295470256,0.6503763991463184,0.6447402766072254,0.6562747596738238,0.004660799076780677,0.0014158227316569535,0.00807146411910653,0.1847458653909323,0.16359308179058893,0.20769895419676893,-0.3746632798313613,-0.3931438273347818,-0.35588131777285653,0.676,0.62,0.732,-1.0279927728750704,-1.3622129122370987,-0.7814253414560594,-0.6395572653518307,-0.7994050305371452,-0.5054119320698732,0.16275699112284928,0.13612312797943596,0.19161723629717015,0.056,-0.004,0.112,True
transport_anchor_only,False,30.0,0.0,1.0,250,0.8093206722536125,0.6792253106209682,0.9568082884401315,0.006797586170900425,0.003465890616201746,0.01049358225394864,0.09087657487966853,0.08497003878633985,0.09761688835526434,0.6357415323559444,0.6282520450659096,0.6427671909998556,0.004660799076780677,0.0014158227316569535,0.00807146411910653,0.1847458653909323,0.16359308179058893,0.20769895419676893,-0.26009856803030373,-0.285116598812018,-0.23558263593455173,0.764,0.708,0.8160999999999998,-0.4078722004409734,-0.6841332704713984,-0.196740529809583,0.0520933350264674,0.01297872689944985,0.09694445746869862,0.0044061939716339114,0.0005598187267780305,0.009585275352001188,-0.004,-0.024,0.016,False
mediation_aware_recourse,False,30.0,0.5,1.0,250,0.8103747807834297,0.6796720244583324,0.9571403167849523,0.00680942402813076,0.0035153641506411957,0.01049717933208087,0.07735990249693703,0.07192427472940145,0.08295467446709678,0.6366929149007796,0.629221208574613,0.6432836361124515,0.004660799076780677,0.0014158227316569535,0.00807146411910653,0.1847458653909323,0.16359308179058893,0.20769895419676893,-0.27520377340379654,-0.2999935561914786,-0.25117138581659226,0.772,0.72,0.824,-0.4896342758277723,-0.7512557882389032,-0.2796984126401998,-0.029668740360331514,-0.06704278674191945,0.006525313323037328,0.0054603025014512245,0.000701717076287605,0.01107314055635361,0.004,-0.02,0.024,False
mediation_aware_recourse,False,30.0,1.0,1.0,250,0.8112913346053101,0.6799020849028486,0.958322966679826,0.00684486688210671,0.003525187735049294,0.010524863089770062,0.0728350057914292,0.067229100926901,0.07820627419645018,0.6381903563884893,0.6310280562967856,0.6446685305847426,0.004660799076780677,0.0014158227316569535,0.00807146411910653,0.1847458653909323,0.16359308179058893,0.20769895419676893,-0.2793174645309034,-0.303104915345385,-0.2549894652169897,0.768,0.712,0.824,-0.5119010319384005,-0.7783368587992519,-0.30764811445169743,-0.05193549647095974,-0.1005582780733209,-0.008400468476540825,0.006376856323331594,0.0014603000139934014,0.012234446559019852,0.0,-0.028,0.024,False
mediation_aware_recourse,False,30.0,2.0,1.0,250,0.8296276218295098,0.698739058209362,0.9770818920284043,0.006715762521722008,0.003370642916610065,0.010388967745273866,0.06014572495130277,0.055013167549613926,0.06583186554924358,0.6426363144604366,0.6358140122937858,0.6489194810689887,0.004660799076780677,0.0014158227316569535,0.00807146411910653,0.1847458653909323,0.16359308179058893,0.20769895419676893,-0.30764286850635053,-0.3305537317779202,-0.28468820682560264,0.784,0.728,0.836,-0.6652219407203592,-0.9593576914858984,-0.4455824179511728,-0.20525640525291844,-0.28536919323269644,-0.12828848693099248,0.024713143547531218,0.01545350583369145,0.03463553080974379,0.016,-0.016,0.044,False
mediation_aware_recourse,False,30.0,5.0,1.0,250,0.9004024662734009,0.7753391132348683,1.0362934352168347,0.0066538095380476135,0.003295239458955417,0.010300339615900595,0.03798827328247323,0.034440512992204485,0.041615238101007514,0.648554570243756,0.6423998210556805,0.654142354804645,0.004660799076780677,0.0014158227316569535,0.00807146411910653,0.1847458653909323,0.16359308179058893,0.20769895419676893,-0.3602791149255535,-0.3799148349752225,-0.3402803097464311,0.796,0.74,0.844,-0.9501335749148339,-1.2756925504843628,-0.7198757087600247,-0.49016803944739307,-0.6282970807234883,-0.38020294620645706,0.09548798799142241,0.07544830343091162,0.11791970463475446,0.028,-0.008,0.064,False
mediation_aware_recourse,False,30.0,8.34825211619237,1.0,250,0.9556020502145403,0.8317427568162675,1.0996529972284799,0.006689129154860767,0.0032593907262393144,0.010368841747024547,0.028967524436237884,0.026161889950026232,0.03214710364292023,0.6515345674498876,0.6454746976994077,0.6571300834735732,0.004660799076780677,0.0014158227316569535,0.00807146411910653,0.1847458653909323,0.16359308179058893,0.20769895419676893,-0.38065735406323264,-0.3990278969647072,-0.36117248260936735,0.828,0.78,0.872,-1.0604377438041226,-1.3900099941940616,-0.812615901151938,-0.6004722083366818,-0.7604002833201855,-0.469696365517511,0.1506875719325617,0.12548614950235934,0.17825372493604663,0.06,0.012,0.112,True
transport_anchor_only,False,0.0,0.0,2.0,250,0.0018894519126042724,0.0015927596916561015,0.0021928675482049582,0.5857452019021209,0.5505661945674529,0.6219697464152341,0.06823404458234744,0.06082053093448544,0.07620183423125804,0.5932382309440771,0.5832249925245842,0.6023494966209829,0.004660799076780677,0.0014158227316569535,0.00807146411910653,0.1847458653909323,0.16359308179058893,0.20769895419676893,0.18242348506782646,0.16080736880151264,0.20506880549680936,0.056,0.028,0.084,0.012570675496263783,0.009314650371708134,0.016675457581163303,0.012570675496263783,0.009109575494764946,0.016450965825933115,0.0018894519126042724,0.0015927596916561015,0.0021928675482049582,0.0,0.0,0.0,False
mediation_aware_recourse,False,0.0,0.5,2.0,250,0.0016343069463036954,0.0013583021550555713,0.0019101393423043192,0.5863595657304251,0.5512313571521332,0.622789184569676,0.06791452354430134,0.06053922956873309,0.07595204577989487,0.593402025252978,0.5833202188576261,0.6025354124921162,0.004660799076780677,0.0014158227316569535,0.00807146411910653,0.1847458653909323,0.16359308179058893,0.20769895419676893,0.1825579601829749,0.161080151296377,0.20519954800674933,0.064,0.032,0.096,0.011842783075700636,0.008572814982520823,0.015714245825176103,0.011842783075700636,0.008719722894982468,0.01579394309947686,0.0016343069463036954,0.0013583021550555713,0.0019101393423043192,0.008,0.0,0.02,False
mediation_aware_recourse,False,0.0,1.0,2.0,250,0.001606723703444004,0.0013102038809214719,0.0019032435258850456,0.5871547667684139,0.5520834135144478,0.6230905324539199,0.06749602217532859,0.06015401204587034,0.0753824335270471,0.5935638748709362,0.5834684138531685,0.6026323870915571,0.004660799076780677,0.0014158227316569535,0.00807146411910653,0.1847458653909323,0.16359308179058893,0.20769895419676893,0.18265925601866997,0.16084417969993653,0.20525179406420618,0.064,0.032,0.096,0.011294484820252637,0.007516334739404071,0.015930829917381307,0.011294484820252637,0.007548136566003777,0.015807267664524397,0.001606723703444004,0.0013102038809214719,0.0019032435258850456,0.008,0.0,0.02,False
mediation_aware_recourse,False,0.0,2.0,2.0,250,0.004388752248138189,0.0017789465422043576,0.008960329927096609,0.5881724945450105,0.5530833690053409,0.6237692621554191,0.06579219891513086,0.05890793149775302,0.07370798558647247,0.5935642004291217,0.5836290720863044,0.6028017085728448,0.004660799076780677,0.0014158227316569535,0.00807146411910653,0.1847458653909323,0.16359308179058893,0.20769895419676893,0.1810368670977715,0.15892567805697708,0.20406881476445565,0.068,0.036,0.1,0.020076218135179125,0.01093190170828888,0.03146271959771297,0.020076218135179125,0.010279610365180488,0.03226920671634746,0.004388752248138189,0.0017789465422043576,0.008960329927096609,0.012,0.0,0.028,False
mediation_aware_recourse,False,0.0,5.0,2.0,250,0.07590398247726261,0.05496539366201032,0.0978793540231185,0.5717145762586722,0.5336162818160071,0.6084186281513183,0.04603854426298651,0.040821955788470074,0.051797471625627825,0.5909857304664454,0.5818200443637769,0.5993084300226271,0.004660799076780677,0.0014158227316569535,0.00807146411910653,0.1847458653909323,0.16359308179058893,0.20769895419676893,0.1308803770267621,0.10122290880713394,0.16007958374968662,0.104,0.064,0.144,0.2915653254279217,0.18700846817677277,0.42089094349850703,0.2915653254279217,0.18850249907850725,0.4088963224817577,0.07590398247726261,0.05496539366201032,0.0978793540231185,0.048,0.024,0.076,False
mediation_aware_recourse,False,0.0,8.34825211619237,2.0,250,0.1801951848040335,0.1487956900223391,0.21241470299348003,0.5323384943626602,0.48763133177659784,0.5770366536668681,0.028265221685508712,0.025109904091439005,0.03140240067652965,0.5971642651160558,0.5885919645327926,0.6051927336901426,0.004660799076780677,0.0014158227316569535,0.00807146411910653,0.1847458653909323,0.16359308179058893,0.20769895419676893,0.0591034967590207,0.02384261154633076,0.09549047538666859,0.188,0.14,0.24,0.6800821678257617,0.5227324660171551,0.8789522045425578,0.6800821678257617,0.5316240837914175,0.8510496262560039,0.1801951848040335,0.1487956900223391,0.21241470299348003,0.132,0.092,0.176,True
transport_anchor_only,False,1.0,0.0,2.0,250,0.22723538727592676,0.19490388366099215,0.25638101456152507,0.28188731596786576,0.241383544659913,0.3223973563168793,0.10345458918178894,0.09477709935976027,0.1131414172574544,0.5721918349774678,0.5649965761248668,0.5793360647567114,0.004660799076780677,0.0014158227316569535,0.00807146411910653,0.1847458653909323,0.16359308179058893,0.20769895419676893,-0.012571424046994911,-0.03362267032442243,0.007523410586588441,0.148,0.104,0.196,0.9319528801340529,0.8033891172836845,0.9952020661218028,0.30349777774835207,0.17125926177092027,0.4349796083713483,-0.05446434435993433,-0.08353416325639701,-0.027857169730751776,-0.044,-0.08,-0.012,False
mediation_aware_recourse,False,1.0,0.5,2.0,250,0.23381483540683984,0.20010891226464883,0.26395907154304443,0.27484513142430117,0.2319924491230436,0.3161946678837607,0.0903047174041802,0.08228086347657104,0.09902788199964976,0.5740363050528368,0.5669368637910982,0.5805308109850884,0.004660799076780677,0.0014158227316569535,0.00807146411910653,0.1847458653909323,0.16359308179058893,0.20769895419676893,-0.03933752866256336,-0.06197713398191043,-0.01769270876115712,0.168,0.12,0.216,0.7870722109026742,0.6489713725218865,0.9093407603623357,0.15861710851697342,0.03231657762506978,0.30273679235118345,-0.04788489622902125,-0.07721930445075269,-0.02139016618703027,-0.024,-0.06,0.008,False
mediation_aware_recourse,False,1.0,1.0,2.0,250,0.2281364786028862,0.19521231563506883,0.25899574442461604,0.2850154478422468,0.24267628516144027,0.3272918427405856,0.07835852246841352,0.07090337137296199,0.08611366208319211,0.5761467293175062,0.568616774434189,0.5831235055161019,0.004660799076780677,0.0014158227316569535,0.00807146411910653,0.1847458653909323,0.16359308179058893,0.20769895419676893,-0.04935720983809624,-0.07293834529407212,-0.02579133971773923,0.168,0.12,0.216,0.7328372695450927,0.5797561333927365,0.8567992707729086,0.10438216715939186,-0.03376483669647104,0.2552842387138399,-0.0535632530329749,-0.08185889292985667,-0.025662715905846574,-0.024,-0.06,0.008,False
mediation_aware_recourse,False,1.0,2.0,2.0,250,0.23899371313955634,0.20432202033323701,0.27043019191718193,0.29017817291105535,0.24669655601763277,0.3354856042279748,0.06563620567262861,0.05917376859723873,0.07291396433582234,0.5778879080708822,0.5703756541833878,0.5847822393794754,0.004660799076780677,0.0014158227316569535,0.00807146411910653,0.1847458653909323,0.16359308179058893,0.20769895419676893,-0.07920537803940553,-0.10650565029437269,-0.05249474995327331,0.2,0.152,0.252,0.5712738800849337,0.41228378796066567,0.7035815261023802,-0.057181222300767054,-0.21151722861014316,0.10197551813968667,-0.04270601849630475,-0.07399094275529496,-0.011187334886589101,0.008,-0.04,0.048,False
mediation_aware_recourse,False,1.0,5.0,2.0,250,0.33766644886694847,0.3023766301977099,0.37291405195182886,0.27464076210201516,0.23005349294639701,0.32409683230979835,0.028660219652216334,0.02563439718494806,0.03194123245517586,0.5961452650849026,0.5890544010277887,0.6027617014552553,0.004660799076780677,0.0014158227316569535,0.00807146411910653,0.1847458653909323,0.16359308179058893,0.20769895419676893,-0.1745652628944858,-0.20187340291517947,-0.1471327848907699,0.308,0.252,0.3680999999999999,0.05510598288575386,-0.1292412826340436,0.2108878556569153,-0.5733491194999469,-0.7683477274999041,-0.3737245176220843,0.055966717231087384,0.013569674640672748,0.09866390540682478,0.116,0.06,0.168,False
mediation_aware_recourse,False,1.0,8.34825211619237,2.0,250,0.37192479211417956,0.33756247764592995,0.40873490006576757,0.2790425995418502,0.23780280238036328,0.32914975426415577,0.021442801607438392,0.01938383463551362,0.023574371231770367,0.6009069932277998,0.59395211929364,0.6080096099298398,0.004660799076780677,0.0014158227316569535,0.00807146411910653,0.1847458653909323,0.16359308179058893,0.20769895419676893,-0.1910919301845645,-0.22027548940469077,-0.1577551972733448,0.352,0.292,0.416,-0.034350239883331524,-0.24395056755154498,0.14043835139171684,-0.6628053422690323,-0.8971754683387849,-0.44533821027579773,0.09022506047831848,0.04590614560904214,0.13657712105714018,0.16,0.096,0.22,True
transport_anchor_only,False,3.0,0.0,2.0,250,0.5385864215269685,0.4975633498519892,0.579091435662401,0.03688947149047235,0.026844152478835325,0.049756340743427455,0.10219926632591389,0.09496555173786016,0.10935789453081865,0.6186923523497582,0.6112338962075511,0.6258883237547774,0.004660799076780677,0.0014158227316569535,0.00807146411910653,0.1847458653909323,0.16359308179058893,0.20769895419676893,-0.20084419410830837,-0.22498940068418058,-0.17898026373243897,0.364,0.3039,0.424,-0.08713769416874984,-0.3299138051819117,0.09643437647428083,0.14680566967131603,0.07110791213441407,0.2265028366544599,-0.007004331657662987,-0.025102285664202646,0.007649656180152663,-0.052,-0.092,-0.012,False
mediation_aware_recourse,False,3.0,0.5,2.0,250,0.5467896302784793,0.5058488609052263,0.5871208001047024,0.034112051993150226,0.024214538439569985,0.046714173851878524,0.08654890409854671,0.0807624353342973,0.09246201340351004,0.6205193498357137,0.6131807329486807,0.6281163271548152,0.004660799076780677,0.0014158227316569535,0.00807146411910653,0.1847458653909323,0.16359308179058893,0.20769895419676893,-0.2251716543203226,-0.24833255075728056,-0.2036538252977811,0.372,0.312,0.432,-0.21881836891909412,-0.4655406263833671,-0.024768455621834586,0.015124994920971746,-0.044219640477346896,0.079505932437336,0.001198877093847841,-0.014956816485570745,0.015511487551359457,-0.044,-0.084,-0.008,False
mediation_aware_recourse,False,3.0,1.0,2.0,250,0.5498468141341581,0.5087987225447782,0.5913432131339563,0.03410155670483023,0.024180424126951237,0.04671570305116532,0.07952479068548307,0.07379212550069619,0.08548781860812946,0.6217971742717425,0.6143190783496401,0.6291933014701109,0.004660799076780677,0.0014158227316569535,0.00807146411910653,0.1847458653909323,0.16359308179058893,0.20769895419676893,-0.23556964130565944,-0.2581399611133934,-0.21234855670992886,0.368,0.308,0.428,-0.27510101948523324,-0.5303183521429788,-0.07647606217851152,-0.04115765564516738,-0.10640293091139255,0.02305727372364812,0.004256060949526727,-0.011863836426695343,0.019168274596962145,-0.048,-0.088,-0.008,False
mediation_aware_recourse,False,3.0,2.0,2.0,250,0.5662123499033042,0.526024212875159,0.6066194069497869,0.03214581280305648,0.0222741699195017,0.044678507394382165,0.0686320658324143,0.06363946776420776,0.07435569002669433,0.6243531147114436,0.6170258882832627,0.6316268673354188,0.004660799076780677,0.0014158227316569535,0.00807146411910653,0.1847458653909323,0.16359308179058893,0.20769895419676893,-0.2611760480950568,-0.2841147324002324,-0.2385026917511263,0.42,0.356,0.48,-0.41370442874266256,-0.6751816629891408,-0.2204362702731483,-0.1797610649025967,-0.2593950527586518,-0.09591972062947743,0.020621596718672662,0.0027596068047569134,0.03707441541663138,0.004,-0.04,0.048,False
mediation_aware_recourse,False,3.0,5.0,2.0,250,0.6266724259201437,0.5913187982994714,0.6627269329702365,0.03567168243496322,0.024199438794715797,0.04929629682119552,0.03808497053400699,0.034959304204904056,0.041171411042359586,0.6367627068229517,0.629475890261203,0.6435579277048309,0.004660799076780677,0.0014158227316569535,0.00807146411910653,0.1847458653909323,0.16359308179058893,0.20769895419676893,-0.33388611048470496,-0.35315196889582273,-0.3141060066507951,0.432,0.368,0.496,-0.8072724376168516,-1.1056921920879392,-0.6036781424562154,-0.5733290737767858,-0.7104965446503204,-0.4629883660045581,0.08108167273551226,0.05487475664488738,0.10801803571205819,0.016,-0.0401,0.072,False
mediation_aware_recourse,False,3.0,8.34825211619237,2.0,250,0.6704066349668428,0.6326963464126341,0.7058939524508314,0.0405182193515054,0.026170864528870262,0.05608000360383019,0.02911342473996497,0.026804368459837205,0.03167876154943836,0.6371201830232144,0.6302306143431365,0.643279976606975,0.004660799076780677,0.0014158227316569535,0.00807146411910653,0.1847458653909323,0.16359308179058893,0.20769895419676893,-0.34845541022684706,-0.3666904530734692,-0.32982327978956394,0.472,0.408,0.5320999999999999,-0.8861337410149692,-1.187698753972989,-0.6685458602743126,-0.6521903771749034,-0.8052283275891695,-0.5242588901762782,0.12481588178221137,0.09087043564240448,0.1590078676711535,0.056,-0.004,0.116,True
transport_anchor_only,False,10.0,0.0,2.0,250,0.605915992716793,0.5646458520608721,0.645489374044945,0.017487621937593702,0.011707766958721569,0.024264449522093924,0.09405103634782305,0.08816519005659285,0.10031341864682315,0.6290003885392348,0.621720902794689,0.6358901108926037,0.004660799076780677,0.0014158227316569535,0.00807146411910653,0.1847458653909323,0.16359308179058893,0.20769895419676893,-0.24660965203086724,-0.27080018202416783,-0.22389819380083423,0.568,0.508,0.628,-0.3348588424916996,-0.6005778607653818,-0.12227042532544648,0.05357666503154013,-0.003854437668830511,0.11192591025175025,0.0037055660486221315,-0.001852939760684967,0.010602817130088807,-0.052,-0.088,-0.016,False
mediation_aware_recourse,False,10.0,0.5,2.0,250,0.6070081867971457,0.5658573198314174,0.6474229325505672,0.017371876118037855,0.011618200790739918,0.024220370206469458,0.0837921090469388,0.07803857923839062,0.08956812070573271,0.6301742395766575,0.622961543436259,0.6371675606661141,0.004660799076780677,0.0014158227316569535,0.00807146411910653,0.1847458653909323,0.16359308179058893,0.20769895419676893,-0.2569717005409401,-0.2813274228705195,-0.23476436531558098,0.576,0.512,0.64,-0.39094696380443494,-0.6575151155868649,-0.1709047899191178,-0.0025114562811952013,-0.05521510196342286,0.047028452799666914,0.004797760128974915,-0.000828271847963333,0.011741770976781843,-0.044,-0.08,-0.012,False
mediation_aware_recourse,False,10.0,1.0,2.0,250,0.6099825770584867,0.5696199621973675,0.6494985077400924,0.017244436471807723,0.011439250404608938,0.02412869471120866,0.07727751508990588,0.07159724221361603,0.08319278580183072,0.6316035937396686,0.6243233873055378,0.6386993507516185,0.004660799076780677,0.0014158227316569535,0.00807146411910653,0.1847458653909323,0.16359308179058893,0.20769895419676893,-0.26693560823354573,-0.2902702445532486,-0.24324710249065828,0.584,0.524,0.644,-0.4448800121653358,-0.7241555207007503,-0.23820780221326268,-0.05644450464209605,-0.1139012057999375,-0.005561270793043129,0.007772150390315801,0.0023419282286195084,0.014579098121821881,-0.036,-0.068,-0.007900000000000091,False
mediation_aware_recourse,False,10.0,2.0,2.0,250,0.6226192025337368,0.5811838346727541,0.6622383695126046,0.017283421987437094,0.01152866237258954,0.024225436836511988,0.06663528031583243,0.06156576642174141,0.07189946736337882,0.6332831040994327,0.6261289099321167,0.6401912032781542,0.004660799076780677,0.0014158227316569535,0.00807146411910653,0.1847458653909323,0.16359308179058893,0.20769895419676893,-0.2861290785651363,-0.310236303133006,-0.26272039687518123,0.596,0.536,0.656,-0.5487712158519575,-0.8287427019532012,-0.3353508478469536,-0.1603357083287178,-0.23520020728010926,-0.09447263929037157,0.020408775865565984,0.013077924373501446,0.02870563636221923,-0.024,-0.056,0.008,False
mediation_aware_recourse,False,10.0,5.0,2.0,250,0.6966309713791125,0.6563238530031522,0.7345995161565835,0.016822562676672256,0.011085461319996309,0.02370889402466812,0.04023927108049412,0.036734190690029804,0.04367101771666179,0.6411695522642135,0.6353474658815165,0.647318911805898,0.004660799076780677,0.0014158227316569535,0.00807146411910653,0.1847458653909323,0.16359308179058893,0.20769895419676893,-0.34897321781117285,-0.3701830796444441,-0.32868553515232524,0.62,0.564,0.684,-0.8889365511521816,-1.1879322936565493,-0.6700384294973568,-0.5005010436289419,-0.6380545386496205,-0.38097987089101015,0.0944205447109416,0.0744341067211004,0.11697075287793994,0.0,-0.052,0.048,False
mediation_aware_recourse,False,10.0,8.34825211619237,2.0,250,0.7622033771718852,0.7239980716171791,0.7983652162976562,0.01630436569233408,0.010590935574320825,0.023210955105922085,0.029835633870140675,0.02709751467908665,0.03245206665053689,0.6447408264442285,0.639360683446139,0.6506349027597903,0.004660799076780677,0.0014158227316569535,0.00807146411910653,0.1847458653909323,0.16359308179058893,0.20769895419676893,-0.3724259494136362,-0.38950518779992443,-0.3550155376638005,0.648,0.592,0.708,-1.015882458996106,-1.3448407424091726,-0.7765236116866361,-0.6274469514728662,-0.7801712299345982,-0.4913105608949441,0.15999295050371437,0.1342015210706042,0.189021864645998,0.028,-0.036,0.084,True
transport_anchor_only,False,30.0,0.0,2.0,250,0.8136042203702963,0.6805798112469958,0.9587729345149941,0.00690542654401894,0.0035439210914883857,0.010540546791646432,0.08992208579231166,0.08419834537006476,0.09612263533213095,0.6309245488798619,0.6235780541504224,0.6378420713780324,0.004660799076780677,0.0014158227316569535,0.00807146411910653,0.1847458653909323,0.16359308179058893,0.20769895419676893,-0.2630327584711523,-0.2872818373868536,-0.23887279709159268,0.76,0.704,0.816,-0.42375450684409466,-0.6968253421267495,-0.2132113085408196,0.03621102862334613,-0.014882837902947308,0.08786776563389884,0.00868974208831787,0.00029630776345729846,0.017487977552413936,-0.008,-0.03609999999999999,0.02,False
mediation_aware_recourse,False,30.0,0.5,2.0,250,0.8144308118619956,0.681744030077057,0.959358773712709,0.006878861783531892,0.0034928058975252137,0.010521148110167538,0.07952632587367874,0.07404494188648832,0.0853080367504862,0.6318108157014847,0.6244358209295171,0.6386913892514706,0.004660799076780677,0.0014158227316569535,0.00807146411910653,0.1847458653909323,0.16359308179058893,0.20769895419676893,-0.27614382493298995,-0.3009399584355458,-0.25194787152176623,0.764,0.708,0.8160999999999998,-0.4947226253137227,-0.7686636036753773,-0.27939716896925365,-0.0347570898462819,-0.0947277238270991,0.0232167244810849,0.00951633358001709,0.0012381564408540727,0.01824080595076084,-0.004,-0.032,0.024,False
mediation_aware_recourse,False,30.0,1.0,2.0,250,0.81852236721199,0.6864887694328791,0.9635128422386129,0.006807930257750292,0.003428137524282918,0.010473840409513619,0.0743421591407821,0.06895451120224312,0.07978151366000472,0.6326602063687642,0.6251767398268581,0.6396641767456135,0.004660799076780677,0.0014158227316569535,0.00807146411910653,0.1847458653909323,0.16359308179058893,0.20769895419676893,-0.2837559438723276,-0.30822174796900365,-0.2591683669784848,0.764,0.708,0.816,-0.5359258150209998,-0.7975651222971262,-0.3254428492591612,-0.075960279553559,-0.1336054843113708,-0.02476545913977775,0.01360788893001154,0.005785546548047569,0.02205249381822067,-0.004,-0.032,0.024,False
mediation_aware_recourse,False,30.0,2.0,2.0,250,0.8308205961380154,0.6994035294855013,0.9772906151522649,0.006792550976251716,0.0034136174645992244,0.010445824513698564,0.06499067800718966,0.059937638139004414,0.07042981114186864,0.6338554861827691,0.6267610280761025,0.6403270852078101,0.004660799076780677,0.0014158227316569535,0.00807146411910653,0.1847458653909323,0.16359308179058893,0.20769895419676893,-0.2985525089069953,-0.32248700723681195,-0.2752914290717057,0.768,0.712,0.82,-0.6160172693188124,-0.9039477753817755,-0.40213425734126573,-0.1560517338513716,-0.2285539877355216,-0.08630422718097452,0.025906117856036873,0.017065059848339295,0.03610016783239553,0.0,-0.032,0.032,False
mediation_aware_recourse,False,30.0,5.0,2.0,250,0.9001449362109415,0.7755977651043097,1.0403509284837171,0.006639132091397462,0.0032994263506650194,0.010311248577697468,0.039548337259105275,0.0358410083885955,0.04346642744623458,0.6438371525263786,0.6378301456818581,0.6498324690527421,0.004660799076780677,0.0014158227316569535,0.00807146411910653,0.1847458653909323,0.16359308179058893,0.20769895419676893,-0.35660428505189073,-0.3775254457816595,-0.33660829905287754,0.784,0.728,0.836,-0.9302423050025865,-1.2485169450468792,-0.7054530009595255,-0.47027676953514574,-0.6041851651637735,-0.36251050220928965,0.09523045792896301,0.075015752554324,0.11763694336276967,0.016,-0.024,0.056,False
mediation_aware_recourse,False,30.0,8.34825211619237,2.0,250,0.9536274648900144,0.8306015120196156,1.0976178153730696,0.0066952292443391345,0.0032826774319831874,0.010383259059497031,0.03001608931763919,0.02701743210028622,0.03320845115523959,0.6467355193742116,0.6412519251688422,0.6527179357095162,0.004660799076780677,0.0014158227316569535,0.00807146411910653,0.1847458653909323,0.16359308179058893,0.20769895419676893,-0.37941159746685427,-0.3975842527595246,-0.36139571618894045,0.82,0.768,0.864,-1.053694661387949,-1.3811136652806482,-0.8157705575140369,-0.5937291259205082,-0.7450435535700498,-0.4589167397048012,0.14871298660803586,0.12427056830808288,0.17569233484007418,0.052,0.004,0.104,True
transport_anchor_only,False,0.0,0.0,5.0,250,0.1518218014864251,0.12282397981324467,0.17847631524397292,0.5198563400497769,0.48271599856414543,0.5579091425211108,0.0870351347440691,0.07862579535257695,0.09571371637842156,0.5495486731747786,0.5430442535011868,0.555870928518931,0.004660799076780677,0.0014158227316569535,0.00807146411910653,0.1847458653909323,0.16359308179058893,0.20769895419676893,0.1519377913760883,0.13115291941285792,0.1722022431560608,0.064,0.032,0.096,0.17758488908761416,0.11966530037835281,0.24396709336641992,0.17758488908761416,0.11806322362591813,0.24022860389171152,0.1518218014864251,0.12282397981324467,0.17847631524397292,0.008,-0.008,0.024,False
mediation_aware_recourse,False,0.0,0.5,5.0,250,0.13759531284775586,0.10907941938646835,0.16412589849020587,0.5263021339365179,0.48978116419678785,0.5653250065905917,0.08359719916909991,0.07563605827053364,0.09209375663629499,0.5525864871156216,0.5460468685326975,0.559002267480125,0.004660799076780677,0.0014158227316569535,0.00807146411910653,0.1847458653909323,0.16359308179058893,0.20769895419676893,0.1544158619434442,0.13394325256164752,0.17506530463520364,0.064,0.032,0.096,0.16417148704956486,0.10864267990922173,0.2303093676932268,0.16417148704956486,0.10419114925599142,0.22329796427151868,0.13759531284775586,0.10907941938646835,0.16412589849020587,0.008,-0.008,0.024,False
mediation_aware_recourse,False,0.0,1.0,5.0,250,0.1254267926234752,0.09855318651545095,0.15084184965227032,0.5387938531096695,0.5031357090343025,0.5770455822647816,0.07710512061445828,0.07004653705505907,0.085082744095518,0.5559391690591972,0.5489473709840079,0.562998746515423,0.004660799076780677,0.0014158227316569535,0.00807146411910653,0.1847458653909323,0.16359308179058893,0.20769895419676893,0.15823689445755787,0.137323030597867,0.17860745224218166,0.064,0.032,0.096,0.14348884548663643,0.09295677044211423,0.2070439164688314,0.14348884548663643,0.08533972554959773,0.20275541292761032,0.1254267926234752,0.09855318651545095,0.15084184965227032,0.008,-0.008,0.024,False
mediation_aware_recourse,False,0.0,2.0,5.0,250,0.12061465093214065,0.094184226602735,0.1457681834691204,0.5500673083746437,0.5148356709659522,0.5876746895380858,0.07092398611437097,0.0640063447107769,0.07820275705893354,0.5585904119916756,0.5515233894432584,0.565442694492062,0.004660799076780677,0.0014158227316569535,0.00807146411910653,0.1847458653909323,0.16359308179058893,0.20769895419676893,0.1599579820304284,0.13910753131050332,0.18147218595541104,0.064,0.036,0.096,0.13417287205887596,0.08087592386807498,0.20188789465121998,0.13417287205887596,0.07656064851089615,0.19651836874975023,0.12061465093214065,0.094184226602735,0.1457681834691204,0.008,-0.012,0.028,False
mediation_aware_recourse,False,0.0,5.0,5.0,250,0.1474200742067769,0.11966494012060576,0.17598686700487742,0.5621056924559673,0.5230589539661357,0.6006072833620105,0.04755186032752372,0.04230949762834144,0.05343132976510339,0.5693495993932088,0.561062426877141,0.5768591204354566,0.004660799076780677,0.0014158227316569535,0.00807146411910653,0.1847458653909323,0.16359308179058893,0.20769895419676893,0.12624137339958863,0.0984281544663724,0.15439193755033,0.096,0.06,0.136,0.3166755145915985,0.20933246491639246,0.4407560086206163,0.3166755145915985,0.2078074634140404,0.4371680367260965,0.1474200742067769,0.11966494012060576,0.17598686700487742,0.04,0.016,0.068,False
mediation_aware_recourse,False,0.0,8.34825211619237,5.0,250,0.20878694038745016,0.1767423203262966,0.24366818817914462,0.5370720350194668,0.4945822745145745,0.580811950191803,0.034087343601541545,0.029749126912263318,0.038630456474439835,0.5752048989045621,0.5666375691833099,0.5828408287465574,0.004660799076780677,0.0014158227316569535,0.00807146411910653,0.1847458653909323,0.16359308179058893,0.20769895419676893,0.07237129679433554,0.038708757701081564,0.10469675436951612,0.172,0.128,0.216,0.6082656754391015,0.46538087463797023,0.7840906645763616,0.6082656754391015,0.45320064215691286,0.780357323894372,0.20878694038745016,0.1767423203262966,0.24366818817914462,0.116,0.076,0.156,True
transport_anchor_only,False,1.0,0.0,5.0,250,0.2539249732429162,0.22200533671086886,0.28621211357564896,0.3246736073331548,0.284099793432996,0.36699646927609125,0.10522481159197351,0.09664184079907306,0.11466913845447887,0.5521467294271787,0.5462014188347956,0.5584101348689994,0.004660799076780677,0.0014158227316569535,0.00807146411910653,0.1847458653909323,0.16359308179058893,0.20769895419676893,0.025445413115833468,0.005960494178356899,0.04349505214344867,0.12,0.08,0.164,0.8622680239041367,0.76986708063195,0.9632989386369659,0.2338129215184359,0.044286288859129365,0.4413184884758175,-0.027774758392944934,-0.060436887925688645,0.0046307786286808456,-0.072,-0.116,-0.032,False
mediation_aware_recourse,False,1.0,0.5,5.0,250,0.2489191161300987,0.21672372838121373,0.28098061155364845,0.3253682263569546,0.2828448115175836,0.3683294322008293,0.09818560042603525,0.08976659837680645,0.10693580029326813,0.5533525861144066,0.5473969726494551,0.5592688413999578,0.004660799076780677,0.0014158227316569535,0.00807146411910653,0.1847458653909323,0.16359308179058893,0.20769895419676893,0.01707621206195066,-0.0016562581143232797,0.035862709114667206,0.116,0.076,0.156,0.9075691787428288,0.8049349354714238,0.9917246111735031,0.27911407635712804,0.08226642248925906,0.47245576493935515,-0.032780615505762396,-0.06830092390195933,0.0002559943269821784,-0.076,-0.12,-0.032,False
mediation_aware_recourse,False,1.0,1.0,5.0,250,0.24179683446418493,0.20863906050160294,0.27338547506041355,0.334066948079541,0.28907965567956184,0.37791371538746016,0.08985915109134894,0.08233317831767172,0.09801314177527716,0.5541853386680285,0.5480668619876603,0.5601933256708781,0.004660799076780677,0.0014158227316569535,0.00807146411910653,0.1847458653909323,0.16359308179058893,0.20769895419676893,0.009666116455403884,-0.010901366275431729,0.02981578560220314,0.128,0.084,0.172,0.9476788482656981,0.8409515480749405,0.9976411230668215,0.31922374587999736,0.12259817587910625,0.4910679751441793,-0.03990289717167616,-0.07633647027192637,-0.0037205090820440117,-0.064,-0.108,-0.02390000000000009,False
mediation_aware_recourse,False,1.0,2.0,5.0,250,0.23875569391157478,0.20489682707797036,0.27124206610396506,0.34339758513699975,0.2992528409031787,0.3895879730872637,0.07536323416923509,0.06866870206176841,0.08272467616120245,0.5571284743380547,0.5509091201817691,0.5636265261891584,0.004660799076780677,0.0014158227316569535,0.00807146411910653,0.1847458653909323,0.16359308179058893,0.20769895419676893,-0.010917946709690861,-0.03578243488022515,0.01106063472342245,0.156,0.108,0.2,0.9409028901048049,0.8039516405089445,0.9960961030497008,0.3124477877191041,0.14918196349776922,0.4683884878038575,-0.042944037724286316,-0.08016522037544055,-0.00442520144496812,-0.036,-0.084,0.004,False
mediation_aware_recourse,False,1.0,5.0,5.0,250,0.3087803470664658,0.2736758231066051,0.3415423640442663,0.32541914644298764,0.28213580014674666,0.37334230781623845,0.0434463024685482,0.038821379433086084,0.048681944998204676,0.5688467847458522,0.5615225053142805,0.575518153520306,0.004660799076780677,0.0014158227316569535,0.00807146411910653,0.1847458653909323,0.16359308179058893,0.20769895419676893,-0.09515409517700223,-0.12546879545890727,-0.066371372399133,0.22,0.168,0.272,0.4849460096135251,0.31388796751565473,0.6395267641352764,-0.14350909277217572,-0.32641617345643753,0.054421751731084524,0.027080615430604665,-0.015306805874896235,0.0691163225436816,0.028,-0.024,0.08,False
mediation_aware_recourse,False,1.0,8.34825211619237,5.0,250,0.3876345586362295,0.3474991642487934,0.4277789500316256,0.3066466617960619,0.2638133017114854,0.356540440464652,0.024330752424824034,0.021477444064995153,0.027302516626948294,0.5821320537495612,0.5749778255851665,0.5890067906543512,0.004660799076780677,0.0014158227316569535,0.00807146411910653,0.1847458653909323,0.16359308179058893,0.20769895419676893,-0.15540130418889467,-0.18328349582892586,-0.12416464189613276,0.304,0.248,0.364,0.15883744483235362,-0.03505089105910026,0.3207649212353653,-0.46961765755334717,-0.6813210479683385,-0.2572266630882934,0.10593482700036838,0.05488821812345413,0.15742557897444348,0.112,0.052,0.168,True
transport_anchor_only,False,3.0,0.0,5.0,250,0.5215055693336762,0.4775241997874109,0.5637909934503957,0.07009696284752351,0.052767121115164045,0.09235022272144382,0.10365537569682486,0.09648978376809488,0.11108463753701178,0.5965975268562635,0.5889937017824054,0.6042666114708383,0.004660799076780677,0.0014158227316569535,0.00807146411910653,0.1847458653909323,0.16359308179058893,0.20769895419676893,-0.17417657798278874,-0.19776037472189625,-0.15250102662306697,0.304,0.244,0.36,0.05720987252287557,-0.1641428172514305,0.22172526707188275,0.29115323636294144,0.17753861432810927,0.403960354725341,-0.02408518385095522,-0.054561165252781936,0.0052915483449585705,-0.112,-0.164,-0.06,False
mediation_aware_recourse,False,3.0,0.5,5.0,250,0.5215426606130786,0.47747432383128907,0.5645924668172607,0.06913700967824045,0.05052271494277557,0.09086732809501795,0.0944610090511234,0.08763539986997221,0.10134343978754858,0.5976269549842675,0.5901715602851908,0.6050208546514312,0.004660799076780677,0.0014158227316569535,0.00807146411910653,0.1847458653909323,0.16359308179058893,0.20769895419676893,-0.19171396127291007,-0.21525866623916948,-0.17024686303294842,0.328,0.272,0.388,-0.03771719527921724,-0.26277343107555134,0.14315319434185225,0.19622616856084862,0.09104115529567136,0.30989050075931707,-0.024048092571552843,-0.05649995801037876,0.009071890307660214,-0.088,-0.144,-0.032,False
mediation_aware_recourse,False,3.0,1.0,5.0,250,0.5194249695879407,0.47505556682089806,0.5626089561474277,0.07212602931156079,0.05170224718415237,0.0952325227559623,0.08682400584754094,0.08069329808217808,0.0930508382779207,0.5974153900770347,0.5899631376408935,0.6048516363889276,0.004660799076780677,0.0014158227316569535,0.00807146411910653,0.1847458653909323,0.16359308179058893,0.20769895419676893,-0.20395800738468517,-0.227243498467387,-0.18310492182585458,0.328,0.268,0.388,-0.10399227042564085,-0.3294989972203789,0.07340037763895653,0.129951093414425,0.03126498312511878,0.24329377803315558,-0.026165783596690743,-0.05870170332230627,0.0061225388849386764,-0.088,-0.14409999999999998,-0.031900000000000095,False
mediation_aware_recourse,False,3.0,2.0,5.0,250,0.5231057489411906,0.4787414960339316,0.5655087693010574,0.0748178259697152,0.05213799134900801,0.09981689524653675,0.07419023316663671,0.06886086394511567,0.07992706152948785,0.5988092606433233,0.5916051033432583,0.6062307952639957,0.004660799076780677,0.0014158227316569535,0.00807146411910653,0.1847458653909323,0.16359308179058893,0.20769895419676893,-0.22321025633298683,-0.24674402924667319,-0.2028493882536575,0.332,0.276,0.388,-0.20820163342038422,-0.43956729386356325,-0.02874055129106624,0.02574173041968164,-0.07653681896387265,0.1362807328623581,-0.022485004243440927,-0.05819061422911473,0.011865028472186531,-0.084,-0.14,-0.028,False
mediation_aware_recourse,False,3.0,5.0,5.0,250,0.5624082022458314,0.5236279622335219,0.5994868862203787,0.09016018159110624,0.0625910319958399,0.12000613536223353,0.04189281241522125,0.03794944781441474,0.04543389271308776,0.6035318761813641,0.5966906532455086,0.6100089839321275,0.004660799076780677,0.0014158227316569535,0.00807146411910653,0.1847458653909323,0.16359308179058893,0.20769895419676893,-0.2722256158834553,-0.29198574626516133,-0.25033374612697834,0.408,0.3479,0.46809999999999996,-0.4735139826128778,-0.7226196573872263,-0.29767692718703836,-0.23957061877281194,-0.3803917426242772,-0.11270306729021215,0.016817449061200022,-0.029902907992200925,0.06400568110916065,-0.008,-0.072,0.052,False
mediation_aware_recourse,False,3.0,8.34825211619237,5.0,250,0.6144465343505144,0.5737550184317399,0.6559849601076799,0.10082936395350404,0.07101285479049115,0.1332192833556775,0.026749275482086155,0.024068095937548724,0.029325954496178534,0.6069059740197659,0.6001649877195756,0.6133333106689255,0.004660799076780677,0.0014158227316569535,0.00807146411910653,0.1847458653909323,0.16359308179058893,0.20769895419676893,-0.3073687018308298,-0.32801232841035316,-0.2851367657146794,0.448,0.388,0.512,-0.6637379200905034,-0.9162126999250554,-0.4768549659043935,-0.4297945562504375,-0.5898092330281658,-0.2967758345519921,0.06885578116588295,0.017039528001798317,0.12523127749030244,0.032,-0.0321,0.1,True
transport_anchor_only,False,10.0,0.0,5.0,250,0.6331593275708146,0.5884619997188681,0.6769972297333763,0.018580965836988882,0.012778477887771394,0.025470875828099555,0.09297624679785138,0.08713956028674666,0.09900559722546266,0.6185605533285936,0.6116536909747222,0.6248843893335858,0.004660799076780677,0.0014158227316569535,0.00807146411910653,0.1847458653909323,0.16359308179058893,0.20769895419676893,-0.24510711486580475,-0.2696818141849029,-0.2235383896651169,0.54,0.476,0.604,-0.3267258476780781,-0.591679289207281,-0.12482278274868042,0.061709659845161635,-0.010692564464644443,0.13768583541293727,0.0309489009026438,0.01812144872136414,0.04398465531570837,-0.08,-0.1321,-0.032,False
mediation_aware_recourse,False,10.0,0.5,5.0,250,0.6337721046549268,0.5902371624202933,0.6768356068436872,0.018307745882140323,0.012600735800663624,0.025363840389138068,0.08627105464828824,0.08089929859029256,0.09196442684897609,0.6192261395684878,0.6123558937696318,0.6256374193965891,0.004660799076780677,0.0014158227316569535,0.00807146411910653,0.1847458653909323,0.16359308179058893,0.20769895419676893,-0.25438515938061684,-0.27811876731269647,-0.233429362845655,0.532,0.468,0.596,-0.376946427690406,-0.64289605260243,-0.17458048974928236,0.01148907983283376,-0.05249074578927318,0.08419438034182193,0.031561677986755965,0.019313724121823906,0.04463584070987999,-0.088,-0.14,-0.04,False
mediation_aware_recourse,False,10.0,1.0,5.0,250,0.6369087922684848,0.5928276626044185,0.6790860981060773,0.018199572257546762,0.01246870542433382,0.025265540044479774,0.0814693192989976,0.07622899036658498,0.08690324963767321,0.6194963711102804,0.6127752794511914,0.6258963534789485,0.004660799076780677,0.0014158227316569535,0.00807146411910653,0.1847458653909323,0.16359308179058893,0.20769895419676893,-0.2609061524352467,-0.28524324869115975,-0.23879587095776464,0.548,0.484,0.612,-0.4122435264418778,-0.6820432207208125,-0.20098309853418858,-0.02380801891863804,-0.09162921553549236,0.055478428497658064,0.03469836560031399,0.02187969510223484,0.04822546009748476,-0.072,-0.124,-0.024,False
mediation_aware_recourse,False,10.0,2.0,5.0,250,0.650423658547923,0.6073296601864276,0.6920296591398888,0.018425793426686623,0.012633086347061943,0.025393786371493483,0.0714654436025935,0.06708638495528331,0.07669645866037497,0.6192480475890637,0.6124798525507054,0.6258689719931682,0.004660799076780677,0.0014158227316569535,0.00807146411910653,0.1847458653909323,0.16359308179058893,0.20769895419676893,-0.28161123959573264,-0.3059683424951724,-0.25967798946666787,0.548,0.484,0.6080999999999999,-0.5243168717190392,-0.8033720882120351,-0.3085775815923448,-0.13588136419579944,-0.21931254642816292,-0.051570694555797915,0.04821323187975213,0.033525019265071024,0.06320348944019061,-0.072,-0.12409999999999999,-0.024,False
mediation_aware_recourse,False,10.0,5.0,5.0,250,0.7087233222494833,0.6664602044762112,0.7470806321119889,0.01768371229773875,0.0117661103721637,0.024426702467832632,0.04666324327473049,0.04312917593703747,0.050051177756816445,0.6258068568170071,0.61933337223953,0.6323556726028722,0.004660799076780677,0.0014158227316569535,0.00807146411910653,0.1847458653909323,0.16359308179058893,0.20769895419676893,-0.3280753743678864,-0.346965434880954,-0.30812322530964026,0.596,0.536,0.652,-0.7758198467590118,-1.0850371825715408,-0.555829469683076,-0.3873843392357721,-0.5020839644097332,-0.28527236907154674,0.10651289558131248,0.08506649537457851,0.12884316028427564,-0.024,-0.092,0.032,False
mediation_aware_recourse,False,10.0,8.34825211619237,5.0,250,0.7804457008391619,0.7429628329470754,0.8178972283098846,0.01652403519702157,0.010821652378725354,0.023344295139176494,0.03247574599985906,0.029317876576309493,0.03550763739626093,0.6324261813513438,0.6265994053382277,0.6385672004379233,0.004660799076780677,0.0014158227316569535,0.00807146411910653,0.1847458653909323,0.16359308179058893,0.20769895419676893,-0.3640668158368569,-0.38148679028790444,-0.34671428690370476,0.66,0.6,0.72,-0.9706357978105313,-1.2860908906050703,-0.7396059107350044,-0.5822002902872916,-0.7345947863370318,-0.456488744417771,0.17823527417099103,0.15023961167380911,0.20938898754396942,0.04,-0.028,0.1,True
transport_anchor_only,False,30.0,0.0,5.0,250,0.8440002047610469,0.7119974797950009,0.9918988727228251,0.006922599431594414,0.0035666468244706048,0.010509867879404758,0.09033994388973647,0.08462137801878997,0.0964809204623209,0.6217082178445658,0.6143036233665249,0.6283393040617009,0.004660799076780677,0.0014158227316569535,0.00807146411910653,0.1847458653909323,0.16359308179058893,0.20769895419676893,-0.26005338676703127,-0.2843015813669167,-0.23608724185838784,0.74,0.68,0.792,-0.40762764144542096,-0.6787721866022466,-0.19735290192833482,0.052337894022019826,-0.011791140249109077,0.12238675226795752,0.0390857264790684,0.0254998606542591,0.05477144928574562,-0.028,-0.072,0.012,False
mediation_aware_recourse,False,30.0,0.5,5.0,250,0.8473054091823288,0.7153851062208647,0.9965321146017638,0.006884165096161131,0.003523520086414211,0.010522660843047045,0.08353702305210627,0.07792763518873273,0.08953684390677151,0.6215349695877234,0.6142328927999139,0.6283123785647552,0.004660799076780677,0.0014158227316569535,0.00807146411910653,0.1847458653909323,0.16359308179058893,0.20769895419676893,-0.27046636351421877,-0.295654290597664,-0.24556280983317422,0.744,0.684,0.7960999999999999,-0.4639914292095102,-0.7375467732887719,-0.2559889362930704,-0.0040258937420694085,-0.07263904911157242,0.06974042200883553,0.04239093090035021,0.028140129804983736,0.05794272364065982,-0.024,-0.068,0.016,False
mediation_aware_recourse,False,30.0,1.0,5.0,250,0.8491009765528142,0.7187038075453369,0.9980216720486176,0.006823829144203772,0.0034802560750506794,0.010481230258947167,0.07806866641683363,0.07271856865324855,0.08341724729133383,0.6223239864691098,0.6151452672150036,0.628974712114374,0.004660799076780677,0.0014158227316569535,0.00807146411910653,0.1847458653909323,0.16359308179058893,0.20769895419676893,-0.2782459201327244,-0.3029915630690284,-0.25395210556010195,0.748,0.6919,0.8,-0.506100932456274,-0.7763551884872429,-0.2930041359407865,-0.04613539698883318,-0.11797761962247025,0.026300456549273748,0.044186498270835727,0.02907789125753334,0.06028534422066295,-0.02,-0.064,0.02,False
mediation_aware_recourse,False,30.0,2.0,5.0,250,0.8612987874727697,0.7320028445510776,1.0053514859624904,0.006720274575317588,0.0033250684037520817,0.010379379248895775,0.06831507112981487,0.06315548612691595,0.0735318264099467,0.6232266092979908,0.6158884555538396,0.6298593492751121,0.004660799076780677,0.0014158227316569535,0.00807146411910653,0.1847458653909323,0.16359308179058893,0.20769895419676893,-0.297052295086002,-0.3217726571465671,-0.27238811435922305,0.756,0.6999,0.808,-0.6078968503972915,-0.8969428065469823,-0.38482898623455886,-0.14793131492985068,-0.23178315055693538,-0.07087647467235039,0.0563843091907911,0.04130782735582907,0.0741446884138044,-0.012,-0.052099999999999994,0.028,False
mediation_aware_recourse,False,30.0,5.0,5.0,250,0.9067706776033155,0.7775288635230739,1.0513919022684801,0.006760467155393525,0.003426612805958113,0.010466968484143146,0.047526731504305954,0.04349838903676253,0.05187865205472047,0.6283337986910345,0.6216804848133524,0.6348399411860605,0.004660799076780677,0.0014158227316569535,0.00807146411910653,0.1847458653909323,0.16359308179058893,0.20769895419676893,-0.3372951507225706,-0.3588230261781387,-0.3161878095198553,0.768,0.712,0.82,-0.8257250304835548,-1.1320907262616275,-0.6073794492844858,-0.36575949501611404,-0.4857025956119331,-0.25760510334711295,0.10185619932133705,0.08074718763976126,0.1241107769866474,0.0,-0.048,0.048,False
mediation_aware_recourse,False,30.0,8.34825211619237,5.0,250,0.962979205802083,0.8404019648216665,1.1054165758844465,0.00690565587852835,0.0035584246034317613,0.010697842505156461,0.033209809832850566,0.029935711833669828,0.036539910798338404,0.6343900108393034,0.628226550196419,0.640457711455534,0.004660799076780677,0.0014158227316569535,0.00807146411910653,0.1847458653909323,0.16359308179058893,0.20769895419676893,-0.3689162622872282,-0.38832616851034163,-0.3508359688025829,0.792,0.736,0.844,-0.9968850805217282,-1.3195655638610357,-0.7643103883912893,-0.5369195450542874,-0.6805588110879583,-0.40971557230057215,0.1580647275201045,0.1292406817280105,0.18883223429073112,0.024,-0.024,0.072,True
transport_anchor_only,False,0.0,0.0,10.0,250,0.3538370559285395,0.32090788171453166,0.3868069816334988,0.49453596147839407,0.45839854273529457,0.5307801242414458,0.1047811491888894,0.09641014895579235,0.1127532588944773,0.5198207661668459,0.5147446782803934,0.5245319650675654,0.004660799076780677,0.0014158227316569535,0.00807146411910653,0.1847458653909323,0.16359308179058893,0.20769895419676893,0.14363134288649745,0.1267155386561705,0.16005817169046552,0.036,0.016,0.06,0.22254637427167467,0.15453535846356492,0.29253557703499283,0.22254637427167467,0.14679756233709101,0.29545153775300287,0.3538370559285395,0.32090788171453166,0.3868069816334988,-0.02,-0.048,0.004,False
mediation_aware_recourse,False,0.0,0.5,10.0,250,0.34275419553322717,0.3117399685854325,0.3745374194973032,0.49647004206559553,0.46109832751407515,0.5331339896152556,0.10220242743841644,0.0938845675767435,0.11036083818049111,0.521000235654513,0.5161468098200956,0.5259323976066311,0.004660799076780677,0.0014158227316569535,0.00807146411910653,0.1847458653909323,0.16359308179058893,0.20769895419676893,0.14295039687717517,0.12662371405341827,0.15993713581230043,0.036,0.016,0.06,0.22623222676900312,0.15642478033273965,0.29856254469806953,0.22623222676900312,0.14708476157147704,0.3020234456081773,0.34275419553322717,0.3117399685854325,0.3745374194973032,-0.02,-0.048,0.004,False
mediation_aware_recourse,False,0.0,1.0,10.0,250,0.3362181016183458,0.30339349981951524,0.36824343371568247,0.499387638512782,0.4637677836734008,0.5371785914095195,0.09918808913466037,0.0910296386823108,0.10687873816527362,0.5218908379451433,0.5170349720758598,0.5271260537410478,0.004660799076780677,0.0014158227316569535,0.00807146411910653,0.1847458653909323,0.16359308179058893,0.20769895419676893,0.14186622439021182,0.1250162659574264,0.1592864705658376,0.036,0.016,0.06,0.23210068008821105,0.1589217363046114,0.30601264441495046,0.23210068008821105,0.15516692531748144,0.30476907136006265,0.3362181016183458,0.30339349981951524,0.36824343371568247,-0.02,-0.048,0.004,False
mediation_aware_recourse,False,0.0,2.0,10.0,250,0.3168520788582973,0.2843734929884784,0.3497270458139596,0.5044603343856164,0.46780244219067435,0.5421783416529751,0.09228845430291278,0.08418157754170227,0.100427753207553,0.5248601453173161,0.5197590067587694,0.5300595726920366,0.004660799076780677,0.0014158227316569535,0.00807146411910653,0.1847458653909323,0.16359308179058893,0.20769895419676893,0.13906643387323003,0.12059596608377239,0.1571359352158205,0.048,0.024,0.076,0.24725550106922345,0.17009320872730374,0.33138719748523926,0.24725550106922345,0.1663571480017268,0.325988152123705,0.3168520788582973,0.2843734929884784,0.3497270458139596,-0.008,-0.036,0.02,False
mediation_aware_recourse,False,0.0,5.0,10.0,250,0.28795173522271217,0.25410323626133613,0.3218677121709101,0.5313123198427477,0.495031672749965,0.5684260801900609,0.06843648211028844,0.06193232524724068,0.07510482021236578,0.5361129040837288,0.5298623820535044,0.5418790477828085,0.004660799076780677,0.0014158227316569535,0.00807146411910653,0.1847458653909323,0.16359308179058893,0.20769895419676893,0.13053899952261808,0.1090620890640602,0.15209641588465056,0.064,0.036,0.096,0.293413147588497,0.20323080253115983,0.393801045903955,0.293413147588497,0.19605794490927766,0.39200808315744967,0.28795173522271217,0.25410323626133613,0.3218677121709101,0.008,-0.02,0.036,False
mediation_aware_recourse,False,0.0,8.34825211619237,10.0,250,0.2902584974975325,0.25242399454280967,0.32710485238527176,0.5295210963689644,0.48914898012685576,0.5692018740115392,0.0466941431120396,0.04141603720852746,0.052093509112317735,0.5501216734170914,0.5435939348357618,0.5564986370973687,0.004660799076780677,0.0014158227316569535,0.00807146411910653,0.1847458653909323,0.16359308179058893,0.20769895419676893,0.09004691108342436,0.06279801901682035,0.11681949253441555,0.124,0.084,0.164,0.5125903852144122,0.3891996296254098,0.648481773472675,0.5125903852144122,0.3818903878990069,0.6574810643827662,0.2902584974975325,0.25242399454280967,0.32710485238527176,0.068,0.0359,0.1,True
transport_anchor_only,False,1.0,0.0,10.0,250,0.38122867556661366,0.3474804432883859,0.417388990132208,0.4076362021303346,0.36731497289725407,0.44736550430250094,0.10572021669092234,0.09739252906271997,0.11396322974219951,0.5222929501855373,0.5174357463620703,0.5271891021318734,0.004660799076780677,0.0014158227316569535,0.00807146411910653,0.1847458653909323,0.16359308179058893,0.20769895419676893,0.08385639343159655,0.0649818104144288,0.10249702454410041,0.064,0.036,0.096,0.5460986731467474,0.45817451690499883,0.6408492700589646,-0.08235642923895337,-0.24371236001737334,0.09531839384786168,0.09952894393075258,0.059260369324055505,0.14587783575664504,-0.128,-0.18,-0.084,False
mediation_aware_recourse,False,1.0,0.5,10.0,250,0.38050786099396644,0.3451549169885344,0.41604259696147633,0.4051120247775765,0.36440451969550386,0.4434705068550688,0.10201409954799874,0.09360194877617695,0.11017940604778752,0.5227275937636694,0.517812795688659,0.5276174424616594,0.004660799076780677,0.0014158227316569535,0.00807146411910653,0.1847458653909323,0.16359308179058893,0.20769895419676893,0.07761556069287792,0.057505917650399536,0.09606675258932044,0.068,0.04,0.1,0.5798793086457488,0.4875122376546022,0.6783275897679565,-0.04857579373995202,-0.2167500545554417,0.1446783353665333,0.09880812935810536,0.05772001972404542,0.1445103607402183,-0.124,-0.176,-0.076,False
mediation_aware_recourse,False,1.0,1.0,10.0,250,0.38609886830253526,0.3511090284628561,0.421905279290711,0.3999422202152377,0.35883738148857874,0.43970898757026666,0.10018018881683861,0.091836771927852,0.10809520527079974,0.5228156146883965,0.5177922526623905,0.527746215816001,0.004660799076780677,0.0014158227316569535,0.00807146411910653,0.1847458653909323,0.16359308179058893,0.20769895419676893,0.07243610418457871,0.05262999294241242,0.09103228722879425,0.064,0.036,0.096,0.607914883338255,0.515512885275511,0.7065241757172251,-0.02054021904744574,-0.18498287899157342,0.16729277606967596,0.10439913666667416,0.06328996588198933,0.1490084613203653,-0.128,-0.18,-0.08,False
mediation_aware_recourse,False,1.0,2.0,10.0,250,0.37012440610537306,0.33397860255910783,0.4044928099284647,0.4017544751115663,0.3623328817585013,0.443385286003694,0.09579755477955777,0.08805948036800368,0.10330184681145248,0.5249289502628645,0.5197994928486843,0.5300949719035427,0.004660799076780677,0.0014158227316569535,0.00807146411910653,0.1847458653909323,0.16359308179058893,0.20769895419676893,0.06678181456487922,0.04725544934997496,0.08570184034416578,0.076,0.044,0.112,0.6385206541777524,0.5421036937248106,0.7360600993303973,0.010065551792051597,-0.15301716410144883,0.2018917864785834,0.08842467446951195,0.0448827624925063,0.13395474162407917,-0.116,-0.1641,-0.068,False
mediation_aware_recourse,False,1.0,5.0,10.0,250,0.37179219859093426,0.33328482896829953,0.41291706951974194,0.38915754160576593,0.34711910489801906,0.4324507726860457,0.06636303116312146,0.060616283174284843,0.07260263072587354,0.5364355343608062,0.5303315726937354,0.5421530635908545,0.004660799076780677,0.0014158227316569535,0.00807146411910653,0.1847458653909323,0.16359308179058893,0.20769895419676893,0.011061757137772982,-0.014709236581498227,0.0338509229883932,0.152,0.108,0.196,0.940124467119382,0.8190786362421573,0.9962898472752627,0.31166936473368123,0.12382728901671455,0.4815691138453494,0.09009246695507318,0.04394749048328959,0.13781555740672627,-0.04,-0.088,0.008,False
mediation_aware_recourse,False,1.0,8.34825211619237,10.0,250,0.39326555087277665,0.35336156591910406,0.4330098043100675,0.36039754121105516,0.3137820877404885,0.41027675732189917,0.04110439168012535,0.03632615085326109,0.045695064042729376,0.5542936657834052,0.5476272128011584,0.5605144758797983,0.004660799076780677,0.0014158227316569535,0.00807146411910653,0.1847458653909323,0.16359308179058893,0.20769895419676893,-0.06579592842899504,-0.09381612365726817,-0.03912966835521231,0.236,0.184,0.288,0.6438570991033155,0.47278316285641375,0.7982331441913042,0.015401996717614663,-0.18385548030272958,0.2229231661240435,0.11156581923691555,0.0626395408327342,0.16209795995585155,0.044,-0.012,0.1,True
transport_anchor_only,False,3.0,0.0,10.0,250,0.5129160618474707,0.46714847613598687,0.5583620848878985,0.17853986777404526,0.14289290222384557,0.2156624254286676,0.10647781308436416,0.09866843734641668,0.11468336491534033,0.5515317516048749,0.5455957079088886,0.5581514729150733,0.004660799076780677,0.0014158227316569535,0.00807146411910653,0.1847458653909323,0.16359308179058893,0.20769895419676893,-0.08011320896649447,-0.10236111143913455,-0.06023127923517323,0.184,0.136,0.232,0.5663599355960115,0.4342279745436442,0.6814909666802024,0.8003032994360774,0.6438789748037036,0.965154938579929,-0.03267469133716076,-0.08261921272273176,0.01985557456664974,-0.232,-0.29209999999999997,-0.164,False
mediation_aware_recourse,False,3.0,0.5,10.0,250,0.510285380599089,0.4651439147748286,0.5533992302935338,0.1736636879705768,0.13952217492929117,0.21170056343866056,0.10084304996529936,0.09309855895184758,0.108803299708269,0.5533971918400129,0.5471222647359074,0.5598893688701492,0.004660799076780677,0.0014158227316569535,0.00807146411910653,0.1847458653909323,0.16359308179058893,0.20769895419676893,-0.09130090741884656,-0.11545521585677422,-0.07071533958473779,0.192,0.144,0.24,0.5058027024006796,0.3679244712922218,0.6269105823991189,0.7397460662407455,0.5782468230129062,0.8973649118742167,-0.0353053725855425,-0.08369206787300063,0.014988434057787513,-0.224,-0.284,-0.156,False
mediation_aware_recourse,False,3.0,1.0,10.0,250,0.5126701085255482,0.46950152952926,0.5545843886619666,0.17173724023442452,0.1376092031608609,0.2095570519881477,0.0959340723673166,0.08847909895357906,0.1036993000160545,0.5541384211198489,0.5481298131207228,0.5609201824682851,0.004660799076780677,0.0014158227316569535,0.00807146411910653,0.1847458653909323,0.16359308179058893,0.20769895419676893,-0.10068681196122423,-0.12542534195990307,-0.0801169330197661,0.196,0.144,0.248,0.4549982932058292,0.3118135314934322,0.5813035443571285,0.688941657045895,0.5345872413115444,0.8508990765844127,-0.032920644659083335,-0.07956875622163061,0.01861726112387841,-0.22,-0.276,-0.156,False
mediation_aware_recourse,False,3.0,2.0,10.0,250,0.5238992156819441,0.4775660019383533,0.5677412050180602,0.16625056302290017,0.13139951883286352,0.20342550178092128,0.08616310790100801,0.07969890859659844,0.09286388244459906,0.5561144017390411,0.5498865059810678,0.5627455225649576,0.004660799076780677,0.0014158227316569535,0.00807146411910653,0.1847458653909323,0.16359308179058893,0.20769895419676893,-0.12370526472720947,-0.14674761575696554,-0.10315443922059755,0.236,0.18,0.288,0.33040306766572336,0.17307471484499307,0.4697328087537404,0.5643464315057892,0.40581415769885626,0.727799674894648,-0.021691537502687423,-0.07212127293570667,0.02843325563155812,-0.18,-0.24,-0.116,False
mediation_aware_recourse,False,3.0,5.0,10.0,250,0.5481000025114044,0.5058638434516965,0.5897808091069223,0.1664512495587735,0.12969958940510193,0.20554476276972677,0.0582606351223379,0.05369687068557976,0.06306563736376421,0.563098631455501,0.5569066335049072,0.5693596348401706,0.004660799076780677,0.0014158227316569535,0.00807146411910653,0.1847458653909323,0.16359308179058893,0.20769895419676893,-0.1784586688743338,-0.2002302798728449,-0.15527110308246034,0.28,0.22,0.34,0.03403159525813726,-0.1295920008314166,0.16840424720316005,0.2679749590982031,0.109920453911362,0.4438780400754634,0.002509249326772988,-0.053066785091604105,0.05702261156289605,-0.136,-0.204,-0.076,False
mediation_aware_recourse,False,3.0,8.34825211619237,10.0,250,0.6006483075162395,0.5573855699700769,0.6437254291872494,0.1573060451368792,0.12104805313631956,0.1981700399690886,0.03477398176373785,0.031045028177191816,0.03826126866293915,0.5760558466831844,0.5696431655988593,0.5826238048496942,0.004660799076780677,0.0014158227316569535,0.00807146411910653,0.1847458653909323,0.16359308179058893,0.20769895419676893,-0.2353501257975309,-0.2575581938473431,-0.21156580803591993,0.364,0.304,0.424,-0.2739128169364833,-0.45386479821549686,-0.1243115430944725,-0.03996945309641742,-0.20440868629193848,0.12611377168854931,0.05505755433160812,-0.0005234386548399917,0.11538684559901012,-0.052,-0.12,0.02,True
transport_anchor_only,False,10.0,0.0,10.0,250,0.717003185219597,0.6683961273883703,0.7670348435250227,0.02346059836387611,0.015440634008702724,0.034025064975643275,0.09309505395941203,0.08741218673930158,0.09897996513229566,0.601119727714459,0.5931160342400571,0.609172512623022,0.004660799076780677,0.0014158227316569535,0.00807146411910653,0.1847458653909323,0.16359308179058893,0.20769895419676893,-0.2349569817202988,-0.258017235839496,-0.21386443603237146,0.512,0.444,0.576,-0.2717847905452013,-0.5362431201653985,-0.07459778549835173,0.11665071697803842,0.029193793360241763,0.2082051872870029,0.11479275855142623,0.0854549687977531,0.14299364645315799,-0.108,-0.168,-0.048,False
mediation_aware_recourse,False,10.0,0.5,10.0,250,0.7153367828796617,0.6669919994741679,0.765271914524422,0.02291600806117792,0.015033568739073768,0.033501427606274885,0.08789545916578834,0.08259777334836478,0.09371167270810771,0.6019523949730397,0.5942178544746836,0.6099749977175494,0.004660799076780677,0.0014158227316569535,0.00807146411910653,0.1847458653909323,0.16359308179058893,0.20769895419676893,-0.24514792785466868,-0.2682548655202702,-0.22310332096065602,0.504,0.44,0.568,-0.326946761898689,-0.5987709276675865,-0.12877660754525402,0.061488745624550756,-0.02738532774070939,0.152857992987552,0.11312635621149093,0.08644949099271325,0.14152579271993598,-0.116,-0.18,-0.055900000000000095,False
mediation_aware_recourse,False,10.0,1.0,10.0,250,0.7059598878077231,0.6593914988368866,0.7530357278779498,0.022998268828724584,0.015023646120119588,0.03366626987191273,0.08455811504564847,0.07926057193328757,0.08990636997102919,0.6030370064687729,0.5954816255607008,0.6106969851926465,0.004660799076780677,0.0014158227316569535,0.00807146411910653,0.1847458653909323,0.16359308179058893,0.20769895419676893,-0.2509641608044453,-0.2742971996542369,-0.22914959673060614,0.508,0.444,0.5720999999999998,-0.35842910623949,-0.6267674810823516,-0.15922203082561248,0.030006401283749762,-0.05444843575552378,0.12051589799410735,0.1037494611395523,0.07708336056879488,0.13036868529327914,-0.112,-0.18,-0.052,False
mediation_aware_recourse,False,10.0,2.0,10.0,250,0.7066802974077873,0.661463014318957,0.7530809850028367,0.022956217158556887,0.014891927945194802,0.03355495985830529,0.07989543774724152,0.07523247379463141,0.08525993133397297,0.6036574053200086,0.5960131491239866,0.6114017418085138,0.004660799076780677,0.0014158227316569535,0.00807146411910653,0.1847458653909323,0.16359308179058893,0.20769895419676893,-0.2536647761542664,-0.27692927388463784,-0.2318320461748468,0.524,0.46,0.588,-0.373047107806705,-0.6467842731444877,-0.1734645020781189,0.015388399716534717,-0.06972299759589405,0.109423933767217,0.10446987073961646,0.0774954696440138,0.13079469526815227,-0.096,-0.16,-0.036,False
mediation_aware_recourse,False,10.0,5.0,10.0,250,0.7472070036898367,0.7026556618571049,0.7932060086638667,0.021164895399295294,0.013383595095356143,0.03149569289937507,0.058474384214516076,0.05454763552804344,0.06245175111699358,0.6087079416402181,0.6011618205159207,0.616135193081965,0.004660799076780677,0.0014158227316569535,0.00807146411910653,0.1847458653909323,0.16359308179058893,0.20769895419676893,-0.2927409346040274,-0.31494352390408026,-0.2714104568515759,0.556,0.492,0.6160999999999999,-0.5845601414925938,-0.8590023727024736,-0.37458529432504983,-0.1961246339693541,-0.2918137738196063,-0.09809010701404407,0.14499657702166588,0.11586479609083618,0.1766752266059746,-0.064,-0.1321,0.0,False
mediation_aware_recourse,False,10.0,8.34825211619237,10.0,250,0.8024959619934671,0.7607198769900017,0.8438111069735139,0.02163377471414413,0.012345029875789728,0.03331367344420397,0.03925277871366349,0.035621425551978704,0.04254845219456765,0.6153840592340629,0.6081737891887128,0.6226605462663175,0.004660799076780677,0.0014158227316569535,0.00807146411910653,0.1847458653909323,0.16359308179058893,0.20769895419676893,-0.3344684278920928,-0.3535356246082293,-0.31405312254397305,0.628,0.568,0.6880999999999998,-0.8104244291710638,-1.1114467734808129,-0.5910151310435444,-0.4219889216478241,-0.5506621413120953,-0.30852321509523734,0.20028553532529622,0.16457144846523877,0.23506763956245266,0.008,-0.064,0.072,True
transport_anchor_only,False,30.0,0.0,10.0,250,0.9287645828495733,0.7969844763774425,1.0777315700746375,0.007356944325376642,0.004020734494466295,0.010991576321757686,0.08775492356947885,0.08188883622479463,0.09338674772454506,0.6084511047196388,0.6008031741959253,0.6157488523848554,0.004660799076780677,0.0014158227316569535,0.00807146411910653,0.1847458653909323,0.16359308179058893,0.20769895419676893,-0.2603532561203699,-0.28445664509706853,-0.23672259731845333,0.736,0.68,0.796,-0.40925078658430736,-0.6811070715002752,-0.1989613486561063,0.05071474888313343,-0.02903924671789695,0.1404950582152343,0.12385010456759482,0.09756037103300914,0.15158734087939374,-0.032,-0.08009999999999999,0.016,False
mediation_aware_recourse,False,30.0,0.5,10.0,250,0.9281400379012339,0.7979697170559549,1.0761562095326138,0.007383509085863691,0.004027647434638828,0.011044635175888634,0.08330410544286247,0.07782442693305294,0.08858638540460001,0.6085249888666472,0.6007678159644205,0.6160169791799286,0.004660799076780677,0.0014158227316569535,0.00807146411910653,0.1847458653909323,0.16359308179058893,0.20769895419676893,-0.26713914782540854,-0.29115892672979493,-0.2436063633318553,0.732,0.672,0.788,-0.44598173961905774,-0.7194630762305707,-0.23759435392848946,0.013983795848383052,-0.07213171854279414,0.11126422346511512,0.12322555961925537,0.09606422364655881,0.15152545525025343,-0.036,-0.088,0.012,False
mediation_aware_recourse,False,30.0,1.0,10.0,250,0.9284772993396037,0.7970741441281513,1.0780303043540216,0.0072780726830939686,0.003940501385665282,0.01091989565029088,0.08146860406835421,0.07598433790635996,0.08700725444173579,0.6089453420253594,0.601208699626734,0.6162076247908571,0.004660799076780677,0.0014158227316569535,0.00807146411910653,0.1847458653909323,0.16359308179058893,0.20769895419676893,-0.27074514730856036,-0.2939481116982876,-0.24799116142735905,0.732,0.672,0.788,-0.4655004415695523,-0.7461954327051744,-0.24795625275921732,-0.005534906102111492,-0.09118160931397785,0.08241460811422102,0.12356282105762512,0.09661253875527764,0.15154282598801655,-0.036,-0.088,0.016,False
mediation_aware_recourse,False,30.0,2.0,10.0,250,0.931372001146432,0.801063848047168,1.0771487598894163,0.0071962518608118045,0.003880277641160073,0.01081177089350466,0.07660892590344553,0.07162184704366684,0.08209210054016072,0.609565444669326,0.6018498609473606,0.6169806521975993,0.004660799076780677,0.0014158227316569535,0.00807146411910653,0.1847458653909323,0.16359308179058893,0.20769895419676893,-0.277721615615152,-0.3000256280105391,-0.2540640793049075,0.724,0.664,0.78,-0.5032629554522261,-0.7769787929235209,-0.2919392373478915,-0.04329741998478531,-0.13119638812538578,0.04436805608141803,0.1264575228644535,0.09991335081430151,0.15473276785993947,-0.044,-0.096,0.008,False
mediation_aware_recourse,False,30.0,5.0,10.0,250,0.9426513490672224,0.8132505636949324,1.0834502688461332,0.007201968594893218,0.0038436428342313637,0.010933705592271057,0.05786434623913614,0.05387277393551028,0.062196312270484534,0.6149573334149521,0.6079186440883974,0.62221927050368,0.004660799076780677,0.0014158227316569535,0.00807146411910653,0.1847458653909323,0.16359308179058893,0.20769895419676893,-0.30535979824283654,-0.3276650251809339,-0.2826243644139525,0.752,0.696,0.804,-0.6528640443274798,-0.9393901660939719,-0.42722474283837797,-0.192898508860039,-0.2897039702253949,-0.10169813980648969,0.1377368707852438,0.1112999473928241,0.16533948022000255,-0.016,-0.064,0.032,False
mediation_aware_recourse,False,30.0,8.34825211619237,10.0,250,1.0023686234946363,0.8801577240964631,1.1447067759144702,0.006817942152781761,0.003503714275692842,0.010580620102357592,0.03962290280736131,0.03581513439591952,0.042966926007131555,0.6222337573564053,0.6155186045631766,0.6291542687493762,0.004660799076780677,0.0014158227316569535,0.00807146411910653,0.1847458653909323,0.16359308179058893,0.20769895419676893,-0.34660596939660926,-0.3659498163689734,-0.3257003140676835,0.8,0.748,0.852,-0.876123011809613,-1.1827955831989743,-0.6481614274370616,-0.41615747634217226,-0.5343882360242874,-0.3038898841689848,0.19745414521265775,0.16549699506014584,0.22898673468321795,0.032,-0.016,0.08409999999999991,True
